code,name,date,open,high,low,close,volume,amount,turnover,raw_open,raw_high,raw_low,raw_close,raw_prev_date,raw_prev_close,scale
000001,平安银行,2026-08-26,1637.5030901035218,1665.8581219667863,1633.2498353240321,1663.0226187804599,116728878.0,1363009730.0,0.006015189778363233,11.55,11.75,11.52,11.73,2026-08-25,11.59,141.77515931632223
000002,万  科Ａ,2026-08-26,486.3805403944904,497.4346435852743,484.80138279580694,494.2763283879074,97689014.0,305325842.0,0.01005347934340822,3.08,3.15,3.07,3.13,2026-08-25,3.09,157.91575986834104
000006,深振业Ａ,2026-08-26,357.8025514484848,365.4153716920696,357.2950300989125,360.84767954591877,15272397.0,108600710.0,0.01131292818092312,7.05,7.2,7.04,7.11,2026-08-25,7.15,50.75213495723189
000007,全新好,2026-08-26,138.2262756995196,140.38606125732457,135.20257591859257,136.06649014171458,10737800.0,136333818.0,0.03099396918517456,12.8,13.0,12.52,12.6,2026-08-25,12.82,10.798927789024967
000008,神州高铁,2026-08-26,66.37493195057719,66.37493195057719,65.32136160215533,65.84814677636626,32019097.0,79946358.0,0.01178777488831788,2.52,2.52,2.48,2.5,2026-08-25,2.51,26.339258710546506
000009,中国宝安,2026-08-26,71.87620217168046,73.16501683131058,71.5787834040735,71.67792299327583,22450762.0,163466704.0,0.008715288680751998,7.25,7.38,7.22,7.23,2026-08-25,7.26,9.913958920231787
000011,深物业A,2026-08-26,35.95501809812111,36.44389967918332,35.599467857348586,36.13279321850737,6029000.0,48849183.0,0.01145162406907855,8.09,8.2,8.01,8.13,2026-08-25,8.1,4.444378009656503
000012,南  玻Ａ,2026-08-26,137.7387714884569,139.57528844163633,137.37146809782104,138.84068166036457,13531905.0,51082138.0,0.00690644126314904,3.75,3.8,3.74,3.78,2026-08-25,3.75,36.73033906358851
000014,沙河股份,2026-08-26,114.3004162757434,122.21352201791024,113.97070353648644,118.03716065398886,11970680.0,128400721.0,0.04945617329688234,10.4,11.12,10.37,10.74,2026-08-25,10.42,10.990424641898404
000017,深中华A,2026-08-26,27.789886694902453,29.738951146354893,26.689608375534146,29.738951146354893,106275699.0,961828274.0,0.24108531519112122,8.84,9.46,8.49,9.46,2026-08-25,8.6,3.143652341052314
000019,深粮控股,2026-08-26,41.33539802909353,43.593477435842196,41.33539802909353,42.96623315618979,31303900.0,212679094.0,0.07521198963673306,6.59,6.95,6.59,6.85,2026-08-25,6.65,6.272442796524056
000020,深华发Ａ,2026-08-26,29.765128170071108,30.448571334704567,29.36448907356184,29.953664215487237,17251142.0,219335144.0,0.09522316544444186,12.63,12.92,12.46,12.71,2026-08-25,12.69,2.356700567701592
000021,深科技,2026-08-26,592.1649457015221,594.3965228858616,572.2401494127764,577.5002956330052,56203142.0,2045580290.0,0.0357036767610988,37.15,37.29,35.9,36.23,2026-08-25,36.82,15.939837030996557
000025,特  力Ａ,2026-08-26,43.59354740980514,45.3858184924347,43.01450598310944,44.007148428873506,16391240.0,263838461.0,0.0417315293776907,15.81,16.46,15.6,15.96,2026-08-25,16.0,2.7573401271224
000026,飞亚达,2026-08-26,191.22421566863844,193.66138704480738,187.19350916189754,189.0682563743352,8360100.0,169705017.0,0.022939715814729974,20.4,20.66,19.97,20.17,2026-08-25,20.25,9.37373606218816
000027,深圳能源,2026-08-26,146.83286897363385,153.45335259885405,146.59642312987597,151.56178584879112,64918176.0,413066766.0,0.013645754740780848,6.21,6.49,6.2,6.41,2026-08-25,6.17,23.644584375786447
000028,国药一致,2026-08-26,110.24212353782566,111.57435463798066,110.02008502113317,111.35231612128815,2433723.0,48708171.0,0.004628098032561577,19.86,20.1,19.82,20.06,2026-08-25,19.87,5.550962917312471
000029,深深房Ａ,2026-08-26,49.51260523581046,50.766924568450996,49.09449879159695,50.19477890794829,4333737.0,98808834.0,0.004860302133100061,22.5,23.07,22.31,22.81,2026-08-25,22.52,2.200560232702687
000030,富奥股份,2026-08-26,18.067185061548447,18.23486195307094,17.857588947145334,17.899508170025957,8358800.0,36002184.0,0.005002555290256382,4.31,4.35,4.26,4.27,2026-08-25,4.31,4.191922288062285
000031,大悦城,2026-08-26,39.475946440347066,40.55747921953466,39.475946440347066,40.01671282994087,26477290.0,58869977.0,0.006177183342524113,2.19,2.25,2.19,2.22,2026-08-25,2.19,18.025546319793182
000032,深桑达Ａ,2026-08-26,67.06742915289774,67.76701986033407,65.90144464050383,67.207347294385,24029055.0,345124853.0,0.01977408171986233,14.38,14.53,14.13,14.41,2026-08-25,14.33,4.663938049575642
000034,神州数码,2026-08-26,101.83850697535715,103.1136868986237,101.61864836789739,102.36616763326055,11573103.0,269521953.0,0.013629078990969254,23.16,23.45,23.11,23.28,2026-08-25,23.24,4.397172149195041
000035,中国天楹,2026-08-26,20.723735570586246,20.9940451649852,20.588580773386774,20.903941966852212,23167215.0,106985928.0,0.010015977997664727,4.6,4.66,4.57,4.64,2026-08-25,4.6,4.505159906649184
000036,华联控股,2026-08-26,43.0621650118389,44.01910201210199,42.95583867847634,43.27481767856404,20605030.0,84318321.0,0.014686604171684745,4.05,4.14,4.04,4.07,2026-08-25,4.06,10.63263333625652
000037,深南电A,2026-08-26,49.12259868844636,52.63885308174327,48.75522882646012,50.749522362956874,22910707.0,220146100.0,0.06760152271345496,9.36,10.03,9.29,9.67,2026-08-25,9.39,5.248140885517774
000039,中集集团,2026-08-26,429.9939491891913,433.75345912745746,424.354684281792,429.9939491891913,25025497.0,229154764.0,0.010873998152767529,9.15,9.23,9.03,9.15,2026-08-25,9.1,46.993874228326916
000042,中洲控股,2026-08-26,111.8898797805689,118.69940707031714,111.8898797805689,115.09436321103864,9174502.0,79148550.0,0.013814062149672648,8.38,8.89,8.38,8.62,2026-08-25,8.44,13.352014293623974
000045,深纺织Ａ,2026-08-26,34.102066702188324,35.05110380892826,33.690817289267684,33.81735557016634,10900850.0,117825534.0,0.023851923105759436,10.78,11.08,10.65,10.69,2026-08-25,10.77,3.1634570224664493
000048,京基智农,2026-08-26,234.7272784625777,244.11636960108078,231.45201411193707,243.4613167309527,11610573.0,253104347.0,0.021935599238809923,21.5,22.36,21.2,22.3,2026-08-25,21.5,10.91754783546873
000049,德赛电池,2026-08-26,221.37202982138277,224.78943679975745,221.27710184976124,223.84015708354227,5431162.0,127884611.0,0.014123978179122807,23.32,23.68,23.31,23.58,2026-08-25,23.38,9.49279716215192
000050,深天马Ａ,2026-08-26,53.82360513686865,55.05998197768493,53.74118001414756,54.40058099591624,19412344.0,128405107.0,0.00796974744051059,6.53,6.68,6.52,6.6,2026-08-25,6.54,8.242512272108522
000055,方大集团,2026-08-26,35.44187863079831,35.73722761938829,35.14652964220832,35.54032829366163,7590950.0,27345917.0,0.011231634615802746,3.6,3.63,3.57,3.61,2026-08-25,3.59,9.844966286332863
000058,深 赛 格,2026-08-26,31.39654590373053,31.894903775218317,31.2606301205975,31.305935381641845,6141311.0,42756835.0,0.006236483771115743,6.93,7.04,6.9,6.91,2026-08-25,6.95,4.53052610443442
000059,华锦股份,2026-08-26,8.049781858249236,8.326763599608348,8.015159140579348,8.309452240773405,34064140.0,161913243.0,0.02129790134059978,4.65,4.81,4.63,4.8,2026-08-25,4.76,1.7311358834944595
000060,中金岭南,2026-08-26,261.55045550593667,271.0902897493143,261.1529624124626,267.1153588145736,153207549.0,1029167492.0,0.03449753211231441,6.58,6.82,6.57,6.72,2026-08-25,6.56,39.749309347406786
000061,农 产 品,2026-08-26,135.5120288967328,140.70665667110757,134.83446875224914,137.77056271167834,40709683.0,249428908.0,0.022688166405847136,6.0,6.23,5.97,6.1,2026-08-25,6.04,22.585338149455467
000062,深圳华强,2026-08-26,185.86536474139587,186.6171796999004,183.44284987510352,184.77940980133377,9644936.0,213716056.0,0.00923048644774863,22.25,22.34,21.96,22.12,2026-08-25,22.15,8.35349953893914
000063,中兴通讯,2026-08-26,578.3412064176786,583.0136219093832,576.956787012729,580.4178355251029,40270393.0,1349930177.0,0.009998555147153919,33.42,33.69,33.34,33.54,2026-08-25,33.42,17.305242561869495
000065,北方国际,2026-08-26,177.6615995718138,181.15543633822114,174.5171464820472,174.8665301586879,50765326.0,516707834.0,0.047666141499299465,10.17,10.37,9.99,10.01,2026-08-25,9.98,17.469183832036755
000066,中国长城,2026-08-26,166.9352890582019,168.9508429743876,166.34247908285317,167.05385105327164,49210240.0,695813764.0,0.015256388049025705,14.08,14.25,14.03,14.09,2026-08-25,14.05,11.856199506974567
000068,华控赛格,2026-08-26,7.008058536148878,7.118595737034508,6.941736215617501,7.074380856680256,14840900.0,47357056.0,0.014742545637510988,3.17,3.22,3.14,3.2,2026-08-25,3.16,2.21074401771258
000069,华侨城Ａ,2026-08-26,82.11391305923866,84.44669468023976,82.11391305923866,83.98013835603955,33040136.0,59338630.0,0.004789396032540757,1.76,1.81,1.76,1.8,2026-08-25,1.77,46.655632420021966
000070,特发信息,2026-08-26,60.681215581140535,61.61133844412552,58.486125624495976,59.081404256806366,95603835.0,1529275345.0,0.1115919428531263,16.31,16.56,15.72,15.88,2026-08-25,16.07,3.7204914519399472
000088,盐 田 港,2026-08-26,40.18711394432007,40.98729984144149,40.09820440019547,40.720571209067685,36406961.0,166772166.0,0.011510551154999509,4.52,4.61,4.51,4.58,2026-08-25,4.53,8.890954412460193
000089,深圳机场,2026-08-26,48.38543698673557,48.8259720731095,48.091746929152954,48.165169443548606,14450409.0,95329354.0,0.007046335015506611,6.59,6.65,6.55,6.56,2026-08-25,6.59,7.342251439565337
000090,天健集团,2026-08-26,32.44869189297599,32.82059667111897,32.26273950390449,32.54166808751173,12494756.0,43795202.0,0.006687195038349696,3.49,3.53,3.47,3.5,2026-08-25,3.5,9.29761945357478
000096,广聚能源,2026-08-26,22.321746315617247,22.570996584650192,22.15557946959528,22.515607635976206,5520200.0,44642916.0,0.010805954021548485,8.06,8.15,8.0,8.13,2026-08-25,8.1,2.76944743369941
000099,中信海直,2026-08-26,52.92309017510641,53.6235428391887,52.68960595374565,53.312230544041014,6021100.0,82515720.0,0.007761448543616729,13.6,13.78,13.54,13.7,2026-08-25,13.6,3.8914036893460597
000100,TCL科技,2026-08-26,19.09104995520686,19.285459832551123,19.01328600426915,19.09104995520686,297900229.0,1465707421.0,0.014809869336428414,4.91,4.96,4.89,4.91,2026-08-25,4.91,3.888197546885307
000151,中成股份,2026-08-26,26.83502735835506,27.236348804392275,26.781517832216764,27.129329752115687,5506400.0,55705728.0,0.017881713523706707,10.03,10.18,10.01,10.14,2026-08-25,10.03,2.675476306914762
000153,丰原药业,2026-08-26,49.7156050826064,51.5658622296937,49.39382123093905,50.600510674691634,32484560.0,203865595.0,0.07079274391765447,6.18,6.41,6.14,6.29,2026-08-25,6.19,8.044596291683884
000155,川能动力,2026-08-26,18.245652556975926,18.828286840307932,18.214987594695298,18.53696969864193,30749021.0,372915974.0,0.01665558893003702,11.9,12.28,11.88,12.09,2026-08-25,12.02,1.5332481140315906
000156,华数传媒,2026-08-26,13.483978092557296,13.974661429258799,13.385841425216997,13.935406762322678,13833502.0,97119066.0,0.008137948297974464,6.87,7.12,6.82,7.1,2026-08-25,6.86,1.962733346806011
000157,中联重科,2026-08-26,666.7388028148599,668.6222457606646,663.9136383961528,666.7388028148599,29573490.0,209446503.0,0.004183150228123815,7.08,7.1,7.05,7.08,2026-08-25,7.07,94.17214729023445
000158,常山北明,2026-08-26,36.58711376771046,37.23053223524814,36.47012859179453,36.73334523760539,15107188.0,190362201.0,0.009513872206774915,12.51,12.73,12.47,12.56,2026-08-25,12.58,2.9246293978985185
000159,国际实业,2026-08-26,18.534613800604156,18.90530607661624,18.256594593595093,18.750850961611206,12434400.0,74690718.0,0.025868972443758655,6.0,6.12,5.91,6.07,2026-08-25,6.0,3.0891023001006928
000166,申万宏源,2026-08-26,6.922852673991262,7.07807358596416,6.907330582793972,7.07807358596416,90433682.0,409734860.0,0.004012941920140086,4.46,4.56,4.45,4.56,2026-08-25,4.47,1.5522091197289825
000301,东方盛虹,2026-08-26,27.59200260826354,28.319233684760412,27.485056861719883,28.083953042364367,21790575.0,285987426.0,0.003297419035541632,12.9,13.24,12.85,13.13,2026-08-25,13.02,2.1389149308731428
000333,美的集团,2026-08-26,463.31361106400897,469.93776242526354,463.259756174893,465.252387072181,16637658.0,1440578174.0,0.0024165590930442025,86.03,87.26,86.02,86.39,2026-08-25,86.69,5.385488911589085
000338,潍柴动力,2026-08-26,567.8898139403636,575.425395695562,565.5872750707197,565.7965967861419,69704781.0,1897544255.0,0.014063611869976941,27.13,27.49,27.02,27.03,2026-08-25,27.02,20.932171542217606
000400,许继电气,2026-08-26,178.23899979253954,181.12676036523595,177.677490792293,180.0839579362067,10825374.0,242911831.0,0.010664703743302566,22.22,22.58,22.15,22.45,2026-08-25,22.27,8.021557146378917
000401,金隅冀东,2026-08-26,25.847379440043145,26.498994047775327,25.847379440043145,26.35419080161262,9978227.0,36267672.0,0.0037920494129904244,3.57,3.66,3.57,3.64,2026-08-25,3.58,7.240162308135335
000402,金 融 街,2026-08-26,88.32166057891806,90.45847494776284,87.96552485077726,89.74620349148124,49856808.0,125208332.0,0.01668195390476889,2.48,2.54,2.47,2.52,2026-08-25,2.48,35.61357281407986
000403,派林生物,2026-08-26,114.14215453428062,116.53311041250326,112.8946992934688,114.14215453428062,12160734.0,133908260.0,0.012927560882433794,10.98,11.21,10.86,10.98,2026-08-25,10.98,10.395460340098417
000404,长虹华意,2026-08-26,31.512359503604394,31.777169247332164,31.512359503604394,31.60062941818032,8813000.0,63187355.0,0.012717447720654716,7.14,7.2,7.14,7.16,2026-08-25,7.14,4.413495728796134
000407,胜利股份,2026-08-26,52.415424916099035,52.66802937352601,52.03651822995855,52.415424916099035,14913200.0,61893314.0,0.017028434461968726,4.15,4.17,4.12,4.15,2026-08-25,4.14,12.630222871349163
000408,藏格矿业,2026-08-26,533.3534221307083,563.622960503581,531.2754217847446,549.215491438232,21339644.0,1695637392.0,0.013601674898670644,77.0,81.37,76.7,79.29,2026-08-25,75.72,6.926667819879329
000409,云鼎科技,2026-08-26,20.319489190814174,20.716993582349087,20.319489190814174,20.52993269221501,4184001.0,36702652.0,0.007085835223337733,8.69,8.86,8.69,8.78,2026-08-25,8.72,2.3382611266759694
000410,沈阳机床,2026-08-26,14.27573213441166,14.638201895636955,14.247849845086638,14.387261291711752,15680500.0,81318633.0,0.007955532293874407,5.12,5.25,5.11,5.16,2026-08-25,5.13,2.7882289325022773
000411,英特集团,2026-08-26,32.89094964201193,33.36082035118353,32.82382525498742,32.89094964201193,3110559.0,30640393.0,0.005517758938823442,9.8,9.94,9.78,9.8,2026-08-25,9.84,3.3562193512257075
000415,渤海租赁,2026-08-26,99.43429253662198,101.21387719052125,98.76694829140976,100.54653294530902,46912500.0,211336495.0,0.008698915098177547,4.47,4.55,4.44,4.52,2026-08-25,4.46,22.244808173740935
000417,合百集团,2026-08-26,110.30311174439996,112.26929911952294,110.30311174439996,111.48282416947374,14823999.0,84034499.0,0.019028853195058978,5.61,5.71,5.61,5.67,2026-08-25,5.67,19.661873751229937
000419,通程控股,2026-08-26,82.41803158553002,84.2532509123333,82.41803158553002,83.58589842985937,6801400.0,34054774.0,0.012512172596824304,4.94,5.05,4.94,5.01,2026-08-25,4.97,16.68381206184818
000420,吉林化纤,2026-08-26,24.402665955781636,24.996244316868214,24.336712804549794,24.798384863172686,46593953.0,174715499.0,0.018955767843599165,3.7,3.79,3.69,3.76,2026-08-25,3.7,6.595315123184226
000421,南京公用,2026-08-26,59.716220243119054,60.56627320031647,59.609963623469376,60.24750334136744,14255900.0,80672637.0,0.02482706519902991,5.62,5.7,5.61,5.67,2026-08-25,5.66,10.625661964967803
000422,湖北宜化,2026-08-26,169.37842607384837,171.30631059826615,168.27677777418108,171.16860456080775,13921181.0,172267387.0,0.013043534861162864,12.3,12.44,12.22,12.43,2026-08-25,12.32,13.770603745841331
000423,东阿阿胶,2026-08-26,568.0918561117192,572.2749828902059,566.0002927224757,567.0460744170974,4855513.0,237940475.0,0.007602177505185519,48.89,49.25,48.71,48.8,2026-08-25,48.89,11.619796606907734
000425,徐工机械,2026-08-26,386.427091490377,390.758154782299,384.02094521708705,384.983403726403,78392043.0,630040325.0,0.008709689556025283,8.03,8.12,7.98,8.0,2026-08-25,8.02,48.12292546580038
000426,兴业银锡,2026-08-26,603.7077880669241,627.1294281908833,593.7986326298643,604.158204223154,87322205.0,3545798006.0,0.049189914503327596,40.21,41.77,39.55,40.24,2026-08-25,39.5,15.013871874332853
000428,华天酒店,2026-08-26,49.10392349173958,51.831919241280666,46.266807912216855,51.831919241280666,46359529.0,212861590.0,0.04549842579343348,4.5,4.75,4.24,4.75,2026-08-25,4.32,10.911982998164351
000429,粤高速Ａ,2026-08-26,77.10751347671942,77.68080353974335,76.70621043260266,77.05018447041702,6193392.0,83406426.0,0.0047519756674715636,13.45,13.55,13.38,13.44,2026-08-25,13.45,5.732900630239362
000430,张家界,2026-08-26,35.192746124469984,35.969056700745064,35.192746124469984,35.65853247023503,11135300.0,76747928.0,0.030050209403162356,6.8,6.95,6.8,6.89,2026-08-25,6.85,5.1754038418338215
000498,山东路桥,2026-08-26,15.456060921010518,15.549545160452114,15.300253855274525,15.518383747304917,15868023.0,78682281.0,0.01094838880627284,4.96,4.99,4.91,4.98,2026-08-25,5.0,3.1161413147198624
000501,武商集团,2026-08-26,60.248089461760834,61.07909759226788,60.08188783565943,60.663593527014356,8483500.0,62004620.0,0.011041998510437199,7.25,7.35,7.23,7.3,2026-08-25,7.27,8.31008130507046
000503,国新健康,2026-08-26,65.70792930893815,67.04500926580607,65.4214121753236,66.18545786496242,9599601.0,66508639.0,0.009803158968898136,6.88,7.02,6.85,6.93,2026-08-25,6.88,9.550571120485197
000505,京粮控股,2026-08-26,22.200377233229627,23.608365759820884,21.774706283329945,22.986231294582886,88686912.0,620671584.0,0.1402429945260031,6.78,7.21,6.65,7.02,2026-08-25,6.98,3.2743919223052544
000506,招金黄金,2026-08-26,50.426144753412224,53.28598912381903,49.05733035390128,49.39953395377901,95821108.0,1998300196.0,0.10317690296713518,20.63,21.8,20.07,20.21,2026-08-25,20.61,2.4443114276981204
000507,珠海港,2026-08-26,28.047571839893376,28.328047558292308,27.99147669621359,28.27195241461252,9167003.0,46193268.0,0.010158982370181794,5.0,5.05,4.99,5.04,2026-08-25,5.0,5.609514367978675
000509,华塑控股,2026-08-26,36.37679254745568,36.691289312995636,35.642966761195765,36.062295781915715,25948500.0,89572055.0,0.024180318828301656,3.47,3.5,3.4,3.44,2026-08-25,3.46,10.483225517998754
000510,新金路,2026-08-26,183.43647328179236,188.36094236318274,180.41463998184827,183.10071402624303,36785409.0,606723035.0,0.06064091463833676,16.39,16.83,16.12,16.36,2026-08-25,16.37,11.19197518497818
000513,丽珠集团,2026-08-26,262.92871052669955,268.6929168728618,262.72645767244825,266.3670090489718,7919875.0,208489232.0,0.013951995162217299,26.0,26.57,25.98,26.34,2026-08-25,25.97,10.112642712565368
000514,渝 开 发,2026-08-26,20.146733914928717,20.745151753986004,20.096865761673943,20.396074681202585,10270038.0,42007630.0,0.012171594456322635,4.04,4.16,4.03,4.09,2026-08-25,4.05,4.986815325477405
000516,国际医学,2026-08-26,184.15784109445576,186.36596868551635,183.27459005803152,184.15784109445576,13818700.0,57840995.0,0.006267699409347695,4.17,4.22,4.15,4.17,2026-08-25,4.18,44.16255182121241
000517,荣安地产,2026-08-26,32.98088985974373,33.2676802063502,32.26391399322757,32.8374946864405,29759330.0,68060479.0,0.011942011324350655,2.3,2.32,2.25,2.29,2026-08-25,2.31,14.339517330323362
000518,四环生物,2026-08-26,32.76190403661579,33.79107379692832,32.41884744984494,33.44801721015748,54637805.0,211050763.0,0.05307033585284352,3.82,3.94,3.78,3.9,2026-08-25,3.84,8.576414669271148
000519,中兵红箭,2026-08-26,114.29954797518822,115.27369184997674,113.32540410039968,114.29954797518822,22745299.0,320248735.0,0.016333454664399987,14.08,14.2,13.96,14.08,2026-08-25,14.09,8.1178656232378
000520,凤凰航运,2026-08-26,29.906065631418784,30.190208772809935,29.550886704679844,29.692958275375418,29252900.0,122959068.0,0.0289036441169765,4.21,4.25,4.16,4.18,2026-08-25,4.24,7.1035785347788085
000521,长虹美菱,2026-08-26,31.367942507674147,31.561571782412873,31.303399416094564,31.497028690833297,5275818.0,25716744.0,0.006027516419996405,4.86,4.89,4.85,4.88,2026-08-25,4.87,6.454309157957643
000523,红棉股份,2026-08-26,19.826397981509146,21.542143960678207,19.762851834132512,20.843136339535253,133844996.0,439759851.0,0.10100288300699992,3.12,3.39,3.11,3.28,2026-08-25,3.25,6.354614737663187
000524,岭南控股,2026-08-26,47.41142244300177,48.78635369384881,47.07954248590075,47.74330240010278,19059683.0,192432086.0,0.028448674911373067,10.0,10.29,9.93,10.07,2026-08-25,10.2,4.7411422443001765
000525,红太阳,2026-08-26,35.56334853925525,36.53546740593193,35.158299011473304,36.21142778370637,26411145.0,118054910.0,0.023756156797527538,4.39,4.51,4.34,4.47,2026-08-25,4.39,8.10099055563901
000526,学大教育,2026-08-26,81.39974457099419,83.02053594519542,80.13912905772659,80.36423897081009,4693393.0,168843690.0,0.03863717314694515,36.16,36.88,35.6,35.7,2026-08-25,36.28,2.2510991308350166
000528,柳    工,2026-08-26,120.22284267498914,121.55536186719964,119.63061192289561,121.55536186719964,24900211.0,203401370.0,0.012235959223951466,8.12,8.21,8.08,8.21,2026-08-25,8.12,14.805768802338566
000529,广弘控股,2026-08-26,17.240263249829937,17.515008480902925,17.240263249829937,17.343292711482306,3274800.0,16573898.0,0.0057464288058558235,5.02,5.1,5.02,5.05,2026-08-25,5.06,3.434315388412338
000530,冰山冷热,2026-08-26,55.535896870001665,56.50454623401332,54.890130627327224,55.320641455776844,13932756.0,71705249.0,0.02321674337604905,5.16,5.25,5.1,5.14,2026-08-25,5.17,10.762770711240632
000531,穗恒运Ａ,2026-08-26,91.83242566598757,93.46355223199092,91.66931300938725,93.30043957539057,6033082.0,34365833.0,0.0066316151930175884,5.63,5.73,5.62,5.72,2026-08-25,5.64,16.311265660033317
000532,华金资本,2026-08-26,49.95346401663171,50.9242910558242,49.51217899881695,50.57126304157239,5995583.0,68576909.0,0.017451862706369167,11.32,11.54,11.22,11.46,2026-08-25,11.34,4.412850178147678
000533,顺钠股份,2026-08-26,21.95160555080215,24.157169710408805,21.84756950553768,24.157169710408805,78867920.0,872307978.0,0.1151520567018016,10.55,11.61,10.5,11.61,2026-08-25,10.55,2.080720905289303
000534,万泽股份,2026-08-26,98.85537891221279,100.83248649045703,98.40229175886513,99.30846606556042,8117822.0,196047033.0,0.016153646764424746,24.0,24.48,23.89,24.11,2026-08-25,24.15,4.118974121342199
000536,华映科技,2026-08-26,11.901432308038437,13.106178523269321,11.901432308038437,13.106178523269321,82764457.0,294204616.0,0.029953668238549266,3.26,3.59,3.26,3.59,2026-08-25,3.26,3.650746106760257
000537,绿发电力,2026-08-26,47.72721099150241,48.48378500986176,47.47501965204929,48.357689340135195,16905281.0,129255228.0,0.008223541278802671,7.57,7.69,7.53,7.67,2026-08-25,7.57,6.304783486327927
000538,云南白药,2026-08-26,1575.9915936382993,1592.697104530865,1570.633222219929,1583.8715516064906,6310471.0,317112284.0,0.003559339063035403,50.0,50.53,49.83,50.25,2026-08-25,50.0,31.519831872765984
000539,粤电力Ａ,2026-08-26,92.41741647070062,94.34277931384021,91.89231751348072,94.16774632810025,48653953.0,259850568.0,0.01903975989664804,5.28,5.39,5.25,5.38,2026-08-25,5.33,17.50329857399633
000541,佛山照明,2026-08-26,161.76351895475935,163.74026256724113,161.76351895475935,162.75189076100025,5190912.0,25682122.0,0.004249300651365146,4.91,4.97,4.91,4.94,2026-08-25,4.93,32.945726874696405
000543,皖能电力,2026-08-26,44.53619249922537,45.01636708142727,44.47617067645014,44.836301613101554,20182351.0,150575675.0,0.008903205907476034,7.42,7.5,7.41,7.47,2026-08-25,7.47,6.0021822775236355
000544,中原环保,2026-08-26,30.04039263496387,30.328846336534166,29.957977291658068,30.205223321575467,3497579.0,25651937.0,0.003588421733454324,7.29,7.36,7.27,7.33,2026-08-25,7.27,4.120767165289968
000545,金浦钛业,2026-08-26,12.513559254914,12.753282612287832,12.369725240489702,12.6573932693383,47715510.0,125388191.0,0.04842232604473165,2.61,2.66,2.58,2.64,2026-08-25,2.59,4.794467147476628
000546,金圆股份,2026-08-26,9.339451922286333,9.495109454324439,9.300537539276808,9.378366305295861,11097000.0,53629010.0,0.015927827012677725,4.8,4.88,4.78,4.82,2026-08-25,4.81,1.9457191504763196
000547,航天发展,2026-08-26,155.7587785650477,157.44935865077542,154.06819847931996,156.20959992124173,34937962.0,484095975.0,0.021985714515688672,13.82,13.97,13.67,13.86,2026-08-25,13.83,11.270533904851497
000548,湖南投资,2026-08-26,16.74049476466587,16.92486144709611,16.629874755207723,16.92486144709611,5230600.0,23899169.0,0.01047763288891505,4.54,4.59,4.51,4.59,2026-08-25,4.55,3.6873336486048167
000550,江铃汽车,2026-08-26,60.98798455230671,62.22318423944204,60.67918463052288,61.56698440565139,3994700.0,63785551.0,0.007704886881451712,15.8,16.12,15.72,15.95,2026-08-25,15.74,3.859999022297893
000551,创元科技,2026-08-26,123.2184302708581,124.11347940115488,122.12448133382867,123.3178801742244,10272490.0,127399717.0,0.021208291500552697,12.39,12.48,12.28,12.4,2026-08-25,12.41,9.944990336631
000552,甘肃能化,2026-08-26,20.18902888100871,20.421086684238695,19.956971077778725,20.343734083162033,67119100.0,175598609.0,0.018014615933778257,2.61,2.64,2.58,2.63,2026-08-25,2.63,7.735260107666172
000553,安道麦A,2026-08-26,22.52722871694805,22.93830953295075,22.486120635347778,22.77387720654967,9123067.0,50548423.0,0.004190521564482176,5.48,5.58,5.47,5.54,2026-08-25,5.48,4.110808160027016
000554,泰山石油,2026-08-26,37.102876016661405,37.562354357425015,36.47109329811144,37.50491956482957,15493507.0,100149401.0,0.04312079084209944,6.46,6.54,6.35,6.53,2026-08-25,6.54,5.74347925954511
000555,神州信息,2026-08-26,32.3190756140977,33.45902394367025,32.13421912822106,32.935263900353135,17690380.0,188459339.0,0.018150837953500476,10.49,10.86,10.43,10.69,2026-08-25,10.51,3.0809414312771874
000557,西部创业,2026-08-26,27.590891845131686,28.04074334260666,27.515916595552522,28.04074334260666,9629800.0,35782109.0,0.006605180745786598,3.68,3.74,3.67,3.74,2026-08-25,3.67,7.497524957916219
000558,天府文旅,2026-08-26,25.211173410144678,25.852135445995813,24.92630139421084,25.496045426078517,51566115.0,185087627.0,0.04001468144280793,3.54,3.63,3.5,3.58,2026-08-25,3.53,7.121800398345954
000559,万向钱潮,2026-08-26,474.78580210971364,484.13699964455134,472.23547550930334,478.611292010329,26306328.0,296833710.0,0.007937314130340836,11.17,11.39,11.11,11.26,2026-08-25,11.18,42.50544334017132
000560,我爱我家,2026-08-26,11.88101155498558,12.278702318332378,11.632454827893831,11.93072290040393,266068035.0,641604545.0,0.1137803270761383,2.39,2.47,2.34,2.4,2026-08-25,2.39,4.971134541834971
000561,烽火电子,2026-08-26,19.306252308483604,19.60403512043965,19.15736090250558,19.231806605494594,7085900.0,55177667.0,0.009128404636377764,7.78,7.9,7.72,7.75,2026-08-25,7.79,2.481523432967044
000563,陕国投Ａ,2026-08-26,57.49541748770059,59.203202165553094,57.30566363460588,58.63394060626892,77917009.0,240294451.0,0.015236108844102142,3.03,3.12,3.02,3.09,2026-08-25,3.04,18.975385309472145
000564,供销大集,2026-08-26,17.15172177220372,17.624872717643825,17.033434035843694,17.388297244923773,279236441.0,411689783.0,0.01849875254304158,1.45,1.49,1.44,1.47,2026-08-25,1.45,11.828773636002566
000565,渝三峡Ａ,2026-08-26,44.153087490172084,44.893911105779,44.153087490172084,44.67166402109693,10276053.0,61825246.0,0.023699809466138484,5.96,6.06,5.96,6.03,2026-08-25,6.03,7.408236156069142
000566,海南海药,2026-08-26,48.160832628271834,50.389603554731096,47.87012337699454,48.742251130826425,198434373.0,1007446696.0,0.15302608176265023,4.97,5.2,4.94,5.03,2026-08-25,4.97,9.690308375909826
000567,海德股份,2026-08-26,93.24960712205784,97.60125545442054,92.62794307457746,96.04709533571958,24486112.0,150623064.0,0.012566390270965531,6.0,6.28,5.96,6.18,2026-08-25,6.0,15.54160118700964
000568,泸州老窖,2026-08-26,2916.0013790075177,3026.521431273605,2914.561378326526,2977.9214082901467,15920734.0,1317127941.0,0.010822626213274924,81.0,84.07,80.96,82.72,2026-08-25,84.73,36.00001702478417
000570,苏常柴Ａ,2026-08-26,29.834906468101742,30.125129293666937,29.718817337875667,29.95099559832782,8178850.0,42152958.0,0.014718301753167242,5.14,5.19,5.12,5.16,2026-08-25,5.14,5.804456511303841
000571,新大洲A,2026-08-26,71.28101957274609,72.55596463827487,70.46969089468232,70.81740318528108,14114452.0,86808983.0,0.017339788841943992,6.15,6.26,6.08,6.11,2026-08-25,6.15,11.59040968662538
000572,海马汽车,2026-08-26,16.846488887461053,17.238267698797355,16.71589595034895,16.75942692938632,41061710.0,160156599.0,0.025003278011841282,3.87,3.96,3.84,3.85,2026-08-25,3.87,4.353097903736706
000573,粤宏远Ａ,2026-08-26,30.447896177271666,31.353103901460823,30.36560456598174,30.85935423372128,16221551.0,60858740.0,0.02562788722701506,3.7,3.81,3.69,3.75,2026-08-25,3.71,8.229161128992342
000576,甘化科工,2026-08-26,44.135156694371766,44.624188901511616,43.82951156490935,44.44080182383417,6686700.0,48456486.0,0.015413703945283751,7.22,7.3,7.17,7.27,2026-08-25,7.22,6.112902589248167
000581,威孚高科,2026-08-26,123.07717984410723,124.30601138222494,118.35587972397069,118.35587972397069,35829949.0,671287798.0,0.04513207328024679,19.03,19.22,18.3,18.3,2026-08-25,17.49,6.467534411145939
000582,北部湾港,2026-08-26,53.542573622942214,54.64757983279656,53.24120829298194,54.14530428286276,26216355.0,282178707.0,0.012154937338861605,10.66,10.88,10.6,10.78,2026-08-25,10.82,5.022755499337919
000586,汇源通信,2026-08-26,49.34675136048272,51.18718963966157,48.57990207749154,50.22862803592259,8680800.0,113173985.0,0.045404048328887496,12.87,13.35,12.67,13.1,2026-08-25,12.94,3.8342464149559228
000589,贵州轮胎,2026-08-26,33.459502847910535,33.92637963183488,33.38169005058982,33.848566834514145,19092330.0,82950166.0,0.012364612168377274,4.3,4.36,4.29,4.35,2026-08-25,4.32,7.7812797320722185
000590,古汉医药,2026-08-26,47.315122700141444,48.472833149187466,47.21445222631136,47.617134121631715,5038963.0,47829747.0,0.021051946898052225,9.4,9.63,9.38,9.46,2026-08-25,9.41,5.033523691504409
000591,太阳能,2026-08-26,64.98073649395722,65.8916813980781,64.67708819258358,65.58803309670448,30499884.0,131614015.0,0.00781367911348076,4.28,4.34,4.26,4.32,2026-08-25,4.28,15.182415068681593
000592,平潭发展,2026-08-26,39.04318049801494,40.36989051493778,38.66412049317985,39.10635716548746,94393600.0,589422064.0,0.04928931762499994,6.18,6.39,6.12,6.19,2026-08-25,6.18,6.317666747251609
000593,德龙汇能,2026-08-26,151.22114342382383,151.2860730689178,146.02677181630733,146.546208977059,14401183.0,328162498.0,0.04017256672344639,23.29,23.3,22.49,22.57,2026-08-25,23.1,6.492964509395613
000596,古井贡酒,2026-08-26,313.4788683573901,322.8657216221701,311.76261533509825,322.8657216221701,3164955.0,289121470.0,0.007745851688693098,89.5,92.18,89.01,92.18,2026-08-25,90.86,3.5025571883507274
000597,东北制药,2026-08-26,25.03264466850902,25.63584092558152,24.831579249484847,24.98237831375297,18498298.0,92433268.0,0.013126773307726476,4.98,5.1,4.94,4.97,2026-08-25,4.99,5.02663547560422
000598,兴蓉环境,2026-08-26,214.2903171924268,216.69469662796598,213.68922233354203,214.89141205131162,12735744.0,91266484.0,0.004268570836456199,7.13,7.21,7.11,7.15,2026-08-25,7.14,30.054742944239386
000599,青岛双星,2026-08-26,28.343914885238117,28.825340191144495,28.28373672199982,28.7049838646679,7630400.0,36297551.0,0.009342483861050133,4.71,4.79,4.7,4.77,2026-08-25,4.73,6.017816323829749
000600,建投能源,2026-08-26,58.77202459238831,59.58830271172704,58.77202459238831,59.21726720293672,18083344.0,144441952.0,0.016589449536848957,7.92,8.03,7.92,7.98,2026-08-25,7.96,7.420710175806605
000601,韶能股份,2026-08-26,69.9610919226706,71.22268538357123,69.61702097878863,71.10799506894391,32207498.0,198281342.0,0.030728386383928337,6.1,6.21,6.07,6.2,2026-08-25,6.14,11.469031462732888
000603,盛达资源,2026-08-26,129.29520718386502,136.56411209615726,125.29204215970407,130.48913359457967,88266248.0,3306212739.0,0.1323895038849647,36.82,38.89,35.68,37.16,2026-08-25,36.27,3.5115482668078495
000605,渤海股份,2026-08-26,20.34120151131581,20.613780426040307,20.238984418294123,20.477490968678058,3853301.0,23147895.0,0.010926434234128984,5.97,6.05,5.94,6.01,2026-08-25,6.0,3.4072364340562493
000607,华媒控股,2026-08-26,13.924314024473633,14.035412274668902,13.776183024213276,13.813215774278365,9368000.0,35085583.0,0.010584567207486831,3.76,3.79,3.72,3.73,2026-08-25,3.75,3.703275006508945
000608,阳光股份,2026-08-26,79.4114787128501,82.80700400953747,78.86381334241665,79.74007793511016,25099300.0,185307771.0,0.03367101161871586,7.25,7.56,7.2,7.28,2026-08-25,7.25,10.953307408668978
000612,焦作万方,2026-08-26,112.02487446167298,115.0856633813908,111.92284816434905,113.75932151617975,34862361.0,389330783.0,0.029242055628825456,10.98,11.28,10.97,11.15,2026-08-25,10.94,10.202629732392802
000617,中油资本,2026-08-26,56.305829929183204,57.30853648956592,56.305829929183204,56.691486298561166,181031727.0,1333033797.0,0.014319774925369299,7.3,7.43,7.3,7.35,2026-08-25,7.45,7.713127387559343
000619,海螺新材,2026-08-26,44.46724297989834,45.18736027511936,44.37722831799571,44.82730162750885,4567400.0,22758257.0,0.012687222222222223,4.94,5.02,4.93,4.98,2026-08-25,4.94,9.001466190262821
000620,盈新发展,2026-08-26,11.441721053140228,11.47498187015517,11.07585206597586,11.175634517020688,400159486.0,1356162192.0,0.08565518007200479,3.44,3.45,3.33,3.36,2026-08-25,3.47,3.3260817014942523
000623,吉林敖东,2026-08-26,439.71207238251236,452.6376075107836,439.71207238251236,450.4427053191904,19329893.0,355404238.0,0.016230425974833203,18.03,18.56,18.03,18.47,2026-08-25,18.06,24.387802128813775
000625,长安汽车,2026-08-26,105.7968837584253,106.9906426724837,105.49844402991071,106.5429830797118,32759342.0,234018254.0,0.0039625644273073145,7.09,7.17,7.07,7.14,2026-08-25,7.1,14.921986425729944
000626,远大控股,2026-08-26,84.36181920369599,85.70089569899275,84.0528015509352,84.67083685645679,10899700.0,89855052.0,0.021612976364621946,8.19,8.32,8.16,8.22,2026-08-25,8.26,10.300588425359706
000628,高新发展,2026-08-26,146.87431905455043,148.69520260660303,144.96084820324086,146.6274195898653,10316722.0,490912677.0,0.0536662397925994,47.59,48.18,46.97,47.51,2026-08-25,47.86,3.0862433085637826
000629,钒钛股份,2026-08-26,23.967164376321353,24.520861243101056,23.888064823924253,24.362662138306856,116798113.0,359172965.0,0.012571854218603835,3.03,3.1,3.02,3.08,2026-08-25,3.03,7.909955239710018
000630,铜陵有色,2026-08-26,207.71589887763065,218.98730424308346,207.393858724332,217.3771034765902,485224712.0,3252315086.0,0.04354528975099081,6.45,6.8,6.44,6.75,2026-08-25,6.43,32.204015329865214
000631,顺发恒能,2026-08-26,63.654108633367535,64.72572662382827,63.011137839091084,64.08275582955183,8801203.0,26362086.0,0.0038266098585818097,2.97,3.02,2.94,2.99,2026-08-25,2.97,21.432359809214656
000633,合金投资,2026-08-26,38.365894036227,38.722454389723524,38.08064575342977,38.50851817762561,5303000.0,28609760.0,0.013770221351283637,5.38,5.43,5.34,5.4,2026-08-25,5.37,7.131207069930668
000635,英 力 特,2026-08-26,27.939760248290153,28.67844753323717,27.852855861825798,28.591543146772818,4910600.0,32084758.0,0.013386953991602241,6.43,6.6,6.41,6.58,2026-08-25,6.46,4.345219323217753
000636,风华高科,2026-08-26,880.0109429391276,885.8150888285419,853.5508660903275,870.7925935853522,66280657.0,3379414015.0,0.05776142606088437,51.55,51.89,50.0,51.01,2026-08-25,51.33,17.07101732180655
000637,茂化实华,2026-08-26,67.91221678507337,68.5731629338332,67.25127063631354,68.07745332226332,5326300.0,21900424.0,0.014609040712261157,4.11,4.15,4.07,4.12,2026-08-25,4.11,16.523653718995952
000650,仁和药业,2026-08-26,151.94330395731058,154.93860206399592,150.03720516214716,150.30950499002765,36556600.0,204520228.0,0.027457555177802802,5.58,5.69,5.51,5.52,2026-08-25,5.49,27.22998278804849
000651,格力电器,2026-08-26,10006.870614492902,10076.52957940416,9956.427915764061,9987.654348310487,53850807.0,2243748994.0,0.009752030896280206,41.66,41.95,41.45,41.58,2026-08-25,41.62,240.2033272801945
000652,泰达股份,2026-08-26,95.95161518704559,97.61072092515012,95.95161518704559,96.78116805609785,10255340.0,35977177.0,0.0070327677778823415,3.47,3.53,3.47,3.5,2026-08-25,3.47,27.651762301742245
000655,金岭矿业,2026-08-26,43.048248390904,44.51164493677042,42.926298678748466,44.3896952246149,14292601.0,103418792.0,0.024007450328025034,7.06,7.3,7.04,7.28,2026-08-25,7.12,6.097485607776771
000657,中钨高新,2026-08-26,364.36825861377275,369.79125478615384,357.40398984503076,359.6873566544544,59975579.0,3812904660.0,0.04126423074938174,63.83,64.78,62.61,63.01,2026-08-25,63.81,5.708417023559028
000659,珠海中富,2026-08-26,50.50391023469855,51.73571292334974,49.44807935871182,50.151966609369644,49849412.0,142661590.0,0.03877211969686425,2.87,2.94,2.81,2.85,2026-08-25,2.85,17.59718126644549
000661,长春高新,2026-08-26,619.3185891078729,625.5272967681021,606.9011737874143,609.3070480057532,5599408.0,442742618.0,0.014011700421264522,79.8,80.6,78.2,78.51,2026-08-25,79.8,7.760884575286628
000663,永安林业,2026-08-26,22.678892473312764,23.07330799458777,22.600009369057766,22.797217129695266,4759900.0,27559938.0,0.015539932792165787,5.75,5.85,5.73,5.78,2026-08-25,5.8,3.944155212750046
000665,湖北广电,2026-08-26,22.89738377757488,23.484496182128083,22.89738377757488,23.190939979851482,16398100.0,64952728.0,0.014420732352400026,3.9,4.0,3.9,3.95,2026-08-25,3.9,5.871124045532021
000668,荣丰控股,2026-08-26,75.1324086981487,77.51756452983595,74.20484809693697,76.35811377832131,3749100.0,86273773.0,0.025531542804304686,22.68,23.4,22.4,23.05,2026-08-25,22.7,3.312716432898972
000670,盈方微,2026-08-26,70.49639367342452,71.62024922473998,70.08771892749162,70.39422498694128,36170972.0,250526407.0,0.04355586567065849,6.9,7.01,6.86,6.89,2026-08-25,6.99,10.216868648322393
000672,上峰水泥,2026-08-26,145.67515175588875,149.76538279871068,145.15076316065517,148.40197245110338,18844208.0,265531135.0,0.019439133946832533,13.89,14.28,13.84,14.15,2026-08-25,13.82,10.487771904671616
000676,智度股份,2026-08-26,82.99720963587517,83.86176390291554,81.51511660666311,82.62668637857216,50302121.0,335449790.0,0.039953122364982274,6.72,6.79,6.6,6.69,2026-08-25,6.73,12.350775243433805
000678,襄阳轴承,2026-08-26,37.73568856106054,39.08650420239181,37.38709097620086,38.2150102402426,19313734.0,170550287.0,0.04202184131492169,8.66,8.97,8.58,8.77,2026-08-25,8.65,4.357469810746021
000679,大连友谊,2026-08-26,34.80436730324162,35.03000339596928,34.353095117786296,34.80436730324162,4886000.0,30093498.0,0.013709315375982042,6.17,6.21,6.09,6.17,2026-08-25,6.16,5.64090231819151
000680,山推股份,2026-08-26,52.33916786650163,52.79385175723379,52.0360452726802,52.18760656959092,13912600.0,144201281.0,0.010583380277117985,10.36,10.45,10.3,10.33,2026-08-25,10.34,5.052043230357301
000681,视觉中国,2026-08-26,84.79040727149363,87.40739515024343,84.52870848361864,84.63338799876865,29887770.0,486688188.0,0.04420384701166864,16.2,16.7,16.15,16.17,2026-08-25,16.85,5.233975757499607
000682,东方电子,2026-08-26,186.71335840420033,188.97655062728154,185.90507546738561,188.65323745255566,9430013.0,109709445.0,0.007034173404707374,11.55,11.69,11.5,11.67,2026-08-25,11.52,16.1656587362944
000683,博源化工,2026-08-26,49.72631031368719,50.93914715060639,49.48374294630335,50.21144504845487,68757038.0,427968141.0,0.020594783111975552,6.15,6.3,6.12,6.21,2026-08-25,6.17,8.085578912794665
000685,中山公用,2026-08-26,189.92702048306725,195.05095089178312,189.75622280277673,193.68456944945888,19675297.0,222557797.0,0.015783396476929546,11.12,11.42,11.11,11.34,2026-08-25,11.13,17.07976802905281
000686,东北证券,2026-08-26,116.53931993085068,119.95384777595841,116.3908621984547,119.06310138158247,27218360.0,217811734.0,0.01162952684309823,7.85,8.08,7.84,8.02,2026-08-25,7.85,14.845773239598813
000688,国城矿业,2026-08-26,145.60360946399013,155.15445715873417,144.33952668086224,149.48949357508695,26795264.0,859739173.0,0.022610827670951267,31.1,33.14,30.83,31.93,2026-08-25,30.97,4.681788085658846
000690,宝新能源,2026-08-26,260.37662423478196,263.0281173532624,259.31602698738976,261.43722148217415,50778371.0,250362820.0,0.023352086922309476,4.91,4.96,4.89,4.93,2026-08-25,4.93,53.02986236960936
000691,亚太实业,2026-08-26,39.6901100626644,40.54366081670019,39.03054811636402,39.72890782421148,7813261.0,79942208.0,0.024169458966189255,10.23,10.45,10.06,10.24,2026-08-25,10.22,3.8797761547081526
000692,惠天热电,2026-08-26,55.22734473177748,56.27679546302266,54.833800707560535,56.27679546302266,18326102.0,77947746.0,0.034393708395405315,4.21,4.29,4.18,4.29,2026-08-25,4.24,13.118134140564722
000695,滨海能源,2026-08-26,39.47531809365362,42.75202750404186,39.3205129246589,40.19774221562898,26764892.0,420424606.0,0.12066522953114632,15.3,16.57,15.24,15.58,2026-08-25,15.35,2.580086149912001
000697,炼石航空,2026-08-26,31.991300921174435,32.37720322420429,31.798349769659517,32.02989115147743,5698700.0,47455076.0,0.00872551812110373,8.29,8.39,8.24,8.3,2026-08-25,8.28,3.8590230302984847
000700,模塑科技,2026-08-26,231.9587469977155,237.51095104819277,224.14453388963648,226.2009057601836,48669043.0,543592161.0,0.053015497978759915,11.28,11.55,10.9,11.0,2026-08-25,10.89,20.563718705471235
000701,厦门信达,2026-08-26,8.427148112830828,8.544191836620145,8.393707048891022,8.51075077268034,12579600.0,63880318.0,0.018838882019009393,5.04,5.11,5.02,5.09,2026-08-25,5.05,1.6720531969902437
000702,正虹科技,2026-08-26,14.345268596583844,14.60143410723713,14.268418943387863,14.422118249779832,5348100.0,30078003.0,0.015429068308147283,5.6,5.7,5.57,5.63,2026-08-25,5.64,2.5616551065328297
000703,恒逸石化,2026-08-26,161.82804545876346,168.11882581744214,161.55453326925567,165.93072830138,109873122.0,1981552459.0,0.02889580631557206,17.75,18.44,17.72,18.2,2026-08-25,18.34,9.117072983592307
000705,浙江震元,2026-08-26,40.08523887256933,40.641206124616055,39.69606179613661,40.029642147364655,5880464.0,42414167.0,0.020855277673026893,7.21,7.31,7.14,7.2,2026-08-25,7.21,5.559672520467313
000707,双环科技,2026-08-26,14.771680532231542,14.898748751863641,14.739913477323515,14.866981696955614,5401094.0,25210272.0,0.00980762447872843,4.65,4.69,4.64,4.68,2026-08-25,4.65,3.176705490802482
000708,中信特钢,2026-08-26,62.004108235853046,63.30051713191631,61.69118195059641,62.85347958154967,9592550.0,134809771.0,0.0019005926839942764,13.87,14.16,13.8,14.06,2026-08-25,13.81,4.470375503666406
000709,河钢股份,2026-08-26,23.698724518905713,24.26030566864282,23.586408288958296,24.147989438695397,99523528.0,213060624.0,0.009629371733561279,2.11,2.16,2.1,2.15,2026-08-25,2.11,11.231622994742045
000710,贝瑞基因,2026-08-26,31.214229079973137,31.905782997152805,29.139567328434136,29.422475749098545,41999200.0,402516977.0,0.12517369746046164,9.93,10.15,9.27,9.36,2026-08-25,9.51,3.143426896271212
000712,锦龙股份,2026-08-26,116.72365606062425,128.885124189251,116.45927631869759,128.885124189251,53210952.0,508504993.0,0.05940485074184262,8.83,9.75,8.81,9.75,2026-08-25,8.86,13.218987096333437
000713,国投丰乐,2026-08-26,39.25785281198582,40.20763957356612,39.00457634223107,39.44781016430188,21593048.0,134875383.0,0.0351669726364005,6.2,6.35,6.16,6.23,2026-08-25,6.24,6.33191174386868
000715,中兴商业,2026-08-26,34.98010588096002,37.53483271496272,34.78358843219058,36.74876291988497,29889134.0,167181184.0,0.06147105104177272,5.34,5.73,5.31,5.61,2026-08-25,5.34,6.550581625647943
000716,黑芝麻,2026-08-26,18.855199713407448,19.46343196222704,18.817185197856222,19.007257775612345,50262813.0,252500643.0,0.06831747182436125,4.96,5.12,4.95,5.0,2026-08-25,5.02,3.801451555122469
000717,中南股份,2026-08-26,11.903235904522854,12.111152688881331,11.903235904522854,12.059173492791711,17301908.0,39973861.0,0.007139043849057868,2.29,2.33,2.29,2.32,2026-08-25,2.29,5.197919608961945
000718,苏宁环球,2026-08-26,18.384727183691354,18.86600276441626,18.19221695140139,18.673492532126296,24627171.0,47751302.0,0.010792729283400726,1.91,1.96,1.89,1.94,2026-08-25,1.91,9.625511614498091
000719,中原传媒,2026-08-26,54.14386741326217,54.45918111699997,53.333060746507826,53.738464079885,4008016.0,47915661.0,0.00600769056568346,12.02,12.09,11.84,11.93,2026-08-25,12.11,4.504481481968567
000720,新能泰山,2026-08-26,27.05714411392481,28.821740469180774,27.05714411392481,28.38059138036678,68328111.0,261280642.0,0.05437834796751,3.68,3.92,3.68,3.86,2026-08-25,3.71,7.352484813566524
000721,西安饮食,2026-08-26,30.293373760138007,33.03099716660974,29.79970396552835,31.28071334935732,46529232.0,327434048.0,0.09081349837895718,6.75,7.36,6.64,6.97,2026-08-25,6.69,4.487907223724149
000722,湖南发展,2026-08-26,54.336835691135946,54.93068088994617,53.78540800652644,54.16716563433302,13976325.0,178874067.0,0.03011111843093214,12.81,12.95,12.68,12.77,2026-08-25,12.93,4.241751420073063
000723,美锦能源,2026-08-26,25.56550363364087,25.895807298158193,24.904896304606222,25.631564366544332,169708016.0,656520389.0,0.03861233642936753,3.87,3.92,3.77,3.88,2026-08-25,3.87,6.606073290346478
000725,京东方Ａ,2026-08-26,32.74830838254694,32.91916912193415,32.40658690377254,32.577447643159736,800900218.0,4588403273.0,0.022645324197049642,5.75,5.78,5.69,5.72,2026-08-25,5.74,5.695357979573381
000726,鲁  泰Ａ,2026-08-26,51.12896578767045,51.73251175818258,51.12896578767045,51.64629090525228,5622744.0,33611322.0,0.009541575409071459,5.93,6.0,5.93,5.99,2026-08-25,5.95,8.62208529303043
000727,冠捷科技,2026-08-26,13.171674191571087,13.461799173764282,13.113649195132448,13.229699188009725,95462500.0,218700719.0,0.02107541414477549,2.27,2.32,2.26,2.28,2026-08-25,2.27,5.802499643863915
000728,国元证券,2026-08-26,22.645228362680072,23.687092725780378,22.553299154171224,23.564520447768576,93800545.0,716090332.0,0.021495261065751618,7.39,7.73,7.36,7.69,2026-08-25,7.35,3.0643069502950033
000729,燕京啤酒,2026-08-26,93.3950126834078,95.7010623792944,93.3950126834078,94.54803753135111,22036228.0,253622982.0,0.008780749704630905,11.34,11.62,11.34,11.48,2026-08-25,11.41,8.235891771023615
000731,四川美丰,2026-08-26,82.60845642776509,84.08841248754591,82.20483204782488,83.55024664762561,5472039.0,34004350.0,0.009970446001181795,6.14,6.25,6.11,6.21,2026-08-25,6.17,13.454145998007345
000733,振华科技,2026-08-26,92.5889021123424,94.03381190502944,91.39627815647374,91.51095353684572,12027653.0,485247587.0,0.021707270453056024,40.37,41.0,39.85,39.9,2026-08-25,39.58,2.2935076074397425
000735,罗 牛 山,2026-08-26,31.182988452300954,32.976444188889694,31.182988452300954,32.05078961516647,72687972.0,403201143.0,0.06315764082059445,5.39,5.7,5.39,5.54,2026-08-25,5.49,5.7853410857701215
000736,中交地产,2026-08-26,17.83005652521393,18.31303774034388,17.78980809061977,18.071547132778907,28198898.0,126488574.0,0.0377445567575241,4.43,4.55,4.42,4.49,2026-08-25,4.45,4.024843459416237
000737,北方铜业,2026-08-26,58.35861255682268,61.993678470991725,57.923985110563336,61.00588882040231,164439489.0,2520236581.0,0.08634082397440314,14.77,15.69,14.66,15.44,2026-08-25,14.53,3.951158602357663
000738,航发控制,2026-08-26,31.599305166041226,32.1867852057479,31.528095464258598,31.93755124950871,8698800.0,155977761.0,0.006614131553749033,17.75,18.08,17.71,17.94,2026-08-25,17.77,1.7802425445657029
000739,普洛药业,2026-08-26,269.3329650439868,273.2026915532395,262.88342086189897,267.39810178936045,12345635.0,255925285.0,0.010661356805122571,20.88,21.18,20.38,20.73,2026-08-25,20.87,12.899088364175613
000750,国海证券,2026-08-26,50.36899736683906,52.26971424860657,50.36899736683906,51.99818326549693,87234787.0,331575259.0,0.015050330758916975,3.71,3.85,3.71,3.83,2026-08-25,3.72,13.576549155482226
000751,锌业股份,2026-08-26,17.638268951280853,18.32592076224697,17.60388636073255,18.05086003786052,91829163.0,482101223.0,0.05683798829022784,5.13,5.33,5.12,5.25,2026-08-25,5.13,3.4382590548305756
000753,漳州发展,2026-08-26,52.569673738873995,53.7845191404026,52.34879275677789,53.34275717621038,13797603.0,66473459.0,0.01391615372554097,4.76,4.87,4.74,4.83,2026-08-25,4.76,11.044049104805461
000755,山西高速,2026-08-26,13.301606373435924,13.384568575349245,13.218644171522604,13.356914508044806,3824500.0,18439503.0,0.0026064699955237005,4.81,4.84,4.78,4.83,2026-08-25,4.81,2.765406730444059
000756,新华制药,2026-08-26,28.658385393314752,29.150283053050753,28.337582571747795,28.5514511194591,8867245.0,118559411.0,0.017774557015383823,13.4,13.63,13.25,13.35,2026-08-25,13.52,2.1386854771130412
000757,浩物股份,2026-08-26,20.90363341947568,21.61303274366603,20.856340131196323,21.518446167107314,11422500.0,51428512.0,0.021442002798882958,4.42,4.57,4.41,4.55,2026-08-25,4.43,4.7293288279356736
000758,中色股份,2026-08-26,101.84064685166388,105.68054009361187,101.84064685166388,104.34492505293431,44778206.0,279697442.0,0.022583854018231694,6.1,6.33,6.1,6.25,2026-08-25,6.1,16.69518800846949
000759,中百集团,2026-08-26,40.86416553348336,42.02198355693206,40.38741693559272,40.65984470581594,68281235.0,410635982.0,0.10413391427964996,6.0,6.17,5.93,5.97,2026-08-25,6.13,6.81069425558056
000761,本钢板材,2026-08-26,5.441657302191725,5.601036386356336,5.396120421001836,5.509962623976558,18748150.0,45584340.0,0.005055603505652977,2.39,2.46,2.37,2.42,2026-08-25,2.39,2.2768440594944455
000762,西藏矿业,2026-08-26,128.9027021002716,132.97152917226614,128.05502979360608,129.8633973811592,13991113.0,323646338.0,0.02686462441947409,22.81,23.53,22.66,22.98,2026-08-25,22.8,5.6511487111035335
000766,通化金马,2026-08-26,53.41350269671373,54.68684843226902,53.312975401801474,54.452284744140414,14464096.0,234000713.0,0.014979176617938864,15.94,16.32,15.91,16.25,2026-08-25,16.01,3.3509098304086407
000767,晋控电力,2026-08-26,34.279949902106026,34.97548511751108,34.08122555484744,34.77676077025249,81581657.0,284571419.0,0.028013308211668114,3.45,3.52,3.43,3.5,2026-08-25,3.46,9.936217362929282
000768,中航西飞,2026-08-26,166.59672101573315,172.08172362411352,166.26925817344176,169.62575230692826,27657032.0,573098510.0,0.00996142214754255,20.35,21.02,20.31,20.72,2026-08-25,20.46,8.186571057284183
000776,广发证券,2026-08-26,131.82978541077117,138.045728141338,131.70028660388436,137.1392364931303,94668841.0,1990323353.0,0.016034561368520387,20.36,21.32,20.34,21.18,2026-08-25,20.43,6.474940344340431
000777,中核科技,2026-08-26,130.33539316795577,133.37679961069122,127.66488994994415,127.88743188477844,10075216.0,176606637.0,0.026277859910304516,17.57,17.98,17.21,17.24,2026-08-25,17.33,7.418064494476708
000778,新兴铸管,2026-08-26,56.85010532237715,57.789776484730496,56.85010532237715,57.31994090355383,49016826.0,179498932.0,0.01258955675800942,3.63,3.69,3.63,3.66,2026-08-25,3.64,15.661186039222356
000779,甘咨询,2026-08-26,30.714007193060546,30.954901367123767,28.967524431102202,29.14819506164962,90546603.0,896263209.0,0.19481617755364405,10.2,10.28,9.62,9.68,2026-08-25,10.01,3.01117717579025
000782,恒申新材,2026-08-26,26.330429519460715,26.731400527371285,26.063115514187004,26.430672271438358,13540400.0,107191977.0,0.025637917342929598,7.88,8.0,7.8,7.91,2026-08-25,7.88,3.3414250659214106
000783,长江证券,2026-08-26,57.11133535566011,60.905445047120054,57.04477202773976,60.439501751677604,214212794.0,1916286094.0,0.03873597979886901,8.58,9.15,8.57,9.08,2026-08-25,8.6,6.656332792034978
000785,居然智家,2026-08-26,15.680479107357,16.025864109721688,15.680479107357,15.818633108302876,52225132.0,119982506.0,0.008455146778398854,2.27,2.32,2.27,2.29,2026-08-25,2.29,6.907700047293832
000786,北新建材,2026-08-26,204.0182761752116,212.78937992126018,204.0182761752116,211.7080109662679,25030935.0,437459574.0,0.014815518684050002,16.98,17.71,16.98,17.62,2026-08-25,17.0,12.015210611025418
000788,北大医药,2026-08-26,22.45098760764991,22.844864583222716,22.057110632077105,22.25404911986351,19792581.0,112364830.0,0.033209729215343764,5.7,5.8,5.6,5.65,2026-08-25,5.7,3.9387697557280545
000789,万年青,2026-08-26,28.203316833124205,28.475156031515766,28.067397233928425,28.407196231917872,3282366.0,13675041.0,0.004116231239510275,4.15,4.19,4.13,4.18,2026-08-25,4.14,6.795979959788965
000790,华神科技,2026-08-26,51.293892433481425,52.27794792381201,50.5558508157335,51.170885497190106,13543322.0,56554927.0,0.02175135298574485,4.17,4.25,4.11,4.16,2026-08-25,4.18,12.300693629132237
000791,甘肃能源,2026-08-26,28.75859876443253,29.077695560709174,28.55916326675963,29.037808461174595,17126217.0,124311456.0,0.008847866985826873,7.21,7.29,7.16,7.28,2026-08-25,7.21,3.9887099534580486
000792,盐湖股份,2026-08-26,198.31044287905422,205.76517850552963,196.50104102796797,203.738648432313,69093564.0,1936483289.0,0.013057418069160468,27.4,28.43,27.15,28.15,2026-08-25,27.45,7.237607404345045
000795,英洛华,2026-08-26,41.59328819652403,41.872750379255436,40.522016496053645,40.80147867878505,43237438.0,379123485.0,0.03873458068420784,8.93,8.99,8.7,8.76,2026-08-25,9.02,4.657703045523408
000796,凯撒旅业,2026-08-26,16.589507689439138,17.0703629847852,16.148723668705248,16.829935337112172,160068389.0,668357244.0,0.12028326388821754,4.14,4.26,4.03,4.2,2026-08-25,4.18,4.007127461217183
000797,中国武夷,2026-08-26,16.819322628493342,17.09392381426466,16.68202203560768,16.75067233205051,20383041.0,49958445.0,0.012978083569214554,2.45,2.49,2.43,2.44,2026-08-25,2.44,6.865029644282996
000798,中水渔业,2026-08-26,19.308625622519195,20.41507495594445,19.308625622519195,19.91608800165463,21554100.0,197499443.0,0.05891734960343401,8.9,9.41,8.9,9.18,2026-08-25,9.01,2.169508496912269
000799,酒鬼酒,2026-08-26,83.44024213216191,85.01825707403957,83.28892563088597,84.52107428413292,5406936.0,210995515.0,0.016641973239993547,38.6,39.33,38.53,39.1,2026-08-25,38.92,2.1616643039420183
000800,一汽解放,2026-08-26,16.767361868144448,17.03606959039035,16.713620323695267,16.95545727371658,12595117.0,79480880.0,0.0025595470795020856,6.24,6.34,6.22,6.31,2026-08-25,6.24,2.6870772224590462
000801,四川九洲,2026-08-26,170.31786633358587,173.1690024219895,169.4175075688268,171.81846427485092,6732500.0,77098799.0,0.006626684159721729,11.35,11.54,11.29,11.45,2026-08-25,11.39,15.005979412650737
000802,北京文化,2026-08-26,11.167161225422582,11.454974659067494,11.138379882058091,11.426193315703003,86251043.0,340081206.0,0.12053911764657996,3.88,3.98,3.87,3.97,2026-08-25,3.9,2.878134336449119
000803,山高环能,2026-08-26,40.74843322353929,41.58803006193639,40.24467512050103,40.80440634609909,6663546.0,48678290.0,0.014492655720428238,7.28,7.43,7.19,7.29,2026-08-25,7.31,5.597312255980671
000807,云铝股份,2026-08-26,181.63621495508897,185.31053533395146,181.01227375867836,182.67611694910667,71311502.0,1887466822.0,0.020563184663986968,26.2,26.73,26.11,26.35,2026-08-25,26.13,6.9326799601179
000809,和展能源,2026-08-26,9.761644089592151,9.90352845135948,9.70489034488522,9.818397834299082,9756749.0,33774959.0,0.011829354992960625,3.44,3.49,3.42,3.46,2026-08-25,3.46,2.8376872353465554
000810,创维数字,2026-08-26,56.40709566856475,56.697853893660444,55.65112428331595,56.40709566856475,15343181.0,148522402.0,0.013815141087253544,9.7,9.75,9.57,9.7,2026-08-25,9.69,5.815164501913892
000811,冰轮环境,2026-08-26,1049.1156818510692,1053.9514305574583,953.3678574645693,973.1944271607638,49848589.0,2025187903.0,0.050938733262214445,43.39,43.59,39.43,40.25,2026-08-25,42.6,24.17874353194444
000812,陕西金叶,2026-08-26,25.210207838961168,25.628056587673232,25.070924922723812,25.419132213317198,13258950.0,48306698.0,0.017535285723031948,3.62,3.68,3.6,3.65,2026-08-25,3.63,6.964145811867725
000813,德展健康,2026-08-26,13.404419936570935,13.768890569287365,13.363923199602441,13.485413410507919,32044256.0,107346636.0,0.01528274468576178,3.31,3.4,3.3,3.33,2026-08-25,3.31,4.049673696849225
000815,美利云,2026-08-26,56.494469144747626,56.494469144747626,54.160266527389794,55.03982113682898,59477609.0,968568160.0,0.0855469167866806,16.7,16.7,16.01,16.27,2026-08-25,16.7,3.382902343996864
000816,智慧农业,2026-08-26,20.254359372696257,20.6837804194672,20.111219023772605,20.397499721619905,26983600.0,77122499.0,0.01874500169874581,2.83,2.89,2.81,2.85,2026-08-25,2.84,7.157017446182422
000818,航锦科技,2026-08-26,24.339080706977178,25.398187147782885,24.257610980761356,24.7464293380563,20383845.0,249326635.0,0.030968536540429224,11.95,12.47,11.91,12.15,2026-08-25,12.0,2.03674315539558
000819,岳阳兴长,2026-08-26,95.71017348974961,97.22558457000397,94.91258871066836,96.6672752246471,3346090.0,40443981.0,0.009141820203724,12.0,12.19,11.9,12.12,2026-08-25,12.07,7.975847790812467
000822,山东海化,2026-08-26,10.489031197084396,10.632063440681,10.417515075286092,10.6082247334149,11382830.0,50394846.0,0.012716939645370011,4.4,4.46,4.37,4.45,2026-08-25,4.39,2.38387072661009
000823,超声电子,2026-08-26,48.79845612860502,48.83101013536193,47.00798575697508,47.952051952925416,24036041.0,354117529.0,0.04040131351647019,14.99,15.0,14.44,14.73,2026-08-25,14.86,3.255400675690795
000825,太钢不锈,2026-08-26,27.76578423320225,28.79122512817847,27.608024095513603,28.63346499048982,69953187.0,252529675.0,0.012280573020212059,3.52,3.65,3.5,3.63,2026-08-25,3.51,7.888006884432458
000828,东莞控股,2026-08-26,44.52893045893963,45.82026944224887,44.30628580664493,45.24139334628266,11165869.0,113632688.0,0.010741401137192763,10.0,10.29,9.95,10.16,2026-08-25,10.0,4.452893045893963
000829,天音控股,2026-08-26,139.82175525310845,143.11167890612276,139.49276288780703,140.97322853166347,18827958.0,162036751.0,0.018384349726323572,8.5,8.7,8.48,8.57,2026-08-25,8.55,16.44961826507158
000830,鲁西化工,2026-08-26,101.26998457153582,104.78273361335728,100.75592373614731,104.52570319566303,38556127.0,465516158.0,0.020248192318860835,11.82,12.23,11.76,12.2,2026-08-25,11.89,8.567680589808445
000831,中国稀土,2026-08-26,234.36102996405282,236.94797475841284,220.94125384331025,226.47893254373716,40657002.0,2301797355.0,0.038311538684333395,57.98,58.62,54.66,56.03,2026-08-25,57.83,4.0421012411875274
000833,粤桂股份,2026-08-26,41.61672835820985,42.81040214194071,41.47510604488585,41.879741225811564,20182478.0,420810680.0,0.044483539994472014,20.57,21.16,20.5,20.7,2026-08-25,20.88,2.023175904628578
000837,秦川机床,2026-08-26,39.808347240190514,40.398975537522716,39.45397026179119,39.69022158072407,13975439.0,141419871.0,0.013872734471595264,10.11,10.26,10.02,10.08,2026-08-25,10.11,3.93752198221469
000839,国安股份,2026-08-26,57.24394955878787,58.30011098976181,57.24394955878787,57.66641413117745,36923850.0,101216102.0,0.00941976676623965,2.71,2.76,2.71,2.73,2026-08-25,2.73,21.12322861947892
000848,承德露露,2026-08-26,260.4111335462,263.45687779820236,259.8019846957995,260.71570797140026,10039710.0,86222604.0,0.009934266955399633,8.55,8.65,8.53,8.56,2026-08-25,8.59,30.457442520023392
000850,华茂股份,2026-08-26,44.441787682285536,45.44272884630097,43.641034751073185,45.042352380694794,17361029.0,77786997.0,0.01840311692416654,4.44,4.54,4.36,4.5,2026-08-25,4.41,10.009411640154399
000852,石化机械,2026-08-26,29.138820887948658,29.739058771408274,28.975119647005123,29.629924610779252,17257009.0,93263251.0,0.01816032398152624,5.34,5.45,5.31,5.43,2026-08-25,5.34,5.456708031451059
000856,冀东装备,2026-08-26,16.195648844435567,16.515795391360456,16.007327346244455,16.308641743350236,7677000.0,66826155.0,0.03381938325991189,8.6,8.77,8.5,8.66,2026-08-25,8.6,1.8832149819111126
000858,五 粮 液,2026-08-26,1461.8035417809087,1483.8397462005419,1460.7738126024212,1480.7505586650796,19690657.0,1412878689.0,0.005072932904381162,70.98,72.05,70.93,71.9,2026-08-25,71.52,20.594583569750757
000859,国风新材,2026-08-26,32.4757696214722,32.737670989387304,32.2138682535571,32.62542754599512,19881644.0,172914006.0,0.02219129709182733,8.68,8.75,8.61,8.72,2026-08-25,8.68,3.7414481130728348
000860,顺鑫农业,2026-08-26,30.075259271277872,31.00422480861464,30.075259271277872,30.684892905155127,7597853.0,80430652.0,0.010242910661531206,10.36,10.68,10.36,10.57,2026-08-25,10.44,2.903017304177401
000862,银星能源,2026-08-26,13.26258719566293,13.67224239861777,13.26258719566293,13.595432048063737,14212200.0,75306741.0,0.02263207781360669,5.18,5.34,5.18,5.31,2026-08-25,5.22,2.560345018467747
000863,三湘印象,2026-08-26,28.881471525335826,28.881471525335826,27.65825626073337,28.201907489445574,19579236.0,81359204.0,0.016808893829396983,4.25,4.25,4.07,4.15,2026-08-25,4.23,6.795640358902547
000868,安凯客车,2026-08-26,17.128343184682826,17.567531471469568,17.128343184682826,17.421135375873984,9325200.0,33364815.0,0.009925557414666903,3.51,3.6,3.51,3.57,2026-08-25,3.54,4.8798698531859905
000869,张  裕Ａ,2026-08-26,80.53604888774424,81.39174440717653,80.28437373497005,81.03939919329265,1813074.0,29171514.0,0.003985339297894966,16.0,16.17,15.95,16.1,2026-08-25,16.0,5.033503055484015
000875,电投绿能,2026-08-26,7.026370004079573,7.127158098400388,6.997573405702199,7.083963200834324,28459193.0,139949757.0,0.00851449663492181,4.88,4.95,4.86,4.92,2026-08-25,4.91,1.439829918868765
000876,新 希 望,2026-08-26,121.98418486971761,123.90382154148712,121.98418486971761,122.33320971913024,25974791.0,182870504.0,0.005772167394025314,6.99,7.1,6.99,7.01,2026-08-25,7.03,17.45124247063199
000877,天山股份,2026-08-26,27.718968073778992,28.47425330739695,27.567911027055402,28.323196260673356,13564199.0,50712977.0,0.001907632052069461,3.67,3.77,3.65,3.75,2026-08-25,3.71,7.552852336179562
000878,云南铜业,2026-08-26,50.989062327978885,54.40085348436298,50.76995647389917,53.39922672285573,96495920.0,1643397680.0,0.04816076950208957,16.29,17.38,16.22,17.06,2026-08-25,16.17,3.1300836297101835
000880,潍柴重机,2026-08-26,125.78303075385234,126.2182661543847,123.82447145145673,124.5317289773218,5613134.0,128847956.0,0.024724543534067344,23.12,23.2,22.76,22.89,2026-08-25,23.05,5.440442506654513
000881,中广核技,2026-08-26,31.343481655875298,31.977175686242916,31.343481655875298,31.977175686242916,8026500.0,52409891.0,0.008881501244387786,6.43,6.56,6.43,6.56,2026-08-25,6.43,4.8745694643662985
000882,华联股份,2026-08-26,4.164886136147076,4.306548929893576,4.164886136147076,4.249883812394976,72282001.0,108503128.0,0.026425271803550525,1.47,1.52,1.47,1.5,2026-08-25,1.47,2.833255874929984
000883,湖北能源,2026-08-26,26.7828786750934,27.4923589048972,26.7828786750934,27.2558654949626,30802676.0,142041612.0,0.004753803498491526,4.53,4.65,4.53,4.61,2026-08-25,4.54,5.912335248364989
000885,城发环境,2026-08-26,26.287891304264107,26.677662345019257,26.244583410846865,26.54773866476754,4917822.0,60237222.0,0.007659225276208739,12.14,12.32,12.12,12.26,2026-08-25,12.15,2.1653946708619527
000886,海南高速,2026-08-26,14.468431316434028,14.80850128327329,14.406600413372345,14.653924025619082,14757751.0,69998527.0,0.015092384665318852,4.68,4.79,4.66,4.74,2026-08-25,4.67,3.091545153084194
000887,中鼎股份,2026-08-26,201.19772356729197,201.19772356729197,192.27904468656837,193.33394218858945,37032623.0,754349740.0,0.02817517584051149,20.98,20.98,20.05,20.16,2026-08-25,20.87,9.589977291100666
000888,峨眉山Ａ,2026-08-26,63.676056197937605,65.08822679910155,63.676056197937605,64.63889978964029,9886559.0,99446506.0,0.01876316789708524,9.92,10.14,9.92,10.07,2026-08-25,9.97,6.418957278017904
000889,中嘉博创,2026-08-26,19.768053410066184,20.064574211217174,19.422112475390026,19.86689367711651,43596360.0,174789126.0,0.05012231262031459,4.0,4.06,3.93,4.02,2026-08-25,4.01,4.942013352516546
000890,法尔胜,2026-08-26,27.160504691423977,28.332134305563837,25.740347583375666,28.332134305563837,18154200.0,140872542.0,0.04327672824749637,7.65,7.98,7.25,7.98,2026-08-25,7.25,3.5503927701207814
000892,欢瑞世纪,2026-08-26,9.166199657510615,9.556250706766386,9.044308704618187,9.312468800981529,45579900.0,173321654.0,0.06412150044291343,3.76,3.92,3.71,3.82,2026-08-25,3.74,2.437819057848568
000893,亚钾国际,2026-08-26,87.95311658418893,93.91863231772523,86.99710444740427,92.3316521706627,17635269.0,845299455.0,0.021723493003979112,46.0,49.12,45.5,48.29,2026-08-25,46.38,1.9120242735693247
000895,双汇发展,2026-08-26,732.8396632471868,738.9685493197439,727.878184045593,731.6722563762236,10484905.0,263320836.0,0.0030266371303118438,25.11,25.32,24.94,25.07,2026-08-25,25.17,29.185171774081514
000897,津滨发展,2026-08-26,11.436094948456816,11.687437694576746,11.373259261926833,11.498930634986797,23047990.0,42255957.0,0.014251428955871757,1.82,1.86,1.81,1.83,2026-08-25,1.82,6.28356865299825
000898,鞍钢股份,2026-08-26,6.363245502781505,6.552252794943332,6.331744287421199,6.520751579583027,49213324.0,101635502.0,0.0061845401902643335,2.02,2.08,2.01,2.07,2026-08-25,2.02,3.150121536030448
000899,赣能股份,2026-08-26,35.25882927817892,36.07620993583955,35.110214613149715,35.96474893706765,10720942.0,103296429.0,0.010988199628533092,9.49,9.71,9.45,9.68,2026-08-25,9.49,3.7153666257301285
000900,现代投资,2026-08-26,58.49682260308674,59.28732020583116,58.338723082537854,59.12922068528228,18420974.0,68795810.0,0.012137121127758246,3.7,3.75,3.69,3.74,2026-08-25,3.7,15.809952054888308
000901,航天科技,2026-08-26,88.37806407597189,89.02315943419067,87.28140196699998,87.99100686104065,8316988.0,113671804.0,0.010419765683323803,13.7,13.8,13.53,13.64,2026-08-25,13.67,6.45095358218773
000902,新洋丰,2026-08-26,51.18571500721159,52.465357882391885,50.8846225659927,52.16426544117299,12648578.0,175000002.0,0.011068219500736835,13.6,13.94,13.52,13.86,2026-08-25,13.72,3.7636555152361466
000905,厦门港务,2026-08-26,24.632223925930045,24.91055413978236,23.936398391299253,24.298227669307266,15609713.0,136186219.0,0.021042791340682817,8.85,8.95,8.6,8.73,2026-08-25,8.88,2.783302138523169
000906,浙商中拓,2026-08-26,29.957913334849874,31.557875557153093,29.73722889039426,31.006164446014054,20091570.0,112602232.0,0.028551267628736988,5.43,5.72,5.39,5.62,2026-08-25,5.42,5.517111111390401
000910,大亚圣象,2026-08-26,14.557434381813485,14.746141864540695,14.476559746358966,14.665267229086178,2690300.0,14591625.0,0.004916654635303492,5.4,5.47,5.37,5.44,2026-08-25,5.42,2.695821181817312
000912,泸天化,2026-08-26,8.047528661347872,8.40566475360681,7.984328174478649,8.216063292999136,50195950.0,196786762.0,0.032012723214285714,3.82,3.99,3.79,3.9,2026-08-25,3.92,2.1066828956408044
000913,钱江摩托,2026-08-26,36.07590437205439,36.41741465440603,35.76544047900745,36.013811593445006,3413916.0,39667793.0,0.0065639270169106515,11.62,11.73,11.52,11.6,2026-08-25,11.64,3.104638930469397
000915,华特达因,2026-08-26,93.931454696134,94.62667105490473,93.19761520632045,93.73833904091991,2071000.0,50351015.0,0.00884578293636085,24.32,24.5,24.13,24.27,2026-08-25,24.27,3.8623131042818257
000917,电广传媒,2026-08-26,55.836534846312766,57.358621162065916,55.836534846312766,56.63763290723548,19761340.0,139972060.0,0.01394138027221878,6.97,7.16,6.97,7.07,2026-08-25,7.0,8.010980609227083
000919,金陵药业,2026-08-26,25.794808400279113,26.332200241951597,25.449342216346803,25.56449761099091,16560825.0,111192326.0,0.02663510968698859,6.72,6.86,6.63,6.66,2026-08-25,6.71,3.8385131548034397
000920,沃顿科技,2026-08-26,39.158972558020466,39.57009038015192,38.953413646954736,39.227492195042366,5976479.0,68475519.0,0.012646013460221534,11.43,11.55,11.37,11.45,2026-08-25,11.41,3.4259818510954037
000921,海信家电,2026-08-26,39.588756074745326,40.86080858184921,39.588756074745326,40.519526201894514,7537996.0,196829475.0,0.008160098038834359,25.52,26.34,25.52,26.12,2026-08-25,25.67,1.5512835452486413
000922,佳电股份,2026-08-26,40.81350493147088,41.672374984742575,40.60737611868568,40.64173092081654,6247136.0,74702823.0,0.008862075756563599,11.88,12.13,11.82,11.83,2026-08-25,11.83,3.4354802130867745
000923,河钢资源,2026-08-26,26.801046159189866,28.302314180837676,26.74986656754278,27.636979489425578,23679861.0,385281155.0,0.03771270892975332,15.71,16.59,15.68,16.2,2026-08-25,15.61,1.7059863882361468
000925,众合科技,2026-08-26,29.684522855356832,31.57094936774761,29.399779230845013,30.254010104380463,63005103.0,535640245.0,0.09387598044160282,8.34,8.87,8.26,8.5,2026-08-25,8.37,3.5592953063977015
000926,福星股份,2026-08-26,10.48864438491354,10.679347010093787,10.345617416028354,10.440968728618477,33995328.0,75100724.0,0.021608905661427487,2.2,2.24,2.17,2.19,2026-08-25,2.21,4.767565629506154
000927,中国铁物,2026-08-26,3.9000423029518383,3.97835640542075,3.8843794824580553,3.9626935849269675,58969400.0,148552362.0,0.009746443484644084,2.49,2.54,2.48,2.53,2026-08-25,2.48,1.566282049378248
000928,中钢国际,2026-08-26,13.061468662886414,13.265156283360275,13.036007710327182,13.188773425682577,15464893.0,80147434.0,0.010779730365202345,5.13,5.21,5.12,5.18,2026-08-25,5.11,2.5460952559232775
000930,中粮科技,2026-08-26,29.422998493910832,30.088951134719508,29.241375046417552,29.907327687226235,21603070.0,106622677.0,0.011637402614707906,4.86,4.97,4.83,4.94,2026-08-25,4.89,6.054114916442558
000931,中 关 村,2026-08-26,11.3465898178297,11.46644816097579,10.707345321050564,10.847180054720999,147264009.0,824610188.0,0.19608284724547956,5.68,5.74,5.36,5.43,2026-08-25,5.22,1.9976390524348067
000932,华菱钢铁,2026-08-26,9.036864679977995,9.284450013676024,9.012106146608193,9.259691480306222,108099508.0,402104744.0,0.015774941409324447,3.65,3.75,3.64,3.74,2026-08-25,3.66,2.475853336980273
000933,神火股份,2026-08-26,380.4962808596568,391.1548489727631,380.05825751254287,386.9206232839948,42717832.0,1133336961.0,0.019006234414221945,26.06,26.79,26.03,26.5,2026-08-25,26.01,14.60077823713188
000935,四川双马,2026-08-26,57.68449788166484,58.85912687792716,57.48021457796705,58.271812379796,2760280.0,63082128.0,0.003615580525007447,22.59,23.05,22.51,22.82,2026-08-25,22.59,2.5535412962224364
000936,华西股份,2026-08-26,37.17338411030833,37.37252723947069,36.70871680892947,37.37252723947069,30609268.0,171035748.0,0.034552100161693584,5.6,5.63,5.53,5.63,2026-08-25,5.63,6.6381043054122015
000937,冀中能源,2026-08-26,61.84007731887701,63.504510041745334,61.712044032502526,63.24844346899636,30417825.0,149733878.0,0.008054003577644558,4.83,4.96,4.82,4.94,2026-08-25,4.86,12.803328637448656
000938,紫光股份,2026-08-26,260.3198487347201,263.5007960196286,256.69504834028953,258.1745587053632,95230781.0,3342038538.0,0.03329662979046385,35.19,35.62,34.7,34.9,2026-08-25,35.1,7.3975518253685735
000948,南天信息,2026-08-26,35.27502973449377,35.720296589487376,34.92871106949874,35.39871497199199,10156182.0,144964053.0,0.026102159012598002,14.26,14.44,14.12,14.31,2026-08-25,14.37,2.4737047499645
000949,新乡化纤,2026-08-26,31.16832116513878,32.01190820522089,30.679928668249147,31.345918436735015,38655103.0,272780557.0,0.02333538598057501,7.02,7.21,6.91,7.06,2026-08-25,7.04,4.43993178990581
000950,重药控股,2026-08-26,13.440699742613766,13.684632587307304,13.294340035797648,13.318733320267,41800600.0,230257067.0,0.024405146292809668,5.51,5.61,5.45,5.46,2026-08-25,5.58,2.439328446935348
000951,中国重汽,2026-08-26,99.03874547267267,101.85010428340092,98.3482362910903,100.3704417514387,8801196.0,178876596.0,0.0075288571541486495,20.08,20.65,19.94,20.35,2026-08-25,20.07,4.932208439874137
000952,广济药业,2026-08-26,16.64267408663155,16.922596739464804,16.464541489374028,16.74446414220728,5494229.0,36039388.0,0.015971849669065234,6.54,6.65,6.47,6.58,2026-08-25,6.53,2.5447513893932037
000953,中哲精化,2026-08-26,15.773463155086258,15.773463155086258,15.084450723974845,15.182881071276476,11140400.0,69196125.0,0.030428092456945968,6.41,6.41,6.13,6.17,2026-08-25,6.42,2.460758682540758
000955,欣龙控股,2026-08-26,10.125354997980786,10.244757769183389,10.029832781018703,10.196996660702347,8028000.0,34139413.0,0.01491326024851254,4.24,4.29,4.2,4.27,2026-08-25,4.22,2.388055424052072
000957,中通客车,2026-08-26,51.952094604743756,52.50106006166228,51.50294104908315,51.5528469997121,8933900.0,92963269.0,0.015068039622526641,10.41,10.52,10.32,10.33,2026-08-25,10.42,4.990595062895654
000958,电投产融,2026-08-26,25.825590604217915,26.069228251427518,25.776863074775996,26.0205007219856,9506800.0,50673990.0,0.0017659410957333482,5.3,5.35,5.29,5.34,2026-08-25,5.31,4.87275294419206
000959,首钢股份,2026-08-26,8.308202245930264,8.494903419996113,8.284864599172034,8.448228126479652,29412539.0,106136799.0,0.003947140181353548,3.56,3.64,3.55,3.62,2026-08-25,3.56,2.333764675823108
000960,锡业股份,2026-08-26,118.69214609408913,123.87772529237455,117.607580510134,120.556243191512,47418342.0,1694761713.0,0.028818172603469663,35.02,36.55,34.7,35.57,2026-08-25,34.9,3.3892674498597692
000962,东方钽业,2026-08-26,176.40705763147577,181.32610058466116,174.5072893185214,177.49263952459253,20843840.0,1093646182.0,0.04143730931291114,52.0,53.45,51.44,52.32,2026-08-25,51.99,3.3924434159899186
000963,华东医药,2026-08-26,357.5703066596398,360.1889101503732,356.1300747397365,357.5703066596398,15770512.0,431389257.0,0.008996231698435376,27.31,27.51,27.2,27.31,2026-08-25,27.28,13.093017453666782
000965,天保基建,2026-08-26,8.734060727093249,8.897824365726247,8.734060727093249,8.843236486181915,12096992.0,39143849.0,0.010899851549005581,3.2,3.26,3.2,3.24,2026-08-25,3.22,2.7293939772166405
000966,长源电力,2026-08-26,15.559778844819384,15.947803254914632,15.482173962800335,15.870198372895581,39631611.0,161316228.0,0.011385007854801768,4.01,4.11,3.99,4.09,2026-08-25,4.01,3.880244100952465
000967,盈峰环境,2026-08-26,49.209867732862044,50.77399555811194,48.84891515780438,50.59351927058311,62517667.0,518531957.0,0.018619368181162867,8.18,8.44,8.12,8.41,2026-08-25,8.17,6.0158762509611305
000968,蓝焰控股,2026-08-26,12.140012940146876,12.638429893701293,12.104411729178704,12.585028077249035,30917649.0,214611671.0,0.031956138497851776,6.82,7.1,6.8,7.07,2026-08-25,7.16,1.780060548408633
000969,安泰科技,2026-08-26,119.50072531905283,122.6305062202661,119.42959393493433,119.92751362376372,23475707.0,398730205.0,0.022543534746354236,16.8,17.24,16.79,16.86,2026-08-25,16.63,7.113138411848382
000970,中科三环,2026-08-26,212.60804916139935,214.72355213812966,211.0214219288516,212.78434107612688,23087343.0,278816435.0,0.018990584482739267,12.06,12.18,11.97,12.07,2026-08-25,12.13,17.629191472752847
000973,佛塑科技,2026-08-26,51.94539773548775,53.508224887988106,51.57329603251148,52.09423841667826,33116617.0,466296086.0,0.03273217188040242,13.96,14.38,13.86,14.0,2026-08-25,14.04,3.721017029762733
000975,山金国际,2026-08-26,269.31193068201617,273.37190953651896,263.6086270530718,264.5752886850963,50108079.0,1389108561.0,0.01985882401387309,27.86,28.28,27.27,27.37,2026-08-25,27.8,9.666616320244659
000977,浪潮信息,2026-08-26,528.9817121506784,535.1798817071914,522.926029250637,525.7045190518324,33837182.0,2508231469.0,0.02306820857560298,74.25,75.12,73.4,73.79,2026-08-25,74.11,7.12433282357816
000978,桂林旅游,2026-08-26,18.524685671708774,18.764100026108885,18.49475887740876,18.49475887740876,6725343.0,41871434.0,0.014366699581998429,6.19,6.27,6.18,6.18,2026-08-25,6.21,2.9926794300014175
000980,众泰汽车,2026-08-26,3.3365051249988977,3.6802662590896933,3.3365051249988977,3.437611340907955,195290600.0,339150057.0,0.03872891690205877,1.65,1.82,1.65,1.7,2026-08-25,1.66,2.02212431818115
000981,山子高科,2026-08-26,15.461526122840993,16.266215214736064,15.346570538284555,15.806392876510309,344588051.0,947054514.0,0.0362215024468127,2.69,2.83,2.67,2.75,2026-08-25,2.67,5.747779227821931
000983,山西焦煤,2026-08-26,79.8628103748499,81.40074620050038,78.87413734407458,80.85148340562522,54440072.0,399423478.0,0.009589472758650925,7.27,7.41,7.18,7.36,2026-08-25,7.32,10.985255897503425
000985,大庆华科,2026-08-26,26.59527112964794,27.28409369207091,26.544869478738946,27.11608818904092,1932400.0,30968009.0,0.014905950732608503,15.83,16.24,15.8,16.14,2026-08-25,15.93,1.680055030299933
000987,越秀资本,2026-08-26,64.09989012433088,65.97266247856099,64.0147641082295,65.63215841415553,37340032.0,286812939.0,0.007448127885916946,7.53,7.75,7.52,7.71,2026-08-25,7.55,8.512601610136903
000988,华工科技,2026-08-26,1116.0548016119099,1129.5827386011451,1074.097059543735,1097.0311402207979,31059395.0,3231822845.0,0.03090531171630442,105.6,106.88,101.63,103.8,2026-08-25,105.27,10.568700772840057
000989,九芝堂,2026-08-26,50.529042331367506,53.91678494222056,50.529042331367506,51.79226838965169,30908701.0,281347235.0,0.04209559462010836,8.8,9.39,8.8,9.02,2026-08-25,8.85,5.741936628564489
000990,诚志股份,2026-08-26,19.936164434551717,20.314101201083503,19.904669704007404,20.219617009450555,31271293.0,200532492.0,0.018380470660119018,6.33,6.45,6.32,6.42,2026-08-25,6.38,3.149473054431551
000993,闽东电力,2026-08-26,17.18172936741012,17.427433362449694,17.111528225970243,17.339681935649846,4900400.0,48431064.0,0.010700697522622786,9.79,9.93,9.75,9.88,2026-08-25,9.81,1.755028535996948
000995,皇台酒业,2026-08-26,17.59160342157703,18.189297936359722,17.59160342157703,17.817758102846156,8670200.0,96039924.0,0.04887152777777778,10.89,11.26,10.89,11.03,2026-08-25,11.08,1.6153905804937585
000997,新 大 陆,2026-08-26,242.28452243717348,246.69619927288974,237.6343765833104,246.69619927288974,90405209.0,1852710333.0,0.08973761667948932,20.32,20.69,19.93,20.69,2026-08-25,18.81,11.923450907341214
000998,隆平高科,2026-08-26,100.84079707794196,104.73691878322607,99.92406255905158,101.18457252252584,52968593.0,471281275.0,0.0402787506237802,8.8,9.14,8.72,8.83,2026-08-25,8.92,11.459181486129767
000999,华润三九,2026-08-26,92.9382288786129,95.37989210603267,92.9382288786129,94.75978715938638,11123692.0,271551268.0,0.006690697823744145,23.98,24.61,23.98,24.45,2026-08-25,24.11,3.8756559165393205
001201,东瑞股份,2026-08-26,19.458339177895077,19.799428595871532,19.409612118184153,19.701974476449692,2743310.0,33204236.0,0.013618494456675408,11.98,12.19,11.95,12.13,2026-08-25,12.05,1.6242353236974187
001202,炬申股份,2026-08-26,16.88754431116504,17.098638615054604,16.738536567242996,17.048969367080588,1916303.0,26179771.0,0.016403339537683005,13.6,13.77,13.48,13.73,2026-08-25,13.6,1.2417311993503706
001203,大中矿业,2026-08-26,26.849712721547274,28.894421613418952,26.674156907598693,28.243832420550692,27735035.0,755960168.0,0.021237299967073537,26.0,27.98,25.83,27.35,2026-08-25,26.1,1.032681258521049
001205,盛航股份,2026-08-26,19.77120697814194,19.83850176023228,19.51548680619865,19.528945762616715,1999740.0,29200497.0,0.012011580981895299,14.69,14.74,14.5,14.51,2026-08-25,14.63,1.3458956418068033
001206,依依股份,2026-08-26,40.71465168312611,41.18462639878794,40.071528388009895,40.56623861502236,4204692.0,68889517.0,0.03934602840544047,16.46,16.65,16.2,16.4,2026-08-25,16.67,2.473551135062339
001207,联科科技,2026-08-26,26.14584163090694,26.828987136702608,25.959529220235392,26.332154041578487,4579840.0,77752694.0,0.01565103977180233,16.84,17.28,16.72,16.96,2026-08-25,16.84,1.5526034222628824
001208,华菱线缆,2026-08-26,13.442535258456976,13.7897594164245,13.422693878001688,13.640949063009847,12163300.0,167484422.0,0.03816132916267453,13.55,13.9,13.53,13.75,2026-08-25,13.5,0.9920690227643525
001209,洪兴股份,2026-08-26,25.526615855601992,25.833110385600644,25.380666079412162,25.73094554226776,1682940.0,29563260.0,0.01751336047518823,17.49,17.7,17.39,17.63,2026-08-25,17.5,1.4594977618983416
001210,金房能源,2026-08-26,48.436927351258134,49.571323791083145,47.91474486308472,48.995122424822824,7955646.0,215536246.0,0.0596286351335724,26.9,27.53,26.61,27.21,2026-08-25,26.89,1.8006292695634996
001211,双枪科技,2026-08-26,24.233317663919063,25.098425476825653,24.233317663919063,24.614377057699343,2944434.0,70282086.0,0.03154521267928063,23.53,24.37,23.53,23.9,2026-08-25,23.99,1.0298902534602237
001212,中旗新材,2026-08-26,65.81035087102717,67.16644294958168,64.85310940381224,66.10948882953184,2364600.0,78513626.0,0.013091106053909082,33.0,33.68,32.52,33.15,2026-08-25,32.82,1.9942530566977932
001213,中铁特货,2026-08-26,3.625323496951272,3.666172212409878,3.615111318086621,3.655960033545227,7016000.0,25090149.0,0.00157860000015786,3.55,3.59,3.54,3.58,2026-08-25,3.55,1.021217886465147
001215,千味央厨,2026-08-26,32.0476271834733,32.28274534143818,30.882258922256092,31.301382595150002,2105900.0,64776917.0,0.021732345877069865,31.35,31.58,30.21,30.62,2026-08-25,31.37,1.0222528607168517
001216,华瓷股份,2026-08-26,14.907307179191733,15.474320937736369,14.886688497062837,15.165040705802932,3581689.0,52782749.0,0.014510387919237078,14.46,15.01,14.44,14.71,2026-08-25,14.52,1.0309341064447948
001217,华尔泰,2026-08-26,9.890897548726283,10.097573019893698,9.851530792313442,10.097573019893698,3908000.0,39756130.0,0.011893648130565182,10.05,10.26,10.01,10.26,2026-08-25,10.12,0.9841689103210232
001218,丽臣实业,2026-08-26,35.52670869815147,35.76276656325546,35.084100201081476,35.58572316442747,1578300.0,37947853.0,0.013181217479147904,24.08,24.24,23.78,24.12,2026-08-25,24.08,1.475361656899978
001219,青岛食品,2026-08-26,28.008336289644742,28.385627665971175,27.941755458528313,28.008336289644742,1671365.0,21174734.0,0.008787523495314082,12.62,12.79,12.59,12.62,2026-08-25,12.6,2.219361037214322
001220,世盟股份,2026-08-26,30.94947149397047,31.567495261712786,30.650116231470292,31.326079727438444,1253222.0,40501395.0,0.05431669736699534,32.05,32.69,31.74,32.44,2026-08-25,31.86,0.9656621370973627
001221,悍高集团,2026-08-26,36.08784202991514,36.49556068658523,35.99302373766628,36.36281507743683,1899296.0,72553628.0,0.024708039804680018,38.06,38.49,37.96,38.35,2026-08-25,38.47,0.9481829224885743
001222,源飞宠物,2026-08-26,19.01647948069885,19.10784211375643,18.651028948468536,18.912065042918762,3002720.0,43393815.0,0.026573052597912976,14.57,14.64,14.29,14.49,2026-08-25,14.54,1.3051804722511222
001223,欧克科技,2026-08-26,85.21460645504828,86.00284156475746,83.33988511303721,85.21460645504828,1015320.0,40413624.0,0.014538883192906688,40.0,40.37,39.12,40.0,2026-08-25,39.95,2.130365161376207
001225,和泰机电,2026-08-26,53.8163688749072,54.42043015819697,51.94927036292062,52.03713382230823,1840600.0,88833584.0,0.028632185463635756,49.0,49.55,47.3,47.38,2026-08-25,49.52,1.0982932423450449
001226,拓山重工,2026-08-26,47.29144962836698,47.29144962836698,45.83601711148628,46.40201864582877,439300.0,20194875.0,0.012948618185248067,46.79,46.79,45.35,45.91,2026-08-25,46.79,1.0107170256116047
001227,兰州银行,2026-08-26,2.5106548015395114,2.5690421225055466,2.4989773373463047,2.5573646583123395,88350018.0,192589908.0,0.020948433278150227,2.15,2.2,2.14,2.19,2026-08-25,2.15,1.167746419320703
001228,永泰运,2026-08-26,30.266644328043892,30.52454007044372,29.400114633580465,29.616747057196324,1929300.0,55794096.0,0.02415713323031482,29.34,29.59,28.5,28.71,2026-08-25,29.34,1.0315829695993146
001229,魅视科技,2026-08-26,43.968946950309586,44.60587541479994,42.06860300707607,42.38184651420248,3827300.0,156863034.0,0.05189474460932883,42.11,42.72,40.29,40.59,2026-08-25,42.37,1.0441450237546803
001230,劲旅环境,2026-08-26,30.964757397242813,31.59428232526808,28.643384225149642,30.623764727895797,12885359.0,296766792.0,0.11716223106243279,23.61,24.09,21.84,23.35,2026-08-25,23.76,1.311510266719306
001231,农心科技,2026-08-26,20.34909550032203,21.043036797403136,20.34909550032203,20.925750944375345,1700888.0,36126396.0,0.03337500087073086,20.82,21.53,20.82,21.41,2026-08-25,20.91,0.977382108564939
001233,海安集团,2026-08-26,42.48868148022609,43.153621154105785,42.31521895660529,42.816332913732026,942302.0,41900692.0,0.024986047961496272,44.09,44.78,43.91,44.43,2026-08-25,44.09,0.9636806867821748
001234,泰慕士,2026-08-26,23.953223158937508,24.427971726051588,23.629530954087002,24.244546143302966,1383800.0,30962216.0,0.01511664108628327,22.2,22.64,21.9,22.47,2026-08-25,22.2,1.0789740161683563
001236,弘业期货,2026-08-26,7.443095507298513,7.671528105987981,7.424059457407724,7.60490193137022,17386307.0,138202612.0,0.022934727154078377,7.82,8.06,7.8,7.99,2026-08-25,7.83,0.9518024945394518
001237,惠康科技,2026-08-26,53.44200814601244,53.99222138526596,52.91217317487943,53.22803633074719,957432.0,50109085.0,0.02746819000719187,52.45,52.99,51.93,52.24,2026-08-25,52.45,1.0189134060250227
001238,浙江正特,2026-08-26,35.85686924394754,35.85686924394754,34.757484102034056,34.82795750856697,556320.0,13847119.0,0.003833150731803679,25.44,25.44,24.66,24.71,2026-08-25,25.23,1.4094681306583152
001239,永达股份,2026-08-26,12.052830388578549,12.06267747222935,11.865735799213361,11.914971217467357,1061500.0,12882512.0,0.00931140350877193,12.24,12.25,12.05,12.1,2026-08-25,12.16,0.9847083650799469
001255,博菲电气,2026-08-26,26.077637887194523,27.08709483766657,25.780738784114508,26.354743716735868,1407696.0,37522467.0,0.018231148987595272,26.35,27.37,26.05,26.63,2026-08-25,26.15,0.9896636769333784
001256,炜冈科技,2026-08-26,23.970518582888324,24.161265415112897,23.557233779735075,23.67380128831676,3056800.0,68574524.0,0.02859158977376633,22.62,22.8,22.23,22.34,2026-08-25,22.61,1.059704623469864
001257,盛龙股份,2026-08-26,24.051617458136292,25.455260748279894,24.051617458136292,24.905184323764157,26976895.0,710272182.0,0.196986428161325,25.36,26.84,25.36,26.26,2026-08-25,25.54,0.9484076284754058
001258,立新能源,2026-08-26,11.19887380389145,12.67019027854497,11.002073511103399,12.67019027854497,126369850.0,1586435690.0,0.13539796869741177,11.95,13.52,11.74,13.52,2026-08-25,12.29,0.9371442513716695
001259,利仁科技,2026-08-26,48.79786794856437,49.105439817833734,47.302432308323645,47.99181753254809,1069800.0,48360437.0,0.022501025828455992,46.01,46.3,44.6,45.25,2026-08-25,46.09,1.0605926526529965
001260,坤泰股份,2026-08-26,18.196201049613187,18.639764953315666,17.893771115270585,18.44822599489869,3622038.0,66160756.0,0.031495982608695655,18.05,18.49,17.75,18.3,2026-08-25,18.05,1.0080997811420047
001266,宏英智能,2026-08-26,52.103005191525305,54.258991613243595,50.77048580587997,51.474175818524145,1779500.0,61431959.0,0.03060312999423691,34.8,36.24,33.91,34.38,2026-08-25,34.54,1.4972127928599226
001267,汇绿生态,2026-08-26,42.863801337692976,42.94107319176556,40.170325281448555,41.528102145866846,30341124.0,1138877925.0,0.04985752532141803,38.83,38.9,36.39,37.62,2026-08-25,38.14,1.1038836296083692
001268,联合精密,2026-08-26,24.2598888708485,26.961533353523347,24.248906576203478,26.961533353523347,14323583.0,334009012.0,0.15183320774363002,22.09,24.55,22.08,24.55,2026-08-25,22.32,1.0982294645019692
001269,欧晶科技,2026-08-26,27.011170267892417,27.236380650532478,26.800035534167357,26.84226248091237,1091600.0,20925690.0,0.00567323204164539,19.19,19.35,19.04,19.07,2026-08-25,19.15,1.4075648915003864
001270,铖昌科技,2026-08-26,192.8595708884024,193.937209898366,185.316097818657,190.00477280937594,5085837.0,509367572.0,0.024832793673944323,102.01,102.58,98.02,100.5,2026-08-25,100.0,1.8905947543221486
001277,速达股份,2026-08-26,30.699217219125273,33.060695466750296,30.699217219125273,31.98457879694649,9341228.0,297873139.0,0.20507865631599073,30.81,33.18,30.81,32.1,2026-08-25,33.36,0.996404323892414
001278,一彬科技,2026-08-26,16.05891202813418,16.24644695655124,15.841766321546013,16.03917150935344,1684100.0,27374191.0,0.0197407420831079,16.27,16.46,16.05,16.25,2026-08-25,16.34,0.9870259390371348
001279,强邦新材,2026-08-26,25.33585646381992,25.58424721346521,25.206693274004365,25.425277133692223,744200.0,19050178.0,0.018605,25.5,25.75,25.37,25.59,2026-08-25,25.5,0.9935629985811733
001280,中国铀业,2026-08-26,62.93752104221791,63.77357152885213,62.02955223415277,62.27227656898206,8139657.0,569030974.0,0.0468530752796655,70.01,70.94,69.0,69.27,2026-08-25,68.87,0.898979017886272
001282,三联锻造,2026-08-26,32.00922889838713,32.347634925297946,30.39682371134151,30.635698553866792,3774940.0,58628250.0,0.024716880817562296,16.08,16.25,15.27,15.39,2026-08-25,16.16,1.9906236877106427
001283,豪鹏科技,2026-08-26,57.414045394220885,58.720379835495116,56.90961922382787,57.82793353403054,3294087.0,147219898.0,0.03185804746197585,44.39,45.4,44.0,44.71,2026-08-25,44.45,1.2934004369051788
001285,瑞立科密,2026-08-26,43.604513996819705,44.83945648395045,42.871580650799025,44.267166063084986,4033097.0,175654620.0,0.09719062471609236,43.43,44.66,42.7,44.09,2026-08-25,42.13,1.0040182822201176
001286,陕西能源,2026-08-26,10.255828126941207,10.397664047845712,10.212186305124435,10.375843136937327,20730730.0,196652988.0,0.015356096296296296,9.4,9.53,9.36,9.51,2026-08-25,9.42,1.0910455454192773
001287,中电港,2026-08-26,23.08094165007486,23.204040005541923,22.51674085418414,22.81422854656288,12023300.0,267468916.0,0.01582221142945847,22.5,22.62,21.95,22.24,2026-08-25,22.52,1.025819628892216
001288,运机集团,2026-08-26,37.87703779108691,38.85735122228909,36.61257553924643,36.811479713693245,2757560.0,72418641.0,0.018157015516986934,26.66,27.35,25.77,25.91,2026-08-25,26.4,1.420744103191557
001289,龙源电力,2026-08-26,16.36970974154651,16.557268478241507,16.296770232831793,16.536428618608728,4750274.0,75184773.0,0.0009421531193162958,15.71,15.89,15.64,15.87,2026-08-25,15.7,1.0419929816388613
001296,长江材料,2026-08-26,37.60910587382404,37.83936570570459,37.2637161260032,37.724235789764315,1572091.0,30785673.0,0.019412664803150487,19.6,19.72,19.42,19.66,2026-08-25,19.62,1.918831932337961
001298,好上好,2026-08-26,81.49712262438834,82.32497149980537,80.94522337411033,81.12918979086966,5063378.0,89807342.0,0.012427924157415284,17.72,17.9,17.6,17.64,2026-08-25,17.71,4.599160418983541
001299,美能能源,2026-08-26,18.140827932347296,18.744303055096754,18.140827932347296,18.561431805778735,3964178.0,40026837.0,0.014013872318767088,9.92,10.25,9.92,10.15,2026-08-25,9.98,1.828712493180171
001300,三柏硕,2026-08-26,10.73512099470081,10.852989721838574,10.53565084108306,10.716987344371924,3868500.0,45701992.0,0.015869082127613312,11.84,11.97,11.62,11.82,2026-08-25,11.88,0.9066825164443253
001301,尚太科技,2026-08-26,64.58468568512993,65.45015916506624,63.68866608237232,64.014491392466,3240646.0,205213339.0,0.012459718819135011,63.43,64.28,62.55,62.87,2026-08-25,63.0,1.018204094042723
001306,夏厦精密,2026-08-26,55.17880410723168,55.17880410723168,53.415514499397275,54.37823008988157,490900.0,26327749.0,0.031670967741935487,54.45,54.45,52.71,53.66,2026-08-25,54.51,1.013384832088736
001308,康冠科技,2026-08-26,34.699105284391344,35.06598508428196,34.58324850547852,34.79565260015203,1498075.0,27041998.0,0.002840893332782756,17.97,18.16,17.91,18.02,2026-08-25,17.97,1.9309463152137645
001309,德明利,2026-08-26,1166.100372210197,1177.19939632099,1139.8902756952639,1144.1366041809233,8640549.0,3405325624.0,0.05235774423090373,398.19,401.98,389.24,390.69,2026-08-25,397.03,2.9285024039031544
001311,多利科技,2026-08-26,48.344506098781586,48.9784420396436,47.73813259013097,47.90350718339931,3509380.0,61336975.0,0.019295911415877377,17.54,17.77,17.32,17.38,2026-08-25,17.51,2.756243221139201
001312,福恩股份,2026-08-26,17.12418108389573,17.49020921798247,17.12418108389573,17.361604738438484,1634743.0,28717382.0,0.028599288082426625,17.31,17.68,17.31,17.55,2026-08-25,17.44,0.9892652272614519
001313,粤海饲料,2026-08-26,7.705507320779205,7.834428292684135,7.665839329423844,7.735258314295727,11488000.0,89677734.0,0.016431497274519074,7.77,7.9,7.73,7.8,2026-08-25,7.75,0.9916997838840677
001314,亿道信息,2026-08-26,57.49415074973073,57.71917678006235,55.50267038129583,56.425277105655496,3718200.0,186437025.0,0.029961469511529497,51.1,51.3,49.33,50.15,2026-08-25,51.1,1.1251301516581356
001316,润贝航科,2026-08-26,54.831182976228796,55.19672419607032,53.69394362561072,54.201639764279506,2773720.0,74402845.0,0.018446211959991486,27.0,27.18,26.44,26.69,2026-08-25,26.74,2.0307845546751406
001317,三羊马,2026-08-26,47.28544506855045,49.222995012822764,47.0086522193687,47.97742719150485,5957911.0,309620419.0,0.06968111827631929,51.25,53.35,50.95,52.0,2026-08-25,50.67,0.9226428306058625
001318,阳光乳业,2026-08-26,10.486731569580783,10.79298125258624,10.403208928761114,10.53313303670282,5930764.0,67869828.0,0.02098197127290738,11.3,11.63,11.21,11.35,2026-08-25,11.37,0.9280293424407772
001319,铭科精技,2026-08-26,20.676705731224565,20.770454019174704,20.176714862157173,20.447543249568675,1995400.0,39179329.0,0.024334124084642604,19.85,19.94,19.37,19.63,2026-08-25,19.84,1.0416476438904063
001322,箭牌家居,2026-08-26,6.487372236985181,6.549254961026375,6.446117087624385,6.528627386345978,2971200.0,18772581.0,0.003782019743270843,6.29,6.35,6.25,6.33,2026-08-25,6.27,1.0313787340199017
001323,慕思股份,2026-08-26,22.61565028507458,23.039472986929177,22.38019322848869,22.497921756781633,2694020.0,51935012.0,0.008655540477156227,19.21,19.57,19.01,19.11,2026-08-25,19.5,1.1772852829294418
001324,长青科技,2026-08-26,19.05971975947241,19.345717697985396,18.81457866931843,18.94736342648517,2876544.0,53635738.0,0.020844521739130435,18.66,18.94,18.42,18.55,2026-08-25,18.58,1.0214212089749417
001325,元创股份,2026-08-26,38.57000670643418,39.52503751725787,38.02157317150572,38.4565376992076,2717427.0,111368923.0,0.13864423469387754,40.79,41.8,40.21,40.67,2026-08-25,40.79,0.9455750602214802
001326,联域股份,2026-08-26,74.89876227741787,74.89876227741787,70.01936408344928,70.87325876739378,1578600.0,102261805.0,0.06572754197604572,67.54,67.54,63.14,63.91,2026-08-25,66.4,1.1089541349928616
001328,登康口腔,2026-08-26,27.810488440008417,28.324778700762238,27.694045362101892,27.956042287391572,817800.0,23616403.0,0.0050569853861903115,28.66,29.19,28.54,28.81,2026-08-25,28.81,0.970358982554376
001330,博纳影业,2026-08-26,4.609446370119602,4.938692539413858,4.600039336711194,4.797587038287748,87305319.0,442734292.0,0.07507891822792537,4.9,5.25,4.89,5.1,2026-08-25,4.93,0.9407033408407349
001331,胜通能源,2026-08-26,108.9356960456754,110.54731984292997,105.51099547650946,106.77007656811459,4921505.0,210788755.0,0.017218044100048926,43.26,43.9,41.9,42.4,2026-08-25,43.31,2.51816218321025
001332,锡装股份,2026-08-26,61.986282424249964,63.20340437928432,59.76938172043738,60.07366220919597,4879255.0,136859399.0,0.07260266628471039,28.52,29.08,27.5,27.64,2026-08-25,28.48,2.1734320625613592
001333,光华股份,2026-08-26,21.48532479256402,21.821854598419158,21.285510220337528,21.432742010399153,2549000.0,52120045.0,0.034445945945945945,20.43,20.75,20.24,20.38,2026-08-25,20.57,1.0516556432973088
001335,信凯科技,2026-08-26,31.754703306913772,32.00162946015571,31.3892526001157,31.87322786046991,645157.0,20745872.0,0.025256664668809114,32.15,32.4,31.78,32.27,2026-08-25,32.16,0.987704612967769
001336,楚环科技,2026-08-26,18.43702161524953,18.633893175476437,18.22046289899994,18.535457395362982,1255131.0,23568440.0,0.019520328128751294,18.73,18.93,18.51,18.83,2026-08-25,18.72,0.9843578011345185
001337,四川黄金,2026-08-26,49.638848644185934,50.026089299429046,46.648990561843824,47.126287183422534,32129579.0,1712884253.0,0.07649899761904762,55.12,55.55,51.8,52.33,2026-08-25,55.0,0.9005596633560584
001338,永顺泰,2026-08-26,8.786984448911177,8.937103773209204,8.756960584051573,8.847032178630387,13230800.0,117163779.0,0.02637031472536527,8.78,8.93,8.75,8.84,2026-08-25,8.84,1.0007954953201796
001339,智微智能,2026-08-26,86.01040932282127,86.75302497032503,82.18649292895874,85.25670985968317,7472239.0,567428913.0,0.04615351536969142,77.6,78.27,74.15,76.92,2026-08-25,77.69,1.1083815634384186
001356,富岭股份,2026-08-26,9.07425722324366,9.113412594217742,8.995946481295494,9.044890695013098,5637513.0,52056851.0,0.026630166299395595,9.27,9.31,9.19,9.24,2026-08-25,9.32,0.9788842743520668
001358,兴欣新材,2026-08-26,34.029828530435466,34.38734034768128,33.447216680108944,33.93714028151988,1894140.0,48560282.0,0.03715726136934044,25.7,25.97,25.26,25.63,2026-08-25,25.82,1.3241178416511854
001359,平安电工,2026-08-26,99.67845506160984,101.96344671663348,95.99261425124503,97.65755791947835,2767502.0,236792124.0,0.04590257263539889,86.81,88.8,83.6,85.05,2026-08-25,86.81,1.1482370125747015
001360,南矿集团,2026-08-26,17.469082859521535,18.189966437104957,17.281455626999822,17.73571103205239,6014400.0,107898162.0,0.047929481312068596,17.69,18.42,17.5,17.96,2026-08-25,17.83,0.9875117501142756
001365,天海电子,2026-08-26,36.25411780013008,36.64293007798654,36.06496588117288,36.443269719087276,2532004.0,87648529.0,0.04403052875886308,34.5,34.87,34.32,34.68,2026-08-25,34.56,1.050843994206669
001366,播恩集团,2026-08-26,12.29587891605204,12.762308544021728,12.29587891605204,12.573751885906322,5890400.0,74561593.0,0.036659198406771225,12.39,12.86,12.39,12.67,2026-08-25,12.5,0.9924034637652978
001367,海森药业,2026-08-26,43.3885085877784,45.44037894463886,43.3885085877784,43.623618732835325,5296660.0,109356884.0,0.043553269783523474,20.3,21.26,20.3,20.41,2026-08-25,20.61,2.137364955062975
001368,通达创智,2026-08-26,25.459025079989516,25.701282239055157,25.07361596329417,25.238791299020747,1261600.0,28981311.0,0.011672770244361802,23.12,23.34,22.77,22.92,2026-08-25,23.13,1.1011689048438371
001369,双欣材料,2026-08-26,12.20593446217024,12.32367659524584,12.15687524005541,12.235369995439141,4234948.0,52929705.0,0.02041396924002699,12.44,12.56,12.39,12.47,2026-08-25,12.44,0.9811844422966431
001373,翔腾新材,2026-08-26,28.61450998971368,28.941929833562696,28.11841931721518,28.743493564563295,1220295.0,35132359.0,0.029082006255314225,28.84,29.17,28.34,28.97,2026-08-25,28.9,0.992181344997007
001376,百通能源,2026-08-26,9.326935909799683,9.433834888708562,9.273486420345245,9.380385399254122,7254900.0,76381739.0,0.03374524134954862,10.47,10.59,10.41,10.53,2026-08-25,10.49,0.8908248242406575
001378,德冠新材,2026-08-26,29.725893679223148,29.79690632537514,28.16361546387936,28.561286282330506,4533822.0,91801497.0,0.05375590500795041,20.93,20.98,19.83,20.11,2026-08-25,20.92,1.4202529230398064
001379,腾达科技,2026-08-26,16.43174461019843,16.482459871341018,16.04630862551476,16.097023886657347,1323203.0,21110929.0,0.0196617231383944,16.2,16.25,15.82,15.87,2026-08-25,16.18,1.0143052228517548
001380,华纬科技,2026-08-26,37.84289611271204,39.33727296269137,37.84289611271204,38.12858580461986,2495370.0,43596824.0,0.010722058360898795,17.22,17.9,17.22,17.35,2026-08-25,17.22,2.197613014675496
001382,新亚电缆,2026-08-26,15.867426494377243,16.113433106693172,15.744423188219281,15.744423188219281,1961616.0,33003597.0,0.031136761904761903,16.77,17.03,16.64,16.64,2026-08-25,16.8,0.9461792781381779
001386,马可波罗,2026-08-26,15.105202226419571,16.040661295200444,15.105202226419571,15.883110294142613,7985379.0,128011007.0,0.07425303228110111,15.34,16.29,15.34,16.13,2026-08-25,15.36,0.9846937566114453
001387,雪祺电气,2026-08-26,16.15609271991602,16.169195795925685,15.7236912115971,15.946443503761392,2984930.0,36232502.0,0.025641626746041372,12.33,12.34,12.0,12.17,2026-08-25,12.34,1.310307600966425
001388,信通电子,2026-08-26,22.54026006866775,22.61344273122836,21.86070677346209,22.456622740027054,4107268.0,87583655.0,0.03282700509081897,21.56,21.63,20.91,21.48,2026-08-25,21.35,1.0454666080087083
001389,广合科技,2026-08-26,167.24286550983746,172.18682165578662,164.00219626875668,167.79588073869084,5063372.0,769992295.0,0.03323362577869302,151.21,155.68,148.28,151.71,2026-08-25,151.08,1.1060304577067486
001390,古麒绒材,2026-08-26,16.54682120531911,16.623426859047438,16.24997429712183,16.518094085170983,2605770.0,44744845.0,0.021937922659050296,17.28,17.36,16.97,17.25,2026-08-25,17.27,0.957570671604115
001391,国货航,2026-08-26,4.017272919272168,4.065790708152267,4.017272919272168,4.036680034824208,18144088.0,75651708.0,0.011941975182321233,4.14,4.19,4.14,4.16,2026-08-25,4.14,0.970355777601973
001393,维通利,2026-08-26,41.70920579114682,42.089289680850314,41.02905567273004,41.999269812236335,1666283.0,69384261.0,0.03468519404620894,41.7,42.08,41.02,41.99,2026-08-25,41.6,1.0002207623776216
001395,亚联机械,2026-08-26,30.666447017411603,31.114443808622486,30.12245091379839,30.965111544885527,2331888.0,67027718.0,0.043997056659308316,28.75,29.17,28.24,29.03,2026-08-25,28.78,1.0666590266925775
001396,誉帆科技,2026-08-26,33.207157333223655,33.76704545105126,32.9947859781856,33.60294031306731,671240.0,23251532.0,0.02954734336263241,34.4,34.98,34.18,34.81,2026-08-25,34.25,0.965324341082083
001400,江顺科技,2026-08-26,123.86578220712023,125.74824090327706,116.50160378775466,118.353943144773,4921737.0,391309308.0,0.15278254796051408,82.25,83.5,77.36,78.59,2026-08-25,81.92,1.5059669569254739
001696,宗申动力,2026-08-26,427.4936480735734,432.3515304380458,423.20728128139183,427.2078902874279,25048239.0,374980571.0,0.028100356400393052,14.96,15.13,14.81,14.95,2026-08-25,15.01,28.575778614543676
001872,招商港口,2026-08-26,105.77479866908222,106.36622765088784,103.77303903835549,104.18248987191323,2652933.0,61142285.0,0.0011523204300684861,23.25,23.38,22.81,22.9,2026-08-25,23.34,4.549453706197085
001896,豫能控股,2026-08-26,15.80491703813743,16.250696749469512,15.750883133733543,16.210171321166598,61694233.0,733225285.0,0.04043451822811333,11.7,12.03,11.66,12.0,2026-08-25,11.85,1.3508476100972164
001914,招商积余,2026-08-26,88.2718010708286,89.97125816958747,87.57202461839847,89.27148171715734,6232178.0,55578937.0,0.00591447568126555,8.83,9.0,8.76,8.93,2026-08-25,8.84,9.996806463287497
001965,招商公路,2026-08-26,12.991665393888965,13.246403931024044,12.938036228176317,13.15255289102691,19794995.0,194326189.0,0.002913129989103175,9.69,9.88,9.65,9.81,2026-08-25,9.65,1.3407291428161987
001979,招商蛇口,2026-08-26,8.913260147469268,9.199980403961286,8.88832795125257,9.087785520986149,75752476.0,552494545.0,0.00854057738227948,7.15,7.38,7.13,7.29,2026-08-25,7.18,1.2466098108348627
002001,新 和 成,2026-08-26,1171.8409008261294,1187.435741711648,1164.2662638245915,1178.9699709452236,20023933.0,529436593.0,0.00659364594688729,26.3,26.65,26.13,26.46,2026-08-25,26.32,44.55668824433952
002003,伟星股份,2026-08-26,286.1479495436461,290.87766771792127,283.78309045650855,288.2500465099906,9517662.0,104449805.0,0.009311861772139695,10.89,11.07,10.8,10.97,2026-08-25,10.89,26.276212079306347
002004,华邦健康,2026-08-26,109.08970777758228,110.53780124365639,108.84835886656994,109.81375451061933,18274800.0,83166129.0,0.0096930675582129,4.52,4.58,4.51,4.55,2026-08-25,4.54,24.13489110123502
002006,精工科技,2026-08-26,105.49566726333471,107.32829592425367,104.53951317937698,105.41598775633824,5291056.0,70417010.0,0.010181305405337723,13.24,13.47,13.12,13.23,2026-08-25,13.18,7.967950699647637
002007,华兰生物,2026-08-26,586.912258043862,598.4814155185704,585.1323876631377,590.4719988053108,13685484.0,182269507.0,0.008697241530958452,13.19,13.45,13.15,13.27,2026-08-25,13.13,44.49675951810933
002008,大族激光,2026-08-26,1199.7371745232297,1219.914954613319,1163.1649481099428,1200.5779153603166,27336957.0,2330275085.0,0.028573327659436605,85.62,87.06,83.01,85.68,2026-08-25,85.05,14.012347284784274
002009,天奇股份,2026-08-26,91.62006480316606,91.8376896601807,88.02925466242439,89.66144109003424,10409574.0,171872467.0,0.029386373936066336,16.84,16.88,16.18,16.48,2026-08-25,16.69,5.440621425366156
002010,传化智联,2026-08-26,43.12186608010475,44.0393525924474,43.03011742887049,43.85585528997888,17261011.0,82281153.0,0.006260056744286458,4.7,4.8,4.69,4.78,2026-08-25,4.7,9.174865123426542
002011,盾安环境,2026-08-26,60.95438824286532,61.80350409898483,60.95438824286532,61.318295038345106,8922996.0,90415963.0,0.008405902677057655,10.05,10.19,10.05,10.11,2026-08-25,10.06,6.065113257996549
002012,凯恩股份,2026-08-26,38.54055135583229,39.147923941669184,37.933178769995386,38.2644729077246,15294430.0,106564187.0,0.032706580332333056,6.98,7.09,6.87,6.93,2026-08-25,6.9,5.521568962153623
002014,永新股份,2026-08-26,165.57427848543722,168.39572358967337,165.27728426393867,166.7622553714314,3596661.0,40524199.0,0.005891069383481676,11.15,11.34,11.13,11.23,2026-08-25,11.15,14.849711074927104
002015,协鑫能科,2026-08-26,78.77606484244255,86.91842284454663,76.97775264565884,85.61964181353618,213028512.0,3546353330.0,0.13122976770190217,15.77,17.4,15.41,17.14,2026-08-25,15.88,4.995311657732565
002016,世荣兆业,2026-08-26,32.026668281418395,32.58731017693557,31.676267096720157,32.23690899223733,9199200.0,42213306.0,0.011369731384237655,4.57,4.65,4.52,4.6,2026-08-25,4.58,7.008023693964637
002017,东信和平,2026-08-26,140.23883904261174,146.9001838971358,137.25876371295624,144.4460042138901,73566044.0,1193480330.0,0.1268003189996689,16.0,16.76,15.66,16.48,2026-08-25,16.95,8.764927440163234
002019,亿帆医药,2026-08-26,147.50380578900416,149.57092619045167,146.91319996001914,147.79910870349667,9254272.0,92798143.0,0.010984060459078097,9.99,10.13,9.95,10.01,2026-08-25,9.99,14.765145724625041
002020,京新药业,2026-08-26,167.79113642906972,171.31396744274386,167.26923553815507,170.27016566091447,8419289.0,109664336.0,0.011629360833854704,12.86,13.13,12.82,13.05,2026-08-25,12.9,13.04752227286701
002021,中捷资源,2026-08-26,30.13588896082628,30.691901672280636,29.802281333953665,30.13588896082628,24778361.0,67424532.0,0.020727434847554117,2.71,2.76,2.68,2.71,2026-08-25,2.68,11.120254229087188
002022,科华生物,2026-08-26,72.85121620926766,74.53041090912667,72.85121620926766,73.62622914766413,6345800.0,36143776.0,0.012338135874334742,5.64,5.77,5.64,5.7,2026-08-25,5.65,12.916882306607743
002023,海特高新,2026-08-26,106.5912106136302,107.33511736766351,104.25321795809695,105.42221428586357,9978957.0,99217000.0,0.01359234115254459,10.03,10.1,9.81,9.92,2026-08-25,10.03,10.627239343333022
002025,航天电器,2026-08-26,404.58675254648074,411.4430268986175,401.1918982556169,402.85604251584425,7661205.0,466574643.0,0.016879685974591666,60.78,61.81,60.27,60.52,2026-08-25,60.67,6.6565770409095215
002026,山东威达,2026-08-26,42.03857874436527,45.33572217529587,40.76468241877844,44.58637139553892,39692691.0,463872533.0,0.09010951057089973,11.22,12.1,10.88,11.9,2026-08-25,11.0,3.746753898784783
002027,分众传媒,2026-08-26,77.25891861175649,78.0377383558266,76.94739071412845,77.57044650938454,97421609.0,484507789.0,0.006745621224487974,4.96,5.01,4.94,4.98,2026-08-25,4.97,15.576394881402518
002028,思源电气,2026-08-26,3322.896467861142,3382.268895609811,3266.4632692089413,3340.7277910463854,6031685.0,1028498092.0,0.009875458900660827,169.58,172.61,166.7,170.49,2026-08-25,169.6,19.594860643125024
002029,七 匹 狼,2026-08-26,90.46492825361628,92.53033757447511,89.94857592340159,90.56819871965922,15368354.0,135616489.0,0.02309620734851279,8.76,8.96,8.71,8.77,2026-08-25,8.81,10.327046604294097
002030,达安基因,2026-08-26,163.5367311585315,168.6829919292545,158.962277140111,159.81998726856486,37118128.0,210645428.0,0.026447848477012186,5.72,5.9,5.56,5.59,2026-08-25,5.54,28.590337615127883
002031,巨轮智能,2026-08-26,76.14797152319919,77.64106900404623,75.70004227894508,76.745210515538,72007185.0,370141102.0,0.03273964368008763,5.1,5.2,5.07,5.14,2026-08-25,5.16,14.93097480847043
002032,苏 泊 尔,2026-08-26,437.32356453553456,440.97508742212796,436.1421894839896,438.1827463912036,1328100.0,54193420.0,0.0016611962514736973,40.72,41.06,40.61,40.8,2026-08-25,40.72,10.739773195862833
002033,丽江股份,2026-08-26,57.51068498558164,58.58388108300742,57.44755580338012,57.573814167783155,25630420.0,234990490.0,0.04664484887035444,9.11,9.28,9.1,9.12,2026-08-25,9.15,6.312918220151662
002034,旺能环境,2026-08-26,56.032101139034175,56.71588271225629,54.39862293633691,54.474598666694924,20062289.0,292252882.0,0.03899016575566705,14.75,14.93,14.32,14.34,2026-08-25,13.67,3.798786517900622
002035,华帝股份,2026-08-26,89.86089779724391,90.78729880546292,89.49033739395631,89.86089779724391,9471300.0,46066164.0,0.012111053469244215,4.85,4.9,4.83,4.85,2026-08-25,4.83,18.528020164380187
002036,联创电子,2026-08-26,48.30964189856982,48.94622575960515,47.53159495730442,48.02671573810968,26322094.0,179385988.0,0.02493879455485981,6.83,6.92,6.72,6.79,2026-08-25,6.81,7.073154011503634
002037,保利联合,2026-08-26,26.83039040945528,27.618360759219016,26.751593374478908,27.381969654289897,6480064.0,44838727.0,0.013391783592832331,6.81,7.01,6.79,6.95,2026-08-25,6.81,3.93985174881869
002038,双鹭药业,2026-08-26,144.1128302464552,152.949937761568,142.07349774296762,142.30009024335513,98953018.0,640579143.0,0.11611549334215242,6.36,6.75,6.27,6.28,2026-08-25,6.37,22.659250038750816
002039,黔源电力,2026-08-26,70.99636055058544,71.83850407439331,70.9597456147677,71.10620535803865,4960250.0,96671243.0,0.011601346573401344,19.39,19.62,19.38,19.42,2026-08-25,19.46,3.6614935817733594
002040,南 京 港,2026-08-26,26.889585771342556,27.13543341268055,26.705200040339065,26.9817786368443,20185194.0,176591611.0,0.04152687449578943,8.75,8.83,8.69,8.78,2026-08-25,8.83,3.0730955167248637
002041,登海种业,2026-08-26,145.5121671648435,149.123222783824,140.16245513672428,144.1747391578137,109322589.0,1174082893.0,0.12423021477272728,10.88,11.15,10.48,10.78,2026-08-25,11.21,13.374280070298116
002042,华孚时尚,2026-08-26,29.85334908913188,30.006836745117134,29.39288612117612,29.776605261139252,21721700.0,84120280.0,0.012772351467332927,3.89,3.91,3.83,3.88,2026-08-25,3.86,7.674382799262694
002043,兔 宝 宝,2026-08-26,110.16098780681656,112.12662218971553,109.39182652655175,109.56275125549948,7415837.0,96078539.0,0.009199585336695824,12.89,13.12,12.8,12.82,2026-08-25,12.93,8.546236447386855
002044,美年健康,2026-08-26,41.798318104989775,41.976562531876716,41.35270703777239,41.709195891546294,45764848.0,214159314.0,0.011812637874207178,4.69,4.71,4.64,4.68,2026-08-25,4.67,8.912221344347499
002045,国光电器,2026-08-26,49.382663080375934,50.59653859743546,49.161958440910574,49.65854387970765,28015289.0,253246122.0,0.04986409642004542,8.95,9.17,8.91,9.0,2026-08-25,9.01,5.517615986634183
002046,国机精工,2026-08-26,298.7156957593434,311.6640575714924,287.2729574137234,295.5237740103021,8747842.0,428170068.0,0.016499821468443147,49.6,51.75,47.7,49.07,2026-08-25,49.73,6.022493866115795
002047,宝鹰股份,2026-08-26,11.207274555784233,12.290757292295094,11.207274555784233,12.290757292295094,52300053.0,186794782.0,0.03449509924301558,3.31,3.63,3.31,3.63,2026-08-25,3.3,3.3858835515964447
002048,宁波华翔,2026-08-26,166.8070674717602,168.54826859359486,163.67290545245783,163.8470255646413,11529000.0,219542047.0,0.016279981405942584,19.16,19.36,18.8,18.82,2026-08-25,19.14,8.706005609173289
002049,紫光国微,2026-08-26,370.15171070348345,373.0411694957695,368.8875724818583,370.7536812852097,9824356.0,605299467.0,0.011652383509730711,61.49,61.97,61.28,61.59,2026-08-25,61.46,6.0197058172627
002050,三花智控,2026-08-26,553.2781294808416,564.8304289549683,553.2781294808416,556.6668039932521,30388873.0,1103924440.0,0.008233135349437648,35.92,36.67,35.92,36.14,2026-08-25,35.95,15.40306596550227
002051,中工国际,2026-08-26,49.56206713670862,50.237913506754644,48.210374396616565,48.491977050802404,33932524.0,295747581.0,0.027668129531600895,8.8,8.92,8.56,8.61,2026-08-25,8.49,5.6320530837168885
002052,同洲电子,2026-08-26,60.49093048037649,64.00864707615665,59.456307952205854,59.93913179868549,18510110.0,164252466.0,0.026850094163489446,8.77,9.28,8.62,8.69,2026-08-25,8.8,6.897483521137571
002053,云南能投,2026-08-26,20.654840989775305,21.036921835070387,20.609890302093532,20.969495803547726,5645474.0,52543657.0,0.00613156657759778,9.19,9.36,9.17,9.33,2026-08-25,9.21,2.2475343840887168
002054,德美化工,2026-08-26,24.380881030783318,24.718566363619654,24.27957543093242,24.617260763768755,11002300.0,79985469.0,0.028623820099289377,7.22,7.32,7.19,7.29,2026-08-25,7.25,3.3768533283633406
002056,横店东磁,2026-08-26,225.64731802588568,228.30825337996453,222.87994525764373,225.0086935409068,13673378.0,289778091.0,0.00841428844672861,21.2,21.45,20.94,21.14,2026-08-25,21.24,10.643741416315363
002057,中钢天源,2026-08-26,53.26317814838757,54.11441615532527,53.202375433606306,53.62799443707516,13846100.0,122239915.0,0.01838164318022253,8.76,8.9,8.75,8.82,2026-08-25,8.81,6.080271478126435
002059,云南旅游,2026-08-26,9.329470323515404,9.514415770457338,9.308920829410745,9.432217794038701,12198800.0,56031372.0,0.012317127614983754,4.54,4.63,4.53,4.59,2026-08-25,4.54,2.054949410465948
002060,广东建工,2026-08-26,14.557769740189926,14.830727922818486,14.512276709751832,14.785234892380393,13693896.0,44427089.0,0.008762278400622627,3.2,3.26,3.19,3.25,2026-08-25,3.2,4.549303043809352
002061,浙江交科,2026-08-26,12.749365111697188,13.038302564653497,12.71324793007765,13.002185383033959,23603766.0,84673475.0,0.009081382715399594,3.53,3.61,3.52,3.6,2026-08-25,3.53,3.6117181619538776
002062,宏润建设,2026-08-26,88.74591575726109,89.73198148789731,87.10247287286737,88.30766432142276,12126400.0,97917888.0,0.010781888191862129,8.1,8.19,7.95,8.06,2026-08-25,8.05,10.956285895958159
002063,远光软件,2026-08-26,97.69504512871895,98.96853733710077,97.51311767037869,98.24082750373972,13078487.0,70723429.0,0.007392475383415454,5.37,5.44,5.36,5.4,2026-08-25,5.38,18.192745834025875
002064,华峰化学,2026-08-26,131.6771162638954,134.87719019650135,130.72894620978997,131.7956375206586,25503878.0,284648989.0,0.005150227495223107,11.11,11.38,11.03,11.12,2026-08-25,11.2,11.85212567631822
002065,东华软件,2026-08-26,212.97404074996115,215.7722398255081,212.35221873317295,214.21768478353755,22587403.0,155514677.0,0.007667821247536101,6.85,6.94,6.83,6.89,2026-08-25,6.86,31.091100839410387
002066,瑞泰科技,2026-08-26,74.31517207662081,74.97575138396856,72.69675277361885,74.31517207662081,4088801.0,91684706.0,0.01770043722943723,22.5,22.7,22.01,22.5,2026-08-25,22.22,3.302896536738703
002067,景兴纸业,2026-08-26,10.816858047772211,11.351023877291826,10.816858047772211,11.057232671056036,61546518.0,257195456.0,0.04601251548577888,4.05,4.25,4.05,4.14,2026-08-25,4.02,2.6708291475980768
002068,黑猫股份,2026-08-26,50.33368221672695,51.03541923115534,49.63194520229857,50.65265358692167,16302300.0,128974761.0,0.02217982434182654,7.89,8.0,7.78,7.94,2026-08-25,7.82,6.379427403894417
002069,獐子岛,2026-08-26,22.5474898555811,23.184424597264186,22.5474898555811,22.993344174759258,11857372.0,42736802.0,0.01669544020563406,3.54,3.64,3.54,3.61,2026-08-25,3.57,6.36934741683082
002072,凯瑞德,2026-08-26,8.017659029895492,8.71812655266862,7.909894795622703,8.71812655266862,29922249.0,235578357.0,0.08141404090748065,7.44,8.09,7.34,8.09,2026-08-25,7.35,1.0776423427278887
002073,软控股份,2026-08-26,55.70391531256716,56.45161887380967,55.42352647710121,56.07776709318841,22967571.0,137631371.0,0.022649015920483736,5.96,6.04,5.93,6.0,2026-08-25,5.95,9.346294515531403
002074,国轩高科,2026-08-26,117.03976995115858,122.00351019462289,116.60435414032838,121.43746964054363,43164379.0,1196558917.0,0.024854857263206544,26.88,28.02,26.78,27.89,2026-08-25,26.93,4.35415810830203
002075,沙钢股份,2026-08-26,10.808581465267006,11.044190870504433,10.808581465267006,10.955837343540399,26111147.0,97122097.0,0.011902126951124638,3.67,3.75,3.67,3.72,2026-08-25,3.68,2.9451175654678488
002077,大港股份,2026-08-26,18.587763483939312,18.694765411889623,18.297329679502763,18.526619525110565,12970000.0,157233971.0,0.02234864001452176,12.16,12.23,11.97,12.12,2026-08-25,12.14,1.5285989707186936
002078,太阳纸业,2026-08-26,135.04681634893822,137.6612073196453,132.52257679101413,136.12863330233426,84450125.0,1283136822.0,0.030415185343087004,14.98,15.27,14.7,15.1,2026-08-25,13.88,9.015141278300282
002079,苏州固锝,2026-08-26,47.91554777500194,48.0180409253228,46.736876546312054,47.403082023397644,25078459.0,232232849.0,0.03091806613642147,9.35,9.37,9.12,9.25,2026-08-25,9.37,5.124657516042989
002080,中材科技,2026-08-26,312.93051556184014,319.0080655302675,301.9782640562366,316.15921398256717,38822449.0,1920459236.0,0.023134439781522072,49.43,50.39,47.7,49.94,2026-08-25,49.0,6.330781217111878
002081,金 螳 螂,2026-08-26,172.46352430192414,185.1213976451846,169.299055966109,179.1089078071359,559826093.0,3171595258.0,0.21105199610874753,5.45,5.85,5.35,5.66,2026-08-25,5.5,31.644683358151216
002083,孚日股份,2026-08-26,26.090536542838755,26.65940849917419,25.831958380868105,26.40083033720354,32228600.0,326749820.0,0.03405718790727477,10.09,10.31,9.99,10.21,2026-08-25,10.2,2.585781619706517
002084,海鸥住工,2026-08-26,15.44177797785299,15.44177797785299,15.44177797785299,15.44177797785299,3327470.0,15938581.0,0.005161793697644222,4.79,4.79,4.79,4.79,2026-08-25,4.35,3.223753231284549
002085,万丰奥威,2026-08-26,82.31200864498636,83.19106893148621,81.75260664448645,82.71158150248628,17962151.0,185612861.0,0.008459554457540175,10.3,10.41,10.23,10.35,2026-08-25,10.34,7.991457149998675
002086,东方海洋,2026-08-26,7.878558119087165,8.478829213874757,7.84104117566294,8.103659779632514,125380017.0,274056025.0,0.07930568972325475,2.1,2.26,2.09,2.16,2026-08-25,2.1,3.7516943424224594
002088,鲁阳节能,2026-08-26,58.08508821641049,58.36004721388463,57.19147147461956,57.81012921893636,2728110.0,22985157.0,0.005391898607268859,8.45,8.49,8.32,8.41,2026-08-25,8.43,6.873974936853313
002090,金智科技,2026-08-26,54.55970739661302,54.95920316206939,54.16021163115664,54.673849043886264,4855900.0,46441449.0,0.012194972463318212,9.56,9.63,9.49,9.58,2026-08-25,9.56,5.707082363662449
002091,江苏国泰,2026-08-26,63.30701784369625,64.28347570246792,63.06290337900334,63.876618261313055,9904463.0,77764086.0,0.006181125582037182,7.78,7.9,7.75,7.85,2026-08-25,7.79,8.137148823097204
002092,中泰化学,2026-08-26,14.488592621280322,14.882840039546453,14.422884718235965,14.817132136502098,47160800.0,211438495.0,0.018310337857073273,4.41,4.53,4.39,4.51,2026-08-25,4.46,3.28539515221776
002093,国脉科技,2026-08-26,84.5751517090683,85.80444170483963,84.08343571075976,85.18979670695396,8579853.0,59353089.0,0.008515983126550868,6.88,6.98,6.84,6.93,2026-08-25,6.86,12.292899957713415
002094,青岛金王,2026-08-26,25.798091029199636,28.86321075544118,25.695920371658254,28.86321075544118,103515977.0,558150449.0,0.14992460702088448,5.05,5.65,5.03,5.65,2026-08-25,5.14,5.108532877069235
002095,生 意 宝,2026-08-26,62.84937943826191,63.685025490974986,62.62947258228479,63.421137263802436,2045898.0,29415611.0,0.008128047685652465,14.29,14.48,14.24,14.42,2026-08-25,14.32,4.398137119542471
002096,易普力,2026-08-26,46.4904489223197,47.190305142655696,46.390469462271696,46.9903462225597,2911400.0,27337542.0,0.0023470729279373857,9.3,9.44,9.28,9.4,2026-08-25,9.3,4.998973002399968
002097,山河智能,2026-08-26,34.55499239750589,34.981012851721715,34.41298557943394,34.649663609553855,13853200.0,101667014.0,0.012915179610118704,7.3,7.39,7.27,7.32,2026-08-25,7.3,4.733560602398067
002098,浔兴股份,2026-08-26,16.664308407559858,16.873775971342035,16.54793753879198,16.780679276327735,3099300.0,22322347.0,0.008657262569832402,7.16,7.25,7.11,7.21,2026-08-25,7.16,2.327417375357522
002099,海翔药业,2026-08-26,35.857789911412,36.75769583582967,35.788566378764486,36.065460509354544,11017749.0,57730435.0,0.006814358151018613,5.18,5.31,5.17,5.21,2026-08-25,5.19,6.922353264751352
002100,天康生物,2026-08-26,87.5457572873656,89.73136565237613,87.42433460042058,89.12425221765098,17919793.0,131325187.0,0.01312563494939612,7.21,7.39,7.2,7.34,2026-08-25,7.26,12.142268694502858
002101,广东鸿图,2026-08-26,38.166027607308195,38.64202114889594,37.81985048615348,38.51220472846292,4873695.0,43284870.0,0.0073597179383885075,8.82,8.93,8.74,8.9,2026-08-25,8.81,4.327214014434036
002103,广博股份,2026-08-26,15.368501794131939,15.414862282198703,15.136699353798125,15.229420329931651,4516000.0,29728705.0,0.011635109326795358,6.63,6.65,6.53,6.57,2026-08-25,6.63,2.3180244033381507
002104,恒宝股份,2026-08-26,85.55842231333469,86.07427843408692,82.0211231996051,84.15824141415005,81899489.0,931535704.0,0.1365670717873811,11.61,11.68,11.13,11.42,2026-08-25,11.33,7.369373153603332
002105,信隆健康,2026-08-26,9.952109618243295,10.034905871306883,9.819635613341553,9.952109618243295,6455200.0,38619283.0,0.01771110110729364,6.01,6.06,5.93,6.01,2026-08-25,6.04,1.6559250612717629
002106,莱宝高科,2026-08-26,41.430517375824124,41.75199568717873,40.667006386356945,41.390332586904805,9981500.0,102744387.0,0.014160115025048018,10.31,10.39,10.12,10.3,2026-08-25,10.29,4.018478891932505
002107,沃华医药,2026-08-26,54.286794881785376,56.09923159484975,54.20048837163945,55.23616649339053,10812540.0,69315055.0,0.018923010663537774,6.29,6.5,6.28,6.4,2026-08-25,6.32,8.630651014592269
002108,沧州明珠,2026-08-26,81.76664880249908,82.50328527819727,81.39833056464997,81.58248968357451,27308312.0,121266903.0,0.016570595708524698,4.44,4.48,4.42,4.43,2026-08-25,4.45,18.415911892454744
002110,三钢闽光,2026-08-26,7.245125640350597,7.437687119163902,7.245125640350597,7.413616934312239,28218270.0,86290833.0,0.011616872985023867,3.01,3.09,3.01,3.08,2026-08-25,3.02,2.4070184851663115
002111,威海广泰,2026-08-26,50.367745484548024,50.842415337281984,50.104040010806926,50.52596876879267,8898321.0,85243499.0,0.018206223886773308,9.55,9.64,9.5,9.58,2026-08-25,9.54,5.274109474821782
002112,三变科技,2026-08-26,43.66504563628542,44.63728633807567,43.150329970631766,44.17976130193908,9738630.0,149785471.0,0.03715899725274725,15.27,15.61,15.09,15.45,2026-08-25,15.3,2.8595314758536623
002114,罗平锌电,2026-08-26,12.791363919571785,13.130207996911436,12.571115269301012,12.994670365975574,10885161.0,83089856.0,0.03365961578288502,7.55,7.75,7.42,7.67,2026-08-25,7.45,1.6942203866982497
002115,三维通信,2026-08-26,69.169342425965,69.88109431248101,67.74583865293299,68.71640940727299,44938926.0,478588639.0,0.060218358513988025,10.69,10.8,10.47,10.62,2026-08-25,10.69,6.470471695600094
002116,中国海诚,2026-08-26,34.46889972867947,35.136347302955414,34.37355007521147,34.94564799601943,3352537.0,24548507.0,0.006071754058355467,7.23,7.37,7.21,7.33,2026-08-25,7.23,4.767482673399649
002117,东港股份,2026-08-26,55.710589343726376,56.67348841880313,55.710589343726376,55.91692485981426,7670900.0,62605072.0,0.014651573738200564,8.1,8.24,8.1,8.13,2026-08-25,8.19,6.877850536262516
002119,康强电子,2026-08-26,95.6098052312245,96.43652209444305,92.63362452363775,93.04698295524703,33157200.0,755299377.0,0.08835228786732181,23.13,23.33,22.41,22.51,2026-08-25,22.75,4.1335843160927155
002120,韵达股份,2026-08-26,43.38020029256083,43.90285330813386,43.249537038667576,43.64152680034734,35527400.0,237595806.0,0.01262016357964081,6.64,6.72,6.62,6.68,2026-08-25,6.61,6.533162694662776
002121,科陆电子,2026-08-26,76.1905915018989,77.2487941616475,75.73707607629235,76.03941969336339,16460802.0,83213781.0,0.011660258656109989,5.04,5.11,5.01,5.03,2026-08-25,5.04,15.117180853551368
002123,梦网科技,2026-08-26,58.7607370388376,59.50643167131016,58.313320259354064,59.282723281568394,11373256.0,90142864.0,0.015784524585602096,7.88,7.98,7.82,7.95,2026-08-25,7.88,7.456946324725584
002124,天邦食品,2026-08-26,35.172082601635076,36.2614833901813,35.016453917557044,35.172082601635076,60563537.0,138084313.0,0.0307058835680778,2.26,2.33,2.25,2.26,2026-08-25,2.28,15.562868407803132
002125,湘潭电化,2026-08-26,54.502242404522576,55.73705883400004,54.28934302012991,54.92804117330791,26517162.0,343056467.0,0.04212263280315516,12.8,13.09,12.75,12.9,2026-08-25,12.87,4.257987687853326
002126,银轮股份,2026-08-26,243.06652467049847,245.8610762016906,237.0612118055962,242.2341050654625,13902141.0,565959428.0,0.01748372584344118,40.88,41.35,39.87,40.74,2026-08-25,41.2,5.945854321685383
002127,南极电商,2026-08-26,31.16086901487778,32.1312767004622,31.05304593870173,31.376515167229872,33092737.0,96916909.0,0.016590058443796827,2.89,2.98,2.88,2.91,2026-08-25,2.89,10.782307617604767
002128,电投能源,2026-08-26,91.1474693061547,93.27582014614275,90.87720253282288,93.00555337281094,11598318.0,317579126.0,0.005174185917267179,26.98,27.61,26.9,27.53,2026-08-25,26.86,3.378334666647691
002129,TCL中环,2026-08-26,51.613171154471104,52.56482398486808,51.55719157621246,51.7251303109884,60356995.0,561365795.0,0.014941325795905798,9.22,9.39,9.21,9.24,2026-08-25,9.22,5.597957825864545
002130,沃尔核材,2026-08-26,340.4482428662209,351.52791940920446,338.8366535508779,346.4917027987574,45642559.0,787974014.0,0.03953441622243346,16.9,17.45,16.82,17.2,2026-08-25,17.05,20.14486644178822
002131,利欧股份,2026-08-26,207.51513888550073,208.89550566300963,203.37403855297413,207.0550166263311,250927459.0,1127430114.0,0.042858428171607905,4.51,4.54,4.42,4.5,2026-08-25,4.5,46.01222591696247
002132,恒星科技,2026-08-26,28.135752606110298,28.254218932872867,26.29952454129047,26.65492352157818,153909382.0,699481989.0,0.10999919724063129,4.75,4.77,4.44,4.5,2026-08-25,4.81,5.923316338128484
002133,广宇集团,2026-08-26,8.782965995196635,8.877406489768642,8.688525500624628,8.751485830339298,11051200.0,30851335.0,0.014354627553638746,2.79,2.82,2.76,2.78,2026-08-25,2.79,3.148016485733561
002134,天津普林,2026-08-26,26.34970135087722,26.728651993507285,25.55390500135408,25.98338239633482,4580934.0,94342245.0,0.018497029564812566,20.86,21.16,20.23,20.57,2026-08-25,20.93,1.2631688087668849
002135,东南网架,2026-08-26,22.68584794027363,23.17147771269539,22.44303305406275,22.755223622048163,17976645.0,118191011.0,0.01722111289552668,6.54,6.68,6.47,6.56,2026-08-25,6.54,3.4687840887268546
002136,安 纳 达,2026-08-26,26.467703738296965,26.760626941724755,25.881857331441378,26.572319168092605,6648205.0,83890029.0,0.031000356437150486,12.65,12.79,12.37,12.7,2026-08-25,12.58,2.0923085959128036
002137,实益达,2026-08-26,26.452970724674827,26.487731527203966,25.862037081679464,26.313927514558273,11774800.0,88849890.0,0.029699921824946737,7.61,7.62,7.44,7.57,2026-08-25,7.6,3.4760802529139063
002138,顺络电子,2026-08-26,322.8365716861379,328.6064167971242,315.9677084587733,322.0809967311278,21384021.0,1003091425.0,0.027903916533193674,47.0,47.84,46.0,46.89,2026-08-25,47.49,6.868863227364637
002139,拓邦股份,2026-08-26,170.5889559210431,172.35306094607972,169.5304929060211,169.70690340852477,10882757.0,105391269.0,0.010160452020417668,9.67,9.77,9.61,9.62,2026-08-25,9.68,17.6410502503664
002140,东华科技,2026-08-26,83.0272544450322,84.5903367546286,83.0272544450322,84.31449869999395,5316700.0,48713563.0,0.007518900399530413,9.03,9.2,9.03,9.17,2026-08-25,9.12,9.194601821155283
002141,贤丰控股,2026-08-26,38.8469221933677,39.28980241381326,36.6957896940607,37.708087340793405,112951456.0,670138057.0,0.10934992883265333,6.14,6.21,5.8,5.96,2026-08-25,6.13,6.326860292079431
002142,宁波银行,2026-08-26,80.71924869331116,82.35479962035085,80.45467427864298,81.87375523004505,25941960.0,883527374.0,0.003930966739541965,33.56,34.24,33.45,34.04,2026-08-25,33.56,2.405221951528938
002144,宏达高科,2026-08-26,12.612932598363818,12.759071746116694,12.444310504802804,12.590449652555682,4317700.0,48287170.0,0.03136513918891626,11.22,11.35,11.07,11.2,2026-08-25,11.29,1.1241472904067573
002145,钛能化学,2026-08-26,19.62845675242101,20.03456275419524,19.493088085162935,19.89919408693716,35713598.0,157009363.0,0.0093823300985003,4.35,4.44,4.32,4.41,2026-08-25,4.35,4.512288908602531
002146,荣盛发展,2026-08-26,13.486337376121693,13.835121963435185,13.370075847017196,13.718860434330688,118979800.0,140228642.0,0.03042431467078638,1.16,1.19,1.15,1.18,2026-08-25,1.16,11.626152910449736
002148,北纬科技,2026-08-26,63.64125284588084,64.65626485299218,63.33674924374745,64.14875884943652,10063660.0,63545416.0,0.022312785442276266,6.27,6.37,6.24,6.32,2026-08-25,6.27,10.150120071113372
002149,西部材料,2026-08-26,120.1986595693252,121.3608013054927,118.67127328750504,119.36855832920556,16007561.0,577611429.0,0.03279303012802555,36.2,36.55,35.74,35.95,2026-08-25,36.3,3.3204049604785966
002150,正泰电源,2026-08-26,142.8473940498836,153.15867720658784,142.8473940498836,149.08670551413138,8652374.0,197095880.0,0.024134631705889035,21.75,23.32,21.75,22.7,2026-08-25,21.79,6.567696278155568
002151,北斗星通,2026-08-26,166.49039110719482,169.494994768365,165.9601669316942,166.54930490447265,7461406.0,211885406.0,0.01684993532921704,28.26,28.77,28.17,28.27,2026-08-25,28.41,5.891379727784671
002152,广电运通,2026-08-26,176.56017839631872,180.00791055410912,175.8343400473102,179.10061261784847,21360985.0,210491890.0,0.008605896164305472,9.73,9.92,9.69,9.87,2026-08-25,9.74,18.145958725212612
002153,石基信息,2026-08-26,314.2820606530616,322.46648931590175,314.2820606530616,317.1466106850557,19000883.0,147976457.0,0.011877305232491683,7.68,7.88,7.68,7.75,2026-08-25,7.77,40.92214331420073
002154,报 喜 鸟,2026-08-26,60.91530271830223,61.21537810115102,60.31515195260467,60.91530271830223,20821500.0,84458686.0,0.01764343796241866,4.06,4.08,4.02,4.06,2026-08-25,4.08,15.003769142438975
002156,通富微电,2026-08-26,184.30070284989023,186.47174550085717,179.60173382450978,182.15940050921054,62420397.0,3841890386.0,0.04113499989985187,61.97,62.7,60.39,61.25,2026-08-25,60.9,2.9740310287218046
002157,正邦科技,2026-08-26,46.21352553347099,46.99680562725864,46.05686951471346,46.37018155222852,88582712.0,263187750.0,0.011374410140802755,2.95,3.0,2.94,2.96,2026-08-25,2.96,15.665601875752879
002158,汉钟精机,2026-08-26,123.94774918464053,126.29943639015268,117.58436027560764,118.50659055227908,8161480.0,212311984.0,0.015296078453333523,26.88,27.39,25.5,25.7,2026-08-25,26.61,4.6111513833571625
002159,三特索道,2026-08-26,20.589919925585573,20.818696813647634,20.49840917036075,20.72718605842281,2214100.0,29969290.0,0.015989449115634553,13.5,13.65,13.44,13.59,2026-08-25,13.58,1.5251792537470794
002160,常铝股份,2026-08-26,8.226255262064061,8.430380702810067,8.205842717989459,8.348730526511664,19490143.0,79706373.0,0.018909076734487412,4.03,4.13,4.02,4.09,2026-08-25,4.03,2.0412544074600647
002161,远 望 谷,2026-08-26,65.45812041851052,68.42848890808999,65.12807947522391,67.54837972599236,23636632.0,145497252.0,0.03195826553571828,5.95,6.22,5.92,6.14,2026-08-25,5.95,11.001364776220255
002162,悦心健康,2026-08-26,8.570482598161052,8.783149660150158,8.54921589196214,8.613016010558873,10758904.0,43833913.0,0.01171583435908235,4.03,4.13,4.02,4.05,2026-08-25,4.04,2.1266706198910796
002163,海南发展,2026-08-26,36.615137488094874,38.71894123129837,36.5256139245543,37.599896687041195,34847402.0,293012331.0,0.04336687298579069,8.18,8.65,8.16,8.4,2026-08-25,8.2,4.4761781770287135
002164,宁波东力,2026-08-26,32.38188866428954,32.673880446654636,32.06069770368793,32.5570837337086,6085946.0,67673473.0,0.012684996479694656,11.09,11.19,10.98,11.15,2026-08-25,11.12,2.9199178236509953
002165,红 宝 丽,2026-08-26,54.59814207075672,57.72228643992809,54.59814207075672,55.416370357920655,130027003.0,972577393.0,0.17871059282876456,7.34,7.76,7.34,7.45,2026-08-25,7.8,7.438438974217537
002166,莱茵生物,2026-08-26,50.68212446035553,51.35193227260693,50.458855189605075,50.756547550605696,8629251.0,58945351.0,0.011683484005929307,6.81,6.9,6.78,6.82,2026-08-25,6.78,7.442309025015497
002167,东方锆业,2026-08-26,118.8996590538386,124.33087804765594,116.99139292087577,121.17489944314048,63023102.0,1039150785.0,0.0826861361354869,16.2,16.94,15.94,16.51,2026-08-25,16.19,7.339485126780161
002169,智光电气,2026-08-26,99.82659026878105,100.6435018094421,98.92798757405387,99.41813449845051,12066140.0,147518739.0,0.015857221645378925,12.22,12.32,12.11,12.17,2026-08-25,12.22,8.16911540661056
002170,芭田股份,2026-08-26,97.08602604599447,99.00506699209677,96.1265055729433,98.91783785818303,16666894.0,187649135.0,0.02112742907670455,11.13,11.35,11.02,11.34,2026-08-25,11.15,8.722913391374165
002171,楚江新材,2026-08-26,54.939641178813396,56.921999365677806,54.939641178813396,56.07241728559306,48772481.0,482973983.0,0.03022323086237599,9.7,10.05,9.7,9.9,2026-08-25,9.7,5.663880533898289
002172,澳洋健康,2026-08-26,14.365681871704723,14.863068005755599,13.722005698227118,13.868295737653847,270291264.0,1320653622.0,0.35325692830389516,4.91,5.08,4.69,4.74,2026-08-25,4.62,2.9258007885345667
002173,创新医疗,2026-08-26,62.028185388741015,66.18383537085326,61.380993998084186,64.17413578933996,45367680.0,842159413.0,0.10779626877577292,18.21,19.43,18.02,18.84,2026-08-25,18.61,3.4062704771411867
002174,游族网络,2026-08-26,37.443227702792065,37.72288666488761,36.9149829966116,37.163568740696526,16273598.0,194991624.0,0.01661827698497779,12.05,12.14,11.88,11.96,2026-08-25,12.13,3.107321801061582
002176,江特电机,2026-08-26,114.17237184319816,115.83259648968763,111.87359925575123,114.04466225500667,121334071.0,1080346453.0,0.07138303615007766,8.94,9.07,8.76,8.93,2026-08-25,9.35,12.770958819149683
002177,御银股份,2026-08-26,53.57923478217118,55.20833313703449,53.126707461375815,54.84631128039819,57070070.0,342662411.0,0.0835383471201957,5.92,6.1,5.87,6.06,2026-08-25,5.97,9.050546415907293
002178,延华智能,2026-08-26,29.309511895698996,29.755526207155288,29.182079235282917,29.564377216531163,11815900.0,54707783.0,0.01659930673453889,4.6,4.67,4.58,4.64,2026-08-25,4.6,6.37163302080413
002179,中航光电,2026-08-26,494.30163715039816,497.25445457662516,490.90589711023716,492.6775875659733,14931486.0,499458538.0,0.0071223385766037445,33.48,33.68,33.25,33.37,2026-08-25,33.37,14.764087131134952
002180,奔图科技,2026-08-26,81.93269217723962,82.26966564682874,80.68107643305149,80.92177176847227,6876296.0,116061329.0,0.004996063865472155,17.02,17.09,16.76,16.81,2026-08-25,17.1,4.813906708415959
002181,粤 传 媒,2026-08-26,18.95794730394281,19.278492306666482,18.820570874204098,19.04953159043529,16545710.0,137739348.0,0.014583665833109678,8.28,8.42,8.22,8.32,2026-08-25,8.36,2.289607162311934
002182,宝武镁业,2026-08-26,54.80814381803287,56.83296189359411,54.5780508549009,56.556850337835755,21879135.0,266652852.0,0.024402044493482548,11.91,12.35,11.86,12.29,2026-08-25,11.96,4.601859262639199
002183,怡 亚 通,2026-08-26,68.46425803649907,69.69231647661566,68.46425803649907,69.3853018665865,34297775.0,154758420.0,0.013206720461498346,4.46,4.54,4.46,4.52,2026-08-25,4.47,15.350730501457193
002184,海得控制,2026-08-26,32.56285952596009,32.59484661783235,32.01907896413168,32.46689825034331,3809800.0,38457066.0,0.01534419591350771,10.18,10.19,10.01,10.15,2026-08-25,10.16,3.1987091872259423
002185,华天科技,2026-08-26,187.97781489992767,188.64479709354063,182.64195735102373,185.1987224265402,138673732.0,2316699130.0,0.04169351346593527,16.91,16.97,16.43,16.66,2026-08-25,16.84,11.116369893549832
002186,全 聚 德,2026-08-26,21.644506546694476,22.05591216215435,21.598794811643376,21.73593001679667,3775800.0,36013200.0,0.012306976716170061,9.47,9.65,9.45,9.51,2026-08-25,9.5,2.2855867525548548
002187,广百股份,2026-08-26,12.983714915711538,13.14956528872245,12.936329094851274,13.054793647001928,10566200.0,58177648.0,0.015075304478754655,5.48,5.55,5.46,5.51,2026-08-25,5.48,2.369291043013054
002188,中天服务,2026-08-26,10.49122617289378,10.585571732002538,10.378011501963273,10.510095284715533,7375600.0,41043451.0,0.0286583533739952,5.56,5.61,5.5,5.57,2026-08-25,5.59,1.8869111821751405
002189,中光学,2026-08-26,18.480680696170012,18.893600537337843,18.44039583361705,18.64182014638185,1769200.0,32754700.0,0.00677439322705263,18.35,18.76,18.31,18.51,2026-08-25,18.49,1.0071215638239788
002190,成飞集成,2026-08-26,58.311333494097084,61.20029134647737,57.95654919643634,58.79282646949379,6195974.0,145040780.0,0.017272002195817027,23.01,24.15,22.87,23.2,2026-08-25,22.85,2.53417355471956
002191,劲嘉股份,2026-08-26,28.50769357265303,29.355219597785954,28.430645752186397,28.969980495452802,11885600.0,44733595.0,0.008473278932871246,3.7,3.81,3.69,3.76,2026-08-25,3.7,7.70478204666298
002192,融捷股份,2026-08-26,210.78511112555339,219.0028542493567,208.67197717943256,211.81232901602883,26116585.0,1896739709.0,0.10079045525117296,71.82,74.62,71.1,72.17,2026-08-25,72.15,2.9349082585011614
002194,武汉凡谷,2026-08-26,43.625848460261224,45.1451566155937,42.71426356706173,44.71106857121299,41375422.0,420963255.0,0.08039570801081869,10.05,10.4,9.84,10.3,2026-08-25,10.11,4.3408804438070865
002195,岩山科技,2026-08-26,200.48574475881537,203.98628950857247,199.84928207704138,201.7586701223634,80433791.0,510501888.0,0.01432268102363236,6.3,6.41,6.28,6.34,2026-08-25,6.33,31.823134088700854
002196,方正电机,2026-08-26,28.955295057405902,29.59319906729128,28.899825143502827,29.093969842163595,11927000.0,125639362.0,0.024331916803817185,10.44,10.67,10.42,10.49,2026-08-25,10.53,2.773495695153822
002197,证通电子,2026-08-26,24.550375471165466,25.659579182212102,24.254587814886364,25.28984461186322,22738800.0,154016038.0,0.042582021515010754,6.64,6.94,6.56,6.84,2026-08-25,6.66,3.697345703488775
002200,交投生态,2026-08-26,14.033048058373211,14.464518057239736,13.889224725417701,14.341240914706445,4257900.0,29615708.0,0.021754394677415568,6.83,7.04,6.76,6.98,2026-08-25,6.83,2.0546190422215536
002201,九鼎新材,2026-08-26,61.362816435602475,62.04044262936986,60.23343944599016,61.51340003421745,10017280.0,81562452.0,0.016639352668372933,8.15,8.24,8.0,8.17,2026-08-25,8.14,7.52917993074877
002202,金风科技,2026-08-26,156.90580001026137,160.44883420404145,156.90580001026137,156.99015796725612,101321831.0,1904017211.0,0.03012388224782349,18.6,19.02,18.6,18.61,2026-08-25,18.46,8.435795699476417
002203,海亮股份,2026-08-26,76.57541696654565,78.2470217028216,76.05801550055547,76.93361798146192,19102104.0,370620643.0,0.008635119405658536,19.24,19.66,19.11,19.33,2026-08-25,19.1,3.980011276847487
002204,大连重工,2026-08-26,24.985190088295322,25.519892599912538,24.936580769057393,25.422673961436683,19267907.0,100311251.0,0.009976289722196538,5.14,5.25,5.13,5.23,2026-08-25,5.14,4.860931923792864
002205,国统股份,2026-08-26,22.240810821225928,22.46691887948238,22.076368597039412,22.281921377272553,1988802.0,21581229.0,0.010701503742713723,10.82,10.93,10.74,10.84,2026-08-25,10.83,2.0555278023314165
002206,海 利 得,2026-08-26,67.71099367200539,68.48483359968544,67.32407370816534,67.9689403145654,6879050.0,36295845.0,0.006508267578879407,5.25,5.31,5.22,5.27,2026-08-25,5.24,12.897332128001025
002208,合肥城建,2026-08-26,58.960843687002274,59.8688066311717,58.506862214917554,59.18783442304462,21116842.0,220306606.0,0.02629616958961378,10.39,10.55,10.31,10.43,2026-08-25,10.5,5.6747684010589285
002209,达 意 隆,2026-08-26,20.330874929201283,20.55694099587142,19.41153959140938,19.667747800302205,17237700.0,226766882.0,0.10920387934812652,13.49,13.64,12.88,13.05,2026-08-25,13.5,1.5071071111342684
002210,飞马国际,2026-08-26,22.907400950194496,24.514937858980076,22.8069298933954,23.51022729098909,108753095.0,257199790.0,0.04095748571691457,2.28,2.44,2.27,2.34,2026-08-25,2.28,10.047105679909867
002212,天融信,2026-08-26,19.158721634469654,19.374681459656916,19.004464616478757,19.189573038067834,24783683.0,154294961.0,0.021239929607621312,6.21,6.28,6.16,6.22,2026-08-25,6.26,3.08514035981798
002213,大为股份,2026-08-26,63.00104930847484,63.00104930847484,59.467738850782254,60.20143173270749,18330310.0,573936971.0,0.08867306647693822,32.63,32.63,30.8,31.18,2026-08-25,32.63,1.9307707419085147
002215,诺 普 信,2026-08-26,82.69227040445976,88.785385065841,82.08295893832164,87.39267314323958,51136450.0,505746972.0,0.0632828318190357,9.5,10.2,9.43,10.04,2026-08-25,9.52,8.704449516258922
002216,三全食品,2026-08-26,118.01474392563209,119.40315267769834,117.61805571075601,118.01474392563209,6948850.0,82926636.0,0.011021131911999781,11.9,12.04,11.86,11.9,2026-08-25,11.9,9.917205371901856
002217,合力泰,2026-08-26,8.035522163717644,8.423443923345392,8.035522163717644,8.257191740647785,133779060.0,199263610.0,0.01837790678211407,1.45,1.52,1.45,1.49,2026-08-25,1.46,5.5417394232535475
002218,拓日新能,2026-08-26,21.24139632859861,21.83898036853361,21.24139632859861,21.513025437659973,25580400.0,101443162.0,0.01843396146910752,3.91,4.02,3.91,3.96,2026-08-25,3.94,5.432582181227266
002219,新里程,2026-08-26,47.65315263366195,49.40189217985138,47.434560190388275,48.09033752020932,115014500.0,254061079.0,0.03514986511090851,2.18,2.26,2.17,2.2,2026-08-25,2.19,21.85924432736787
002221,东华能源,2026-08-26,22.6971025125827,23.06850964460678,22.57330013524134,22.944707267265418,16804566.0,93217774.0,0.011502073472205231,5.5,5.59,5.47,5.56,2026-08-25,5.52,4.126745911378673
002222,福晶科技,2026-08-26,225.0149776771173,231.9861818048077,224.02915083077727,228.50057974096254,18921130.0,1227142767.0,0.04041666287694078,63.91,65.89,63.63,64.9,2026-08-25,63.75,3.5208101655001927
002223,鱼跃医疗,2026-08-26,253.40251477900992,255.79852948002176,252.15658713448377,252.63579007468613,6725336.0,178143012.0,0.007137200131204581,26.44,26.69,26.31,26.36,2026-08-25,26.43,9.584058804047274
002224,三 力 士,2026-08-26,25.754525040834306,26.93784105622399,25.68491821639962,26.311379636311802,23928300.0,90585827.0,0.029673713448249876,3.7,3.87,3.69,3.78,2026-08-25,3.7,6.960682443468731
002225,濮耐股份,2026-08-26,6.986951052850836,7.142216631803077,6.948134658112776,7.083992039695986,17133117.0,62437908.0,0.01757370646333585,3.6,3.68,3.58,3.65,2026-08-25,3.6,1.94081973690301
002226,江南化工,2026-08-26,65.84309829268494,66.61924483444547,65.1963095078845,65.58438277876476,15254000.0,77812824.0,0.0057585772401676175,5.09,5.15,5.04,5.07,2026-08-25,5.1,12.935775696008829
002228,合兴包装,2026-08-26,37.14223907516784,37.84524675482402,37.02507112855849,37.37657496838657,18880275.0,60526576.0,0.015612284853144896,3.17,3.23,3.16,3.19,2026-08-25,3.17,11.716794660936229
002229,鸿博股份,2026-08-26,54.637246565157554,55.95137090437503,54.131814126996986,55.29430873476629,31482431.0,343155670.0,0.06383761139271919,10.81,11.07,10.71,10.94,2026-08-25,10.91,5.054324381605694
002230,科大讯飞,2026-08-26,544.8906049665918,549.8756270196534,540.7364199223738,549.183262845617,20263643.0,800821802.0,0.009252944704270285,39.35,39.71,39.05,39.66,2026-08-25,39.35,13.847283480726603
002232,启明信息,2026-08-26,44.71123752392626,45.65984935258098,44.26855200388738,44.64799673534927,3747200.0,53251548.0,0.009171984263164084,14.14,14.44,14.0,14.12,2026-08-25,14.17,3.1620394288490985
002233,塔牌集团,2026-08-26,26.596532475047745,27.592519128066176,26.596532475047745,27.371188760728746,15265008.0,112969398.0,0.01300673443963892,7.21,7.48,7.21,7.42,2026-08-25,7.23,3.68883945562382
002234,民和股份,2026-08-26,15.909688959815538,16.24989614511977,15.909688959815538,16.049774271411398,4615184.0,37073437.0,0.015312049499682722,7.95,8.12,7.95,8.02,2026-08-25,8.0,2.0012187370837156
002235,安妮股份,2026-08-26,41.34445900107298,41.81428239881244,40.357829865820094,41.203511981751134,31055042.0,271423881.0,0.05609873415883992,8.8,8.9,8.59,8.77,2026-08-25,8.79,4.698233977394656
002236,大华股份,2026-08-26,792.4672533257786,798.3482719033353,790.9969986813894,795.407762614557,23191255.0,376410872.0,0.009698829723032702,16.17,16.29,16.14,16.23,2026-08-25,16.18,49.008488146306654
002237,恒邦股份,2026-08-26,117.25368997795111,121.5818463194191,116.70283371630973,117.41107748127722,41135919.0,622068265.0,0.03449969532924935,14.9,15.45,14.83,14.92,2026-08-25,14.89,7.869375166305444
002238,天威视讯,2026-08-26,21.743051686479372,22.50191388494527,21.644069660592518,21.97400974688204,10464922.0,70029551.0,0.013039439983464894,6.59,6.82,6.56,6.66,2026-08-25,6.6,3.299400862895201
002239,奥特佳,2026-08-26,22.97004824461186,23.510519968014492,22.879969624044758,23.06012686517897,54345286.0,139974086.0,0.016638933032713243,2.55,2.61,2.54,2.56,2026-08-25,2.55,9.007862056710534
002240,盛新锂能,2026-08-26,48.31298684572307,51.76617738092557,48.12290296305137,50.40390955511174,52014963.0,1649173280.0,0.05698388843743244,30.5,32.68,30.38,31.82,2026-08-25,30.7,1.5840323555974776
002241,歌尔股份,2026-08-26,572.4025464536444,597.4622158042373,568.1845823055247,591.0112118129956,123791999.0,2911374326.0,0.03935263746093068,23.07,24.08,22.9,23.82,2026-08-25,23.07,24.81155381246833
002242,九阳股份,2026-08-26,44.74952239920266,45.01780490759117,44.48123989081415,44.91049190423576,4669203.0,39015216.0,0.00612944828010584,8.34,8.39,8.29,8.37,2026-08-25,8.36,5.365650167770103
002243,力合科创,2026-08-26,13.805426768726981,14.026313597026613,13.750205061652073,13.787019533035345,9935601.0,74789407.0,0.00826478642145671,7.5,7.62,7.47,7.49,2026-08-25,7.5,1.8407235691635975
002244,滨江集团,2026-08-26,53.051976108270956,56.148163266104945,52.81380786536064,55.73136884101191,33327809.0,308831365.0,0.012086024542356874,8.91,9.43,8.87,9.36,2026-08-25,8.98,5.954206072757683
002245,蔚蓝锂芯,2026-08-26,387.05990271301596,390.5666741985246,381.36139904906435,382.8956115739744,40658591.0,714643444.0,0.025267927964778506,17.66,17.82,17.4,17.47,2026-08-25,17.65,21.91732178442899
002246,北化股份,2026-08-26,30.089514483497272,30.410754851648484,29.829462756898664,29.92124571922758,7142000.0,140548030.0,0.013008283041529787,19.67,19.88,19.5,19.56,2026-08-25,19.65,1.5297160388153161
002247,聚力文化,2026-08-26,15.164424197117645,15.351639310662307,15.039614121421204,15.164424197117645,22252304.0,54308384.0,0.034582364220186027,2.43,2.46,2.41,2.43,2026-08-25,2.43,6.240503784822076
002248,华东数控,2026-08-26,18.194774522075477,18.638098977435693,17.80686562363529,18.120887112848777,24072243.0,236445581.0,0.07828483724645166,9.85,10.09,9.64,9.81,2026-08-25,9.85,1.8471852306675611
002249,大洋电机,2026-08-26,93.17831672317074,94.15914110973043,92.33761010611957,93.31843449267926,38997994.0,260190792.0,0.020924177988661374,6.65,6.72,6.59,6.66,2026-08-25,6.69,14.011776950852742
002250,联化科技,2026-08-26,91.78486100412196,94.84036225164822,90.88618416661424,93.8817736249733,19520112.0,304529476.0,0.021801174173231734,15.32,15.83,15.17,15.67,2026-08-25,15.0,5.991178916718144
002251,步步高,2026-08-26,17.263226021338134,17.68773157923989,17.216058737126826,17.31039330554944,85943600.0,317032696.0,0.03867027139070265,3.66,3.75,3.65,3.67,2026-08-25,3.68,4.716728421130638
002252,上海莱士,2026-08-26,118.85564127434823,121.28126660647779,118.61307874113527,120.31101647362595,50305100.0,249709566.0,0.007635567035619452,4.9,5.0,4.89,4.96,2026-08-25,4.9,24.256253321295556
002254,泰和新材,2026-08-26,79.67931280654336,81.1102882202119,78.83373642573922,79.87444581749816,12955600.0,159287511.0,0.015231616100333165,12.25,12.47,12.12,12.28,2026-08-25,12.25,6.504433698493336
002255,海陆重工,2026-08-26,32.7314318081584,33.567483706195645,32.48061623874722,32.77323440306026,12904570.0,101531103.0,0.020228350717830117,7.83,8.03,7.77,7.84,2026-08-25,7.7,4.180259490186257
002256,兆新股份,2026-08-26,46.117636171287245,47.764694605976075,45.98038130172984,46.80391051907426,57377900.0,196010439.0,0.028484616656346516,3.36,3.48,3.35,3.41,2026-08-25,3.38,13.725486955740251
002258,利尔化学,2026-08-26,69.83118745895001,70.52160880388314,69.04213449331216,69.38734516577873,15935900.0,224695224.0,0.019941099932872925,14.16,14.3,14.0,14.07,2026-08-25,14.24,4.931581035236583
002259,升达林业,2026-08-26,10.41501664413436,10.489232914757647,10.068674047892364,10.167629075390076,36616274.0,150957652.0,0.04867060777340166,4.21,4.24,4.07,4.11,2026-08-25,4.19,2.473875687442841
002261,拓维信息,2026-08-26,263.47194080523053,267.3434506582065,262.11168058661735,265.669284235298,25612053.0,648288780.0,0.022347029505218812,25.18,25.55,25.05,25.39,2026-08-25,25.18,10.463540143178337
002262,恩华药业,2026-08-26,184.02466044736673,187.73381530750606,184.02466044736673,186.553629670189,10759462.0,237953268.0,0.012174417823976396,21.83,22.27,21.83,22.13,2026-08-25,21.83,8.429897409407547
002263,大东南,2026-08-26,13.37698080187228,13.641000159803971,13.288974349228384,13.596996933482021,47756459.0,147015846.0,0.025424752352483045,3.04,3.1,3.02,3.09,2026-08-25,3.04,4.400322632194829
002264,新 华 都,2026-08-26,31.36730787250847,31.74867331776693,31.224295830536544,31.224295830536544,9687500.0,63894167.0,0.014883058596654982,6.58,6.66,6.55,6.55,2026-08-25,6.64,4.76706806573077
002265,建设工业,2026-08-26,16.723561117222303,17.174554234857908,16.61311382310746,16.916843881923274,12589881.0,230845836.0,0.012187210601530711,18.17,18.66,18.05,18.38,2026-08-25,18.22,0.9203941176236821
002266,浙富控股,2026-08-26,54.52288114013963,56.33276931076667,54.29664511881125,55.76717925744572,75381705.0,371037688.0,0.015566417819261887,4.82,4.98,4.8,4.93,2026-08-25,4.8,11.31180106641901
002267,陕天然气,2026-08-26,22.227430468473926,22.51038220003866,22.101674143334048,22.51038220003866,5896500.0,41979161.0,0.0053022481761567895,7.07,7.16,7.03,7.16,2026-08-25,7.08,3.1439081284970194
002268,电科网安,2026-08-26,119.30211213380157,122.42565834239565,118.9550514439578,121.55800661778618,7514668.0,104913448.0,0.008890420756277728,13.75,14.11,13.71,14.01,2026-08-25,13.78,8.67651724609466
002269,美邦服饰,2026-08-26,6.144038166153461,6.31352887418528,6.144038166153461,6.228783520169371,43720900.0,64329951.0,0.018654417213303548,1.45,1.49,1.45,1.47,2026-08-25,1.45,4.23726770079549
002270,华明装备,2026-08-26,52.039590953931224,52.0926925773536,50.81825361521651,51.48202390799624,8845710.0,171284168.0,0.009870119111416598,19.6,19.62,19.14,19.39,2026-08-25,19.51,2.65508117111894
002271,东方雨虹,2026-08-26,449.6414770887013,469.4968505020019,447.5732090248159,460.39647102090584,60362435.0,671626581.0,0.030944418460275572,10.87,11.35,10.82,11.13,2026-08-25,10.83,41.36536127770942
002272,川润股份,2026-08-26,59.31404372545633,61.54110419074254,58.23763116723465,60.87298605115667,46707103.0,757804901.0,0.11149122005415439,15.98,16.58,15.69,16.4,2026-08-25,16.09,3.7117674421437
002273,水晶光电,2026-08-26,408.5854804100534,419.80155242130974,399.7728524012091,417.2378788187369,34478337.0,884175025.0,0.02523886027618397,25.5,26.2,24.95,26.04,2026-08-25,25.37,16.022960016080525
002275,桂林三金,2026-08-26,26.482369096172818,26.779209102054658,26.312746235668907,26.312746235668907,4481501.0,55970060.0,0.007935353066603361,12.49,12.63,12.41,12.41,2026-08-25,12.54,2.1202857562988644
002276,万马股份,2026-08-26,38.75468699605724,39.356701551335796,38.56655744753269,38.82993881546705,12408158.0,128795186.0,0.012318014205416112,10.3,10.46,10.25,10.32,2026-08-25,10.27,3.7625909704909937
002277,友阿股份,2026-08-26,39.86711640371655,40.542830241067676,39.49854521970684,39.49854521970684,46177304.0,299643204.0,0.03312165034348683,6.49,6.6,6.43,6.43,2026-08-25,6.58,6.142853066828436
002278,神开股份,2026-08-26,18.16934643816642,18.322397491195503,17.88510876825527,18.147482002019412,8386900.0,69460594.0,0.023373485337172692,8.31,8.38,8.18,8.3,2026-08-25,8.33,2.1864436147011337
002279,久其软件,2026-08-26,58.972522774553205,59.714315513855766,58.32345412766347,58.87979868214038,18204700.0,115722702.0,0.022884621448779806,6.36,6.44,6.29,6.35,2026-08-25,6.36,9.27240924128195
002281,光迅科技,2026-08-26,613.8286829911905,622.9532620581305,594.9225551644906,612.7337335031576,20907390.0,3506787822.0,0.02659872599835127,168.18,170.68,163.0,167.88,2026-08-25,167.32,3.6498316267760162
002282,博深股份,2026-08-26,14.31137478100954,14.31137478100954,14.148215785134841,14.28806635302744,4979400.0,30404826.0,0.01030268073460195,6.14,6.14,6.07,6.13,2026-08-25,6.16,2.330842798210023
002283,天润工业,2026-08-26,42.12971102954567,42.568562186103435,41.49581491451778,41.885904831458014,9592400.0,82650607.0,0.009565363223453376,8.64,8.73,8.51,8.59,2026-08-25,8.68,4.87612396175297
002284,亚太股份,2026-08-26,62.04656080496727,65.39156566866001,62.04656080496727,64.53891737007166,40127219.0,393833771.0,0.05480450366303835,9.46,9.97,9.46,9.84,2026-08-25,9.54,6.558833066064193
002285,世联行,2026-08-26,30.65363952963824,31.773407183688956,30.373697616125565,31.213523356663597,61451922.0,137139912.0,0.03105185987999114,2.19,2.27,2.17,2.23,2026-08-25,2.2,13.9970956756339
002286,保龄宝,2026-08-26,27.060812133868183,27.64166289936788,26.99247674969175,27.334153670573922,6864400.0,54919000.0,0.018568011094108015,7.92,8.09,7.9,8.0,2026-08-25,7.97,3.4167692088217403
002287,奇正藏药,2026-08-26,34.018140213182654,34.81796642129651,34.018140213182654,34.49463242227176,1980901.0,40159148.0,0.003469240636778806,19.99,20.46,19.99,20.27,2026-08-25,20.09,1.701757889603935
002290,禾盛新材,2026-08-26,170.2450227224729,172.49665044235076,166.4831568977989,170.73928246586073,4793238.0,296517246.0,0.019380178982450664,62.0,62.82,60.63,62.18,2026-08-25,62.06,2.7458874632656918
002291,遥望科技,2026-08-26,8.839856414535179,8.99494161479018,8.839856414535179,8.92601485912129,15395200.0,79693624.0,0.01771344192995332,5.13,5.22,5.13,5.18,2026-08-25,5.19,1.723168891722257
002292,奥飞娱乐,2026-08-26,63.23844984355078,64.80569767114807,63.003362669411175,63.55189940907023,37186084.0,302919962.0,0.03653275123736879,8.07,8.27,8.04,8.11,2026-08-25,8.08,7.836239137986466
002293,罗莱生活,2026-08-26,125.21896444381828,126.1946966342896,123.91798818985653,124.5684763168374,5341301.0,61568003.0,0.00643175767425663,11.55,11.64,11.43,11.49,2026-08-25,11.54,10.84146878301457
002294,信立泰,2026-08-26,393.43450698154624,402.837344255319,393.06334235231833,396.28010247229327,11703291.0,376316007.0,0.010500314716295926,31.8,32.56,31.77,32.03,2026-08-25,31.92,12.372154307595792
002295,精艺股份,2026-08-26,14.436209391355241,15.764215666534025,14.38933858164305,15.764215666534025,6692103.0,66118341.0,0.02672276950967747,9.24,10.09,9.21,10.09,2026-08-25,9.17,1.5623603237397448
002296,辉煌科技,2026-08-26,46.931533635542884,47.13896582840716,46.51666924981433,46.620385346246465,6184316.0,55794022.0,0.017800924244461624,9.05,9.09,8.97,8.99,2026-08-25,8.99,5.185804821606948
002297,博云新材,2026-08-26,56.497378344182934,57.33580975796647,54.91725760282166,56.174904723496965,33806136.0,588257173.0,0.05898770151503472,17.52,17.78,17.03,17.42,2026-08-25,17.55,3.2247362068597565
002298,中电鑫龙,2026-08-26,21.029276300609872,21.637670457734433,20.870564781359985,21.478958938484546,32211858.0,260468262.0,0.048415221762322685,7.95,8.18,7.89,8.12,2026-08-25,7.96,2.645191987498097
002299,圣农发展,2026-08-26,41.49849334294888,42.05013494629926,41.2477471596078,41.72416490795585,7716683.0,128550657.0,0.006332418079565381,16.55,16.77,16.45,16.64,2026-08-25,16.55,2.5074618334108085
002300,太阳电缆,2026-08-26,47.80298997328067,48.5797002978096,47.379329796264884,48.22665015029645,15211152.0,103740989.0,0.021059472609315864,6.77,6.88,6.71,6.83,2026-08-25,6.76,7.061002950263023
002301,齐心集团,2026-08-26,39.26219204409933,39.76426611115942,38.65970316362722,38.65970316362722,9240900.0,71894102.0,0.012870536408132415,7.82,7.92,7.7,7.7,2026-08-25,7.83,5.020740670600937
002302,西部建设,2026-08-26,19.87340009408711,20.33852222394872,19.87340009408711,20.211670733986463,8900963.0,42440777.0,0.0070510814371176735,4.7,4.81,4.7,4.78,2026-08-25,4.73,4.228382998741938
002303,美盈森,2026-08-26,63.163420491899814,63.810586685464365,62.12795458219654,62.51625429833527,30785800.0,149109993.0,0.02884284433459538,4.88,4.93,4.8,4.83,2026-08-25,4.89,12.943323871290946
002304,洋河股份,2026-08-26,189.9599659627747,193.69132243704345,189.37845586288861,193.40056738710044,4504686.0,178950293.0,0.002990346202829769,39.2,39.97,39.08,39.91,2026-08-25,39.43,4.845917499050374
002307,北新路桥,2026-08-26,12.055930787799058,12.218300226018572,12.055930787799058,12.137115506908815,18161843.0,54338248.0,0.011148232875918752,2.97,3.01,2.97,2.99,2026-08-25,2.97,4.059235955487898
002309,中利集团,2026-08-26,10.829753142070295,11.04927516522037,10.756579134353604,10.939514153645334,77073300.0,230341715.0,0.03203202905498744,2.96,3.02,2.94,2.99,2026-08-25,2.96,3.6587003858345595
002310,东方新能,2026-08-26,111.40330836697552,113.29953489237084,110.92925173562668,113.29953489237084,65945200.0,156712107.0,0.014990920278659134,2.35,2.39,2.34,2.39,2026-08-25,2.35,47.4056631348832
002311,海大集团,2026-08-26,323.6793402405603,330.0090695608202,320.87411929180877,321.30569174546287,7635187.0,344715598.0,0.004616090358807056,45.0,45.88,44.61,44.67,2026-08-25,45.0,7.192874227568007
002312,川发龙蟒,2026-08-26,151.9856553649002,154.94401362017805,150.87627101917099,153.09503971062938,20173396.0,167577942.0,0.010704132343542692,8.22,8.38,8.16,8.28,2026-08-25,8.21,18.48973909548664
002313,日海智能,2026-08-26,22.63983893260055,22.743930146083777,22.301542488780086,22.53574771911733,11294548.0,97850382.0,0.030168729948477385,8.7,8.74,8.57,8.66,2026-08-25,8.7,2.6022803370805234
002314,南山控股,2026-08-26,4.965040569695761,5.079442426140364,4.965040569695761,5.010801312273602,22354900.0,49190617.0,0.016703652739215275,2.17,2.22,2.17,2.19,2026-08-25,2.18,2.288037128892056
002315,焦点科技,2026-08-26,134.29910436808532,137.63055501907658,133.0498103739636,134.45526611735053,10519742.0,274524834.0,0.03995593860955226,25.8,26.44,25.56,25.83,2026-08-25,25.3,5.20539164217385
002316,亚联发展,2026-08-26,14.34057373670267,14.528852604142967,14.18367468050242,14.403333359182769,7241600.0,33152179.0,0.021249761579881742,4.57,4.63,4.52,4.59,2026-08-25,4.59,3.1379811240049604
002317,众生药业,2026-08-26,296.6955181498199,299.0344658687779,285.3516217128737,287.9244642037275,23009910.0,572550553.0,0.02995994917236332,25.37,25.57,24.4,24.62,2026-08-25,25.49,11.694738594789905
002318,久立特材,2026-08-26,124.6644055204853,128.54823020728287,123.391020377273,124.72807477764593,9947393.0,197638404.0,0.01042676236760098,19.58,20.19,19.38,19.59,2026-08-25,19.58,6.366925716061559
002319,乐通股份,2026-08-26,20.908661000501404,21.05989905475458,20.076851702108943,20.20918499958047,8137900.0,87902683.0,0.03884948912866896,11.06,11.14,10.62,10.69,2026-08-25,11.07,1.8904756781646839
002320,海峡股份,2026-08-26,89.7819721292321,90.88359141916133,88.81805525054403,89.2311624842675,17374500.0,113448038.0,0.007771050918295688,6.52,6.6,6.45,6.48,2026-08-25,6.52,13.770241124115355
002321,华英农业,2026-08-26,4.075112626914479,4.153858764632633,4.035739558055402,4.055426092484941,23341900.0,48467618.0,0.010983131349794995,2.07,2.11,2.05,2.06,2026-08-25,2.07,1.968653442953855
002322,理工能科,2026-08-26,69.00977922044245,70.06247076787292,68.71736490171176,69.94550504038065,9416900.0,111994212.0,0.026799690087904567,11.8,11.98,11.75,11.96,2026-08-25,11.89,5.8482863746137665
002324,普利特,2026-08-26,75.20030657222605,76.03308959074462,74.03441034630008,75.03374996852234,12116282.0,109455628.0,0.01560916997140463,9.03,9.13,8.89,9.01,2026-08-25,8.98,8.32783018518561
002326,永太科技,2026-08-26,118.75011340757544,119.41998584218227,114.97446877615508,115.09626376426542,30699461.0,587241911.0,0.03781797346783845,19.5,19.61,18.88,18.9,2026-08-25,19.41,6.089749405516689
002327,富安娜,2026-08-26,89.09622394214298,89.78689234479525,87.02421873418616,87.8530208173689,16920597.0,107568403.0,0.034462668327162826,6.45,6.5,6.3,6.36,2026-08-25,6.69,13.813368053045423
002328,新朋股份,2026-08-26,24.182803004357133,24.312469508401943,23.728970240200297,24.020719874301122,24645291.0,182811291.0,0.043185386519522466,7.46,7.5,7.32,7.41,2026-08-25,7.47,3.241662601120259
002329,皇氏集团,2026-08-26,19.674484220592557,20.290917146564126,19.674484220592557,19.93133127308071,71890676.0,279438837.0,0.11033065791856267,3.83,3.95,3.83,3.88,2026-08-25,3.91,5.136941049763069
002330,得利斯,2026-08-26,8.081088629462357,8.198489432795952,8.002821427239962,8.06152182890676,10454603.0,43119418.0,0.016460074522018992,4.13,4.19,4.09,4.12,2026-08-25,4.12,1.9566800555598929
002331,皖通科技,2026-08-26,37.89486621804428,38.05750512885133,37.24431057481605,37.9490791883133,5613300.0,39099665.0,0.01396070334467642,6.99,7.02,6.87,7.0,2026-08-25,6.97,5.421297026901899
002332,仙琚制药,2026-08-26,25.131617324999237,25.483518617764684,24.95566667861651,25.102292217268783,11270820.0,96982610.0,0.011447411071490613,8.57,8.69,8.51,8.56,2026-08-25,8.56,2.9325107730454185
002333,罗普斯金,2026-08-26,19.31944875401433,20.419488540719776,19.11319129400706,19.800716160697963,34642150.0,201365093.0,0.05197600748550892,5.62,5.94,5.56,5.76,2026-08-25,5.67,3.4376243334545076
002334,英威腾,2026-08-26,81.09076093073602,83.14828770062037,80.96972994427225,81.57488487659117,9985856.0,67615709.0,0.013585975090091509,6.7,6.87,6.69,6.74,2026-08-25,6.69,12.10309864637851
002335,科华数据,2026-08-26,262.06428656129634,263.7895287374734,257.3198705768094,260.94287914678125,10474768.0,316452435.0,0.015877243209718055,30.38,30.58,29.83,30.25,2026-08-25,30.33,8.626210880885331
002337,赛象科技,2026-08-26,25.051262020035573,25.261776826926628,24.68286110797623,24.94600461659005,8718703.0,41414120.0,0.014832327617418931,4.76,4.8,4.69,4.74,2026-08-25,4.77,5.262870172276381
002338,奥普光电,2026-08-26,144.2559500331246,145.70457353882856,142.13354815267462,144.0201276019635,3230677.0,138243344.0,0.013461154166666666,42.82,43.25,42.19,42.75,2026-08-25,42.7,3.3688918737301403
002339,积成电子,2026-08-26,40.36270535150497,40.47033923244231,39.55545124447487,39.93216982775558,12503110.0,92919620.0,0.026117767149042313,7.5,7.52,7.35,7.42,2026-08-25,7.45,5.381694046867329
002340,格林美,2026-08-26,156.4854505754948,162.99563110791138,156.2443327779979,160.58445313294226,121501243.0,806749609.0,0.023936500528273556,6.49,6.76,6.48,6.66,2026-08-25,6.51,24.11177974969103
002342,巨力索具,2026-08-26,19.165342871985438,19.618067506756745,18.913829186001376,19.291099714977467,32383438.0,248187608.0,0.033920369963024645,7.62,7.8,7.52,7.67,2026-08-25,7.61,2.5151368598406085
002343,慈文传媒,2026-08-26,16.027079069865543,16.244080140443995,15.90307845810643,16.15107968162466,8883040.0,46183360.0,0.018753239817120022,5.17,5.24,5.13,5.21,2026-08-25,5.17,3.1000152939778616
002344,海宁皮城,2026-08-26,17.178817489682647,17.443786396978524,17.178817489682647,17.311301943330587,6136704.0,24060709.0,0.004789547526564758,3.89,3.95,3.89,3.92,2026-08-25,3.91,4.416148454931272
002345,潮宏基,2026-08-26,68.39410459815441,70.86530497683376,67.95801041368159,69.8477518797305,19770199.0,190086396.0,0.02279696675169665,9.41,9.75,9.35,9.61,2026-08-25,9.55,7.2682364078803845
002346,柘中股份,2026-08-26,51.262470595614154,53.48475987131297,50.6382320350246,51.78683098650937,12253315.0,254718004.0,0.027749087825124762,20.53,21.42,20.28,20.74,2026-08-25,20.62,2.496954242358215
002347,泰尔股份,2026-08-26,23.5331512451345,23.610435814084042,23.10808611591204,23.339939822760655,9500500.0,57521617.0,0.01925583554019437,6.09,6.11,5.98,6.04,2026-08-25,6.05,3.8642284474769295
002348,高乐股份,2026-08-26,72.73467451802554,73.44839567743524,71.63165090802872,72.54002329273197,12345902.0,138424295.0,0.013664029995212162,11.21,11.32,11.04,11.18,2026-08-25,11.21,6.4883741764518765
002349,精华制药,2026-08-26,57.26039750195355,59.144502140787495,57.09656231596799,57.915738245895795,16530600.0,117651715.0,0.02030335007560752,6.99,7.22,6.97,7.07,2026-08-25,7.0,8.191759299278047
002350,北京科锐,2026-08-26,72.72757671820845,75.23542419125012,72.12569332467845,73.73071570742512,8961258.0,132184336.0,0.01689045924820365,14.5,15.0,14.38,14.7,2026-08-25,14.36,5.015694946083341
002351,漫步者,2026-08-26,77.23607772071342,78.76550500231173,77.00666362847369,77.77137726927283,7942343.0,80994808.0,0.015058241519061067,10.1,10.3,10.07,10.17,2026-08-25,10.15,7.647136407991429
002352,顺丰控股,2026-08-26,121.83570533565833,124.68978179165035,121.72450755165866,124.46738622365096,25087749.0,837186151.0,0.00522757792760901,32.87,33.64,32.84,33.58,2026-08-25,32.92,3.706592799989606
002353,杰瑞股份,2026-08-26,1231.6407049825623,1246.0276135060374,1184.2332413540023,1191.686699986646,12554955.0,1742262618.0,0.018167402075271732,142.11,143.77,136.64,137.5,2026-08-25,141.38,8.666812363539245
002354,天娱数科,2026-08-26,20.625320041966493,20.742343134403182,20.186483445328907,20.56680849574815,117636067.0,825123975.0,0.07230271468665524,7.05,7.09,6.9,7.03,2026-08-25,7.05,2.925577310917233
002355,兴民智通,2026-08-26,10.16328549889733,10.544408705105981,10.099764964529221,10.396194124913729,22291222.0,109367219.0,0.036060214506880954,4.8,4.98,4.77,4.91,2026-08-25,4.81,2.1173511456036107
002356,赫美集团,2026-08-26,14.925114145673724,15.191634041132184,14.871810166582033,14.978418124765417,12754691.0,35917002.0,0.009727145835780701,2.8,2.85,2.79,2.81,2026-08-25,2.8,5.3303979091691875
002357,富临运业,2026-08-26,49.50042916074733,50.07912122827406,48.29853025126876,49.27785528862167,8643413.0,95592131.0,0.027572649119067084,11.12,11.25,10.85,11.07,2026-08-25,11.13,4.45147744251325
002358,森源电气,2026-08-26,44.7811321817737,45.68997434782446,44.7811321817737,45.359486287442365,11150200.0,61226729.0,0.0119926126572978,5.42,5.53,5.42,5.49,2026-08-25,5.42,8.262201509552343
002361,神剑股份,2026-08-26,102.58294344470488,103.278757983574,100.2966956741349,102.48354136772357,46138877.0,473034225.0,0.05463306253841399,10.32,10.39,10.09,10.31,2026-08-25,10.32,9.940207698130317
002362,汉王科技,2026-08-26,31.39987788457445,31.616836839807068,30.82789518441575,31.10402476380271,2403600.0,37953867.0,0.011573983118972921,15.92,16.03,15.63,15.77,2026-08-25,16.0,1.9723541384782948
002363,隆基机械,2026-08-26,18.789128996860473,19.01618795754761,18.675599516516908,18.73236425668869,3229230.0,21415556.0,0.007767087351046551,6.62,6.7,6.58,6.6,2026-08-25,6.62,2.8382370085891955
002364,中恒电气,2026-08-26,267.540872323745,275.9343114554704,264.11355134495716,268.5900522152107,26840014.0,1033995283.0,0.04809138275348054,38.25,39.45,37.76,38.4,2026-08-25,38.14,6.994532609771111
002365,永安药业,2026-08-26,53.520863108044004,54.64245290467623,50.2612427615816,52.679670760569834,49702656.0,739817280.0,0.20262940450437078,15.27,15.59,14.34,15.03,2026-08-25,15.72,3.5049681144757043
002366,融发核电,2026-08-26,14.368959671381791,14.368959671381791,14.161715060736862,14.368959671381791,80132767.0,499945951.0,0.0433052268895583,6.24,6.24,6.15,6.24,2026-08-25,5.67,2.3027178960547743
002367,康力电梯,2026-08-26,51.267117156411764,52.31728156743696,50.78976969685486,52.030873091702816,10110600.0,54428826.0,0.012720228197768727,5.37,5.48,5.32,5.45,2026-08-25,5.37,9.54694919113813
002368,太极股份,2026-08-26,75.34448706658613,76.97143429289365,74.61516589617241,76.63482452193347,7719011.0,104497726.0,0.012418491878036342,13.43,13.72,13.3,13.66,2026-08-25,13.48,5.610162849336271
002369,卓翼科技,2026-08-26,25.03417426952768,26.74484284461207,24.783832526832402,25.70175225004842,38376530.0,236720853.0,0.06768869373843077,6.0,6.41,5.94,6.16,2026-08-25,5.98,4.172362378254613
002370,亚太药业,2026-08-26,18.272282538878496,18.59799167504389,17.97914431632964,18.1094279707958,20325558.0,113606205.0,0.027259849564899817,5.61,5.71,5.52,5.56,2026-08-25,5.6,3.257091361653921
002371,北方华创,2026-08-26,4231.195852525672,4524.789034129494,4216.762009977953,4416.503700081542,9796253.0,6824428490.0,0.013510476388760802,671.3,717.88,669.01,700.7,2026-08-25,700.4,6.302988012104383
002372,伟星新材,2026-08-26,81.98556738121312,84.97915111362491,81.50273129534024,83.82034450753001,14162298.0,123053973.0,0.00963350784428603,8.49,8.8,8.44,8.68,2026-08-25,8.46,9.656721717457375
002373,千方科技,2026-08-26,31.434355163371787,31.7622232745934,31.147470566052878,31.311404621663684,11117900.0,85201519.0,0.008070519313465772,7.67,7.75,7.6,7.64,2026-08-25,7.64,4.098351390270116
002374,中锐股份,2026-08-26,19.744811256289186,20.066387986847644,19.680495910177495,19.873441948512568,11134600.0,34437255.0,0.010260325058424698,3.07,3.12,3.06,3.09,2026-08-25,3.07,6.431534611169116
002375,亚厦股份,2026-08-26,22.758233687762967,23.06744881939018,22.696390661437523,22.943762766739294,9942700.0,36900020.0,0.007470117533242636,3.68,3.73,3.67,3.71,2026-08-25,3.68,6.184302632544284
002376,新北洋,2026-08-26,35.853145652112744,36.06624012849974,35.586777556628995,35.640051175725745,10788300.0,72482178.0,0.01370004520393937,6.73,6.77,6.68,6.69,2026-08-25,6.78,5.327361909674999
002377,国创高新,2026-08-26,11.36125456877098,11.61095247138133,11.319638251669254,11.52771983717788,17852000.0,49345496.0,0.02046255856640846,2.73,2.79,2.72,2.77,2026-08-25,2.75,4.16163171017252
002378,章源钨业,2026-08-26,68.98791158829044,70.44346864011345,68.19147471087786,68.96044824769001,24889684.0,628353475.0,0.020812548498180965,25.12,25.65,24.83,25.11,2026-08-25,24.95,2.7463340600434094
002379,宏桥控股,2026-08-26,133.44262652705083,137.82144463889512,133.07154024638606,136.63396854076785,38604412.0,708732243.0,0.03397158012325193,17.98,18.57,17.93,18.41,2026-08-25,17.93,7.421725613295375
002380,科远智慧,2026-08-26,95.95268342720378,96.6380597373981,94.71900606885403,95.37011356353861,3288423.0,91857946.0,0.023124688695443776,28.0,28.2,27.64,27.83,2026-08-25,28.02,3.4268815509715638
002381,双箭股份,2026-08-26,34.858438850089215,35.54561237580782,34.67102788852959,35.29573109372833,5169500.0,29146115.0,0.016053026691902686,5.58,5.69,5.55,5.65,2026-08-25,5.58,6.247032051987314
002382,蓝帆医疗,2026-08-26,41.352899913384014,42.645178035677255,40.808782809260535,41.148855999337705,17593787.0,107206165.0,0.017632716034377365,6.08,6.27,6.0,6.05,2026-08-25,6.0,6.801463801543423
002383,合众思壮,2026-08-26,32.900091221579274,34.32228536660431,32.900091221579274,33.80081418009513,16920118.0,120700668.0,0.02285389679285953,6.94,7.24,6.94,7.13,2026-08-25,7.03,4.740647150083468
002384,东山精密,2026-08-26,1724.6471339400873,1792.336683624686,1651.8404697567853,1744.8462701191784,64198249.0,12370427040.0,0.04630833372579274,192.11,199.65,184.0,194.36,2026-08-25,190.84,8.977393857373833
002385,大北农,2026-08-26,33.226274085078096,33.843480414831866,33.02053864182684,33.63774497158061,123939086.0,402938651.0,0.0347595493150397,3.23,3.29,3.21,3.27,2026-08-25,3.26,10.286772162562878
002386,天原股份,2026-08-26,14.496581350463028,14.717715642249752,14.447440396732645,14.668574688519369,18116370.0,107943638.0,0.013920629200941536,5.9,5.99,5.88,5.97,2026-08-25,5.91,2.4570476865191573
002387,维信诺,2026-08-26,24.941688362890304,25.353947674673616,24.35765433786395,24.42636422316117,17717054.0,127303562.0,0.012700430426863134,7.26,7.38,7.09,7.11,2026-08-25,7.24,3.4354942648609237
002388,新亚制程,2026-08-26,25.049727662742143,26.22393364693318,24.61918546853876,25.16714826116124,57749800.0,371965151.0,0.11407965171588887,6.4,6.7,6.29,6.43,2026-08-25,6.45,3.9140199473034594
002389,航天彩虹,2026-08-26,105.98503379000519,108.32426204003924,105.62515252076918,107.48453907848857,10793903.0,193319147.0,0.01096093475561632,17.67,18.06,17.61,17.92,2026-08-25,17.69,5.9980211539335135
002390,信邦制药,2026-08-26,34.20140070604971,34.97618971880812,34.090716561369945,34.31208485072949,24966500.0,77698582.0,0.012950835653986848,3.09,3.16,3.08,3.1,2026-08-25,3.1,11.068414467977254
002391,长青股份,2026-08-26,32.246592078813904,32.74364937482645,32.12232775481076,32.495120726820176,9349939.0,48960000.0,0.02014646202838691,5.19,5.27,5.17,5.23,2026-08-25,5.18,6.213216200156821
002392,北京利尔,2026-08-26,66.49981384148711,67.18715041866011,65.64064312002087,65.89839433646074,10369996.0,80002680.0,0.008958599385803892,7.74,7.82,7.64,7.67,2026-08-25,7.75,8.591707214662417
002393,力生制药,2026-08-26,30.462182098836934,31.088709248387485,30.397368945435154,30.656621559042275,2309456.0,32871201.0,0.007692610985298412,14.1,14.39,14.07,14.19,2026-08-25,14.18,2.160438446726024
002394,联发股份,2026-08-26,53.156661682234486,55.95165655160223,53.05314335373939,54.34712245992815,12057074.0,126512316.0,0.037283477041232714,10.27,10.81,10.25,10.5,2026-08-25,10.19,5.175916424755062
002395,双象股份,2026-08-26,40.23992545890094,44.002194912375415,39.880056206829465,41.77754862684268,9163237.0,116207165.0,0.034164539594122495,12.3,13.45,12.19,12.77,2026-08-25,12.23,3.271538655195198
002396,星网锐捷,2026-08-26,132.38315978181961,134.7433133597775,126.7187911947207,130.10882997033292,75062613.0,2279326067.0,0.09910366509114753,30.85,31.4,29.53,30.32,2026-08-25,30.84,4.291188323559793
002397,梦洁股份,2026-08-26,44.9906201425607,45.237821352135214,44.372617118624426,44.867019537773444,14782800.0,53652329.0,0.02280422911916888,3.64,3.66,3.59,3.63,2026-08-25,3.62,12.360060478725467
002398,垒知集团,2026-08-26,27.136871545443014,27.986942220360504,27.136871545443014,27.790772064610312,13807800.0,58497774.0,0.02302295547129012,4.15,4.28,4.15,4.25,2026-08-25,4.18,6.539005191673015
002399,海普瑞,2026-08-26,35.84910722610006,37.41078179064459,35.84910722610006,36.09203438058477,8545934.0,89632341.0,0.0068520865330697145,10.33,10.78,10.33,10.4,2026-08-25,10.31,3.4703879212100737
002400,省广集团,2026-08-26,119.06656679368805,119.98956343549959,117.77437149515191,118.69736813696343,49797800.0,321023329.0,0.028848812842484063,6.45,6.5,6.38,6.43,2026-08-25,6.47,18.459932836230706
002401,中远海科,2026-08-26,92.31066956418961,93.20256009137985,91.56742745819776,92.08769693239206,3147689.0,39069057.0,0.0084763511078094,12.42,12.54,12.32,12.39,2026-08-25,12.42,7.432421059918648
002402,和而泰,2026-08-26,233.77193327400093,237.29108065662027,232.13804341778476,236.15992614077834,17741502.0,332116684.0,0.021676195559768772,18.6,18.88,18.47,18.79,2026-08-25,18.65,12.568383509354888
002403,爱仕达,2026-08-26,14.236795384306077,14.236795384306077,13.627496208151015,13.686940030214926,4523700.0,42120832.0,0.015223037642022036,9.58,9.58,9.17,9.21,2026-08-25,9.53,1.4860955515977117
002404,嘉欣丝绸,2026-08-26,35.47008078120474,35.777447165790576,35.28566095045325,35.53155405812191,8087200.0,46783865.0,0.01774337200630182,5.77,5.82,5.74,5.78,2026-08-25,5.77,6.147327691716594
002405,四维图新,2026-08-26,25.525027852828067,25.5646629892455,25.00977107940141,25.287217034323454,37585588.0,239608322.0,0.015954744835067092,6.44,6.45,6.31,6.38,2026-08-25,6.46,3.9635136417434884
002406,远东传动,2026-08-26,27.97518272339416,28.352093867871027,27.933303707341175,28.1426987876061,7874300.0,52950602.0,0.014006940315031479,6.68,6.77,6.67,6.72,2026-08-25,6.72,4.187901605298527
002407,多氟多,2026-08-26,293.5745241253902,298.1589229994756,290.6335889986185,294.5260031369928,78166614.0,2657567440.0,0.0723150068689373,33.94,34.47,33.6,34.05,2026-08-25,33.88,8.649809196387455
002408,齐翔腾达,2026-08-26,49.81603438236305,49.999857387464026,49.08074236195917,49.54029987471159,35276140.0,190142164.0,0.012819523292175528,5.42,5.44,5.34,5.39,2026-08-25,5.44,9.191150255048534
002409,雅克科技,2026-08-26,451.0390885152865,451.4979945646481,432.6828465408272,443.2704646796671,18235897.0,2457991248.0,0.05725147472748626,137.6,137.74,132.0,135.23,2026-08-25,137.19,3.2779003525820243
002410,广联达,2026-08-26,156.3140666414448,161.4092865086863,155.95012236521328,159.95350940376017,26741205.0,234480377.0,0.016838502282991486,8.59,8.87,8.57,8.79,2026-08-25,8.61,18.197213811576813
002412,汉森制药,2026-08-26,95.25202163726058,96.03103445362481,84.98321633064143,92.70252514734135,184731066.0,2431762700.0,0.3710614066627163,13.45,13.56,12.0,13.09,2026-08-25,12.33,7.081934694220118
002413,雷科防务,2026-08-26,39.55166971100415,39.95837068489623,39.19580635884859,39.65334495447717,24481500.0,190855120.0,0.01889835082367989,7.78,7.86,7.71,7.8,2026-08-25,7.78,5.0837621736509195
002414,高德红外,2026-08-26,191.6061486437662,192.039320042358,184.0978444015086,185.2529681310867,105583452.0,1360590330.0,0.031066635029323823,13.27,13.3,12.75,12.83,2026-08-25,13.21,14.439046619726165
002415,海康威视,2026-08-26,839.6444739387517,842.0600219075053,833.6056040168677,840.1275835325025,41803284.0,1451946200.0,0.004621142046515456,34.76,34.86,34.51,34.78,2026-08-25,34.75,24.155479687536012
002416,爱施德,2026-08-26,34.07548509756847,34.472972198388455,33.82253876068302,33.82253876068302,14309872.0,135060165.0,0.011697934176947117,9.43,9.54,9.36,9.36,2026-08-25,9.44,3.6135190983635703
002418,康盛股份,2026-08-26,22.453085619432304,22.453085619432304,22.251712654235604,22.453085619432304,118796136.0,529807968.0,0.10453725448785639,4.46,4.46,4.42,4.46,2026-08-25,4.05,5.034324129917557
002419,天虹股份,2026-08-26,20.467418159504806,20.64348197162958,20.159306488286454,20.467418159504806,13574100.0,63040591.0,0.011894170905273022,4.65,4.69,4.58,4.65,2026-08-25,4.69,4.401595303119313
002420,毅昌科技,2026-08-26,5.942111407541927,5.961885488765028,5.843241001426421,5.892676204484173,5331300.0,31828379.0,0.013200482529596038,6.01,6.03,5.91,5.96,2026-08-25,6.0,0.9887040611550627
002421,达实智能,2026-08-26,56.10858350134818,56.644652770469335,55.21513471947957,56.46596301409562,108126839.0,339870041.0,0.053102290582381244,3.14,3.17,3.09,3.16,2026-08-25,3.14,17.86897563737203
002422,科伦药业,2026-08-26,309.4966949995931,320.4542567686291,308.19049558341663,316.68079178856374,20982385.0,913099311.0,0.016157512094842907,42.65,44.16,42.47,43.64,2026-08-25,42.57,7.256663423202652
002423,中粮资本,2026-08-26,10.214217358795976,10.449026953251055,10.128832051721401,10.374314809560802,46462097.0,450538528.0,0.020164916705259914,9.57,9.79,9.49,9.72,2026-08-25,9.62,1.0673163384321813
002425,凯撒文化,2026-08-26,14.475125937685954,14.70635798141896,14.382633120192754,14.567618755179156,28071300.0,88377537.0,0.03050611762075391,3.13,3.18,3.11,3.15,2026-08-25,3.13,4.62464087466005
002426,胜利精密,2026-08-26,13.923495574700757,14.184235192204518,13.819199727699253,13.97564349820151,55586929.0,149174195.0,0.017401930119980463,2.67,2.72,2.65,2.68,2026-08-25,2.67,5.21479235007519
002427,尤夫股份,2026-08-26,8.74553552907645,9.67632423283625,8.706752666419794,9.327278468926325,68936959.0,335554451.0,0.07002102549703952,4.51,4.99,4.49,4.81,2026-08-25,4.54,1.939143132832916
002428,云南锗业,2026-08-26,509.9913711848173,514.7541049919131,492.5099732337724,505.8781010786891,40924500.0,3811706599.0,0.06266809716544944,94.23,95.11,91.0,93.47,2026-08-25,94.23,5.412197508063433
002429,兆驰股份,2026-08-26,78.75884525860207,79.45231936779729,77.66910022986669,78.46164206894696,36780483.0,292373023.0,0.008129486532837302,7.95,8.02,7.84,7.92,2026-08-25,7.94,9.906772988503404
002430,杭氧股份,2026-08-26,57.156758784652936,58.748465991314156,56.48148906061485,58.19378014656858,23299825.0,557198441.0,0.023825469025826294,23.7,24.36,23.42,24.13,2026-08-25,23.22,2.411677585850335
002432,九安医疗,2026-08-26,220.62414155830703,226.08079971593236,219.14208625623598,226.04711664088526,17824105.0,1180639002.0,0.03829689947193369,65.5,67.12,65.06,67.11,2026-08-25,65.6,3.3683075047069777
002434,万里扬,2026-08-26,44.84694161134708,44.923211920209916,44.00796821385589,44.2367791404444,13659800.0,79569920.0,0.010416664680786131,5.88,5.89,5.77,5.8,2026-08-25,5.91,7.627030886283517
002436,兴森科技,2026-08-26,449.1863488024112,450.51530249709293,429.3849387516541,442.5415803290027,68494234.0,2274110207.0,0.0451234899885499,33.8,33.9,32.31,33.3,2026-08-25,33.31,13.2895369468169
002437,誉衡药业,2026-08-26,61.52038813985962,63.83101304652102,58.92093511986556,59.78741945986358,626078374.0,2645231075.0,0.2981107187465762,4.26,4.42,4.08,4.14,2026-08-25,4.3,14.441405666633715
002438,江苏神通,2026-08-26,58.22953068762401,59.31637045638081,57.26809550756992,57.85331692151589,9557591.0,133482721.0,0.020383845342038808,13.93,14.19,13.7,13.84,2026-08-25,13.75,4.180152956756928
002439,启明星辰,2026-08-26,105.55120182207749,106.42549641548327,105.15379518871124,106.10757110879025,10260422.0,136653794.0,0.014083179474062756,13.28,13.39,13.23,13.35,2026-08-25,13.27,7.948132667325113
002440,闰土股份,2026-08-26,60.73964636333033,63.68914359414226,59.98977418600526,62.98926289530552,38870296.0,482503224.0,0.041073502149333474,12.15,12.74,12.0,12.6,2026-08-25,12.09,4.999147848833772
002441,众业达,2026-08-26,44.989234751959906,45.84238079656092,44.8754819460131,45.785504393587516,4993199.0,39946696.0,0.012528283203408989,7.91,8.06,7.89,8.05,2026-08-25,7.91,5.687640297340064
002442,龙星科技,2026-08-26,13.034328091781656,13.321083309800855,13.008259435598095,13.242877341250164,8734100.0,44183764.0,0.017769905740437218,5.0,5.11,4.99,5.08,2026-08-25,5.02,2.6068656183563315
002443,金洲管道,2026-08-26,44.41987210102925,44.55557435795703,43.24378587432175,43.42472221689213,19527203.0,188906279.0,0.03751368014232727,9.82,9.85,9.56,9.6,2026-08-25,9.77,4.523408564259597
002444,巨星科技,2026-08-26,130.35562213627767,134.50370219071579,129.16415233340717,133.5328749439324,9788571.0,294891560.0,0.008536080243012738,29.54,30.48,29.27,30.26,2026-08-25,29.48,4.412851121742643
002445,中南文化,2026-08-26,28.19102831829213,28.19102831829213,24.39076714793412,24.87443675143423,400515000.0,1532764853.0,0.16926118762176637,4.08,4.08,3.53,3.6,2026-08-25,3.71,6.9095657642872865
002446,盛路通信,2026-08-26,44.82791589078748,45.03812886096703,43.77685103988977,44.24983022279374,14090974.0,119135660.0,0.016621079694495614,8.53,8.57,8.33,8.42,2026-08-25,8.52,5.255324254488568
002448,中原内配,2026-08-26,78.15663782924506,78.40377344293437,75.74706559577426,77.41523098817711,14865712.0,185007802.0,0.025608042237268574,12.65,12.69,12.26,12.53,2026-08-25,12.59,6.17839034223281
002449,国星光电,2026-08-26,20.44496007083334,20.78674511761019,20.351745967166927,20.538174174499755,16661853.0,110325835.0,0.026940126224772574,6.58,6.69,6.55,6.61,2026-08-25,6.61,3.107136788880447
002451,摩恩电气,2026-08-26,23.65294653361887,23.88947599895506,22.943358137610304,23.47554943461673,46200469.0,365056547.0,0.10520454105554151,8.0,8.08,7.76,7.94,2026-08-25,8.13,2.9566183167023588
002452,长高电气,2026-08-26,63.61544289858255,64.80082382215863,63.38965605599664,64.5750369795727,9132218.0,104185153.0,0.017723984908810216,11.27,11.48,11.23,11.44,2026-08-25,11.27,5.644671064647964
002453,华软科技,2026-08-26,18.13615168582542,18.377430865681195,17.89487250596965,18.13615168582542,10849200.0,48963513.0,0.018002478402256977,4.51,4.57,4.45,4.51,2026-08-25,4.47,4.021319664262843
002454,松芝股份,2026-08-26,22.113509842918166,22.407237677643835,21.651937531206404,21.77782088894598,12655608.0,66151943.0,0.014424748010106153,5.27,5.34,5.16,5.19,2026-08-25,5.23,4.196111924652404
002455,百川股份,2026-08-26,46.234887125872724,47.38772551877506,44.71799450363281,46.7202927649895,81162931.0,616364029.0,0.12282303335324102,7.62,7.81,7.37,7.7,2026-08-25,7.71,6.067570488959675
002456,欧菲光,2026-08-26,151.82397387578976,155.02701129932962,151.39690221931778,153.3187246734417,60057815.0,430321655.0,0.0181027077586972,7.11,7.26,7.09,7.18,2026-08-25,7.16,21.353582823599123
002457,青龙管业,2026-08-26,30.051360967831076,30.326304801022577,30.051360967831076,30.243821651065126,13406001.0,147261618.0,0.04019949515243182,10.93,11.03,10.93,11.0,2026-08-25,11.02,2.7494383319150115
002458,益生股份,2026-08-26,86.57047653846793,88.14807064395254,86.27467764368957,87.26067395961745,29509812.0,261756043.0,0.030536271166365172,8.78,8.94,8.75,8.85,2026-08-25,8.85,9.859963159278808
002459,晶澳科技,2026-08-26,18.354276486314525,18.737189069478248,18.354276486314525,18.55849653066851,19301845.0,140530456.0,0.005837060549601144,7.19,7.34,7.19,7.27,2026-08-25,7.23,2.5527505544248297
002460,赣锋锂业,2026-08-26,718.1967264062165,742.318324238076,715.879962772648,729.099143505362,32999192.0,1769208876.0,0.027244633884820003,52.7,54.47,52.53,53.5,2026-08-25,53.05,13.628021373932
002461,珠江啤酒,2026-08-26,18.77182989874428,18.96646868801697,18.642070705895815,18.793456430885687,3970288.0,34625147.0,0.0017938087526890721,8.68,8.77,8.62,8.69,2026-08-25,8.65,2.162653214141046
002462,嘉事堂,2026-08-26,22.416344593951784,22.76431072735463,22.416344593951784,22.636112678206214,2759696.0,34044166.0,0.009468185517652822,12.24,12.43,12.24,12.36,2026-08-25,12.24,1.8314007021202439
002463,沪电股份,2026-08-26,419.63105581191195,439.7078895249539,416.7835336156277,429.7235395455776,59517170.0,7090402473.0,0.030952552859748933,116.42,121.99,115.63,119.22,2026-08-25,114.29,3.604458476309156
002465,海格通信,2026-08-26,70.89861022051839,71.6792755983219,70.33085358211585,70.96957980031871,32443302.0,324952140.0,0.013093131596738937,9.99,10.1,9.91,10.0,2026-08-25,9.99,7.096957980031871
002466,天齐锂业,2026-08-26,369.14330241348773,383.97247481978684,367.71589544389747,377.15264152063327,41864530.0,1994114749.0,0.028366166093153244,46.55,48.42,46.37,47.56,2026-08-25,47.01,7.930038719946031
002467,二六三,2026-08-26,53.022976143179896,53.4911701930093,52.67183060580784,53.25707316809459,18967637.0,86139882.0,0.0138773165042141,4.53,4.57,4.5,4.55,2026-08-25,4.53,11.704851245735076
002468,申通快递,2026-08-26,31.60483929107314,32.01118722481551,31.514539750241507,31.67256394669687,9531164.0,134106382.0,0.006456161311343655,14.0,14.18,13.96,14.03,2026-08-25,13.96,2.2574885207909388
002469,三维化学,2026-08-26,67.79330948448137,68.206054138877,66.45188935769559,67.27737866648683,21190189.0,137603937.0,0.03368950292672442,6.57,6.61,6.44,6.52,2026-08-25,6.66,10.318616359890619
002470,金正大,2026-08-26,7.776998429398059,8.173784063551022,7.737319865982763,7.97539124647454,134349000.0,271259738.0,0.04088855689980882,1.96,2.06,1.95,2.01,2026-08-25,1.97,3.967856341529622
002471,中超控股,2026-08-26,36.98109370621842,37.88307160149204,36.84232787617632,37.328008281323655,28220123.0,151987197.0,0.020996294565979234,5.33,5.46,5.31,5.38,2026-08-25,5.35,6.938291502104769
002472,双环传动,2026-08-26,190.61347947591312,192.98536666396183,189.15800324688328,191.9072361239397,12013909.0,426084213.0,0.01587109519849074,35.36,35.8,35.09,35.6,2026-08-25,35.7,5.390652700110666
002474,榕基软件,2026-08-26,35.70652626092516,36.284301766765374,35.5331936091731,35.8220813620932,12755564.0,79091360.0,0.023743410568842913,6.18,6.28,6.15,6.2,2026-08-25,6.23,5.777755058402129
002475,立讯精密,2026-08-26,1914.4661413434733,2019.258705181332,1873.0365230819941,1988.2735284983771,155212974.0,8648872320.0,0.021189259476630178,54.99,58.0,53.8,57.11,2026-08-25,54.86,34.814805261747104
002476,宝莫股份,2026-08-26,26.30058034503311,26.453787609178935,25.687751288449817,25.840958552595637,8937400.0,45329271.0,0.01460359477124183,5.15,5.18,5.03,5.06,2026-08-25,5.14,5.106908804860798
002478,常宝股份,2026-08-26,19.052074374617405,19.355803096531595,18.63789884473442,18.80356905668761,40986469.0,280508067.0,0.056699651068452414,6.9,7.01,6.75,6.81,2026-08-25,6.92,2.761170199219914
002479,富春环保,2026-08-26,25.697734583355338,26.45486021232768,25.608660979946826,26.321249807214915,20135900.0,118443769.0,0.02333047568346386,5.77,5.94,5.75,5.91,2026-08-25,5.78,4.453680170425535
002480,新筑股份,2026-08-26,20.653299234490483,21.07953993163757,20.614550080204385,21.040790777351468,3777600.0,20404776.0,0.0049220347468056595,5.33,5.44,5.32,5.43,2026-08-25,5.34,3.874915428609847
002481,双塔食品,2026-08-26,75.19156882242939,77.16087181539777,75.19156882242939,76.08670654650592,9232482.0,39337286.0,0.008256906973162698,4.2,4.31,4.2,4.25,2026-08-25,4.25,17.902754481530806
002482,广田集团,2026-08-26,10.592111850265384,10.834679297218026,10.511256034614503,10.672967665916264,59557000.0,78512108.0,0.01590855145452018,1.31,1.34,1.3,1.32,2026-08-25,1.29,8.085581565088079
002483,润邦股份,2026-08-26,18.031926588625726,18.23606160661017,17.99790408562832,18.13399409761795,11569800.0,61635117.0,0.013069516585660829,5.3,5.36,5.29,5.33,2026-08-25,5.35,3.4022502997407034
002484,江海股份,2026-08-26,320.5880286080446,322.9904368157652,309.6437245506509,318.13223355126365,25757345.0,1529986158.0,0.031393401988005616,60.05,60.5,58.0,59.59,2026-08-25,60.03,5.338684906045706
002486,嘉麟杰,2026-08-26,10.710616138541871,10.951304141655172,10.710616138541871,10.830960140098522,23820597.0,64259450.0,0.029034000131637004,2.67,2.73,2.67,2.7,2026-08-25,2.7,4.011466718555008
002487,大金重工,2026-08-26,167.76391046903925,172.7122732348786,167.42761397038996,169.3973506053357,17989001.0,636154861.0,0.0285126597042102,34.92,35.95,34.85,35.26,2026-08-25,35.16,4.804235694989669
002488,金固股份,2026-08-26,47.870720727337925,48.87914978850861,47.396165875022305,48.10799815349573,16850926.0,136670753.0,0.018314551734748732,8.07,8.24,7.99,8.11,2026-08-25,8.06,5.93193565394522
002489,浙江永强,2026-08-26,34.621810147204286,34.988825802475006,34.254794491933566,34.37713304369048,18134900.0,51131781.0,0.009479609420980941,2.83,2.86,2.8,2.81,2026-08-25,2.83,12.233855175690561
002490,山东墨龙,2026-08-26,15.431134830829981,15.48842864827118,15.049176047888643,15.37384101338878,53772301.0,431103836.0,0.09926180033301213,8.08,8.11,7.88,8.05,2026-08-25,8.29,1.9097939147066807
002491,通鼎互联,2026-08-26,99.25298354855872,107.15849282751851,92.67267524699683,102.72592404104974,339243502.0,7332403495.0,0.2883574159836875,21.72,23.45,20.28,22.48,2026-08-25,21.4,4.5696585427513225
002492,恒基达鑫,2026-08-26,19.419480725125535,19.660076061543016,19.144514626362696,19.45385148747089,4703308.0,26601261.0,0.01182226614330863,5.65,5.72,5.57,5.66,2026-08-25,5.63,3.4370762345354926
002493,荣盛石化,2026-08-26,183.51349532972793,194.4737193999567,182.95143255689567,193.3495938542922,56233725.0,762651285.0,0.0060064657864255,13.06,13.84,13.02,13.76,2026-08-25,13.22,14.05156932080612
002494,华斯股份,2026-08-26,12.617429146686938,12.69596086336756,12.355656757751524,12.538897430006314,15876200.0,76282771.0,0.05536205234655324,4.82,4.85,4.72,4.79,2026-08-25,4.88,2.6177238893541364
002495,佳隆股份,2026-08-26,22.372242586356045,22.64958443660013,22.094900736111963,22.372242586356045,14540600.0,35201645.0,0.020954342822136096,2.42,2.45,2.39,2.42,2026-08-25,2.41,9.24472834146944
002497,雅化集团,2026-08-26,122.58274086636253,127.60341695503801,120.62663329934611,123.56079464987073,50267327.0,958437216.0,0.04744046295784611,18.8,19.57,18.5,18.95,2026-08-25,18.64,6.520358556721411
002498,汉缆股份,2026-08-26,46.831240529213915,47.799135802472705,46.45897311642207,47.5757753547976,68586899.0,436095517.0,0.020616502785262458,6.29,6.42,6.24,6.39,2026-08-25,6.26,7.44534825583687
002500,山西证券,2026-08-26,6.650355684389831,6.926408184496578,6.637807843475889,6.88876466175475,52529956.0,286687799.0,0.014633230920753075,5.3,5.52,5.29,5.49,2026-08-25,5.31,1.2547840913943078
002506,协鑫集成,2026-08-26,25.463554631662518,26.1140833996247,25.184756588250153,25.556487312799973,316496030.0,873463683.0,0.05415337837166213,2.74,2.81,2.71,2.75,2026-08-25,2.74,9.293268113745444
002507,涪陵榨菜,2026-08-26,89.23039152949197,90.33884359818131,89.07204123396492,89.78461756383663,7348429.0,83444013.0,0.006369343470612021,11.27,11.41,11.25,11.34,2026-08-25,11.27,7.917514776352437
002508,老板电器,2026-08-26,127.9434951786891,129.570880641289,127.47852790366053,127.866000632851,5024016.0,83444225.0,0.005381614678436688,16.51,16.72,16.45,16.5,2026-08-25,16.56,7.749454583809151
002510,天汽模,2026-08-26,24.522671160317017,24.522671160317017,23.88183480595333,24.138169347698806,21795400.0,123292044.0,0.02147126357835472,5.74,5.74,5.59,5.65,2026-08-25,5.76,4.272242362424567
002511,中顺洁柔,2026-08-26,58.57807080050945,59.56812270136313,58.495566475438316,58.825583775722876,11539677.0,82799771.0,0.009122245946408453,7.1,7.22,7.09,7.13,2026-08-25,7.12,8.250432507114008
002513,蓝丰生化,2026-08-26,15.526735492953913,15.786476421274703,15.324714770926631,15.584455699247423,10086000.0,54576089.0,0.03418042197076315,5.38,5.47,5.31,5.4,2026-08-25,5.38,2.8860103146754486
002515,金字火腿,2026-08-26,98.87749880877432,99.83399214670685,92.30160711048825,93.25810044842076,95339530.0,753859360.0,0.08652662660323131,8.27,8.35,7.72,7.8,2026-08-25,8.35,11.956166724156509
002516,旷达科技,2026-08-26,52.597852415058746,53.18553791690297,52.206062080495926,52.49990483141804,9546041.0,51371100.0,0.006536151738889416,5.37,5.43,5.33,5.36,2026-08-25,5.37,9.79475836407053
002517,恺英网络,2026-08-26,98.66399210891583,100.46882123285941,97.9420604593384,99.1452798753008,55360996.0,916895615.0,0.029305694011425593,16.4,16.7,16.28,16.48,2026-08-25,16.54,6.016097079811941
002518,科士达,2026-08-26,223.07429219036575,230.57523617755237,220.99419847963333,223.64159047511092,15058334.0,538840752.0,0.02664473643641583,35.39,36.58,35.06,35.48,2026-08-25,35.21,6.303314274946757
002519,银河电子,2026-08-26,62.46499712212339,63.157769733459325,61.54130030700882,62.58045922401271,16863358.0,91170743.0,0.015010408495469089,5.41,5.47,5.33,5.42,2026-08-25,5.4,11.546210188932235
002520,日发精机,2026-08-26,53.8285200148011,55.929145186110404,53.56594186838743,54.353676307628426,39107678.0,244573034.0,0.054510019902412186,6.15,6.39,6.12,6.21,2026-08-25,6.15,8.752604880455463
002521,齐峰新材,2026-08-26,25.0616656184322,25.3569429747613,24.987846279349924,25.135484957514475,3840247.0,26182905.0,0.009161471742530345,6.79,6.87,6.77,6.81,2026-08-25,6.76,3.690966954113726
002522,浙江众成,2026-08-26,48.14391664646317,48.412377148209245,47.33853514122494,47.4280219751403,33752726.0,180148405.0,0.03728718761179591,5.38,5.41,5.29,5.3,2026-08-25,5.39,8.948683391535905
002523,天桥起重,2026-08-26,25.64117755791302,25.71528500750237,25.344747759555645,25.56707010832368,21322684.0,73609983.0,0.015105943487788955,3.46,3.47,3.42,3.45,2026-08-25,3.45,7.4107449589344
002524,光正眼科,2026-08-26,17.609653777372802,17.956642029143694,17.522906714430082,17.609653777372802,17761500.0,72506951.0,0.03487580453364999,4.06,4.14,4.04,4.06,2026-08-25,4.04,4.337353147136159
002526,山东矿机,2026-08-26,15.915413088753974,16.265202387407907,15.682220222984684,15.915413088753974,26526550.0,72770747.0,0.014976306597760494,2.73,2.79,2.69,2.73,2026-08-25,2.72,5.829821644232225
002527,新时达,2026-08-26,31.766715622175504,32.18728114232787,31.262036997992663,31.402225504710117,5687143.0,64060669.0,0.010753006673145875,11.33,11.48,11.15,11.2,2026-08-25,11.31,2.8037701343491177
002530,金财互联,2026-08-26,24.530169113659866,24.89879187356459,24.329102153711833,24.664213753625223,14316275.0,105336031.0,0.020259026145781903,7.32,7.43,7.26,7.36,2026-08-25,7.37,3.3511159991338615
002531,天顺风能,2026-08-26,50.32630414250066,51.230861896695934,50.32630414250066,50.98416432736995,20125234.0,124693455.0,0.01126337563403022,6.12,6.23,6.12,6.2,2026-08-25,6.12,8.22325231086612
002532,天山铝业,2026-08-26,101.82709596867647,104.56828461708108,101.58522638205254,103.19769029287878,75481656.0,969004774.0,0.018379419515337978,12.63,12.97,12.6,12.8,2026-08-25,12.57,8.062319554131154
002533,金杯电工,2026-08-26,66.49053088585843,67.19662501915958,65.72559557478218,65.96096028588256,5745072.0,64988695.0,0.008891318577828496,11.3,11.42,11.17,11.21,2026-08-25,11.26,5.884117777509595
002534,西子洁能,2026-08-26,38.023827232285115,38.81070216165817,36.80544024486877,38.25227479242568,8709737.0,130056483.0,0.010552588044269616,14.98,15.29,14.5,15.07,2026-08-25,14.83,2.538306223784053
002535,林州重机,2026-08-26,8.797763621037328,8.831342871499302,8.562708867803504,8.73060512011338,15071190.0,39042060.0,0.02019458674786849,2.62,2.63,2.55,2.6,2026-08-25,2.57,3.3579250461974532
002536,飞龙股份,2026-08-26,316.2660682724257,319.6134551181158,297.5454973946772,305.6040212824497,57426566.0,2850424344.0,0.10530749822908976,51.02,51.56,48.0,49.3,2026-08-25,51.56,6.198864529055776
002537,海联金汇,2026-08-26,42.07415590279632,43.29961675433408,41.529506635446204,42.754967486983965,75890473.0,474915825.0,0.06483527451290454,6.18,6.36,6.1,6.28,2026-08-25,6.27,6.808115841876427
002539,云图控股,2026-08-26,78.10270656243449,82.39743512439082,77.55052717589724,79.69789145687541,30487681.0,400827358.0,0.03426376649978808,12.73,13.43,12.64,12.99,2026-08-25,12.88,6.135326517080478
002540,亚太科技,2026-08-26,52.096560892326714,53.01411284542053,51.89266045830586,52.810212411399675,7695300.0,39834075.0,0.008966776768954961,5.11,5.2,5.09,5.18,2026-08-25,5.12,10.195021701042409
002541,鸿路钢构,2026-08-26,82.24206739949264,84.63624402961067,81.69602711543065,83.33414796761666,5713850.0,113800976.0,0.011515678192225008,19.58,20.15,19.45,19.84,2026-08-25,19.57,4.200309877400033
002543,万和电气,2026-08-26,41.749890629304566,42.49747820255657,41.40485021088056,41.51986368368856,14532760.0,105584360.0,0.021965481261825393,7.26,7.39,7.2,7.22,2026-08-25,7.33,5.750673640400078
002544,普天科技,2026-08-26,99.06249567345277,100.9129781580129,97.58210968580467,99.55595766933548,8377028.0,135225908.0,0.012310676604413545,16.06,16.36,15.82,16.14,2026-08-25,16.1,6.168274948533797
002545,东方铁塔,2026-08-26,90.74206788052352,95.90887601606936,90.41914237205192,95.53212958951913,23393440.0,409750696.0,0.020699160514894184,16.86,17.82,16.8,17.75,2026-08-25,17.03,5.382091807860233
002546,新联电子,2026-08-26,89.98242254416039,91.22746235294751,89.19012448402312,90.66153516713517,12420590.0,99285908.0,0.015501954188731777,7.95,8.06,7.88,8.01,2026-08-25,7.92,11.31854371624659
002548,金新农,2026-08-26,18.868636165509386,19.51293105896581,18.77659403787276,19.23680467605591,24969100.0,104796533.0,0.031037892887819076,4.1,4.24,4.08,4.18,2026-08-25,4.12,4.602106381831558
002549,凯美特气,2026-08-26,118.86300642713829,124.18523059551762,117.70985785732276,120.8144886222107,23719814.0,322996747.0,0.03425938852468392,13.4,14.0,13.27,13.62,2026-08-25,13.36,8.870373613965544
002550,千红制药,2026-08-26,73.06686246074655,75.95839735264823,72.84443669983102,74.7350556676129,22130500.0,148319053.0,0.02320812566056392,6.57,6.83,6.55,6.72,2026-08-25,6.59,11.12128804577573
002551,尚荣医疗,2026-08-26,27.150647229698667,27.712938740372902,26.989992512363173,27.23097458836642,16690241.0,56743774.0,0.027307924684744828,3.38,3.45,3.36,3.39,2026-08-25,3.38,8.032735866774754
002552,宝鼎科技,2026-08-26,177.48383954903179,179.37543504587924,166.0690391370213,169.26518325238422,34961769.0,1838140131.0,0.09487505279769701,54.42,55.0,50.92,51.9,2026-08-25,55.6,3.2613715462887134
002553,南方精工,2026-08-26,74.15398288815697,75.16517356390456,73.43170383405155,74.44289450979915,5629257.0,86901909.0,0.02197129281307016,15.4,15.61,15.25,15.46,2026-08-25,15.52,4.815193694036167
002554,惠博普,2026-08-26,20.41364202903207,20.48237483047662,20.069978021809305,20.344909227587515,18277800.0,53962687.0,0.013706946580007042,2.97,2.98,2.92,2.96,2026-08-25,2.97,6.873280144455242
002555,三七互娱,2026-08-26,266.3529807893093,271.68596594415646,264.1309036414563,269.4638887963035,44581652.0,809189370.0,0.027287716921108852,17.98,18.34,17.83,18.19,2026-08-25,18.69,14.813847652353132
002556,辉隆股份,2026-08-26,30.696306719436354,31.235890235988943,30.696306719436354,31.175936511927546,9073050.0,46965931.0,0.009713759857285408,5.12,5.21,5.12,5.2,2026-08-25,5.17,5.9953724061399125
002557,洽洽食品,2026-08-26,66.17246887456334,66.63521341214769,65.70972433697898,66.17246887456334,5358681.0,99700104.0,0.010626634852103576,18.59,18.72,18.46,18.59,2026-08-25,18.62,3.5595733660335305
002558,巨人网络,2026-08-26,115.39058812542442,117.04524561552483,113.735930635324,115.73893707070872,54780345.0,1455317877.0,0.028823387013813997,26.5,26.88,26.12,26.58,2026-08-25,26.71,4.354361816053752
002559,亚威股份,2026-08-26,73.94040525732734,74.26118792655653,71.69492657272303,72.33649191118141,16553800.0,150003374.0,0.03235089098476929,9.22,9.26,8.94,9.02,2026-08-25,9.2,8.019566730729647
002560,通达股份,2026-08-26,36.280783359824696,36.69643881566556,35.92450725481823,36.45892141232792,13902360.0,85263958.0,0.02195065641689239,6.11,6.18,6.05,6.14,2026-08-25,6.08,5.93793508344103
002561,徐家汇,2026-08-26,9.702408420931476,9.886273303543879,9.64583461089689,9.787269135983355,6253300.0,43229191.0,0.01508856899273809,6.86,6.99,6.82,6.92,2026-08-25,6.89,1.4143452508646466
002562,兄弟科技,2026-08-26,34.46283365998813,34.53189745489792,33.97938709561956,33.97938709561956,27047686.0,133774539.0,0.033247749786625834,4.99,5.0,4.92,4.92,2026-08-25,4.99,6.906379490979584
002563,森马服饰,2026-08-26,41.72227701136473,42.36415819615497,41.65095687972138,41.864917274651454,11407100.0,67131664.0,0.0051534408936997796,5.85,5.94,5.84,5.87,2026-08-25,5.88,7.132013164335852
002564,天沃科技,2026-08-26,13.770486513354587,14.239934917218946,13.739189953096961,14.083452115930825,11165100.0,50043956.0,0.012999233673804683,4.4,4.55,4.39,4.5,2026-08-25,4.42,3.1296560257624058
002565,顺灏股份,2026-08-26,76.3410829194554,77.4038358139258,74.3927026129264,74.48126535413226,36330034.0,309237024.0,0.03427506649309505,8.62,8.74,8.4,8.41,2026-08-25,8.61,8.856274120586475
002566,益盛药业,2026-08-26,22.572382218774926,22.924575416514678,22.252206584466062,22.412294401620493,7765800.0,54577113.0,0.03345847884979764,7.05,7.16,6.95,7.0,2026-08-25,7.11,3.201756343088642
002567,唐人神,2026-08-26,18.779171779080958,19.080441914574234,18.6787484005832,18.879595157578716,20253640.0,76258318.0,0.014146898818687876,3.74,3.8,3.72,3.76,2026-08-25,3.74,5.021168924887957
002568,百润股份,2026-08-26,141.33076615870343,143.2374206768647,138.3118965049481,139.9802192083392,10167910.0,180493422.0,0.013341813647799202,17.79,18.03,17.41,17.62,2026-08-25,17.9,7.944393825671918
002570,贝因美,2026-08-26,11.257984460823156,11.3567387104795,11.109853086338642,11.23329589840907,11703917.0,53348405.0,0.010837007015103463,4.56,4.6,4.5,4.55,2026-08-25,4.56,2.468856241408587
002571,德力股份,2026-08-26,45.34518432987429,45.386369783398244,44.356733445299376,44.80977343406288,3356900.0,36657924.0,0.011253202699234653,11.01,11.02,10.77,10.88,2026-08-25,10.95,4.118545352395485
002572,索菲亚,2026-08-26,187.89511610643325,190.64480073238107,186.74941417895502,189.0408180339115,6850363.0,56660360.0,0.010515342360944115,8.2,8.32,8.15,8.25,2026-08-25,8.19,22.91403854956503
002573,清新环境,2026-08-26,26.31589832315952,26.644847052199015,26.31589832315952,26.644847052199015,11069717.0,35738276.0,0.007834176995860814,3.2,3.24,3.2,3.24,2026-08-25,3.21,8.22371822598735
002574,明牌珠宝,2026-08-26,10.677264016354702,11.676837668949608,10.677264016354702,11.35879150676032,38607187.0,191379541.0,0.07311967234848485,4.7,5.14,4.7,5.0,2026-08-25,4.99,2.271758301352064
002575,群兴玩具,2026-08-26,19.985368745614657,20.496805347372515,19.788662360323176,20.30009896208103,21907518.0,112903358.0,0.037491976646577975,5.08,5.21,5.03,5.16,2026-08-25,5.08,3.934127705829657
002576,通达动力,2026-08-26,19.721675524560947,19.88625139820123,19.52967033864728,19.776534149107707,1739200.0,25011355.0,0.010733975639244756,14.38,14.5,14.24,14.42,2026-08-25,14.38,1.3714656136690504
002577,雷柏科技,2026-08-26,43.110370097324264,44.41190139793204,42.653692447988206,43.658383276527545,3296800.0,62721919.0,0.011746053236328397,18.88,19.45,18.68,19.12,2026-08-25,19.08,2.283388246680311
002578,闽发铝业,2026-08-26,20.559480093969928,20.76405203520346,20.3549081527364,20.457194123353165,23971652.0,96239335.0,0.027836384308397726,4.02,4.06,3.98,4.0,2026-08-25,4.01,5.114298530838291
002579,中京电子,2026-08-26,68.09527717162464,68.38649004620036,64.64925815581185,66.25092896597836,42218707.0,575288963.0,0.0723619106108772,14.03,14.09,13.32,13.65,2026-08-25,13.92,4.853547909595484
002580,圣阳股份,2026-08-26,74.4906917488459,78.07333930438564,72.7525756080395,76.72541250131127,96533929.0,2070076929.0,0.21341067580318115,21.0,22.01,20.51,21.63,2026-08-25,21.23,3.5471757975640905
002582,好想你,2026-08-26,53.87390621063682,55.51608034291779,53.503092696895955,54.40363980169519,18828300.0,194288280.0,0.054705667424396476,10.17,10.48,10.1,10.27,2026-08-25,10.19,5.297335910583758
002583,海能达,2026-08-26,46.80318241344531,47.920203473432075,46.69148030744663,47.24999083744002,24138103.0,204684730.0,0.01881177924278449,8.38,8.58,8.36,8.46,2026-08-25,8.37,5.585105299933808
002584,西陇科学,2026-08-26,21.626213077908965,21.94620636636138,21.41288421894069,21.75954361476414,17515100.0,142719621.0,0.037391349529613635,8.11,8.23,8.03,8.16,2026-08-25,8.14,2.6666107371034484
002585,双星新材,2026-08-26,39.29142801987699,39.49189448936615,38.44946884802248,38.77021519920515,40417126.0,392622759.0,0.04558707462334402,9.8,9.85,9.59,9.67,2026-08-25,9.85,4.009329389783366
002587,奥拓电子,2026-08-26,42.33253697521054,42.87426962388782,42.02297546168066,42.71948886712288,12086900.0,66434167.0,0.022689340078209545,5.47,5.54,5.43,5.52,2026-08-25,5.48,7.739037838246899
002588,史丹利,2026-08-26,76.61148406467179,77.70027776584928,76.11657783686383,77.40333402916451,14757201.0,115150896.0,0.0171867836935946,7.74,7.85,7.69,7.82,2026-08-25,7.73,9.898124556159145
002589,瑞康医药,2026-08-26,28.240105268828504,29.111713456138023,27.891461993904695,28.327266087559455,105685373.0,344732227.0,0.0773916425850638,3.24,3.34,3.2,3.25,2026-08-25,3.24,8.716081873095217
002590,万安科技,2026-08-26,45.537280369257495,46.29781949859792,45.20454450017106,45.48974667367372,3868782.0,37108413.0,0.007816402344475008,9.58,9.74,9.51,9.57,2026-08-25,9.56,4.753369558377609
002591,恒大高新,2026-08-26,21.545155011525228,21.917791340340916,21.409650891955888,21.680659131094572,11990000.0,76706659.0,0.05364354136101816,6.36,6.47,6.32,6.4,2026-08-25,6.39,3.3876029892335264
002593,日上集团,2026-08-26,15.275265093829692,15.547430173452492,15.20722382392399,15.479388903546791,14960394.0,67703638.0,0.026690951748206748,4.49,4.57,4.47,4.55,2026-08-25,4.48,3.402063495285009
002594,比亚迪,2026-08-26,287.67526958896974,294.07856780460145,287.23366281547794,290.4826269347393,28282255.0,2607485071.0,0.008111669102411265,91.2,93.23,91.06,92.09,2026-08-25,91.36,3.1543340963702824
002595,豪迈科技,2026-08-26,335.9148855087499,337.66809472330493,326.0969139072415,331.1461564451601,5159780.0,243409111.0,0.00447905882142153,47.9,48.15,46.5,47.22,2026-08-25,47.9,7.012836858220248
002596,海南瑞泽,2026-08-26,15.016886563286779,15.481805651933428,14.970394654422114,15.249346107610101,21587100.0,71108768.0,0.01882828107020839,3.23,3.33,3.22,3.28,2026-08-25,3.25,4.649190886466495
002597,金禾实业,2026-08-26,105.009934970288,106.85406328135679,104.588419927758,105.3260712521855,4525700.0,90844889.0,0.007978361179668422,19.93,20.28,19.85,19.99,2026-08-25,19.94,5.268938031625088
002599,盛通股份,2026-08-26,21.122831728736248,21.335477685736947,20.839303786068648,21.122831728736248,4802800.0,28606287.0,0.011618616208681804,5.96,6.02,5.88,5.96,2026-08-25,5.93,3.544099283345008
002600,领益智造,2026-08-26,54.31423383935357,55.29126829926017,54.047769895742675,54.40305515389053,65325917.0,802183102.0,0.009073069652898804,12.23,12.45,12.17,12.25,2026-08-25,12.17,4.4410657268482066
002601,龙佰集团,2026-08-26,182.1074918904736,190.2580829597403,181.2924327835469,188.97727579171269,25342499.0,407965342.0,0.012750283496533598,15.64,16.34,15.57,16.23,2026-08-25,15.69,11.643701527523886
002602,世纪华通,2026-08-26,130.36289418920734,130.82451916863087,128.51639427151318,128.7933692591673,53239717.0,747716693.0,0.007833024452247154,14.12,14.17,13.92,13.95,2026-08-25,14.06,9.232499588470775
002603,以岭药业,2026-08-26,67.67057756971506,69.10947665499981,67.50129532438744,67.88218037637458,16294075.0,262584541.0,0.011837030679512812,15.99,16.33,15.95,16.04,2026-08-25,16.09,4.232056133190436
002605,姚记科技,2026-08-26,85.08583180833112,85.86331513724791,84.64849743581543,85.3773880566749,3203437.0,56241526.0,0.009471110658115617,17.51,17.67,17.42,17.57,2026-08-25,17.51,4.859270805729932
002606,大连电瓷,2026-08-26,54.866793287400384,55.61668112276349,53.70030109905778,53.82528240495163,18371220.0,239287870.0,0.043601679035908954,13.17,13.35,12.89,12.92,2026-08-25,13.18,4.166043529795018
002607,中公教育,2026-08-26,14.964023183518679,15.330788457624527,14.964023183518679,15.257435402803358,117433466.0,243442490.0,0.02118422162212363,2.04,2.09,2.04,2.08,2026-08-25,2.05,7.335305482116999
002608,江苏国信,2026-08-26,19.12377857588466,19.47641562763856,19.069526721768675,19.313660065290605,13817137.0,98504257.0,0.0036571851529154506,7.05,7.18,7.03,7.12,2026-08-25,7.04,2.7125927057992425
002609,捷顺科技,2026-08-26,44.616257947140014,45.30620008034321,44.04130616947069,44.846238658207746,6177600.0,48155185.0,0.013442027847401023,7.76,7.88,7.66,7.8,2026-08-25,7.79,5.749517776693301
002611,东方精工,2026-08-26,101.6024167129787,102.77741064775464,101.04947839073118,101.25683026157401,14821418.0,218156888.0,0.014762921400243675,14.7,14.87,14.62,14.65,2026-08-25,14.67,6.911729028093789
002612,朗姿股份,2026-08-26,34.83711846913148,35.382560078927284,34.83711846913148,35.192841258128745,3380894.0,50105020.0,0.013286584416135163,14.69,14.92,14.69,14.84,2026-08-25,14.86,2.3714852599817213
002613,北玻股份,2026-08-26,12.980043983292301,13.129669850534862,12.90523104967102,12.980043983292301,19066934.0,66425412.0,0.024644728089109027,3.47,3.51,3.45,3.47,2026-08-25,3.48,3.7406466810640633
002614,奥佳华,2026-08-26,31.651871086899742,32.63927781058119,29.73191356863026,32.36499816511412,48539206.0,278656128.0,0.109999912275108,5.77,5.95,5.42,5.9,2026-08-25,5.79,5.485592909341377
002615,哈尔斯,2026-08-26,37.41143047305143,37.85813412049085,36.629699090032446,37.57894434084122,8627275.0,57634710.0,0.02854662784524033,6.7,6.78,6.56,6.73,2026-08-25,6.69,5.583795592992751
002616,长青集团,2026-08-26,22.87171206773015,23.15642217645708,22.824260382942324,23.061518806881438,9016153.0,43748877.0,0.01534715885981042,4.82,4.88,4.81,4.86,2026-08-25,4.82,4.745168478782189
002617,露笑科技,2026-08-26,49.02257670648516,49.5823777455478,48.62271882144042,49.182519860503064,43634295.0,268428924.0,0.02323912873249046,6.13,6.2,6.08,6.15,2026-08-25,6.14,7.997157700894807
002622,皓宸医疗,2026-08-26,13.59332803213904,14.058498953390947,13.59332803213904,13.748385005889675,33877400.0,90487400.0,0.04033142643190975,2.63,2.72,2.63,2.66,2026-08-25,2.63,5.168565791687848
002623,亚玛顿,2026-08-26,15.893005058463427,16.072249476416022,15.634096454754122,15.912921104902605,2955300.0,47107490.0,0.015341358224280847,15.96,16.14,15.7,15.98,2026-08-25,15.78,0.9958023219588613
002624,完美世界,2026-08-26,40.18681453609335,40.589414681719056,39.78421439046764,39.93061444342245,26439053.0,289763315.0,0.014465489437962182,10.98,11.09,10.87,10.91,2026-08-25,10.97,3.6600013238700684
002625,光启技术,2026-08-26,175.5216112664004,182.3247744937803,173.48066229818647,173.6043561750479,23534507.0,671655119.0,0.010923052995286356,28.38,29.48,28.05,28.07,2026-08-25,28.38,6.184693843072601
002626,金达威,2026-08-26,126.36067729972756,129.2376729482534,125.75499400530104,127.72346471218717,7128900.0,120076317.0,0.01168938434485842,16.69,17.07,16.61,16.87,2026-08-25,16.79,7.571041180331189
002627,三峡旅游,2026-08-26,23.08510828971706,23.683857496078595,22.58615061774911,23.218163668908513,48580201.0,338506048.0,0.06958337651361694,6.94,7.12,6.79,6.98,2026-08-25,6.88,3.3263844797863196
002628,成都路桥,2026-08-26,18.3724200408592,18.563401538165433,18.257831142475464,18.334223741397956,10441550.0,50293494.0,0.013823697987483223,4.81,4.86,4.78,4.8,2026-08-25,4.8,3.819629946124574
002629,仁智股份,2026-08-26,17.053561795830852,17.4411427457361,16.91262326859258,17.370673482116963,9450600.0,46189312.0,0.026088325486766897,4.84,4.95,4.8,4.93,2026-08-25,4.89,3.523463180956788
002631,德尔未来,2026-08-26,35.506039453032905,37.279326326964174,34.57909404165974,35.626945376255485,40061744.0,357075432.0,0.05048278698096579,8.81,9.25,8.58,8.84,2026-08-25,8.81,4.030197440752883
002632,道明光学,2026-08-26,61.28667329319023,61.43003393247255,60.1397881789317,60.92827169498444,9416700.0,79958038.0,0.016390737240642543,8.55,8.57,8.39,8.5,2026-08-25,8.49,7.168031964115817
002633,申科股份,2026-08-26,22.36092916843469,22.696954060310073,21.917987265508046,22.299833733548258,1624600.0,23694481.0,0.010862235000930672,14.64,14.86,14.35,14.6,2026-08-25,14.7,1.5273858721608395
002635,安洁科技,2026-08-26,80.93142706923686,83.16652749568335,78.38445216468156,80.15174087396483,20536795.0,316547494.0,0.05192181016633933,15.57,16.0,15.08,15.42,2026-08-25,15.64,5.19790796848021
002636,金安国纪,2026-08-26,196.71401176398888,197.9726376195325,187.4124597096055,193.70558898732364,44295174.0,2778225925.0,0.06115453704335552,64.08,64.49,61.05,63.1,2026-08-25,64.06,3.069819159862498
002637,赞宇科技,2026-08-26,50.263484483607705,52.60452348695382,50.12577630694029,51.87007987806092,15598500.0,175933257.0,0.033561697463453444,10.95,11.46,10.92,11.3,2026-08-25,11.16,4.590272555580612
002638,勤上股份,2026-08-26,22.13926157423338,23.315250064319677,22.13926157423338,23.008470458210212,57762400.0,257268125.0,0.04270219092148939,4.33,4.56,4.33,4.5,2026-08-25,4.36,5.112993435157825
002639,雪人集团,2026-08-26,36.884562600175975,37.2782401977148,35.15843774942882,35.552115346967646,30741156.0,364755771.0,0.04657009626055644,12.18,12.31,11.61,11.74,2026-08-25,11.82,3.028289211837108
002640,跨境通,2026-08-26,39.03971678526084,40.21916442227779,38.56793773045407,39.74738536747101,122482500.0,409758588.0,0.07910967239682408,3.31,3.41,3.27,3.37,2026-08-25,3.32,11.79447637016944
002641,公元股份,2026-08-26,25.787112654735722,26.43503005812104,25.72232091439719,26.370238317782512,10149364.0,40929735.0,0.008950098638604428,3.98,4.08,3.97,4.07,2026-08-25,3.98,6.479174033853196
002642,荣联科技,2026-08-26,34.71132037666364,35.09328813871771,34.37709858486633,34.7590663469204,9595917.0,69830203.0,0.014504538317481644,7.27,7.35,7.2,7.28,2026-08-25,7.26,4.774597025675879
002643,万润股份,2026-08-26,83.34001261863627,84.5515353728475,82.12848986442502,82.82989777475784,12276623.0,160180053.0,0.013607203835245607,13.07,13.26,12.88,12.99,2026-08-25,13.02,6.376435548480203
002644,佛慈制药,2026-08-26,48.839354079859724,50.69108314449896,48.6657544800498,49.76521861217934,12662700.0,108847879.0,0.024796879314295115,8.44,8.76,8.41,8.6,2026-08-25,8.51,5.786653326997598
002645,华宏科技,2026-08-26,102.14168164468514,103.97720869326827,99.60433543046726,102.5735703619988,27748255.0,525578399.0,0.04079345018926389,18.92,19.26,18.45,19.0,2026-08-25,18.85,5.39860896642099
002646,天佑德酒,2026-08-26,7.201896555353174,7.295158525134725,7.160446791005817,7.1708092320926555,3784999.0,26359066.0,0.007951657706679672,6.95,7.04,6.91,6.92,2026-08-25,6.94,1.0362441086839098
002647,仁东控股,2026-08-26,42.840105230839264,47.09750699291025,42.23190497911484,45.919119005194176,52799025.0,629194497.0,0.05200380071674321,11.27,12.39,11.11,12.08,2026-08-25,11.28,3.8012515732776633
002648,卫星化学,2026-08-26,314.772722996366,323.2506339658718,311.01821956701343,319.25390450881906,35171330.0,927453615.0,0.010447501258869613,25.99,26.69,25.68,26.36,2026-08-25,26.56,12.11130138500831
002649,博彦科技,2026-08-26,49.820673956850314,51.01429427039985,49.768777421478596,50.44343238131095,17085723.0,166218140.0,0.02919803981627925,9.6,9.83,9.59,9.72,2026-08-25,9.81,5.189653537171908
002651,利君股份,2026-08-26,25.357122004979914,26.483428744696905,25.357122004979914,25.78329212271067,35985662.0,305415515.0,0.06363921460336651,8.33,8.7,8.33,8.47,2026-08-25,8.33,3.0440722695053917
002652,扬子新材,2026-08-26,20.00075087540193,20.342227109860016,19.80562159856874,20.147097833026827,14736720.0,60713068.0,0.028779058867641545,4.1,4.17,4.06,4.13,2026-08-25,4.1,4.87823192082974
002653,海思科,2026-08-26,231.19280170679912,232.32863056735061,223.44851402122077,223.93038081054564,5813615.0,384469781.0,0.01083041204419489,67.17,67.5,64.92,65.06,2026-08-25,64.32,3.441905638034824
002654,万润科技,2026-08-26,85.8995526345293,88.56015824710322,85.39277061308665,87.03981218277526,49757413.0,683694649.0,0.05886761540010698,13.56,13.98,13.48,13.74,2026-08-25,13.56,6.334775268033134
002655,共达电声,2026-08-26,116.65815599344117,117.79403803864045,110.82524819376911,116.25906230188464,31965665.0,1187248373.0,0.0879937242634378,38.0,38.37,36.1,37.87,2026-08-25,37.49,3.0699514735116096
002657,中科金财,2026-08-26,57.73055350556876,62.10630883497175,57.10544560136834,59.49556405860526,22039746.0,356318097.0,0.06556961252553496,15.7,16.89,15.53,16.18,2026-08-25,15.76,3.677105318826036
002658,雪迪龙,2026-08-26,43.231711513309655,43.69656862635599,42.70874726113252,42.76685440026332,6458998.0,47998475.0,0.018008806495910957,7.44,7.52,7.35,7.36,2026-08-25,7.4,5.810713913079255
002659,凯文教育,2026-08-26,8.76766731485214,8.940713380276854,8.63307593063292,8.786894655454887,10600900.0,48337337.0,0.017719012110209084,4.56,4.65,4.49,4.57,2026-08-25,4.57,1.9227340602745921
002660,茂硕电源,2026-08-26,19.853975594503044,20.1440071104918,19.66941008432838,19.93307509886361,4044500.0,30610590.0,0.011677420769024897,7.53,7.64,7.46,7.56,2026-08-25,7.57,2.6366501453523297
002661,克明食品,2026-08-26,29.449216927565878,29.921275891879514,29.23134355942113,29.594465839662384,2823855.0,23032891.0,0.00915595226094263,8.11,8.24,8.05,8.15,2026-08-25,8.14,3.6312228024125623
002662,峰璟股份,2026-08-26,16.04392985641189,16.338313890474495,15.945801845057689,16.19112187344319,10181300.0,33556382.0,0.006787618857330937,3.27,3.33,3.25,3.3,2026-08-25,3.28,4.906400567710058
002663,普邦股份,2026-08-26,13.256450138335895,13.486330776572933,13.179823258923548,13.33307701774824,37208599.0,64667710.0,0.021796172654165814,1.73,1.76,1.72,1.74,2026-08-25,1.72,7.662687941234621
002664,信质集团,2026-08-26,49.333030789793774,50.14603393398945,49.04034965788333,49.39807104132942,2775312.0,42304625.0,0.006887530300547611,15.17,15.42,15.08,15.19,2026-08-25,15.3,3.252012576782714
002666,德联集团,2026-08-26,19.83560644402859,20.36010565288511,19.83560644402859,20.169378667846377,18036400.0,76230539.0,0.03601561972930553,4.16,4.27,4.16,4.23,2026-08-25,4.22,4.768174625968411
002668,TCL智家,2026-08-26,52.713852179977614,53.139822702644096,51.22295535064491,51.32944798131154,16003300.0,156690728.0,0.014761674479830315,9.9,9.98,9.62,9.64,2026-08-25,9.9,5.324631533331072
002669,康达新材,2026-08-26,25.976844957613622,26.021402153081226,25.219372634664342,25.642665991606584,9028012.0,103945844.0,0.029823195068145975,11.66,11.68,11.32,11.51,2026-08-25,11.59,2.227859773380242
002670,国盛证券,2026-08-26,24.396054594935766,25.119570579215605,24.328224971409533,24.916081708636902,24723252.0,271917120.0,0.015229767052285511,10.79,11.11,10.76,11.02,2026-08-25,10.85,2.260987450874492
002671,龙泉股份,2026-08-26,16.00903126186479,16.249768574073283,15.968908376496708,16.2096456887052,8433100.0,33878914.0,0.015294087885170702,3.99,4.05,3.98,4.04,2026-08-25,4.0,4.012288536808218
002672,东江环保,2026-08-26,22.17806592397084,22.593163414526444,22.118766282462897,22.415264490002613,5324400.0,20081197.0,0.005882545948120713,3.74,3.81,3.73,3.78,2026-08-25,3.73,5.929964150794342
002673,西部证券,2026-08-26,17.396003844622275,18.218071099474855,17.396003844622275,18.16503450238759,74809806.0,507701999.0,0.01673754076725173,6.56,6.87,6.56,6.85,2026-08-25,6.57,2.651829854363152
002674,兴业科技,2026-08-26,39.66576972758773,39.907542038308264,36.900498923721614,38.06402816906419,15374195.0,387067592.0,0.05254991484724835,26.25,26.41,24.42,25.19,2026-08-25,26.2,1.511076942003342
002675,东诚药业,2026-08-26,67.91900045114677,68.49458520073276,67.23876392890877,67.60504513319077,4590798.0,59580621.0,0.006175540551119264,12.98,13.09,12.85,12.92,2026-08-25,12.96,5.232588632599905
002676,顺威股份,2026-08-26,24.02438419559277,24.349665993212014,23.745571226204845,23.838508882667487,9974142.0,51465712.0,0.013853427949371328,5.17,5.24,5.11,5.13,2026-08-25,5.17,4.646882823132064
002677,浙江美大,2026-08-26,35.036513179258385,35.64059099269387,34.482775183609185,34.68413445475435,5406600.0,37595335.0,0.009803270059455874,6.96,7.08,6.85,6.89,2026-08-25,6.94,5.033981778629078
002678,珠江钢琴,2026-08-26,12.64607787712276,12.883191837318812,12.593385885968084,12.830499846164134,9899860.0,47947321.0,0.007292314623764928,4.8,4.89,4.78,4.87,2026-08-25,4.82,2.6345995577339085
002679,福建金森,2026-08-26,16.53105216322169,16.790974367045933,16.427083281691996,16.687005485516238,4121901.0,39548531.0,0.017483758631805766,9.54,9.69,9.48,9.63,2026-08-25,9.59,1.732814692161603
002681,奋达科技,2026-08-26,47.065159264070836,48.23118798457709,46.95915665311572,47.91318015171174,28992884.0,130797741.0,0.018475456575233053,4.44,4.55,4.43,4.52,2026-08-25,4.45,10.60026109551145
002682,龙洲股份,2026-08-26,11.886401750723198,12.485716124709242,11.861430318473781,12.410801827960986,50039867.0,246137895.0,0.08898055036124582,4.76,5.0,4.75,4.97,2026-08-25,4.73,2.4971432249418486
002683,广东宏大,2026-08-26,82.4887881024892,84.18376320048554,81.95204598812369,83.33627565148737,5222700.0,154005976.0,0.007833360221715636,29.2,29.8,29.01,29.5,2026-08-25,29.2,2.8249584966605887
002685,华东重机,2026-08-26,15.924810619099421,16.125302839124053,15.55246792476796,15.896168873381617,26277224.0,145119106.0,0.02607929995160846,5.56,5.63,5.43,5.55,2026-08-25,5.52,2.8641745717804716
002686,亿利达,2026-08-26,34.89118077366979,35.700389604709876,33.51076570895434,33.60596674790023,93737025.0,688672466.0,0.17932246051737977,7.33,7.5,7.04,7.06,2026-08-25,6.82,4.7600519472946505
002687,乔治白,2026-08-26,46.34935875821736,46.91287679783095,42.897810765584154,43.39088905024604,35152319.0,221578260.0,0.08498769668467072,6.58,6.66,6.09,6.16,2026-08-25,6.45,7.0439754951698115
002688,金河生物,2026-08-26,32.72203815535077,33.219711739462575,32.53541056130885,32.84645655137872,7112001.0,37640320.0,0.0095202269837043,5.26,5.34,5.23,5.28,2026-08-25,5.27,6.220919801397486
002690,美亚光电,2026-08-26,91.68234304931534,95.7045361637369,91.62319315057384,94.46238829016555,10915191.0,174262614.0,0.02556057337505239,15.5,16.18,15.49,15.97,2026-08-25,15.31,5.914989874149376
002692,远程股份,2026-08-26,17.27977757038708,17.686360572043245,17.198460970055848,17.52372737138078,10467100.0,45029895.0,0.014580942770067785,4.25,4.35,4.23,4.31,2026-08-25,4.26,4.065830016561666
002693,双成药业,2026-08-26,31.506372220310105,32.678381690212234,31.402959620024617,31.575313953833756,14415125.0,133174548.0,0.035074867440049555,9.14,9.48,9.11,9.16,2026-08-25,9.23,3.4470866761827246
002695,煌上煌,2026-08-26,42.91011172906762,42.94912092154859,41.115688874942975,41.19370725990492,10437903.0,111268988.0,0.02040830942735167,11.0,11.01,10.54,10.56,2026-08-25,11.03,3.9009192480970567
002696,百洋股份,2026-08-26,20.38767092456165,20.94399581335386,20.25677095072819,20.551295891853474,10855375.0,68395032.0,0.032475947283476816,6.23,6.4,6.19,6.28,2026-08-25,6.31,3.2724993458365406
002697,红旗连锁,2026-08-26,37.59472888237145,38.25140536939977,37.59472888237145,37.840982565007074,12687960.0,58626225.0,0.01105134070766736,4.58,4.66,4.58,4.61,2026-08-25,4.6,8.208456087854028
002698,博实股份,2026-08-26,37.083026687246985,37.29372570251544,36.661628656710086,36.691728516034146,7617953.0,93419025.0,0.009024531613346664,12.32,12.39,12.18,12.19,2026-08-25,12.35,3.009985932406411
002700,万憬能源,2026-08-26,39.29023147673336,39.47498178148289,38.79756399740128,38.98231430215081,4979600.0,31648159.0,0.012164232310953092,6.38,6.41,6.3,6.33,2026-08-25,6.39,6.158343491650997
002701,奥瑞金,2026-08-26,47.704740050385446,48.4033450302028,47.704740050385446,47.9043414731904,13752183.0,66237835.0,0.005377497418688951,4.78,4.85,4.78,4.8,2026-08-25,4.79,9.980071140248
002702,海欣食品,2026-08-26,32.98291385438833,33.79563452431166,32.98291385438833,33.18609402186917,14125040.0,69490236.0,0.03079069742094579,4.87,4.99,4.87,4.9,2026-08-25,4.9,6.772672249361054
002703,浙江世宝,2026-08-26,43.152877550110276,44.84816916815032,41.740134535076905,44.84816916815032,73503950.0,1269404874.0,0.12542307237409334,16.8,17.46,16.25,17.46,2026-08-25,15.87,2.56862366369704
002705,新宝股份,2026-08-26,24.917500806155733,25.1609222172283,24.78472549102524,24.983888463720977,4356176.0,49139757.0,0.005390617091822656,11.26,11.37,11.2,11.29,2026-08-25,11.28,2.2129219188415394
002706,良信股份,2026-08-26,129.75270412379183,130.14990627927284,127.10468975391852,128.42869693885518,21409500.0,208280741.0,0.023398626863066277,9.8,9.83,9.6,9.7,2026-08-25,9.78,13.240071849366513
002707,众信旅游,2026-08-26,63.45648769450384,64.9984210403516,63.219267179758035,64.04953898136837,26414396.0,143208980.0,0.030537301087015665,5.35,5.48,5.33,5.4,2026-08-25,5.39,11.861025737290438
002708,光洋股份,2026-08-26,36.17192349364593,36.53977356307283,35.221644147626414,35.74276507931453,15332764.0,179510521.0,0.029676898454733806,11.8,11.92,11.49,11.66,2026-08-25,11.84,3.0654172452242308
002709,天赐材料,2026-08-26,548.1967433609203,560.0846222314975,543.3814000209396,553.4635251390241,41793441.0,1536427536.0,0.02769591505547515,36.43,37.22,36.11,36.78,2026-08-25,36.4,15.047947937439481
002712,思美传媒,2026-08-26,24.72951749776844,25.039281808805203,24.419753186731675,24.832772268114027,10257100.0,49228275.0,0.018963015017742467,4.79,4.85,4.73,4.81,2026-08-25,4.84,5.162738517279424
002714,牧原股份,2026-08-26,768.3637787940104,782.5209105082868,767.5880455493925,775.539311306726,32450140.0,1299169117.0,0.009891829515757986,39.62,40.35,39.58,39.99,2026-08-25,39.93,19.39333111544701
002715,登云股份,2026-08-26,21.624150069325513,22.03215290082222,21.578816421381433,21.911263172971342,3621700.0,52365781.0,0.026244202898550725,14.31,14.58,14.28,14.5,2026-08-25,14.39,1.5111215981359547
002716,湖南白银,2026-08-26,38.417073196368555,41.31845361065299,36.84403562235892,39.57063408397562,476582831.0,5336209913.0,0.20520465998215662,10.99,11.82,10.54,11.32,2026-08-25,10.77,3.495639053354737
002718,友邦吊顶,2026-08-26,249.1013263023417,251.4880316998446,243.0314335630133,243.67967453517457,927300.0,77580592.0,0.009637762017495702,84.54,85.35,82.48,82.7,2026-08-25,84.52,2.946549873460394
002721,金一文化,2026-08-26,9.354701571302906,10.401617631629225,9.28715859966895,10.401617631629225,182119590.0,545832867.0,0.06848200890718226,2.77,3.08,2.75,3.08,2026-08-25,2.8,3.3771485816978
002722,物产金轮,2026-08-26,14.29188346982162,14.368603703171889,14.182283136464093,14.193243169799846,2457300.0,31953627.0,0.01105114698205377,13.04,13.11,12.94,12.95,2026-08-25,12.98,1.0960033335752777
002723,小崧股份,2026-08-26,21.339307401923648,21.866546466470528,21.034063732975454,21.089562581875125,7259460.0,55681595.0,0.02289690529501083,7.69,7.88,7.58,7.6,2026-08-25,7.63,2.7749424449835693
002724,海洋王,2026-08-26,12.966552010130895,13.612920916980322,12.966552010130895,13.084073629558063,38442007.0,259521988.0,0.06786139512577154,6.62,6.95,6.62,6.68,2026-08-25,6.71,1.9586936571194706
002725,跃岭股份,2026-08-26,31.978611525615797,32.11825611743072,31.08488613800034,31.55967775017105,3763400.0,42599080.0,0.01511627619272215,11.45,11.5,11.13,11.3,2026-08-25,11.4,2.792891836298323
002727,一心堂,2026-08-26,26.13768423356277,26.42662121913787,26.004328701758876,26.315491609301294,6119400.0,72303388.0,0.015574344694571,11.76,11.89,11.7,11.84,2026-08-25,11.77,2.222592196731528
002728,特一药业,2026-08-26,47.269328105985856,48.44173534198551,47.00287191598594,47.32261934398585,12265572.0,109601719.0,0.02446709345554184,8.87,9.09,8.82,8.88,2026-08-25,8.92,5.329123799998406
002729,好利科技,2026-08-26,38.62416839630227,39.48495144467421,38.15212607945314,38.84630595717245,3091918.0,43211105.0,0.017621675582310235,13.91,14.22,13.74,13.99,2026-08-25,13.91,2.77671951087723
002730,电光科技,2026-08-26,51.236472971516136,56.07146408291272,50.97187146790736,54.45980037911386,14892429.0,331640362.0,0.04303798562135732,21.3,23.31,21.19,22.64,2026-08-25,21.38,2.4054682146251705
002732,燕塘乳业,2026-08-26,14.717329403925252,14.8119408072362,14.496569462866372,14.601693244322982,2061400.0,28695398.0,0.013124704397294875,14.0,14.09,13.79,13.89,2026-08-25,14.02,1.0512378145660894
002733,雄韬股份,2026-08-26,46.58488939319633,47.144620450897214,45.54175424020831,46.610331714000914,10300973.0,188132855.0,0.02792630253031318,18.31,18.53,17.9,18.32,2026-08-25,18.54,2.544232080458565
002734,利民股份,2026-08-26,55.85008548707433,59.35002417759765,54.95648411928114,58.084088906557305,27213073.0,419250958.0,0.06244086226265125,15.0,15.94,14.76,15.6,2026-08-25,14.91,3.723339032471622
002735,王子新材,2026-08-26,39.29754097694362,39.96643529144479,37.95975234794128,38.528312515267274,12739400.0,147603620.0,0.04469034396596041,11.75,11.95,11.35,11.52,2026-08-25,11.52,3.34447157250584
002736,国信证券,2026-08-26,12.842497077988126,13.283998494218253,12.8035410706737,13.21907181536088,55162488.0,558355787.0,0.005738662500032431,9.89,10.23,9.86,10.18,2026-08-25,9.88,1.2985335771474342
002737,葵花药业,2026-08-26,74.04427150596287,75.50051285176849,73.76422509330794,74.04427150596287,4346464.0,57944742.0,0.007442579165708475,13.22,13.48,13.17,13.22,2026-08-25,13.25,5.6009282530985525
002738,中矿资源,2026-08-26,145.7896871935599,155.60638757372746,145.49752349176921,149.38330072558554,29533524.0,1524740295.0,0.04153711670527512,49.9,53.26,49.8,51.13,2026-08-25,50.35,2.9216370179070124
002739,儒意电影,2026-08-26,22.98433105791339,23.42847272086824,22.873295642174682,23.34519615906421,45740210.0,382428510.0,0.0217819605020028,8.28,8.44,8.24,8.41,2026-08-25,8.31,2.775885393467801
002741,光华科技,2026-08-26,86.81906530842488,86.81906530842488,83.445797072344,84.05911856981326,18205840.0,451387119.0,0.04233654432465973,25.48,25.48,24.49,24.67,2026-08-25,24.97,3.407341652606942
002742,三圣股份,2026-08-26,23.832631435681563,23.832631435681563,23.832631435681563,23.832631435681563,12871176.0,66286556.0,0.024567011015511203,5.15,5.15,5.15,5.15,2026-08-25,4.68,4.627695424404187
002743,富煌钢构,2026-08-26,9.710683240455216,9.91214969772607,9.368190263094762,9.771123177636472,24416500.0,117781805.0,0.05618529822762347,4.82,4.92,4.65,4.85,2026-08-25,4.64,2.014664572708551
002745,木林森,2026-08-26,27.30993181037849,27.43185114881768,26.77348672124606,27.06609313350011,31493187.0,349983363.0,0.029596384213740074,11.2,11.25,10.98,11.1,2026-08-25,11.2,2.438386768783794
002746,仙坛股份,2026-08-26,28.764809397171486,29.172499609099905,28.628912659862017,28.85540722204447,14350283.0,91409149.0,0.02022088729202986,6.35,6.44,6.32,6.37,2026-08-25,6.4,4.529891243649053
002747,埃斯顿,2026-08-26,198.11297517819136,198.7373463574482,192.9931315082854,195.1159935177586,38531773.0,1206538244.0,0.04924596351820609,31.73,31.83,30.91,31.25,2026-08-25,31.68,6.243711792568275
002748,世龙实业,2026-08-26,23.6021955582256,24.160485665230937,23.140162366221183,23.21716789822192,6999400.0,85289875.0,0.029164166666666668,12.26,12.55,12.02,12.06,2026-08-25,12.25,1.9251383000184012
002749,国光股份,2026-08-26,78.61330097698462,79.5189841679637,78.16045938149509,79.15671089157208,3780532.0,33047050.0,0.0069454614046273126,8.68,8.78,8.63,8.74,2026-08-25,8.68,9.056831909790855
002752,昇兴股份,2026-08-26,12.620135847543322,12.746547892760784,12.55692982493459,12.704410544354964,12738881.0,76664367.0,0.013058463131806529,5.99,6.05,5.96,6.03,2026-08-25,5.99,2.1068674202910387
002753,永东股份,2026-08-26,26.040213606929804,26.646681463859757,25.054703339418634,25.206320303651122,11060376.0,74332298.0,0.037392802393266256,6.87,7.03,6.61,6.65,2026-08-25,6.93,3.7904241058121984
002755,奥赛康,2026-08-26,22.144048290801578,23.615473977064852,22.125882541588453,22.543694773490373,14642462.0,184087056.0,0.01577595742610914,12.19,13.0,12.18,12.41,2026-08-25,12.18,1.816574921312681
002756,永兴材料,2026-08-26,132.07528949727694,138.4775028122257,131.60105147394736,134.06116121996936,16916793.0,769671879.0,0.04296498036702158,44.56,46.72,44.4,45.23,2026-08-25,44.64,2.9639876458096257
002757,南兴股份,2026-08-26,45.16094923021443,45.38647207281225,44.17428679384894,44.39980963644677,7484500.0,118376752.0,0.026535772126495234,16.02,16.1,15.67,15.75,2026-08-25,16.02,2.8190355324728107
002758,浙农股份,2026-08-26,35.567113072368855,36.00730011534371,35.52309436807137,35.78720659385629,5633200.0,45854828.0,0.010869703622726996,8.08,8.18,8.07,8.13,2026-08-25,8.08,4.40187042974862
002759,天际股份,2026-08-26,41.96226815233541,42.73265976500021,41.93819341443964,42.058567103918506,14448779.0,253790054.0,0.028837144413151602,17.43,17.75,17.42,17.47,2026-08-25,17.57,2.4074737895774763
002760,凤形股份,2026-08-26,17.71053570223708,18.20942403187756,17.580824736530555,17.860202201129223,3227964.0,57800708.0,0.029891681450465755,17.75,18.25,17.62,17.9,2026-08-25,17.75,0.9977766592809623
002761,浙江建投,2026-08-26,21.784463383326596,21.995086648082513,21.664107232037498,21.874730496793415,7374308.0,53545238.0,0.0068167704210081856,7.24,7.31,7.2,7.27,2026-08-25,7.2,3.00890378222743
002763,汇洁股份,2026-08-26,21.237970979835342,21.52152199425237,21.039485269743423,21.379746487043857,3804021.0,28516059.0,0.012527386711851423,7.49,7.59,7.42,7.54,2026-08-25,7.52,2.835510144170273
002765,蓝黛科技,2026-08-26,14.584240602703403,14.66687086107566,14.357007392179696,14.398322521365824,5107700.0,35810709.0,0.008571977981275942,7.06,7.1,6.95,6.97,2026-08-25,7.01,2.065756459306431
002766,索菱股份,2026-08-26,8.401317760856848,8.64250391667092,8.361120068221169,8.401317760856848,26146451.0,109930206.0,0.030467334148151694,4.18,4.3,4.16,4.18,2026-08-25,4.16,2.009884631783935
002767,先锋电子,2026-08-26,27.04171767298398,27.17647706338091,26.50268011139626,26.83209195458876,1416500.0,25398951.0,0.010872412595109337,18.06,18.15,17.7,17.92,2026-08-25,18.06,1.4973265599658905
002768,国恩股份,2026-08-26,181.91131490264175,186.02080178245114,179.04354348291864,182.35478470981542,5288820.0,323783679.0,0.020965893656916305,61.53,62.92,60.56,61.68,2026-08-25,61.53,2.9564653811578374
002769,普路通,2026-08-26,35.403952458615066,35.95871524642812,35.25265351648424,35.75698332358701,5719751.0,40478569.0,0.015334032527740593,7.02,7.13,6.99,7.09,2026-08-25,7.05,5.043298071027787
002771,真视通,2026-08-26,32.676113593934495,33.18086656814974,32.35732224179854,32.755811431968475,4142170.0,51133072.0,0.02373537053378125,12.3,12.49,12.18,12.33,2026-08-25,12.37,2.6565946011328854
002772,众兴菌业,2026-08-26,25.65769756203324,26.554989442747065,25.633446430122056,26.09421793643456,10712200.0,115620198.0,0.028824392489171957,10.58,10.95,10.57,10.76,2026-08-25,10.74,2.4251131911184536
002773,康弘药业,2026-08-26,44.15072699521571,44.97113170221728,44.042779007452346,44.19390619032106,5073000.0,104302006.0,0.007386005790881874,20.45,20.83,20.4,20.47,2026-08-25,20.45,2.158959755267272
002774,快意电梯,2026-08-26,21.751070169605455,21.90925977083895,20.696472828048826,20.894209829590697,12751600.0,203759427.0,0.045255039328171556,16.5,16.62,15.7,15.85,2026-08-25,16.5,1.3182466769457852
002775,文科股份,2026-08-26,16.566745027660552,16.83539494702802,16.342870094854327,16.656295000783043,11612795.0,43169832.0,0.019574871593284318,3.7,3.76,3.65,3.72,2026-08-25,3.68,4.477498656124474
002777,久远银海,2026-08-26,64.18341207504794,64.99075059171521,63.83020147400601,64.53662267608986,4522600.0,57759973.0,0.011180399322698103,12.72,12.88,12.65,12.79,2026-08-25,12.77,5.045865729170435
002778,中晟高科,2026-08-26,22.544031875588757,22.84366774228962,22.429884878750336,22.572568624798365,1616800.0,25603047.0,0.013099056184159378,15.8,16.01,15.72,15.82,2026-08-25,15.87,1.4268374604803011
002779,中坚科技,2026-08-26,160.01048747410687,160.47446938058246,152.29151575728557,158.8083525346019,2385530.0,177444052.0,0.014387274318869435,75.87,76.09,72.21,75.3,2026-08-25,75.3,2.109008665798166
002780,三夫户外,2026-08-26,25.260086974722274,25.52439281750711,25.05241809824847,25.297844952262963,3110130.0,41684949.0,0.023804731170898357,13.38,13.52,13.27,13.4,2026-08-25,13.4,1.8878988770345495
002782,可立克,2026-08-26,41.14098649322256,41.87178033224692,40.05832895392724,40.84325566991635,5951400.0,89836169.0,0.012147791806027234,15.2,15.47,14.8,15.09,2026-08-25,15.21,2.706643848238327
002783,凯龙股份,2026-08-26,31.626794071052853,32.42848720339893,31.346201474731725,32.1078099504605,11725510.0,93624114.0,0.025428514948278177,7.89,8.09,7.82,8.01,2026-08-25,7.95,4.0084656617303995
002785,万里石,2026-08-26,33.9136455683574,34.130031937993095,32.35959800461016,32.93007116092244,3975491.0,133520242.0,0.020545701581171937,34.48,34.7,32.9,33.48,2026-08-25,34.14,0.9835744074349595
002786,银宝山新,2026-08-26,24.494660052460805,24.828954420422427,24.251536875761442,24.3427080670237,8513100.0,68601906.0,0.01722908976102584,8.06,8.17,7.98,8.01,2026-08-25,8.06,3.039039708742035
002787,华源控股,2026-08-26,51.47393832335851,52.1760757699142,49.924393613718365,51.2076103263891,9145800.0,193350817.0,0.03686585225882936,21.26,21.55,20.62,21.15,2026-08-25,21.31,2.4211636088127237
002788,鹭燕医药,2026-08-26,36.93919023043382,37.20210261641556,35.723220445268296,35.98613283125003,12194670.0,134480388.0,0.031935597781863834,11.24,11.32,10.87,10.95,2026-08-25,11.26,3.2864048247716924
002790,瑞尔特,2026-08-26,18.621512100527717,18.9013010970298,18.528249101693685,18.808038098195773,3664228.0,22084885.0,0.014055478092425128,5.99,6.08,5.96,6.05,2026-08-25,6.02,3.108766627800954
002791,坚朗五金,2026-08-26,20.536615423625527,20.81338921639676,20.495099354709843,20.63348625109546,2226100.0,33236457.0,0.010225326396727175,14.84,15.04,14.81,14.91,2026-08-25,14.88,1.3838689638561676
002792,通宇通讯,2026-08-26,108.92361775508675,109.13315340963324,104.48844640051925,106.33934468234662,19814870.0,604252230.0,0.05865130494208136,31.19,31.25,29.92,30.45,2026-08-25,31.15,3.4922609091082637
002793,罗欣药业,2026-08-26,15.936442233963712,16.53034691349031,15.7054793030367,16.002431642799998,41196962.0,199791426.0,0.037937116827698916,4.83,5.01,4.76,4.85,2026-08-25,4.83,3.299470441814433
002795,永和智控,2026-08-26,27.84138964786726,28.465286334654202,27.10051233230777,27.91937673371563,14495700.0,103601758.0,0.033401896892335046,7.14,7.3,6.95,7.16,2026-08-25,7.12,3.899354292418384
002796,世嘉科技,2026-08-26,70.44281046488578,73.00393201423773,68.2407246467514,70.61036047278732,5507750.0,161982442.0,0.024188232020100262,29.43,30.5,28.51,29.5,2026-08-25,29.5,2.3935715414504175
002797,第一创业,2026-08-26,10.693886145514734,11.013860691601002,10.693886145514734,10.912816098100077,63201103.0,408495551.0,0.015039287787930707,6.35,6.54,6.35,6.48,2026-08-25,6.37,1.6840765583487771
002798,帝欧水华,2026-08-26,16.345845920887115,17.45452068769511,16.317418362763835,17.14181754833901,14455629.0,86948445.0,0.027974169425671228,5.75,6.14,5.74,6.03,2026-08-25,5.74,2.842755812328194
002799,环球印务,2026-08-26,17.399891530788732,17.6509722166587,17.224135050679756,17.374783462201737,5256400.0,36485852.0,0.016424412518849452,6.93,7.03,6.86,6.92,2026-08-25,6.93,2.510806858699673
002800,天顺股份,2026-08-26,28.274168928837145,28.876988211363937,27.8463616960762,27.92414482930546,5238004.0,75901668.0,0.035785364493949694,14.54,14.85,14.32,14.36,2026-08-25,14.37,1.9445783307315783
002801,微光股份,2026-08-26,116.65516425596229,118.8570359859729,116.65516425596229,117.80013755556782,729900.0,19564450.0,0.006302961848039812,26.49,26.99,26.49,26.75,2026-08-25,26.81,4.403743460021227
002802,洪汇新材,2026-08-26,24.988681767453922,25.235890490627416,24.76207377121155,24.8856781327983,2919977.0,35346599.0,0.019507810457707813,12.13,12.25,12.02,12.08,2026-08-25,12.13,2.060072693112442
002803,吉宏股份,2026-08-26,64.51365113750816,65.55587490386533,63.506168163362915,64.86105905962722,7434220.0,138469975.0,0.024983585389660615,18.57,18.87,18.28,18.67,2026-08-25,18.58,3.4740792211905314
002805,丰元股份,2026-08-26,38.939702359078304,40.58504189537739,38.83423187598221,39.55143116103565,13889394.0,261417287.0,0.049815615361163475,18.46,19.24,18.41,18.75,2026-08-25,18.73,2.1094096619219016
002806,华锋股份,2026-08-26,24.219531224360885,24.889041417155934,23.80108735386398,24.152580205081378,5438100.0,78815211.0,0.03261196039944539,14.47,14.87,14.22,14.43,2026-08-25,14.44,1.6737754819876216
002807,江阴银行,2026-08-26,7.4641570181051895,7.575285906712215,7.445635536670684,7.575285906712215,48760630.0,198459629.0,0.018036069976836884,4.03,4.09,4.02,4.09,2026-08-25,4.03,1.8521481434504192
002809,红墙股份,2026-08-26,23.016632178533424,23.768634163362986,22.962917751045598,23.60749088089951,7036753.0,61461074.0,0.04139990140864858,8.57,8.85,8.55,8.79,2026-08-25,8.59,2.685721374391298
002810,山东赫达,2026-08-26,73.20039825006853,73.71157421550195,71.90541913763715,73.37079023854635,3980816.0,85284822.0,0.012323162264271171,21.48,21.63,21.1,21.53,2026-08-25,21.45,3.4078397695562628
002811,郑中设计,2026-08-26,25.754499943347888,25.812418608887647,24.962944847637793,25.15600706610367,10663900.0,139754005.0,0.037673200356263786,13.34,13.37,12.93,13.03,2026-08-25,13.12,1.9306221846587621
002812,恩捷股份,2026-08-26,195.13033715426585,200.79308446170018,192.60554536114225,197.43871822226455,18864373.0,1034446539.0,0.022932316765841707,54.1,55.67,53.4,54.74,2026-08-25,53.79,3.6068454187479824
002813,路畅科技,2026-08-26,20.089990826544472,20.532162873444495,19.993866468522732,20.138053005555346,1314000.0,27658248.0,0.010959858758281699,20.9,21.36,20.8,20.95,2026-08-25,20.98,0.9612435802174389
002815,崇达技术,2026-08-26,34.426275953093736,35.21856589707733,33.3017353874396,34.886315275406794,35432076.0,476788302.0,0.0455927943177706,13.47,13.78,13.03,13.65,2026-08-25,13.44,2.5557740128503146
002817,黄山胶囊,2026-08-26,23.99967867881165,24.42888306651022,23.820843517270582,24.25004790496915,5565599.0,37607141.0,0.019167807527846425,6.71,6.83,6.66,6.78,2026-08-25,6.71,3.5767032308214084
002818,富森美,2026-08-26,29.134756067196935,29.686028651249853,29.079628808791643,29.410392359223394,8162774.0,87180514.0,0.027359065731383695,10.57,10.77,10.55,10.67,2026-08-25,10.97,2.7563629202646105
002819,东方中科,2026-08-26,28.597961506600875,28.7879811843856,27.905746966099382,28.122912312139064,3010800.0,62682089.0,0.012664175910804225,21.07,21.21,20.56,20.72,2026-08-25,21.07,1.3572834127480244
002820,桂发祥,2026-08-26,16.73051592833116,17.650347198249783,16.62638408645358,17.25117513771906,25792895.0,256036632.0,0.12840699922304813,9.64,10.17,9.58,9.94,2026-08-25,9.76,1.7355306979596639
002821,凯莱英,2026-08-26,542.1067473989524,554.4504998301917,529.8555731109474,530.4727607325094,15184636.0,2661487085.0,0.047894433583381385,175.67,179.67,171.7,171.9,2026-08-25,172.23,3.085938107809828
002823,凯中精密,2026-08-26,29.67812602517754,29.72333261470561,29.090440361312634,29.29387001418895,3741500.0,48605471.0,0.016775039519531663,13.13,13.15,12.87,12.96,2026-08-25,13.08,2.2603294764034683
002824,和胜股份,2026-08-26,53.334221995961315,54.28435659208889,50.94832845457428,51.201697680208305,22798605.0,559562485.0,0.10080022591243382,25.26,25.71,24.13,24.25,2026-08-25,25.27,2.1114102136168373
002825,纳尔股份,2026-08-26,27.796661307333903,28.228573913663176,27.488152302812995,27.95091580959436,2912372.0,26293223.0,0.011296593358580322,9.01,9.15,8.91,9.06,2026-08-25,9.02,3.0850900452090904
002826,易明医药,2026-08-26,18.36436443554838,18.68190387823798,18.09974823330705,18.30085654701046,2382070.0,41265127.0,0.012894921694370417,17.35,17.65,17.1,17.29,2026-08-25,17.5,1.0584648089653246
002827,高争民爆,2026-08-26,74.70715329165945,78.18974239247365,74.70715329165945,77.17866813739856,10150307.0,552505360.0,0.036776624542400764,53.2,55.68,53.2,54.96,2026-08-25,53.2,1.4042697987154031
002828,贝肯能源,2026-08-26,19.005006533305817,19.80026299797873,18.907628190692808,19.71911437913456,12134050.0,145978870.0,0.060372132410158645,11.71,12.2,11.65,12.15,2026-08-25,12.25,1.6229723768835027
002829,星网宇达,2026-08-26,45.557542072824,45.9791542873797,44.78458634613856,45.744925279293206,4124680.0,80181662.0,0.027374906252753052,19.45,19.63,19.12,19.53,2026-08-25,19.48,2.3422900808649874
002830,名雕股份,2026-08-26,30.780462419507515,31.772669302657828,30.648168168420806,31.530129842332197,2725560.0,38562621.0,0.029359343778444437,13.96,14.41,13.9,14.3,2026-08-25,14.0,2.204904184778475
002831,裕同科技,2026-08-26,69.41868331606022,71.18647190677707,67.28150606459657,70.47407948962253,16913916.0,442939671.0,0.023681595892443338,26.31,26.98,25.5,26.71,2026-08-25,25.13,2.638490433905748
002832,比音勒芬,2026-08-26,137.9876912949882,140.80376662753895,137.4704529686013,138.73481332199145,6503400.0,157442897.0,0.01670029443198923,24.01,24.5,23.92,24.14,2026-08-25,24.03,5.747092515409753
002833,弘亚数控,2026-08-26,66.13163233134638,66.31411476051676,64.96374478465593,65.87615693050785,2937082.0,52708144.0,0.010021892361070355,18.12,18.17,17.8,18.05,2026-08-25,18.0,3.6496485834076364
002835,同为股份,2026-08-26,27.427427245622827,27.427427245622827,26.84661113924493,27.126263338612066,1571900.0,19793005.0,0.012349245945725036,12.75,12.75,12.48,12.61,2026-08-25,12.67,2.1511707643625746
002836,新宏泽,2026-08-26,34.678437875632106,34.678437875632106,33.65042094256001,33.92455879137923,2229800.0,22181778.0,0.009677951388888889,10.12,10.12,9.82,9.9,2026-08-25,10.14,3.4267231102403266
002837,英维克,2026-08-26,966.9403775187109,970.7743996341696,927.8333519410311,951.9110108261124,114953621.0,7142634838.0,0.10143801098290299,63.05,63.3,60.5,62.07,2026-08-25,60.23,15.336088461835224
002838,道恩股份,2026-08-26,126.72347891867635,131.70758227363683,125.55698664411113,129.3745977245064,7835700.0,190732053.0,0.018628070837430004,23.9,24.84,23.68,24.4,2026-08-25,23.72,5.302237611660098
002839,张家港行,2026-08-26,7.06727445825786,7.180739873872091,7.051065113170112,7.148321183696597,27979634.0,123138656.0,0.011457577475580906,4.36,4.43,4.35,4.41,2026-08-25,4.37,1.6209345087747384
002840,华统股份,2026-08-26,18.983969993378896,19.376582511490138,18.937780285365804,19.09944426341161,11199265.0,93090603.0,0.014058344923515256,8.22,8.39,8.2,8.27,2026-08-25,8.26,2.3094854006543666
002841,视源股份,2026-08-26,84.41030372269978,87.70181993434565,83.27715879737906,85.68734006710883,7428077.0,352931893.0,0.01424789850374947,46.93,48.76,46.3,47.64,2026-08-25,46.91,1.7986427386042996
002842,翔鹭钨业,2026-08-26,95.77836798011572,98.15874965359266,94.70335690177127,94.93371641855938,28258468.0,1062965362.0,0.1052604473314637,37.42,38.35,37.0,37.09,2026-08-25,37.41,2.559550186534359
002843,泰嘉股份,2026-08-26,28.988129007508718,30.882188463506488,28.032079948766985,29.853984758821984,18511339.0,304471511.0,0.07391737191423384,16.07,17.12,15.54,16.55,2026-08-25,16.07,1.8038661485693042
002845,同兴达,2026-08-26,39.18213587048722,39.95683969758431,38.61600615068551,39.12254326840283,5751599.0,75536910.0,0.02298482694645414,13.15,13.41,12.96,13.13,2026-08-25,13.22,2.9796301042195603
002846,英联股份,2026-08-26,27.586043009823026,28.181797929283995,27.534238234217725,27.845066887849534,4877705.0,52540154.0,0.017972926897669984,10.65,10.88,10.63,10.75,2026-08-25,10.67,2.590238780265073
002847,盐津铺子,2026-08-26,99.66978968157282,100.95385183206842,99.40412165043578,100.06829172827835,3184838.0,143931423.0,0.01305952356319912,45.02,45.6,44.9,45.2,2026-08-25,45.3,2.2139002594751847
002848,高斯贝尔,2026-08-26,12.666725173478746,13.032759817275089,12.599297739095208,12.840110004750699,3887500.0,51628056.0,0.023500663558993325,13.15,13.53,13.08,13.33,2026-08-25,13.23,0.9632490626219579
002849,威星智能,2026-08-26,40.993480538072106,41.428655490705566,39.92730190412013,40.05785438991016,6333730.0,118242854.0,0.028961960460236236,18.84,19.04,18.35,18.41,2026-08-25,18.84,2.175874763167309
002850,科达利,2026-08-26,301.19627956959215,308.2677267084424,299.77522320676104,303.93688826933794,2180357.0,392503922.0,0.010399445653399338,178.04,182.22,177.2,179.66,2026-08-25,177.18,1.6917337652751752
002851,麦格米特,2026-08-26,327.0462464037518,336.205162350127,321.93994813276385,332.611841344617,20229764.0,2475405353.0,0.041143403615913225,121.05,124.44,119.16,123.11,2026-08-25,121.32,2.7017451169248394
002852,道道全,2026-08-26,25.334421079747575,26.323548351123108,25.334421079747575,25.7811237184333,8613956.0,69843073.0,0.03013782727883076,7.94,8.25,7.94,8.08,2026-08-25,8.06,3.1907331334694677
002853,皮阿诺,2026-08-26,60.17199910272343,62.578879066832364,60.17199910272343,61.26603545004567,6810470.0,152442192.0,0.052915425114437246,22.0,22.88,22.0,22.4,2026-08-25,22.79,2.7350908683056105
002855,捷荣技术,2026-08-26,11.811094249044693,11.811094249044693,11.811094249044693,11.811094249044693,2268000.0,27442800.0,0.009211003923400317,12.1,12.1,12.1,12.1,2026-08-25,11.0,0.9761234916565862
002857,三晖电气,2026-08-26,30.979036200256033,31.212429240438773,30.450011975841818,30.698964552036742,2514260.0,49803378.0,0.01955326878725887,19.91,20.06,19.57,19.73,2026-08-25,19.89,1.555953601218284
002858,力盛体育,2026-08-26,22.386980711882288,22.53811644664605,22.028033341818354,22.254736943963994,3166716.0,37292127.0,0.021482017257257704,11.85,11.93,11.66,11.78,2026-08-25,11.86,1.8891966845470285
002859,洁美科技,2026-08-26,265.4935909439113,268.51103328221194,257.51596941936276,263.63352374906833,10105290.0,644169598.0,0.023593115537342595,64.23,64.96,62.3,63.78,2026-08-25,63.66,4.133482655206465
002860,星帅尔,2026-08-26,63.17645791339635,63.986412502029644,61.51605100669811,61.880530571583094,8274826.0,127603528.0,0.024058628018570154,15.6,15.8,15.19,15.28,2026-08-25,15.52,4.049772943166433
002861,瀛通通讯,2026-08-26,21.838490958061726,21.894095008877926,21.2963514626038,21.76898589454148,3095570.0,48229365.0,0.02061402501129567,15.71,15.75,15.32,15.66,2026-08-25,15.64,1.3901012704049476
002862,实丰文化,2026-08-26,27.678467422997088,27.87976536789161,27.316131122186945,27.457039683613115,1773600.0,24298612.0,0.013794016569992408,13.75,13.85,13.57,13.64,2026-08-25,13.76,2.012979448945243
002863,今飞凯达,2026-08-26,8.104001773076511,8.24106734217717,8.086868576938928,8.155401361489258,13048663.0,62096459.0,0.021766507042493447,4.73,4.81,4.72,4.76,2026-08-25,4.78,1.7133196137582474
002864,盘龙药业,2026-08-26,29.753217224356455,30.847281714220685,29.64647922534531,30.126800220895458,4224923.0,95852081.0,0.04285054005900217,22.3,23.12,22.22,22.58,2026-08-25,22.38,1.3342249876393029
002865,钧达股份,2026-08-26,58.20738864828908,59.33960219306877,57.8009530168297,58.20738864828908,5415114.0,218196928.0,0.02366523747082944,40.1,40.88,39.82,40.1,2026-08-25,40.18,1.4515558266406254
002866,传艺科技,2026-08-26,26.98661892007699,27.34764392235227,26.589491417574184,26.932465169735696,4540700.0,67865313.0,0.024708751852204107,14.95,15.15,14.73,14.92,2026-08-25,14.97,1.8051250113763873
002867,周大生,2026-08-26,34.29515075683229,34.75039612086103,33.839905392803544,33.99165384747979,34960254.0,392945851.0,0.03239634853400601,11.3,11.45,11.15,11.2,2026-08-25,12.37,3.0349690935249813
002868,绿康生化,2026-08-26,30.867925217121435,31.007725603068543,30.35066378911714,30.686184715390194,1201300.0,26341456.0,0.011181829873647742,22.08,22.18,21.71,21.95,2026-08-25,22.07,1.3980038594710795
002869,金溢科技,2026-08-26,27.49875857120068,28.05242485115774,27.02898112154014,27.683313997853034,2499032.0,41181857.0,0.01577121327715437,16.39,16.72,16.11,16.5,2026-08-25,16.28,1.6777766059304868
002870,香山股份,2026-08-26,47.12135173611926,48.123933687951585,46.399492730799984,46.970964443344414,2636570.0,124232721.0,0.020323111707764047,47.0,48.0,46.28,46.85,2026-08-25,47.08,1.0025819518323247
002871,伟隆股份,2026-08-26,71.13553219806822,71.13553219806822,68.28171733702477,69.12107464909637,2754200.0,45627908.0,0.018451546264297812,16.95,16.95,16.27,16.47,2026-08-25,16.81,4.1967865603580075
002873,新天药业,2026-08-26,30.446517182354633,30.96965321641571,29.923381148293554,30.272138504334272,8004890.0,69625851.0,0.033396769571405874,8.73,8.88,8.58,8.68,2026-08-25,8.78,3.4875735604071743
002875,安奈儿,2026-08-26,22.8121668136245,23.934642849116997,22.501327296103497,22.691284779032998,5033700.0,66726175.0,0.023697967643990677,13.21,13.86,13.03,13.14,2026-08-25,13.12,1.7268862084499998
002876,三利谱,2026-08-26,54.77788297203883,55.85641123780954,54.13455032228086,54.26700116193691,2636202.0,76416300.0,0.017699566013845775,28.95,29.52,28.61,28.68,2026-08-25,28.94,1.8921548522293206
002877,智能自控,2026-08-26,20.87254609739057,21.207399778097365,20.705119257037165,21.012068464351735,3952199.0,29653385.0,0.01643225877149472,7.48,7.6,7.42,7.53,2026-08-25,7.53,2.7904473392233378
002878,元隆雅图,2026-08-26,39.02829292189925,39.02829292189925,38.31473907674529,38.624979878986146,3049584.0,37978463.0,0.012925727597965987,12.58,12.58,12.35,12.45,2026-08-25,12.51,3.1024080224085258
002879,长缆科技,2026-08-26,24.700050840455017,24.834860093071203,24.16081382999026,24.59519919953132,8778400.0,143824110.0,0.06401095717315934,16.49,16.58,16.13,16.42,2026-08-25,16.44,1.4978805846243188
002880,卫光生物,2026-08-26,52.2614174109833,54.479233864138465,50.96586126508077,53.18367771823594,15135750.0,365536535.0,0.06673611111111111,23.8,24.81,23.21,24.22,2026-08-25,22.55,2.195857874411063
002881,美格智能,2026-08-26,87.43591544092116,91.30826599894887,87.1278875556235,89.98814649053033,8812229.0,361149413.0,0.04814874208943063,39.74,41.5,39.6,40.9,2026-08-25,39.8,2.200199180697563
002882,金龙羽,2026-08-26,22.05267796485697,23.556269644279034,21.85219907426736,22.503755468683586,20424402.0,462819489.0,0.08269322182135945,22.0,23.5,21.8,22.45,2026-08-25,22.18,1.002394452948044
002884,凌霄泵业,2026-08-26,97.11331057796052,98.84306420148653,97.05153366283459,97.85463355947167,2787856.0,44295646.0,0.010224749774649619,15.72,16.0,15.71,15.84,2026-08-25,15.73,6.177691512592908
002885,京泉华,2026-08-26,81.4048913400134,82.6343997093919,77.97370519291063,79.43195930542932,11373861.0,316990867.0,0.047939227624864425,28.47,28.9,27.27,27.78,2026-08-25,28.45,2.859321789252315
002886,沃特股份,2026-08-26,57.750176889259976,60.55018546570894,55.00401463158887,58.746333786650474,34508226.0,740470538.0,0.1650494022895667,21.45,22.49,20.43,21.82,2026-08-25,21.26,2.692315938893239
002887,绿茵生态,2026-08-26,43.00287667632138,44.05172732696336,42.68366126090859,43.45889869833963,4072065.0,38811259.0,0.01874529470461151,9.43,9.66,9.36,9.53,2026-08-25,9.46,4.560220220182543
002888,惠威科技,2026-08-26,34.16986787054999,34.87538411564505,33.71223571156941,34.47495597653704,2159951.0,38883775.0,0.028828936687282494,17.92,18.29,17.68,18.08,2026-08-25,17.99,1.9068006624190843
002889,东方嘉盛,2026-08-26,34.54194095591288,35.08165878334901,33.840307780245894,34.54194095591288,4993069.0,63561678.0,0.01987017872972805,12.8,13.0,12.54,12.8,2026-08-25,12.86,2.6985891371806936
002890,弘宇股份,2026-08-26,38.37101246673831,39.16654140523322,37.81414220979186,38.927882723684746,1678900.0,24276361.0,0.010397165015313974,14.47,14.77,14.26,14.68,2026-08-25,14.47,2.6517631283163996
002891,中宠股份,2026-08-26,71.37099882942312,71.84365445081,70.42568758664929,70.47544080995317,4795498.0,137017710.0,0.014897581792946136,28.69,28.88,28.31,28.33,2026-08-25,28.8,2.4876611651942526
002892,科力尔,2026-08-26,77.58948093857805,78.61263892897689,77.41895460684492,78.35684943137717,4734661.0,43429162.0,0.009448083935563765,9.1,9.22,9.08,9.19,2026-08-25,9.11,8.526316586656929
002893,京能热力,2026-08-26,17.242561103902624,17.34580997278827,17.17372852464553,17.31139368315972,6050400.0,60717842.0,0.02983746540771868,10.02,10.08,9.98,10.06,2026-08-25,10.03,1.7208144814274078
002895,川恒股份,2026-08-26,39.64126326698035,40.60450891645838,39.49307162859911,39.61656466058347,7199576.0,232677844.0,0.012012333061220725,32.1,32.88,31.98,32.08,2026-08-25,32.1,1.2349303198436246
002896,中大力德,2026-08-26,155.22362758370403,156.574237146272,151.38886114712713,153.17359521194908,8366812.0,534258873.0,0.042574284178003484,64.36,64.92,62.77,63.51,2026-08-25,64.75,2.411802790299938
002897,意华股份,2026-08-26,95.67622463582062,96.17110165979899,90.06761836406562,92.45952397996113,7445141.0,416838439.0,0.04038410813627654,58.0,58.3,54.6,56.05,2026-08-25,57.72,1.6495900799279417
002899,英派斯,2026-08-26,19.370087140851233,19.861963401411195,19.29138693916164,19.40943724169603,2529900.0,50278408.0,0.01711740029105873,19.69,20.19,19.61,19.73,2026-08-25,19.68,0.9837525211199204
002900,哈三联,2026-08-26,22.76176944340214,22.82570699801844,21.115377412032466,21.77073734684952,32910100.0,449073106.0,0.20425527425112833,14.24,14.28,13.21,13.62,2026-08-25,14.09,1.5984388654074537
002901,大博医疗,2026-08-26,49.47214986157748,50.19634344705391,49.28839925033718,49.81803336508862,1714088.0,79061341.0,0.005943187782301446,45.77,46.44,45.6,46.09,2026-08-25,45.77,1.0808859484723066
002902,铭普光磁,2026-08-26,38.24482109890994,38.24482109890994,36.63776599010726,37.51855580935488,6836574.0,165757987.0,0.036662964461479416,24.75,24.75,23.71,24.28,2026-08-25,24.45,1.545245296925654
002903,宇环数控,2026-08-26,43.98697496052415,44.18543375828352,41.67634752946857,42.38512895003777,15350888.0,461010919.0,0.14271140767790744,31.03,31.17,29.4,29.9,2026-08-25,31.04,1.417562841138387
002905,金逸影视,2026-08-26,17.586624763049887,18.03242006756319,17.408306641244565,17.876391710983533,4615300.0,36973301.0,0.013207703754578755,7.89,8.09,7.81,8.02,2026-08-25,7.9,2.2289765225665255
002906,华阳集团,2026-08-26,29.19318400112381,29.588842538867983,28.220077867753016,28.6050429315041,20497107.0,552422427.0,0.03906433186057867,27.3,27.67,26.39,26.75,2026-08-25,27.41,1.0693473993085645
002907,华森制药,2026-08-26,15.876937101633132,17.296663215255236,15.876937101633132,16.196875380759238,43462465.0,712637876.0,0.12819059873444594,15.88,17.3,15.88,16.2,2026-08-25,15.74,0.9998071222690889
002908,德生科技,2026-08-26,21.99646652449728,22.333929748722483,21.720360250131208,22.21121584900423,7914496.0,57102021.0,0.024333718200538323,7.17,7.28,7.08,7.24,2026-08-25,7.19,3.067847492956385
002909,集泰股份,2026-08-26,16.13283399669971,16.315469853266123,16.041516068416502,16.163273306127444,5149400.0,27371618.0,0.013536916813067297,5.3,5.36,5.27,5.31,2026-08-25,5.31,3.04393094277353
002910,庄园牧场,2026-08-26,9.590619901206548,9.796764238898808,9.580803504173584,9.669151077470266,4545100.0,44807671.0,0.026569906399406765,9.77,9.98,9.76,9.85,2026-08-25,9.81,0.9816397032964738
002911,佛燃能源,2026-08-26,31.907519622506236,32.430593714678466,31.820340607144193,32.11093732501766,4469472.0,49560327.0,0.0035274964101096444,10.98,11.16,10.95,11.05,2026-08-25,11.04,2.9059671787346297
002912,中新赛克,2026-08-26,51.89841047871025,52.90906373540092,51.133591797971356,52.25350486619616,2784900.0,53022549.0,0.017167126827939316,19.0,19.37,18.72,19.13,2026-08-25,19.24,2.731495288353171
002913,奥士康,2026-08-26,130.14331559030248,132.39934575024643,127.34036902794786,129.36851735355404,3849954.0,219438413.0,0.01260466069478427,57.11,58.1,55.88,56.77,2026-08-25,56.84,2.2788183433777354
002915,中欣氟材,2026-08-26,38.08561354991113,38.26697361443452,37.677553404733516,37.90425348538774,4103800.0,68765444.0,0.014093234676935879,16.8,16.88,16.62,16.72,2026-08-25,16.76,2.2670008065423293
002916,深南电路,2026-08-26,873.4838346824109,898.8979701110525,856.5834346223643,884.4881553230127,7398172.0,2561595421.0,0.011127973990206468,343.7,353.7,337.05,348.03,2026-08-25,341.0,2.5414135428641575
002917,金奥博,2026-08-26,25.772301421601977,26.145092666851763,25.523773924768786,25.598332173818747,2635100.0,27276676.0,0.010113732726126584,10.37,10.52,10.27,10.3,2026-08-25,10.34,2.485274968331917
002918,蒙娜丽莎,2026-08-26,28.42920751422321,28.42920751422321,27.75962853449666,28.094418024359936,8394900.0,84543813.0,0.0391909685155569,10.19,10.19,9.95,10.07,2026-08-25,10.13,2.7899124155273025
002919,名臣健康,2026-08-26,56.890283635851596,57.67951300421023,55.50913224122398,57.28489832003092,3424300.0,59000456.0,0.012960612613863333,17.3,17.54,16.88,17.42,2026-08-25,17.43,3.288455701494312
002920,德赛西威,2026-08-26,92.02857952294319,93.39928576453882,91.41229299571415,91.49729803395265,4669632.0,405735771.0,0.007826787500826696,86.61,87.9,86.03,86.11,2026-08-25,86.2,1.0625629779811014
002921,联诚精密,2026-08-26,32.19967951004662,32.42144038821498,31.209147587561255,31.637885285353427,3023800.0,64933296.0,0.023484707097052387,21.78,21.93,21.11,21.4,2026-08-25,21.75,1.4784058544557677
002922,伊戈尔,2026-08-26,46.387115227256494,48.020063204965886,46.06432318515115,47.16561368174586,13049450.0,323408698.0,0.0341497003194317,24.43,25.29,24.26,24.84,2026-08-25,24.45,1.8987767182667414
002923,润都股份,2026-08-26,41.99648891840685,42.709566031409295,40.75798656424472,41.020699184824565,8757450.0,96709897.0,0.033935175705950525,11.19,11.38,10.86,10.93,2026-08-25,11.17,3.7530374368549464
002925,盈趣科技,2026-08-26,47.95946599794656,51.64865569009629,47.432438899068025,48.48649309682509,18145311.0,423071275.0,0.024820247686287482,22.75,24.5,22.5,23.0,2026-08-25,22.52,2.1081083955141344
002926,华西证券,2026-08-26,8.69936530460779,8.972533780356343,8.667845865098341,8.951520820683378,36241639.0,306884671.0,0.013806338666666666,8.28,8.54,8.25,8.52,2026-08-25,8.28,1.0506479836482838
002927,泰永长征,2026-08-26,40.25731857049049,40.50689897080352,39.08429068901929,39.783115809895754,3552000.0,56592149.0,0.016091487208228082,16.13,16.23,15.66,15.94,2026-08-25,16.12,2.495804003130223
002928,华夏航空,2026-08-26,14.391156424183409,14.503763281962623,14.188464080180827,14.30107093796004,23977750.0,152320022.0,0.018758482276822204,6.39,6.44,6.3,6.35,2026-08-25,6.25,2.252137155584258
002929,润建股份,2026-08-26,60.47582162949016,60.50945668045206,57.40382030830361,58.69316392850964,13757172.0,721321436.0,0.06352305171101935,53.94,53.97,51.2,52.35,2026-08-25,54.22,1.1211683653965547
002930,宏川智慧,2026-08-26,17.687162570289416,17.827219287474968,17.427057238373397,17.727178775199572,4885900.0,43104280.0,0.01127295073870498,8.84,8.91,8.71,8.86,2026-08-25,8.8,2.0008102455078527
002931,锋龙股份,2026-08-26,118.31606735737876,118.97127880600321,114.6620035092808,116.27483169051024,4306600.0,199161678.0,0.021259196641289804,46.95,47.21,45.5,46.14,2026-08-25,46.94,2.5200440331710063
002933,新兴装备,2026-08-26,27.14645006919916,27.30912542541908,26.79059772746809,26.953273083688007,1024400.0,27200824.0,0.008763474440784421,26.7,26.86,26.35,26.51,2026-08-25,26.73,1.0167209763745004
002935,天奥电子,2026-08-26,65.15128896493444,65.773357287324,64.32186453508167,64.90246163597861,3470600.0,54482641.0,0.008361060534302314,15.71,15.86,15.51,15.65,2026-08-25,15.71,4.147122149263809
002936,郑州银行,2026-08-26,2.442307655627911,2.4837027006385535,2.42850930729103,2.4837027006385535,106446168.0,190548871.0,0.015143219129001096,1.77,1.8,1.76,1.8,2026-08-25,1.77,1.3798348336880852
002937,兴瑞科技,2026-08-26,59.80810277273848,60.68528828007198,58.412580374707915,58.79136502560193,6324500.0,187934720.0,0.02006601151453702,30.0,30.44,29.3,29.49,2026-08-25,30.0,1.9936034257579494
002938,鹏鼎控股,2026-08-26,108.2254996878977,108.58215190277826,104.69587259580375,107.3646150312894,13180481.0,1146907553.0,0.005703795737322555,88.0,88.29,85.13,87.3,2026-08-25,87.44,1.22983522372611
002939,长城证券,2026-08-26,8.5977788823027,8.802487903309906,8.58700472330232,8.791713744309527,32245310.0,261737499.0,0.008950418108482145,7.98,8.17,7.97,8.16,2026-08-25,7.99,1.0774159000379322
002940,昂利康,2026-08-26,59.257494387991215,60.623194453964445,58.91028250681157,59.419526599208375,7759220.0,199773914.0,0.042016825152175356,25.6,26.19,25.45,25.67,2026-08-25,25.82,2.3147458745309066
002941,新疆交建,2026-08-26,10.897914742715443,11.087704275356684,10.788036592238937,10.967837202109585,14209500.0,155835107.0,0.01947170562406442,10.91,11.1,10.8,10.98,2026-08-25,10.87,0.9988922770591607
002942,新农股份,2026-08-26,22.33612160856751,24.568311992109905,22.33612160856751,24.568311992109905,5855320.0,100050865.0,0.042198046221206445,15.71,17.28,15.71,17.28,2026-08-25,15.71,1.421777314358212
002943,宇晶股份,2026-08-26,59.910906397212216,60.382931720341766,57.60524424192557,58.658223808906875,8079219.0,261490778.0,0.042780640862998584,33.0,33.26,31.73,32.31,2026-08-25,32.72,1.8154820120367339
002945,华林证券,2026-08-26,13.159154819011997,13.619198104745847,13.159154819011997,13.465850342834562,13603601.0,190920275.0,0.005038370740740741,13.73,14.21,13.73,14.05,2026-08-25,13.81,0.9584235119455204
002946,新乳业,2026-08-26,16.409055239879024,16.611012842831382,16.25758703766476,16.3383700788457,4976102.0,81013653.0,0.0058493188859920775,16.25,16.45,16.1,16.18,2026-08-25,16.24,1.0097880147617861
002947,恒铭达,2026-08-26,110.82751400479549,117.89578162507496,106.84590588794556,115.95977033890024,20012958.0,1243338476.0,0.10092072490732752,60.68,64.55,58.5,63.49,2026-08-25,59.61,1.826425741674283
002948,青岛银行,2026-08-26,8.007662634070305,8.157465846612437,8.007662634070305,8.14384737274497,36450351.0,216699852.0,0.01034876079407802,5.88,5.99,5.88,5.98,2026-08-25,5.91,1.3618473867466505
002949,华阳国际,2026-08-26,14.8419977120286,16.282159478793204,14.59205228143309,16.282159478793204,21868207.0,290601692.0,0.14394020374546926,12.47,13.68,12.26,13.68,2026-08-25,12.44,1.1902163361690938
002950,奥美医疗,2026-08-26,15.154475394543761,15.250288726859107,14.978817618632295,15.04269317350919,5409500.0,51131360.0,0.012591205793988994,9.49,9.55,9.38,9.42,2026-08-25,9.41,1.5968888719224195
002951,金时科技,2026-08-26,18.080178495692632,18.090959758957805,17.2608024875396,17.314708803865454,5212500.0,84200143.0,0.01299480302114848,16.77,16.78,16.01,16.06,2026-08-25,16.48,1.0781263265171517
002952,亚世光电,2026-08-26,50.305627719650566,50.81376537338441,49.13691111606273,49.46720059098972,2948000.0,57719507.0,0.02198773740603114,19.8,20.0,19.34,19.47,2026-08-25,19.82,2.5406882686692205
002953,日丰股份,2026-08-26,24.686094080909537,25.348961421970994,24.503234124754652,24.686094080909537,22815495.0,247919923.0,0.081110579573515,10.8,11.09,10.72,10.8,2026-08-25,10.93,2.285749451936068
002955,鸿合科技,2026-08-26,65.83080766621555,66.18817490783215,63.103531348615185,63.46089859023179,4515540.0,154582658.0,0.02195670765909503,35.0,35.19,33.55,33.74,2026-08-25,35.05,1.88088021903473
002956,西麦食品,2026-08-26,66.44481701782013,67.4219466798469,66.0930503394905,66.52298739078228,2431260.0,41468838.0,0.007779763977795248,17.0,17.25,16.91,17.02,2026-08-25,16.97,3.9085186481070666
002957,科瑞技术,2026-08-26,44.49506744838295,44.86834821556737,41.94609306675219,43.140591521742344,12385709.0,501375849.0,0.029582852254362087,41.72,42.07,39.33,40.45,2026-08-25,41.01,1.0665164776697735
002958,青农商行,2026-08-26,3.4852818430669803,3.5445553437994124,3.473427142920494,3.532700643652926,78433835.0,233189268.0,0.014418570686033355,2.94,2.99,2.93,2.98,2026-08-25,2.95,1.1854700146486328
002959,小熊电器,2026-08-26,47.171636873540116,47.42746376830472,46.91580997877551,47.00108561036372,385100.0,12762526.0,0.002754760044376602,33.19,33.37,33.01,33.07,2026-08-25,33.11,1.4212605264700247
002960,青鸟智控,2026-08-26,35.583914245730114,35.96157371296074,35.374103430601984,35.75176289783261,5172602.0,44093634.0,0.005341119914781672,8.48,8.57,8.43,8.52,2026-08-25,8.48,4.196216302562513
002961,瑞达期货,2026-08-26,20.353952116169708,21.515484316932458,20.353952116169708,20.95100137824402,9735500.0,188529987.0,0.020412798212860826,18.75,19.82,18.75,19.3,2026-08-25,18.79,1.0855441128623844
002962,五方光电,2026-08-26,20.58963941363554,20.63823809045765,20.022654850710875,20.362845588465674,5295432.0,66524479.0,0.02531086931178645,12.71,12.74,12.36,12.57,2026-08-25,12.7,1.6199558940704593
002963,豪尔赛,2026-08-26,22.366191977235754,23.781369680838207,22.366191977235754,23.781369680838207,10361485.0,229247023.0,0.06938169022613093,21.02,22.35,21.02,22.35,2026-08-25,20.32,1.0640433861672576
002965,祥鑫科技,2026-08-26,49.54257734266303,51.38938330519342,48.03301420807298,49.012624327328226,9682840.0,297243461.0,0.04069399115029126,30.85,32.0,29.91,30.52,2026-08-25,30.83,1.6059182282872944
002966,苏州银行,2026-08-26,11.75741034179968,11.92146723028991,11.743738934425496,11.907795822915725,21874139.0,189714268.0,0.004976506729664604,8.6,8.72,8.59,8.71,2026-08-25,8.61,1.3671407374185676
002967,广电计量,2026-08-26,28.891680687674597,29.33174143628592,28.85782986085834,28.976307754715236,3022950.0,51947273.0,0.005005964159303675,17.07,17.33,17.05,17.12,2026-08-25,17.15,1.6925413408128058
002968,新大正,2026-08-26,31.969125984105705,32.411723042458604,31.424391143055978,31.935080056540098,2775800.0,26108338.0,0.013023347999120785,9.39,9.52,9.23,9.38,2026-08-25,9.39,3.4045927565607776
002969,嘉美包装,2026-08-26,12.819504890400788,12.942572137348634,12.53234798085581,12.563114792592772,25081146.0,310379332.0,0.022952659911635344,12.5,12.62,12.22,12.25,2026-08-25,12.44,1.025560391232063
002970,锐明技术,2026-08-26,109.13584125362762,110.90865008540209,105.4172666308812,106.3685299064675,4075000.0,202096533.0,0.03224237837253102,50.48,51.3,48.76,49.2,2026-08-25,50.53,2.1619619899688516
002971,和远气体,2026-08-26,60.03822752709968,60.41670806486099,56.533778103383845,58.14582483829312,12694131.0,525431139.0,0.07884330793988885,42.83,43.1,40.33,41.48,2026-08-25,42.82,1.4017797694863339
002972,科安达,2026-08-26,21.46313064308572,21.66770377074023,20.832363499484313,21.275605276069083,3845600.0,47991471.0,0.02776834258752198,12.59,12.71,12.22,12.48,2026-08-25,12.63,1.7047760637875868
002973,侨银股份,2026-08-26,11.942770166642783,12.173016364323239,11.822641715679067,11.962791575136734,6774900.0,81346687.0,0.021327984739376585,11.93,12.16,11.81,11.95,2026-08-25,11.93,1.0010704246976347
002975,博杰股份,2026-08-26,294.1144857693651,296.586036069948,267.9709759231993,276.9509420153172,20356938.0,2061804343.0,0.14723331968230804,107.1,108.0,97.58,100.85,2026-08-25,107.18,2.746167000647667
002976,瑞玛精密,2026-08-26,32.44408088078315,33.01420571849204,31.52922939701771,32.64296163812347,7141791.0,173766312.0,0.058669378012787834,24.47,24.9,23.78,24.62,2026-08-25,24.69,1.3258717156020903
002978,安宁股份,2026-08-26,29.059743304415672,29.75270641398251,29.026212831372113,29.42857850789479,2895795.0,76485638.0,0.007841741946625704,26.0,26.62,25.97,26.33,2026-08-25,26.05,1.1176824347852181
002979,雷赛智能,2026-08-26,86.80512511080079,88.13697269824087,85.66130306511695,86.6327683641909,7404736.0,410392938.0,0.03323719742793003,55.4,56.25,54.67,55.29,2026-08-25,55.4,1.5668795146353933
002980,华盛昌,2026-08-26,178.900405499945,179.48231371055675,165.98931707699717,168.69882718265805,8402420.0,789985199.0,0.08295669745537176,98.38,98.7,91.28,92.77,2026-08-25,94.52,1.8184631581616693
002981,朝阳科技,2026-08-26,33.696010559423264,33.981086790890465,33.496457197396225,33.76727961729007,1305500.0,30874303.0,0.01073735740318504,23.64,23.84,23.5,23.69,2026-08-25,23.64,1.4253811573360096
002982,湘佳股份,2026-08-26,24.286485915785125,24.71256461606206,24.20901706118932,24.30585312943408,2812059.0,35429753.0,0.02161605060472631,12.54,12.76,12.5,12.55,2026-08-25,12.64,1.9367213648951458
002983,芯瑞达,2026-08-26,32.64193310577925,32.86089344137014,32.08611071543317,32.43981587292613,1302700.0,25103417.0,0.010072274815264569,19.38,19.51,19.05,19.26,2026-08-25,19.39,1.6843102737760194
002984,森麒麟,2026-08-26,20.6954202002247,20.709792019808187,20.45109926730538,20.494214726055848,7506411.0,107390561.0,0.010514355968157108,14.4,14.41,14.23,14.26,2026-08-25,14.39,1.4371819583489374
002985,北摩高科,2026-08-26,58.701696281605884,59.51168519158588,58.274202134671995,58.881693817157,5651419.0,148289833.0,0.01707264171954088,26.09,26.45,25.9,26.17,2026-08-25,25.55,2.24996919438888
002986,宇新股份,2026-08-26,37.379619501878885,37.853838555260936,36.82171473319413,37.26803854814193,5143282.0,68584524.0,0.01703990719613904,13.4,13.57,13.2,13.36,2026-08-25,13.4,2.7895238434237974
002987,京北方,2026-08-26,74.02144931150558,77.02938806444661,73.89066936572554,76.04853847109628,24562773.0,284390126.0,0.02422542587758777,11.32,11.78,11.3,11.63,2026-08-25,11.58,6.53899728900226
002988,豪美新材,2026-08-26,24.023143354337876,25.098206649575918,23.802102302980522,24.95754416234851,13489673.0,329564045.0,0.054000921584693974,23.91,24.98,23.69,24.84,2026-08-25,23.69,1.004732051624336
002989,中天精装,2026-08-26,33.868128115603135,33.9935656271424,32.307127972003315,32.47437798738901,5949701.0,140280597.0,0.030074061527889245,24.3,24.39,23.18,23.3,2026-08-25,24.37,1.3937501282141207
002990,盛视科技,2026-08-26,101.55704184520674,102.43161414423079,97.22684241345354,99.38127661348838,6459962.0,300490751.0,0.04680502288666779,47.61,48.02,45.58,46.59,2026-08-25,47.57,2.133103168351328
002991,甘源食品,2026-08-26,43.490901727256585,44.048048815743094,43.3126146589409,43.3126146589409,974900.0,38209526.0,0.01952388633040776,39.03,39.53,38.87,38.87,2026-08-25,39.27,1.1142941769730101
002992,宝明科技,2026-08-26,48.06405188908588,48.697585086217956,47.430518691953814,48.03589485810223,864700.0,29483762.0,0.005534607709348185,34.14,34.59,33.69,34.12,2026-08-25,34.14,1.4078515491823633
002993,奥海科技,2026-08-26,55.83964353933175,56.4274292607984,54.2967060204818,55.75147568111175,4207349.0,158945595.0,0.017644802334278713,38.0,38.4,36.95,37.94,2026-08-25,37.87,1.469464303666625
002995,天地在线,2026-08-26,49.01382579958191,49.67695403098802,48.523687541586085,49.1291524485221,3371840.0,57413859.0,0.029993984550834962,17.0,17.23,16.83,17.04,2026-08-25,17.08,2.8831662235048183
002996,顺博合金,2026-08-26,8.245351987815685,8.32313832732338,8.206458818061837,8.297209547487482,8878040.0,56713128.0,0.019368403061484536,6.36,6.42,6.33,6.4,2026-08-25,6.35,1.2964389917949188
002997,瑞鹄模具,2026-08-26,29.676647381985386,30.14604953741222,29.47845536080517,29.989582152269943,3173820.0,91021993.0,0.015162430297056452,28.45,28.9,28.26,28.75,2026-08-25,28.4,1.0431159009485198
002998,优彩资源,2026-08-26,8.926861735073246,9.104731956444569,8.793459069044754,9.0046799569232,10615203.0,85468348.0,0.03924360044405235,8.03,8.19,7.91,8.1,2026-08-25,8.0,1.1116888835707655
002999,天禾股份,2026-08-26,9.182689383766062,9.285207447061696,9.109462195697752,9.211980258993387,15955200.0,100463015.0,0.04628570812403383,6.27,6.34,6.22,6.29,2026-08-25,6.27,1.4645437613661982
003000,劲仔食品,2026-08-26,10.372925005251938,10.4799727349243,10.297991594481283,10.42644887008812,7628400.0,74123571.0,0.024762684850379697,9.69,9.79,9.62,9.74,2026-08-25,9.76,1.0704772967236262
003001,中岩大地,2026-08-26,29.98782643126495,30.82558158236061,29.626068525110007,30.61614279458669,7617163.0,121212002.0,0.06660304843245206,15.75,16.19,15.56,16.08,2026-08-25,15.7,1.903988979762854
003002,壶化股份,2026-08-26,17.868105235210695,17.8894913575748,17.483155032656786,17.51523421620294,2038900.0,33623215.0,0.011150836128129336,16.71,16.73,16.35,16.38,2026-08-25,16.66,1.0693061182053079
003003,天元股份,2026-08-26,11.559965445634427,11.745089447432843,11.446834111202062,11.662812113300214,2685700.0,30357015.0,0.022799522820427548,11.24,11.42,11.13,11.34,2026-08-25,11.25,1.0284666766578672
003004,声迅股份,2026-08-26,76.16638085021174,76.59025197651857,74.3622114408032,74.99258388505437,1147100.0,79368681.0,0.016686833864057858,70.08,70.47,68.42,69.0,2026-08-25,68.84,1.0868490418123822
003005,竞业达,2026-08-26,27.579501875744505,27.7004646032697,27.21661369316892,27.519020511981907,2016600.0,27478438.0,0.015881465517003764,13.68,13.74,13.5,13.65,2026-08-25,13.69,2.0160454587532532
003006,百亚股份,2026-08-26,14.644202850972318,14.969870816523962,14.568213659010267,14.850459229155026,8182323.0,111275409.0,0.019092018555113482,13.49,13.79,13.42,13.68,2026-08-25,13.49,1.085559885172151
003007,直真科技,2026-08-26,52.9336529957311,53.65135153980214,51.999290740242365,52.175330005769226,1474300.0,57147264.0,0.020310615618851013,39.09,39.62,38.4,38.53,2026-08-25,39.16,1.3541481963604782
003008,开普检测,2026-08-26,30.033543169746046,30.503527944234754,29.942578374683716,30.306437554933037,1181260.0,23615083.0,0.014725244350038576,19.81,20.12,19.75,19.99,2026-08-25,19.82,1.5160799177055047
003009,中天火箭,2026-08-26,47.63361426771878,48.35533569601754,47.20058141073951,47.932613145156836,2034445.0,94448930.0,0.012353381001084218,46.2,46.9,45.78,46.49,2026-08-25,46.22,1.0310306118553847
003010,若羽臣,2026-08-26,79.76291416858541,83.24024297147406,79.70900209412203,80.54463924830456,15264102.0,461638018.0,0.0674978098513262,29.59,30.88,29.57,29.88,2026-08-25,30.0,2.695603723169497
003011,海象新材,2026-08-26,32.49233666107879,32.61730718669832,31.96121192719577,32.33612350405437,1418320.0,29297222.0,0.01845686852793031,20.8,20.88,20.46,20.7,2026-08-25,20.8,1.5621315702441725
003012,东鹏控股,2026-08-26,5.433306907181547,5.490379458727571,5.410477886563137,5.421892396872342,6764500.0,32314309.0,0.005962079764257683,4.76,4.81,4.74,4.75,2026-08-25,4.74,1.141451030920493
003013,地铁设计,2026-08-26,22.240446328585275,22.767590090323754,21.763506734631417,22.403609873885284,7885503.0,140472414.0,0.019592460771289556,17.72,18.14,17.34,17.85,2026-08-25,18.05,1.255104194615422
003015,日久光电,2026-08-26,13.320170967087025,13.473150781311158,13.134409764100578,13.18904541203777,4330516.0,52429519.0,0.017529414749184957,12.19,12.33,12.02,12.07,2026-08-25,12.23,1.0927129587438085
003016,欣贺股份,2026-08-26,7.9002665000421235,8.103998300902807,7.9002665000421235,8.002132400472465,3805900.0,26979488.0,0.00926273772220452,6.98,7.16,6.98,7.07,2026-08-25,7.02,1.1318433381149173
003017,大洋生物,2026-08-26,34.93862708076595,36.235475684200495,34.87759891119256,35.396338352566374,2760800.0,64684416.0,0.03307096491463863,22.9,23.75,22.86,23.2,2026-08-25,22.9,1.5257042393347575
003018,金富科技,2026-08-26,58.30948611148645,58.7935367624758,52.128531645007044,54.69772356179668,30376084.0,1331250181.0,0.10676573123201082,46.98,47.37,42.0,44.07,2026-08-25,45.98,1.2411555153573106
003019,宸展光电,2026-08-26,38.191295780759425,39.46947221213161,38.02189890431251,39.22307675548155,4580607.0,115742521.0,0.02648850070862385,24.8,25.63,24.69,25.47,2026-08-25,24.79,1.53997160406288
003020,立方制药,2026-08-26,50.356106583204756,51.248082706256696,50.03175162936769,50.54531363960971,7851631.0,146998605.0,0.04658387593511425,18.63,18.96,18.51,18.7,2026-08-25,18.65,2.7029579486422306
003021,兆威机电,2026-08-26,171.32686306870113,175.3903242446273,167.26340189277497,167.6413982812332,6193810.0,448823380.0,0.029873778257504945,72.52,74.24,70.8,70.96,2026-08-25,72.78,2.3624774278640532
003022,联泓新科,2026-08-26,26.16406159772386,26.62725945099667,26.097890475827747,26.2434669439992,6041181.0,120152824.0,0.004527155967671859,19.77,20.12,19.72,19.83,2026-08-25,19.8,1.3234224379222996
003023,彩虹集团,2026-08-26,37.19044341961897,38.248255433051256,37.120850523998435,37.88637237582442,2761703.0,74846683.0,0.026271829819686423,26.72,27.48,26.67,27.22,2026-08-25,26.85,1.3918579124108899
003025,思进智能,2026-08-26,47.46754668859845,47.46754668859845,46.454405375877386,46.94221415607642,2369748.0,29610465.0,0.01046634846290496,12.65,12.65,12.38,12.51,2026-08-25,12.56,3.752375232300273
003026,中晶科技,2026-08-26,40.189972607518,40.31422879215135,39.182116887714216,39.54107919887721,3866735.0,111192245.0,0.02674814255937113,29.11,29.2,28.38,28.64,2026-08-25,29.0,1.3806242737038132
003027,同兴科技,2026-08-26,26.456387071494067,27.610734148905955,26.206798514215823,26.659177774282643,2703200.0,46259566.0,0.02629270641374546,16.96,17.7,16.8,17.09,2026-08-25,16.89,1.559928482989037
003028,振邦智能,2026-08-26,31.42663429261914,31.992010337374467,31.247368717452822,31.399054973362784,713257.0,16324825.0,0.010089407612240111,22.79,23.2,22.66,22.77,2026-08-25,22.98,1.378965962817865
003029,吉大正元,2026-08-26,17.458967761995947,17.54112761028769,16.894118804990192,17.335727989558325,4099863.0,68750457.0,0.023349994661785035,17.0,17.08,16.45,16.88,2026-08-25,17.03,1.0269981036468203
003030,祖名股份,2026-08-26,25.5734059103496,26.675414072634766,24.83494683252964,24.903112285866868,3747103.0,83874552.0,0.04628400142417899,22.51,23.48,21.86,21.92,2026-08-25,22.04,1.1360908889537804
003031,中瓷电子,2026-08-26,381.6352418651298,390.06261210770003,367.4511468793952,376.62036309402276,10945156.0,1397888543.0,0.032176805950631646,128.61,131.45,123.83,126.92,2026-08-25,128.0,2.967383888228985
003033,征和工业,2026-08-26,72.38695266442976,72.38695266442976,70.21423555535958,70.90152362047361,556000.0,35553367.0,0.006885991097602459,65.3,65.3,63.34,63.96,2026-08-25,64.61,1.1085291372807007
003035,南网能源,2026-08-26,5.337279466424321,5.488691649868983,5.280499897632573,5.356205989354904,85201712.0,484764958.0,0.022493251973218435,5.64,5.8,5.58,5.66,2026-08-25,5.69,0.9463261465291349
003036,泰坦股份,2026-08-26,60.05276383186536,61.24331425185569,57.65999092894361,59.87768288774913,4833153.0,245605562.0,0.02231363356093243,51.45,52.47,49.4,51.3,2026-08-25,51.45,1.1672062941081702
003037,三和管桩,2026-08-26,5.86587420609236,5.937785098286137,5.814509283096806,5.8966931598896934,2479400.0,14235859.0,0.004138716075060011,5.71,5.78,5.66,5.74,2026-08-25,5.71,1.0272984599110964
003038,鑫铂股份,2026-08-26,18.375923614753688,18.54177130080742,18.16032162288383,18.359338846148315,2483340.0,27520417.0,0.015326293526855063,11.08,11.18,10.95,11.07,2026-08-25,11.03,1.6584768605373363
003039,顺控发展,2026-08-26,12.02716423306784,12.21871169361125,12.017082787776081,12.047327123651355,3127238.0,37615321.0,0.005064199429222171,11.93,12.12,11.92,11.95,2026-08-25,12.02,1.0081445291758457
003040,楚天龙,2026-08-26,16.68819182930769,18.359167109374027,16.019801717281155,18.359167109374027,108736175.0,1769610153.0,0.23801272538626866,15.48,17.03,14.86,17.03,2026-08-25,15.48,1.0780485677847345
003041,真爱美家,2026-08-26,62.01312653478508,63.412397082236645,60.59795518565793,60.868268814142894,1524020.0,59126021.0,0.011139138231441475,39.0,39.88,38.11,38.28,2026-08-25,39.05,1.5900801675585918
003042,中农联合,2026-08-26,17.442960349880604,18.08526430500256,17.254047421903557,17.820786205834697,6338573.0,89917651.0,0.051407314271875906,13.85,14.36,13.7,14.15,2026-08-25,13.9,1.259419519846975
003043,华亚智能,2026-08-26,103.37539139846028,103.59019740656096,99.76396538726732,101.33473432150366,4367437.0,329228999.0,0.04645359868961841,77.0,77.16,74.31,75.48,2026-08-25,76.41,1.3425375506293542
003816,中国广核,2026-08-26,4.437982877941692,4.650916399863137,4.437982877941692,4.639709372393586,220247574.0,902172790.0,0.005599249881517048,3.96,4.15,3.96,4.14,2026-08-25,3.96,1.1207027469549726
600000,浦发银行,2026-08-26,146.57648038569377,149.8157396207367,146.0905915004373,149.16788777372813,95070325.0,872154901.0,0.002854464257697426,9.05,9.25,9.02,9.21,2026-08-25,9.08,16.19629617521478
600004,白云机场,2026-08-26,19.683441093297404,19.99670540777959,19.631230374217036,19.970600048239408,10986747.0,83663693.0,0.004642186220014932,7.54,7.66,7.52,7.65,2026-08-25,7.53,2.610535954018223
600006,东风股份,2026-08-26,19.868283177295567,20.275268493776483,19.868283177295567,20.01627783783408,11659814.0,63459603.0,0.005829907,5.37,5.48,5.37,5.41,2026-08-25,5.37,3.6998665134628617
600007,中国国贸,2026-08-26,40.51824040742094,41.23060158666703,40.51824040742094,40.88521434824469,2369400.0,45014014.0,0.002352269517263366,18.77,19.1,18.77,18.94,2026-08-25,18.77,2.1586702401396347
600008,首创环保,2026-08-26,28.494632655529557,28.793527403664484,28.395001072817916,28.793527403664484,58686338.0,169002971.0,0.007994770527647008,2.86,2.89,2.85,2.89,2026-08-25,2.86,9.96315827116418
600009,上海机场,2026-08-26,70.16051801598549,71.1228568829,70.07029874721226,70.91234525576245,8490938.0,199995619.0,0.003423463229559211,23.33,23.65,23.3,23.58,2026-08-25,23.38,3.007308959107822
600010,包钢股份,2026-08-26,18.716143985561008,18.96680662822477,18.716143985561008,18.883252414003515,318614562.0,719706828.0,0.010173459556043651,2.24,2.27,2.24,2.26,2026-08-25,2.25,8.355421422125449
600011,华能国际,2026-08-26,34.95607905732431,35.26958649281601,34.90382781807569,35.16508401431878,55574655.0,373643572.0,0.005053293404655766,6.69,6.75,6.68,6.73,2026-08-25,6.69,5.225123924861631
600012,皖通高速,2026-08-26,51.43767068776613,52.162588840841266,51.34311614606067,51.658297951745524,3668301.0,60220734.0,0.003147135380919698,16.32,16.55,16.29,16.39,2026-08-25,16.39,3.151818056848415
600015,华夏银行,2026-08-26,41.08966770736595,41.39494012718293,40.967558739439156,41.33388564321953,86492530.0,584161268.0,0.005621061349048928,6.73,6.78,6.71,6.77,2026-08-25,6.75,6.105448396339665
600016,民生银行,2026-08-26,131.2197091595144,132.34767227549875,130.84372145418627,132.34767227549875,160043605.0,561177582.0,0.0045130858081653125,3.49,3.52,3.48,3.52,2026-08-25,3.5,37.598770532812146
600017,日照港,2026-08-26,9.636015649961243,9.849359169886583,9.600458396640352,9.813801916565692,46412038.0,127723649.0,0.015090136826214953,2.71,2.77,2.7,2.76,2026-08-25,2.7,3.555725332089019
600018,上港集团,2026-08-26,8.813881795206054,8.914997073927346,8.780176702298954,8.881291981020247,46289585.0,243841617.0,0.0019912309472274394,5.23,5.29,5.21,5.27,2026-08-25,5.24,1.6852546453548858
600019,宝钢股份,2026-08-26,19.283050571211042,19.514183026687885,19.217012726789086,19.44814518226593,77171776.0,454248276.0,0.0036037840170581935,5.84,5.91,5.82,5.89,2026-08-25,5.85,3.301892221097781
600020,中原高速,2026-08-26,17.56035714037856,17.97626033580858,17.51414567421967,17.883837403490798,21219529.0,81652721.0,0.009441930657783558,3.8,3.89,3.79,3.87,2026-08-25,3.8,4.621146615889095
600021,上海电力,2026-08-26,31.455100897729302,31.754673287231483,31.27074865803565,31.616409107461248,18674067.0,256209113.0,0.006617607680292649,13.65,13.78,13.57,13.72,2026-08-25,13.7,2.3044029961706447
600022,山东钢铁,2026-08-26,7.758405574853868,7.874202672986016,7.700507025787795,7.874202672986016,79395858.0,107395626.0,0.007420971535235404,1.34,1.36,1.33,1.36,2026-08-25,1.34,5.789854906607364
600023,浙能电力,2026-08-26,9.44997850003077,9.604579375286898,9.41132828121674,9.565929156472867,40904180.0,202295234.0,0.003050562701613287,4.89,4.97,4.87,4.95,2026-08-25,4.89,1.9325109407015892
600025,华能水电,2026-08-26,11.926351462517001,12.098484370223433,11.914056254823684,12.000122708676901,30898178.0,301917739.0,0.0016584199282009997,9.7,9.84,9.69,9.76,2026-08-25,9.79,1.2295207693316497
600026,中远海能,2026-08-26,32.80337825663026,33.77337062443384,32.57410733333123,32.750469582022795,54961615.0,1032025525.0,0.014357818833410318,18.6,19.15,18.47,18.57,2026-08-25,19.04,1.7636224869156054
600027,华电国际,2026-08-26,10.245404036695346,10.401312358992884,10.22313141922427,10.356767124050732,72180146.0,335337604.0,0.007832321319294386,4.6,4.67,4.59,4.65,2026-08-25,4.6,2.227261747107684
600028,中国石化,2026-08-26,23.76186002492705,24.076289174595274,23.67202312502184,23.941533824737462,230457388.0,1226455337.0,0.0024322044050872904,5.29,5.36,5.27,5.33,2026-08-25,5.36,4.491844995260312
600029,南方航空,2026-08-26,8.602784692317211,8.619587006169393,8.501970809204119,8.535575436908484,63311280.0,321895597.0,0.004697737554252741,5.12,5.13,5.06,5.08,2026-08-25,5.06,1.6802313852182054
600030,中信证券,2026-08-26,177.85624026230695,182.31083486187853,177.2011528211935,181.91778239721046,172626933.0,4769448349.0,0.014176997523239704,27.15,27.83,27.05,27.77,2026-08-25,27.15,6.550874411134695
600031,三一重工,2026-08-26,968.3485347590795,977.0127058595556,957.6457351643738,961.2133350292758,45411985.0,861777148.0,0.00535873199153295,19.0,19.17,18.79,18.86,2026-08-25,18.95,50.965712355741026
600032,浙江新能,2026-08-26,6.210955986281996,6.283918758514383,6.183594946694851,6.265678065456287,15078900.0,103424240.0,0.006270659431443478,6.81,6.89,6.78,6.87,2026-08-25,6.83,0.9120346529048452
600033,福建高速,2026-08-26,30.42159727307574,31.028295794191212,30.33492605577353,30.85495335958679,24130315.0,85731985.0,0.00879256485934995,3.51,3.58,3.5,3.56,2026-08-25,3.51,8.667121730221009
600035,楚天高速,2026-08-26,12.515244617612451,12.662051006088843,12.441841423374253,12.662051006088843,14729924.0,50582503.0,0.009148362543871306,3.41,3.45,3.39,3.45,2026-08-25,3.4,3.6701597119098093
600036,招商银行,2026-08-26,252.63715725169996,256.2911328830998,252.4448427447842,255.13724584160514,64645543.0,2574006915.0,0.003133730047239927,39.41,39.98,39.38,39.8,2026-08-25,39.5,6.410483563859426
600037,歌华有线,2026-08-26,38.88816610203471,39.606271441987055,38.722449485122624,39.495793697379,12947600.0,92260084.0,0.009302921212390812,7.04,7.17,7.01,7.15,2026-08-25,7.05,5.523887230402657
600038,中直股份,2026-08-26,81.19777417647386,83.49892567135367,80.95869350168114,83.14030465916461,8963590.0,248371541.0,0.013399787780048735,27.17,27.94,27.09,27.82,2026-08-25,27.2,2.9885084349088644
600039,四川路桥,2026-08-26,116.19903361186482,118.2304852484359,115.79274328455062,117.5533347029122,15908672.0,138045988.0,0.0018295102252941899,8.58,8.73,8.55,8.68,2026-08-25,8.58,13.543010910473756
600048,保利发展,2026-08-26,123.59354850618944,128.44035432996156,123.59354850618944,127.47099316520715,173231674.0,908952623.0,0.014471617128193505,5.1,5.3,5.1,5.26,2026-08-25,5.11,24.234029118860676
600050,中国联通,2026-08-26,7.940154113384242,7.976914086131391,7.903394140637092,7.921774127010666,78000658.0,336960398.0,0.002516928951064402,4.32,4.34,4.3,4.31,2026-08-25,4.33,1.8379986373574633
600051,宁波联合,2026-08-26,31.034718804730403,31.575736089757402,30.985535415182497,31.231452362922038,6483700.0,41212843.0,0.020855957282552753,6.31,6.42,6.3,6.35,2026-08-25,6.34,4.9183389547908725
600052,东望时代,2026-08-26,14.890617907699635,15.159263076137515,14.852240026494224,15.04412943252128,7261220.0,28430955.0,0.00860135659148817,3.88,3.95,3.87,3.92,2026-08-25,3.9,3.837788120541143
600054,黄山旅游,2026-08-26,51.779081127809,52.6068106662642,51.779081127809,52.284915845753844,6898402.0,78442327.0,0.013439318137541399,11.26,11.44,11.26,11.37,2026-08-25,11.34,4.598497435862256
600055,万东医疗,2026-08-26,165.93556944307193,166.9698962339014,162.83258907058348,163.571393921176,4510600.0,50163584.0,0.006415658993873616,11.23,11.3,11.02,11.07,2026-08-25,11.13,14.776097011849682
600056,中国医药,2026-08-26,130.8578055599263,133.52837302033296,130.8578055599263,131.13891792417962,13732684.0,128424486.0,0.009183582724221576,9.31,9.5,9.31,9.33,2026-08-25,9.41,14.055618212666626
600057,厦门象屿,2026-08-26,76.61652802544076,80.47222992282495,75.99464062263685,80.22347496170339,34127042.0,215729477.0,0.016309140374622333,6.16,6.47,6.11,6.45,2026-08-25,6.16,12.437748056078044
600058,五矿发展,2026-08-26,43.420064988605674,44.15746868971086,43.073051482203226,43.20318154710415,8510868.0,85384431.0,0.007939903867608615,10.01,10.18,9.93,9.96,2026-08-25,10.01,4.337668830030537
600059,古越龙山,2026-08-26,68.8650098640834,73.2805222104858,68.78009616511413,71.75207562903881,26787157.0,225804605.0,0.029386627125599255,8.11,8.63,8.1,8.45,2026-08-25,8.14,8.49136989692767
600060,海信视像,2026-08-26,173.9012731139421,184.86088258125963,173.9012731139421,183.14431724300508,21691980.0,600005684.0,0.016683973125669434,26.34,28.0,26.34,27.74,2026-08-25,26.18,6.60217437790213
600061,国投资本,2026-08-26,64.3900020353481,66.53974773128182,64.3900020353481,66.3350100459548,50987980.0,328067675.0,0.007974225889273089,6.29,6.5,6.29,6.48,2026-08-25,6.31,10.23688426635105
600062,华润双鹤,2026-08-26,138.30969679247497,140.72257623807576,137.53412839924613,139.688485047104,9164088.0,148632287.0,0.008826684558016221,16.05,16.33,15.96,16.21,2026-08-25,16.01,8.617426591431462
600063,皖维高新,2026-08-26,86.25903321860991,88.09108348166004,86.25903321860991,87.6330709158975,26106952.0,149684795.0,0.012617500666830117,5.65,5.77,5.65,5.74,2026-08-25,5.68,15.267085525417684
600064,南京高科,2026-08-26,229.7318605273277,233.3307930682258,229.7318605273277,232.7309709780761,13996686.0,108378288.0,0.008088981864649458,7.66,7.78,7.66,7.76,2026-08-25,7.68,29.991104507484035
600066,宇通客车,2026-08-26,1913.7155783096778,1953.970697319197,1905.4089664505707,1942.4692347450487,14577301.0,441965718.0,0.006584327540955265,29.95,30.58,29.82,30.4,2026-08-25,29.99,63.89701430082397
600067,冠城新材,2026-08-26,65.05064572857586,66.8830582843104,65.05064572857586,65.96685200644313,17262544.0,49781471.0,0.012404204762409339,2.84,2.92,2.84,2.88,2026-08-25,2.84,22.905156946681643
600071,凤凰光学,2026-08-26,91.42568203170659,92.63776493742998,91.07937263007133,91.19480909728308,1803372.0,28661754.0,0.006404613745985516,15.84,16.05,15.78,15.8,2026-08-25,15.72,5.771823360587537
600072,中船科技,2026-08-26,35.76726640228975,36.29504672377643,35.52367548468051,36.01085731989898,11175636.0,99168211.0,0.010315933767761028,8.81,8.94,8.75,8.87,2026-08-25,8.79,4.05984862682063
600073,光明肉业,2026-08-26,17.175405430784906,17.432233923207857,17.175405430784906,17.239612553890645,9992061.0,53865827.0,0.010655590229758717,5.35,5.43,5.35,5.37,2026-08-25,5.37,3.2103561552868984
600075,新疆天业,2026-08-26,50.2036824854969,51.18167630014944,49.76901856787355,51.0730103207436,17316927.0,80813393.0,0.01013991916018574,4.62,4.71,4.58,4.7,2026-08-25,4.66,10.866597940583745
600076,康欣新材,2026-08-26,10.855257477505056,11.06202428660039,10.75187407295739,10.820796342655834,16889500.0,53346800.0,0.012561513755918888,3.15,3.21,3.12,3.14,2026-08-25,3.15,3.44611348492224
600078,澄星股份,2026-08-26,68.96067147826432,71.99545758264486,68.63782189269192,71.73717791418693,25479157.0,280123111.0,0.0384548756819667,10.68,11.15,10.63,11.11,2026-08-25,10.84,6.456991711447969
600081,东风科技,2026-08-26,103.78881460748912,108.31030752108269,103.58329220232578,106.35784467203092,4979307.0,51420989.0,0.009003745699774027,10.1,10.54,10.08,10.35,2026-08-25,10.14,10.27612025816724
600085,同仁堂,2026-08-26,287.86882275638624,291.66750412884164,287.2752787919401,290.24299861417086,4949664.0,121060998.0,0.0036090202880388815,24.25,24.57,24.2,24.45,2026-08-25,24.25,11.870879288923144
600088,中视传媒,2026-08-26,40.953156992769486,41.45128401092654,40.84641548887869,41.166640000551084,2015259.0,23299556.0,0.005067202841090815,11.51,11.65,11.48,11.57,2026-08-25,11.55,3.5580501296932656
600089,特变电工,2026-08-26,1061.384744382598,1078.7111936063268,1056.3544849305479,1076.4755227387489,57079064.0,1095586943.0,0.011296538141620854,18.99,19.3,18.9,19.26,2026-08-25,19.0,55.891771689446976
600094,大名城,2026-08-26,14.931636893660365,15.637361025450284,14.708776641516181,15.4145007733061,27869607.0,114569619.0,0.013107522542423033,4.02,4.21,3.96,4.15,2026-08-25,4.02,3.7143375357364095
600095,湘财股份,2026-08-26,26.48389111917322,29.13900203086698,26.45028212029102,29.13900203086698,81698921.0,685897781.0,0.028574171528266797,7.88,8.67,7.87,8.67,2026-08-25,7.88,3.3608998882199517
600096,云天化,2026-08-26,85.72239991284427,87.95083502198977,84.56477128471673,87.48778357073876,39215013.0,1181260653.0,0.02151136170532729,29.62,30.39,29.22,30.23,2026-08-25,29.78,2.8940715703188475
600097,开创国际,2026-08-26,13.417391239655348,13.54006453098934,13.356054593988354,13.494062046739096,2824000.0,24821783.0,0.011720927748453482,8.75,8.83,8.71,8.8,2026-08-25,8.75,1.533416141674897
600098,广州发展,2026-08-26,38.765953351005116,39.44823412998281,38.765953351005116,39.20013202853637,21201523.0,134053252.0,0.006047444244117055,6.25,6.36,6.25,6.32,2026-08-25,6.28,6.202552536160819
600099,林海股份,2026-08-26,24.708023290254406,25.4591901220971,24.681195903402877,25.325053187839472,4958200.0,46622532.0,0.02262778386272362,9.21,9.49,9.2,9.44,2026-08-25,9.21,2.682738685152487
600100,同方股份,2026-08-26,134.6925254831976,137.49445023321954,134.09211303676432,136.69390030464186,19923902.0,135721159.0,0.0059469049340571244,6.73,6.87,6.7,6.83,2026-08-25,6.71,20.013748214442437
600101,明星电力,2026-08-26,76.94046546778252,77.717641886649,76.8433184154242,77.32905367721575,6622979.0,52768516.0,0.012088761962306413,7.92,8.0,7.91,7.96,2026-08-25,7.94,9.714705235831126
600103,青山纸业,2026-08-26,16.968935792003812,18.400689749454134,16.809852018953773,18.400689749454134,225154218.0,755668968.0,0.10177248194852273,3.2,3.47,3.17,3.47,2026-08-25,3.15,5.302792435001191
600104,上汽集团,2026-08-26,110.9500255803338,112.56580265189204,110.62687016602213,111.91949182326876,32798900.0,341026321.0,0.002853249953173118,10.3,10.45,10.27,10.39,2026-08-25,10.31,10.771847143721727
600105,永鼎股份,2026-08-26,533.7512904119455,541.2306078572084,513.2171643349509,532.255426922893,130672615.0,5106780775.0,0.08937967140597262,39.25,39.8,37.74,39.14,2026-08-25,38.48,13.598758991387147
600106,重庆路桥,2026-08-26,35.296603645167394,36.125162416180714,35.213747768066064,35.876594784876715,10208653.0,44052153.0,0.007681309624543408,4.26,4.36,4.25,4.33,2026-08-25,4.27,8.285587710133191
600108,亚盛集团,2026-08-26,34.46090193856526,36.43306198926628,34.35710404115994,35.70647670742906,136578041.0,468699888.0,0.07015099915082533,3.32,3.51,3.31,3.44,2026-08-25,3.37,10.379789740531704
600109,国金证券,2026-08-26,77.33650847993671,79.96576843998147,77.24584434338345,79.60311189376839,42298105.0,369392225.0,0.01141536826395865,8.53,8.82,8.52,8.78,2026-08-25,8.54,9.066413655326697
600110,诺德股份,2026-08-26,176.12720215608573,185.8251475678773,170.02688165512004,182.38394113143514,262634726.0,3021451090.0,0.1513586976185144,11.26,11.88,10.87,11.66,2026-08-25,11.25,15.64184743837351
600111,北方稀土,2026-08-26,810.9280715032286,822.7159983571602,805.0341080762628,814.3831535121395,37360231.0,1500311234.0,0.010334592129954351,39.9,40.48,39.61,40.07,2026-08-25,39.85,20.324011817123523
600113,浙江东日,2026-08-26,146.6025127967583,147.39175916443938,143.59351101997424,145.51729904119685,3281900.0,96941357.0,0.007976790090473458,29.72,29.88,29.11,29.5,2026-08-25,29.72,4.932789798006673
600114,东睦股份,2026-08-26,205.48740333913904,205.83509776103267,199.92429258884084,202.70584796398992,11464019.0,334964700.0,0.018598842162019864,29.55,29.6,28.75,29.15,2026-08-25,29.41,6.953888437872725
600115,中国东航,2026-08-26,4.896343587917887,4.937146451150536,4.841939770274355,4.896343587917887,204739559.0,736431051.0,0.012025843241778484,3.6,3.63,3.56,3.6,2026-08-25,3.53,1.360095441088302
600116,三峡水利,2026-08-26,40.0811906256857,40.720444064691854,39.88941459398386,40.52866803299001,13112815.0,82947936.0,0.0068576542959050725,6.27,6.37,6.24,6.34,2026-08-25,6.27,6.392534390061516
600117,西宁特钢,2026-08-26,6.087557127797735,6.4093663151703035,6.060739695516688,6.3020965860461144,37333501.0,87677820.0,0.011469180855390013,2.27,2.39,2.26,2.35,2026-08-25,2.27,2.6817432281047293
600118,中国卫星,2026-08-26,1046.8331919288369,1057.4335944367483,1034.3212414276954,1046.1380835676623,17638960.0,1063349619.0,0.014916805134112289,60.24,60.85,59.52,60.2,2026-08-25,60.24,17.37770902936316
600120,浙江东方,2026-08-26,405.4389786726593,418.05637427450546,404.59781896586946,417.21521456771575,42951098.0,211344434.0,0.012575783437547538,4.82,4.97,4.81,4.96,2026-08-25,4.82,84.11597067897495
600121,郑州煤电,2026-08-26,18.55925118373034,19.144858623993674,18.334017552859823,18.82953154077495,90141643.0,376796720.0,0.07398288935815653,4.12,4.25,4.07,4.18,2026-08-25,4.18,4.504672617410276
600123,兰花科创,2026-08-26,84.36951933892645,85.30436165847135,83.66838759926779,84.72008520875579,21211170.0,153820040.0,0.01439763358152758,7.22,7.3,7.16,7.25,2026-08-25,7.26,11.685528994311143
600125,铁龙物流,2026-08-26,96.5477563781217,98.14505381820092,96.37027888477957,97.96757632485878,13414577.0,73800363.0,0.010275260236658432,5.44,5.53,5.43,5.52,2026-08-25,5.44,17.747749334213548
600126,杭钢股份,2026-08-26,38.799799479220745,38.857195632296516,38.28323410153882,38.512818713841895,44897478.0,301434179.0,0.013294333511263455,6.76,6.77,6.67,6.71,2026-08-25,6.81,5.739615307577034
600127,金健米业,2026-08-26,51.91864524979782,56.73642346620919,51.125128837683,55.54614884803697,304143692.0,2922678175.0,0.4739040901502663,9.16,10.01,9.02,9.8,2026-08-25,9.31,5.66797437224867
600128,苏豪弘业,2026-08-26,25.862981576898402,26.264197281551954,25.770393337362965,26.14074629550471,3789500.0,31931788.0,0.01535656032500228,8.38,8.51,8.35,8.47,2026-08-25,8.41,3.0862746511811934
600129,太极集团,2026-08-26,42.31809602362408,43.749142749060645,41.850815460216225,42.08445574192015,15911899.0,232708766.0,0.028856318911571623,14.49,14.98,14.33,14.41,2026-08-25,14.66,2.9205035212991084
600130,波导股份,2026-08-26,25.92544944878807,26.46060780896947,25.806525368747753,25.984911488808223,15780500.0,69154530.0,0.021040666666666666,4.36,4.45,4.34,4.37,2026-08-25,4.36,5.9462040020156115
600131,国网信通,2026-08-26,78.36604292806902,79.47201530810224,77.62872800804686,79.10335784809116,5516530.0,82609342.0,0.0046128491081528075,14.88,15.09,14.74,15.02,2026-08-25,14.88,5.266535143015391
600132,重庆啤酒,2026-08-26,239.67465130537363,244.08621195723757,239.07032792840602,241.97108013785075,3614571.0,144962535.0,0.007468566342247499,39.66,40.39,39.56,40.04,2026-08-25,39.71,6.0432337696765925
600133,东湖高新,2026-08-26,38.44419044120675,38.76998866528478,38.16493482056845,38.21147742400817,10224231.0,84438342.0,0.0095890533075402,8.26,8.33,8.2,8.21,2026-08-25,8.26,4.654260343971762
600135,乐凯胶片,2026-08-26,21.061482500839553,21.146636742756694,20.80601977508813,20.97632825892241,4740500.0,35043698.0,0.008567574875810512,7.42,7.45,7.33,7.39,2026-08-25,7.34,2.8384747305713685
600137,浪莎股份,2026-08-26,28.287192828519796,28.47319080876212,27.93069669972201,28.178694006711773,1020800.0,18553049.0,0.01050015764637156,18.25,18.37,18.02,18.18,2026-08-25,18.26,1.5499831686860162
600138,中青旅,2026-08-26,38.046182857606674,38.523750006446924,37.94005682453106,38.20537190722009,12084646.0,87043015.0,0.01669518954465075,7.17,7.26,7.15,7.2,2026-08-25,7.13,5.306301653780568
600141,兴发集团,2026-08-26,107.89345340782955,112.964739705609,107.01149057343314,111.71529235688074,35115112.0,1056335073.0,0.029220227485556385,29.36,30.74,29.12,30.4,2026-08-25,29.52,3.6748451433184455
600143,金发科技,2026-08-26,304.15323741711825,307.83338335027906,303.72027907204046,305.6685916248903,22073162.0,311783787.0,0.00837746468473857,14.05,14.22,14.03,14.12,2026-08-25,14.12,21.647917253887417
600148,长春一东,2026-08-26,43.14363560652528,43.52958506243029,42.73011833234133,42.92309306029384,1852832.0,28980943.0,0.013092696997416201,15.65,15.79,15.5,15.57,2026-08-25,15.73,2.756781827892989
600149,廊坊发展,2026-08-26,13.825460426089446,13.9910348024498,13.687481779122486,13.935843343663015,9246701.0,46434480.0,0.024323182344276096,5.01,5.07,4.96,5.05,2026-08-25,5.0,2.7595729393392108
600150,中国船舶,2026-08-26,109.39084124540314,111.29806926948079,109.16455995441088,110.263640510659,64475688.0,2204941842.0,0.010619482546952613,33.84,34.43,33.77,34.11,2026-08-25,33.84,3.2325898713180594
600151,航天机电,2026-08-26,48.16552463177379,48.78242297681128,47.02663537939687,47.35881141134014,21705601.0,218496010.0,0.01513373985646641,10.15,10.28,9.91,9.98,2026-08-25,10.21,4.745371884903822
600152,维科技术,2026-08-26,24.880136130395996,25.240717813445215,24.429409026584477,24.759942236046257,22576900.0,186502104.0,0.04267204708178239,8.28,8.4,8.13,8.24,2026-08-25,8.28,3.004847358743478
600153,建发股份,2026-08-26,196.3389754780058,203.95943799655853,195.44245047582314,203.28704424492153,24174550.0,216377203.0,0.008337378370659228,8.76,9.1,8.72,9.07,2026-08-25,8.78,22.413125054566873
600155,华创云信,2026-08-26,17.52402073415687,17.724458879808992,17.26631454688986,17.552654754964315,53782154.0,328854384.0,0.02429687008893121,6.12,6.19,6.03,6.13,2026-08-25,5.94,2.863402080744587
600156,华升股份,2026-08-26,16.061865133838822,16.58752617458264,15.789300149749437,16.451243682537946,13790200.0,115469633.0,0.03429453613497708,8.25,8.52,8.11,8.45,2026-08-25,8.23,1.946892743495615
600157,永泰能源,2026-08-26,77.69236494419347,79.17693242720354,77.19750911652345,78.68207659953352,494784789.0,784470602.0,0.02267807029683151,1.57,1.6,1.56,1.59,2026-08-25,1.57,49.48558276700221
600158,中体产业,2026-08-26,43.18679277505052,43.986548196810716,43.18679277505052,43.67894995767218,20449098.0,145161013.0,0.02131195363908473,7.02,7.15,7.02,7.1,2026-08-25,7.04,6.15196478277073
600159,大龙地产,2026-08-26,12.816934340088164,12.965393039008106,12.668475641168225,12.816934340088164,13317300.0,34520030.0,0.01604487728067064,2.59,2.62,2.56,2.59,2026-08-25,2.6,4.948623297331338
600160,巨化股份,2026-08-26,430.86244589508783,437.2136691038598,425.3051255874123,432.6770810975941,25678520.0,976755143.0,0.009511457459172807,37.99,38.55,37.5,38.15,2026-08-25,37.92,11.341470015664328
600161,天坛生物,2026-08-26,226.3625271251771,232.6197026717267,225.81042340048154,230.4112877729445,17191234.0,215421298.0,0.008693983133404668,12.3,12.64,12.27,12.52,2026-08-25,12.32,18.403457489851796
600162,香江控股,2026-08-26,42.60548453266674,44.67658447522693,42.11236549872383,43.690346407341124,180786444.0,798690818.0,0.05531279383358018,4.32,4.53,4.27,4.43,2026-08-25,4.32,9.862380678858042
600163,中闽能源,2026-08-26,11.51928429822672,11.752468190903373,11.51928429822672,11.705831412368042,9844300.0,49288571.0,0.0051730530491148775,4.94,5.04,4.94,5.02,2026-08-25,4.98,2.3318389267665425
600166,福田汽车,2026-08-26,70.64326552959999,72.37836327944981,70.39539442247859,71.882621065207,93924898.0,271749667.0,0.011863098194640027,2.85,2.92,2.84,2.9,2026-08-25,2.86,24.787110712140347
600167,联美控股,2026-08-26,24.964377249180842,25.27149612570855,24.87662899874435,25.13987375005382,4326000.0,24801123.0,0.0019117565160845368,5.69,5.76,5.67,5.73,2026-08-25,5.7,4.387412521824401
600168,武汉控股,2026-08-26,14.182987923063491,14.376392303832537,14.182987923063491,14.34415824037103,4180520.0,18576687.0,0.0042083050436778355,4.4,4.46,4.4,4.45,2026-08-25,4.42,3.223406346150793
600170,上海建工,2026-08-26,41.411991001405745,41.77525408036544,41.2303594619259,41.77525408036544,85559971.0,196113617.0,0.009628691333156084,2.28,2.3,2.27,2.3,2026-08-25,2.28,18.163153947984977
600171,上海贝岭,2026-08-26,64.78883619635447,65.62537949541692,64.5003729897812,65.25037732687169,6635278.0,149978774.0,0.009359655652340716,22.46,22.75,22.36,22.62,2026-08-25,22.44,2.8846320657326117
600172,黄河旋风,2026-08-26,134.54961273927293,137.0699945341008,131.9322931831055,134.74348826195197,184909270.0,2570395180.0,0.14410027321351335,13.88,14.14,13.61,13.9,2026-08-25,13.99,9.69377613395338
600173,卧龙新能,2026-08-26,15.229265724242879,15.401765497818445,15.13069442505684,15.352479848225427,4676320.0,29038548.0,0.006676487074734378,6.18,6.25,6.14,6.23,2026-08-25,6.13,2.4642824796509513
600176,中国巨石,2026-08-26,881.0815955709245,881.0815955709245,843.3521114041498,861.4535402240475,128327777.0,5070826425.0,0.03231146040494117,40.4,40.4,38.67,39.5,2026-08-25,39.79,21.808950385418925
600177,雅戈尔,2026-08-26,426.7504263416975,431.63688160515204,426.7504263416975,428.379244762849,14290492.0,112996227.0,0.0031732377618290475,7.86,7.95,7.86,7.89,2026-08-25,7.9,54.29394737171724
600178,东安动力,2026-08-26,18.41055790718604,18.79896630185241,18.27461496905281,18.721284622919136,7544901.0,72341092.0,0.016174247755396016,9.48,9.68,9.41,9.64,2026-08-25,9.55,1.9420419733318606
600179,安通控股,2026-08-26,9.613765565845231,10.02985109147407,9.591866327654241,9.964153376901095,57536219.0,260180180.0,0.014896962783622365,4.39,4.58,4.38,4.55,2026-08-25,4.4,2.1899238190991417
600182,S佳通,2026-08-26,17.81136777468849,17.890005160007203,17.719624158483324,17.81136777468849,1573500.0,21386022.0,0.009255882352941176,13.59,13.65,13.52,13.59,2026-08-25,13.61,1.3106230886452164
600183,生益科技,2026-08-26,2049.8206801595047,2070.0522691220585,1944.7418847725985,2038.999132574883,58691782.0,7531701378.0,0.024335776849090055,130.7,131.99,124.0,130.01,2026-08-25,129.0,15.683402296553213
600184,光电股份,2026-08-26,61.92045176609142,62.23763108646411,60.581250191184495,61.568030299010644,7902610.0,138109140.0,0.013561416672398905,17.57,17.66,17.19,17.47,2026-08-25,17.56,3.5242146708077073
600185,珠免集团,2026-08-26,32.67033868697677,33.37141891631103,32.67033868697677,32.95077077871048,18086500.0,85395434.0,0.009594930714788598,4.66,4.76,4.66,4.7,2026-08-25,4.67,7.010802293342654
600186,莲花控股,2026-08-26,53.80399323738132,54.968581835593035,51.94065148024257,52.87232235881194,149754596.0,1707000586.0,0.0841181716225757,11.55,11.8,11.15,11.35,2026-08-25,11.55,4.658354392846867
600188,兖矿能源,2026-08-26,184.8781718524602,189.76174620327993,182.17476462254217,188.36643924590288,32771107.0,701772897.0,0.005497260837819136,21.2,21.76,20.89,21.6,2026-08-25,21.71,8.720668483606614
600189,泉阳泉,2026-08-26,19.827808571102736,20.304311313799463,19.801336196508473,19.88075332029126,8563960.0,64809390.0,0.011974253634881086,7.49,7.67,7.48,7.51,2026-08-25,7.5,2.6472374594262664
600191,华资实业,2026-08-26,30.67386149630535,32.32042375844468,29.239758880893667,29.585005806826114,21691263.0,250215958.0,0.04473052510455074,11.55,12.17,11.01,11.14,2026-08-25,11.63,2.655745584095701
600192,长城电工,2026-08-26,11.350087790784842,11.52768518153681,11.253216486738314,11.479249529513547,8841097.0,62562167.0,0.020013892536016008,7.03,7.14,6.97,7.11,2026-08-25,7.03,1.614521734108797
600195,中牧股份,2026-08-26,44.06369439467823,45.23352698922721,44.06369439467823,44.90857349074138,5934329.0,40991936.0,0.0058114274219103115,6.78,6.96,6.78,6.91,2026-08-25,6.83,6.499069969716553
600196,复星医药,2026-08-26,327.6908397653023,334.07442755293806,322.7258270415856,324.2862596118966,30135428.0,694172668.0,0.014224964344572363,23.1,23.55,22.75,22.86,2026-08-25,23.02,14.185750639190577
600197,伊力特,2026-08-26,41.33565293066687,41.62413704882706,41.17080486314676,41.33565293066687,4167401.0,41846609.0,0.008807319686102332,10.03,10.1,9.99,10.03,2026-08-25,10.06,4.121201688002679
600198,大唐电信,2026-08-26,14.187751548924524,14.640744893398487,14.042793678692856,14.513906756945778,37818138.0,300522904.0,0.029047308800854505,7.83,8.08,7.75,8.01,2026-08-25,7.87,1.8119733778958524
600199,金种子酒,2026-08-26,31.920782753988725,33.85673995909664,31.740693711653105,32.37100535982778,31621085.0,228131309.0,0.048071203518003,7.09,7.52,7.05,7.19,2026-08-25,7.03,4.502226058390511
600201,生物股份,2026-08-26,199.07710003742793,201.42840436857864,197.8230710608142,198.45008554912107,10087515.0,128378734.0,0.009171069920727689,12.7,12.85,12.62,12.66,2026-08-25,12.67,15.67536220767149
600202,哈空调,2026-08-26,24.370503963343985,24.70304495309722,24.227986396306886,24.370503963343985,5343600.0,27520602.0,0.013939559223186212,5.13,5.2,5.1,5.13,2026-08-25,5.15,4.750585567903311
600203,福日电子,2026-08-26,18.483554025697693,19.192415158035093,18.341781799230212,18.80254153524952,32331062.0,344479605.0,0.05452227958942352,10.43,10.83,10.35,10.61,2026-08-25,10.44,1.7721528308434988
600206,有研新材,2026-08-26,220.31206429850815,221.37391153341517,209.43874861306028,213.77108533148092,69565320.0,3510546027.0,0.08217476368045293,51.87,52.12,49.31,50.33,2026-08-25,51.15,4.247388939628073
600207,安彩高科,2026-08-26,6.768948426297717,6.907090230916038,6.6768538898855025,6.845693873307894,15535300.0,68958050.0,0.014261563352918083,4.41,4.5,4.35,4.46,2026-08-25,4.41,1.5349089402035638
600208,衢州发展,2026-08-26,20.138254004688644,20.621020367814744,20.000320758081187,20.34515387459983,76074124.0,224615266.0,0.008941506297938825,2.92,2.99,2.9,2.95,2026-08-25,2.92,6.896662330372823
600210,紫江企业,2026-08-26,63.23246817324602,63.64778816124763,63.02480817924521,63.23246817324602,11215360.0,68395668.0,0.007394404056924975,6.09,6.13,6.07,6.09,2026-08-25,6.08,10.382999700040397
600211,西藏药业,2026-08-26,131.5284259995562,135.68985441551723,131.49431593057287,133.43858986262026,5960500.0,233349948.0,0.0184925380615556,38.56,39.78,38.55,39.12,2026-08-25,38.54,3.411006898328739
600212,绿能慧充,2026-08-26,16.245108044529093,16.860655795804497,15.683086184668944,16.593026338728237,26294819.0,160718808.0,0.049502632734551806,6.07,6.3,5.86,6.2,2026-08-25,6.08,2.6762945707626185
600215,派斯林,2026-08-26,14.273537691467704,14.67002484956403,14.053267048080857,14.07529411241954,9697658.0,62887752.0,0.02122569792941246,6.48,6.66,6.38,6.39,2026-08-25,6.51,2.2027064338684728
600216,浙江医药,2026-08-26,82.65123127377704,86.54070098077833,82.65123127377704,84.79043961262775,30215184.0,395944664.0,0.03175900595284597,12.75,13.35,12.75,13.08,2026-08-25,12.87,6.482449511668788
600217,中再资环,2026-08-26,14.081790528885065,14.345824101301659,14.0377849334823,14.213807315093362,10486200.0,33913093.0,0.006325929336628085,3.2,3.26,3.19,3.23,2026-08-25,3.2,4.400559540276583
600218,全柴动力,2026-08-26,16.348986531367014,16.517532784267704,16.26471340491667,16.3700548129796,4206150.0,32700119.0,0.009655993531073177,7.76,7.84,7.72,7.77,2026-08-25,7.75,2.106828161258636
600219,南山铝业,2026-08-26,38.44822085796844,39.08372864074477,38.20990543942731,38.3687823851214,155172956.0,754795312.0,0.013512451120639578,4.84,4.92,4.81,4.83,2026-08-25,4.81,7.943847284704223
600221,海航控股,2026-08-26,4.1714205161807465,4.235106325588086,4.139577611477077,4.1714205161807465,321136573.0,423584574.0,0.007495220293236755,1.31,1.33,1.3,1.31,2026-08-25,1.31,3.184290470366982
600222,太龙药业,2026-08-26,33.807955975488184,34.81589503562696,33.42997882793614,33.597968671292605,19787187.0,159877346.0,0.03537448942183955,8.05,8.29,7.96,8.0,2026-08-25,7.98,4.199746083911576
600223,福瑞达,2026-08-26,10.799219586764725,11.250754900497048,10.78040561535921,10.987359300819858,20682500.0,121260493.0,0.02034540161830172,5.74,5.98,5.73,5.84,2026-08-25,5.78,1.8813971405513457
600226,亨通股份,2026-08-26,190.7211466755508,190.7211466755508,185.62675878438418,189.76594894595706,80267700.0,476885955.0,0.026986352439400688,5.99,5.99,5.83,5.96,2026-08-25,5.97,31.839924319791454
600227,赤天化,2026-08-26,16.887461970377153,19.175735950103057,16.887461970377153,19.175735950103057,268460360.0,1094496782.0,0.21012867986486375,3.69,4.19,3.69,4.19,2026-08-25,3.81,4.576547959451803
600229,城市传媒,2026-08-26,8.56162922553953,8.627487911889833,8.495770539189225,8.56162922553953,3782700.0,19680471.0,0.0057252239062465776,5.2,5.24,5.16,5.2,2026-08-25,5.18,1.6464671587576019
600230,沧州大化,2026-08-26,28.85848682267896,29.284367513667192,28.534006296211732,28.817926756870555,9479802.0,135002040.0,0.02290022890198972,14.23,14.44,14.07,14.21,2026-08-25,14.37,2.0280032904201657
600231,凌钢股份,2026-08-26,15.357721912381535,15.796513967021008,15.357721912381535,15.62099714516522,19384358.0,34525786.0,0.0068341812076073505,1.75,1.8,1.75,1.78,2026-08-25,1.75,8.775841092789449
600232,金鹰股份,2026-08-26,20.9192571855872,21.04759618672577,20.566324932456126,20.726748683879343,4972220.0,32222463.0,0.013633033147884032,6.52,6.56,6.41,6.46,2026-08-25,6.55,3.2084750284642944
600233,圆通速递,2026-08-26,90.12996823192988,91.6276769028462,89.64856187342104,90.66486418582856,14846011.0,252397517.0,0.004335846882987424,16.85,17.13,16.76,16.95,2026-08-25,16.91,5.348959538986936
600234,科新发展,2026-08-26,47.3920478764787,48.126097020741675,45.99276669522739,47.91964569891771,1632400.0,33708886.0,0.006218169852661638,20.66,20.98,20.05,20.89,2026-08-25,20.66,2.293903575821815
600235,民丰特纸,2026-08-26,12.22515815955717,12.605214889906097,12.204043896760007,12.520757838717445,6179300.0,36544138.0,0.01758980927981782,5.79,5.97,5.78,5.93,2026-08-25,5.82,2.111426279716264
600236,桂冠电力,2026-08-26,68.18266786417642,68.73587409431173,67.90606474910878,68.0443663066426,11292426.0,111539602.0,0.0014326166905035643,9.86,9.94,9.82,9.84,2026-08-25,9.89,6.9150778766913215
600237,铜峰电子,2026-08-26,35.169450300443835,35.85069873241369,34.658513976466445,35.42491846243253,18635309.0,154341577.0,0.029834834708270547,8.26,8.42,8.14,8.32,2026-08-25,8.25,4.257802699811602
600241,时代万恒,2026-08-26,17.890860222197094,17.986405537135397,17.675883263585916,17.890860222197094,3008406.0,22459679.0,0.010222169147510203,7.49,7.53,7.4,7.49,2026-08-25,7.48,2.388632873457556
600246,万通发展,2026-08-26,154.68334276421356,154.68334276421356,146.85127477615214,153.37799809953668,64931597.0,752091982.0,0.03434784621046904,11.85,11.85,11.25,11.75,2026-08-25,11.5,13.053446646769078
600248,陕建股份,2026-08-26,12.364303453328093,12.57602097821385,12.321959948350942,12.406646958305245,15313410.0,45026926.0,0.004132349530862275,2.92,2.97,2.91,2.93,2026-08-25,2.92,4.2343504977151
600249,两面针,2026-08-26,17.098519460605434,17.290998103689173,17.002280139063565,17.162679008300014,4466900.0,23880695.0,0.008121636363636364,5.33,5.39,5.3,5.35,2026-08-25,5.35,3.2079773847289745
600250,南京商旅,2026-08-26,24.058811906419276,24.806620636629518,24.058811906419276,24.290890477863833,30129363.0,285221228.0,0.09632414003295307,9.33,9.62,9.33,9.42,2026-08-25,9.51,2.5786507938284324
600251,冠农股份,2026-08-26,93.04059006960834,94.65245784752263,91.87646334111467,94.02562037833373,18637685.0,194552323.0,0.023986922682217308,10.39,10.57,10.26,10.5,2026-08-25,10.39,8.954820988412736
600252,中恒集团,2026-08-26,86.81414129793517,90.6725475778434,86.81414129793517,89.12918506588011,73061685.0,169258575.0,0.022945333952384548,2.25,2.35,2.25,2.31,2026-08-25,2.26,38.5840627990823
600255,鑫科材料,2026-08-26,44.750517398458335,45.426507087256795,44.34492358517925,45.02091327397772,56886400.0,189431297.0,0.03149599751145388,3.31,3.36,3.28,3.33,2026-08-25,3.3,13.519793775969285
600256,广汇能源,2026-08-26,340.4240221332623,349.4269714789354,331.9837571216939,346.050865474308,106165404.0,649712993.0,0.016609098055480814,6.05,6.21,5.9,6.15,2026-08-25,6.17,56.26843341045659
600257,大湖股份,2026-08-26,35.69129892126826,36.32750745818926,35.69129892126826,35.88216148234456,10858900.0,61389402.0,0.022564548772984683,5.61,5.71,5.61,5.64,2026-08-25,5.64,6.362085369210028
600258,首旅酒店,2026-08-26,29.70643218570344,30.36333117752489,29.609113816544706,30.144364846917743,12432528.0,154079939.0,0.011134240725741977,12.21,12.48,12.17,12.39,2026-08-25,12.27,2.4329592289683406
600259,中稀有色,2026-08-26,88.37084047317673,88.90319493385852,84.96377192481329,85.56000892077688,9239534.0,750331627.0,0.027462983960303167,83.0,83.5,79.8,80.36,2026-08-25,81.28,1.064708921363575
600261,阳光照明,2026-08-26,76.80339163097159,78.25251222778238,76.32035143203466,77.04491173044005,14277500.0,45732794.0,0.010694332257676135,3.18,3.24,3.16,3.19,2026-08-25,3.16,24.15200994684641
600262,北方股份,2026-08-26,23.612872695527912,23.687834196148636,22.90823458969311,22.923226889817254,13868613.0,214350333.0,0.05827148319327731,15.75,15.8,15.28,15.29,2026-08-25,15.86,1.4992300124144706
600266,城建发展,2026-08-26,26.186245321525107,26.759666751923465,26.058818336992132,26.504812782857528,23329218.0,97130542.0,0.011238969516863338,4.11,4.2,4.09,4.16,2026-08-25,4.11,6.3713492266484435
600267,海正药业,2026-08-26,78.65556771145862,81.34574185142706,77.95099829384783,78.71961947669595,45297424.0,561661692.0,0.03837879769717101,12.28,12.7,12.17,12.29,2026-08-25,12.28,6.405176523734415
600268,国电南自,2026-08-26,114.7816962977559,116.52081290832795,114.34691714511287,116.08603375568492,8613933.0,91762163.0,0.008482492954547458,10.56,10.72,10.52,10.68,2026-08-25,10.55,10.869478816075368
600269,赣粤高速,2026-08-26,52.264061799307584,53.08496329353755,52.12724488360259,52.94814637783255,19401963.0,74847751.0,0.008307743739610093,3.82,3.88,3.81,3.87,2026-08-25,3.82,13.681691570499368
600271,航天信息,2026-08-26,133.1421589689045,134.89916693183727,132.94693586191195,134.50872071785219,8572632.0,58896599.0,0.004626640981412249,6.82,6.91,6.81,6.89,2026-08-25,6.82,19.52231069925286
600272,开开实业,2026-08-26,23.056839196735982,24.935894774532507,22.406851418252906,24.935894774532507,55303034.0,1142225833.0,0.3456439625,19.51,21.1,18.96,21.1,2026-08-25,19.18,1.1817959608783177
600273,嘉化能源,2026-08-26,14.246265666960175,14.506471432566753,14.202898039359077,14.333000922162368,15484567.0,102658784.0,0.011808479587469842,6.57,6.69,6.55,6.61,2026-08-25,6.57,2.168381380054821
600276,恒瑞医药,2026-08-26,3010.6496877160344,3074.7611781621276,3010.6496877160344,3026.8394580307045,78295358.0,3679128467.0,0.01227391912354725,46.49,47.48,46.49,46.74,2026-08-25,46.49,64.75908125868003
600278,东方创业,2026-08-26,14.397442598327268,14.534561099263719,14.328883347859042,14.443148765306086,4189900.0,26496615.0,0.00486904027695009,6.3,6.36,6.27,6.32,2026-08-25,6.26,2.2853083489408363
600279,重庆港,2026-08-26,10.580420121512601,10.700926045447826,10.556318936725557,10.628622491086691,7462100.0,32945457.0,0.006287228904285926,4.39,4.44,4.38,4.41,2026-08-25,4.42,2.410118478704465
600280,中央商场,2026-08-26,33.51365284447142,34.282818647459294,33.40377201547316,33.73341450246796,26518625.0,81560709.0,0.023502443850911384,3.05,3.12,3.04,3.07,2026-08-25,3.08,10.988082899826697
600281,华阳新材,2026-08-26,8.863722704658079,9.154933306864505,8.681716078279061,8.918324692571785,55351515.0,270661395.0,0.10760361023073345,4.87,5.03,4.77,4.9,2026-08-25,5.05,1.82006626379016
600282,南钢股份,2026-08-26,42.70208212353208,43.60487455743339,42.521523636751816,43.24375758387286,38045336.0,182438013.0,0.0061710907320132015,4.73,4.83,4.71,4.79,2026-08-25,4.74,9.027924339013124
600283,钱江水利,2026-08-26,18.770258280200693,19.00876219735699,18.698707105053803,18.88951023877884,2327200.0,18474481.0,0.00414960178889918,7.87,7.97,7.84,7.92,2026-08-25,7.87,2.385039171562985
600284,浦东建设,2026-08-26,20.524879907713277,20.927328533354718,20.444390182584993,20.806593945662286,8687534.0,44912920.0,0.00895385753862898,5.1,5.2,5.08,5.17,2026-08-25,5.11,4.024486256414368
600285,羚锐制药,2026-08-26,163.16130700399572,164.4055467625417,162.66361110057733,163.3272056384685,6389900.0,126074991.0,0.011279801087427266,19.67,19.82,19.61,19.69,2026-08-25,19.67,8.294931723639843
600287,苏豪时尚,2026-08-26,24.712160187080755,24.863459127001654,24.459995287212582,24.611294227133484,3749200.0,18325099.0,0.008583410481844212,4.9,4.93,4.85,4.88,2026-08-25,4.92,5.043297997363419
600288,大恒科技,2026-08-26,50.51712737445098,50.60790388365933,49.246256245533964,49.97246831920083,19472073.0,214209259.0,0.044578921703296706,11.13,11.15,10.85,11.01,2026-08-25,11.15,4.538825460417877
600292,电投水电,2026-08-26,50.822352042564745,52.918983727489035,50.69655414146929,52.45772475680569,13655314.0,169253128.0,0.031085418459628616,12.12,12.62,12.09,12.51,2026-08-25,12.12,4.193263369848577
600293,三峡新材,2026-08-26,9.226902089030379,9.38821156611133,9.162378298197998,9.291425879862759,24936904.0,71834632.0,0.021494643351690008,2.86,2.91,2.84,2.88,2026-08-25,2.86,3.226189541619014
600295,鄂尔多斯,2026-08-26,108.15972706626349,113.21934620049821,107.41322588252393,113.05345704855608,13694461.0,184140455.0,0.006931881759700479,13.04,13.65,12.95,13.63,2026-08-25,12.95,8.294457597106096
600298,安琪酵母,2026-08-26,324.29117341453355,328.6203031567178,321.14271542021766,324.2124619646756,5817700.0,240345762.0,0.006787256376599483,41.2,41.75,40.8,41.19,2026-08-25,41.37,7.871144985789648
600299,安迪苏,2026-08-26,25.7012572881911,26.37760616419613,25.7012572881911,26.100917987648618,31976837.0,271669572.0,0.010382834070760157,8.36,8.58,8.36,8.49,2026-08-25,8.38,3.0743130727501318
600300,维维股份,2026-08-26,24.864430306680717,25.179169930815917,24.707060494613117,24.943115212714513,34424312.0,109228382.0,0.021287127641429773,3.16,3.2,3.14,3.17,2026-08-25,3.16,7.868490603379973
600301,华锡有色,2026-08-26,75.8629298490731,78.85730270366675,75.74776166235796,76.94880132381586,7618927.0,358312339.0,0.02767141175574698,46.11,47.93,46.04,46.77,2026-08-25,45.96,1.6452598102162894
600303,曙光股份,2026-08-26,19.448385042104878,19.779139889759726,19.316083103042942,19.580686981166817,20825800.0,61557004.0,0.030738634170536006,2.94,2.99,2.92,2.96,2026-08-25,2.96,6.615096953096898
600305,恒顺醋业,2026-08-26,66.9755365318907,67.66499058442487,66.58156278758545,66.9755365318907,6151444.0,41976093.0,0.005577214507419792,6.8,6.87,6.76,6.8,2026-08-25,6.8,9.849343607630985
600307,酒钢宏兴,2026-08-26,5.882869703760821,6.045155764554223,5.882869703760821,6.004584249355872,50565514.0,74755523.0,0.008073228234787068,1.45,1.49,1.45,1.48,2026-08-25,1.45,4.057151519835049
600308,华泰股份,2026-08-26,34.51528796226535,35.580574627767355,34.40875929571514,35.15445996156655,11790300.0,38988960.0,0.0077727812086668645,3.24,3.34,3.23,3.3,2026-08-25,3.25,10.652866655020167
600309,万华化学,2026-08-26,2904.941332321807,2997.486008610089,2869.686217545318,2984.2653405689057,36209259.0,2666540510.0,0.011566710491564762,72.51,74.82,71.63,74.49,2026-08-25,72.87,40.062630427827976
600310,广西能源,2026-08-26,40.40618360800775,42.15874096931893,40.30881931015712,41.76928377791644,57361846.0,244635406.0,0.03913585753246608,4.15,4.33,4.14,4.29,2026-08-25,4.17,9.736429785062107
600312,平高电气,2026-08-26,131.13718542300626,134.69032541941485,131.0713865341839,134.42712986412533,24394888.0,496055036.0,0.01797811548701974,19.93,20.47,19.92,20.43,2026-08-25,20.06,6.579888882238147
600313,农发种业,2026-08-26,26.90807680479711,28.59485176867991,26.90807680479711,27.30968989143587,121156167.0,835169581.0,0.11195372082990644,6.7,7.12,6.7,6.8,2026-08-25,7.01,4.016130866387628
600315,上海家化,2026-08-26,98.83912898433897,100.46210318769428,97.91944360243762,97.97354274254945,9704200.0,177609445.0,0.014435919302018051,18.27,18.57,18.1,18.11,2026-08-25,18.34,5.409914011184399
600316,洪都航空,2026-08-26,113.30955255995393,115.4392830988462,112.71796074359494,113.58562874092144,8469848.0,245139013.0,0.011811011851340139,28.73,29.27,28.58,28.8,2026-08-25,28.9,3.9439454423931055
600318,新力金融,2026-08-26,20.552961798494167,21.05272986654266,20.428019781482046,20.990258858036597,19400680.0,129365620.0,0.03783817916019787,6.58,6.74,6.54,6.72,2026-08-25,6.59,3.123550425303065
600319,亚星化学,2026-08-26,9.24837852631252,9.277279709207246,9.07497142894416,9.132773794733613,4520901.0,28735401.0,0.011660540566126715,6.4,6.42,6.28,6.32,2026-08-25,6.33,1.445059144736331
600320,振华重工,2026-08-26,58.095438175634705,58.517438937201064,57.814104334590475,58.095438175634705,31649164.0,130993559.0,0.009561086218099328,4.13,4.16,4.11,4.13,2026-08-25,4.12,14.066692052211794
600322,津投城开,2026-08-26,7.880308097156974,8.116422197446322,7.850793834620807,8.027879409837817,23826700.0,64851798.0,0.021548973500949625,2.67,2.75,2.66,2.72,2026-08-25,2.67,2.9514262536168445
600323,瀚蓝环境,2026-08-26,113.87017094924262,115.43316961309229,113.1458544952635,114.74697507774366,3732925.0,112418506.0,0.00457832595393668,29.87,30.28,29.68,30.1,2026-08-25,29.73,3.812191863047962
600325,华发股份,2026-08-26,25.211445076107974,26.61809222627709,25.211445076107974,26.293481345468834,92668265.0,224362790.0,0.03367120024407837,2.33,2.46,2.33,2.43,2026-08-25,2.35,10.820362693608573
600326,西藏天路,2026-08-26,65.2212672849561,71.62447725683117,64.67242071593823,69.52056540892936,68441310.0,512792635.0,0.050233465802578245,7.13,7.83,7.07,7.6,2026-08-25,7.14,9.14744281696439
600327,大东方,2026-08-26,65.05071862984217,67.31616654232425,65.05071862984217,65.53617175394548,23748600.0,96703478.0,0.026841263294252706,4.02,4.16,4.02,4.05,2026-08-25,4.08,16.181770803443328
600328,中盐化工,2026-08-26,27.54757806043229,27.676104863202582,27.076313116941225,27.333366722481806,13600360.0,87009808.0,0.009275231248189669,6.43,6.46,6.32,6.38,2026-08-25,6.45,4.284226759009687
600329,达仁堂,2026-08-26,133.0066828045816,135.98856525882212,132.96986944094897,134.66328416804853,2774074.0,101660258.0,0.004891775820951928,36.13,36.94,36.12,36.58,2026-08-25,36.08,3.6813363632599385
600330,天通股份,2026-08-26,135.81061518178524,139.39787473457795,130.35393867894567,133.89067344930467,130308410.0,3469726507.0,0.1056468088693254,26.88,27.59,25.8,26.5,2026-08-25,27.41,5.052478243369987
600331,宏达股份,2026-08-26,98.92181892939678,103.06014120158392,98.20557084382592,100.35431510053847,43620762.0,554614823.0,0.021466910433070866,12.43,12.95,12.34,12.61,2026-08-25,12.37,7.958312061898373
600332,白云山,2026-08-26,34.442465184192734,35.05568414889646,34.39136360380076,34.86831168745921,7935511.0,162287354.0,0.005644471219936703,20.22,20.58,20.19,20.47,2026-08-25,20.22,1.7033860130659118
600333,长春燃气,2026-08-26,16.140854711331798,16.2438266712127,16.115111721361572,16.140854711331798,6566076.0,41243827.0,0.01078119078808187,6.27,6.31,6.26,6.27,2026-08-25,6.28,2.5742989970226153
600335,国机汽车,2026-08-26,29.530145694188352,30.157233730165327,29.530145694188352,29.815185710541527,18178445.0,95494730.0,0.012221157532543808,5.18,5.29,5.18,5.23,2026-08-25,5.2,5.700800327063389
600336,澳柯玛,2026-08-26,20.43806547345876,20.863858504155818,20.3398055432979,20.73284526394134,5548894.0,35056709.0,0.006953372563459411,6.24,6.37,6.21,6.33,2026-08-25,6.24,3.2753310053619806
600338,西藏珠峰,2026-08-26,24.121946947354285,25.116666409100855,24.033132709698343,24.530492440571628,46165691.0,641898765.0,0.05049789710936577,13.58,14.14,13.53,13.81,2026-08-25,13.63,1.7762847531188724
600339,中油工程,2026-08-26,13.965284107703894,14.131044156460025,13.840964071136797,14.131044156460025,38985119.0,132037936.0,0.006982641816734488,3.37,3.41,3.34,3.41,2026-08-25,3.41,4.144001218903233
600343,航天动力,2026-08-26,55.39443211522663,55.57685066225812,54.29992083303774,54.90798265647601,10667665.0,192818722.0,0.01671507190962632,18.22,18.28,17.86,18.06,2026-08-25,18.18,3.040309117191363
600345,长江通信,2026-08-26,105.19639286796917,106.02574202335978,101.92264620195353,103.29761980168009,11262771.0,538245518.0,0.0532369466136012,48.2,48.58,46.7,47.33,2026-08-25,48.0,2.1824977773437584
600346,恒力石化,2026-08-26,194.22739122081734,199.06159067045053,192.40113809540037,196.4833509639795,27116631.0,496347937.0,0.003852286773080276,18.08,18.53,17.91,18.29,2026-08-25,18.3,10.742665443629278
600348,华阳股份,2026-08-26,148.86499252285796,151.04432236835024,147.8591479787846,150.20611858162246,21599344.0,193001491.0,0.005987344144144144,8.88,9.01,8.82,8.96,2026-08-25,8.97,16.764075734556076
600350,山东高速,2026-08-26,35.798878610087705,36.521424783869286,35.40476251529775,35.60182056269272,16925500.0,185409220.0,0.003500931233125538,10.9,11.12,10.78,10.84,2026-08-25,10.9,3.284300789916303
600351,亚宝药业,2026-08-26,56.58692695382146,58.529825733351814,56.58692695382146,58.04410103846922,35742461.0,255450757.0,0.051650951768867366,6.99,7.23,6.99,7.17,2026-08-25,7.0,8.09541158137646
600352,浙江龙盛,2026-08-26,247.43010695314496,251.19707172246368,241.08574523639766,249.4127199896285,66912206.0,830191020.0,0.020567285748709325,12.48,12.67,12.16,12.58,2026-08-25,12.66,19.826130364835333
600353,旭光电子,2026-08-26,426.9727223942451,427.8218158762791,396.0414598344347,419.08828291821493,75624978.0,2562152570.0,0.09124512523606117,35.2,35.27,32.65,34.55,2026-08-25,35.31,12.129906886200144
600354,敦煌种业,2026-08-26,20.126990226752703,20.82202298278445,19.982191735912753,20.358667812096616,96105152.0,677232056.0,0.1820855878400479,6.95,7.19,6.9,7.03,2026-08-25,7.09,2.89596981679895
600356,恒丰纸业,2026-08-26,17.64980518004052,18.046876162718593,17.550537434370998,17.629951630906614,7666100.0,68523896.0,0.0256621853764555,8.89,9.09,8.84,8.88,2026-08-25,9.02,1.9853549133903845
600358,国旅联合,2026-08-26,17.613684694118454,17.821720340111977,17.50966687112169,17.78704773244639,3288100.0,16789783.0,0.006511905869540152,5.08,5.14,5.05,5.13,2026-08-25,5.08,3.4672607665587507
600359,新农开发,2026-08-26,10.38021260654731,10.75259691530237,10.38021260654731,10.535372735195251,17232730.0,117319290.0,0.045169465078526067,6.69,6.93,6.69,6.79,2026-08-25,6.81,1.5516012864794184
600360,华微电子,2026-08-26,87.26009477726161,89.0271748065022,85.49301474802103,87.3442414453207,39092300.0,405285354.0,0.04070862352149959,10.37,10.58,10.16,10.38,2026-08-25,10.36,8.414666805907581
600361,创新新材,2026-08-26,20.294696242484907,20.95112846596151,20.23999355719519,20.787020410092357,49883428.0,188942122.0,0.013364032371170613,3.71,3.83,3.7,3.8,2026-08-25,3.72,5.4702685289716735
600362,江西铜业,2026-08-26,78.65168207061394,84.96690832228023,78.65168207061394,84.96690832228023,87458492.0,4149840404.0,0.04214364600060781,44.96,48.57,44.96,48.57,2026-08-25,44.15,1.7493701528161465
600363,联创光电,2026-08-26,64.56081732757269,67.0623190815755,64.08258905107215,65.62763425207389,36732169.0,654731498.0,0.08146620078646948,17.55,18.23,17.42,17.84,2026-08-25,17.74,3.6786790500041415
600366,宁波韵升,2026-08-26,139.26391269321257,140.95049987115806,138.05920756610868,139.14344218050218,32230506.0,373052429.0,0.029326025602659678,11.56,11.7,11.46,11.55,2026-08-25,11.54,12.04705127103915
600367,红星发展,2026-08-26,178.60886532430786,184.44605675410384,169.50836215029528,180.033691578825,70862631.0,2727389936.0,0.22008861284602269,38.86,40.13,36.88,39.17,2026-08-25,38.27,4.596213724248787
600368,五洲交通,2026-08-26,22.535367437311685,23.239597669727672,22.318681211952917,23.185426113387983,64571091.0,272727382.0,0.04011489220435863,4.16,4.29,4.12,4.28,2026-08-25,4.14,5.417155633969155
600369,西南证券,2026-08-26,20.150141506189346,20.800146070905132,20.10014115505736,20.650145017509182,53128059.0,218573403.0,0.007995061933312503,4.03,4.16,4.02,4.13,2026-08-25,4.03,5.000035113198349
600371,万向德农,2026-08-26,37.695735227143004,39.95747934077158,36.816168071842995,39.95747934077158,48345370.0,452229232.0,0.16523925243866594,9.0,9.54,8.79,9.54,2026-08-25,8.67,4.188415025238111
600372,中航机载,2026-08-26,32.950740786001184,33.40628098119935,32.92037143965464,33.28480359581318,15237632.0,166906748.0,0.0031489889462672817,10.85,11.0,10.84,10.96,2026-08-25,10.88,3.0369346346544868
600373,中文传媒,2026-08-26,39.59844079656295,40.210214460554795,39.4872092212917,40.04336709764792,11074892.0,79567816.0,0.00821970559423084,7.12,7.23,7.1,7.2,2026-08-25,7.12,5.561578763562212
600375,汉马科技,2026-08-26,14.679966131389284,14.949676795220583,14.641436036556241,14.75702632105537,12200150.0,46884162.0,0.008340923480378999,3.81,3.88,3.8,3.83,2026-08-25,3.82,3.853009483304274
600376,首开股份,2026-08-26,34.261749837641204,35.08733417107834,34.05535375428192,34.77774004603942,61732983.0,208295042.0,0.023931545515839293,3.32,3.4,3.3,3.37,2026-08-25,3.35,10.319804167964218
600377,宁沪高速,2026-08-26,43.64534488355345,44.57472978688874,43.64534488355345,44.467493067273125,12700037.0,157605686.0,0.0033401961443359786,12.21,12.47,12.21,12.44,2026-08-25,12.25,3.5745573205203476
600378,昊华科技,2026-08-26,169.54973793534148,175.8625528159495,166.66610644666872,171.6540095622108,37868428.0,1663444700.0,0.035306405843724784,43.51,45.13,42.77,44.05,2026-08-25,43.34,3.896799309017272
600379,宝光股份,2026-08-26,39.67283230657323,39.94125471730783,38.38440473504718,39.35072541369172,15804640.0,230684840.0,0.04786361338979,14.78,14.88,14.3,14.66,2026-08-25,14.78,2.684224107345956
600380,健康元,2026-08-26,108.14099529097604,110.1327579344718,108.14099529097604,108.84397034162158,20089674.0,187153682.0,0.010981243990001284,9.23,9.4,9.23,9.29,2026-08-25,9.24,11.716250844092745
600382,广东明珠,2026-08-26,45.994258881358114,47.56062683087805,45.70946470871813,46.492648683478095,11839885.0,77317594.0,0.01705032701599189,6.46,6.68,6.42,6.53,2026-08-25,6.46,7.119854315999708
600383,金地集团,2026-08-26,39.564917520053996,40.81245996438002,39.564917520053996,40.63423961519058,70761748.0,160413751.0,0.01567403656870437,2.22,2.29,2.22,2.28,2026-08-25,2.23,17.82203491894324
600386,北巴传媒,2026-08-26,20.417568019230288,20.8923951824682,20.35821462382555,20.714334996253985,7336000.0,25591795.0,0.009097222222222222,3.44,3.52,3.43,3.49,2026-08-25,3.46,5.935339540473921
600388,龙净环保,2026-08-26,158.5943721877657,165.51352964257063,157.77499827864403,163.87478182432736,15187163.0,271868647.0,0.011957960181219945,17.42,18.18,17.33,18.0,2026-08-25,17.42,9.104154545795964
600389,江山股份,2026-08-26,95.21977567892957,98.60005171340823,94.59572471871815,95.63580965240388,13116129.0,243083185.0,0.030456586555207246,18.31,18.96,18.19,18.39,2026-08-25,18.4,5.200424668428704
600390,五矿资本,2026-08-26,33.367214434881205,34.57568497779441,33.165802677729005,34.37427322064221,74592723.0,379784381.0,0.016583289789780714,4.97,5.15,4.94,5.12,2026-08-25,4.99,6.713725238406681
600391,航发科技,2026-08-26,69.8044471794307,72.24625871426959,69.44601612844518,71.2381713833728,8186312.0,260723461.0,0.024797284998883482,31.16,32.25,31.0,31.8,2026-08-25,31.2,2.240194068659522
600392,盛和资源,2026-08-26,213.5515432851158,220.25495495774274,212.59391304616906,215.17951469132518,49020803.0,1108597990.0,0.027966716068207477,22.3,23.0,22.2,22.47,2026-08-25,22.32,9.576302389467076
600395,盘江股份,2026-08-26,32.16799602819276,33.84216682519907,31.988620585656367,33.3638323117687,47858102.0,264441201.0,0.022294580731718656,5.38,5.66,5.35,5.58,2026-08-25,5.48,5.979181417879695
600396,华电辽能,2026-08-26,88.00171633313131,97.05513031560454,86.60888341275081,94.77594917316372,221966493.0,3221398060.0,0.1507200825295019,13.9,15.33,13.68,14.97,2026-08-25,14.14,6.331058729002253
600397,江钨装备,2026-08-26,78.65476848790092,79.45419583560404,75.81236014051207,76.83385064035494,77110991.0,1345097553.0,0.07789304637700459,17.71,17.89,17.07,17.3,2026-08-25,17.56,4.441263042795083
600398,海澜之家,2026-08-26,71.20198543058338,72.2682381242194,70.84656786603804,71.20198543058338,21591376.0,130406636.0,0.004495608715241376,6.01,6.1,5.98,6.01,2026-08-25,6.04,11.847252151511377
600399,抚顺特钢,2026-08-26,14.543016554734272,14.677053573671916,14.442488790531039,14.509507299999862,26377368.0,114633316.0,0.013375269002586076,4.34,4.38,4.31,4.33,2026-08-25,4.33,3.3509254734410767
600400,红豆股份,2026-08-26,35.42446282273234,36.50520914613773,35.06421404826387,35.544545747555155,38830825.0,115366567.0,0.016946540111377785,2.95,3.04,2.92,2.96,2026-08-25,2.96,12.008292482282148
600403,大有能源,2026-08-26,37.83934167492072,39.88321852451498,37.673621930359026,38.667940397729204,132126226.0,921850838.0,0.055264154514788236,6.85,7.22,6.82,7.0,2026-08-25,7.11,5.523991485389886
600405,动力源,2026-08-26,31.63986930208414,32.12344809054394,31.501703933952765,31.8471173542812,7076539.0,32672899.0,0.011547319415654586,4.58,4.65,4.56,4.61,2026-08-25,4.57,6.908268406568589
600406,国电南瑞,2026-08-26,1186.125971374825,1204.0975770017162,1182.5316502494468,1202.5571536622685,30084421.0,702222171.0,0.0037567131880483725,23.1,23.45,23.03,23.42,2026-08-25,23.15,51.34744464826082
600408,安泰集团,2026-08-26,11.025570033750428,11.327640445634003,10.874534827808642,11.176605239692217,58081420.0,171905316.0,0.057689133889551054,2.92,3.0,2.88,2.96,2026-08-25,2.95,3.7758801485446676
600409,三友化工,2026-08-26,48.79202565689035,50.34771343145787,48.29703409225523,50.06486110880923,46524697.0,325863430.0,0.02253721967716001,6.9,7.12,6.83,7.08,2026-08-25,6.95,7.071308066215993
600410,华胜天成,2026-08-26,173.88220296947136,175.05006851180363,171.15718337069606,172.97386310321292,25151675.0,335703484.0,0.022938255323943054,13.4,13.49,13.19,13.33,2026-08-25,13.36,12.976283803691892
600415,小商品城,2026-08-26,479.4566996006059,497.0221407183633,470.67397904172714,491.43313672634963,73078665.0,892087660.0,0.013326867092727191,12.01,12.45,11.79,12.31,2026-08-25,12.17,39.921457085812314
600416,湘电股份,2026-08-26,28.693013147273636,29.264855144347084,28.625737618206173,28.827564205408567,12257313.0,105613472.0,0.008305637154156463,8.53,8.7,8.51,8.57,2026-08-25,8.53,3.3637764533732284
600418,江淮汽车,2026-08-26,148.3679130949817,153.64165408177016,147.10221525815248,148.22728000200067,66951913.0,1424821080.0,0.029701251280181067,21.1,21.85,20.92,21.08,2026-08-25,21.22,7.031654649051266
600419,天润乳业,2026-08-26,25.505807916420732,25.770879823173374,25.387998180086225,25.505807916420732,4859786.0,42102905.0,0.01540269540529661,8.66,8.75,8.62,8.66,2026-08-25,8.7,2.9452434083626713
600420,XD国药现,2026-08-26,84.99613605003582,86.6743408268658,84.79870019393819,85.48972569027994,8641700.0,75268731.0,0.00644339096042376,8.61,8.78,8.59,8.66,2026-08-25,8.58,9.87179280488221
600422,昆药集团,2026-08-26,91.55250795068729,93.90824499737161,91.55250795068729,93.05161334403185,6271797.0,54561578.0,0.008285334030849287,8.55,8.77,8.55,8.69,2026-08-25,8.56,10.70789566674705
600425,青松建化,2026-08-26,22.99299249129998,23.36889972549017,22.867690079903248,23.24359731409344,15275566.0,56569534.0,0.009519243916098213,3.67,3.73,3.65,3.71,2026-08-25,3.66,6.2651205698365064
600426,华鲁恒升,2026-08-26,234.893047588039,244.6406335709434,230.2570005961698,242.5009195746961,37852364.0,761658355.0,0.01376660347676286,19.76,20.58,19.37,20.4,2026-08-25,19.96,11.88729997915177
600428,中远海特,2026-08-26,80.06564720722896,81.99580120240324,79.42226254217087,79.70821128219669,35361137.0,397317390.0,0.014460943640217749,11.2,11.47,11.11,11.15,2026-08-25,11.26,7.148718500645443
600429,三元股份,2026-08-26,5.954305291247916,6.044522038085007,5.941417184556904,6.018745824702981,10511120.0,48929809.0,0.007018842695118124,4.62,4.69,4.61,4.67,2026-08-25,4.67,1.2888106691012806
600433,冠豪高新,2026-08-26,23.413842386001807,24.1758313393924,23.206027216895283,23.829472724214856,43643772.0,150276510.0,0.02493531956337849,3.38,3.49,3.35,3.44,2026-08-25,3.38,6.92717230355083
600435,北方导航,2026-08-26,134.93092573338603,135.18793702049723,132.7463297929407,134.03138622849679,13557900.0,141498009.0,0.00896474396283865,10.5,10.52,10.33,10.43,2026-08-25,10.55,12.850564355560573
600436,片仔癀,2026-08-26,864.1039349906397,887.9151057232092,863.8968813320956,879.2878699505391,3007887.0,383680213.0,0.004985581299761033,125.2,128.65,125.17,127.4,2026-08-25,126.14,6.9017886181360995
600438,通威股份,2026-08-26,146.87670368585285,149.20225149421216,146.87670368585285,146.99910093892439,29920877.0,361763655.0,0.006646143317205343,12.0,12.19,12.0,12.01,2026-08-25,12.01,12.239725307154403
600439,瑞贝卡,2026-08-26,29.198808648789004,29.66723873406369,29.042665287030776,29.511095372305462,17913263.0,33626443.0,0.015824640818701698,1.87,1.9,1.86,1.89,2026-08-25,1.88,15.614336175822997
600444,国机通用,2026-08-26,30.465991350556322,30.95226324581156,30.254568787401872,30.317995556348208,3385600.0,48785746.0,0.023122219149519212,14.41,14.64,14.31,14.34,2026-08-25,14.39,2.1142256315445054
600446,金证股份,2026-08-26,177.398456070892,184.3422912572643,176.90246784329398,181.36636189167618,20793910.0,227677674.0,0.022091393215976602,10.73,11.15,10.7,10.97,2026-08-25,10.73,16.532940919934017
600448,华纺股份,2026-08-26,6.247114383841828,6.330968268188698,6.205187441668393,6.2680778549285465,14323320.0,42866707.0,0.022741938469364585,2.98,3.02,2.96,2.99,2026-08-25,2.98,2.0963471086717544
600449,宁夏建材,2026-08-26,60.67645685606361,64.07433844000317,60.67645685606361,61.404574338336374,17319669.0,222300627.0,0.03621989890598799,12.5,13.2,12.5,12.65,2026-08-25,12.54,4.854116548485089
600452,涪陵电力,2026-08-26,113.99354014710363,116.61839140049089,113.49356847979178,115.36846223221126,26660900.0,246197612.0,0.017351238041998437,9.12,9.33,9.08,9.23,2026-08-25,9.1,12.499291682796452
600455,博通股份,2026-08-26,26.70124346255327,26.887124354798722,26.32948167806235,26.755914313213694,1136800.0,27685792.0,0.018201031092894424,24.42,24.59,24.08,24.47,2026-08-25,24.42,1.0934170132085694
600456,XD宝钛股,2026-08-26,75.27337594244469,76.26010558963029,74.7095304297672,75.55529869878343,7741958.0,207415651.0,0.016204106237819604,26.7,27.05,26.5,26.8,2026-08-25,27.4,2.8192275633874413
600458,时代新材,2026-08-26,100.21351000497211,101.68851404833534,99.86645023006311,100.64733472360834,13315500.0,154798000.0,0.015319805204975005,11.55,11.72,11.51,11.6,2026-08-25,11.55,8.676494372724857
600459,贵研铂业,2026-08-26,117.79702889011311,121.10814118383234,117.29194396395255,118.58271655302954,21602264.0,459482881.0,0.028435021789698093,20.99,21.58,20.9,21.13,2026-08-25,21.07,5.612054735117347
600460,士兰微,2026-08-26,521.4371638717128,521.4371638717128,494.24099477700514,502.4454256770845,141023518.0,4683056140.0,0.0847460513340997,34.32,34.32,32.53,33.07,2026-08-25,34.32,15.193390555702585
600461,洪城环境,2026-08-26,50.349782129800126,51.08440296895545,50.29327283448048,51.08440296895545,7813520.0,70341475.0,0.006084552857552415,8.91,9.04,8.9,9.04,2026-08-25,8.93,5.650929531964099
600463,空港股份,2026-08-26,22.844778150896243,23.37153881214264,22.73388116958121,23.12202060418382,4139500.0,34395191.0,0.013798333333333333,8.24,8.43,8.2,8.34,2026-08-25,8.31,2.7724245328757577
600467,好当家,2026-08-26,21.547469777643432,21.911140153637415,21.456552183644934,21.729304965640424,25473200.0,60900881.0,0.017435523143559083,2.37,2.41,2.36,2.39,2026-08-25,2.37,9.091759399849549
600468,百利电气,2026-08-26,77.05266057036317,80.4826677181695,77.05266057036317,80.4826677181695,44907140.0,293780927.0,0.04128498829909744,6.29,6.57,6.29,6.57,2026-08-25,5.97,12.250025527879679
600469,风神股份,2026-08-26,14.743633115718323,14.79948021085362,14.63193892544773,14.715709568150674,8559154.0,45069585.0,0.010114343652379551,5.28,5.3,5.24,5.27,2026-08-25,5.25,2.792354756764834
600470,六国化工,2026-08-26,13.325321185588125,14.657853304146936,13.301943429122183,14.16692041836211,80191232.0,479390723.0,0.15374085889570552,5.7,6.27,5.69,6.06,2026-08-25,5.93,2.337775646594408
600475,华光环能,2026-08-26,70.08265863003383,71.47595204216174,69.66467060639546,70.68641910862259,8330781.0,126659419.0,0.008835408940631024,15.09,15.39,15.0,15.22,2026-08-25,15.25,4.644311373759697
600477,杭萧钢构,2026-08-26,82.23603477888692,83.91432120294583,82.23603477888692,83.57866391813405,31931700.0,79291775.0,0.013536298117725217,2.45,2.5,2.45,2.49,2026-08-25,2.46,33.56572848117833
600478,科力远,2026-08-26,49.59608610693245,50.50149132997989,49.29428436591664,49.89788784794826,23634592.0,117597001.0,0.01395261117681503,4.93,5.02,4.9,4.96,2026-08-25,4.93,10.060058033860537
600479,千金药业,2026-08-26,177.52288586887957,178.16959947860227,177.52288586887957,178.16959947860227,22291341.0,245578988.0,0.0532639472413082,10.98,11.02,10.98,11.02,2026-08-25,10.02,16.167840243067356
600480,凌云股份,2026-08-26,33.95157209090807,34.395647350123284,33.749719700355705,33.87083113468713,8179931.0,68887822.0,0.006742524876718281,8.41,8.52,8.36,8.39,2026-08-25,8.42,4.037047811047334
600481,双良节能,2026-08-26,43.11010216956396,44.422587715709945,43.11010216956396,43.91778558257687,38981552.0,169805399.0,0.018884569158894658,4.27,4.4,4.27,4.35,2026-08-25,4.27,10.09604266266135
600482,中国动力,2026-08-26,84.40847725939612,86.47822300797611,83.98391402891818,85.15146291273254,9893051.0,317696951.0,0.004361541647137336,31.81,32.59,31.65,32.09,2026-08-25,31.85,2.6535201904871464
600483,福能股份,2026-08-26,40.79869718994846,41.98403890774453,40.60751304191684,41.601670611681286,15287349.0,166040778.0,0.005498756414683741,10.67,10.98,10.62,10.88,2026-08-25,10.66,3.8236829606324707
600486,扬农化工,2026-08-26,263.1542601446154,270.28647841021717,260.3505605505513,266.35146143609205,3477233.0,188267362.0,0.008604628255253375,53.5,54.95,52.93,54.15,2026-08-25,54.02,4.918771217656363
600487,亨通光电,2026-08-26,777.3356574788502,790.5515651021382,762.9183037079905,778.8975374706932,211074741.0,13678454901.0,0.08602492734958249,64.7,65.8,63.5,64.83,2026-08-25,64.6,12.014461475716386
600488,津药药业,2026-08-26,38.19496211193118,39.620147265361446,37.909925081245134,38.33748062727421,51791200.0,280894219.0,0.04743276106271394,5.36,5.56,5.32,5.38,2026-08-25,5.45,7.12592576715134
600489,中金黄金,2026-08-26,318.2644986609051,327.79193154995835,314.7670865877083,318.7469003261736,87603748.0,2329736398.0,0.01807264269496775,26.39,27.18,26.1,26.43,2026-08-25,26.24,12.060041631712963
600490,鹏欣资源,2026-08-26,88.68032422946249,92.78813216379726,88.19705270777605,90.73422819662987,76358737.0,576272059.0,0.03832074549459844,7.34,7.68,7.3,7.51,2026-08-25,7.34,12.081788042161103
600493,凤竹纺织,2026-08-26,16.180831170519355,16.285901502795454,15.996958089036179,16.180831170519355,4406012.0,27114736.0,0.016198573529411765,6.16,6.2,6.09,6.16,2026-08-25,6.19,2.6267583069024925
600495,晋西车轴,2026-08-26,29.94908578768003,30.388436679430843,29.94908578768003,30.24198638218057,7596820.0,31309413.0,0.006287764696811329,4.09,4.15,4.09,4.13,2026-08-25,4.12,7.322514862513455
600496,精工钢构,2026-08-26,33.504451540709624,34.73397269816686,33.09461115489054,34.42659240880255,57785938.0,192293983.0,0.029036327169017034,3.27,3.39,3.23,3.36,2026-08-25,3.42,10.24600964547695
600497,驰宏锌锗,2026-08-26,233.44078225086002,243.6610752051265,233.44078225086002,241.57056073720838,209643363.0,2166624930.0,0.04159276540869822,10.05,10.49,10.05,10.4,2026-08-25,9.93,23.22793853242388
600498,烽火通信,2026-08-26,160.73181561242373,161.95636372841912,154.2140595111581,156.30764177398888,88411077.0,3527881763.0,0.06952625451768092,40.69,41.0,39.04,39.57,2026-08-25,40.66,3.950155212888271
600499,科达制造,2026-08-26,426.0722537035931,436.7985482024248,424.2845379537878,431.1374483280414,33954521.0,493043632.0,0.017704412676225245,14.3,14.66,14.24,14.47,2026-08-25,14.26,29.79526249675476
600500,中化国际,2026-08-26,50.74453879871459,51.90662747349432,49.872972292629804,51.519264581901076,96954224.0,511231241.0,0.027019494940814143,5.24,5.36,5.15,5.32,2026-08-25,5.28,9.684072289831029
600501,航天晨光,2026-08-26,66.34002571298448,66.47929798530006,65.08657526214434,66.01505707758149,3453402.0,48982417.0,0.008072011821678157,14.29,14.32,14.02,14.22,2026-08-25,14.18,4.642409077185759
600502,安徽建工,2026-08-26,74.19807747396416,75.49979813140213,73.70993222742494,75.01165288486291,24216997.0,111445274.0,0.014108079347511276,4.56,4.64,4.53,4.61,2026-08-25,4.56,16.2715082179746
600503,华丽家族,2026-08-26,6.38824420904198,6.503868538617401,6.27261987946656,6.417150291435837,29464800.0,65413384.0,0.01838918048543023,2.21,2.25,2.17,2.22,2026-08-25,2.21,2.8906082393855117
600505,西昌电力,2026-08-26,33.97410608622503,34.133459304265486,33.81475286818457,33.87849415540076,5131400.0,54658335.0,0.014075308413393953,10.66,10.71,10.61,10.63,2026-08-25,10.64,3.187064360809102
600506,统一股份,2026-08-26,24.84928027753583,26.109751016251412,24.718322278708236,25.749616519475534,16206121.0,254522378.0,0.0649219671903028,15.18,15.95,15.1,15.73,2026-08-25,15.28,1.6369749853449163
600507,方大特钢,2026-08-26,109.74605689825944,112.79455847876665,109.49201509988383,112.03243308363984,35900876.0,157513833.0,0.01552008643794171,4.32,4.44,4.31,4.41,2026-08-25,4.33,25.404179837560054
600508,上海能源,2026-08-26,38.6234863528918,44.63158423000831,38.6234863528918,42.728397945952764,109794075.0,1218008044.0,0.10851305666347633,10.35,11.96,10.35,11.45,2026-08-25,10.87,3.731737811873604
600509,天富能源,2026-08-26,48.26785832503561,48.85489984520496,48.006950982738125,48.65921933848185,15612000.0,116271273.0,0.011359159963840066,7.4,7.49,7.36,7.46,2026-08-25,7.4,6.522683557437245
600510,黑牡丹,2026-08-26,46.65624157219952,48.01327906945186,46.20389573978208,46.785483238604506,10121000.0,73561048.0,0.009806928628893308,7.22,7.43,7.15,7.24,2026-08-25,7.2,6.462083320249241
600511,国药股份,2026-08-26,164.20752154534574,166.2340167626219,163.65484103154316,165.31288257295094,3865387.0,103947893.0,0.00698547389546336,26.74,27.07,26.65,26.92,2026-08-25,26.71,6.140894597806498
600512,腾达建设,2026-08-26,13.231980709198373,13.490165698646146,13.16743446183643,13.36107320392226,32156668.0,66728381.0,0.020257378991528453,2.05,2.09,2.04,2.07,2026-08-25,2.04,6.4546247361943285
600513,联环药业,2026-08-26,118.04255012208387,121.40892166927287,116.94482026973964,117.45709420083361,10629100.0,172012438.0,0.037235475682492455,16.13,16.59,15.98,16.05,2026-08-25,16.27,7.318199015628262
600515,海南机场,2026-08-26,8.902525555011305,9.062069023739106,8.870616861265743,8.998251636247986,64962860.0,183280683.0,0.0070796394341619395,2.79,2.84,2.78,2.82,2026-08-25,2.79,3.1908693745560233
600516,方大炭素,2026-08-26,67.31837326200878,68.24965510555435,67.18533299864512,67.85053431546339,28117296.0,143432974.0,0.006983979868179695,5.06,5.13,5.05,5.1,2026-08-25,5.06,13.304026336365371
600517,国网英大,2026-08-26,108.45128090137372,112.41901069044837,108.010422035921,110.21471636318468,25667305.0,128526449.0,0.004488518565051835,4.92,5.1,4.9,5.0,2026-08-25,4.93,22.042943272636936
600518,康美药业,2026-08-26,60.64499863693671,62.40282468438416,60.205542125074864,61.084455148798575,171536257.0,240021325.0,0.0124100626772425,1.38,1.42,1.37,1.39,2026-08-25,1.37,43.945651186186026
600519,贵州茅台,2026-08-26,10965.64953066452,11087.536942755367,10923.473955546579,10989.267852730565,2173083.0,2838763999.0,0.0017383529189307699,1300.0,1314.45,1295.0,1302.8,2026-08-25,1304.0,8.435115023588091
600520,三佳科技,2026-08-26,59.58119024707458,59.67983460178828,57.90423621694169,58.89067976407868,4600000.0,109902743.0,0.029034905005365146,24.16,24.2,23.48,23.88,2026-08-25,23.94,2.466108867842491
600521,华海药业,2026-08-26,290.3723261866861,295.69700209475496,287.5324990357161,291.0822829744286,22921084.0,376176249.0,0.015308766326230855,16.36,16.66,16.2,16.4,2026-08-25,16.43,17.748919693562723
600522,中天科技,2026-08-26,339.74974502423265,341.5494788118831,331.95089861108085,334.0505880300063,174553137.0,5870788508.0,0.05114436332153663,33.98,34.16,33.2,33.41,2026-08-25,33.89,9.998521042502434
600523,贵航股份,2026-08-26,24.879333302138615,25.0458895083454,24.75441614748353,24.920972353690317,2819751.0,33688768.0,0.006978810904597616,11.95,12.03,11.89,11.97,2026-08-25,11.95,2.0819525775848216
600526,菲达环保,2026-08-26,18.346606148977404,18.69422605495803,18.192108412986016,18.230732846983862,12213300.0,58052370.0,0.01398991994498464,4.75,4.84,4.71,4.72,2026-08-25,4.72,3.8624433997847167
600527,江南高纤,2026-08-26,62.83577705887437,64.80820055399599,62.554002273857,64.24465098396124,63696000.0,144604843.0,0.036781059051765104,2.23,2.3,2.22,2.28,2026-08-25,2.24,28.177478501737387
600528,中铁工业,2026-08-26,33.2636060695874,33.452603831346416,33.02735886738863,33.31085551002715,11505985.0,80977539.0,0.00517925627392633,7.04,7.08,6.99,7.05,2026-08-25,7.04,4.724944043975483
600529,山东药玻,2026-08-26,170.6706505867923,171.4694211823623,169.7831277028256,170.04938456801563,5515400.0,105814718.0,0.008311155371706206,19.23,19.32,19.13,19.16,2026-08-25,19.22,8.875228839666786
600530,交大昂立,2026-08-26,24.04294844483018,24.48701345568456,23.725759151362766,23.85263486874973,5972200.0,22643879.0,0.007706860062974242,3.79,3.86,3.74,3.76,2026-08-25,3.79,6.343785869348332
600531,豫光金铅,2026-08-26,146.3676458662612,154.65672268134009,146.040445465666,150.51218427380064,71679423.0,991972205.0,0.059275311409630535,13.42,14.18,13.39,13.8,2026-08-25,13.43,10.906680019840627
600533,栖霞建设,2026-08-26,21.117522435416536,21.795608018205137,21.117522435416536,21.408130542325935,12535250.0,27905352.0,0.011938333333333334,2.18,2.25,2.18,2.21,2026-08-25,2.2,9.686936896980061
600535,天士力,2026-08-26,198.12317382591232,201.62739322691485,198.12317382591232,199.0666175107976,13777567.0,204004557.0,0.00922224100799143,14.7,14.96,14.7,14.77,2026-08-25,14.75,13.47776692693281
600536,中国软件,2026-08-26,277.8915225054822,292.2829453725972,276.2639211097966,281.2323885282053,27033251.0,892033361.0,0.03204298240575916,32.44,34.12,32.25,32.83,2026-08-25,32.55,8.566323135187492
600538,国发股份,2026-08-26,16.8418973560984,17.001083531486852,16.555362240399184,16.650873945632256,6902900.0,36272975.0,0.013168488657655977,5.29,5.34,5.2,5.23,2026-08-25,5.27,3.1837235077690735
600539,狮头股份,2026-08-26,20.299302761751857,20.72477834364118,19.76402702969755,19.84637714232129,14368201.0,212020062.0,0.062470439130434784,14.79,15.1,14.4,14.46,2026-08-25,14.85,1.3725018770623298
600540,新赛股份,2026-08-26,13.27754833840283,13.765693497902937,13.27754833840283,13.570435434102894,30331713.0,126247177.0,0.05217219650396879,4.08,4.23,4.08,4.17,2026-08-25,4.11,3.2543010633340272
600545,卓郎智能,2026-08-26,19.086538252762775,19.086538252762775,18.243179585780236,18.82021446318934,53275801.0,224141215.0,0.02979777214141109,4.3,4.3,4.11,4.24,2026-08-25,4.25,4.438729826223901
600546,山煤国际,2026-08-26,140.43666794077419,145.44845487563856,139.26369653048678,144.48875099449432,22030816.0,296249487.0,0.011112889488692547,13.17,13.64,13.06,13.55,2026-08-25,13.31,10.663376457158252
600547,山东黄金,2026-08-26,704.5401964662867,710.9323955836446,687.16140511597,688.9592111177269,96309249.0,3367814504.0,0.0266456656679754,35.27,35.59,34.4,34.49,2026-08-25,34.97,19.975622241743313
600548,深高速,2026-08-26,24.80798639053831,24.988846558634577,24.777843029188936,24.928559835935822,2370100.0,19589842.0,0.0013824452169423284,8.23,8.29,8.22,8.27,2026-08-25,8.22,3.0143361349378264
600549,厦门钨业,2026-08-26,739.7249156629538,760.7797045338158,732.4259221877215,738.6019935898411,42278757.0,2242795058.0,0.027207598237343696,52.7,54.2,52.18,52.62,2026-08-25,52.39,14.03652591390804
600550,保变电气,2026-08-26,77.28469578190575,79.05079943322902,77.21405163585283,78.48564626480557,18356589.0,203731378.0,0.009968126585802246,10.94,11.19,10.93,11.11,2026-08-25,10.96,7.064414605293031
600551,时代出版,2026-08-26,41.19679053378515,41.555543426677325,41.077206236154424,41.4359591290466,3488100.0,24164866.0,0.005144271143962063,6.89,6.95,6.87,6.93,2026-08-25,6.9,5.979214881536306
600552,凯盛科技,2026-08-26,155.08873512551597,155.4370534525806,148.12236858422386,151.95387018193452,42822657.0,744926332.0,0.04533383915785819,17.81,17.85,17.01,17.45,2026-08-25,17.81,8.70795817661516
600556,天下秀,2026-08-26,20.665444569188104,21.119630164115318,20.574607450202663,20.937955926144433,27048898.0,124329412.0,0.014962762153059415,4.55,4.65,4.53,4.61,2026-08-25,4.57,4.541855949272111
600557,康缘药业,2026-08-26,109.23612122021149,111.46725114709488,108.78989523483479,109.50385681143749,5557200.0,68446116.0,0.009815620531035244,12.24,12.49,12.19,12.27,2026-08-25,12.22,8.924519707533618
600558,大西洋,2026-08-26,36.1461027389963,36.218685274616774,35.49285991841202,36.00093766775535,18616100.0,92070412.0,0.02073975022979795,4.98,4.99,4.89,4.96,2026-08-25,4.86,7.258253562047449
600559,老白干酒,2026-08-26,84.37062552495779,85.16725804064407,83.86367756043013,84.29820438716813,7103330.0,82932462.0,0.007765345556953532,11.65,11.76,11.58,11.64,2026-08-25,11.7,7.242113778966333
600560,金自天正,2026-08-26,52.30417017141164,54.059963869745246,51.74970900351682,53.22827211790301,3763891.0,43234421.0,0.01682971935496131,11.32,11.7,11.2,11.52,2026-08-25,11.28,4.620509732456859
600561,江西长运,2026-08-26,15.246826285839967,15.325283367928337,15.063759760967102,15.142216843055474,3537372.0,20555868.0,0.012434658995039314,5.83,5.86,5.76,5.79,2026-08-25,5.81,2.6152360696123442
600562,国睿科技,2026-08-26,176.32130034118023,180.13112373748322,175.1181982160319,175.2518762299373,7360629.0,195078065.0,0.005927110787495612,26.38,26.95,26.2,26.22,2026-08-25,26.46,6.683900695268394
600563,法拉电子,2026-08-26,382.94784951389965,391.9156156101113,381.46332066689166,386.00779672916104,2656425.0,339121632.0,0.011806333333333334,126.4,129.36,125.91,127.41,2026-08-25,126.18,3.029650708179586
600566,济川药业,2026-08-26,63.38603494782988,64.86249680605242,63.33512246996013,63.716966053983214,5190660.0,130780399.0,0.005649455931879751,24.9,25.48,24.88,25.03,2026-08-25,24.94,2.545623893487144
600567,山鹰国际,2026-08-26,5.554096371201253,5.6784418123475495,5.554096371201253,5.636993331965451,104297738.0,141766367.0,0.01680741956813075,1.34,1.37,1.34,1.36,2026-08-25,1.34,4.14484803820989
600569,安阳钢铁,2026-08-26,4.863441357437851,5.0255560693524455,4.836422238785418,4.971517832047581,28619488.0,52677327.0,0.009963540913422234,1.8,1.86,1.79,1.84,2026-08-25,1.8,2.7019118652432503
600570,恒生电子,2026-08-26,920.6274357142493,951.8498452156274,919.3265019850252,937.1059296177544,24886011.0,537907973.0,0.013141836160799947,21.23,21.95,21.2,21.61,2026-08-25,21.35,43.364457640803074
600571,信雅达,2026-08-26,126.70688673905448,130.01948508517356,126.70688673905448,128.83641424727386,11214124.0,122136955.0,0.024498268223810408,10.71,10.99,10.71,10.89,2026-08-25,10.8,11.830708378996682
600572,康恩贝,2026-08-26,74.79646495368922,79.0462640987852,74.45648102208153,75.47643281690458,124266322.0,559031740.0,0.04908239358846268,4.4,4.65,4.38,4.44,2026-08-25,4.3,16.999196580383913
600573,惠泉啤酒,2026-08-26,12.672380285238553,12.839122131096953,12.608248806062242,12.646727693568028,4728300.0,46793037.0,0.0189132,9.88,10.01,9.83,9.86,2026-08-25,9.89,1.2826295835261692
600575,淮河能源,2026-08-26,58.30001715352744,58.65442455263703,57.23679495619867,58.12281345397265,57074160.0,187108636.0,0.01468613637771656,3.29,3.31,3.23,3.28,2026-08-25,3.35,17.720369955479466
600576,祥源文旅,2026-08-26,16.271357364793385,16.570463198705028,16.241446781402217,16.510642031922696,6368120.0,35060758.0,0.009642967336927741,5.44,5.54,5.43,5.52,2026-08-25,5.53,2.9910583391164307
600577,精达股份,2026-08-26,233.07963268491378,233.07963268491378,221.88139334921402,224.7460592257884,113368560.0,982573490.0,0.050796590948328245,8.95,8.95,8.52,8.63,2026-08-25,8.61,26.042417059766905
600578,京能电力,2026-08-26,30.647070582978603,31.701951635653593,30.591550527574658,31.590911524845705,82367980.0,464084030.0,0.012303606106371953,5.52,5.71,5.51,5.69,2026-08-25,5.57,5.552005540394675
600579,中化装备,2026-08-26,13.163986025936106,13.506401847419994,13.106916722355459,13.335193936678051,4126900.0,28885706.0,0.008360805620236089,6.92,7.1,6.89,7.01,2026-08-25,6.9,1.9023101193549288
600580,卧龙电驱,2026-08-26,277.5810821460402,281.594527516679,275.3410196135907,279.63447280078566,26378545.0,788016573.0,0.016935024669628252,29.74,30.17,29.5,29.96,2026-08-25,29.74,9.333593885206463
600582,天地科技,2026-08-26,219.95230552398723,220.85007003633004,219.0545410116444,219.95230552398723,17303018.0,84801709.0,0.004180897994832776,4.9,4.92,4.88,4.9,2026-08-25,4.9,44.88822561714025
600583,海油工程,2026-08-26,127.78050208378515,129.7133164010189,127.13623064470724,128.85428781558167,33246208.0,199422207.0,0.007519461681745152,5.95,6.04,5.92,6.0,2026-08-25,6.06,21.475714635930277
600584,长电科技,2026-08-26,381.60581915184673,384.6895025389323,374.1535842997231,378.3679515954068,67139274.0,4957125668.0,0.03752024551806349,74.25,74.85,72.8,73.62,2026-08-25,74.05,5.139472311809383
600585,海螺水泥,2026-08-26,103.24793623192768,105.42219556065923,103.01288116936212,105.06961296681085,25954096.0,462868965.0,0.006525293959684589,17.57,17.94,17.53,17.88,2026-08-25,17.6,5.87637656413931
600586,金晶科技,2026-08-26,57.2037589888217,57.747262637171545,56.796131252559306,57.33963490090916,10480101.0,44191776.0,0.007394215930331917,4.21,4.25,4.18,4.22,2026-08-25,4.22,13.587591208746247
600587,新华医疗,2026-08-26,95.8988949409131,97.12738358707371,95.36143115821783,96.58991980437844,3856120.0,48479412.0,0.006356473500596805,12.49,12.65,12.42,12.58,2026-08-25,12.48,7.67805403850385
600588,用友网络,2026-08-26,539.0730644143437,546.4939325577074,531.65219627098,533.2423823017009,36325762.0,368126613.0,0.01063090124221982,10.17,10.31,10.03,10.06,2026-08-25,10.18,53.00620102402593
600589,大位科技,2026-08-26,41.926288029691804,41.926288029691804,40.69645024748751,41.64677944282719,30140217.0,223681135.0,0.020386087808660074,7.5,7.5,7.28,7.45,2026-08-25,7.45,5.59017173729224
600590,泰豪科技,2026-08-26,35.8802721814245,36.531063091607535,35.57656975667242,36.01043036346111,12880703.0,107118249.0,0.01526928444995517,8.27,8.42,8.2,8.3,2026-08-25,8.28,4.3386060678868805
600592,龙溪股份,2026-08-26,49.71073368239881,51.34116249124232,49.502593834461344,50.4739131248362,6787615.0,98669527.0,0.016987997336657516,14.33,14.8,14.27,14.55,2026-08-25,14.23,3.468997465624481
600593,大连圣亚,2026-08-26,73.34820813913653,76.07490732646504,72.63926635043113,75.34778754317743,6373081.0,262437196.0,0.049480442546583854,40.35,41.85,39.96,41.45,2026-08-25,40.23,1.8177994582189971
600594,益佰制药,2026-08-26,60.38470966362585,66.18791552740288,59.91417945845473,63.99210790327103,112842731.0,462152526.0,0.14385977631901523,3.85,4.22,3.82,4.08,2026-08-25,3.84,15.68434017237035
600595,中孚实业,2026-08-26,46.489952030011054,48.07483675830689,46.489952030011054,47.09371764079042,103187809.0,647211474.0,0.025746070843732056,6.16,6.37,6.16,6.24,2026-08-25,6.15,7.547070134742055
600596,新安股份,2026-08-26,131.12536115615038,134.5493309348893,129.85722420106188,133.02756658878312,28752390.0,300688926.0,0.021304425658980528,10.34,10.61,10.24,10.49,2026-08-25,10.37,12.681369550884948
600597,光明乳业,2026-08-26,17.066007856683605,17.368061093085085,17.040836753650147,17.191863371850886,6667700.0,45664046.0,0.0048370808217458395,6.78,6.9,6.77,6.83,2026-08-25,6.8,2.5171103033456643
600598,北大荒,2026-08-26,36.57309833046757,37.81382024761528,36.51670187968813,36.77048590819562,47438859.0,622096631.0,0.026685827273980854,12.97,13.41,12.95,13.04,2026-08-25,13.18,2.8198225389720566
600600,青岛啤酒,2026-08-26,93.68635171715728,94.3985871395684,93.57677703678634,94.12465043864105,3585300.0,184796946.0,0.005055942509777843,51.3,51.69,51.24,51.54,2026-08-25,51.24,1.8262446728490698
600601,方正科技,2026-08-26,61137.07138258806,62615.34253864372,59447.61863281015,61242.66217944917,110167165.0,1275104077.0,0.026417126426916456,11.58,11.86,11.26,11.6,2026-08-25,11.55,5279.5398430559635
600602,云赛智联,2026-08-26,10152.145870523558,10234.68364182863,9866.014929999317,9954.055219391392,25056982.0,455034441.0,0.02332394327600261,18.45,18.6,17.93,18.09,2026-08-25,18.41,550.2518087004639
600603,广汇物流,2026-08-26,809.1519971033165,821.5189490241096,802.085167434292,812.6854119378288,8106000.0,37356873.0,0.007025481317601477,4.58,4.65,4.54,4.6,2026-08-25,4.57,176.67074172561496
600604,市北高新,2026-08-26,240.28176530214412,266.3993484871598,238.19235864734287,266.3993484871598,97241931.0,489741217.0,0.06909062424145877,4.6,5.1,4.56,5.1,2026-08-25,4.64,52.23516637003134
600605,汇通能源,2026-08-26,1584.9295942749743,1613.529827555124,1552.7543318348055,1573.6086686015817,8330198.0,221449458.0,0.04038248938788674,26.6,27.08,26.06,26.41,2026-08-25,26.58,59.58381933364565
600606,绿地控股,2026-08-26,198.14256097505762,202.8230939114763,196.58238332958473,201.2629162660034,101888508.0,131325108.0,0.007249674490861193,1.27,1.3,1.26,1.29,2026-08-25,1.27,156.01776454728946
600609,金杯汽车,2026-08-26,89.52709738352485,91.94674866416065,89.52709738352485,91.14019823728205,20203801.0,68386712.0,0.01548707865668687,3.33,3.42,3.33,3.39,2026-08-25,3.34,26.88501422928674
600610,中毅达,2026-08-26,618.4129943955113,693.6155190976808,611.1117784050092,674.6323575223759,111144813.0,996181529.0,0.15682323272974455,8.47,9.5,8.37,9.24,2026-08-25,8.74,73.01215990501903
600611,大众交通,2026-08-26,4447.078296074849,4633.600343813087,4417.6274464319695,4584.515594408288,80044127.0,372548551.0,0.05120148988602284,4.53,4.72,4.5,4.67,2026-08-25,4.6,981.6949880959932
600612,老凤祥,2026-08-26,5853.010744450488,5906.341138477372,5784.681177103544,5801.346925236945,2543401.0,89083786.0,0.008020573200504822,35.12,35.44,34.71,34.81,2026-08-25,35.55,166.65748133401163
600613,神奇制药,2026-08-26,296.3858180842894,309.57806518002934,289.6431140131335,309.2849041334573,139163715.0,1428820461.0,0.2903357285057707,10.11,10.56,9.88,10.55,2026-08-25,10.27,29.316104657199745
600615,鑫源智造,2026-08-26,923.8851991906012,940.417881702433,922.9126884546112,933.6103065505022,2178140.0,20844996.0,0.009669188943473728,9.5,9.67,9.49,9.6,2026-08-25,9.5,97.25107359901065
600616,金枫酒业,2026-08-26,1616.4951228314621,1646.08771089245,1612.7960493238388,1627.5923433543326,5574790.0,24570055.0,0.008332957775574008,4.37,4.45,4.36,4.4,2026-08-25,4.37,369.9073507623483
600617,国新能源,2026-08-26,213.88570395907425,217.71649268669947,211.97030959526163,216.4395631108244,24217779.0,81779555.0,0.013639648964812921,3.35,3.41,3.32,3.39,2026-08-25,3.36,63.846478793753505
600618,氯碱化工,2026-08-26,271.3289134811909,277.9791319488671,268.40281735541333,276.6490882553319,9363764.0,96880725.0,0.012487683105334997,10.2,10.45,10.09,10.4,2026-08-25,10.15,26.60087387070499
600619,海立股份,2026-08-26,864.6749689363253,886.0023994597724,864.6749689363253,873.8152963035169,15238909.0,218981026.0,0.019309928597086294,14.19,14.54,14.19,14.34,2026-08-25,14.27,60.93551578127733
600620,天宸股份,2026-08-26,1833.3280120216227,1882.9892674262717,1833.3280120216227,1862.2970776743348,5559900.0,25052872.0,0.008096818569807204,4.43,4.55,4.43,4.5,2026-08-25,4.49,413.84379503874106
600621,华鑫股份,2026-08-26,5005.363764968732,5181.059060930972,5005.363764968732,5165.441701289884,15006977.0,197091858.0,0.014145524568791965,12.82,13.27,12.82,13.23,2026-08-25,12.82,390.4339910272021
600622,光大嘉宝,2026-08-26,630.0789535255369,643.9573445723548,627.3032753161732,638.4059881536276,19304085.0,44355188.0,0.012872089689114677,2.27,2.32,2.26,2.3,2026-08-25,2.27,277.56782093635985
600623,华谊集团,2026-08-26,245.7077332748064,255.76772731707513,244.48834005756166,254.5483340998304,15630280.0,128636325.0,0.008331551503316435,8.06,8.39,8.02,8.35,2026-08-25,8.07,30.484830431117416
600626,申达股份,2026-08-26,39.363894000180814,40.231417834895545,39.25545352084147,40.01453687621686,9219796.0,33859371.0,0.006980755804179976,3.63,3.71,3.62,3.69,2026-08-25,3.63,10.844047933934108
600628,新世界,2026-08-26,299.95845696454114,303.79179187782603,299.4792901003806,300.91679069286243,6482907.0,40800209.0,0.01002187926817138,6.26,6.34,6.25,6.28,2026-08-25,6.27,47.91668641606089
600629,华建集团,2026-08-26,158.49543417624693,166.41043427999293,158.10456997359282,158.20228602425635,22220604.0,366846037.0,0.01932554333797147,16.22,17.03,16.18,16.19,2026-08-25,16.22,9.771605066353079
600630,龙头股份,2026-08-26,20.564750855992283,20.959642674497307,20.564750855992283,20.898890087034996,9527835.0,65366978.0,0.022425738328145487,6.77,6.9,6.77,6.88,2026-08-25,6.81,3.0376293731155517
600633,浙数文化,2026-08-26,84.85995631582487,86.12025269675296,84.43985752218218,85.61613414438172,11472576.0,116658212.0,0.009047241509329904,10.1,10.25,10.05,10.19,2026-08-25,10.1,8.401975872853948
600635,大众公用,2026-08-26,746.7006395668298,763.0756535924182,743.4256367617122,758.1631493847417,25975510.0,120166330.0,0.010739043907119451,4.56,4.66,4.54,4.63,2026-08-25,4.57,163.75014025588374
600637,东方明珠,2026-08-26,48.67671361598471,49.55853813801342,48.67671361598471,49.08823172626477,45551386.0,381068809.0,0.013549299050989538,8.28,8.43,8.28,8.35,2026-08-25,8.35,5.878830146858057
600638,新黄浦,2026-08-26,97.49421667019237,99.02955866499855,96.5346279234385,97.8780521688939,13343800.0,68007442.0,0.019815657391628834,5.08,5.16,5.03,5.1,2026-08-25,5.08,19.191774935077238
600639,浦东金桥,2026-08-26,73.3297163649115,74.49491312918445,73.3297163649115,74.10651420776013,3372300.0,32241726.0,0.0039663072507939,9.44,9.59,9.44,9.54,2026-08-25,9.48,7.767978428486388
600640,国脉文化,2026-08-26,103.43243647648494,105.69594364961449,103.33402312113148,105.10546351749373,4631400.0,49329363.0,0.0058510418288218674,10.51,10.74,10.5,10.68,2026-08-25,10.58,9.841335535345856
600641,先导基电,2026-08-26,813.2157285894333,826.7001730685948,787.2841045910458,801.5464977901589,41344959.0,1282440512.0,0.04442685337260594,31.36,31.88,30.36,30.91,2026-08-25,31.46,25.931623998387543
600642,申能股份,2026-08-26,119.8265887017477,121.83806620993053,119.8265887017477,121.11968138557951,20073096.0,169158423.0,0.004101729134343763,8.34,8.48,8.34,8.43,2026-08-25,8.39,14.367696487020108
600643,爱建集团,2026-08-26,37.908882086409704,38.933446467123474,37.722597653552654,38.56087760140937,22160521.0,91895828.0,0.013934352242369007,4.07,4.18,4.05,4.14,2026-08-25,4.07,9.314221642852507
600644,乐山电力,2026-08-26,88.06374330909838,89.98476641228191,88.06374330909838,89.4792340167073,14768300.0,130633248.0,0.025536518036948827,8.71,8.9,8.71,8.85,2026-08-25,8.8,10.11064791149235
600645,中源协和,2026-08-26,397.05863558798586,407.9646204922337,395.8468594875139,399.07826242210587,10471028.0,208058157.0,0.02238498472855788,19.66,20.2,19.6,19.76,2026-08-25,19.68,20.196268341199687
600648,外高桥,2026-08-26,74.24783753323491,75.3691640979224,73.68717425089118,75.04878507944025,2807533.0,26242341.0,0.0024675736703433857,9.27,9.41,9.2,9.37,2026-08-25,9.27,8.00947546205339
600649,城投控股,2026-08-26,88.02310968112695,89.86171249430977,88.02310968112695,88.48276038442266,29548377.0,114514311.0,0.011858242191536238,3.83,3.91,3.83,3.85,2026-08-25,3.85,22.982535164785105
600650,锦江在线,2026-08-26,48.42385398481502,49.93423884445481,48.01193084127689,49.24770027189127,5453508.0,58619096.0,0.013963301292381203,10.58,10.91,10.49,10.76,2026-08-25,10.46,4.576923817090266
600651,飞乐音响,2026-08-26,32672.889891365732,33079.12475680012,32208.621473726434,32730.923443570646,17970785.0,101119772.0,0.007168162817677967,5.63,5.7,5.55,5.64,2026-08-25,5.68,5803.355220491249
600653,申华控股,2026-08-26,17483.87773794516,17998.10943612002,17381.031398310188,17792.416756850074,24828225.0,42955964.0,0.012756101561008542,1.7,1.75,1.69,1.73,2026-08-25,1.7,10284.633963497154
600654,中安科,2026-08-26,6920.153944451985,7084.360987201692,6873.237646523497,7037.444689273205,57362008.0,171838491.0,0.024752403687001583,2.95,3.02,2.93,3.0,2026-08-25,2.97,2345.8148964244015
600655,豫园股份,2026-08-26,1381.2771563765918,1384.1912432043905,1355.0503749264035,1363.7926354097995,19897136.0,93643839.0,0.005115147130134415,4.74,4.75,4.65,4.68,2026-08-25,4.66,291.4086827798717
600657,信达地产,2026-08-26,41.86875536751391,42.66172421917137,41.55156782685093,42.34453667850838,19527939.0,52094780.0,0.006847394918646599,2.64,2.69,2.62,2.67,2026-08-25,2.64,15.859377033149208
600658,电子城,2026-08-26,28.379004430172603,28.799434125434423,28.238861198418665,28.58921927780351,9494877.0,38712874.0,0.008488292457012063,4.05,4.11,4.03,4.08,2026-08-25,4.05,7.007161587696939
600660,福耀玻璃,2026-08-26,5023.558736775616,5060.335705042057,4980.652273798101,5008.672821048724,5778879.0,330824783.0,0.0028851315197092418,57.37,57.79,56.88,57.2,2026-08-25,57.67,87.56421015819446
600661,昂立教育,2026-08-26,41.84471595557986,42.37931743701004,41.310114474149685,41.65031541687798,5212419.0,44772363.0,0.01819033426170332,8.61,8.72,8.5,8.57,2026-08-25,8.62,4.860013467547022
600662,外服控股,2026-08-26,283.2987493826379,287.298261138628,281.96557879730784,283.96533467530287,12815534.0,54784714.0,0.005628842090146584,4.25,4.31,4.23,4.26,2026-08-25,4.24,66.65852926650302
600663,陆家嘴,2026-08-26,129.45648663157118,131.96209605024674,128.7604840152724,130.29168977112968,11239465.0,105486126.0,0.002856703562509587,9.3,9.48,9.25,9.36,2026-08-25,9.37,13.920052325975394
600664,哈药股份,2026-08-26,82.52677934179135,83.43145779986214,80.71742242564974,82.22521985576773,245001857.0,2005759017.0,0.09728048292950192,8.21,8.3,8.03,8.18,2026-08-25,8.21,10.051982867453269
600665,天地源,2026-08-26,18.958001059568446,19.452557608948492,18.958001059568446,19.232754698112913,8921649.0,31258188.0,0.010324518552849984,3.45,3.54,3.45,3.5,2026-08-25,3.46,5.495072770889404
600666,奥瑞德,2026-08-26,68.4951382947606,69.49070716532398,67.6986831983099,68.69425206887328,55129020.0,189916148.0,0.021435586299033145,3.44,3.49,3.4,3.45,2026-08-25,3.44,19.911377411267615
600667,太极实业,2026-08-26,123.9233245998862,124.60490288518557,118.96639161589074,121.63074309478829,144468018.0,2829510579.0,0.06907248609164791,20.0,20.11,19.2,19.63,2026-08-25,19.94,6.19616622999431
600668,尖峰集团,2026-08-26,76.6596907791601,78.31944051186181,76.45222206257239,78.31944051186181,5927452.0,44473575.0,0.014355639313999146,7.39,7.55,7.37,7.55,2026-08-25,7.4,10.37343582938567
600671,天目药业,2026-08-26,56.55124468682519,57.85714692356914,56.494466328705876,57.28936334237611,1611200.0,32482402.0,0.013231444096577945,19.92,20.38,19.9,20.18,2026-08-25,19.92,2.8389179059651197
600673,东阳光,2026-08-26,492.03915085360575,496.64051448378297,480.9958781411807,482.37628723023386,21603076.0,683693559.0,0.007197287717046282,32.08,32.38,31.36,31.45,2026-08-25,32.07,15.337878767257038
600674,川投能源,2026-08-26,348.54630971135066,354.61776155793547,347.19709818988736,352.81881286265104,26600899.0,417377426.0,0.00545703478015971,15.5,15.77,15.44,15.69,2026-08-25,15.54,22.48685869105488
600675,中华企业,2026-08-26,150.89746556017985,155.59205337760767,150.89746556017985,153.58008717013863,30818492.0,70794378.0,0.005097221665215816,2.25,2.32,2.25,2.29,2026-08-25,2.27,67.06554024896883
600676,交运股份,2026-08-26,98.14235089105772,100.63998556942296,97.99543120409507,99.61154776068435,8361500.0,56611533.0,0.008129856455291346,6.68,6.85,6.67,6.78,2026-08-25,6.62,14.691968696266127
600679,上海凤凰,2026-08-26,23.73851034267616,24.28138687857936,23.73851034267616,24.20735826004711,2766100.0,27087407.0,0.008048141461962224,9.62,9.84,9.62,9.81,2026-08-25,9.67,2.467620617741805
600681,百川能源,2026-08-26,35.62575175674252,35.93375537423597,35.42041601174689,35.728419629240335,15090400.0,52541190.0,0.011263099865717255,3.47,3.5,3.45,3.48,2026-08-25,3.47,10.266787249781705
600682,南京新百,2026-08-26,76.4465036524491,77.90895850493072,76.3135532113144,76.57945409358378,11009413.0,63756502.0,0.009457768842768902,5.75,5.86,5.74,5.76,2026-08-25,5.75,13.295044113469407
600683,京投发展,2026-08-26,59.552063869027606,60.862209274146224,58.658782910992194,59.790272124503716,30387500.0,304188528.0,0.04102108395699769,10.0,10.22,9.85,10.04,2026-08-25,10.19,5.955206386902761
600684,珠江股份,2026-08-26,46.3477328719006,48.0449737939702,46.08661888388989,47.39218882394343,17677133.0,64079302.0,0.02071229820379209,3.55,3.68,3.53,3.63,2026-08-25,3.55,13.05569940053538
600685,中船防务,2026-08-26,50.323154306151686,50.86718840675873,49.99284788792598,50.245435148922105,9050804.0,235183518.0,0.011018281429073587,25.9,26.18,25.73,25.86,2026-08-25,25.9,1.9429789307394474
600686,金龙汽车,2026-08-26,142.61905339948996,143.7449932947491,139.6165470121323,139.6165470121323,14731177.0,166204487.0,0.020544215976166052,11.4,11.49,11.16,11.16,2026-08-25,11.3,12.510443280657014
600688,上海石化,2026-08-26,11.174442643670679,11.332385295878037,11.134956980618838,11.292899632826197,57625568.0,164357809.0,0.007862878213506183,2.83,2.87,2.82,2.86,2026-08-25,2.85,3.948566305183985
600689,上海三毛,2026-08-26,26.403968425022565,26.740937940018295,26.139206663240206,26.57245318252043,2070300.0,22802794.0,0.013602126454599859,10.97,11.11,10.86,11.04,2026-08-25,10.98,2.406925107112358
600690,海尔智家,2026-08-26,980.532474678183,993.4767977762447,975.4472048896587,977.7586911571697,24155645.0,514206342.0,0.003863031384521883,21.21,21.49,21.1,21.15,2026-08-25,21.23,46.22972535022079
600691,潞化科技,2026-08-26,24.367536172653963,25.604950118921547,24.367536172653963,25.414578742572687,45023452.0,119176911.0,0.01895256703387005,2.56,2.69,2.56,2.67,2026-08-25,2.6,9.518568817442954
600692,亚通股份,2026-08-26,83.58590336351848,84.49163296652875,82.93895364708258,83.19773353365694,8038900.0,51956419.0,0.03152379789889215,6.46,6.53,6.41,6.43,2026-08-25,6.49,12.938994328718032
600693,东百集团,2026-08-26,98.21503362312446,103.69628265220544,98.21503362312446,99.5573803241239,50919023.0,460287398.0,0.05859814716606777,8.78,9.27,8.78,8.9,2026-08-25,8.96,11.186222508328527
600694,大商股份,2026-08-26,129.55891560763376,130.71094426898756,129.02721007162432,129.9133859649734,3157921.0,46299737.0,0.0083367852790949,14.62,14.75,14.56,14.66,2026-08-25,14.62,8.861758933490682
600697,欧亚集团,2026-08-26,37.20882727653938,37.92112023260804,37.174908564345635,37.34450212531436,2662400.0,29427899.0,0.0171352058424204,10.97,11.18,10.96,11.01,2026-08-25,11.03,3.3918712193746012
600698,湖南天雁,2026-08-26,38.76882428915224,39.52899731442974,38.00865126387475,38.986016582088666,43357077.0,311752830.0,0.052209026556788204,7.14,7.28,7.0,7.18,2026-08-25,7.28,5.429807323410678
600699,均胜电子,2026-08-26,86.3549699335941,87.80327131612817,85.67607866053126,85.90237575155221,18130837.0,346608694.0,0.012990771232594952,19.08,19.4,18.93,18.98,2026-08-25,19.14,4.5259418204189785
600702,舍得酒业,2026-08-26,121.94296626623542,124.20762135403693,121.59455779118902,122.81398745385138,4074233.0,143678570.0,0.012273602600794548,35.0,35.65,34.9,35.25,2026-08-25,35.3,3.484084750463869
600703,三安光电,2026-08-26,294.7638891473707,296.3294029744053,288.7254786716659,291.409216660868,86113194.0,1126720880.0,0.017260547356530296,13.18,13.25,12.91,13.03,2026-08-25,13.22,22.364483243351344
600704,物产中大,2026-08-26,121.27858823860909,123.76380521071175,121.03006654139882,123.76380521071175,45457842.0,224896054.0,0.008790613161206426,4.88,4.98,4.87,4.98,2026-08-25,4.89,24.852169721026453
600706,曲江文旅,2026-08-26,22.34350368128979,22.904193861497813,22.287434663268986,22.820090334466613,7376358.0,59712085.0,0.029037328772562997,7.97,8.17,7.95,8.14,2026-08-25,8.01,2.803450901040124
600707,彩虹股份,2026-08-26,22.67054674361276,22.866404598849154,22.156419873617224,22.425724424567267,69591183.0,639192876.0,0.019397321436609872,9.26,9.34,9.05,9.16,2026-08-25,9.27,2.4482231904549416
600708,光明地产,2026-08-26,38.60128463211903,39.1075309879501,38.3481614542035,38.7278462210768,9080794.0,27876636.0,0.00408074628630261,3.05,3.09,3.03,3.06,2026-08-25,3.05,12.656158895776732
600710,苏美达,2026-08-26,82.3096178705051,83.39775257323132,81.37693098245404,81.76555051914198,8327800.0,88179020.0,0.006372912651286444,10.59,10.73,10.47,10.52,2026-08-25,10.61,7.772390733758743
600711,盛屯矿业,2026-08-26,99.96642653872225,106.42150120178108,99.44304210658233,103.80457904108155,157736341.0,1885837007.0,0.05103725861276962,11.46,12.2,11.4,11.9,2026-08-25,11.51,8.72307386899845
600712,南宁百货,2026-08-26,32.344793432745355,32.82665255278626,32.344793432745355,32.706187772776026,7637581.0,41281687.0,0.014179159190291137,5.37,5.45,5.37,5.43,2026-08-25,5.45,6.023239000511239
600713,南京医药,2026-08-26,87.98587149013144,89.50286927444405,87.98587149013144,88.66009272760371,7894500.0,41571203.0,0.006120651320847487,5.22,5.31,5.22,5.26,2026-08-25,5.25,16.85553093680679
600714,金瑞矿业,2026-08-26,48.09594575940474,49.55420210822903,44.596130522226446,45.92181811206671,59062333.0,1044107731.0,0.20495210235438086,18.14,18.69,16.82,17.32,2026-08-25,17.26,2.651375179680526
600715,文投控股,2026-08-26,6.751908073695413,6.880108859904819,6.709174478292277,6.837375264501684,24390800.0,38948920.0,0.008521183810627934,1.58,1.61,1.57,1.6,2026-08-25,1.58,4.273359540313552
600716,凤凰股份,2026-08-26,16.14497327703002,16.41256951919074,15.966575782256207,16.234172024416925,6283199.0,22930081.0,0.0067123849322617045,3.62,3.68,3.58,3.64,2026-08-25,3.58,4.459937369345309
600717,天津港,2026-08-26,145.528697455593,148.23620810592962,145.19025862430092,147.89776927463754,20095416.0,87568107.0,0.006943817827338319,4.3,4.38,4.29,4.37,2026-08-25,4.31,33.843883129207676
600718,东软集团,2026-08-26,145.8469719446152,148.1620032453234,145.13465462132038,146.91544792955744,6187064.0,51137630.0,0.005171232938196159,8.19,8.32,8.15,8.25,2026-08-25,8.19,17.8079330823706
600719,大连热电,2026-08-26,36.237813926057335,37.50008901201579,36.1326243355608,37.34230462627098,11436120.0,80095809.0,0.028265277573185935,6.89,7.13,6.87,7.1,2026-08-25,6.94,5.259479524826899
600720,中交设计,2026-08-26,67.11685607809963,68.5448742925273,67.11685607809963,68.2852346171768,7429292.0,39046961.0,0.007362661598582336,5.17,5.28,5.17,5.26,2026-08-25,5.19,12.981983767524108
600721,百花医药,2026-08-26,19.566980452101312,20.89378255125065,18.910280423229416,20.317494770812047,130126086.0,1942306029.0,0.3383874302074436,14.6,15.59,14.11,15.16,2026-08-25,14.96,1.3402041405548843
600722,金牛化工,2026-08-26,56.97737090617481,64.14934766359542,56.97737090617481,62.59984651230085,130050591.0,1800811311.0,0.19116100208161552,12.87,14.49,12.87,14.14,2026-08-25,14.02,4.42714614655593
600724,宁波富达,2026-08-26,99.19768020652954,100.94480177572477,99.00355558773005,99.391804825329,6536501.0,33664668.0,0.004523709599594188,5.11,5.2,5.1,5.12,2026-08-25,5.11,19.41246187994707
600725,云维股份,2026-08-26,26.000940734666315,26.554152239659214,25.84288030466834,26.159001164664286,14795707.0,49064781.0,0.012004922635033713,3.29,3.36,3.27,3.31,2026-08-25,3.31,7.903021499898576
600726,华电能源,2026-08-26,18.90846487837108,19.9323889692576,18.80607246928243,19.761734954109848,147763502.0,840973307.0,0.019766803510705724,5.54,5.84,5.51,5.79,2026-08-25,5.55,3.413080302955069
600727,鲁北化工,2026-08-26,42.24875410643291,43.03739751641966,42.02342741786527,42.81207082785202,13990146.0,106154779.0,0.026467257605560953,7.5,7.64,7.46,7.6,2026-08-25,7.55,5.633167214191055
600728,佳都科技,2026-08-26,57.66625302603579,58.662646166874424,57.2926055982213,57.91535131124545,24685277.0,115230703.0,0.011575206580736033,4.63,4.71,4.6,4.65,2026-08-25,4.61,12.454914260482893
600729,重百集团,2026-08-26,85.45228491687998,86.37728387732044,85.01180922143215,85.84871304278303,2555484.0,49848849.0,0.013276424781005419,19.4,19.61,19.3,19.49,2026-08-25,19.46,4.40475695447835
600731,湖南海利,2026-08-26,49.20257489747296,50.39022325706714,49.20257489747296,49.88123110295535,6312930.0,37137504.0,0.011654295785891543,5.8,5.94,5.8,5.88,2026-08-25,5.85,8.483202568529821
600732,爱旭股份,2026-08-26,77.20340540046489,78.2756749199158,76.33218641591104,76.46622010584241,16114714.0,185316345.0,0.007654524890507618,11.52,11.68,11.39,11.41,2026-08-25,11.5,6.7016844965681335
600733,北汽蓝谷,2026-08-26,37.279857969705176,38.400494982822565,37.055730567081696,37.95224017757561,72757278.0,369275535.0,0.012036051378439981,4.99,5.14,4.96,5.08,2026-08-25,4.98,7.4709134207826
600736,苏州高新,2026-08-26,190.12757124384115,194.6409853979976,188.99921770530202,193.5126318594585,24272143.0,165811552.0,0.021082508936190292,6.74,6.9,6.7,6.86,2026-08-25,6.77,28.208838463477914
600737,中粮糖业,2026-08-26,202.56713045971495,209.79660817381256,202.56713045971495,206.2527465492549,60568819.0,883543488.0,0.028318427743999796,14.29,14.8,14.29,14.55,2026-08-25,14.74,14.175446498230578
600738,丽尚国潮,2026-08-26,30.609210041266984,31.279484713703486,30.609210041266984,30.90710989568321,9214100.0,38326709.0,0.012113197679156496,4.11,4.2,4.11,4.15,2026-08-25,4.14,7.447496360405592
600739,辽宁成大,2026-08-26,341.6752840515802,352.09606443392966,340.7279403804575,348.9382521968541,24184503.0,266694506.0,0.01588665174893972,10.82,11.15,10.79,11.05,2026-08-25,10.78,31.578122370756024
600740,山西焦化,2026-08-26,51.56499108640722,53.077564158275166,51.289977800613045,52.665044229583906,47286241.0,180561880.0,0.018455895782358463,3.75,3.86,3.73,3.83,2026-08-25,3.82,13.750664289708592
600741,华域汽车,2026-08-26,874.3075309113591,882.2609457474598,872.0351266724731,876.0118340905235,15022754.0,232420781.0,0.004765007681052995,15.39,15.53,15.35,15.42,2026-08-25,15.36,56.81010597214809
600742,富维股份,2026-08-26,173.30558153536052,174.65077363007225,173.08138285290855,173.97817758271637,2748286.0,21327933.0,0.0036986163177490294,7.73,7.79,7.72,7.76,2026-08-25,7.74,22.41986824519541
600743,华远控股,2026-08-26,30.109884389988288,30.633534553292435,29.978971849162257,30.109884389988288,23798400.0,55046189.0,0.010143809357789788,2.3,2.34,2.29,2.3,2026-08-25,2.31,13.091254082603605
600744,华银电力,2026-08-26,25.232226240555228,26.690964320087325,25.15337553355349,26.414986845581254,120486167.0,793780024.0,0.05931993849038112,6.4,6.77,6.38,6.7,2026-08-25,6.47,3.942535350086754
600746,江苏索普,2026-08-26,51.76196735344035,54.33835486876996,51.76196735344035,53.55763137927614,17866800.0,121992594.0,0.015298975782430679,6.63,6.96,6.63,6.86,2026-08-25,6.74,7.807234894938213
600748,上实发展,2026-08-26,26.140204076543423,26.54443403648997,25.870717436579056,26.00546075656124,11486913.0,44593916.0,0.006227444480109383,3.88,3.94,3.84,3.86,2026-08-25,3.86,6.73716599910913
600749,西藏旅游,2026-08-26,45.262109290757294,46.48540954185884,44.49754663381883,45.567934353532685,17427270.0,259942141.0,0.07678377856844218,14.8,15.2,14.55,14.9,2026-08-25,14.96,3.0582506277538712
600750,华润江中,2026-08-26,478.57207582541804,490.5570414548974,478.36543848697875,485.59774533235424,3467491.0,81503410.0,0.005514235926348057,23.16,23.74,23.15,23.5,2026-08-25,23.15,20.66373384392997
600751,海航科技,2026-08-26,14.118305347708871,14.252765398639433,13.849385245847749,13.939025279801458,30709682.0,96553088.0,0.011934483389835283,3.15,3.18,3.09,3.11,2026-08-25,3.15,4.482001697685356
600754,锦江酒店,2026-08-26,59.64017341896631,61.35964451593597,59.226226673399545,60.882013655666626,11939284.0,227150805.0,0.013177376782833133,18.73,19.27,18.6,19.12,2026-08-25,18.85,3.1842057351290074
600755,厦门国贸,2026-08-26,167.52375367806673,169.2748730544925,166.9400472192581,168.6911665956839,15019800.0,86534599.0,0.007044410671897675,5.74,5.8,5.72,5.78,2026-08-25,5.79,29.185322940429742
600756,浪潮软件,2026-08-26,68.56820032920426,70.08324965935773,68.37271009305542,69.74114174609727,8493554.0,120913083.0,0.026206685219797805,14.03,14.34,13.99,14.27,2026-08-25,14.11,4.887255903720902
600757,长江传媒,2026-08-26,67.29875577202736,67.4724299804713,66.34354762558567,67.03824445936145,6455610.0,49801142.0,0.005319839646951345,7.75,7.77,7.64,7.72,2026-08-25,7.75,8.683710422197079
600758,辽宁能源,2026-08-26,9.577532068564793,9.740785456097148,9.441487578954499,9.631949864408911,66224389.0,233927267.0,0.050141752970978705,3.52,3.58,3.47,3.54,2026-08-25,3.56,2.720889792205907
600760,中航沈飞,2026-08-26,411.3358128055588,420.919071959364,410.219316593465,417.4765419720747,12063379.0,539764819.0,0.0042633520163467,44.21,45.24,44.09,44.87,2026-08-25,44.32,9.304135100781696
600761,安徽合力,2026-08-26,276.5763048884705,281.2116619536403,274.8595059754446,278.63646358410153,14212763.0,231277431.0,0.015956975988042188,16.11,16.38,16.01,16.23,2026-08-25,16.19,17.167989130258874
600763,通策医疗,2026-08-26,115.56955203536194,116.64689531704751,115.24308437424509,115.8633729303671,4944227.0,175425954.0,0.011053761006217374,35.4,35.73,35.3,35.49,2026-08-25,35.38,3.2646766111684165
600764,中国海防,2026-08-26,143.08798243448555,144.96107497631436,142.92510482215263,144.14668691464965,3348367.0,59297375.0,0.004711833011645257,17.57,17.8,17.55,17.7,2026-08-25,17.6,8.143880616646873
600765,中航重机,2026-08-26,166.31748571541524,168.3258478070731,166.19196308468665,167.44718939197278,9038894.0,120550469.0,0.005822175872632739,13.25,13.41,13.24,13.34,2026-08-25,13.24,12.552263072861528
600768,宁波富邦,2026-08-26,50.247563703860685,50.70764603993266,49.75461834378357,50.28042672786583,2816800.0,43073269.0,0.021060627811273807,15.29,15.43,15.14,15.3,2026-08-25,15.32,3.2863024005141064
600769,祥龙电业,2026-08-26,85.26281961093765,86.11715648078673,82.87067637536025,85.09195223696784,9598300.0,142661459.0,0.02559702296566298,14.97,15.12,14.55,14.94,2026-08-25,14.69,5.695579132327165
600770,综艺股份,2026-08-26,106.00395492852843,107.47041280303377,105.79446094645624,106.42294289267282,14275920.0,72712975.0,0.010981476923076923,5.06,5.13,5.05,5.08,2026-08-25,5.07,20.94939820721906
600771,广誉远,2026-08-26,99.88679130099963,102.8354788670808,99.66563973354354,101.28741789488818,7541608.0,103948309.0,0.015407036753705007,13.55,13.95,13.52,13.74,2026-08-25,13.61,7.3717189152029245
600773,西藏城投,2026-08-26,63.05144457673025,65.34203242942216,62.62949418281331,64.61868889699313,22793188.0,242820508.0,0.02395281906292391,10.46,10.84,10.39,10.72,2026-08-25,10.48,6.027862770241897
600774,汉商集团,2026-08-26,46.43458230190427,47.37709750424333,46.12041056779125,46.74875403601729,2991200.0,22255813.0,0.010143781214564314,7.39,7.54,7.34,7.44,2026-08-25,7.41,6.283434682260388
600775,南京熊猫,2026-08-26,14.875393944918638,15.285967450829343,14.79643750147427,15.049098120496243,13002109.0,123973393.0,0.01935302671514393,9.42,9.68,9.37,9.53,2026-08-25,9.44,1.5791288688873288
600776,东方通信,2026-08-26,63.7776347275143,63.9758558144685,62.290976575357796,63.13341619491315,12177572.0,155136501.0,0.012738045172348441,12.87,12.91,12.57,12.74,2026-08-25,12.87,4.955527173855035
600778,友好集团,2026-08-26,22.239148258508745,22.47700011154092,21.9616544299712,22.159864307498015,8972800.0,50129084.0,0.028831526122198744,5.61,5.67,5.54,5.59,2026-08-25,5.65,3.964197550536318
600779,水井坊,2026-08-26,183.0249940381571,186.35890656896368,182.82087694443425,184.65793078793993,1249398.0,33892837.0,0.0025628508800059195,26.9,27.39,26.87,27.14,2026-08-25,27.15,6.80390312409506
600780,通宝能源,2026-08-26,67.9188453042714,69.07985120690853,67.9188453042714,69.07985120690853,7508601.0,44458607.0,0.006549136045817494,5.85,5.95,5.85,5.95,2026-08-25,5.85,11.61005902637118
600782,新钢股份,2026-08-26,38.44298013513195,39.665548407980666,38.30713921592653,39.39386656956984,50305222.0,145146661.0,0.015991985005713992,2.83,2.92,2.82,2.9,2026-08-25,2.83,13.584091920541324
600783,鲁信创投,2026-08-26,106.17929996743872,107.9402588735326,105.52709296518171,105.52709296518171,13233224.0,216365896.0,0.01777800600686797,16.28,16.55,16.18,16.18,2026-08-25,16.43,6.522070022569945
600784,鲁银投资,2026-08-26,53.515830937480466,54.98297512767249,53.515830937480466,54.773383100502194,8625350.0,67127670.0,0.012765960085708407,7.66,7.87,7.66,7.84,2026-08-25,7.68,6.986400905676301
600785,新华百货,2026-08-26,51.607533651508454,55.07848281745061,50.69412597626051,52.155578256657215,70904112.0,812755241.0,0.2244626466938196,11.3,12.06,11.1,11.42,2026-08-25,11.78,4.567038376239686
600787,中储股份,2026-08-26,154.80862095492415,157.46627968376407,154.14420627271417,155.80524297823914,17265500.0,81172549.0,0.007956159830824122,4.66,4.74,4.64,4.69,2026-08-25,4.66,33.220734110498746
600789,鲁抗医药,2026-08-26,21.056088259793402,21.57104694006009,20.99887062865266,21.17052352207489,21441679.0,159640245.0,0.021223119138160752,7.36,7.54,7.34,7.4,2026-08-25,7.38,2.860881557037147
600790,轻纺城,2026-08-26,43.70166759458918,44.34814196729021,43.443077845508775,44.34814196729021,13477032.0,45966837.0,0.009194375365925309,3.38,3.43,3.36,3.43,2026-08-25,3.38,12.92948745402047
600791,京能置业,2026-08-26,57.47988846406516,57.628223660101455,54.88402253342996,55.032357729466256,14699100.0,110699437.0,0.03249757884846361,7.75,7.77,7.4,7.42,2026-08-25,7.73,7.41675980181486
600792,云煤能源,2026-08-26,23.675375215753377,24.364341161185358,23.424842144687208,24.113808090119182,24544902.0,94282046.0,0.02211404640823927,3.78,3.89,3.74,3.85,2026-08-25,3.82,6.263326776654333
600793,宜宾纸业,2026-08-26,32.07334186796212,33.93104415340585,31.737612539267474,32.520980972888324,9552500.0,140669323.0,0.053998213109955534,14.33,15.16,14.18,14.53,2026-08-25,14.39,2.2381955246309926
600794,XD保税科,2026-08-26,69.16222756242409,70.2395208266363,69.16222756242409,69.80860352095142,10685200.0,34650089.0,0.008903204429269713,3.21,3.26,3.21,3.24,2026-08-25,3.22,21.545865284244265
600795,国电电力,2026-08-26,1486.8898247868492,1521.670873319875,1478.1945626535926,1515.874031897704,134182824.0,699099780.0,0.007523306221280511,5.13,5.25,5.1,5.23,2026-08-25,5.14,289.8420711085476
600796,钱江生化,2026-08-26,44.942187091480484,45.28990227207221,44.68140070603669,45.20297347692428,3947400.0,20448113.0,0.012673130708164008,5.17,5.21,5.14,5.2,2026-08-25,5.17,8.69287951479313
600797,浙大网新,2026-08-26,78.27540530391083,78.85436540231254,77.69644520550912,78.39119732359117,11392000.0,77081515.0,0.011086820088130682,6.76,6.81,6.71,6.77,2026-08-25,6.76,11.579201968034146
600798,宁波海运,2026-08-26,27.582902116875093,28.00082487622169,27.33214846126714,27.666486668744415,17459952.0,57971496.0,0.014471162098454265,3.3,3.35,3.27,3.31,2026-08-25,3.31,8.358455186931847
600800,渤海化学,2026-08-26,40.34751535998159,41.548334269504856,39.987269687124616,41.30817048760021,30128912.0,103161496.0,0.027149762677093764,3.36,3.46,3.33,3.44,2026-08-25,3.36,12.008189095232618
600801,华新建材,2026-08-26,256.9966493188443,268.30889499398995,253.7018204814232,262.26837545871797,9362858.0,224342247.0,0.006978366554475493,23.4,24.43,23.1,23.88,2026-08-25,23.3,10.982762791403601
600802,福建水泥,2026-08-26,18.19554147586409,18.42782498406661,18.07939972176283,18.272969311931597,6057562.0,28570124.0,0.013218948500420298,4.7,4.76,4.67,4.72,2026-08-25,4.68,3.8713918033753383
600803,新奥股份,2026-08-26,126.40352494140619,126.83346890379191,124.03883314828462,124.97037840012041,6704024.0,117204411.0,0.002182493639399151,17.64,17.7,17.31,17.44,2026-08-25,17.86,7.165732706428922
600805,悦达投资,2026-08-26,55.85884283006498,57.188815278399865,55.85884283006498,56.58428234733855,10636293.0,49677330.0,0.012509233361679601,4.62,4.73,4.62,4.68,2026-08-25,4.64,12.090658621226186
600807,济高发展,2026-08-26,16.5981241107921,16.911296263825914,16.53548968018534,16.660758541398863,13701700.0,36586285.0,0.017409629667849827,2.65,2.7,2.64,2.66,2026-08-25,2.65,6.2634430606762646
600808,马钢股份,2026-08-26,6.201387918634433,6.416051346587163,6.177536426639684,6.368348362597668,76736049.0,204271744.0,0.01285845314396122,2.6,2.69,2.59,2.67,2026-08-25,2.6,2.3851491994747818
600809,山西汾酒,2026-08-26,811.7192252406722,831.7112692930832,810.5929128996913,824.2494500340847,3380085.0,395972875.0,0.00277064272791436,115.31,118.15,115.15,117.09,2026-08-25,116.66,7.0394521311306235
600810,神马股份,2026-08-26,30.94971553657049,31.58233550822995,30.85238938708442,31.38768320925781,9939656.0,64043189.0,0.0091969727832578,6.36,6.49,6.34,6.45,2026-08-25,6.34,4.866307474303536
600812,华北制药,2026-08-26,21.499919838164434,22.080998752709423,21.231729569912904,21.857506862499807,25047793.0,122138486.0,0.014598909850852614,4.81,4.94,4.75,4.89,2026-08-25,4.81,4.46983780419219
600814,杭州解百,2026-08-26,44.671475962272375,45.39410277930913,44.671475962272375,44.93424935028574,5123324.0,35118562.0,0.006969763524525849,6.8,6.91,6.8,6.84,2026-08-25,6.84,6.569334700334172
600815,厦工股份,2026-08-26,21.679456597802584,22.18103785584943,21.289337841543922,21.34506909243802,61564300.0,240022277.0,0.034701815880741595,3.89,3.98,3.82,3.83,2026-08-25,3.9,5.573125089409404
600816,建元信托,2026-08-26,79.62990649101258,81.20986495313583,78.99792310616327,80.26188987586188,74113534.0,188539046.0,0.013551227834742779,2.52,2.57,2.5,2.54,2026-08-25,2.52,31.599169242465308
600817,宇通重工,2026-08-26,49.46937089351241,50.843520084998865,49.36758206451341,50.487259183502374,4311923.0,42729646.0,0.00814351161887392,9.72,9.99,9.7,9.92,2026-08-25,9.71,5.089441449949836
600819,耀皮玻璃,2026-08-26,18.41691717185259,19.21765270106357,18.3835531914688,19.15092474029599,12090274.0,68781762.0,0.015318550120408107,5.52,5.76,5.51,5.74,2026-08-25,5.51,3.3363980383790923
600820,隧道股份,2026-08-26,194.3334056597904,196.46893759011775,193.62156168301462,195.4011716249541,15966061.0,87656864.0,0.0050781084682712625,5.46,5.52,5.44,5.49,2026-08-25,5.47,35.59219883878945
600821,金开新能,2026-08-26,29.465736231831844,30.366217135351327,29.465736231831844,30.066056834178166,55427761.0,333055264.0,0.028174176775157288,5.89,6.07,5.89,6.01,2026-08-25,5.97,5.002671686219329
600822,上海物贸,2026-08-26,22.44995000308114,22.79330217959885,22.42353829719516,22.52918512073907,2634200.0,22525454.0,0.006649536566529085,8.5,8.63,8.49,8.53,2026-08-25,8.51,2.641170588597781
600824,益民集团,2026-08-26,115.65880347198672,118.54226394635758,115.65880347198672,117.2607259577483,15943754.0,58478941.0,0.015126512789297206,3.61,3.7,3.61,3.66,2026-08-25,3.64,32.03844971523178
600825,新华传媒,2026-08-26,64.4441859238754,65.21597258164637,64.18692370461842,64.5728170335039,6558500.0,32935737.0,0.006276750179457059,5.01,5.07,4.99,5.02,2026-08-25,5.01,12.863110962849381
600826,兰生股份,2026-08-26,78.51655696719439,80.88092003772472,78.02398132750058,79.10764773482697,5584600.0,45051539.0,0.007711580663757894,7.97,8.21,7.92,8.03,2026-08-25,7.94,9.851512793876335
600827,百联股份,2026-08-26,68.06302531553017,68.86167880684668,68.06302531553017,68.41798242278195,11077382.0,85551212.0,0.006904161894937799,7.67,7.76,7.67,7.71,2026-08-25,7.71,8.873927681294676
600828,茂业商业,2026-08-26,45.86183345094385,46.67048038836602,45.399749486702596,45.746312459883534,13981768.0,55612105.0,0.00807559752929307,3.97,4.04,3.93,3.96,2026-08-25,4.03,11.552099106031195
600829,人民同泰,2026-08-26,101.15431914457281,103.94203660131299,99.66089907846198,101.35344182005424,40265738.0,411213077.0,0.06943702326328034,10.16,10.44,10.01,10.18,2026-08-25,10.14,9.956133774072127
600830,香溢融通,2026-08-26,93.81397069948748,96.06640697078369,93.47610525879305,95.61591971652446,7529108.0,63653313.0,0.016572157237814904,8.33,8.53,8.3,8.49,2026-08-25,8.34,11.26218135648109
600831,广电网络,2026-08-26,21.016144917618437,21.32795715675224,20.70433267848463,21.016144917618437,12788600.0,43097859.0,0.017988120273248163,3.37,3.42,3.32,3.37,2026-08-25,3.38,6.236244782676094
600833,第一医药,2026-08-26,96.37078952153917,97.88773713437821,95.30000297129983,96.63848615909899,8597300.0,92964446.0,0.03853799264551138,10.8,10.97,10.68,10.83,2026-08-25,10.9,8.923221251994367
600834,申通地铁,2026-08-26,39.46514837860007,39.72754963111736,39.15026687557933,39.72754963111736,2289310.0,17259153.0,0.004795552525184214,7.52,7.57,7.46,7.57,2026-08-25,7.48,5.248025050345754
600835,上海机电,2026-08-26,121.51988766082542,123.55312616044883,121.18101457755485,121.72321151078776,2706591.0,48877263.0,0.0033559535888401343,17.93,18.23,17.88,17.96,2026-08-25,17.92,6.777461665411345
600838,上海九百,2026-08-26,98.67054949807101,101.40809188462786,94.02862979912679,98.90859666211945,52282608.0,425407218.0,0.13041895240484755,8.29,8.52,7.9,8.31,2026-08-25,8.02,11.902358202421112
600839,四川长虹,2026-08-26,226.8883473574368,230.8114888103031,225.5806335398147,228.19606117505893,65811282.0,459980846.0,0.014260427289191014,6.94,7.06,6.9,6.98,2026-08-25,6.92,32.69284544055285
600841,动力新科,2026-08-26,16.52429544002319,16.904500467846734,16.52429544002319,16.75826776483768,8114300.0,46454077.0,0.007779587271893803,5.65,5.78,5.65,5.73,2026-08-25,5.7,2.924654060181096
600843,上工申贝,2026-08-26,19.962295584402703,20.10228363197916,19.682319489249792,19.79430992731096,4837100.0,34297333.0,0.010308750388115255,7.13,7.18,7.03,7.07,2026-08-25,7.09,2.799760951529131
600844,金煤科技,2026-08-26,20.88155495310051,21.702739698447157,20.412306527188136,21.409459432251925,114601764.0,414050611.0,0.1392943926772514,3.56,3.7,3.48,3.65,2026-08-25,3.72,5.865605323904637
600845,宝信软件,2026-08-26,271.935660306833,273.8153998942074,271.1524354787603,273.34546499736376,7702671.0,134079353.0,0.003609407469427042,17.36,17.48,17.31,17.45,2026-08-25,17.34,15.664496561453513
600846,同济科技,2026-08-26,258.36154482569174,272.06593981209795,258.36154482569174,264.65208678666505,4578300.0,54362888.0,0.007328076206281566,11.5,12.11,11.5,11.78,2026-08-25,11.56,22.466221289190585
600847,万里股份,2026-08-26,23.2911677131213,23.471300487391378,22.858849054873108,23.18308804855925,3026400.0,38761893.0,0.01974330571201547,12.93,13.03,12.69,12.87,2026-08-25,12.95,1.8013277427007965
600848,上海临港,2026-08-26,24.405640350485122,25.234403313206517,24.348484284090542,25.06293511402278,9324260.0,81262349.0,0.0038949881769539682,8.54,8.83,8.52,8.77,2026-08-25,8.54,2.857803319728937
600850,电科数字,2026-08-26,144.52329544741227,145.819021544527,143.6262543032559,144.92198040037064,6862969.0,99790434.0,0.008408043840726066,14.5,14.63,14.41,14.54,2026-08-25,14.57,9.967123823959467
600851,海欣股份,2026-08-26,173.87562674963732,178.9597094031355,172.45208360665785,174.68907997419703,8519400.0,73400285.0,0.011540679336831823,8.55,8.8,8.48,8.59,2026-08-25,8.57,20.33633061399267
600853,龙建股份,2026-08-26,10.615709073415415,10.775104104547777,10.615709073415415,10.743225098321306,9251968.0,31129788.0,0.00912693731000063,3.33,3.38,3.33,3.37,2026-08-25,3.33,3.1879006226472715
600854,春兰股份,2026-08-26,30.50042379194541,31.090754575015318,30.17246224579545,30.762793028865367,12071300.0,56500198.0,0.023238235810843482,4.65,4.74,4.6,4.69,2026-08-25,4.65,6.559230922999012
600855,航天长峰,2026-08-26,19.534352558585383,19.566428671161056,19.08528698252595,19.341895883131343,4356757.0,52539049.0,0.00931648176820426,12.18,12.2,11.9,12.06,2026-08-25,12.03,1.6038056287836933
600857,宁波中百,2026-08-26,129.61934827889849,130.00170623842325,125.28595807095104,127.0702952154,3881550.0,77517269.0,0.017303634992842522,20.34,20.4,19.66,19.94,2026-08-25,20.33,6.372632658746238
600858,银座股份,2026-08-26,33.192541760692535,33.73225788688266,33.057612729145006,33.192541760692535,5951300.0,29466166.0,0.011499029397327682,4.92,5.0,4.9,4.92,2026-08-25,4.92,6.746451577376532
600859,王府井,2026-08-26,46.16357783183578,47.00206865017387,46.16357783183578,46.67598888748683,10679781.0,107208166.0,0.00950303818004673,9.91,10.09,9.91,10.02,2026-08-25,9.98,4.658282324100482
600860,京城股份,2026-08-26,13.728026786703506,13.940484344116772,13.564597896385607,13.777055453798875,8199546.0,69070670.0,0.018465749592355016,8.4,8.53,8.3,8.43,2026-08-25,8.49,1.6342889031789887
600861,北京人力,2026-08-26,33.089470261379944,33.39257991262923,32.88739716054709,33.24102508700459,1608400.0,21144546.0,0.0028411303064913656,13.1,13.22,13.02,13.16,2026-08-25,13.07,2.525913760410683
600862,中航高科,2026-08-26,133.6427147886216,135.1761940174067,133.2593449814253,134.40945440301414,7346839.0,128762588.0,0.005273926786272295,17.43,17.63,17.38,17.53,2026-08-25,17.44,7.667396143925507
600863,华能蒙电,2026-08-26,98.68308013179534,100.81907753724545,98.46948039125033,100.60547779670044,82418625.0,385890946.0,0.011668530661535998,4.62,4.72,4.61,4.71,2026-08-25,4.67,21.359974054501155
600864,哈投股份,2026-08-26,57.27738493373525,63.06829701343275,57.17209562319529,60.75193218155374,120567651.0,693624543.0,0.05794932199654545,5.44,5.99,5.43,5.77,2026-08-25,5.45,10.52893105399545
600865,百大集团,2026-08-26,51.561382593448194,52.323084836305945,51.32701267256888,51.854344994547326,5314058.0,46980457.0,0.014124105721833383,8.8,8.93,8.76,8.85,2026-08-25,8.79,5.859248021982749
600866,星湖科技,2026-08-26,67.93580934573679,68.72576061719884,67.61982883715197,68.25178985432161,13881678.0,60161845.0,0.008355044715344258,4.3,4.35,4.28,4.32,2026-08-25,4.3,15.799025429241114
600867,通化东宝,2026-08-26,321.7065233757697,328.45838868118705,321.7065233757697,322.50086047052463,25317576.0,206794692.0,0.012926741057241389,8.1,8.27,8.1,8.12,2026-08-25,8.1,39.716854737749344
600868,梅雁吉祥,2026-08-26,101.69468054133067,104.96343813015916,100.96828996603544,104.23704755486393,60345441.0,171976650.0,0.031791735635688836,2.8,2.89,2.78,2.87,2026-08-25,2.8,36.31952876476095
600869,远东股份,2026-08-26,200.68272775596154,219.08379017789275,200.43573362949266,213.8969135220464,270348690.0,4637657977.0,0.12181420483393494,16.25,17.74,16.23,17.32,2026-08-25,16.2,12.349706323443787
600871,石化油服,2026-08-26,5.0242402082597275,5.09244256402796,4.956037852491496,5.069708445438549,95571918.0,211860914.0,0.007054833606388877,2.21,2.24,2.18,2.23,2026-08-25,2.23,2.2734118589410532
600872,中炬高新,2026-08-26,209.57987083309757,211.1667384326992,209.12648009035428,209.23982777604013,6954749.0,128821746.0,0.00902056770147964,18.49,18.63,18.45,18.46,2026-08-25,18.48,11.334768568582888
600873,梅花生物,2026-08-26,73.8755617541328,75.19983558839382,73.8755617541328,74.44310768310181,19708700.0,155535042.0,0.007028174622540108,7.81,7.95,7.81,7.87,2026-08-25,7.85,9.459098816150167
600874,创业环保,2026-08-26,10.357085401670645,10.543029484285915,10.357085401670645,10.45005744297828,10444569.0,58824592.0,0.008488634170230032,5.57,5.67,5.57,5.62,2026-08-25,5.58,1.8594408261527189
600875,东方电气,2026-08-26,87.15510050285712,89.46362331847982,85.95065381644528,86.18485178324758,39300337.0,1027697838.0,0.017363663971545006,26.05,26.74,25.69,25.76,2026-08-25,25.6,3.345685240032903
600876,凯盛新能,2026-08-26,9.595357750359884,9.771047399310136,9.514270220075154,9.703474457406193,2818100.0,20200882.0,0.00712226009609812,7.1,7.23,7.04,7.18,2026-08-25,7.1,1.351458838078857
600877,电科芯片,2026-08-26,53.18060592490492,53.888500845702325,52.69392816685671,53.18060592490492,8474200.0,102021405.0,0.007156903903271104,12.02,12.18,11.91,12.02,2026-08-25,12.03,4.4243432549837705
600879,航天电子,2026-08-26,530.9275638146835,537.6718800805016,525.681984496825,533.1756692366229,43590774.0,620227750.0,0.0132121306941712,14.17,14.35,14.03,14.23,2026-08-25,14.23,37.46842369898966
600880,博瑞传播,2026-08-26,137.0321403029446,139.156669609967,136.67805208510754,138.0944049564558,11412420.0,44555116.0,0.010441084117371234,3.87,3.93,3.86,3.9,2026-08-25,3.89,35.408821783706614
600881,亚泰集团,2026-08-26,104.96664249686329,109.86146002262376,104.96664249686329,107.14211695275682,134905517.0,265978152.0,0.041738618493029386,1.93,2.02,1.93,1.97,2026-08-25,1.94,54.38686139733849
600882,妙可蓝多,2026-08-26,48.459416114007695,48.530332332711126,47.655698968702204,47.8920863643803,4045200.0,82071390.0,0.007955887471488626,20.5,20.53,20.16,20.26,2026-08-25,20.37,2.3638739567808633
600883,博闻科技,2026-08-26,40.12744197042789,40.32883440189804,39.52326467601743,39.92604953895774,6138600.0,48647854.0,0.02600132154112026,7.97,8.01,7.85,7.93,2026-08-25,7.97,5.034810786753813
600884,杉杉股份,2026-08-26,409.5640219142197,420.1709431166765,409.5640219142197,416.749355632013,43278368.0,527304773.0,0.02358353122712913,11.97,12.28,11.97,12.18,2026-08-25,12.04,34.2158748466349
600885,宏发股份,2026-08-26,275.45398359694195,281.4088754421578,275.1320975512546,277.78765742817524,7215192.0,250001232.0,0.004662198574517507,34.23,34.97,34.19,34.52,2026-08-25,34.36,8.047151142183523
600886,国投电力,2026-08-26,741.0007365583233,753.2618998251157,739.9345484481676,748.9971473844923,21964406.0,308564241.0,0.002946589242298632,13.9,14.13,13.88,14.05,2026-08-25,13.9,53.309405507793045
600887,伊利股份,2026-08-26,2614.310820894004,2659.9092654444808,2604.1778332161202,2644.7097839276553,53978778.0,1410694008.0,0.008576323599530705,25.8,26.25,25.7,26.1,2026-08-25,25.9,101.32987677883736
600888,新疆众和,2026-08-26,145.41785244119893,148.79638918717063,144.7139906191215,146.54403135652282,52396217.0,546685377.0,0.03373684311144328,10.33,10.57,10.28,10.41,2026-08-25,10.39,14.077236441548783
600893,航发动力,2026-08-26,125.92341422098312,129.5371104348303,125.4717021942522,127.52177985403091,23427108.0,861963334.0,0.008790248159932481,36.24,37.28,36.11,36.7,2026-08-25,36.28,3.4747078979299975
600894,广日股份,2026-08-26,33.381576640238855,34.027076741016955,33.289362340127695,33.566005240461166,8259305.0,60378701.0,0.009795836346878856,7.24,7.38,7.22,7.28,2026-08-25,7.29,4.610715005557853
600895,张江高科,2026-08-26,636.4438970264038,646.4115288692032,635.8076652066507,640.4733652181737,16070387.0,485539013.0,0.010376764665326244,30.01,30.48,29.98,30.2,2026-08-25,30.24,21.20772732510509
600897,厦门空港,2026-08-26,111.97693441568767,112.87815722788635,108.97285837502534,110.77530399942273,2723109.0,40364550.0,0.006531271136438861,14.91,15.03,14.51,14.75,2026-08-25,14.65,7.510190101655779
600900,长江电力,2026-08-26,105.73277051781487,106.82009333519666,105.43281939577852,105.88274607883305,76106307.0,2155589479.0,0.0031104148198842193,28.2,28.49,28.12,28.24,2026-08-25,28.21,3.749389025454428
600901,江苏金租,2026-08-26,13.40578801392965,13.548402780035286,13.344667399884377,13.507655704005103,22865147.0,151124112.0,0.003948766918037048,6.58,6.65,6.55,6.63,2026-08-25,6.59,2.0373538015090653
600903,贵州燃气,2026-08-26,8.616278209369145,9.006029081521545,8.616278209369145,8.83899299345623,27171000.0,171597816.0,0.023343079304484312,6.19,6.47,6.19,6.35,2026-08-25,6.23,1.3919674005442884
600905,三峡能源,2026-08-26,3.896551355289978,3.9385626906569855,3.886048521448226,3.928059856815234,71063994.0,265530974.0,0.002485828448543772,3.71,3.75,3.7,3.74,2026-08-25,3.72,1.0502833841751962
600906,财达证券,2026-08-26,6.729050822985633,6.938027556618727,6.697704312940669,6.864885699847145,51183469.0,335763285.0,0.02409501312460752,6.44,6.64,6.41,6.57,2026-08-25,6.44,1.044883668165471
600908,无锡银行,2026-08-26,7.147683851111429,7.2790750983745065,7.147683851111429,7.265935973648199,16502140.0,90788161.0,0.008253906599446265,5.44,5.54,5.44,5.53,2026-08-25,5.46,1.3139124726307774
600909,华安证券,2026-08-26,9.753062241846596,10.149919275115323,9.753062241846596,10.029659568064194,160208911.0,1329311386.0,0.03188738807149665,8.11,8.44,8.11,8.34,2026-08-25,8.12,1.2025970705112943
600916,中国黄金,2026-08-26,8.483271031609014,8.763175913362613,8.407912024983046,8.58016118298526,60762476.0,486005759.0,0.03616814047619048,7.88,8.14,7.81,7.97,2026-08-25,7.98,1.0765572375138344
600917,重庆燃气,2026-08-26,5.592727251306726,5.604234920548097,5.546696574341238,5.581219582065353,5628500.0,27330036.0,0.0036056096354650184,4.86,4.87,4.82,4.85,2026-08-25,4.85,1.1507669241371863
600918,中泰证券,2026-08-26,5.783936291008829,5.947729177125892,5.7532251248618795,5.937492121743576,83244788.0,479202888.0,0.018244137150724937,5.65,5.81,5.62,5.8,2026-08-25,5.65,1.0237055382316511
600919,江苏银行,2026-08-26,19.49480641282159,19.852509282781618,19.47854719145977,19.77121317597252,104014430.0,1263734172.0,0.005667952207466782,11.99,12.21,11.98,12.16,2026-08-25,12.04,1.6259221361819507
600925,苏能股份,2026-08-26,4.663360665586943,4.663360665586943,4.557615525777715,4.6316371236441745,15822300.0,69106924.0,0.00985169448665733,4.41,4.41,4.31,4.38,2026-08-25,4.46,1.0574513980922773
600926,杭州银行,2026-08-26,42.51427935112861,43.0517867962663,42.411896980626196,43.00059561101509,30488010.0,510608092.0,0.004205821393787707,16.61,16.82,16.57,16.8,2026-08-25,16.62,2.559559262560422
600927,永安期货,2026-08-26,13.03008927188025,13.455975458198514,12.898267357067454,13.263312659625967,9628070.0,125627203.0,0.006638012667475401,12.85,13.27,12.72,13.08,2026-08-25,12.91,1.0140147293292023
600928,西安银行,2026-08-26,4.3662737528611,4.476657078073881,4.3662737528611,4.452127450248819,23879427.0,86343977.0,0.005398488713247853,3.56,3.65,3.56,3.63,2026-08-25,3.57,1.226481391253118
600929,雪天盐业,2026-08-26,5.630494620452781,5.8342649019548825,5.576870862162755,5.7591916403488455,20790000.0,111398542.0,0.01267595388546753,5.25,5.44,5.2,5.37,2026-08-25,5.22,1.0724751658005298
600930,华电新能,2026-08-26,3.9223118135926165,3.9718359526531293,3.912406985780514,3.9619311248410267,91720453.0,366185845.0,0.008537539277434029,3.96,4.01,3.95,4.0,2026-08-25,3.97,0.9904827812102567
600933,爱柯迪,2026-08-26,15.444238570742648,15.689208468764521,15.433103575378016,15.511048542930432,6092600.0,85202079.0,0.006210518835444723,13.87,14.09,13.86,13.93,2026-08-25,13.85,1.1134995364630604
600935,华塑股份,2026-08-26,2.3166995951542,2.3469174159605593,2.296554381283294,2.3368448090251057,18414700.0,42595527.0,0.005250239632367505,2.3,2.33,2.28,2.32,2026-08-25,2.3,1.0072606935453043
600936,北投科技,2026-08-26,4.363400567896097,4.511756187204564,4.33722016448872,4.415761374710849,92764436.0,470484189.0,0.05551345265261272,5.0,5.17,4.97,5.06,2026-08-25,5.09,0.8726801135792193
600938,中国海油,2026-08-26,38.88841876086776,40.037122822727234,38.56534574346977,39.88156914768376,56947025.0,1870018812.0,0.019045827759197324,32.5,33.46,32.23,33.33,2026-08-25,33.51,1.1965667311036232
600939,重庆建工,2026-08-26,2.790454231755381,2.8536343275687104,2.790454231755381,2.811514263693158,8055600.0,21580758.0,0.004234273899588346,2.65,2.71,2.65,2.67,2026-08-25,2.65,1.053001596888823
600941,中国移动,2026-08-26,118.11484090219776,118.23436614091685,117.18254404018892,117.67259751893715,6286893.0,618962793.0,0.006964019467033157,98.82,98.92,98.04,98.45,2026-08-25,98.86,1.1952523871908294
600955,维远股份,2026-08-26,12.488037921327157,12.646742136371824,12.408685813804825,12.577309042289782,2524712.0,32003288.0,0.004590385454545455,12.59,12.75,12.51,12.68,2026-08-25,12.6,0.9919013440291626
600956,新天绿能,2026-08-26,7.726757757424771,7.868034622187812,7.6832879528822975,7.81369736650972,9341535.0,67141853.0,0.003978356989453683,7.11,7.24,7.07,7.19,2026-08-25,7.06,1.0867451135618524
600958,东方证券,2026-08-26,10.98780997098948,11.208547224870964,10.96328360944709,11.19628404409977,73711600.0,670022415.0,0.009868367240690947,8.96,9.14,8.94,9.13,2026-08-25,8.96,1.2263180771193614
600959,江苏有线,2026-08-26,4.225566992514078,4.295066449627797,4.211667101091334,4.281166558205053,20961756.0,64392632.0,0.004191749528009648,3.04,3.09,3.03,3.08,2026-08-25,3.04,1.3899891422743678
600960,渤海汽车,2026-08-26,17.65274511363713,18.083299872506334,17.523578685976375,17.65274511363713,10190100.0,42020190.0,0.010720603511493645,4.1,4.2,4.07,4.1,2026-08-25,4.09,4.305547588691984
600961,株冶集团,2026-08-26,37.12976892685087,39.5289232267397,37.05836552506847,38.00089042859622,53728552.0,1441108524.0,0.07146537107253184,26.0,27.68,25.95,26.61,2026-08-25,26.09,1.4280680356481106
600962,国投中鲁,2026-08-26,50.071751030364496,52.292441878221,49.84002676797947,50.400027068743285,6659638.0,175471297.0,0.025398108386407842,25.93,27.08,25.81,26.1,2026-08-25,26.02,1.9310355198752216
600963,岳阳林纸,2026-08-26,15.523756341395378,15.929901129397,15.388374745394838,15.659137937395922,39231098.0,136951869.0,0.022321242341065257,3.44,3.53,3.41,3.47,2026-08-25,3.41,4.512719866684703
600966,博汇纸业,2026-08-26,33.80486792231176,35.671394372009956,33.80486792231176,35.18748010727339,25810632.0,131623269.0,0.019307134145454045,4.89,5.16,4.89,5.09,2026-08-25,4.91,6.913060924808131
600967,内蒙一机,2026-08-26,58.46546067407216,59.69687605457002,58.358381075768,59.322097460505454,13645489.0,150469929.0,0.008018293431401381,10.92,11.15,10.9,11.08,2026-08-25,11.02,5.353979915208074
600968,海油发展,2026-08-26,4.170675705140477,4.2027578259492495,4.020959141366203,4.170675705140477,82910822.0,320362168.0,0.008156416341325494,3.9,3.93,3.76,3.9,2026-08-25,4.01,1.0694040269590965
600969,郴电国际,2026-08-26,17.16136648243161,18.935305642636504,17.10157078040223,18.935305642636504,16398381.0,151658055.0,0.044313902316095874,8.61,9.5,8.58,9.5,2026-08-25,8.64,1.9931900676459477
600970,中材国际,2026-08-26,114.57427183924666,116.65473851337046,110.56194325343648,115.16869088899632,27208573.0,209137197.0,0.01037777056895765,7.71,7.85,7.44,7.75,2026-08-25,7.85,14.860476243741461
600971,恒源煤电,2026-08-26,115.27810238887277,119.14291738225693,114.34521601115934,118.74310893466547,25786049.0,227207370.0,0.02148828670933976,8.65,8.94,8.58,8.91,2026-08-25,8.73,13.326948253048874
600973,宝胜股份,2026-08-26,54.460277713429065,55.50927182668933,54.198029185113995,54.635110065639104,15563601.0,97569307.0,0.011348974807202634,6.23,6.35,6.2,6.25,2026-08-25,6.21,8.741617610502256
600975,新五丰,2026-08-26,34.77077706918907,35.53880628156072,34.63113539421241,35.25952293160739,14774266.0,74641345.0,0.011822612093413374,4.98,5.09,4.96,5.05,2026-08-25,4.99,6.982083748833147
600976,健民集团,2026-08-26,89.45818398799834,91.56117927162218,89.03758493127357,89.6199528559694,1599070.0,44400132.0,0.010431080257745341,27.65,28.3,27.52,27.7,2026-08-25,27.64,3.2353773594212782
600977,中国电影,2026-08-26,12.774791426855309,13.004967848960808,12.722478603649511,12.785253991496466,18586157.0,228216504.0,0.009955092126405999,12.21,12.43,12.16,12.22,2026-08-25,12.25,1.0462564641159138
600979,广安爱众,2026-08-26,21.577811721183945,22.13108894480405,21.577811721183945,21.96510577771802,19926501.0,79027210.0,0.01604793295740032,3.9,4.0,3.9,3.97,2026-08-25,3.93,5.532772236201012
600980,北矿科技,2026-08-26,34.350502493812876,34.80111453459952,34.22918386744724,34.22918386744724,2049542.0,40751588.0,0.010829038448750026,19.82,20.08,19.75,19.75,2026-08-25,19.86,1.733123233794797
600981,苏豪汇鸿,2026-08-26,9.046692614862312,9.229085611129696,9.010214015608836,9.08317121411579,16920000.0,42359445.0,0.007545375291608688,2.48,2.53,2.47,2.49,2026-08-25,2.48,3.6478599253477064
600982,宁波能源,2026-08-26,22.32971965617164,22.608260857703932,22.236872588994213,22.561837324115217,12452800.0,60404839.0,0.011142174084954612,4.81,4.87,4.79,4.86,2026-08-25,4.82,4.642353358871444
600983,惠而浦,2026-08-26,20.99760705760435,21.211323159971826,20.596889365665334,20.650318391257205,2995000.0,23428498.0,0.003907682150830007,7.86,7.94,7.71,7.73,2026-08-25,7.85,2.6714512795934287
600984,建设机械,2026-08-26,11.906009337600988,11.906009337600988,9.910711271815186,10.217680205013004,190246997.0,935375267.0,0.15134474875251475,5.43,5.43,4.52,4.66,2026-08-25,4.94,2.192635237127254
600985,淮北矿业,2026-08-26,78.33916272728213,80.41138899838909,77.88867875530235,79.60051784882549,24303735.0,428422668.0,0.009023914011225424,17.39,17.85,17.29,17.67,2026-08-25,17.53,4.504839719797707
600986,浙文互联,2026-08-26,41.16928290813974,41.926285281273856,40.878128149242,41.40220671525793,37697065.0,268048911.0,0.025344710495563288,7.07,7.2,7.02,7.11,2026-08-25,7.07,5.823095177954702
600987,航民股份,2026-08-26,51.62085148794525,52.32691176665575,51.54240034586631,52.01310719833997,6453460.0,42704060.0,0.006321846285065696,6.58,6.67,6.57,6.63,2026-08-25,6.62,7.845114207894415
600988,赤峰黄金,2026-08-26,232.25771771151668,238.7161164344828,228.8817365608753,229.2242274022447,61420874.0,2918416844.0,0.03691354888974141,47.47,48.79,46.78,46.85,2026-08-25,47.66,4.892726305277368
600989,宝丰能源,2026-08-26,25.396963736500428,26.163494377460047,25.194058566834645,26.05076928320128,58912103.0,1350251310.0,0.00803343937840226,22.53,23.21,22.35,23.11,2026-08-25,23.24,1.1272509425876798
600990,四创电子,2026-08-26,86.0121461038679,87.30808803735253,85.58016545937302,86.780111694081,2318604.0,41886665.0,0.008618938936621787,17.92,18.19,17.83,18.08,2026-08-25,17.83,4.799784938831914
600992,贵绳股份,2026-08-26,15.348889853539214,15.53683544358255,15.239254926013933,15.317565588531988,4915100.0,48234037.0,0.02005426577991758,9.8,9.92,9.73,9.78,2026-08-25,9.84,1.5662132503611441
600993,马应龙,2026-08-26,292.20158297615825,299.9536147025261,289.70092758055574,289.82596035033583,7594163.0,178620410.0,0.017647794421857814,23.37,23.99,23.17,23.18,2026-08-25,23.22,12.503276978012762
600995,南网储能,2026-08-26,107.9733447712614,110.00225566157106,107.62049070338145,109.29654752581118,9243980.0,114432545.0,0.002892353945521072,12.24,12.47,12.2,12.39,2026-08-25,12.29,8.82135169699848
600996,贵广网络,2026-08-26,6.889432443406343,7.150395793535371,6.878993909401182,7.066887521494082,18265769.0,123437629.0,0.0146501212214611,6.6,6.85,6.59,6.77,2026-08-25,6.67,1.0438534005161126
600997,开滦股份,2026-08-26,28.098166998390436,28.750445875138787,27.947641103756204,28.700270576927373,10539157.0,59936861.0,0.006637585331276115,5.6,5.73,5.57,5.72,2026-08-25,5.66,5.017529821141149
600998,九州通,2026-08-26,15.621873386366897,15.845043006172137,15.621873386366897,15.749398883398463,28483392.0,140629448.0,0.0056486980940302365,4.9,4.97,4.9,4.94,2026-08-25,4.92,3.1881374257891624
600999,招商证券,2026-08-26,38.687965189524206,40.88688724025125,38.66619368407147,40.451457131196385,132564737.0,2440419173.0,0.017861040533090046,17.77,18.78,17.76,18.58,2026-08-25,17.66,2.1771505452742943
601000,唐山港,2026-08-26,32.971361737694494,33.62497904086465,32.826113448101125,33.334482461677915,38606848.0,177197755.0,0.006514902644758723,4.54,4.63,4.52,4.59,2026-08-25,4.55,7.262414479668391
601001,晋控煤业,2026-08-26,46.988656839124445,49.26057710722774,46.61445820673097,48.45872289495598,19146582.0,346908503.0,0.011439673776662483,17.58,18.43,17.44,18.13,2026-08-25,17.7,2.672847374239161
601002,晋亿实业,2026-08-26,6.217407842003441,6.287266357082132,6.170835498617647,6.205764756156992,9145893.0,48834035.0,0.009582463120391594,5.34,5.4,5.3,5.33,2026-08-25,5.32,1.164308584644839
601003,柳钢股份,2026-08-26,18.04912082212759,18.492951662015972,17.99980628436221,18.295693510954468,16480156.0,61296893.0,0.006430544610466424,3.66,3.75,3.65,3.71,2026-08-25,3.67,4.931453776537593
601005,重庆钢铁,2026-08-26,1.233434038328131,1.2539912723002666,1.2231554213420632,1.2437126553141988,72262700.0,87332532.0,0.00869206867748324,1.2,1.22,1.19,1.21,2026-08-25,1.2,1.027861698606776
601006,大秦铁路,2026-08-26,12.381363716086478,12.643680743969668,12.381363716086478,12.56498563560471,156447171.0,748210070.0,0.007876353799446564,4.72,4.82,4.72,4.79,2026-08-25,4.72,2.623170278831881
601007,金陵饭店,2026-08-26,10.089369658252046,10.265603189400554,10.03062514786921,10.221544806613426,7109420.0,49319393.0,0.01822928205128205,6.87,6.99,6.83,6.96,2026-08-25,6.89,1.4686127595708947
601008,连云港,2026-08-26,7.623466716248129,7.7091236456441745,7.60633533036892,7.657729488006547,13977314.0,62550820.0,0.01126623070742845,4.45,4.5,4.44,4.47,2026-08-25,4.48,1.7131385879209278
601009,南京银行,2026-08-26,80.9807515238075,82.58778973351205,80.9807515238075,81.88907746842312,57073772.0,668978587.0,0.004616286777837637,11.59,11.82,11.59,11.72,2026-08-25,11.6,6.9871226508893445
601011,宝泰隆,2026-08-26,7.047558127802971,7.291418270633525,6.9500140706707505,7.120716170652137,90752974.0,266381340.0,0.04737414727495773,2.89,2.99,2.85,2.92,2026-08-25,2.94,2.4386014283055264
601012,隆基绿能,2026-08-26,225.58981423940247,229.66450710743766,225.40460092721906,227.44194736123663,56688867.0,697982519.0,0.007480655341339359,12.18,12.4,12.17,12.28,2026-08-25,12.17,18.521331218341746
601015,陕西黑猫,2026-08-26,8.070493469619702,8.525169158048982,7.956824547512383,8.161428607305558,76408769.0,276324412.0,0.037409477269902486,3.55,3.75,3.5,3.59,2026-08-25,3.59,2.273378442146395
601016,节能风电,2026-08-26,8.78277975871186,8.860274874229907,8.731116348366495,8.834443169057224,68163742.0,232742152.0,0.01128864546639685,3.4,3.43,3.38,3.42,2026-08-25,3.41,2.583170517268194
601018,宁波港,2026-08-26,4.806521553924118,4.904328678567922,4.7925491075464315,4.87638378581255,57746814.0,201651416.0,0.0029683181406498656,3.44,3.51,3.43,3.49,2026-08-25,3.45,1.397244637768639
601019,山东出版,2026-08-26,9.571811413412906,9.626664200882319,9.242694688596416,9.311260672933184,23768887.0,161777282.0,0.011389566821601419,6.98,7.02,6.74,6.79,2026-08-25,7.04,1.3713196867353732
601020,华钰矿业,2026-08-26,27.163492911979866,28.57604454523054,26.87598240255716,27.86351850013949,35030491.0,785742955.0,0.04272195020766613,21.73,22.86,21.5,22.29,2026-08-25,21.8,1.2500456931421935
601021,春秋航空,2026-08-26,93.93432546678771,94.38031706407519,93.552046954827,94.10422702765914,4570636.0,202380164.0,0.004671859197025512,44.23,44.44,44.05,44.31,2026-08-25,43.77,2.123769510892781
601022,宁波远洋,2026-08-26,8.41418128658253,8.587354509187739,8.41418128658253,8.475301247502017,7954200.0,66427493.0,0.006078249570249752,8.26,8.43,8.26,8.32,2026-08-25,8.34,1.0186660153247615
601026,道生天合,2026-08-26,15.521656248321099,15.56171213541354,15.371446671724442,15.501628304774878,4045813.0,62495918.0,0.03642064968044039,15.5,15.54,15.35,15.48,2026-08-25,15.59,1.0013971773110386
601033,永兴股份,2026-08-26,15.138417936906382,15.340263509398467,15.106547583355,15.234028997560529,3391883.0,48731866.0,0.014132845833333333,14.25,14.44,14.22,14.34,2026-08-25,14.17,1.0623451183793953
601038,一拖股份,2026-08-26,14.464457275776633,15.58463704976535,14.464457275776633,15.58463704976535,20483248.0,289921066.0,0.02799385039283747,13.3,14.33,13.3,14.33,2026-08-25,13.03,1.087553178629822
601058,赛轮轮胎,2026-08-26,76.0627675062263,77.54879841987905,75.78757659629059,76.72322569007196,20002729.0,279709848.0,0.006083369552144791,13.82,14.09,13.77,13.94,2026-08-25,13.81,5.503818198713914
601059,信达证券,2026-08-26,16.311298267130077,16.678625130114746,16.25173174880824,16.628986364846547,12977200.0,215992932.0,0.004001603453592353,16.43,16.8,16.37,16.75,2026-08-25,16.4,0.992775305363973
601061,中信金属,2026-08-26,11.44221682876812,12.108850330965915,11.372568552419096,11.95960402450372,33727489.0,401515805.0,0.0068831610204081635,11.5,12.17,11.43,12.02,2026-08-25,11.44,0.9949753764146191
601065,江盐集团,2026-08-26,7.256174180723348,7.351233231125837,7.245612064011961,7.308984764280286,5738549.0,39708334.0,0.008927757562054514,6.87,6.96,6.86,6.92,2026-08-25,6.88,1.0562116711387697
601066,中信建投,2026-08-26,26.665804446281953,27.552861632730277,26.61171559344974,27.336506221401418,29583996.0,744838220.0,0.0045544172173429655,24.65,25.47,24.6,25.27,2026-08-25,24.64,1.0817770566442984
601068,中铝国际,2026-08-26,4.307816015372378,4.459968457416435,4.307816015372378,4.374382708766652,11936200.0,54953725.0,0.004663323770433173,4.53,4.69,4.53,4.6,2026-08-25,4.52,0.9509527627753592
601069,西部黄金,2026-08-26,27.521648447356263,28.302217826519655,26.583211103867697,26.784931280505425,36459163.0,1139012953.0,0.0410951735087018,31.38,32.27,30.31,30.54,2026-08-25,31.38,0.8770442462509963
601077,渝农商行,2026-08-26,9.760299121069727,9.931282463336641,9.74605050921415,9.817293568492031,50235401.0,346574564.0,0.005683867750543387,6.85,6.97,6.84,6.89,2026-08-25,6.87,1.4248611855576243
601083,锦江航运,2026-08-26,13.054321011159058,13.44625212696753,12.903578274309647,12.95382585325945,27465102.0,358981404.0,0.14148517411910158,12.99,13.38,12.84,12.89,2026-08-25,13.03,1.0049515789960783
601086,国芳集团,2026-08-26,9.075525048581927,9.256552808859492,9.027250979174577,9.039319496526414,7902800.0,59704767.0,0.011866066066066066,7.52,7.67,7.48,7.49,2026-08-25,7.61,1.2068517351837669
601088,中国神华,2026-08-26,123.93492598479413,126.05075912153836,123.45886352902667,124.99284255316626,19573472.0,925062041.0,0.0011869157086055594,46.86,47.66,46.68,47.26,2026-08-25,47.17,2.644791420930306
601089,福元医药,2026-08-26,17.744409841691905,18.18039042748286,17.668113239178485,17.918802076008287,3016753.0,49621332.0,0.0062849020833333335,16.28,16.68,16.21,16.44,2026-08-25,16.28,1.0899514644773896
601096,宏盛华源,2026-08-26,4.074010514853015,4.132072422428117,4.054656545661315,4.0933644840447165,12392800.0,52504120.0,0.007542895282276582,4.21,4.27,4.19,4.23,2026-08-25,4.21,0.9676984595850392
601098,中南传媒,2026-08-26,16.831045190751457,16.914284781210167,16.34825556609093,16.481438910824867,20418000.0,202347533.0,0.011368596881959911,10.11,10.16,9.82,9.9,2026-08-25,10.26,1.664791809174229
601099,太平洋,2026-08-26,9.57090596305421,10.250496919010724,9.54258967322269,9.939017730863988,257705366.0,902813575.0,0.037807131009090764,3.38,3.62,3.37,3.51,2026-08-25,3.39,2.8316289831521333
601100,恒立液压,2026-08-26,371.8055919669669,374.31529816646605,358.37128231082477,358.55581953137624,9660021.0,953266140.0,0.0072045568033588785,100.74,101.42,97.1,97.15,2026-08-25,100.74,3.690744411028062
601101,昊华能源,2026-08-26,56.16253579181276,58.77474675887382,55.50948305004749,58.03462031820652,38339069.0,506456500.0,0.02662439181874211,12.9,13.5,12.75,13.33,2026-08-25,13.19,4.353684945101764
601106,中国一重,2026-08-26,2.9958271797340603,3.0541874494691394,2.9958271797340603,3.0152806029790864,43184140.0,134482840.0,0.006297099289914575,3.08,3.14,3.08,3.1,2026-08-25,3.07,0.9726711622513182
601107,四川成渝,2026-08-26,8.38401904927438,8.616102621572633,8.36951382600574,8.587092175035352,13097987.0,77277767.0,0.006056200467924947,5.78,5.94,5.77,5.92,2026-08-25,5.78,1.4505223268640797
601108,财通证券,2026-08-26,9.993722796001947,10.436558416902633,9.981754265707334,10.376715765429568,87694464.0,752667518.0,0.01888432955834868,8.35,8.72,8.34,8.67,2026-08-25,8.37,1.1968530294613111
601111,中国国航,2026-08-26,6.708107641276737,6.719325212583219,6.663237356050805,6.68567249866377,59203028.0,353166690.0,0.005086997001726262,5.98,5.99,5.94,5.96,2026-08-25,5.92,1.1217571306482836
601112,振石股份,2026-08-26,15.260115446840123,15.482007409715523,15.229857451902566,15.431577418152933,2903146.0,44311291.0,0.015886887546959178,15.13,15.35,15.1,15.3,2026-08-25,15.13,1.0085998312518256
601113,华鼎股份,2026-08-26,6.966035780332135,7.066410935668332,6.9058106871304155,7.006185842466613,10704021.0,37373918.0,0.009694334483912003,3.47,3.52,3.44,3.49,2026-08-25,3.47,2.007503106723958
601116,三江购物,2026-08-26,13.199294403494319,13.54277046603878,13.07662438115701,13.34649843029909,13229427.0,144180397.0,0.024155466054531272,10.76,11.04,10.66,10.88,2026-08-25,10.76,1.226700223373078
601117,中国化学,2026-08-26,9.572289936363163,9.75145044319349,9.572289936363163,9.700261726956253,48309750.0,365754034.0,0.00793515365837373,7.48,7.62,7.48,7.58,2026-08-25,7.52,1.279717905930904
601118,海南橡胶,2026-08-26,5.996320087896957,6.715878498444591,5.996320087896957,6.555976629434006,202069451.0,1293096924.0,0.047218801341070975,6.0,6.72,6.0,6.56,2026-08-25,6.11,0.9993866813161595
601121,宝地矿业,2026-08-26,7.121834192175884,7.434024184161677,7.121834192175884,7.3267088744165605,26401064.0,198692979.0,0.03300133,7.3,7.62,7.3,7.51,2026-08-25,7.27,0.9755937249556006
601126,四方股份,2026-08-26,148.7745982287047,148.8417954275433,143.4660195204537,146.96027386006196,15479463.0,674486029.0,0.018761043402295088,44.28,44.3,42.7,43.74,2026-08-25,44.19,3.359859941931
601127,XD赛力斯,2026-08-26,52.048475378194254,52.69715073899074,51.945511035210686,52.11025398398439,12149493.0,617102166.0,0.007802123385048472,50.55,51.18,50.45,50.61,2026-08-25,50.73,1.0296434298356925
601128,常熟银行,2026-08-26,9.727692975580892,9.86666001808919,9.727692975580892,9.86666001808919,50067631.0,318529354.0,0.013724005223247742,6.3,6.39,6.3,6.39,2026-08-25,6.33,1.544078250092205
601133,柏诚股份,2026-08-26,28.126518914606216,28.451055671313213,27.261087563387562,27.953432644362486,15900240.0,410441631.0,0.030321590280321803,26.0,26.3,25.2,25.84,2026-08-25,24.81,1.081789189023316
601136,首创证券,2026-08-26,13.986971308854185,14.289283368843828,13.926508896856255,14.198589750846935,13410576.0,188597719.0,0.004906307455020679,13.88,14.18,13.82,14.09,2026-08-25,13.82,1.0077068666321458
601137,博威合金,2026-08-26,48.34186063135177,49.34847123870851,47.58076480627716,48.390963587808194,19725143.0,390100712.0,0.021484113266377856,19.69,20.1,19.38,19.71,2026-08-25,19.69,2.455147822821319
601138,工业富联,2026-08-26,71.35904527662329,72.0702649969883,70.38704499212443,71.79763077084839,73340525.0,4413181464.0,0.0036958367231104535,60.2,60.8,59.38,60.57,2026-08-25,60.15,1.1853662006083603
601139,深圳燃气,2026-08-26,16.013356259356566,16.216700465824584,15.987938233548062,16.013356259356566,18994100.0,120417340.0,0.006602637216172197,6.3,6.38,6.29,6.3,2026-08-25,6.32,2.5418025808502485
601155,新城控股,2026-08-26,16.177381293745167,17.326673669829585,16.10464126994236,17.152097612702836,32332593.0,375693454.0,0.014334219443642665,11.12,11.91,11.07,11.79,2026-08-25,11.11,1.4548004760562203
601156,东航物流,2026-08-26,20.501625679335763,21.00031387153582,20.468379799855757,20.84516643396247,4864400.0,91136938.0,0.005149717219292104,18.5,18.95,18.47,18.81,2026-08-25,18.59,1.108195982666798
601158,重庆水务,2026-08-26,7.4195240477664335,7.5089159037636195,7.401645676566996,7.4552807901653075,6293921.0,26282675.0,0.0013112253140009932,4.15,4.2,4.14,4.17,2026-08-25,4.15,1.7878371199437189
601162,天风证券,2026-08-26,4.11344865913766,4.283425876457398,4.11344865913766,4.283425876457398,281047174.0,1050925921.0,0.032687617950059034,3.63,3.78,3.63,3.78,2026-08-25,3.64,1.1331814487982534
601163,三角轮胎,2026-08-26,15.587340154699028,15.755721915629417,15.539231080147486,15.563285617423256,3902475.0,50696833.0,0.00487809375,12.96,13.1,12.92,12.94,2026-08-25,12.97,1.2027268637885051
601166,兴业银行,2026-08-26,103.22909468896249,104.83666679757815,102.99944153058883,104.54960034961105,109800213.0,1993600049.0,0.005188344842177472,17.98,18.26,17.94,18.21,2026-08-25,18.02,5.741328959341629
601168,西部矿业,2026-08-26,49.60242545053004,53.484354398832394,49.60242545053004,52.9182397605383,95035770.0,3685948995.0,0.03988072597566093,36.8,39.68,36.8,39.26,2026-08-25,36.48,1.3478919959383164
601169,北京银行,2026-08-26,24.765961023494892,25.00734465920147,24.71768429635358,25.00734465920147,95474361.0,493186694.0,0.0045156520844807264,5.13,5.18,5.12,5.18,2026-08-25,5.14,4.827672714131558
601177,杭齿前进,2026-08-26,13.934520026250993,14.273384551576184,13.924251404271443,13.965325892189647,11224049.0,153127237.0,0.02789162223715976,13.57,13.9,13.56,13.6,2026-08-25,13.63,1.0268621979551211
601179,中国西电,2026-08-26,14.804313698804705,15.081894580657293,14.769616088573132,15.012499360194147,64408837.0,833917767.0,0.012565414610982862,12.8,13.04,12.77,12.98,2026-08-25,12.82,1.1565870077191176
601186,中国铁建,2026-08-26,8.675296834199248,8.789822204947754,8.660981162855686,8.761190862260628,35252670.0,215489139.0,0.003064584686121843,6.06,6.14,6.05,6.12,2026-08-25,6.06,1.4315671343563117
601187,厦门银行,2026-08-26,9.01242087605052,9.16283680165915,8.974816894648361,9.024955536517904,25891632.0,186888042.0,0.00983209073337219,7.19,7.31,7.16,7.2,2026-08-25,7.23,1.2534660467385978
601188,龙江交通,2026-08-26,3.714223940356735,3.7656318841679015,3.714223940356735,3.7527798982151097,13008898.0,37961852.0,0.009964915966677026,2.89,2.93,2.89,2.92,2026-08-25,2.89,1.2851985952791471
601198,东兴证券,2026-08-26,15.272841370360906,15.744156093031853,15.272841370360906,15.710490755698215,35394982.0,491227512.0,0.010949908291107098,13.61,14.03,13.61,14.0,2026-08-25,13.64,1.122177911121301
601199,江南水务,2026-08-26,28.980414081691393,29.118635452510272,28.01286448595925,28.703971340053638,11693702.0,72432895.0,0.012503820905341363,6.29,6.32,6.08,6.23,2026-08-25,6.29,4.607379027295929
601200,上海环境,2026-08-26,11.442329617523374,11.589445284034388,11.442329617523374,11.524060543362827,5399100.0,38157618.0,0.004010532370662053,7.0,7.09,7.0,7.05,2026-08-25,7.0,1.6346185167890535
601208,东材科技,2026-08-26,155.6267482668888,157.85197433683535,149.43783825984985,155.20951837877382,43594364.0,1931418009.0,0.043154919910383005,44.76,45.4,42.98,44.64,2026-08-25,44.3,3.476915734291528
601211,国泰海通,2026-08-26,22.849746031632,23.665808389904573,22.704960774519126,23.494698540589358,109875563.0,1950152009.0,0.008169718920275161,17.36,17.98,17.25,17.85,2026-08-25,17.31,1.3162296101170508
601212,白银有色,2026-08-26,5.993434197851086,6.614704815921017,5.865525541189631,6.614704815921017,583391917.0,4031968824.0,0.07878591253972082,6.56,7.24,6.42,7.24,2026-08-25,6.58,0.9136332618675437
601216,君正集团,2026-08-26,79.11336718396154,82.45370935395103,78.41013725343743,81.39886445816487,92055210.0,424951922.0,0.010909578132547558,4.5,4.69,4.46,4.63,2026-08-25,4.47,17.580748263102564
601218,吉鑫科技,2026-08-26,11.165288410734655,11.389591079700306,11.040675816864848,11.264978485830499,22468000.0,101648280.0,0.02318598863895638,4.48,4.57,4.43,4.52,2026-08-25,4.48,2.492251877396128
601222,林洋能源,2026-08-26,30.7484371834928,31.138363017341444,30.58132611184339,30.971251945692025,11094809.0,61705117.0,0.005435380876182176,5.52,5.59,5.49,5.56,2026-08-25,5.51,5.57036905498058
601225,陕西煤业,2026-08-26,42.012406111552664,42.491817364252014,41.692798609753105,42.10828836209254,29151118.0,769238295.0,0.003006819804022692,26.29,26.59,26.09,26.35,2026-08-25,26.52,1.5980375089978192
601226,华电科工,2026-08-26,10.137475129967529,10.342113603087991,10.04302660391193,10.200440814004594,18212900.0,117717646.0,0.01567073533262142,6.44,6.57,6.38,6.48,2026-08-25,6.5,1.5741421009266348
601228,广州港,2026-08-26,3.2951182607957,3.3486104403540717,3.2737213889723513,3.3379120044423978,22279329.0,69229697.0,0.0029530434646609237,3.08,3.13,3.06,3.12,2026-08-25,3.08,1.069843591167435
601229,上海银行,2026-08-26,36.039101340746704,36.37314038509966,35.8906395432565,36.076216790119254,47846801.0,465789941.0,0.003367349606515468,9.71,9.8,9.67,9.72,2026-08-25,9.72,3.711544937255067
601231,环旭电子,2026-08-26,65.59321171735853,66.98142783836082,65.04784109839333,66.18816148350236,19929133.0,532248916.0,0.008342264374687781,26.46,27.02,26.24,26.7,2026-08-25,26.45,2.4789573589326728
601233,桐昆股份,2026-08-26,64.41263442495384,67.31534971019853,62.69865016128553,65.35256127922355,35593658.0,843007516.0,0.014988872022093222,23.3,24.35,22.68,23.64,2026-08-25,23.71,2.7644907478520957
601236,红塔证券,2026-08-26,8.236064553766974,8.453120427804755,8.211947234429442,8.41694444879846,20047361.0,139403550.0,0.004271545432389341,6.83,7.01,6.81,6.98,2026-08-25,6.83,1.20586596687657
601238,广汽集团,2026-08-26,8.920220182813924,9.228997035295944,8.920220182813924,9.005991530725597,30634958.0,162331137.0,0.0041489995501366415,5.2,5.38,5.2,5.25,2026-08-25,5.24,1.715426958233447
601279,英利汽车,2026-08-26,3.2024146131578433,3.2887072224944323,3.1832384777497125,3.240766883974105,18929863.0,64035222.0,0.011937211691273713,3.34,3.43,3.32,3.38,2026-08-25,3.34,0.9588067704065399
601288,农业银行,2026-08-26,15.413695759282767,15.617102301560692,15.391095032362996,15.504098666961845,273716084.0,1879306132.0,0.0008573877763791227,6.82,6.91,6.81,6.86,2026-08-25,6.85,2.260072691976945
601298,青岛港,2026-08-26,11.903282474630096,12.156260513800088,11.903282474630096,12.063058078316407,8877757.0,80398845.0,0.0016464453851253924,8.94,9.13,8.94,9.06,2026-08-25,8.97,1.3314633640525835
601311,骆驼股份,2026-08-26,24.27786031067418,24.67155534273916,24.17943655265793,24.47470782670667,8090492.0,60418631.0,0.0068964060621815905,7.4,7.52,7.37,7.46,2026-08-25,7.4,3.2807919338748888
601318,中国平安,2026-08-26,168.41693175649507,173.05169696430096,167.77236176070753,172.2843517312205,105343675.0,5886018865.0,0.009882085538858054,54.87,56.38,54.66,56.13,2026-08-25,55.01,3.0693809323217622
601319,中国人保,2026-08-26,8.333832591764654,8.545410852204379,8.310323896160241,8.510147808797758,98722507.0,711850501.0,0.0027810914407835723,7.09,7.27,7.07,7.24,2026-08-25,7.1,1.1754347802206848
601326,秦港股份,2026-08-26,4.1692114801187685,4.279898510564399,4.1692114801187685,4.2430028337491885,22256983.0,76824435.0,0.004678235834805202,3.39,3.48,3.39,3.45,2026-08-25,3.4,1.2298558938403445
601328,交通银行,2026-08-26,19.09285410355616,19.360636068542924,19.09285410355616,19.199966889550865,129201220.0,928101771.0,0.004955471069673879,7.13,7.23,7.13,7.17,2026-08-25,7.16,2.677819649867624
601330,绿色动力,2026-08-26,8.024939685473793,8.093237044499103,8.002173899132025,8.059088364986447,6068001.0,42971818.0,0.006134900643682809,7.05,7.11,7.03,7.08,2026-08-25,7.05,1.1382893170884814
601333,广深铁路,2026-08-26,4.07156433578139,4.112970074789335,4.043960509776092,4.085366248784038,55503706.0,164508373.0,0.009819776842336937,2.95,2.98,2.93,2.96,2026-08-25,2.95,1.3801913002648778
601336,新华保险,2026-08-26,78.45492827870886,80.71766950583978,78.20351258680543,80.69120469616573,25935211.0,1564561114.0,0.012436329603334326,59.29,61.0,59.1,60.98,2026-08-25,59.36,1.3232404837022915
601339,百隆东方,2026-08-26,26.39685088834778,26.636511013144712,26.191427924236127,26.49956237040361,6045600.0,46706580.0,0.00403155840111392,7.71,7.78,7.65,7.74,2026-08-25,7.73,3.423716068527598
601360,三六零,2026-08-26,17.844460328087628,18.072703425307356,17.82371095561311,17.989705935409273,60035670.0,519890042.0,0.008577066014429053,8.6,8.71,8.59,8.67,2026-08-25,8.62,2.0749372474520498
601366,利群股份,2026-08-26,3.951236848678834,4.060387037868857,3.9403218297598315,3.983981905435841,16650200.0,61048617.0,0.017348636808893276,3.62,3.72,3.61,3.65,2026-08-25,3.66,1.0915018919002304
601368,绿城水务,2026-08-26,5.1058551570942825,5.127863153461069,5.050835166177318,5.072843162544105,5300688.0,24526976.0,0.00600322720825156,4.64,4.66,4.59,4.61,2026-08-25,4.64,1.1003998183392851
601369,XD陕鼓动,2026-08-26,23.296911031368488,23.376969144878345,22.469643858433294,23.13679480434877,16381491.0,141147907.0,0.009601091656589506,8.73,8.76,8.42,8.67,2026-08-25,8.81,2.6686037836619114
601375,中原证券,2026-08-26,4.255381712676456,4.370959981415817,4.234367481996573,4.3604528660758755,71833153.0,295799626.0,0.020836183474165503,4.05,4.16,4.03,4.15,2026-08-25,4.04,1.0507115339941868
601377,兴业证券,2026-08-26,16.30001226045645,16.63609498747617,16.30001226045645,16.60808809355786,98660102.0,582039378.0,0.011424299115000527,5.82,5.94,5.82,5.93,2026-08-25,5.83,2.800689391831005
601388,怡球资源,2026-08-26,17.639329309286925,19.449817654814908,17.639329309286925,18.880807031934687,154225958.0,557309622.0,0.07006377132370877,3.41,3.76,3.41,3.65,2026-08-25,3.42,5.172823844365667
601390,中国中铁,2026-08-26,6.0116838964960575,6.148936953493685,5.997958590796295,6.121486342094159,106458701.0,473062993.0,0.005238098717012541,4.38,4.48,4.37,4.46,2026-08-25,4.38,1.3725305699762689
601398,工商银行,2026-08-26,20.148933466663333,20.37935329029735,20.123331264037333,20.27694447979334,239656393.0,1897017097.0,0.0008888929427309721,7.87,7.96,7.86,7.92,2026-08-25,7.9,2.5602202626001693
601399,国机重装,2026-08-26,3.122979741653633,3.1722380972002204,3.113128070544316,3.132831412762951,48702682.0,155198341.0,0.006751549824063261,3.17,3.22,3.16,3.18,2026-08-25,3.15,0.9851671109317455
601456,国联民生,2026-08-26,9.017194188637328,9.181891799388696,8.996606987293408,9.140717396700854,21439720.0,189972762.0,0.004898288792607465,8.76,8.92,8.74,8.88,2026-08-25,8.76,1.0293600671960421
601500,通用股份,2026-08-26,5.240087026056516,5.291969075819452,5.2271165136157824,5.2530575384972495,13169840.0,53432759.0,0.008319541304571788,4.04,4.08,4.03,4.05,2026-08-25,4.04,1.297051244073395
601512,中新集团,2026-08-26,9.157080314688852,9.35717075858308,9.062920105797449,9.298320628025953,3936800.0,31036647.0,0.002626476926258765,7.78,7.95,7.7,7.9,2026-08-25,7.75,1.1770026111425258
601515,衢州东峰,2026-08-26,13.84594069216593,14.048960350408832,13.76473282886877,13.88654462381451,11310000.0,38771462.0,0.0058769406935794246,3.41,3.46,3.39,3.42,2026-08-25,3.38,4.060393164858044
601518,吉林高速,2026-08-26,4.742874997587048,4.844872309363114,4.725875445624371,4.827872757400436,22650611.0,64039060.0,0.011980943657871808,2.79,2.85,2.78,2.84,2026-08-25,2.79,1.6999551962677593
601519,大智慧,2026-08-26,22.71758275756571,24.840185186934225,22.71758275756571,24.209141221446284,70999899.0,594576174.0,0.03569340777011402,7.92,8.66,7.92,8.44,2026-08-25,7.96,2.868381661308802
601528,瑞丰银行,2026-08-26,7.411844497678599,7.605715681722506,7.396931329675222,7.560976177712375,17897102.0,90551043.0,0.009644025636470729,4.97,5.1,4.96,5.07,2026-08-25,4.99,1.4913168003377464
601555,东吴证券,2026-08-26,11.06952394621441,11.379752642796216,11.041321337434248,11.337448729625969,57856066.0,462467535.0,0.011644098650691756,7.85,8.07,7.83,8.04,2026-08-25,7.86,1.4101304390082052
601566,九牧王,2026-08-26,14.98959520560483,15.114806621403435,14.86438378980622,14.97170786049074,4648775.0,38938772.0,0.008089931185270566,8.38,8.45,8.31,8.37,2026-08-25,8.4,1.7887345114086908
601567,三星电气,2026-08-26,77.42495468136542,79.56081550016171,77.15797207901589,79.5074189796918,9498500.0,140137836.0,0.006759490791906174,14.5,14.9,14.45,14.89,2026-08-25,14.56,5.339652046990719
601568,北元化工,2026-08-26,5.080464788618795,5.188273059995321,5.0669887546967285,5.16132099215119,19640902.0,75102500.0,0.004944562739045789,3.77,3.85,3.76,3.83,2026-08-25,3.78,1.3476033922065769
601577,长沙银行,2026-08-26,12.612881510855319,12.745369762019765,12.58638386062243,12.70562328667043,20892764.0,199947234.0,0.005196321309662856,9.52,9.62,9.5,9.59,2026-08-25,9.54,1.3248825116444662
601579,会稽山,2026-08-26,20.301513106669194,21.896411500756233,20.301513106669194,21.032079467831643,21672171.0,447662482.0,0.04520088622654414,19.73,21.28,19.73,20.44,2026-08-25,19.7,1.0289667058626049
601588,北辰实业,2026-08-26,2.126190312406828,2.175350782057853,2.1139001949940717,2.1507705472323404,27061500.0,47324582.0,0.010173496240601505,1.73,1.77,1.72,1.75,2026-08-25,1.73,1.2290117412756232
601595,上海电影,2026-08-26,20.636544670583447,21.45896981073546,20.636544670583447,21.37040094948832,5523855.0,92247939.0,0.012324531459170014,16.31,16.96,16.31,16.89,2026-08-25,16.48,1.2652694463877039
601598,中国外运,2026-08-26,8.579525200694293,8.618760834234054,8.213325954323196,8.540289567154533,15996134.0,103846980.0,0.0031015465520786226,6.56,6.59,6.28,6.53,2026-08-25,6.63,1.3078544513253496
601599,浙文影业,2026-08-26,9.949541822539155,10.11053764491034,9.91734265806492,10.046139315961867,18211100.0,56750322.0,0.015691886111468253,3.09,3.14,3.08,3.12,2026-08-25,3.09,3.219916447423675
601600,中国铝业,2026-08-26,9.59149958306815,9.898263962057538,9.54037218656992,9.806234648360721,214475596.0,2055557414.0,0.016244041094388532,9.38,9.68,9.33,9.59,2026-08-25,9.37,1.0225479299646216
601601,中国太保,2026-08-26,49.46271856593677,50.62914341420933,49.36814357823899,50.408468442914526,45816158.0,1461017302.0,0.006693335358332026,31.38,32.12,31.32,31.98,2026-08-25,31.48,1.5762497949629308
601606,长城军工,2026-08-26,28.169681197429494,28.74212309655785,27.615705166014948,28.2804764037124,29804809.0,909134206.0,0.041153880460915365,30.51,31.13,29.91,30.63,2026-08-25,31.54,0.9232933856909044
601607,上海医药,2026-08-26,239.19911642295116,243.00755305920148,238.90615975862423,240.51742141242246,12673825.0,208263537.0,0.0045438802876016215,16.33,16.59,16.31,16.42,2026-08-25,16.37,14.647833216347287
601608,中信重工,2026-08-26,7.577286933298807,7.753131144831057,7.577286933298807,7.705173632594989,29765863.0,143077905.0,0.006499730467060385,4.74,4.85,4.74,4.82,2026-08-25,4.74,1.5985837412022799
601609,金田股份,2026-08-26,14.033434946307327,14.221103467134617,13.731080107196693,13.731080107196693,58244290.0,777599360.0,0.03369374241287517,13.46,13.64,13.17,13.17,2026-08-25,13.46,1.0426028934849425
601611,中国核建,2026-08-26,11.23756442841214,11.534637690421212,11.22732052282562,11.278540050758219,56778639.0,629676488.0,0.01883933720505526,10.97,11.26,10.96,11.01,2026-08-25,10.63,1.0243905586519726
601615,明阳智能,2026-08-26,11.197635115469993,11.46670952674746,11.145890036378171,11.321823305290362,27388497.0,300037469.0,0.012110783503391934,10.82,11.08,10.77,10.94,2026-08-25,10.82,1.0349015818364133
601616,广电电气,2026-08-26,8.424291823450886,8.617706686744402,8.359820202353049,8.381310742718995,24970067.0,98286333.0,0.02925007487536371,3.92,4.01,3.89,3.9,2026-08-25,3.97,2.149054036594614
601618,中国中冶,2026-08-26,3.263805252269846,3.339414640353317,3.2512036875892676,3.326813075672739,114493666.0,300945388.0,0.006413269947100989,2.59,2.65,2.58,2.64,2026-08-25,2.59,1.2601564680578556
601619,嘉泽新能,2026-08-26,4.515653689807447,4.571402500792725,4.482204403216281,4.537953214201559,32891097.0,133658918.0,0.012983760708367105,4.05,4.1,4.02,4.07,2026-08-25,4.05,1.1149762197055426
601628,中国人寿,2026-08-26,51.520676632570606,53.172421541977094,51.45185392801201,53.10359883741848,40775676.0,1558192556.0,0.0019581538768883087,37.43,38.63,37.38,38.58,2026-08-25,37.6,1.3764540911720706
601633,长城汽车,2026-08-26,59.52411213793707,60.65530430831726,59.48510551137223,60.148218162974416,9498794.0,146897165.0,0.0015288005893431818,15.26,15.55,15.25,15.42,2026-08-25,15.4,3.900662656483425
601636,旗滨集团,2026-08-26,23.174958494661894,23.457088424162126,23.05404566773322,23.336175597233453,29064600.0,167891769.0,0.00982358960257481,5.75,5.82,5.72,5.79,2026-08-25,5.75,4.030427564289025
601658,邮储银行,2026-08-26,6.887074193976698,6.941733512976513,6.873409364226744,6.941733512976513,124163907.0,628838744.0,0.0017119491555551217,5.04,5.08,5.03,5.08,2026-08-25,5.04,1.3664829749953766
601665,齐鲁银行,2026-08-26,7.961137562593723,8.1198719004982,7.924506561538844,8.071030565758361,43134328.0,283944673.0,0.00700933243331572,6.52,6.65,6.49,6.61,2026-08-25,6.52,1.2210333684959698
601666,平煤股份,2026-08-26,31.049364299142308,31.833769291962746,30.68984534409961,31.801085750595227,29265788.0,281390746.0,0.011851543497288477,9.5,9.74,9.39,9.73,2026-08-25,9.56,3.268354136751822
601668,中国建筑,2026-08-26,10.454109181646421,10.571307715072951,10.430669474961116,10.500988595017034,199290897.0,893635979.0,0.004823064227093682,4.46,4.51,4.45,4.48,2026-08-25,4.47,2.343970668530588
601669,中国电建,2026-08-26,6.119006141725838,6.184943707908229,6.105818628489359,6.17175619467175,71477239.0,333819467.0,0.0054681633820125135,4.64,4.69,4.63,4.68,2026-08-25,4.65,1.31875132364781
601677,明泰铝业,2026-08-26,24.356487305846734,25.10932418620927,24.356487305846734,24.769809514673224,28436065.0,477827285.0,0.02287161535884401,16.5,17.01,16.5,16.78,2026-08-25,16.39,1.476150745808893
601678,滨化股份,2026-08-26,29.25170451972605,29.578278573375304,28.83182359360558,29.345011392197268,96018665.0,601654755.0,0.04699112237559081,6.27,6.34,6.18,6.29,2026-08-25,6.23,4.665343623560774
601686,友发集团,2026-08-26,6.358626089417161,6.43143478509751,6.334356524190377,6.3950304372573346,4129244.0,21783045.0,0.002791260664366794,5.24,5.3,5.22,5.27,2026-08-25,5.23,1.2134782613391528
601688,华泰证券,2026-08-26,25.553538396276714,26.449911842449396,25.53974803556636,26.394750399608,91693983.0,1742778523.0,0.012549201940146998,18.53,19.18,18.52,19.14,2026-08-25,18.59,1.3790360710349008
601689,拓普集团,2026-08-26,113.13109535712609,114.58149401555079,112.43006933888749,112.64762913765121,10995019.0,515186801.0,0.006326846524801846,46.8,47.4,46.51,46.6,2026-08-25,46.8,2.4173310973744893
601696,中银证券,2026-08-26,11.290832025225587,11.709010989122831,11.25193165649096,11.495058961082382,48492381.0,574748939.0,0.017455860691144708,11.61,12.04,11.57,11.82,2026-08-25,11.61,0.9725092183656837
601698,中国卫通,2026-08-26,24.222678615568714,24.670492842075024,24.141257847113017,24.538184093334525,15355706.0,368787590.0,0.0036350153933350435,23.8,24.24,23.72,24.11,2026-08-25,23.79,1.0177596056961644
601699,潞安环能,2026-08-26,125.6602597753975,129.98030489433458,123.91708367477379,128.7676606504224,27229035.0,460406125.0,0.009102410663175069,16.58,17.15,16.35,16.99,2026-08-25,16.73,7.579026524450996
601700,风范股份,2026-08-26,42.76347394954483,46.47955123125662,40.64816841995505,44.02122318335498,226958991.0,1715803641.0,0.19930409315488032,7.48,8.13,7.11,7.7,2026-08-25,7.51,5.717041971864282
601702,华峰铝业,2026-08-26,15.6043500191743,16.001154851193988,15.6043500191743,15.733311589580698,9755901.0,155848730.0,0.009770257416247433,15.73,16.13,15.73,15.86,2026-08-25,15.84,0.9920120800492244
601717,中创智领,2026-08-26,43.104633402011714,43.75816442920108,42.87731826211976,43.27511975693068,13020342.0,199003398.0,0.008442894136935594,15.17,15.4,15.09,15.23,2026-08-25,15.09,2.841439248649421
601727,上海电气,2026-08-26,7.39298366590947,7.52822117199318,7.39298366590947,7.449332626777683,59115854.0,390908934.0,0.0046859180910103805,6.56,6.68,6.56,6.61,2026-08-25,6.5,1.1269792173642486
601728,中国电信,2026-08-26,7.89760199479503,7.9220527749646745,7.8364750443709195,7.848700434455742,69347494.0,445895410.0,0.0008933110441347364,6.46,6.48,6.41,6.42,2026-08-25,6.45,1.2225390084822028
601766,中国中车,2026-08-26,8.604933980322468,8.689158456475706,8.562821742245848,8.675121043783498,121620671.0,749224393.0,0.00499924698322619,6.13,6.19,6.1,6.18,2026-08-25,6.13,1.403741269220631
601777,千里科技,2026-08-26,9.443239566451858,9.501173551522115,9.327371596311346,9.338958393325397,15013496.0,121793847.0,0.0033207617093684986,8.15,8.2,8.05,8.06,2026-08-25,8.15,1.158679701405136
601778,晶科科技,2026-08-26,3.658345181019627,3.79008614321701,3.648211260850598,3.749550462540892,120310500.0,444704760.0,0.032315085158028646,3.61,3.74,3.6,3.7,2026-08-25,3.61,1.0133920169029438
601788,光大证券,2026-08-26,18.532939098775397,18.88188565084439,18.49416725965662,18.83018986535269,24036776.0,349206840.0,0.006152707692756964,14.34,14.61,14.31,14.57,2026-08-25,14.34,1.292394637292566
601789,宁波建工,2026-08-26,10.611672749419915,10.73651595823662,10.536766824129892,10.686578674709938,23142923.0,98828136.0,0.021294583203314607,4.25,4.3,4.22,4.28,2026-08-25,4.25,2.4968641763340975
601798,蓝科高新,2026-08-26,8.295038511950679,8.411274720398396,8.199936159584365,8.30560543999138,4712700.0,36994382.0,0.013292877764267429,7.85,7.96,7.76,7.86,2026-08-25,7.83,1.0566928040701502
601799,星宇股份,2026-08-26,111.569264384182,115.76639385387266,110.7989051777198,114.69054737588233,3557713.0,304523961.0,0.012453515246052779,84.0,87.16,83.42,86.35,2026-08-25,84.42,1.3282055283831191
601800,中国交建,2026-08-26,8.568082288086721,8.697901716694096,8.553657907130345,8.68347733573772,29301229.0,176074943.0,0.0024994921298337127,5.94,6.03,5.93,6.02,2026-08-25,5.95,1.4424380956374951
601801,皖新传媒,2026-08-26,14.728710696387601,14.86408487558234,14.62041135303181,14.647486188870758,7459508.0,40561995.0,0.0038098927373106718,5.44,5.49,5.4,5.41,2026-08-25,5.44,2.7074835838947795
601808,中海油服,2026-08-26,14.170155875701443,14.297294305255045,14.019901368047188,14.262620188104064,15469064.0,189627648.0,0.005225208987227695,12.26,12.37,12.13,12.34,2026-08-25,12.43,1.1558039050327442
601811,新华文轩,2026-08-26,15.511442563507586,15.562932829278564,15.318354066866412,15.344099199751902,2259700.0,27043521.0,0.0028535028050752117,12.05,12.09,11.9,11.92,2026-08-25,12.08,1.2872566442744884
601816,京沪高铁,2026-08-26,5.0898981109543975,5.183961936413514,5.079446574792274,5.152607327927141,114109099.0,562813825.0,0.0023322946246091135,4.87,4.96,4.86,4.93,2026-08-25,4.87,1.045153616212402
601818,光大银行,2026-08-26,6.333714267185757,6.416507917737205,6.313015854547894,6.395809505099342,170424090.0,524879580.0,0.0036723935469345874,3.06,3.1,3.05,3.09,2026-08-25,3.07,2.069841263786195
601825,沪农商行,2026-08-26,11.680040761366214,12.000407593677973,11.680040761366214,11.973710357651994,24889852.0,221912389.0,0.002638789491316854,8.75,8.99,8.75,8.97,2026-08-25,8.81,1.334861801298996
601827,三峰环境,2026-08-26,8.629774403714801,8.725779310554644,8.512435073132771,8.629774403714801,11179392.0,90455005.0,0.006686505974849596,8.09,8.18,7.98,8.09,2026-08-25,8.27,1.0667211871093698
601828,美凯龙,2026-08-26,2.5906499509080256,2.6503423460902384,2.5906499509080256,2.6264653880173534,48490883.0,106450397.0,0.013423445062813228,2.17,2.22,2.17,2.2,2026-08-25,2.17,1.1938479036442515
601838,成都银行,2026-08-26,25.364511674792176,25.773836769059937,25.364511674792176,25.637395070970683,15564038.0,292509169.0,0.003672118763818655,18.59,18.89,18.59,18.79,2026-08-25,18.72,1.3644169808925324
601857,中国石油,2026-08-26,19.356705338631798,19.782908024986995,19.2146377765134,19.552048236544593,109698052.0,1209376822.0,0.0006774743350520757,10.9,11.14,10.82,11.01,2026-08-25,11.19,1.7758445264799814
601858,中国科传,2026-08-26,23.588319640326702,24.0339975690149,23.26221383884753,23.40352635282184,6945705.0,150428394.0,0.008786470588235295,21.7,22.11,21.4,21.53,2026-08-25,21.98,1.0870193382639033
601860,紫金银行,2026-08-26,3.170251970898251,3.2321709547048574,3.1578681741369294,3.219787157943536,64721531.0,167679311.0,0.018222752592763597,2.56,2.61,2.55,2.6,2026-08-25,2.56,1.2383796761321293
601865,福莱特,2026-08-26,10.558258262289552,10.862621572037462,10.516277116117426,10.610734695004709,14218597.0,144833026.0,0.007479435009359051,10.06,10.35,10.02,10.11,2026-08-25,10.2,1.0495286543031364
601866,中远海发,2026-08-26,2.8423698310310654,2.88974266154825,2.8305266234017696,2.877899453918954,66868736.0,162116992.0,0.006886281215221279,2.4,2.44,2.39,2.43,2026-08-25,2.4,1.1843207629296106
601868,中国能建,2026-08-26,2.592708457377832,2.6132855086268623,2.592708457377832,2.6029969830023467,182648771.0,461859467.0,0.005632313825265124,2.52,2.54,2.52,2.53,2026-08-25,2.52,1.0288525624515206
601869,长飞光纤,2026-08-26,503.4978794697931,530.4023463116904,495.17030639968203,497.1176773330003,18684002.0,7504866467.0,0.04598139372109518,393.0,414.0,386.5,388.02,2026-08-25,394.5,1.2811650877093972
601872,招商轮船,2026-08-26,29.440124399427216,30.367120716021557,28.768851204651998,29.37619361897243,99276291.0,1845869792.0,0.01229498019922873,18.42,19.0,18.0,18.38,2026-08-25,18.83,1.5982695113695555
601877,正泰电器,2026-08-26,49.72195425382108,50.31708189160813,49.472384599265226,49.85633791396655,22949410.0,597323855.0,0.010679265385541797,25.9,26.21,25.77,25.97,2026-08-25,25.95,1.9197665735066056
601878,浙商证券,2026-08-26,10.157771261627456,10.300374961844689,10.10292368462083,10.234557869436735,35605825.0,332037933.0,0.007784741607529088,9.26,9.39,9.21,9.33,2026-08-25,9.21,1.0969515401325547
601880,辽港股份,2026-08-26,4.0139634583848975,4.0689492591846905,3.9864705579850006,4.041456358784794,79323430.0,116615824.0,0.0043080002916457425,1.46,1.48,1.45,1.47,2026-08-25,1.46,2.749290039989656
601881,中国银河,2026-08-26,14.140123540570542,14.433730756944515,14.116634963260625,14.386753602324681,35672104.0,435484892.0,0.0049247614671188485,12.04,12.29,12.02,12.25,2026-08-25,12.04,1.1744288654958923
601882,海天精工,2026-08-26,21.831499014359228,22.20543904785455,21.666525470170114,21.798504305521405,3611100.0,71951489.0,0.006917816091954023,19.85,20.19,19.7,19.82,2026-08-25,19.8,1.099823627927417
601886,江河集团,2026-08-26,38.022801495187885,39.31707234789851,37.30376213257087,37.332523707075545,28781265.0,381092331.0,0.02540265902076118,13.22,13.67,12.97,12.98,2026-08-25,13.37,2.8761574504680696
601888,中国中免,2026-08-26,113.13406951366778,114.90617910299362,113.04762514345677,114.71167927001882,18296266.0,969483064.0,0.00937080418560162,52.35,53.17,52.31,53.08,2026-08-25,52.61,2.161109255275411
601890,亚星锚链,2026-08-26,24.796828597772183,25.16906736425144,24.625026090166372,24.968631105377998,20554683.0,179189484.0,0.021424518449030643,8.66,8.79,8.6,8.72,2026-08-25,8.69,2.8633751267635317
601898,中煤能源,2026-08-26,19.850849379369897,20.000410573324057,19.606112880172187,19.837252907192248,37895709.0,552575991.0,0.004140702288430844,14.6,14.71,14.42,14.59,2026-08-25,15.08,1.3596472177650616
601899,紫金矿业,2026-08-26,67.24738083135226,70.53990837947485,67.24738083135226,68.7838936871428,314235193.0,10924145121.0,0.015252807892235733,33.7,35.35,33.7,34.47,2026-08-25,33.68,1.995471241286417
601900,南方传媒,2026-08-26,16.09746634148362,16.111085179335976,15.838708422288878,15.988515638664783,6019300.0,70516323.0,0.006824834584470616,11.82,11.83,11.63,11.74,2026-08-25,11.85,1.361883785235501
601901,方正证券,2026-08-26,7.1122190932413885,7.282571646372919,7.101572058670667,7.2612775772314775,67742244.0,460259119.0,0.008229034210043278,6.68,6.84,6.67,6.82,2026-08-25,6.69,1.0647034570720642
601908,京运通,2026-08-26,12.740855083901138,13.039135972153003,12.698243528436585,12.9539128612239,30325700.0,92067302.0,0.012559291007979966,2.99,3.06,2.98,3.04,2026-08-25,3.0,4.26115554645523
601916,浙商银行,2026-08-26,3.967720932797299,4.062837530501344,3.967720932797299,4.03566135972876,168768685.0,500661518.0,0.007833516054439304,2.92,2.99,2.92,2.97,2026-08-25,2.93,1.358808538629212
601918,新集能源,2026-08-26,16.97101984128159,17.251124052254195,16.85568281323404,17.13578702420665,36868261.0,382435930.0,0.014231872653048872,10.3,10.47,10.23,10.4,2026-08-25,10.47,1.6476718292506394
601919,中远海控,2026-08-26,38.60475542179451,39.17991566347798,38.144627228447725,39.087890024808615,109693794.0,1856856798.0,0.008735991006577664,16.78,17.03,16.58,16.99,2026-08-25,17.07,2.30064096673388
601921,浙版传媒,2026-08-26,8.543031435387832,8.589335128804569,8.496727741971096,8.531455512033649,5811500.0,42871921.0,0.0026151749990846887,7.38,7.42,7.34,7.37,2026-08-25,7.41,1.1575923354184054
601928,凤凰传媒,2026-08-26,13.857500146668176,13.90484923600759,13.557622580851897,13.589188640411503,15230203.0,131897877.0,0.005984597823097175,8.78,8.81,8.59,8.61,2026-08-25,8.81,1.5783029779804303
601929,吉视传媒,2026-08-26,4.9589763364299095,5.066313486569085,4.937508906402074,5.00191119648558,49637726.0,115749838.0,0.01422370746028617,2.31,2.36,2.3,2.33,2026-08-25,2.33,2.1467430027835106
601933,永辉超市,2026-08-26,27.564163374145245,28.09938984742962,27.474958961931186,27.564163374145245,90561761.0,281225987.0,0.010146933769098764,3.09,3.15,3.08,3.09,2026-08-25,3.11,8.920441221406229
601939,建设银行,2026-08-26,26.340913655094756,26.51404642090289,26.16778088928662,26.390380159611365,94311206.0,1005290894.0,0.009830578687842323,10.65,10.72,10.58,10.67,2026-08-25,10.66,2.4733252258304934
601949,中国出版,2026-08-26,5.871371616676821,5.972796462262409,5.848832762102246,5.916449325825971,7892783.0,41547507.0,0.004145438776358796,5.21,5.3,5.19,5.25,2026-08-25,5.22,1.1269427287287563
601952,苏垦农发,2026-08-26,13.371177381790101,13.842743364538103,13.279906546419522,13.599354470216554,26648166.0,237862969.0,0.019338291727140782,8.79,9.1,8.73,8.94,2026-08-25,8.94,1.5211805895096817
601956,东贝集团,2026-08-26,5.4058622490929045,5.4489368486872705,5.352018999599948,5.384324949295722,4117500.0,20630532.0,0.006623857963636395,5.02,5.06,4.97,5.0,2026-08-25,5.01,1.0768649898591445
601958,金钼股份,2026-08-26,32.76773562426974,34.94232171569855,32.708157923134706,34.331650279064434,81212481.0,1856192138.0,0.025169643046417466,22.0,23.46,21.96,23.05,2026-08-25,22.07,1.4894425283758972
601963,重庆银行,2026-08-26,13.566288835959098,13.822948354477244,13.51740130862231,13.688507654301072,12517548.0,140321621.0,0.006153980085480198,11.1,11.31,11.06,11.2,2026-08-25,11.16,1.2221881834197386
601965,中国汽研,2026-08-26,25.834907449123882,26.542464605385,25.76233748437915,26.125187308102802,9469122.0,136522356.0,0.009484242471698082,14.24,14.63,14.2,14.4,2026-08-25,14.09,1.8142491186182501
601966,玲珑轮胎,2026-08-26,12.477378322814236,12.632790508329716,12.432974841238384,12.588387026753864,9492087.0,107426714.0,0.0064858692165445115,11.24,11.38,11.2,11.34,2026-08-25,11.19,1.1100870393962843
601968,宝钢包装,2026-08-26,4.7211923849249855,4.763252005280664,4.7106774798360656,4.7317072900139046,4292400.0,19342390.0,0.0033645313587349966,4.49,4.53,4.48,4.5,2026-08-25,4.48,1.0514905088919788
601969,海南矿业,2026-08-26,9.23472006918246,9.579666923420866,9.195297571555214,9.490966303759562,23825371.0,228459604.0,0.012078911763382851,9.37,9.72,9.33,9.63,2026-08-25,9.43,0.9855624406811591
601975,招商南油,2026-08-26,3.707236578795468,3.8295565674359278,3.650781199422948,3.726055038586308,169892512.0,677643116.0,0.03629914540238483,3.94,4.07,3.88,3.96,2026-08-25,4.04,0.9409229895419969
601985,中国核电,2026-08-26,10.582711073538333,10.690331864116688,10.558795342298698,10.666416132877053,98888640.0,880897933.0,0.00523683462366315,8.85,8.94,8.83,8.92,2026-08-25,8.84,1.1957865619817325
601988,中国银行,2026-08-26,15.78832884443057,16.072105996863147,15.762530921482155,15.994712228017898,260758583.0,1613541665.0,0.001237197570914428,6.12,6.23,6.11,6.2,2026-08-25,6.14,2.5797922948415963
601990,南京证券,2026-08-26,8.493358238531677,8.647316393912917,8.454868699686367,8.621656701349377,19839008.0,132904303.0,0.004688161196115589,6.62,6.74,6.59,6.72,2026-08-25,6.61,1.2829846281769905
601991,大唐发电,2026-08-26,15.363149371855199,15.786960389009826,15.257196617566542,15.733984011865498,225911648.0,1327718031.0,0.01822442917828442,5.8,5.96,5.76,5.94,2026-08-25,5.9,2.6488188572164137
601992,金隅集团,2026-08-26,3.598850784315455,3.677086670931008,3.598850784315455,3.651008042059157,42324196.0,59198669.0,0.005078400800573038,1.38,1.41,1.38,1.4,2026-08-25,1.39,2.6078628871851124
601995,中金公司,2026-08-26,34.07888724792445,35.103282370555505,33.99774704019129,35.04242721475564,24606851.0,843981002.0,0.008416792813857698,33.6,34.61,33.52,34.55,2026-08-25,33.68,1.014252596664418
601996,丰林集团,2026-08-26,11.370864743719247,11.635303458689462,11.282718505395842,11.459010982042653,15825200.0,41057437.0,0.014118116221997094,2.58,2.64,2.56,2.6,2026-08-25,2.6,4.407311916170251
601997,贵阳银行,2026-08-26,10.701325622956452,10.975718587647641,10.662126628000568,10.936519592691758,103713177.0,574875167.0,0.02836639997181597,5.46,5.6,5.44,5.58,2026-08-25,5.47,1.9599497477942218
601998,中信银行,2026-08-26,17.31340802789433,17.804568539323952,17.27247798527519,17.702243432776115,80402159.0,691287581.0,0.0019724299096323264,8.46,8.7,8.44,8.65,2026-08-25,8.51,2.0465021309567764
601999,出版传媒,2026-08-26,6.7918301240898655,6.8922019978448885,6.7918301240898655,6.8922019978448885,4452279.0,27390044.0,0.008081612271373408,6.09,6.18,6.09,6.18,2026-08-25,6.13,1.115243041722474
603000,人民网,2026-08-26,70.72334692787159,71.45556184734407,70.20648933765571,70.46491813276364,10954967.0,179766153.0,0.009907801044924072,16.42,16.59,16.3,16.36,2026-08-25,16.5,4.307146585132252
603001,奥康国际,2026-08-26,12.23110911909243,12.397005790251516,12.050130932373431,12.36684275913168,8115500.0,65944852.0,0.0202391640480822,8.11,8.22,7.99,8.2,2026-08-25,8.12,1.5081515559916685
603002,宏昌电子,2026-08-26,32.1238061279106,32.327766801738605,30.369744332989768,31.348755567364183,45476433.0,698343702.0,0.04009989841011968,15.75,15.85,14.89,15.37,2026-08-25,15.52,2.039606738280038
603004,鼎龙科技,2026-08-26,20.087800001424764,20.23581536985632,19.8552044224609,20.098372527741308,1676285.0,31814053.0,0.028469514266304348,19.0,19.14,18.78,19.01,2026-08-25,18.83,1.057252631653935
603005,晶方科技,2026-08-26,86.1716730083914,87.0547546160807,83.77880671658814,85.40253741459749,32439588.0,970264569.0,0.049740869929735955,30.25,30.56,29.41,29.98,2026-08-25,30.33,2.8486503473848397
603006,联明股份,2026-08-26,28.56992247000062,29.119344055962173,28.245264260114254,28.445053927736634,2640000.0,30154715.0,0.010383307260350614,11.44,11.66,11.31,11.39,2026-08-25,11.54,2.4973708452797747
603007,顺景科技,2026-08-26,23.151632325701218,24.077697618729268,23.151632325701218,23.833996225827146,24101566.0,117250708.0,0.03467407050672929,4.75,4.94,4.75,4.89,2026-08-25,4.73,4.8740278580423615
603009,北特科技,2026-08-26,127.6920496193881,131.36070761513443,126.92419096911563,126.95263017838496,6994167.0,316886210.0,0.020191606961653882,44.9,46.19,44.63,44.64,2026-08-25,44.65,2.843920926935147
603010,XD万盛股,2026-08-26,53.493314440260626,54.24807019955884,52.73855868096241,53.63483114512904,5885600.0,66825234.0,0.01031153439466907,11.34,11.5,11.18,11.37,2026-08-25,11.34,4.717223495613812
603011,合锻智能,2026-08-26,49.612328064601655,49.63309504997821,44.898222384122555,47.452561585439426,53685734.0,1210006004.0,0.10858447889538467,23.89,23.9,21.62,22.85,2026-08-25,22.8,2.076698537655992
603012,创力集团,2026-08-26,21.112659688095242,21.92468506071429,20.945477993732496,21.733620267156866,21709534.0,194705827.0,0.033580098994586235,8.84,9.18,8.77,9.1,2026-08-25,8.78,2.3883099194677877
603013,亚普股份,2026-08-26,20.31255135381068,20.740448965972735,20.299966129923558,20.362892249359156,1891000.0,30754861.0,0.0037208327540889396,16.14,16.48,16.13,16.18,2026-08-25,16.35,1.258522388711938
603014,威高血净,2026-08-26,33.317782180473074,33.69004790315992,33.04892360297701,33.22471574980136,1103700.0,35523010.0,0.010875511487513973,32.22,32.58,31.96,32.13,2026-08-25,32.25,1.0340714519079166
603015,弘讯科技,2026-08-26,24.2982536163556,25.181826475132166,23.746020579620243,24.09944972313087,4868100.0,53523810.0,0.012043224093869907,11.0,11.4,10.75,10.91,2026-08-25,10.91,2.208932146941418
603016,新宏泰,2026-08-26,33.52788867980869,33.86549589220954,32.71297471884112,33.64430495994691,3259261.0,93632812.0,0.021998251889848813,28.8,29.09,28.1,28.9,2026-08-25,28.82,1.164162801382246
603017,中衡设计,2026-08-26,50.58605157050906,51.03816126676982,49.58136335659626,49.933004231465745,8995600.0,89733634.0,0.032570297465161095,10.07,10.16,9.87,9.94,2026-08-25,9.97,5.023441069563958
603018,华设集团,2026-08-26,40.78084176190927,41.08688935486919,40.62781796542931,41.08688935486919,6720310.0,35952723.0,0.00820402691540399,5.33,5.37,5.31,5.37,2026-08-25,5.31,7.651189823997987
603019,中科曙光,2026-08-26,361.07935488326376,363.8734213198605,355.62017892252874,362.1539958204163,22081797.0,1845181363.0,0.015092943806604083,84.0,84.65,82.73,84.25,2026-08-25,83.19,4.298563748610283
603020,爱普股份,2026-08-26,21.992631004088363,22.212998048217507,21.750227255546307,21.860410777610877,3335600.0,33196377.0,0.00887983113221196,9.98,10.08,9.87,9.92,2026-08-25,9.97,2.203670441291419
603022,新通联,2026-08-26,22.42267421059427,22.748366685161564,22.1721415378502,22.673206883338345,2705500.0,24341834.0,0.0135275,8.95,9.08,8.85,9.05,2026-08-25,8.97,2.5053267274407007
603023,威帝股份,2026-08-26,28.303409317624112,29.117895916692433,27.896166018089954,28.16766155111273,12984656.0,54132742.0,0.023265097696549716,4.17,4.29,4.11,4.15,2026-08-25,4.09,6.7873883255693315
603025,大豪科技,2026-08-26,41.04902957568016,41.588359891273036,40.83929000850515,41.10895516630159,6424343.0,88444832.0,0.0057920024475709925,13.7,13.88,13.63,13.72,2026-08-25,13.72,2.9962795310715444
603026,石大胜华,2026-08-26,67.93523697225999,69.80004079594794,67.39314283746698,68.57490805131575,6712303.0,425604304.0,0.02884518156848255,62.66,64.38,62.16,63.25,2026-08-25,62.2,1.0841882695860197
603027,千禾味业,2026-08-26,57.00297858474331,57.62173547575816,56.69360013923588,57.23501241887388,9382419.0,69506347.0,0.0070505348799483085,7.37,7.45,7.33,7.4,2026-08-25,7.36,7.734461137685659
603028,赛福天,2026-08-26,9.446703437154975,9.579755598241666,9.340261708285624,9.446703437154975,3276500.0,23291549.0,0.011529258594602203,7.1,7.2,7.02,7.1,2026-08-25,7.1,1.330521610866898
603029,天鹅股份,2026-08-26,21.366294508207783,21.56413056846897,21.102513094526206,21.339916366839624,2172960.0,35086965.0,0.017907731865306323,16.2,16.35,16.0,16.18,2026-08-25,16.22,1.3189070684078879
603030,全筑股份,2026-08-26,7.279345799087192,7.451842145037127,7.244846529897207,7.348344337467166,33549400.0,71449410.0,0.025475393776900748,2.11,2.16,2.1,2.13,2026-08-25,2.11,3.4499269189986697
603031,安孚科技,2026-08-26,127.74568613234398,127.74568613234398,120.64691094944028,123.58322250236861,7749620.0,295905121.0,0.023663705631101577,39.59,39.59,37.39,38.3,2026-08-25,39.15,3.2267159922289457
603032,德新科技,2026-08-26,33.69133154456353,35.97014169065785,33.60368500048299,35.146264176300676,19212122.0,383054145.0,0.08249738064321097,19.22,20.52,19.17,20.05,2026-08-25,19.36,1.752930881611006
603033,三维股份,2026-08-26,49.565047683701486,50.44650544004639,49.565047683701486,50.2430921116591,4418718.0,32665421.0,0.004364032233529067,7.31,7.44,7.31,7.41,2026-08-25,7.37,6.780444279576127
603035,常熟汽饰,2026-08-26,13.561711644375698,13.706241430994268,13.513535048836177,13.609888239915223,3194000.0,36164066.0,0.008718508142606187,11.26,11.38,11.22,11.3,2026-08-25,11.26,1.2044148884880728
603036,如通股份,2026-08-26,17.27198072702749,17.490613394458215,16.93310009250986,16.965894992624467,8014714.0,125826073.0,0.038905240756914754,15.8,16.0,15.49,15.52,2026-08-25,15.85,1.0931633371536384
603037,凯众股份,2026-08-26,42.60985287764484,43.85091655369274,42.19616498562886,42.85806561285442,3013700.0,31352390.0,0.01132331064476829,10.3,10.6,10.2,10.36,2026-08-25,10.27,4.136878920159693
603038,华立股份,2026-08-26,59.67357063718907,60.67969479328121,58.598058608262996,59.8817342556909,7718100.0,132795721.0,0.028726303163322,17.2,17.49,16.89,17.26,2026-08-25,17.28,3.4693936416970392
603039,泛微网络,2026-08-26,177.0379052791716,178.8480185251681,173.06448595869145,174.12406444415282,11437290.0,454426419.0,0.03717761588117268,40.1,40.51,39.2,39.44,2026-08-25,40.1,4.4149103560890675
603040,新坐标,2026-08-26,133.37035630729645,136.24866995563954,131.96940718642148,133.03922287872598,1029085.0,53813924.0,0.005214511489123129,52.36,53.49,51.81,52.23,2026-08-25,52.34,2.547180219772659
603041,美思德,2026-08-26,16.856896890430512,16.99211264088851,16.571441417241402,16.826848945884286,1759700.0,19705431.0,0.009608092686202128,11.22,11.31,11.03,11.2,2026-08-25,11.23,1.5023972273110973
603042,华脉科技,2026-08-26,14.178408986115022,14.218976679923646,13.833583588741694,13.96542859361973,5815170.0,80401378.0,0.027854861131362308,13.98,14.02,13.64,13.77,2026-08-25,13.91,1.0141923452156667
603043,广州酒家,2026-08-26,21.486154143255803,21.866720711106826,21.486154143255803,21.72400824816269,3070740.0,42120809.0,0.005459555624238902,13.55,13.79,13.55,13.7,2026-08-25,13.62,1.5856940327126052
603045,福达合金,2026-08-26,84.5551882352085,85.54233381110295,82.0564759962257,83.35210456458715,7262858.0,393499303.0,0.053622132146402726,54.82,55.46,53.2,54.04,2026-08-25,54.52,1.5424149623350694
603048,浙江黎明,2026-08-26,23.818144641314372,24.31616039290549,23.42839318354741,23.62326891243089,2212200.0,48616021.0,0.01506127450980392,22.0,22.46,21.64,21.82,2026-08-25,22.01,1.0826429382415623
603049,中策橡胶,2026-08-26,48.90900394943595,49.82263407397363,48.670665656078285,49.554503493946264,2965900.0,147471282.0,0.0058732988656891305,49.25,50.17,49.01,49.9,2026-08-25,49.25,0.9930762223235725
603050,科林电气,2026-08-26,58.89676554478916,59.29072384274761,58.30582809785148,59.02808497744198,2329278.0,41723455.0,0.005775271894883515,17.94,18.06,17.76,17.98,2026-08-25,17.94,3.282985816320466
603051,鹿山新材,2026-08-26,28.559183115886206,28.85088683448232,28.211916784224165,28.295260703823057,3093989.0,63443978.0,0.01914207489049754,20.56,20.77,20.31,20.37,2026-08-25,20.58,1.3890653266481618
603052,可川科技,2026-08-26,173.0161937117568,178.27467715382593,167.06262337791995,172.95575137334222,5258639.0,301278953.0,0.02798677524244337,57.25,58.99,55.28,57.23,2026-08-25,56.86,3.0221169207293768
603053,成都燃气,2026-08-26,10.013759291341513,10.128071612018926,9.979465595138288,10.059484219612479,2182600.0,19232279.0,0.0024554219307225864,8.76,8.86,8.73,8.8,2026-08-25,8.76,1.1431232067741453
603055,台华新材,2026-08-26,13.84757630758176,14.074585755247034,13.802174418048702,14.029183865713977,11149400.0,102834574.0,0.012548849701420686,9.15,9.3,9.12,9.27,2026-08-25,9.15,1.5133963177684981
603057,紫燕食品,2026-08-26,22.216768163740362,22.627429312792863,22.073036761571984,22.381032623361364,1737500.0,37789079.0,0.004217233009708738,21.64,22.04,21.5,21.8,2026-08-25,21.7,1.0266528726312552
603058,永吉股份,2026-08-26,10.039869508428767,10.282858649446846,9.973599742696562,10.150319117982438,5150836.0,47287504.0,0.012421723108415076,9.09,9.31,9.03,9.19,2026-08-25,9.11,1.104496095536718
603059,倍加洁,2026-08-26,29.513095863188518,31.012291748766106,29.513095863188518,30.281278878939016,2098300.0,51043206.0,0.020889269846200098,23.82,25.03,23.82,24.44,2026-08-25,25.04,1.2390048641137077
603060,国检集团,2026-08-26,21.71057588329204,22.18426117529114,21.671102108958785,21.789523431958557,4244830.0,23489461.0,0.005279875354626397,5.5,5.62,5.49,5.52,2026-08-25,5.49,3.947377433325826
603061,金海通,2026-08-26,499.9842956105584,532.8483574476691,490.31059998915083,511.35125606676337,4355531.0,1516996359.0,0.05006357471264368,339.57,361.89,333.0,347.29,2026-08-25,339.57,1.472404204171624
603062,麦加芯彩,2026-08-26,41.875635905964145,42.35696505430856,41.59753462025404,42.121648581784626,121100.0,4750742.0,0.003266519390069889,39.15,39.6,38.89,39.38,2026-08-25,39.08,1.0696203296542566
603063,禾望电气,2026-08-26,33.45209262888358,34.45131098013594,32.96334452229275,34.11461784004004,17959265.0,559462195.0,0.038853253463813034,30.8,31.72,30.35,31.41,2026-08-25,30.67,1.0861069035351811
603065,宿迁联盛,2026-08-26,18.829031220509588,18.934339001384924,17.691707187055993,18.439392431270857,35616100.0,617851172.0,0.08500920448325294,17.88,17.98,16.8,17.51,2026-08-25,17.82,1.0530778087533328
603066,音飞储存,2026-08-26,29.34427084859335,29.37602871747711,28.709113470918165,28.89966068422072,6679300.0,60865113.0,0.02270480086968773,9.24,9.25,9.04,9.1,2026-08-25,9.17,3.1757868883759035
603067,振华股份,2026-08-26,94.89600164188046,98.68959365303054,93.77197437931746,97.73417047985201,19171237.0,660529846.0,0.025374708644475972,33.77,35.12,33.37,34.78,2026-08-25,33.71,2.8100681564074756
603068,博通集成,2026-08-26,32.11659831077969,32.435110029564285,31.709611114554942,32.23161643145191,5518323.0,200245869.0,0.03635562599270892,36.3,36.66,35.84,36.43,2026-08-25,36.55,0.8847547744016445
603069,海汽集团,2026-08-26,12.639428880496581,12.991338733317832,12.639428880496581,12.77628271214929,3294200.0,43348294.0,0.010424683544303797,12.93,13.29,12.93,13.07,2026-08-25,12.99,0.9775273689479181
603070,万控智造,2026-08-26,11.74769895153171,11.879581582248388,11.65639559180478,11.798423040268894,1378514.0,16025091.0,0.0034376907730673317,11.58,11.71,11.49,11.63,2026-08-25,11.61,1.014481774743671
603071,物产环能,2026-08-26,14.695970675927642,15.000186629410221,14.684270062332159,14.90658172064635,3703180.0,47167131.0,0.006637065181748298,12.56,12.82,12.55,12.74,2026-08-25,12.67,1.170061359548379
603072,天和磁材,2026-08-26,31.33460259912641,31.672817357339202,31.13565274135418,31.414182542235302,1679100.0,52953608.0,0.013301909213340728,31.5,31.84,31.3,31.58,2026-08-25,31.56,0.9947492888611559
603073,彩蝶实业,2026-08-26,17.302727364198986,17.40547515139732,17.056132674922992,17.261628249319653,1169900.0,19663227.0,0.022987512901616353,16.84,16.94,16.6,16.8,2026-08-25,16.75,1.0274778719833126
603075,热威股份,2026-08-26,22.393670325274208,22.836417189145397,22.347065392235137,22.56843882417073,1830091.0,35435219.0,0.04316160843665131,19.22,19.6,19.18,19.37,2026-08-25,19.27,1.165123325976806
603076,乐惠国际,2026-08-26,28.964070853500218,29.4493472919265,28.756095237031808,29.047261100087578,1546652.0,32401546.0,0.012813875543921034,20.89,21.24,20.74,20.95,2026-08-25,20.86,1.3865041097893833
603077,和邦生物,2026-08-26,31.336268035128303,32.13634296368477,30.936230570850064,31.602959677980458,186148379.0,441161116.0,0.0210772802648163,2.35,2.41,2.32,2.37,2026-08-25,2.39,13.334582142607788
603078,江化微,2026-08-26,197.9010847769636,200.9959757639187,186.83971513840174,189.3041653687549,22489114.0,750134526.0,0.058316757825219195,34.53,35.07,32.6,33.03,2026-08-25,34.68,5.731279605472446
603079,圣达生物,2026-08-26,27.637548267793814,29.262106620254848,27.336704128449185,28.239236546483088,28458071.0,401596213.0,0.15054820719529124,13.78,14.59,13.63,14.08,2026-08-25,13.89,2.005627595630901
603080,新疆火炬,2026-08-26,22.264488416236308,22.62007787574343,22.264488416236308,22.50537159848307,1366800.0,26812202.0,0.009659363957597172,19.41,19.72,19.41,19.62,2026-08-25,19.58,1.1470627726036222
603081,大丰实业,2026-08-26,10.900193995023047,11.50700891845732,10.844007428038394,11.38339847109108,8048544.0,80724846.0,0.019049846654247343,9.7,10.24,9.65,10.13,2026-08-25,9.69,1.1237313396930977
603082,北自科技,2026-08-26,46.60145604650111,47.03096255384213,44.30359623222663,44.86195469176997,4858800.0,204217488.0,0.11980205587705174,43.4,43.8,41.26,41.78,2026-08-25,43.4,1.0737662683525602
603083,剑桥科技,2026-08-26,460.4307134310038,497.86516520287296,457.822040833661,497.86516520287296,26981464.0,4995730389.0,0.09790494318132935,176.5,190.85,175.5,190.85,2026-08-25,173.5,2.6086725973427978
603085,天成自控,2026-08-26,26.683189384300928,26.948958202869665,26.071921101592842,26.15165174716346,5828600.0,57792824.0,0.014677914882901032,10.04,10.14,9.81,9.84,2026-08-25,10.04,2.6576881856873436
603086,先达股份,2026-08-26,32.24920046869944,32.75929327048907,32.07916953476957,32.30587744667607,8822740.0,50613119.0,0.020290876994028675,5.69,5.78,5.66,5.7,2026-08-25,5.66,5.667697797662468
603087,甘李药业,2026-08-26,100.3815959117375,102.77737189098953,99.85707691036279,101.07622918382832,14975788.0,1069103518.0,0.02667500096501424,70.81,72.5,70.44,71.3,2026-08-25,68.78,1.4176189226343383
603088,宁波精达,2026-08-26,65.96742928856249,67.71758557581006,65.29429225500571,67.17907594896465,11744567.0,116332221.0,0.026821928078316248,9.8,10.06,9.7,9.98,2026-08-25,9.8,6.7313703355676004
603089,XD正裕工,2026-08-26,22.76261273507204,23.192095994224346,22.139862009301204,22.80556106098727,15159571.0,159822233.0,0.06315612467518461,10.6,10.8,10.31,10.62,2026-08-25,11.09,2.1474162957615133
603090,宏盛股份,2026-08-26,45.14949610522773,45.172437922354376,42.63736712986064,43.58945254061621,2198773.0,83658617.0,0.02198773,39.36,39.38,37.17,38.0,2026-08-25,38.56,1.1470908563320055
603091,众鑫股份,2026-08-26,50.12315868986473,50.92213559392028,49.819749738957555,50.18384048004616,778120.0,38763120.0,0.017677206601522957,49.56,50.35,49.26,49.62,2026-08-25,49.5,1.0113631696905716
603092,德力佳,2026-08-26,43.467187012734634,43.90551158765297,43.425441815123364,43.644604102582534,1014265.0,42430489.0,0.029338052498153546,41.65,42.07,41.61,41.82,2026-08-25,41.84,1.043629940281744
603093,南华期货,2026-08-26,16.647975084375183,18.351757443400572,16.51802558241562,17.745326434255944,50348969.0,622368843.0,0.057082475458369475,11.53,12.71,11.44,12.29,2026-08-25,11.55,1.4438833551062606
603095,越剑智能,2026-08-26,39.63730706434045,41.75067059265244,36.86645266055361,39.19115254169681,27074460.0,445520355.0,0.10483038627912272,16.88,17.78,15.7,16.69,2026-08-25,16.4,2.348181698124434
603096,新经典,2026-08-26,21.50214498011768,21.78807775910861,21.273398756924944,21.373475229571767,1278200.0,19202823.0,0.008287373916767224,15.04,15.24,14.88,14.95,2026-08-25,15.07,1.4296638949546332
603097,江苏华辰,2026-08-26,19.038231178239684,19.571736359155587,18.70232050877412,19.314863494270153,2229880.0,43276507.0,0.009924835664362058,19.27,19.81,18.93,19.55,2026-08-25,18.98,0.9879725572516702
603098,森特股份,2026-08-26,12.729019365975452,13.125253431842392,12.667107793183744,12.77854862420882,4724181.0,48943022.0,0.008767968064022453,10.28,10.6,10.23,10.32,2026-08-25,10.14,1.238231455834188
603099,长白山,2026-08-26,36.51643318615167,37.636450703230885,36.46815656903619,37.44334423476896,7154966.0,276323586.0,0.026270651933099586,37.82,38.98,37.77,38.78,2026-08-25,38.08,0.9655323423096688
603100,川仪股份,2026-08-26,28.568675790889863,29.317057958532764,28.405984015315322,29.024212762498586,4383722.0,78212096.0,0.008569670303602912,17.56,18.02,17.46,17.84,2026-08-25,17.5,1.6269177557454364
603101,汇嘉时代,2026-08-26,14.852438176222455,15.178417614932412,14.811690746383709,15.117296470174296,7976497.0,58927637.0,0.016956838860544218,7.29,7.45,7.27,7.42,2026-08-25,7.36,2.0373714919372365
603102,百合股份,2026-08-26,40.05822746996029,43.09052357326407,39.88865827997292,41.29508509104473,5137377.0,214138035.0,0.080271515625,40.16,43.2,39.99,41.4,2026-08-25,40.08,0.9974658234551868
603103,横店影视,2026-08-26,20.977111118500673,21.85410430079807,20.892240810536407,21.783379044161183,5539764.0,84551023.0,0.00873504257332072,14.83,15.45,14.77,15.4,2026-08-25,14.88,1.4145051327377391
603105,芯能科技,2026-08-26,8.050060087615737,8.66119030369128,7.986839720435509,8.51367611360408,47828384.0,377270264.0,0.09565459185803522,7.64,8.22,7.58,8.08,2026-08-25,7.62,1.0536727863371385
603106,恒银科技,2026-08-26,14.943718270356582,16.717392880890035,14.882557076889912,16.717392880890035,52143389.0,415275211.0,0.10017557250441866,7.33,8.2,7.3,8.2,2026-08-25,7.45,2.038706448889029
603107,上海汽配,2026-08-26,12.128643207133162,12.282300004520831,12.077424274670607,12.27205621802832,1947200.0,23242337.0,0.008924986560497462,11.84,11.99,11.79,11.98,2026-08-25,11.82,1.0243786492511118
603108,润达医疗,2026-08-26,53.12294459060185,53.775427021602084,52.470462159601624,52.687956303268365,8788444.0,85583667.0,0.014535872336791572,9.77,9.89,9.65,9.69,2026-08-25,9.77,5.437353591668562
603109,神驰机电,2026-08-26,27.118396866277564,27.133471016842478,26.4400600908565,26.560653295375804,1797660.0,31828888.0,0.008607489184976124,17.99,18.0,17.54,17.62,2026-08-25,17.85,1.5074150564912487
603110,东方材料,2026-08-26,51.811919792948686,53.17322023336852,50.03810406755316,50.533122409524,9077200.0,226172388.0,0.04510931480018271,25.12,25.78,24.26,24.5,2026-08-25,24.61,2.0625764248785305
603111,康尼机电,2026-08-26,16.380690794793587,17.12904722704304,16.380690794793587,17.045896512348655,16756198.0,102357788.0,0.02000512667696819,5.91,6.18,5.91,6.15,2026-08-25,5.85,2.7716904898127894
603112,华翔股份,2026-08-26,18.08957654059662,18.787060213181814,17.414592341320628,17.662086547721824,14595506.0,232621770.0,0.027301398094940255,16.08,16.7,15.48,15.7,2026-08-25,16.46,1.124973665459989
603113,金能科技,2026-08-26,5.916373323225412,6.06149191417245,5.8382325434846996,5.882884417622249,47662029.0,252634116.0,0.05617272377706532,5.3,5.43,5.23,5.27,2026-08-25,5.48,1.116296853438757
603115,海星股份,2026-08-26,105.1002328525541,105.25149578090398,101.0711384883256,102.00621840903393,4371970.0,326394187.0,0.01787522906371917,76.43,76.54,73.5,74.18,2026-08-25,76.2,1.3751175304534096
603116,红蜻蜓,2026-08-26,12.995735046287699,13.134620764339628,12.658441159590156,12.817167694506647,5857000.0,37751094.0,0.01016485919491955,6.55,6.62,6.38,6.46,2026-08-25,6.57,1.9840816864561373
603117,万林物流,2026-08-26,5.581066564907813,5.65243570256648,5.552518909844346,5.595340392439546,8100540.0,31808910.0,0.013518976177984329,3.91,3.96,3.89,3.92,2026-08-25,3.92,1.4273827531733536
603118,共进股份,2026-08-26,40.736771272961775,43.35556371193788,39.524367366028386,43.35556371193788,126463633.0,2171553465.0,0.1606343490497034,16.8,17.88,16.3,17.88,2026-08-25,16.25,2.424807813866772
603119,浙江荣泰,2026-08-26,90.40519544535074,92.39410974514846,89.17568478729397,89.32033310000652,6252449.0,312821232.0,0.013222622812510954,50.0,51.1,49.32,49.4,2026-08-25,49.88,1.8081039089070148
603120,肯特催化,2026-08-26,46.13537945531407,46.33596806164153,45.23273072684054,45.92476141867025,1163300.0,53172540.0,0.030693931398416887,46.0,46.2,45.1,45.79,2026-08-25,46.0,1.0029430316372625
603121,华培动力,2026-08-26,25.065152229709984,27.468387903081545,25.025429326017893,27.468387903081545,11215234.0,151640238.0,0.033128853945906096,12.62,13.83,12.6,13.83,2026-08-25,12.57,1.9861451846045948
603122,合富中国,2026-08-26,12.960110314700623,13.26001369388378,12.692339440429949,12.745893615284084,15607600.0,187901333.0,0.039209890115209964,12.1,12.38,11.85,11.9,2026-08-25,12.24,1.0710834970826961
603123,翠微股份,2026-08-26,10.65605794041517,10.884169272472986,10.558295940961822,10.764682384252227,50738989.0,500960307.0,0.07778761286199133,9.81,10.02,9.72,9.91,2026-08-25,9.89,1.0862444383705576
603124,XD江南新,2026-08-26,130.81020082333248,132.83335499947836,126.7843283718098,129.61470062833715,2971600.0,377213203.0,0.038289467394230114,128.02,130.0,124.08,126.85,2026-08-25,127.01,1.0217950384575258
603125,常青科技,2026-08-26,50.27977075505466,50.61026880997395,49.04591135002265,49.92723949647409,3201415.0,72377495.0,0.007907923293701066,22.82,22.97,22.26,22.66,2026-08-25,22.8,2.2033203661286005
603126,中材节能,2026-08-26,10.011387841112894,10.109699342007618,9.978617340814651,10.060543591560256,5800503.0,35635606.0,0.009501233415233415,6.11,6.17,6.09,6.14,2026-08-25,6.11,1.6385250149120938
603127,昭衍新药,2026-08-26,387.6894940721735,397.84136329839333,372.58159420008263,374.97967354485894,27310072.0,1296145939.0,0.04350700147200477,48.5,49.77,46.61,46.91,2026-08-25,48.29,7.993597815921103
603128,华贸物流,2026-08-26,18.852860872789858,19.468743805113302,18.818645154327445,19.297665212801235,23034290.0,129924933.0,0.0175962352029339,5.51,5.69,5.5,5.64,2026-08-25,5.55,3.4215718462413536
603129,春风动力,2026-08-26,334.556941045785,335.2973762611182,327.41391896845266,333.5116207417851,1071700.0,326310670.0,0.006982543049475856,307.25,307.93,300.69,306.29,2026-08-25,305.03,1.0888753166665093
603130,云中马,2026-08-26,37.43315687414595,37.43315687414595,35.85465025897112,36.42291264043406,758300.0,30862489.0,0.005514339610018456,41.5,41.5,39.75,40.38,2026-08-25,41.56,0.9020037800999025
603131,上海沪工,2026-08-26,41.841623000462256,41.841623000462256,40.61434483605579,40.95684106798318,4321736.0,62193037.0,0.012827674040348557,14.66,14.66,14.23,14.35,2026-08-25,14.46,2.8541352660615456
603132,金徽股份,2026-08-26,20.625990408445713,22.758165695499407,20.625990408445713,21.90529558067793,19670629.0,382866684.0,0.020113117586912064,18.38,20.28,18.38,19.52,2026-08-25,18.46,1.1221975195019431
603135,中重科技,2026-08-26,13.359576013498536,13.447084153324946,13.067882214077171,13.155390353903579,5318800.0,48245043.0,0.008448734348206545,9.16,9.22,8.96,9.02,2026-08-25,9.16,1.458468997106827
603136,天目湖,2026-08-26,30.949152838830877,31.28337695156123,30.815463193738736,30.949152838830877,3659714.0,33978848.0,0.01354813820521488,9.26,9.36,9.22,9.26,2026-08-25,9.25,3.3422411273035504
603137,恒尚节能,2026-08-26,31.745041321908435,32.408801276821066,30.720542261065027,32.062491735127516,14921933.0,327616171.0,0.08157033315754252,22.0,22.46,21.29,22.22,2026-08-25,21.77,1.4429564237231107
603138,海量数据,2026-08-26,39.791124555364,40.226339980188285,39.20047505024531,39.853298187481755,3335552.0,42720650.0,0.011568006628220537,12.8,12.94,12.61,12.82,2026-08-25,12.8,3.108681605887812
603139,康惠股份,2026-08-26,35.643250404674234,36.14934118121119,35.05453256258022,35.436682740781606,1177600.0,40597693.0,0.011790148177813375,34.51,35.0,33.94,34.31,2026-08-25,34.29,1.032838319463177
603150,万朗磁塑,2026-08-26,54.50711019903962,55.04067308198607,53.575990658211495,54.03631941996922,1033100.0,53500335.0,0.012085443889428307,52.1,52.61,51.21,51.65,2026-08-25,51.93,1.0462017312675551
603151,邦基科技,2026-08-26,15.352537360520568,15.646220463063505,15.170251296873225,15.342410356984605,2868895.0,43501422.0,0.016749561249356323,15.16,15.45,14.98,15.15,2026-08-25,15.25,1.0127003535963435
603153,上海建科,2026-08-26,13.687295858866573,13.905213382017596,13.687295858866573,13.842951232545875,1316600.0,17569687.0,0.003260685147714622,13.19,13.4,13.19,13.34,2026-08-25,13.21,1.037702491195343
603155,新亚强,2026-08-26,33.00979728246906,33.18275280715266,32.4168069121253,32.7627179614925,5761565.0,76444566.0,0.01258283469558663,13.36,13.43,13.12,13.26,2026-08-25,13.4,2.4707932097656484
603156,XD养元饮,2026-08-26,157.53206421951762,159.1800458708868,152.1761238525678,155.77172018282783,23633064.0,979529424.0,0.018752269053720506,42.06,42.5,40.63,41.59,2026-08-25,42.96,3.745412844020866
603158,腾龙股份,2026-08-26,48.4074042880527,49.037826297385486,46.741288977673214,47.23662055643468,18137514.0,191852846.0,0.03695724785607783,10.75,10.89,10.38,10.49,2026-08-25,10.57,4.503014352376995
603159,上海亚虹,2026-08-26,34.20881989439838,35.06710569820049,34.20881989439838,34.48469747419192,2124460.0,48124379.0,0.015174714285714286,22.32,22.88,22.32,22.5,2026-08-25,22.23,1.5326532210751964
603160,汇顶科技,2026-08-26,48.42632406534194,49.26439431084306,48.284962819112835,48.76962994904119,3079833.0,149084608.0,0.0066093282786827585,47.96,48.79,47.82,48.3,2026-08-25,48.02,1.0097231873507493
603161,科华控股,2026-08-26,20.993280028359507,21.164599953261373,20.532034076700636,20.663818634317455,2286700.0,36010901.0,0.011988020891355776,15.93,16.06,15.58,15.68,2026-08-25,15.98,1.317845576168205
603162,海通发展,2026-08-26,32.44448086698685,33.56231592206792,31.926459743900512,32.553537945531346,22676532.0,272712271.0,0.05369169207730071,11.9,12.31,11.71,11.94,2026-08-25,11.96,2.7264269636123406
603163,圣晖集成,2026-08-26,102.53064893566233,103.35243497597321,100.84855563440101,101.67034167471189,1465068.0,116405914.0,0.01465068,79.85,80.49,78.54,79.18,2026-08-25,79.54,1.2840406879857524
603165,荣晟环保,2026-08-26,40.03618217878707,41.01199441852075,39.4228144852402,39.4228144852402,13693235.0,196869009.0,0.043786352513234345,14.36,14.71,14.14,14.14,2026-08-25,13.75,2.7880349706676237
603166,福达股份,2026-08-26,17.913536048130904,18.157811539696326,17.68554558933651,17.83211088427576,6116600.0,67241253.0,0.009546512544922989,11.0,11.15,10.86,10.95,2026-08-25,11.0,1.6285032771028094
603167,渤海轮渡,2026-08-26,12.999355107682668,13.302036170239003,12.776326956325365,13.047146854402087,18948813.0,155774880.0,0.04039014179816576,8.16,8.35,8.02,8.19,2026-08-25,8.75,1.593058223980719
603168,莎普爱思,2026-08-26,26.133586054267056,26.770990592176005,25.99699936757228,26.588875009916308,7786638.0,45179244.0,0.020902940280057385,5.74,5.88,5.71,5.84,2026-08-25,5.76,4.552889556492518
603169,兰石重装,2026-08-26,10.24603650665162,10.402226087545701,9.996133177221095,10.074227967668135,11793911.0,76525867.0,0.009028542488023797,6.56,6.66,6.4,6.45,2026-08-25,6.4,1.561895808940796
603170,宝立食品,2026-08-26,13.232795014152803,13.350182711858995,13.019362836505175,13.05137766315232,2636584.0,32502628.0,0.006591295217619559,12.4,12.51,12.2,12.23,2026-08-25,12.43,1.0671608882381292
603171,税友股份,2026-08-26,41.644260152142806,42.02080893650969,40.83010061837657,41.003109519301894,5086393.0,206194447.0,0.012531456798640025,40.92,41.29,40.12,40.29,2026-08-25,41.16,1.017699417207791
603172,万丰股份,2026-08-26,16.60300681223126,16.793190166323257,16.384295955025465,16.593497644526657,975644.0,16999210.0,0.007314769830559304,17.46,17.66,17.23,17.45,2026-08-25,17.54,0.9509167704599805
603173,福斯达,2026-08-26,31.90184185219572,32.50530727998653,31.809787803888646,32.04503703845116,695559.0,21875295.0,0.00434724375,31.19,31.78,31.1,31.33,2026-08-25,31.19,1.0228227589674805
603175,超颖电子,2026-08-26,87.40959721182686,88.14835310442174,85.99118589804468,86.83829265488681,1589995.0,140345799.0,0.03496474047724602,88.74,89.49,87.3,88.16,2026-08-25,88.74,0.9850078567931808
603176,汇通集团,2026-08-26,5.034074445910815,5.387342828079996,4.975196382215953,5.210708636995405,8537300.0,45354149.0,0.01848634572905541,5.13,5.49,5.07,5.31,2026-08-25,5.14,0.9813010615810557
603177,德创环保,2026-08-26,10.478315240915997,10.886561289263375,10.449154808891185,10.594956969015248,7758400.0,84807155.0,0.037995611973044977,10.78,11.2,10.75,10.9,2026-08-25,10.77,0.972014400827087
603178,圣龙股份,2026-08-26,15.979642045672202,16.26825689297513,15.77761165256015,15.816093632200543,8117322.0,135064965.0,0.034335507867305534,16.61,16.91,16.4,16.44,2026-08-25,16.6,0.9620494910097653
603179,新泉股份,2026-08-26,141.23578777518483,147.5221354720014,141.19814497460507,141.23578777518483,21071361.0,808332125.0,0.029503501581807808,37.52,39.19,37.51,37.52,2026-08-25,37.52,3.764280057974009
603180,金牌家居,2026-08-26,34.1107644075771,35.18653095919582,34.1107644075771,34.760706699180076,1139240.0,17708667.0,0.007385330753571602,15.22,15.7,15.22,15.51,2026-08-25,15.43,2.2411803158723456
603181,皇马科技,2026-08-26,38.988184853107064,39.54164489045401,38.865193733696636,39.357158211338366,3830200.0,48947353.0,0.0065062001019194834,12.68,12.86,12.64,12.8,2026-08-25,12.67,3.0747779852608095
603182,嘉华股份,2026-08-26,13.90369610439241,14.091583889586902,13.684493688332168,13.987201786701073,1607800.0,21500910.0,0.0097708903068976,13.32,13.5,13.11,13.4,2026-08-25,13.32,1.043821028858289
603183,建研院,2026-08-26,21.99587848257312,22.416181893068146,21.902477724685337,22.089279240460904,9275000.0,44060593.0,0.018656219146397576,4.71,4.8,4.69,4.73,2026-08-25,4.71,4.670037894389197
603185,弘元绿能,2026-08-26,57.800920581575625,59.80985501642307,57.73043165403712,58.57629878449921,5939651.0,99339350.0,0.008747359044380702,16.4,16.97,16.38,16.62,2026-08-25,16.42,3.524446376925343
603186,华正新材,2026-08-26,204.24630005580812,208.3724879357234,191.18772221238896,202.10252646456718,24739820.0,4318411026.0,0.15778900609283017,177.21,180.79,165.88,175.35,2026-08-25,174.65,1.1525664469037193
603187,海容冷链,2026-08-26,46.93181927791572,47.439647800309764,46.889500234382886,47.31269066971125,4619094.0,51527497.0,0.01208042461532862,11.09,11.21,11.08,11.18,2026-08-25,11.12,4.231904353283654
603188,亚邦股份,2026-08-26,9.311729256270269,9.487422261105557,9.29220781128857,9.409336481178762,20166600.0,97225063.0,0.03536945121630391,4.77,4.86,4.76,4.82,2026-08-25,4.76,1.9521444981698677
603190,亚通精工,2026-08-26,16.733421715753618,16.893263356023503,16.543609767933127,16.663490998135543,1559086.0,26072124.0,0.00928027380952381,16.75,16.91,16.56,16.68,2026-08-25,16.74,0.9990102516867831
603191,望变电气,2026-08-26,14.433266307970811,14.541638956017007,14.196816894051835,14.472674543623972,8317300.0,121786719.0,0.025206640400033897,14.65,14.76,14.41,14.69,2026-08-25,14.71,0.9852058913290656
603192,汇得科技,2026-08-26,27.133268145894668,27.54026716808309,26.90263536665456,27.282501120697088,1037030.0,20831747.0,0.007438894495475593,20.0,20.3,19.83,20.11,2026-08-25,20.15,1.3566634072947334
603193,润本股份,2026-08-26,20.713617404636487,20.75249796288076,20.217890287022005,20.217890287022005,3243300.0,68134569.0,0.03138586886309879,21.31,21.35,20.8,20.8,2026-08-25,21.25,0.9720139561068272
603194,中力股份,2026-08-26,34.51478728403837,34.82764061906912,33.919356743173374,34.22211803513862,1557182.0,53065041.0,0.009853903809409982,34.2,34.51,33.61,33.91,2026-08-25,34.21,1.0092043065508294
603195,公牛集团,2026-08-26,132.09708622593004,134.53296571277747,131.27415396685996,132.7554320331861,3046149.0,123198769.0,0.001692151432557075,40.13,40.87,39.88,40.33,2026-08-25,40.13,3.2917290362803397
603196,璞源材料,2026-08-26,22.369113421698454,22.762976630573515,21.97525021282339,22.461787117904354,1329900.0,25734173.0,0.0056116698630694324,19.31,19.65,18.97,19.39,2026-08-25,19.38,1.158421202573716
603197,保隆科技,2026-08-26,48.09619383746972,48.61811899256229,47.70079599270262,48.00129835472562,2083700.0,63243569.0,0.009868240635814197,30.41,30.74,30.16,30.35,2026-08-25,30.48,1.5815913790683893
603198,迎驾贡酒,2026-08-26,46.78990515819256,46.78990515819256,44.297578551776276,45.731841976223386,9638024.0,370664547.0,0.01204753,39.8,39.8,37.68,38.9,2026-08-25,39.46,1.1756257577435318
603199,九华旅游,2026-08-26,36.76371713926643,37.46387583075554,36.63445707314536,36.871433861033985,2791400.0,95967191.0,0.025220455366823276,34.13,34.78,34.01,34.23,2026-08-25,34.13,1.0771672176755474
603200,上海洗霸,2026-08-26,88.58496813500133,98.97127164834353,88.58496813500133,98.97127164834353,17880920.0,736903395.0,0.1018971364519885,38.21,42.69,38.21,42.69,2026-08-25,38.81,2.3183713199424583
603201,常润股份,2026-08-26,38.561569131154734,38.66439998217115,37.893168599548055,38.098830301580875,2176950.0,32394920.0,0.01155771273334865,15.0,15.04,14.74,14.82,2026-08-25,14.94,2.5707712754103156
603202,天有为,2026-08-26,52.57556961268161,52.814866724516314,52.05709253703977,52.077033963026,848300.0,44559296.0,0.01689383898042545,52.73,52.97,52.21,52.23,2026-08-25,52.73,0.9970712993112387
603203,快克智能,2026-08-26,148.9631006481215,151.68420646792322,145.12564372276006,148.57935495558536,4789010.0,203745802.0,0.014679630575193042,42.7,43.48,41.6,42.59,2026-08-25,42.66,3.4885972048740395
603205,健尔康,2026-08-26,28.9126670325901,30.461559909336003,28.693240541717767,29.700020911602603,2706438.0,62651231.0,0.0654677793904209,22.4,23.6,22.23,23.01,2026-08-25,22.46,1.2907440639549153
603206,XD嘉环科,2026-08-26,14.440375275993317,14.618910824860142,14.335354364895183,14.587404551530703,2689000.0,37182283.0,0.008810616335935112,13.75,13.92,13.65,13.89,2026-08-25,13.76,1.050209110981332
603207,小方制药,2026-08-26,23.792870397272594,25.077582621747357,23.792870397272594,24.018979748780154,2779259.0,65541252.0,0.05089943315512683,23.15,24.4,23.15,23.37,2026-08-25,23.33,1.0277697795798098
603208,江山欧派,2026-08-26,28.559777467713918,29.138521856927504,28.459126269589817,28.584940267244942,1681800.0,19224593.0,0.00956223700330204,11.35,11.58,11.31,11.36,2026-08-25,11.53,2.516279953102548
603209,兴通股份,2026-08-26,19.66403678258518,20.051778352946013,19.650188869358004,19.747124261948215,5915772.0,84889939.0,0.018401015936973308,14.2,14.48,14.19,14.26,2026-08-25,14.34,1.3847913227172661
603210,泰鸿万立,2026-08-26,13.001442261409114,13.253709051555857,12.982037123705519,13.205196207296868,2830000.0,38390293.0,0.012162757464731227,13.4,13.66,13.38,13.61,2026-08-25,13.37,0.9702568851797846
603211,晋拓股份,2026-08-26,24.965499610547273,24.965499610547273,23.97721172672894,24.201822609414922,7215898.0,156680819.0,0.026547776371556392,22.23,22.23,21.35,21.55,2026-08-25,22.18,1.1230544134299267
603212,赛伍技术,2026-08-26,11.812973501189532,12.125432697893348,11.752497527633953,11.772656185485811,6648930.0,78509860.0,0.015197879572444152,11.72,12.03,11.66,11.68,2026-08-25,11.66,1.0079328925929634
603213,镇洋发展,2026-08-26,16.142292764333437,16.303946626064956,16.061465833467675,16.15383946874283,1764800.0,24793981.0,0.00396679084878344,13.98,14.12,13.91,13.99,2026-08-25,13.99,1.1546704409394446
603214,爱婴室,2026-08-26,20.83929336052731,21.278174629558027,20.733356502485414,20.914962544842954,3139800.0,43557352.0,0.022663484799440935,13.77,14.06,13.7,13.82,2026-08-25,13.79,1.513383686312804
603215,比依股份,2026-08-26,15.56636585752533,15.814135002662411,15.523275571414533,15.717181858913118,1076800.0,15692766.0,0.005751264845639321,14.45,14.68,14.41,14.59,2026-08-25,14.47,1.077257152769919
603216,梦天家居,2026-08-26,22.19685214776078,22.557604046911766,21.974034798285167,21.974034798285167,2111294.0,44272807.0,0.009480865777538282,20.92,21.26,20.71,20.71,2026-08-25,20.92,1.0610349975029052
603217,元利科技,2026-08-26,72.24514789171599,72.24514789171599,68.18366598298238,71.40823646809815,8276151.0,235515356.0,0.03977243718510858,29.35,29.35,27.7,29.01,2026-08-25,28.39,2.4615041871112773
603218,日月股份,2026-08-26,19.674818713210602,19.93823029227521,19.57350656741652,19.857180575639948,5153839.0,50471351.0,0.005008898994252804,9.71,9.84,9.66,9.8,2026-08-25,9.69,2.0262429158816273
603219,富佳股份,2026-08-26,22.628253650049317,23.03117839453025,22.49931773181542,22.644370639828555,1938100.0,27287743.0,0.00345226220163876,14.04,14.29,13.96,14.05,2026-08-25,14.02,1.6116989779237405
603220,中贝通信,2026-08-26,25.983547480006887,26.413371371084914,25.539858302119903,25.789433464681334,15191432.0,283905617.0,0.02832329551731834,18.74,19.05,18.42,18.6,2026-08-25,18.54,1.3865286808968458
603221,爱丽家居,2026-08-26,21.495071410292958,21.653239706174435,20.561878464592233,20.72004676047371,14470461.0,384437657.0,0.059728653981095475,27.18,27.38,26.0,26.2,2026-08-25,26.92,0.7908414794073936
603222,济民健康,2026-08-26,24.148644441858682,24.675523956953782,23.826662515967236,24.148644441858682,9913000.0,81798787.0,0.018878646307552076,8.25,8.43,8.14,8.25,2026-08-25,8.28,2.927108417194992
603223,恒通股份,2026-08-26,42.87605955517427,43.67394900820885,42.41412355604898,43.463978099515536,6449739.0,66320738.0,0.009137909042766526,10.21,10.4,10.1,10.35,2026-08-25,10.21,4.199418173866236
603225,新凤鸣,2026-08-26,37.2291663151998,37.88196253645462,36.615933501293746,37.18960290785102,12402163.0,234030678.0,0.007432917868931224,18.82,19.15,18.51,18.8,2026-08-25,18.99,1.978170367438884
603226,菲林格尔,2026-08-26,153.8450326006326,167.90283112496223,153.8450326006326,164.30052025310277,7470500.0,272537399.0,0.021014551194813873,35.02,38.22,35.02,37.4,2026-08-25,36.14,4.3930620388530155
603227,雪峰科技,2026-08-26,17.077485235843557,17.3013054879516,17.077485235843557,17.211777387108384,4484934.0,34495695.0,0.0041849067797457,7.63,7.73,7.63,7.69,2026-08-25,7.65,2.2382025210804137
603228,景旺电子,2026-08-26,195.13918204481757,199.74192144739644,190.8970259134085,191.2151876232642,31470257.0,2887525135.0,0.03204675736668106,92.0,94.17,90.0,90.15,2026-08-25,91.03,2.121078065704539
603229,奥翔药业,2026-08-26,38.45326628534372,38.970996920764506,37.70020354291349,37.79433638571727,9272600.0,75218335.0,0.011167809085986921,8.17,8.28,8.01,8.03,2026-08-25,8.15,4.706642140188951
603230,内蒙新华,2026-08-26,10.004343172854627,10.047698939584224,9.820081164253837,9.863436930983434,3077900.0,28150653.0,0.008706364225241356,9.23,9.27,9.06,9.1,2026-08-25,9.23,1.083894168239938
603231,索宝蛋白,2026-08-26,16.57495985529648,16.820212035646122,16.50342796936117,16.738461308862906,2446084.0,40020388.0,0.023018504642435808,16.22,16.46,16.15,16.38,2026-08-25,16.39,1.0218840847901653
603232,格尔软件,2026-08-26,54.51016511941646,56.80878654011475,53.67098587059011,55.13042804246203,7368800.0,111483546.0,0.031858193511850263,14.94,15.57,14.71,15.11,2026-08-25,14.95,3.648605429679817
603233,大参林,2026-08-26,55.5044780487334,56.318503527992384,54.81104893677203,55.022092579542885,8852328.0,162466953.0,0.007773010375372615,18.41,18.68,18.18,18.25,2026-08-25,18.41,3.014909182440706
603235,天新药业,2026-08-26,24.410833909592107,24.69541617019616,24.410833909592107,24.526774830578944,342100.0,7970708.0,0.0007814427337932294,23.16,23.43,23.16,23.27,2026-08-25,23.19,1.054008372607604
603236,移远通信,2026-08-26,218.61147734242255,218.61147734242255,209.92391028081056,210.42363758966437,9463820.0,524738338.0,0.023346407093033882,56.87,56.87,54.61,54.74,2026-08-25,56.65,3.8440562219522167
603237,五芳斋,2026-08-26,28.692079032020303,29.17429884768451,28.53133909346557,29.013558909129774,1018367.0,14669617.0,0.005365278398745049,14.28,14.52,14.2,14.44,2026-08-25,14.36,2.009249231934195
603238,诺邦股份,2026-08-26,18.853875496009337,19.218278131646493,18.426098488957027,19.10737298166997,6773587.0,80738796.0,0.03815911869257334,11.9,12.13,11.63,12.06,2026-08-25,12.42,1.5843592853789359
603239,浙江仙通,2026-08-26,53.16610586046987,53.16610586046987,51.83602954985352,51.9099226782211,2221300.0,31418367.0,0.008205156619385343,14.39,14.39,14.03,14.05,2026-08-25,14.19,3.694656418378726
603248,锡华科技,2026-08-26,17.842069624773185,17.939248653230557,17.385328191023543,17.47278931663518,2066224.0,37382386.0,0.02889623684938963,18.36,18.46,17.89,17.98,2026-08-25,18.35,0.9717902845737029
603255,鼎际得,2026-08-26,30.078229929890924,30.75184170047271,29.3850931804517,30.175854824178142,2868000.0,88574307.0,0.047268039184611164,30.81,31.5,30.1,30.91,2026-08-25,30.7,0.9762489428721495
603256,宏和科技,2026-08-26,153.8465530134683,155.38238241850482,148.96399087506876,153.49124919588525,10266879.0,1368301982.0,0.01167052183772816,134.23,135.57,129.97,133.92,2026-08-25,133.16,1.146141347042154
603257,中国瑞林,2026-08-26,67.80065982677364,71.04233597796808,67.80065982677364,70.50381648705304,3038305.0,201704935.0,0.12202028112449799,64.21,67.28,64.21,66.77,2026-08-25,64.21,1.0559205704216421
603258,电魂网络,2026-08-26,13.272828271925652,13.458606583663338,13.221223185331853,13.314112341200694,1579440.0,20416294.0,0.006544423489799822,12.86,13.04,12.81,12.9,2026-08-25,12.95,1.0321017318760228
603259,药明康德,2026-08-26,390.17223861042186,395.988470738776,382.6838397451659,385.9312360168303,34418484.0,5489620558.0,0.013916127804628897,161.0,163.4,157.91,159.25,2026-08-25,161.0,2.4234300534808813
603260,合盛硅业,2026-08-26,51.10478208559378,52.35533181135287,51.043779659947,51.53179906512128,8980528.0,304626446.0,0.0075964094682134,33.51,34.33,33.47,33.79,2026-08-25,33.21,1.5250606411696146
603262,技源集团,2026-08-26,19.129631918081518,19.65927970734436,19.0050089088432,19.472345193486888,4343940.0,81012014.0,0.041629446976878884,18.42,18.93,18.3,18.75,2026-08-25,18.35,1.0385250769859673
603266,天龙股份,2026-08-26,33.13695857120994,33.680530131368585,32.88607938959826,33.283304760483425,1222700.0,19452831.0,0.006147719745030778,15.85,16.11,15.73,15.92,2026-08-25,15.85,2.090659846764034
603267,鸿远电子,2026-08-26,68.21337879059506,68.21337879059506,66.68290457575051,67.14061649047038,3890651.0,183377674.0,0.01683674909823353,47.69,47.69,46.62,46.94,2026-08-25,47.34,1.430349733499582
603268,松发股份,2026-08-26,266.5018419431368,270.40118468314694,261.18583151700795,262.7147105049975,6163522.0,1163862501.0,0.02642455518245435,190.0,192.78,186.21,187.3,2026-08-25,191.2,1.4026412733849307
603269,海鸥股份,2026-08-26,59.70078211536879,60.63663221339348,58.40995439395541,59.152180333768094,18528012.0,341091677.0,0.0428943290969423,18.5,18.79,18.1,18.33,2026-08-25,18.43,3.227069303533448
603270,金帝股份,2026-08-26,30.911030613338077,32.73379408930888,29.92370039718723,29.96709952756749,3656000.0,103657396.0,0.051699269141177145,28.49,30.17,27.58,27.62,2026-08-25,28.3,1.0849782595064261
603271,永杰新材,2026-08-26,42.675770249847695,43.46145793331029,42.44702573440922,42.83489686928316,1763826.0,76373429.0,0.01864982738326118,42.91,43.7,42.68,43.07,2026-08-25,42.88,0.9945413714716314
603273,天元智能,2026-08-26,14.552620205540002,14.790052486255814,14.433904065182094,14.59219225232597,2155649.0,31880088.0,0.038453630499621826,14.71,14.95,14.59,14.75,2026-08-25,14.71,0.9893011696492183
603275,众辰科技,2026-08-26,38.109534526049785,38.22165137006865,36.87624924184224,37.477603223397985,1269500.0,46692341.0,0.030563875454145604,37.39,37.5,36.18,36.77,2026-08-25,35.73,1.019244036535164
603276,恒兴新材,2026-08-26,20.232444893104606,20.321912432113912,20.015166584082003,20.040728738084663,1513982.0,23843557.0,0.020058736494440538,15.83,15.9,15.66,15.68,2026-08-25,15.76,1.2781077001329504
603277,银都股份,2026-08-26,22.22363636801932,22.512724320774044,21.591256471368364,21.663528459557046,5663070.0,68976093.0,0.009287588221669833,12.3,12.46,11.95,11.99,2026-08-25,12.56,1.806799704717018
603278,大业股份,2026-08-26,13.423751671015895,13.423751671015895,13.032346384711975,13.148318321394617,6995300.0,63710948.0,0.020468493810990862,9.26,9.26,8.99,9.07,2026-08-25,9.16,1.449649208533034
603279,景津装备,2026-08-26,21.572904388991862,21.755570810575197,20.878771986975188,20.97010519776686,30717622.0,355755955.0,0.05329469284647268,11.81,11.91,11.43,11.48,2026-08-25,12.62,1.82666421583335
603280,南方路机,2026-08-26,26.565886618647713,27.13588265337732,26.504815614926684,26.504815614926684,1533188.0,40426876.0,0.014142930895569365,26.1,26.66,26.04,26.04,2026-08-25,26.39,1.0178500620171538
603281,江瀚新材,2026-08-26,29.043672758200582,29.383907476347765,28.811694541282044,28.997277114816875,2242263.0,42122182.0,0.004323377857738848,18.78,19.0,18.63,18.75,2026-08-25,18.74,1.5465214461235666
603282,亚光股份,2026-08-26,15.92378434738333,16.246700126290982,15.873328756929013,16.236609008200116,1523240.0,24297070.0,0.011382752951726199,15.78,16.1,15.73,16.09,2026-08-25,15.8,1.0091118090863962
603283,赛腾股份,2026-08-26,101.32538824473806,101.88472159810604,96.37743934955976,99.34620868666674,21588347.0,992123906.0,0.061238978455286225,47.1,47.36,44.8,46.18,2026-08-25,47.1,2.1512821283383876
603284,林平发展,2026-08-26,42.4183001706227,44.38666676786737,42.4183001706227,42.89070815396141,2151329.0,94643416.0,0.11410646186159745,43.1,45.1,43.1,43.58,2026-08-25,43.52,0.9841832986223363
603285,键邦股份,2026-08-26,38.45734874615674,39.10169585918758,37.417349897054315,38.819087476279314,4948596.0,167534743.0,0.07943582316774639,34.02,34.59,33.1,34.34,2026-08-25,34.6,1.130433531633061
603286,日盈电子,2026-08-26,44.48646496590933,48.656068747861895,44.26194783918881,46.571266856885615,7878687.0,347945009.0,0.06740590759466156,41.61,45.51,41.4,43.56,2026-08-25,41.37,1.069129174859633
603288,海天味业,2026-08-26,307.51657476346065,311.97209493278353,306.74542704184705,307.85930708417783,12764665.0,461058115.0,0.002295877118585698,35.89,36.41,35.8,35.93,2026-08-25,35.96,8.56830801792869
603289,泰瑞机器,2026-08-26,13.149737470483167,13.35406191508557,12.974602232252538,13.091359057739625,4794800.0,43176550.0,0.016342313373409106,9.01,9.15,8.89,8.97,2026-08-25,9.03,1.4594603185885868
603290,斯达半导,2026-08-26,137.40803496301808,137.40803496301808,133.8169237029607,134.54105724922744,7154002.0,654312575.0,0.029873881726838164,92.98,92.98,90.55,91.04,2026-08-25,92.99,1.4778235638096158
603291,联合水务,2026-08-26,8.732751290861458,8.868594088719304,8.645423777952844,8.858891031729458,3016700.0,27361547.0,0.007127961095202255,9.0,9.14,8.91,9.13,2026-08-25,8.99,0.9703056989846065
603293,埃泰克,2026-08-26,35.1021296054721,35.3593605439564,34.86468566225583,34.96362063859595,792400.0,28077390.0,0.022577742841731478,35.48,35.74,35.24,35.34,2026-08-25,35.53,0.9893497634011302
603296,华勤技术,2026-08-26,101.0496711338102,103.48636764421832,100.34396121549527,102.7806577259034,21081547.0,1613953326.0,0.026398261015192524,75.89,77.72,75.36,77.19,2026-08-25,75.0,1.331528147764003
603297,永新光学,2026-08-26,170.64469354354793,174.1669896054665,168.98905207665535,173.46902310471768,958687.0,101762520.0,0.008657949897542741,105.13,107.3,104.11,106.87,2026-08-25,105.13,1.623177908718234
603298,杭叉集团,2026-08-26,58.407658560874005,59.99106587581178,55.88758776386034,59.94646285285579,10624535.0,280643421.0,0.008111495850195832,26.19,26.9,25.06,26.88,2026-08-25,26.2,2.2301511477996945
603299,苏盐井神,2026-08-26,10.292464875411055,10.505167938278332,10.257014364933173,10.386999570018732,8126361.0,71533660.0,0.008606734362640185,8.71,8.89,8.68,8.79,2026-08-25,8.73,1.1816836825959878
603300,海南华铁,2026-08-26,25.985448609359352,26.310266716976347,25.823039555550853,25.985448609359352,28456139.0,137128322.0,0.014233846897467983,4.8,4.86,4.77,4.8,2026-08-25,4.8,5.413635126949865
603301,振德医疗,2026-08-26,201.9084250975325,206.92569114941327,199.8381939596205,205.92710907112632,1168200.0,98383260.0,0.004427075610923265,82.9,84.96,82.05,84.55,2026-08-25,82.86,2.435566044602322
603303,得邦照明,2026-08-26,58.87466554021627,60.05626877531659,58.05268068101604,58.87466554021627,1596800.0,36817005.0,0.003347978116744488,22.92,23.38,22.6,22.92,2026-08-25,22.93,2.5687026850007095
603305,旭升集团,2026-08-26,24.069509401871894,24.411527297457997,23.98400492797537,24.048133283397764,9202776.0,104045571.0,0.007962886449375737,11.26,11.42,11.22,11.25,2026-08-25,11.26,2.1376118474131345
603306,华懋科技,2026-08-26,156.2994569911351,161.65217812096847,151.931636549191,158.82594136441645,12058971.0,887304476.0,0.03659826550026236,73.0,75.5,70.96,74.18,2026-08-25,73.08,2.1410884519333573
603307,扬州金泉,2026-08-26,25.75713296710165,26.32560901573351,25.43671919423642,25.71578925447388,1834672.0,45680161.0,0.018884940813175502,24.92,25.47,24.61,24.88,2026-08-25,25.43,1.0335928156942877
603308,应流股份,2026-08-26,67.86559353577265,69.39804242206428,66.92735952375735,68.72564138012,10586548.0,462655413.0,0.014626049247105475,43.4,44.38,42.8,43.95,2026-08-25,43.44,1.5637233533588166
603309,维力医疗,2026-08-26,35.0726560659019,35.53413838255851,34.857297651462154,35.04189057812479,4083000.0,46589804.0,0.013989036775091146,11.4,11.55,11.33,11.39,2026-08-25,11.41,3.076548777710693
603310,巍华新材,2026-08-26,15.19145594078447,15.23319070985256,14.92017994184189,15.19145594078447,2512011.0,36336412.0,0.01294784289469615,14.56,14.6,14.3,14.56,2026-08-25,14.71,1.04336922670223
603311,金海高科,2026-08-26,31.278691474673483,31.64865449211586,30.830251453531215,31.166581469387918,2249400.0,62458616.0,0.009536046899545377,27.9,28.23,27.5,27.8,2026-08-25,28.0,1.1211000528556805
603312,西典新能,2026-08-26,33.092962275153404,33.123919208993584,32.38095279682924,32.9381776059525,628700.0,19989983.0,0.012346939777491923,32.07,32.1,31.38,31.92,2026-08-25,31.91,1.0318977946726973
603313,梦百合,2026-08-26,10.501388103344874,10.830639545528955,10.501388103344874,10.57070419643626,12081202.0,74231377.0,0.02117329072504006,6.06,6.25,6.06,6.1,2026-08-25,6.13,1.732902327284633
603315,福鞍股份,2026-08-26,24.73694461661066,24.75785496708962,24.109634102241834,24.360558307989365,3390600.0,39567380.0,0.010583511377465138,11.83,11.84,11.53,11.65,2026-08-25,11.67,2.091035047896083
603316,诚邦股份,2026-08-26,19.78117883941683,19.851775480528243,19.329360336303814,19.52703093141576,5221300.0,72330515.0,0.019757893621529986,14.01,14.06,13.69,13.83,2026-08-25,13.93,1.4119328222281822
603317,天味食品,2026-08-26,34.67143602105682,34.67143602105682,33.71622892293389,34.18092426796667,11919227.0,158024212.0,0.011222562706706213,13.43,13.43,13.06,13.24,2026-08-25,13.44,2.5816408057376634
603318,水发燃气,2026-08-26,29.980917269888877,30.52111397745444,28.990556639352008,30.160982839077402,86870679.0,866979958.0,0.18923149879124124,9.99,10.17,9.66,10.05,2026-08-25,10.24,3.0010928198086964
603319,美湖股份,2026-08-26,95.82757925349327,100.10363828196724,95.68138920123775,97.83769247200668,13420822.0,360977445.0,0.03957197329257084,26.22,27.39,26.18,26.77,2026-08-25,26.21,3.654751306387997
603320,迪贝电气,2026-08-26,24.293945584407616,25.389391760873487,23.76702210712024,23.877953365496527,6710705.0,117176209.0,0.04499413907305438,17.52,18.31,17.14,17.22,2026-08-25,17.9,1.3866407297036312
603321,梅轮电梯,2026-08-26,6.995114166055605,7.038629650758906,6.918962067824829,6.96247755252813,2213700.0,14194456.0,0.006424632250750149,6.43,6.47,6.36,6.4,2026-08-25,6.43,1.0878871175825202
603322,超讯通信,2026-08-26,52.435543788362516,52.766759224846446,51.462598443690965,52.042225457537846,2261600.0,56817659.0,0.014351456196875783,25.33,25.49,24.86,25.14,2026-08-25,25.4,2.0700964780245763
603323,苏农银行,2026-08-26,8.534272835286888,8.77524053887146,8.514192193321508,8.755159896906079,86633086.0,373815895.0,0.03901696019453572,4.25,4.37,4.24,4.36,2026-08-25,4.22,2.008064196538091
603324,盛剑科技,2026-08-26,36.941265848404704,37.26650076416469,36.04686983006476,36.60247947782139,3268941.0,88415114.0,0.02240866743689711,27.26,27.5,26.6,27.01,2026-08-25,27.13,1.3551454823332614
603325,博隆技术,2026-08-26,66.74757173336643,69.00414029556964,66.40230441237358,67.59840906009879,756460.0,41789207.0,0.02212958412319502,54.13,55.96,53.85,54.82,2026-08-25,53.87,1.2330975749744397
603326,我乐家居,2026-08-26,16.817842328949222,16.982262575181966,16.606444869507122,16.72388790253051,3420400.0,24397870.0,0.010716313362623044,7.16,7.23,7.07,7.12,2026-08-25,7.17,2.348860660467768
603327,福蓉科技,2026-08-26,25.785364982231062,26.16297492966959,25.461699312998036,25.569587869409045,27804463.0,265045990.0,0.02659545082651515,9.56,9.7,9.44,9.48,2026-08-25,9.61,2.6972139102752157
603328,依顿电子,2026-08-26,31.252775241642887,31.31017244135206,30.391817246005342,30.879693443533284,12866890.0,138390040.0,0.012886960009762645,10.89,10.91,10.59,10.76,2026-08-25,10.91,2.8698599854584836
603329,上海雅仕,2026-08-26,14.309872144487386,14.309872144487386,13.482476693479109,14.106414246698465,7085370.0,73164362.0,0.03433116187112514,10.55,10.55,9.94,10.4,2026-08-25,10.6,1.3563859852594677
603330,天洋新材,2026-08-26,61.14136871486321,64.32467157434442,58.34225757980215,61.360906843103294,101714986.0,1137672176.0,0.23508477170977427,11.14,11.72,10.63,11.18,2026-08-25,10.94,5.488453206002084
603331,百达精工,2026-08-26,18.967303882671796,19.175083424422507,18.581427590849053,18.71500015340308,2650500.0,33538743.0,0.013109888275558585,12.78,12.92,12.52,12.61,2026-08-25,12.8,1.4841395839336304
603332,苏州龙杰,2026-08-26,22.87512504610603,23.19010095035534,22.658579111934635,23.05229899224627,3942620.0,45931602.0,0.018223579004383986,11.62,11.78,11.51,11.71,2026-08-25,11.58,1.9685994015581785
603333,尚纬股份,2026-08-26,14.583368359827032,15.117992861816617,14.226952025167309,14.954635375097578,33572139.0,331768584.0,0.054015525225617256,9.82,10.18,9.58,10.07,2026-08-25,9.75,1.4850680610821825
603334,丰倍生物,2026-08-26,30.143519023365148,30.897106998949273,29.952737257394478,30.114901758469546,1465000.0,46553942.0,0.04604499718276906,31.6,32.39,31.4,31.57,2026-08-25,31.72,0.9539088298533274
603335,迪生力,2026-08-26,11.729371074551139,11.923390746461006,11.482436946665851,11.605904010608496,14687100.0,97238909.0,0.034304064561365484,6.65,6.76,6.51,6.58,2026-08-25,6.66,1.7638151991806224
603336,宏辉果蔬,2026-08-26,39.45675926720268,41.498391355269405,39.45675926720268,40.56634192376069,15839114.0,145493818.0,0.026020405854133552,8.89,9.35,8.89,9.14,2026-08-25,8.99,4.438330626232022
603337,杰克科技,2026-08-26,97.14484224024362,97.56905552513552,95.19845187426905,95.29826676483185,2941769.0,113413983.0,0.006298889399969777,38.93,39.1,38.15,38.19,2026-08-25,39.09,2.495372264069962
603338,浙江鼎力,2026-08-26,404.8591811409512,408.09200164955206,389.1765625034831,396.0549040111446,4849103.0,280662115.0,0.009576623505516845,58.86,59.33,56.58,57.58,2026-08-25,58.8,6.87834150766142
603339,四方科技,2026-08-26,24.279825065196317,24.398511360906074,24.093318029080983,24.212004324790737,5854709.0,83674419.0,0.018920264893642548,14.32,14.39,14.21,14.28,2026-08-25,14.31,1.6955185101394075
603341,龙旗科技,2026-08-26,36.77950947661523,37.14641210552727,36.41260684770319,36.66051402940051,4928717.0,182598036.0,0.01843184007247865,37.09,37.46,36.72,36.97,2026-08-25,36.92,0.9916287267893025
603344,星德胜,2026-08-26,23.70695166320983,24.36376764002603,23.604324166832296,23.748002661760843,2088100.0,48891650.0,0.03864634696612943,23.1,23.74,23.0,23.14,2026-08-25,23.13,1.0262749637753172
603345,安井食品,2026-08-26,83.92061824788185,84.90278413114703,83.1894503125622,84.2698327841539,6350729.0,489724394.0,0.02165309885807778,76.9,77.8,76.23,77.22,2026-08-25,77.25,1.091295425850219
603348,文灿股份,2026-08-26,14.70480516199054,14.939510587893235,14.602759324641543,14.796646415604638,1687958.0,24506601.0,0.005367505316569985,14.41,14.64,14.31,14.5,2026-08-25,14.42,1.020458373489975
603350,安乃达,2026-08-26,30.119674420105596,30.661127855222052,29.7480887293394,30.2364584943464,336100.0,9576636.0,0.007617083479699487,28.37,28.88,28.02,28.48,2026-08-25,28.37,1.0616734021891292
603351,威尔药业,2026-08-26,55.42359636070398,56.470098920643224,54.37709380076473,54.582290381144986,1090900.0,29275187.0,0.008054540692124341,27.01,27.52,26.5,26.6,2026-08-25,27.11,2.051965803802443
603352,至信股份,2026-08-26,25.49406117031752,25.92295187075713,25.49406117031752,25.753390431048448,733811.0,18955293.0,0.016187007114896953,25.56,25.99,25.56,25.82,2026-08-25,25.62,0.9974202335804976
603353,和顺石油,2026-08-26,41.428861025594195,42.05164782532534,41.063312251838944,41.7673321124046,2755000.0,84588572.0,0.01616613268551444,30.6,31.06,30.33,30.85,2026-08-25,30.93,1.3538843472416402
603355,莱克电气,2026-08-26,52.14735512914891,55.12409242158902,51.911394246211586,53.744628798263115,3722766.0,110671577.0,0.006492476880960787,28.73,30.37,28.6,29.61,2026-08-25,28.85,1.815083714902503
603356,华菱精工,2026-08-26,17.929771883343147,18.056186256198682,17.487321578348784,17.761219386202434,1986600.0,33487205.0,0.014898755062246888,17.02,17.14,16.6,16.86,2026-08-25,16.91,1.0534531071294446
603357,设计总院,2026-08-26,12.848751699908016,12.933422221818448,12.806416438952798,12.869919330385624,3063481.0,18620270.0,0.005465200024448426,6.07,6.11,6.05,6.08,2026-08-25,6.09,2.1167630477607933
603358,华达科技,2026-08-26,157.4404782202433,160.07589492088653,153.641371028407,159.08333538428062,7998309.0,367063394.0,0.017320956022750023,46.0,46.77,44.89,46.48,2026-08-25,45.98,3.4226190917444197
603360,百傲化学,2026-08-26,93.92088242004652,94.94176157678615,91.19853800207416,92.76388604240827,28699380.0,392142701.0,0.04063780622108701,13.8,13.95,13.4,13.63,2026-08-25,13.77,6.805861044930907
603363,傲农生物,2026-08-26,3.605104561656416,3.71737425388793,3.5926301514084695,3.617578971904362,25275400.0,73858072.0,0.011774677003616323,2.89,2.98,2.88,2.9,2026-08-25,2.91,1.2474410247946075
603365,水星家纺,2026-08-26,23.627548195900868,24.203161319002863,23.161575667675443,23.696073567698726,4220000.0,72982972.0,0.01616030408943771,17.24,17.66,16.9,17.29,2026-08-25,18.0,1.370507435957127
603366,日出东方,2026-08-26,18.501730065767948,18.72890001200521,18.350283434943105,18.400765645218055,26012704.0,190324192.0,0.03199405295702179,7.33,7.42,7.27,7.29,2026-08-25,7.44,2.5241105137473325
603367,XD辰欣药,2026-08-26,17.2007179291795,17.568203977287403,17.117737208639006,17.188863540530857,12333300.0,179913394.0,0.027240612972963076,14.51,14.82,14.44,14.5,2026-08-25,14.71,1.1854388648641971
603368,柳药集团,2026-08-26,49.489708142276015,50.08370969294136,49.489708142276015,49.70855081883693,3938100.0,62660835.0,0.009914369139824818,15.83,16.02,15.83,15.9,2026-08-25,15.87,3.126323950870247
603369,今世缘,2026-08-26,74.10563640891115,75.90849684442207,73.97109458536556,75.61250483262178,9367156.0,261747540.0,0.007512957749455056,27.54,28.21,27.49,28.1,2026-08-25,27.82,2.690836470911807
603370,XD华新精,2026-08-26,32.82120817271052,33.639213668707306,32.82120817271052,33.14437083779567,527350.0,17382796.0,0.015071448985424406,32.5,33.31,32.5,32.82,2026-08-25,32.5,1.0098833283910928
603373,安邦护卫,2026-08-26,38.22528618291669,38.741844104307454,37.976573109654474,38.44530159387942,1462892.0,58692312.0,0.02300066864090807,39.96,40.5,39.7,40.19,2026-08-25,39.96,0.9565887433162334
603375,盛景微,2026-08-26,38.6598212525132,38.94786675412852,37.713386032920006,38.1763163033732,852064.0,31695788.0,0.013359228430178557,37.58,37.86,36.66,37.11,2026-08-25,37.51,1.0287339343404258
603376,大明电子,2026-08-26,26.092582610196267,26.447717950070395,25.609203953145375,25.737447270322143,1850600.0,48546016.0,0.057829804254893626,26.45,26.81,25.96,26.09,2026-08-25,26.9,0.9864870552059081
603379,三美股份,2026-08-26,85.22799008909391,86.80120785703824,83.95786932231317,84.70839522995632,7375928.0,432795564.0,0.012082197017356388,59.05,60.14,58.17,58.69,2026-08-25,59.52,1.4433190531599307
603380,易德龙,2026-08-26,40.971450706262644,41.20972608111733,39.67284991330462,40.48298618781054,2858244.0,96822137.0,0.0178149004121136,34.39,34.59,33.3,33.98,2026-08-25,33.93,1.191376874273412
603381,永臻股份,2026-08-26,15.592785218804035,15.60269168971814,15.275778149552618,15.305497562294939,5660364.0,87964280.0,0.039823105041966136,15.74,15.75,15.42,15.45,2026-08-25,15.79,0.9906470914106756
603382,海阳科技,2026-08-26,17.040931927575862,17.853264487682765,16.77918032487475,17.447098207629313,5390605.0,104418977.0,0.04667760872527748,18.88,19.78,18.59,19.33,2026-08-25,19.02,0.9025917334521114
603383,顶点软件,2026-08-26,76.25401400425001,79.42793064171268,75.80059734175535,78.2277100645209,4307513.0,126029760.0,0.020973752874837947,28.59,29.78,28.42,29.33,2026-08-25,28.6,2.6671568382039177
603385,惠达卫浴,2026-08-26,7.989988026573038,8.04655431348683,7.919280167930798,8.004129598301486,2469330.0,13956865.0,0.006486885339025996,5.65,5.69,5.6,5.66,2026-08-25,5.62,1.4141571728447855
603386,骏亚科技,2026-08-26,22.316709630420398,22.316709630420398,21.48780327271907,21.870375437811994,3914700.0,53686903.0,0.011996412384114662,14.0,14.0,13.48,13.72,2026-08-25,13.84,1.5940506878871714
603387,基蛋生物,2026-08-26,39.73953870179643,42.25254275689395,39.73953870179643,40.591404483185414,15064899.0,144955445.0,0.029704810269510565,9.33,9.92,9.33,9.53,2026-08-25,9.34,4.259328906944955
603390,通达电气,2026-08-26,10.08111436848647,10.44993562587012,10.08111436848647,10.245034927323648,6819400.0,68560018.0,0.019424396627436644,9.84,10.2,9.84,10.0,2026-08-25,9.89,1.0245034927323649
603391,力聚热能,2026-08-26,74.00076092779689,74.61563605503952,72.09141184846452,72.98675633199325,1576400.0,106848299.0,0.0692923076923077,68.6,69.17,66.83,67.66,2026-08-25,69.19,1.078728293408118
603392,万泰生物,2026-08-26,79.82819989606257,87.43762079331304,79.65847303590085,87.43762079331304,8106787.0,244864110.0,0.006411604822768352,28.22,30.91,28.16,30.91,2026-08-25,28.1,2.828781002695343
603393,新天然气,2026-08-26,62.22781555805111,63.40903822817567,61.82569720226403,63.18284665304543,8961969.0,223967990.0,0.021140641975769245,24.76,25.23,24.6,25.14,2026-08-25,25.26,2.5132397236692694
603395,红四方,2026-08-26,34.28456734694203,37.957461521531314,34.28456734694203,36.4883038516956,23422882.0,666759089.0,0.3603520307692308,27.07,29.97,27.07,28.81,2026-08-25,28.55,1.2665152326169942
603396,金辰股份,2026-08-26,41.46541733161713,41.46541733161713,41.46541733161713,41.46541733161713,4057324.0,115390295.0,0.02928894728019231,28.44,28.44,28.44,28.44,2026-08-25,25.85,1.4579963900006023
603399,永杉锂业,2026-08-26,17.895678182436086,19.039013177425055,17.895678182436086,18.39278035417042,49948084.0,744632430.0,0.09749950364602497,14.4,15.32,14.4,14.8,2026-08-25,14.53,1.2427554293358392
603400,华之杰,2026-08-26,40.10727689273132,42.93338622803633,39.98989854973143,42.003388587344915,4143244.0,189352265.0,0.11435924435707075,44.42,47.55,44.29,46.52,2026-08-25,44.1,0.9029103307683772
603402,陕西旅游,2026-08-26,61.904204596398365,63.45060158865813,61.188995987478236,62.948022566173705,2480319.0,160538397.0,0.09868642974306552,64.05,65.65,63.31,65.13,2026-08-25,63.78,0.9664981201623477
603406,天富龙,2026-08-26,28.701950788210443,28.959278622863366,28.286267363001876,28.464417402376977,2767377.0,79744081.0,0.0471284921487084,29.0,29.26,28.58,28.76,2026-08-25,29.47,0.9897224409727738
603407,长裕集团,2026-08-26,44.668895533263566,45.54946515847127,43.78832590805586,44.82099392307217,4133912.0,231011754.0,0.11511230009184675,55.8,56.9,54.7,55.99,2026-08-25,55.79,0.8005178410979134
603408,XD建霖家,2026-08-26,13.87077295417108,14.15013177899239,13.676436380382343,13.980087276927245,8041261.0,92492096.0,0.017966367497592572,11.42,11.65,11.26,11.51,2026-08-25,11.4,1.2146035861796043
603409,汇通控股,2026-08-26,17.836576603376184,18.240832900080672,17.550639222780323,17.945035609809093,2507168.0,45332626.0,0.04653415942666927,18.09,18.5,17.8,18.2,2026-08-25,18.21,0.9859909675719283
603416,信捷电气,2026-08-26,69.81329458524296,71.27976378993856,69.76649237658245,70.82734243955375,1576492.0,71327758.0,0.01129728293412959,44.75,45.69,44.72,45.4,2026-08-25,45.13,1.5600736220166023
603418,友升股份,2026-08-26,43.18462288093938,43.92162982125062,43.18462288093938,43.871832055013364,826302.0,36226807.0,0.019976060696520012,43.36,44.1,43.36,44.05,2026-08-25,43.45,0.9959553247449119
603421,鼎信通讯,2026-08-26,8.963193509776763,9.054036687240718,8.811788214003508,8.993474568931415,6550624.0,38732954.0,0.01004403451064623,5.92,5.98,5.82,5.94,2026-08-25,5.98,1.5140529577325614
603435,嘉德利,2026-08-26,48.46746340676833,48.66408597636983,46.79617156515564,47.63181748596199,1388371.0,67192086.0,0.038903519889377645,49.3,49.5,47.6,48.45,2026-08-25,49.16,0.9831128480074713
603439,三力制药,2026-08-26,12.864543441137025,13.200322715293947,12.843557236502217,13.12687099907212,9306000.0,115730674.0,0.02304376738942711,12.26,12.58,12.24,12.51,2026-08-25,12.35,1.0493102317403773
603444,吉比特,2026-08-26,472.90670340197414,481.8941375577144,471.9450849326357,476.29702492848793,938803.0,363795078.0,0.01303149156479438,383.59,390.88,382.81,386.34,2026-08-25,385.09,1.232844191459564
603456,九洲药业,2026-08-26,64.06732991936838,65.74714405749816,62.54377756152975,62.54377756152975,24477005.0,396944557.0,0.027760833179499688,16.4,16.83,16.01,16.01,2026-08-25,16.49,3.90654450727856
603458,勘设股份,2026-08-26,26.280611112598542,26.33408132849396,24.703239743683675,24.94385571521306,10807071.0,101785147.0,0.035302860456317454,9.83,9.85,9.24,9.33,2026-08-25,9.64,2.6735107947709604
603459,红板科技,2026-08-26,78.73984952009194,78.73984952009194,75.23636857515302,76.39534838269594,8796337.0,765012301.0,0.11127299500031991,89.0,89.0,85.04,86.35,2026-08-25,87.04,0.8847174103381117
603466,风语筑,2026-08-26,54.845602651930676,55.29150186048296,53.30972760025059,54.052892947837734,36037348.0,393687894.0,0.06058443481554007,11.07,11.16,10.76,10.91,2026-08-25,11.14,4.95443565058091
603477,巨星农牧,2026-08-26,14.474102854871887,14.781640338422969,14.474102854871887,14.682434698567782,10917900.0,161388693.0,0.021404675040679107,14.59,14.9,14.59,14.8,2026-08-25,14.72,0.9920563985518771
603486,科沃斯,2026-08-26,80.00148101647174,80.00148101647174,76.87541490039524,77.1191906984379,8919411.0,482995283.0,0.015536466747089217,55.79,55.79,53.61,53.78,2026-08-25,56.21,1.433975282603903
603488,展鹏科技,2026-08-26,13.617120529973818,13.865910795442277,13.484432388390637,13.58394849457802,4618300.0,38032022.0,0.0158166137220109,8.21,8.36,8.13,8.19,2026-08-25,8.27,1.6586017697897462
603489,八方股份,2026-08-26,60.702155556496024,62.097360687745045,60.015285338034964,60.6377614735153,1997537.0,56567756.0,0.008513997983078697,28.28,28.93,27.96,28.25,2026-08-25,28.28,2.146469432690807
603496,恒为科技,2026-08-26,62.65133685032436,63.176714937119534,61.75819410277257,62.07342095484967,6196132.0,147275337.0,0.019350259667551196,23.85,24.05,23.51,23.63,2026-08-25,23.87,2.626890433975864
603499,翔港科技,2026-08-26,30.7300749080269,30.85897622894983,30.059788039227655,30.31759068107352,2330776.0,27557931.0,0.005501886535305562,11.92,11.97,11.66,11.76,2026-08-25,11.84,2.5780264184586326
603500,祥和实业,2026-08-26,28.75021969472349,28.933731735328113,28.352610273413482,28.75021969472349,3708000.0,34788788.0,0.011148222780419737,9.4,9.46,9.27,9.4,2026-08-25,9.35,3.058534010076967
603501,豪威集团,2026-08-26,118.4666209598695,119.06578171043107,116.94781812705068,117.04535592365372,12214158.0,1030617424.0,0.010119742420111258,85.02,85.45,83.93,84.0,2026-08-25,85.55,1.3933970943292109
603505,金石资源,2026-08-26,57.364841286646325,58.69097698349746,57.364841286646325,58.31208107011142,7746523.0,119068606.0,0.009203766232455142,15.14,15.49,15.14,15.39,2026-08-25,15.2,3.788959133860391
603506,南都物业,2026-08-26,27.549419084085613,27.94545745366815,27.37615229739325,27.425657093591067,4128700.0,46038174.0,0.02198715962020192,11.13,11.29,11.06,11.08,2026-08-25,11.09,2.4752398098908905
603507,振江股份,2026-08-26,33.12902877577126,34.180743975002095,32.68844538149889,32.83056905707062,8318608.0,194639901.0,0.035203017484684566,23.31,24.05,23.0,23.1,2026-08-25,23.35,1.4212367557173429
603508,思维列控,2026-08-26,57.79274059302381,58.729197037818174,57.658961100910325,58.06029957725077,3392652.0,73972871.0,0.008898190396885757,21.6,21.95,21.55,21.7,2026-08-25,21.65,2.6755898422696207
603511,爱慕股份,2026-08-26,13.98970534268905,14.110971504051998,13.923560163763808,13.97868114620151,1075400.0,13668239.0,0.002675874474982181,12.69,12.8,12.63,12.68,2026-08-25,12.7,1.1024196487540623
603515,欧普照明,2026-08-26,27.164250678235735,27.73733613558248,27.09875519739611,27.22974615907536,1254180.0,21023718.0,0.001700005512296813,16.59,16.94,16.55,16.63,2026-08-25,16.66,1.6373870209907013
603516,淳中科技,2026-08-26,212.6717178021511,212.97325760863583,192.21008807640231,193.5885557631896,11858525.0,1082660974.0,0.05833927978501752,98.74,98.88,89.24,89.88,2026-08-25,99.15,2.153855760605136
603518,锦泓集团,2026-08-26,12.310009200921522,12.493057664875744,12.23373900760726,12.432041510224337,7854100.0,63730971.0,0.022826776696955965,8.07,8.19,8.02,8.15,2026-08-25,8.12,1.5254038662851948
603519,立霸股份,2026-08-26,89.55398417443396,90.70614069597639,84.84061658630586,85.67854860197308,14784743.0,246225135.0,0.055513321684707545,17.1,17.32,16.2,16.36,2026-08-25,17.3,5.237075097920115
603520,司太立,2026-08-26,27.227102567342584,27.56173734749987,26.98373181813729,27.440051972897223,7112327.0,63885886.0,0.016223007984621587,8.95,9.06,8.87,9.02,2026-08-25,8.92,3.042134365066211
603527,众源新材,2026-08-26,21.935649647588885,22.541367783814216,21.870751275850452,22.21687592512207,6376800.0,65575569.0,0.020117916075656085,10.14,10.42,10.11,10.27,2026-08-25,10.14,2.1632790579476215
603528,多伦科技,2026-08-26,20.3743226271185,20.790778907232557,20.24618223323725,20.534498119470058,8481050.0,54291095.0,0.012014007658216816,6.36,6.49,6.32,6.41,2026-08-25,6.35,3.2035098470312104
603529,爱玛科技,2026-08-26,49.134976684057115,51.11883020275613,49.019636363202515,50.63440085516683,9324078.0,204319629.0,0.010959627989142268,21.3,22.16,21.25,21.95,2026-08-25,21.37,2.306806417091883
603530,神马电力,2026-08-26,48.97297210407217,49.27348335904849,47.688027427621705,49.01442193234477,2577222.0,121199565.0,0.00602908627039289,47.26,47.55,46.02,47.3,2026-08-25,46.9,1.0362457068149
603533,掌阅科技,2026-08-26,22.584851808118508,22.714774253802794,22.19508447106565,22.476583103381603,9801800.0,203397703.0,0.022332810852919455,20.86,20.98,20.5,20.76,2026-08-25,20.9,1.082687047369056
603535,嘉诚国际,2026-08-26,19.819724334184816,20.104672447615584,19.629758925230966,20.009689743138665,3453686.0,21754171.0,0.006759761375639504,6.26,6.35,6.2,6.32,2026-08-25,6.26,3.166090149230801
603536,惠发食品,2026-08-26,17.986681524784554,18.349855753233975,17.87199492632684,17.948452658631982,4674360.0,44106231.0,0.019433401573660015,9.41,9.6,9.35,9.39,2026-08-25,9.54,1.911443307628539
603538,美诺华,2026-08-26,47.892735924221306,49.40326748398339,46.08009805250681,46.4888301216189,42098193.0,1116895530.0,0.12495013392661926,26.95,27.8,25.93,26.16,2026-08-25,26.96,1.777095952661273
603551,奥普科技,2026-08-26,12.512880622480406,12.66104174933432,12.47247304242934,12.63410336263361,2587000.0,24180392.0,0.006785977048870811,9.29,9.4,9.26,9.38,2026-08-25,9.33,1.346919335035566
603556,海兴电力,2026-08-26,36.62032355856525,37.24272431469896,36.200564909079716,36.88086340997006,4889582.0,124614678.0,0.01005540260142959,25.3,25.73,25.01,25.48,2026-08-25,25.31,1.4474436189156223
603558,健盛集团,2026-08-26,58.14084049973157,59.28085698011846,58.14084049973157,58.88432950867954,3060040.0,36331948.0,0.00893082367510212,11.73,11.96,11.73,11.88,2026-08-25,11.78,4.956593392986493
603565,中谷物流,2026-08-26,49.68174742973854,53.82880481118584,49.68174742973854,52.87498161345296,61982297.0,782403845.0,0.02951449264141469,11.98,12.98,11.98,12.75,2026-08-25,12.53,4.147057381447291
603566,普莱柯,2026-08-26,23.640412805251668,24.082072434848307,23.640412805251668,23.989091460196384,2589823.0,26682641.0,0.0074836906593398,10.17,10.36,10.17,10.32,2026-08-25,10.22,2.324524366298099
603567,珍宝岛,2026-08-26,13.811102049844703,14.94110130846836,13.811102049844703,14.237990658658084,46947170.0,268617335.0,0.04997552212112112,5.5,5.95,5.5,5.67,2026-08-25,5.61,2.5111094636081277
603568,伟明环保,2026-08-26,68.90176446856572,70.97116899867963,68.76066870514886,70.68897747184592,9704145.0,145131890.0,0.004737293982646995,14.65,15.09,14.62,15.03,2026-08-25,14.71,4.703192113895271
603569,长久物流,2026-08-26,9.546261861786583,9.92938942814591,9.514334564589973,9.8974621309493,7200130.0,44096670.0,0.011930478031655,5.98,6.22,5.96,6.2,2026-08-25,6.0,1.5963648598305322
603577,汇金通,2026-08-26,22.346143084463787,22.625738714971995,22.002025385376758,22.152576878727334,3495700.0,36142189.0,0.010307569961705976,10.39,10.52,10.23,10.3,2026-08-25,10.34,2.1507356192939158
603578,三星新材,2026-08-26,25.873839118590272,26.262919406087867,25.406942773593155,25.62093693171683,3431056.0,45427866.0,0.019023688524659244,13.3,13.5,13.06,13.17,2026-08-25,13.3,1.9454014374879902
603579,荣泰健康,2026-08-26,59.74319327420797,60.235852921878724,58.954937837934736,59.51328543862827,1703277.0,30868968.0,0.00847180787190346,18.19,18.34,17.95,18.12,2026-08-25,18.24,3.2843976511384256
603583,捷昌驱动,2026-08-26,68.58252476314799,69.76947432637681,68.20617490163642,69.42207445421228,2831190.0,67585911.0,0.007406703867660633,23.69,24.1,23.56,23.98,2026-08-25,23.7,2.894998934704432
603585,苏利股份,2026-08-26,20.79832774805807,21.144966543859038,20.7371561958579,21.022623439458698,3374543.0,34790750.0,0.012461568350059632,10.2,10.37,10.17,10.31,2026-08-25,10.2,2.0390517400056933
603586,金麒麟,2026-08-26,17.15316511576268,17.469877913321074,17.11515958005567,17.140496603860342,1286255.0,17512783.0,0.006560758791586634,13.54,13.79,13.51,13.53,2026-08-25,13.65,1.2668511902335804
603587,地素时尚,2026-08-26,19.385689992245307,19.718206115611434,19.385689992245307,19.60182547243329,1692200.0,19953888.0,0.0035798392701247178,11.66,11.86,11.66,11.79,2026-08-25,11.79,1.6625806168306438
603588,高能环境,2026-08-26,93.30019486462444,100.10895185980296,92.76088737985782,97.81689504954484,100606550.0,1457600070.0,0.06604797412352655,13.84,14.85,13.76,14.51,2026-08-25,13.7,6.741343559582691
603589,口子窖,2026-08-26,23.172271089992016,23.41491267208617,23.111610694468474,23.378516434772045,2686448.0,51650077.0,0.004491490623130891,19.1,19.3,19.05,19.27,2026-08-25,19.2,1.213207910470786
603590,康辰药业,2026-08-26,34.13070076190657,35.244497458821776,33.86603620026335,34.263033042728175,3719800.0,116236283.0,0.023509785466287028,30.95,31.96,30.71,31.07,2026-08-25,30.85,1.1027690068467388
603596,伯特利,2026-08-26,55.261241228102776,56.364344699834575,54.30663245448872,54.433913624303926,15688505.0,407282668.0,0.01747746706982674,26.05,26.57,25.6,25.66,2026-08-25,25.7,2.1213528302534654
603598,引力传媒,2026-08-26,34.05167640992034,34.274899556826846,33.58493710275218,34.01109038321007,5562200.0,93109539.0,0.020622539528820465,16.78,16.89,16.55,16.76,2026-08-25,16.88,2.029301335513727
603599,广信股份,2026-08-26,44.88558658455633,46.09026932589134,44.5732614293954,45.51023689487818,11750680.0,120170924.0,0.012909014309385536,10.06,10.33,9.99,10.2,2026-08-25,10.08,4.46178793087041
603600,XD永艺股,2026-08-26,33.61120011935535,33.78445372821801,33.160740736312455,33.23004217985751,3901800.0,37637550.0,0.011808136574182308,9.7,9.75,9.57,9.59,2026-08-25,9.69,3.4650721772531297
603601,再升科技,2026-08-26,128.86720433375874,129.29676168153793,125.00118820374598,127.14897494264197,37272499.0,331360145.0,0.0326281731516395,9.0,9.03,8.73,8.88,2026-08-25,9.0,14.318578259306527
603602,纵横通信,2026-08-26,29.932599052800775,30.68415348789274,29.932599052800775,30.21767142473221,2418930.0,28359614.0,0.010468952805313469,11.55,11.84,11.55,11.66,2026-08-25,11.69,2.5915670175585084
603605,珀莱雅,2026-08-26,122.48449778726716,129.06904023367414,122.48449778726716,126.60734199383202,15813733.0,1003854191.0,0.039936084619097756,61.2,64.49,61.2,63.26,2026-08-25,61.2,2.001380682798483
603606,东方电缆,2026-08-26,175.40527477792588,175.5060824071086,172.6330649754012,173.2379107504975,10742415.0,369757923.0,0.013024132457763939,34.8,34.82,34.25,34.37,2026-08-25,34.8,5.040381459135801
603607,京华激光,2026-08-26,48.832284006828395,49.94005341253885,47.70190706222589,47.95058999003844,3045300.0,65154874.0,0.01705889865827754,21.6,22.09,21.1,21.21,2026-08-25,21.65,2.2607538892050183
603608,天创时尚,2026-08-26,32.05592133666135,32.50792248354039,30.916878446526177,31.983601153160706,10894900.0,190392469.0,0.02563326847543194,17.73,17.98,17.1,17.69,2026-08-25,17.73,1.8080045875161506
603609,禾丰股份,2026-08-26,10.002817542883133,10.190958311714791,10.002817542883133,10.143923119506876,3130531.0,20213004.0,0.0034629126715511804,6.38,6.5,6.38,6.47,2026-08-25,6.43,1.567839740263814
603610,麒盛科技,2026-08-26,43.604599917926606,44.20782560849081,42.857749062942354,42.886474095826365,4717621.0,71140814.0,0.013364682670470527,15.18,15.39,14.92,14.93,2026-08-25,15.17,2.8725032884009623
603611,诺力股份,2026-08-26,62.513193925849265,63.458160810774906,62.513193925849265,63.16740176925932,2214300.0,38474912.0,0.008595858698275503,17.2,17.46,17.2,17.38,2026-08-25,17.19,3.634488018944725
603612,索通发展,2026-08-26,25.511611560893733,26.49866796057117,25.283829314814323,26.05828895148431,13219560.0,226718406.0,0.026539734309023722,16.8,17.45,16.65,17.16,2026-08-25,16.83,1.5185483071960555
603613,国联股份,2026-08-26,82.64012458045599,84.04387464182264,82.36843102019148,83.45520526124953,6124571.0,112701070.0,0.008499999430286665,18.25,18.56,18.19,18.43,2026-08-25,18.18,4.528226004408547
603615,茶花股份,2026-08-26,19.233577687345978,21.06750328201934,19.222257158983798,21.06750328201934,9251741.0,167100707.0,0.038258791663220576,16.99,18.61,16.98,18.61,2026-08-25,16.92,1.132052836218127
603616,韩建河山,2026-08-26,10.745522396609097,10.91883727397376,10.61072193643658,10.841808439589464,8452400.0,47366482.0,0.021994675937370704,5.58,5.67,5.51,5.63,2026-08-25,5.56,1.925720859607365
603617,君禾股份,2026-08-26,19.751567440864847,20.18919448903763,19.576516621595736,19.80991771395455,4956700.0,33764593.0,0.012817073795519647,6.77,6.92,6.71,6.79,2026-08-25,6.8,2.9175136544852065
603618,杭电股份,2026-08-26,115.10233535262331,118.5182756276044,115.10233535262331,118.5182756276044,79468390.0,2521501080.0,0.1149424251606814,31.0,31.92,31.0,31.92,2026-08-25,29.02,3.712978559762042
603619,XD中曼石,2026-08-26,21.581068338226437,22.629739687994935,21.424257669102175,22.443527018409874,31435255.0,704527524.0,0.06799186667708357,22.02,23.09,21.86,22.9,2026-08-25,22.97,0.980066682026632
603626,科森科技,2026-08-26,42.109894863706465,43.077938423791664,40.06858561743983,41.3102067053752,53823780.0,1051663729.0,0.09700081111276572,20.01,20.47,19.04,19.63,2026-08-25,20.05,2.1044425219243608
603628,清源股份,2026-08-26,9.857092660543804,9.958294843916942,9.806491568857233,9.917813970567687,2398000.0,23455652.0,0.00881055090144593,9.74,9.84,9.69,9.8,2026-08-25,9.74,1.0120218337313966
603629,利通电子,2026-08-26,241.4847198257232,244.23502380910702,232.91260449065095,236.0242622820706,25214850.0,2988548289.0,0.06990078824938999,120.29,121.66,116.02,117.57,2026-08-25,119.3,2.0075211557546195
603630,拉芳家化,2026-08-26,19.179772806083648,19.805200180195072,19.179772806083648,19.49943568618504,5560400.0,77951213.0,0.02469043924417523,13.8,14.25,13.8,14.03,2026-08-25,13.96,1.3898386091364963
603633,徕木股份,2026-08-26,18.33728255613856,18.675296981136505,18.14010747488976,18.365450424888387,5147290.0,33628221.0,0.012059886448332714,6.51,6.63,6.44,6.52,2026-08-25,6.53,2.8167868749828817
603636,南威软件,2026-08-26,32.411999676988444,32.6435139603955,31.856365396811498,32.13418253689997,6230600.0,43451376.0,0.010735740549327473,7.0,7.05,6.88,6.94,2026-08-25,6.96,4.630285668141206
603637,镇海股份,2026-08-26,38.221790488367084,41.539560587216165,37.92507934131554,39.9211361487532,27161875.0,400681225.0,0.11379757923423345,14.17,15.4,14.06,14.8,2026-08-25,14.03,2.6973740641049457
603638,艾迪精密,2026-08-26,87.81876469966389,88.74708145124595,87.40102216145193,87.54026967418925,5012174.0,95013572.0,0.0056911636971899195,18.92,19.12,18.83,18.86,2026-08-25,18.92,4.641583757910353
603639,海利尔,2026-08-26,35.01951714343693,35.707459014355706,34.85572145988484,35.576422467514035,1965166.0,21303439.0,0.005781968992575037,10.69,10.9,10.64,10.86,2026-08-25,10.73,3.275913671041808
603648,畅联股份,2026-08-26,11.263620964602131,11.370666992776808,11.168468939557973,11.21604495208005,2191400.0,20771879.0,0.006046695922439825,9.47,9.56,9.39,9.43,2026-08-25,9.46,1.1894003130519673
603650,彤程新材,2026-08-26,74.92822009765136,75.03563551352885,72.43379544005195,73.98535144717121,11348286.0,701009699.0,0.018464900930330295,62.78,62.87,60.69,61.99,2026-08-25,62.13,1.1935046208609648
603655,朗博科技,2026-08-26,33.62945426072245,33.62945426072245,31.975215958755292,32.26773370727387,1041500.0,33449196.0,0.009825471698113207,33.34,33.34,31.7,31.99,2026-08-25,32.7,1.0086818914433846
603656,泰禾智能,2026-08-26,35.195781279949536,35.64181076621618,34.87139619902835,35.439070090640435,1319900.0,22967710.0,0.007214722551200233,17.36,17.58,17.2,17.48,2026-08-25,17.35,2.027406755757462
603657,春光科技,2026-08-26,42.19622228592054,43.2468221061006,40.921724143407026,40.95617003915063,3743000.0,90527456.0,0.027686948854593958,24.5,25.11,23.76,23.78,2026-08-25,24.5,1.7222947871804302
603658,安图生物,2026-08-26,50.71969171008517,51.42371578284772,49.88085451700638,50.045626108503996,3820136.0,128847491.0,0.006685282497240302,33.86,34.33,33.3,33.41,2026-08-25,34.17,1.4979235590692608
603659,璞泰来,2026-08-26,99.65256473057076,102.33907026669398,99.10686829354573,101.24767739264394,26327611.0,634591429.0,0.012278614545786394,23.74,24.38,23.61,24.12,2026-08-25,23.73,4.197664900192534
603660,苏州科达,2026-08-26,21.756081427971875,22.47444260719736,21.345589325557313,21.9202782689377,21614921.0,228801033.0,0.03782186745567786,10.6,10.95,10.4,10.68,2026-08-25,10.64,2.0524605120728183
603661,恒林股份,2026-08-26,50.69241594489319,50.89394542724292,49.343718639937315,49.40572771142954,1713600.0,55082300.0,0.012322115368954702,32.7,32.83,31.83,31.87,2026-08-25,32.74,1.5502267873056021
603662,柯力传感,2026-08-26,128.6963570888506,130.16957785683414,127.24944383458099,128.03866924600078,2365100.0,115629747.0,0.00842182498907132,48.92,49.48,48.37,48.67,2026-08-25,48.92,2.630751371399235
603663,三祥新材,2026-08-26,121.19176008672106,122.7125061109753,117.36064991023449,120.43138707459396,17438189.0,716507524.0,0.029398451272722427,41.44,41.96,40.13,41.18,2026-08-25,41.2,2.924511585104273
603665,康隆达,2026-08-26,35.14766762407971,35.48725861561671,34.213792397352954,34.264731046083504,2441900.0,49887643.0,0.015245894729578666,20.7,20.9,20.15,20.18,2026-08-25,20.7,1.6979549576850101
603666,亿嘉和,2026-08-26,73.66824193107975,80.37833373487965,73.66824193107975,78.97920820983201,7183900.0,197589522.0,0.03495297679049165,25.8,28.15,25.8,27.66,2026-08-25,26.08,2.855358214382936
603667,五洲新春,2026-08-26,79.24603727930138,82.29216854165539,78.36017257545353,78.77979269832882,13874484.0,713087556.0,0.037887435968875935,50.99,52.95,50.42,50.69,2026-08-25,50.84,1.554148603241839
603668,天马科技,2026-08-26,15.419327970520122,15.650849411518923,15.295849868654095,15.604545123319161,5192448.0,52210476.0,0.010265878902515329,9.99,10.14,9.91,10.11,2026-08-25,9.99,1.5434762733253375
603669,灵康药业,2026-08-26,17.761433896262577,18.047396159350882,17.348377294023912,17.411924463599092,24239800.0,134360780.0,0.034028835450432664,5.59,5.68,5.46,5.48,2026-08-25,5.6,3.177358478758958
603676,卫信康,2026-08-26,10.20316529809314,10.344423177619454,10.094505390765201,10.159701335161964,1854500.0,17387862.0,0.0042616361971360055,9.39,9.52,9.29,9.35,2026-08-25,9.38,1.0865990732793545
603677,奇精机械,2026-08-26,38.18082933326144,38.5444562792925,37.70531717306697,38.068944119098035,990500.0,13501618.0,0.005142759872859346,13.65,13.78,13.48,13.61,2026-08-25,13.65,2.797130354085087
603678,火炬电子,2026-08-26,122.42571349535395,123.2547211664671,119.02945626208397,121.436252726606,10705376.0,485114127.0,0.022510780408392446,45.78,46.09,44.51,45.41,2026-08-25,45.55,2.674218293913367
603679,华体科技,2026-08-26,31.975187110210616,32.37011663781798,31.453315948729454,32.21496575197223,7426111.0,168202503.0,0.041793399203270784,22.67,22.95,22.3,22.84,2026-08-25,22.44,1.4104625985977333
603680,今创集团,2026-08-26,21.01338931376103,21.25820549994077,20.89098122067116,21.054192011457655,3562400.0,36820659.0,0.004545508095507939,10.3,10.42,10.24,10.32,2026-08-25,10.37,2.040134884831168
603681,永冠新材,2026-08-26,20.23976443244414,20.749080167615052,20.10689945805173,20.33941316323845,5108900.0,94092884.0,0.021489276834455256,18.28,18.74,18.16,18.37,2026-08-25,18.25,1.1072081199367692
603682,锦和商管,2026-08-26,15.841813464157811,15.868778253032973,15.140728953403594,15.248588108904242,15111600.0,172192749.0,0.031982222222222224,11.75,11.77,11.23,11.31,2026-08-25,11.69,1.3482394437581116
603683,晶华新材,2026-08-26,32.17675074579948,32.81289824141159,31.663728571918753,32.19727163275471,12126950.0,190200203.0,0.04204423206663182,15.68,15.99,15.43,15.69,2026-08-25,15.75,2.0520886955229263
603685,晨丰科技,2026-08-26,47.08582230660484,47.08582230660484,45.50678260905001,46.001421550452726,1165900.0,28252571.0,0.005787087965876403,24.75,24.75,23.92,24.18,2026-08-25,24.5,1.9024574669335288
603686,福龙马,2026-08-26,41.77922828125691,42.004539990015616,41.26423008980844,41.84360305518797,7141800.0,92536456.0,0.017191327190390234,12.98,13.05,12.82,13.0,2026-08-25,12.93,3.2187386965529208
603687,大胜达,2026-08-26,14.756382767020922,15.237680470039647,14.162440920742494,14.991911430200298,49110622.0,715221140.0,0.08928686720593336,14.41,14.88,13.83,14.64,2026-08-25,14.41,1.024037665997288
603688,石英股份,2026-08-26,133.123178600864,135.34617323389065,129.95968623847995,133.57917749994638,9953169.0,464392185.0,0.018374686972178055,46.71,47.49,45.6,46.87,2026-08-25,46.7,2.8499931192649113
603689,皖天然气,2026-08-26,13.079936472748805,13.217439090070739,13.02837299125308,13.183063435740255,3428210.0,26183662.0,0.006549285180619625,7.61,7.69,7.58,7.67,2026-08-25,7.61,1.7187827165241532
603690,至纯科技,2026-08-26,33.16014970305121,33.25004941177366,31.490583683920047,31.74743999455561,20462319.0,509437055.0,0.05343140776195167,25.82,25.89,24.52,24.72,2026-08-25,25.69,1.284281553177816
603693,江苏新能,2026-08-26,14.496864280542384,14.69015580428295,14.432433772628862,14.625725296369426,4417620.0,50044895.0,0.004955400475893975,11.25,11.4,11.2,11.35,2026-08-25,11.25,1.2886101582704341
603696,安记食品,2026-08-26,26.568531572960424,27.69172084007251,26.568531572960424,26.976964033728457,9889276.0,131323021.0,0.04204624149659864,13.01,13.56,13.01,13.21,2026-08-25,13.32,2.0421623038401555
603697,有友食品,2026-08-26,16.0056474578738,16.15712046220699,15.887835121170205,15.904665454985004,3552838.0,33738294.0,0.008306999396561217,9.51,9.6,9.44,9.45,2026-08-25,9.54,1.6830333814798948
603698,航天工程,2026-08-26,32.622227055820716,32.89534337535782,32.106340674472854,32.6829195712734,9034360.0,194100496.0,0.016855463721338084,21.5,21.68,21.16,21.54,2026-08-25,21.57,1.5173128863172425
603699,纽威股份,2026-08-26,68.87039191510905,69.78866380731051,66.37793963627654,69.19834616232386,5911542.0,310043486.0,0.007797399858460423,52.5,53.2,50.6,52.75,2026-08-25,52.92,1.3118169888592202
603700,宁水集团,2026-08-26,17.773378995396698,18.882341934401214,17.63850512443669,18.14802863695228,9708700.0,118381414.0,0.04855274104320275,11.86,12.6,11.77,12.11,2026-08-25,11.85,1.4985985662223187
603701,德宏股份,2026-08-26,68.86623124911799,69.68862134191637,68.4729142482144,69.5098408869602,2507884.0,48470895.0,0.009595445971293267,19.26,19.49,19.15,19.44,2026-08-25,19.26,3.5756090991234672
603703,盛洋科技,2026-08-26,33.413098119679056,34.48661131227918,33.178267108797776,33.48019269421656,14049960.0,141039323.0,0.03385678399830817,9.96,10.28,9.89,9.98,2026-08-25,10.06,3.3547287268754067
603706,东方环宇,2026-08-26,24.805410932803362,25.48836510394029,24.676551655230355,25.398163609639184,1355014.0,26433415.0,0.007154897991376341,19.25,19.78,19.15,19.71,2026-08-25,19.26,1.2885927757300448
603707,健友股份,2026-08-26,30.44187510104695,31.30202636311584,30.142692053370812,30.217487815289847,14859790.0,121827784.0,0.009197400809984322,8.14,8.37,8.06,8.08,2026-08-25,8.14,3.7397880959517136
603708,家家悦,2026-08-26,17.584703825915344,17.870479077690785,17.50849709210856,17.527548775560255,7996670.0,74097695.0,0.01252731553512718,9.23,9.38,9.19,9.2,2026-08-25,9.28,1.905168345169593
603709,中源家居,2026-08-26,18.540921539565108,18.78548439581658,18.143506898156453,18.281073504797913,4592584.0,55144197.0,0.02823737140402884,12.13,12.29,11.87,11.96,2026-08-25,12.22,1.5285178515717317
603711,香飘飘,2026-08-26,11.174149690446995,11.232096879852945,11.029281716932125,11.14517609574402,3372751.0,38902684.0,0.008168957558732794,11.57,11.63,11.42,11.54,2026-08-25,11.57,0.9657864900991353
603712,七一二,2026-08-26,10.764483419329594,11.178881497800576,10.764483419329594,11.129548393220697,13773578.0,154540909.0,0.017841422279792747,10.91,11.33,10.91,11.28,2026-08-25,10.96,0.9866620915975796
603713,密尔克卫,2026-08-26,70.40998816903291,72.30422744561713,70.40998816903291,70.66626760057078,1048602.0,67121988.0,0.00602476750422879,63.19,64.89,63.19,63.42,2026-08-25,63.66,1.1142583979907092
603716,塞力医疗,2026-08-26,57.34208205236338,60.209186154981545,57.34208205236338,57.81388399330054,14851000.0,240489861.0,0.06577328205222915,15.8,16.59,15.8,15.93,2026-08-25,16.1,3.6292456995166695
603717,天域生物,2026-08-26,8.547878134909226,8.864466213979936,8.547878134909226,8.640216324638182,7928999.0,51970262.0,0.02732759521543343,6.48,6.72,6.48,6.55,2026-08-25,6.53,1.3191169961279667
603719,良品铺子,2026-08-26,9.1972942699233,9.275402926143455,9.148476359785702,9.177767105868261,3888600.0,36624962.0,0.009770759282924868,9.42,9.5,9.37,9.4,2026-08-25,9.42,0.9763582027519426
603721,中广天择,2026-08-26,23.148192482775176,23.585193340306745,22.775456457233542,23.07107468438725,2955100.0,53462697.0,0.022731538461538463,18.01,18.35,17.72,17.95,2026-08-25,17.99,1.2852966397987327
603722,阿科力,2026-08-26,32.77359545085161,33.159556366322605,32.37660708065287,32.586128720479984,1310400.0,38831650.0,0.013692772655950978,29.72,30.07,29.36,29.55,2026-08-25,29.9,1.1027454727742803
603725,天安新材,2026-08-26,24.01761314752036,25.144319002759786,23.360368065297365,23.52937394358328,15251592.0,193974946.0,0.05002856414835933,12.79,13.39,12.44,12.53,2026-08-25,12.54,1.8778430920657048
603726,朗迪集团,2026-08-26,63.25358120417792,64.4455456741059,62.88274781353366,63.46548599883179,3353569.0,80473247.0,0.018165272137640475,23.88,24.33,23.74,23.96,2026-08-25,24.0,2.64880993317328
603727,博迈科,2026-08-26,18.389078987432676,18.695563637223223,18.246052817530423,18.572969777307005,1939332.0,35104892.0,0.006883916573447688,18.0,18.3,17.86,18.18,2026-08-25,18.27,1.0216154993018154
603728,鸣志电器,2026-08-26,65.11400550890254,68.1161038681551,64.49713598302873,65.12771372058863,9546242.0,464639219.0,0.022789784724833336,47.5,49.69,47.05,47.51,2026-08-25,46.84,1.3708211686084746
603730,岱美股份,2026-08-26,70.9968119671036,75.05948131981778,70.93021083017386,71.19661537789281,23904353.0,260856912.0,0.01112558098415072,10.66,11.27,10.65,10.69,2026-08-25,10.66,6.660113692974071
603733,仙鹤股份,2026-08-26,22.811344324592582,23.65377766415787,22.745700168262815,23.15050579896302,6258991.0,133172086.0,0.007658569914737443,20.85,21.62,20.79,21.16,2026-08-25,20.75,1.0940692721627137
603737,三棵树,2026-08-26,204.2934578200179,211.97796563717745,202.82195632311502,206.41895998221096,7814997.0,199065435.0,0.008826705432412232,24.99,25.93,24.81,25.25,2026-08-25,25.14,8.175008316127167
603738,泰晶科技,2026-08-26,208.19791554347077,213.2258059993375,201.16968157290438,209.8198156905246,45386734.0,1748178638.0,0.11761649429155377,38.51,39.44,37.21,38.81,2026-08-25,37.7,5.406333823512615
603739,蔚蓝生物,2026-08-26,18.31468506796757,18.82955573252891,18.31468506796757,18.461790972127954,5093780.0,64344480.0,0.02013122091769561,12.45,12.8,12.45,12.55,2026-08-25,12.54,1.471059041603821
603755,日辰股份,2026-08-26,24.170533547184306,24.375281819502682,23.77127441616347,23.92483562040226,553400.0,12987566.0,0.005611797413788863,23.61,23.81,23.22,23.37,2026-08-25,23.6,1.023741361591881
603757,大元泵业,2026-08-26,182.46291384059657,187.12165873243234,173.25569020821115,175.07508170443103,13648200.0,880498428.0,0.07316215779938101,66.19,67.88,62.85,63.51,2026-08-25,66.11,2.756653782151331
603758,秦安股份,2026-08-26,14.472795389915337,15.169283911942257,14.106843793596106,14.968600778476873,44115500.0,546514682.0,0.1018560732206901,12.26,12.85,11.95,12.68,2026-08-25,12.12,1.1804890203846115
603759,海天股份,2026-08-26,11.440279128985187,12.49676928601548,11.410093695927177,12.074173223203363,15430132.0,122805599.0,0.03341591302841303,7.58,8.28,7.56,8.0,2026-08-25,7.56,1.5092716529004204
603766,隆鑫通用,2026-08-26,51.16836989441465,51.3745554010409,50.51544912343152,50.8247273833709,8763382.0,129967035.0,0.004267447483478362,14.89,14.95,14.7,14.79,2026-08-25,14.86,3.4364251104375185
603767,中马传动,2026-08-26,24.063541898380596,24.312132207248165,23.66579740419249,23.781806214997353,3340900.0,48224557.0,0.010824883396542478,14.52,14.67,14.28,14.35,2026-08-25,14.54,1.6572687257837877
603768,常青股份,2026-08-26,11.250246488052634,11.35565765616897,10.991509984494355,11.240663654587513,3240118.0,37759176.0,0.0136164666877689,11.74,11.85,11.47,11.73,2026-08-25,11.8,0.9582833465121494
603773,沃格光电,2026-08-26,229.25576570223708,233.5030304141943,218.39628206371006,225.20155847718698,15108420.0,1407438329.0,0.06724457861553751,95.0,96.76,90.5,93.32,2026-08-25,95.88,2.4132185863393376
603776,永安行,2026-08-26,52.142582502950894,52.805844315610734,51.02013943537269,51.30075020226724,2575888.0,52396559.0,0.009174678558497878,20.44,20.7,20.0,20.11,2026-08-25,20.44,2.5510069717686346
603777,来伊份,2026-08-26,18.716659276897726,19.784202065283747,18.619609932499,19.312819535347064,6536941.0,91177880.0,0.019546855952987562,13.5,14.27,13.43,13.93,2026-08-25,13.49,1.386419205696128
603778,国晟科技,2026-08-26,60.14158958233363,61.415775802298334,58.931112673367174,59.56820578334952,19719765.0,185293460.0,0.030675190040900253,9.44,9.64,9.25,9.35,2026-08-25,9.39,6.370931099823478
603779,威龙股份,2026-08-26,12.08663997531601,12.374056945943048,11.935367885512305,12.313548110021568,18550098.0,149806216.0,0.05585986558037278,7.99,8.18,7.89,8.14,2026-08-25,7.96,1.5127208980370475
603786,科博达,2026-08-26,40.560037458961894,41.37371012510155,40.436441610940676,41.02352188904145,1502913.0,59886582.0,0.003721401675396248,39.38,40.17,39.26,39.83,2026-08-25,39.37,1.0299654001767875
603787,新日股份,2026-08-26,11.53908045717255,11.628185325567705,11.449975588777395,11.527942348623156,2206300.0,22843028.0,0.009586615393793593,10.36,10.44,10.28,10.35,2026-08-25,10.36,1.1138108549394354
603788,XD宁波高,2026-08-26,29.309167471691136,29.820745667560654,29.053378373756377,29.330483229852366,2532512.0,34740225.0,0.011353243350500761,13.75,13.99,13.63,13.76,2026-08-25,14.04,2.1315758161229916
603790,雅运股份,2026-08-26,31.80859476062501,32.82050484928449,30.690167820527687,30.863257704114176,3050800.0,71765952.0,0.015942725752508363,23.89,24.65,23.05,23.18,2026-08-25,24.0,1.3314606429730016
603797,联泰环保,2026-08-26,9.440014307652238,9.499887548504153,9.280352332047125,9.38014106680032,7933440.0,37342947.0,0.013758877196370709,4.73,4.76,4.65,4.7,2026-08-25,4.74,1.9957746950638977
603798,康普顿,2026-08-26,34.99575866887013,35.47882895724411,34.620037333468154,34.80789800116914,2423600.0,31583971.0,0.00945058805890357,13.04,13.22,12.9,12.97,2026-08-25,13.17,2.683723824299857
603799,华友钴业,2026-08-26,93.43221836187985,97.06158130361399,93.43221836187985,95.43791893494344,56570311.0,2260635467.0,0.029969323644192487,39.13,40.65,39.13,39.97,2026-08-25,39.13,2.3877387774566787
603800,洪田股份,2026-08-26,78.85769832406386,79.53879980278144,68.86051390763299,69.71477677924487,10021541.0,619029790.0,0.048180485576923074,68.31,68.9,59.65,60.39,2026-08-25,66.16,1.1544092859619948
603801,志邦家居,2026-08-26,21.00659677293323,21.929287700002035,19.96088038892191,20.114662210100047,38097422.0,255962689.0,0.08771104391509583,6.83,7.13,6.49,6.54,2026-08-25,6.7,3.075636423562698
603803,瑞斯康达,2026-08-26,11.907768904046774,11.97116430193877,11.432303419856797,11.72814861001945,23854000.0,264162825.0,0.05614244092764456,11.27,11.33,10.82,11.1,2026-08-25,11.25,1.056589964866617
603806,福斯特,2026-08-26,107.2210895450956,107.9934746040321,105.88696989784162,105.88696989784162,19879333.0,302187041.0,0.007620264782711274,15.27,15.38,15.08,15.08,2026-08-25,15.37,7.021682353968277
603808,歌力思,2026-08-26,19.122912564223792,19.122912564223792,18.858540501123926,18.946664522157214,1761300.0,15158418.0,0.00484228506005114,8.68,8.68,8.56,8.6,2026-08-25,8.64,2.2031005258322343
603809,XD豪能股,2026-08-26,72.23419995286379,73.11412929891198,71.75423849138298,71.99421922212338,5162230.0,46684716.0,0.005609358671684899,9.03,9.14,8.97,9.0,2026-08-25,9.04,7.9993576913470426
603810,丰山集团,2026-08-26,24.921429467584616,25.323388007384366,24.841037759624665,25.102310810494505,1323997.0,16533056.0,0.008007617947263172,12.4,12.6,12.36,12.49,2026-08-25,12.45,2.0097926989987593
603811,诚意药业,2026-08-26,32.72294892058221,33.87735417422555,32.72294892058221,33.07815053708786,5145355.0,38546843.0,0.01122885750920908,7.37,7.63,7.37,7.45,2026-08-25,7.43,4.440020206320518
603815,交建股份,2026-08-26,5.826410773170973,5.933909126919514,5.804911102421265,5.912409456169806,8552601.0,46751572.0,0.013818494278221308,5.42,5.52,5.4,5.5,2026-08-25,5.43,1.0749835374854193
603816,顾家家居,2026-08-26,53.627664997197876,54.91164739936543,53.520666463683916,54.03425942455093,4110200.0,104255231.0,0.005037748513187006,25.06,25.66,25.01,25.25,2026-08-25,25.06,2.139970670279245
603817,海峡环保,2026-08-26,5.890719884353363,5.993524768897052,5.880439395898994,5.952402815079576,5903400.0,34196183.0,0.01035531535026891,5.73,5.83,5.72,5.79,2026-08-25,5.74,1.028048845436887
603818,曲美家居,2026-08-26,6.769542594719251,6.896926460748913,6.714949509277966,6.896926460748913,18549100.0,69508976.0,0.027018084664088938,3.72,3.79,3.69,3.79,2026-08-25,3.71,1.819769514709476
603819,神力股份,2026-08-26,25.336351784516488,25.92685670593275,24.911926372248548,25.354805063310746,3863500.0,53089356.0,0.017744438900426793,13.73,14.05,13.5,13.74,2026-08-25,13.72,1.8453278794258183
603823,百合花,2026-08-26,147.8382042019034,149.577477192514,137.6007112824864,145.43844779713683,26448396.0,1707162600.0,0.06352172790039451,67.15,67.94,62.5,66.06,2026-08-25,66.95,2.2016113805197826
603826,坤彩科技,2026-08-26,28.609778052529805,29.10888944534652,27.914587183963658,28.128492066599392,9516434.0,151651779.0,0.011172670705363014,16.05,16.33,15.66,15.78,2026-08-25,15.8,1.7825406886311403
603829,洛凯股份,2026-08-26,16.361977049423754,16.64847081098954,16.277090008959817,16.489307610119656,2464500.0,38257006.0,0.013231066841293484,15.42,15.69,15.34,15.54,2026-08-25,15.43,1.0610880057992058
603833,欧派家居,2026-08-26,49.175196035811474,50.09817663832978,48.75153280842602,49.402158479053675,3558327.0,116758440.0,0.005874471146216815,32.5,33.11,32.22,32.65,2026-08-25,32.5,1.5130829549480453
603836,海程邦达,2026-08-26,10.091838448514812,10.1575833244009,9.971306176056979,10.091838448514812,4093320.0,37710274.0,0.014675114914052854,9.21,9.27,9.1,9.21,2026-08-25,9.21,1.0957479314348328
603839,安正时尚,2026-08-26,13.29358829675289,13.551358706939236,13.23835178028439,13.275176124596724,3813800.0,27737123.0,0.00985436785333534,7.22,7.36,7.19,7.21,2026-08-25,7.28,1.841217215616744
603848,好太太,2026-08-26,14.84956633447996,15.304258059434163,14.84956633447996,15.182267596641571,4439900.0,60571503.0,0.011033370183217537,13.39,13.8,13.39,13.69,2026-08-25,13.34,1.109004207205374
603855,华荣股份,2026-08-26,21.78691823205127,21.841080862833252,21.597349024314344,21.678592970487315,1715600.0,27483594.0,0.005113066543479395,16.09,16.13,15.95,16.01,2026-08-25,16.04,1.3540657695494887
603856,东宏股份,2026-08-26,16.853252518933044,16.97162479299052,16.77926984764712,16.882845587447413,2713900.0,30963077.0,0.00962184609683621,11.39,11.47,11.34,11.41,2026-08-25,11.39,1.479653425718441
603858,步长制药,2026-08-26,34.60842071274794,35.56157066024658,34.60842071274794,35.175771871973325,5542990.0,86035076.0,0.005256169044360612,15.25,15.67,15.25,15.5,2026-08-25,15.31,2.2694046369015046
603859,能科科技,2026-08-26,57.98978805690813,58.19124910574292,56.021668579829736,56.688039741360214,5376970.0,197474022.0,0.021973929375004628,37.42,37.55,36.15,36.58,2026-08-25,37.61,1.549700375652275
603860,中公高科,2026-08-26,27.02673690928188,27.20907621376729,26.68231822303166,26.874787488877374,836600.0,22220607.0,0.012546490701859628,26.68,26.86,26.34,26.53,2026-08-25,26.72,1.0129961360300554
603861,白云电器,2026-08-26,12.947905301888422,13.163703723586563,12.893955696463888,13.045014591652587,6508200.0,78725056.0,0.0123124602517736,12.0,12.2,11.95,12.09,2026-08-25,11.93,1.078992108490702
603863,松炀资源,2026-08-26,12.38320092353205,12.731478449506387,12.160690281937333,12.209062160544878,4766800.0,60782563.0,0.023292450525287077,12.8,13.16,12.57,12.62,2026-08-25,12.78,0.9674375721509413
603866,XD桃李面,2026-08-26,17.454816773432317,17.618711766610087,17.29092178025455,17.454816773432317,13373567.0,56934184.0,0.00835994678078353,4.26,4.3,4.22,4.26,2026-08-25,4.27,4.097374829444206
603867,新化股份,2026-08-26,41.934063746523805,42.10812419791027,41.22331690336238,41.426387429979926,4308370.0,123214600.0,0.019975126612209078,28.91,29.03,28.42,28.56,2026-08-25,28.91,1.4505037615539191
603868,飞科电器,2026-08-26,38.73441331832797,39.015189955231826,38.41534895820994,38.72165074392324,524729.0,15961142.0,0.0012046120293847567,30.35,30.57,30.1,30.34,2026-08-25,30.34,1.276257440472091
603871,嘉友国际,2026-08-26,197.0156612759501,209.90315190076788,196.5712650475081,205.6073216924953,40321690.0,556762692.0,0.029474733046609126,13.3,14.17,13.27,13.88,2026-08-25,12.88,14.81320761473309
603876,鼎胜新材,2026-08-26,42.94026816110969,45.85502460682832,42.84501468249144,44.67388147196195,23684733.0,557762006.0,0.025487537565795942,22.54,24.07,22.49,23.45,2026-08-25,22.56,1.9050695723651152
603877,太平鸟,2026-08-26,16.035389453826085,16.149927949924844,15.984483455559971,16.073568952525672,1159500.0,14618269.0,0.0024705770151406846,12.6,12.69,12.56,12.63,2026-08-25,12.61,1.272649956652864
603878,武进不锈,2026-08-26,18.806897464878347,18.87993395988758,18.551269732346018,18.69734272236449,8393570.0,43023449.0,0.01495780131766768,5.15,5.17,5.08,5.12,2026-08-25,5.15,3.6518247504618144
603879,永悦科技,2026-08-26,13.941881403413104,14.40319365573192,13.890624486488791,13.993138320337417,5887900.0,32352318.0,0.01638511507232448,5.44,5.62,5.42,5.46,2026-08-25,5.58,2.562845846215644
603880,南卫股份,2026-08-26,25.697297597612582,26.895920124918742,25.288011856581214,26.28199151337169,12319798.0,110506429.0,0.042622864497201096,8.79,9.2,8.65,8.99,2026-08-25,9.04,2.923469578795516
603881,数据港,2026-08-26,76.60822521083962,76.85239485294588,74.59382566346297,75.47894061609816,32106853.0,794238411.0,0.03724466521669061,25.1,25.18,24.44,24.73,2026-08-25,24.99,3.0521205263282716
603882,金域医学,2026-08-26,29.77244535513739,30.249698060352756,28.53361918415282,28.635162312922045,14213390.0,406495896.0,0.030889636881168355,29.32,29.79,28.1,28.2,2026-08-25,29.3,1.015431287692271
603883,老百姓,2026-08-26,33.95911394092299,34.19065335415655,33.264495701222295,33.54748831739665,12802718.0,167157492.0,0.016870315880569586,13.2,13.29,12.93,13.04,2026-08-25,13.22,2.5726601470396204
603885,吉祥航空,2026-08-26,32.0498691782793,32.14006580823693,31.719148201767982,31.779279288406403,8012952.0,85016257.0,0.0036942980813451857,10.66,10.69,10.55,10.57,2026-08-25,10.53,3.0065543319211354
603886,元祖股份,2026-08-26,18.973127688165903,20.708086511999863,18.861708314158214,20.421579550265815,10769400.0,135441450.0,0.0448725,11.92,13.01,11.85,12.83,2026-08-25,12.05,1.591705342966938
603887,城地香江,2026-08-26,21.300212700655944,21.60350160000811,20.996923801303776,21.440192192664632,29468068.0,269145878.0,0.04894788688408635,9.13,9.26,9.0,9.19,2026-08-25,9.28,2.3329915334781974
603888,新华网,2026-08-26,57.900144033704926,58.36563684288127,57.506265502863386,57.685301198700444,4369451.0,70616430.0,0.005887066078567837,16.17,16.3,16.06,16.11,2026-08-25,16.2,3.5807139167411823
603889,新澳股份,2026-08-26,57.39263449304989,59.259860615255285,56.21333378428859,59.06331049712839,35915949.0,211884730.0,0.03812177573818652,5.84,6.03,5.72,6.01,2026-08-25,5.72,9.82750590634416
603890,春秋电子,2026-08-26,56.954970763063514,57.49437717140451,55.05118343950708,55.49540048167024,37851161.0,668920750.0,0.07752524026628982,17.95,18.12,17.35,17.49,2026-08-25,18.37,3.1729788725940677
603893,瑞芯微,2026-08-26,161.53617340529033,163.99779992770414,161.09363380575525,162.4304721793508,7157571.0,1261976667.0,0.016917390183709337,175.21,177.88,174.73,176.18,2026-08-25,175.06,0.9219574990313928
603895,天永智能,2026-08-26,36.09305181883529,37.2078392195775,35.875885442067336,36.802461982943974,1143300.0,28924287.0,0.010578275351591414,24.93,25.7,24.78,25.42,2026-08-25,24.94,1.447775845119747
603896,寿仙谷,2026-08-26,20.096987937512875,20.377784176160763,19.695850453730184,19.749335451567877,2756240.0,40971363.0,0.013903275065086729,15.03,15.24,14.73,14.77,2026-08-25,15.15,1.3371249459423071
603897,XD长城科,2026-08-26,43.8325390622363,44.35995497940793,42.53538099567906,42.57814444842271,11895737.0,359735531.0,0.05762442297947514,30.75,31.12,29.84,29.87,2026-08-25,31.05,1.4254484247881725
603898,好莱客,2026-08-26,40.16861520858131,40.48939385709704,39.527057911549846,40.27554142475323,1955900.0,21946796.0,0.006514683324804191,11.27,11.36,11.09,11.3,2026-08-25,11.29,3.5642072057303738
603899,晨光股份,2026-08-26,52.4784720720892,53.1272125656956,52.38579485871686,52.895519532264736,2890132.0,65946834.0,0.0031558709211522915,22.65,22.93,22.61,22.83,2026-08-25,22.65,2.316930334308574
603900,莱绅通灵,2026-08-26,9.851485570611597,10.53952583268606,9.851485570611597,10.148593865598297,29740350.0,194260480.0,0.08677642617449664,6.3,6.74,6.3,6.49,2026-08-25,6.56,1.5637278683510474
603901,永创智能,2026-08-26,40.55392446588138,41.236937930569916,40.04166436736499,40.46854778279532,6343018.0,60208126.0,0.011149635279730874,9.5,9.66,9.38,9.48,2026-08-25,9.5,4.2688341543033035
603903,中持股份,2026-08-26,29.664688496484068,30.251278382007765,29.203796443572593,29.538990663871846,7253900.0,102661866.0,0.028411071493643962,14.16,14.44,13.94,14.1,2026-08-25,14.19,2.094963876870344
603906,龙蟠科技,2026-08-26,39.897002741506476,40.55782266269085,39.75244838374739,40.04155709926556,14765615.0,287142169.0,0.02622683253149798,19.32,19.64,19.25,19.39,2026-08-25,19.24,2.0650622537011634
603908,牧高笛,2026-08-26,32.443562970608646,32.86014698409874,32.27692936521262,32.41023624952944,952460.0,18612816.0,0.010227540055305987,19.47,19.72,19.37,19.45,2026-08-25,19.45,1.6663360539603826
603909,建发合诚,2026-08-26,24.977659465016007,25.182184823992596,24.696437096423196,24.977659465016007,1599200.0,15636219.0,0.006134886010887045,9.77,9.85,9.66,9.77,2026-08-25,9.79,2.55656698720737
603912,佳力图,2026-08-26,27.032717968050434,27.45322691422011,26.492063608689428,26.792427141667762,34750373.0,310786443.0,0.06407650457070779,9.0,9.14,8.82,8.92,2026-08-25,9.08,3.0036353297833815
603915,国茂股份,2026-08-26,19.87663759241366,20.210189100448062,19.80083043149675,19.846314728046895,3038892.0,40007710.0,0.004627995252382276,13.11,13.33,13.06,13.09,2026-08-25,13.18,1.516143218338189
603916,XD苏博特,2026-08-26,16.473876925675846,16.54519241020258,16.11729950304217,16.188614987568904,6144539.0,69988440.0,0.014618445726326005,11.55,11.6,11.3,11.35,2026-08-25,11.6,1.4263096905347052
603917,合力科技,2026-08-26,18.898637316737275,19.121849568509766,18.883756499952444,18.928398950306946,2323700.0,29648232.0,0.01139962715855573,12.7,12.85,12.69,12.72,2026-08-25,12.68,1.4880816784832502
603918,金桥信息,2026-08-26,38.49209765488153,39.13067623348786,37.818042488574854,38.63400400568295,14192991.0,153661190.0,0.03887345504896549,10.85,11.03,10.66,10.89,2026-08-25,10.87,3.5476587700351647
603919,金徽酒,2026-08-26,29.54829862168358,30.056188346304292,29.457604028001306,29.74782672778457,4620420.0,75926847.0,0.009108583423344538,16.29,16.57,16.24,16.4,2026-08-25,16.41,1.8138918736454008
603920,世运电路,2026-08-26,65.58779186045906,66.6997485039491,64.24638384609015,65.6936924931724,14144976.0,525259980.0,0.01962965142188714,37.16,37.79,36.4,37.22,2026-08-25,37.17,1.765010545222257
603926,铁流股份,2026-08-26,34.69068589290289,34.94146193550218,33.227825644406984,33.56219370120605,5556811.0,90098610.0,0.02407227705940407,16.6,16.72,15.9,16.06,2026-08-25,15.93,2.08980035499415
603927,中科软,2026-08-26,28.963996411353836,29.71269646630021,28.921213551071187,29.434607874462984,10773284.0,147749035.0,0.012963616673084329,13.54,13.89,13.52,13.76,2026-08-25,13.44,2.1391430141324843
603928,兴业股份,2026-08-26,20.771643717968413,20.80506550995227,19.852544438412288,20.17005146225895,9710300.0,117303647.0,0.028500692683384992,12.43,12.45,11.88,12.07,2026-08-25,12.26,1.6710895991929535
603929,亚翔集成,2026-08-26,201.44046408442216,203.62895307694427,197.3370472234432,201.41559489132533,3807800.0,615621704.0,0.017846831646044243,162.0,163.76,158.7,161.98,2026-08-25,160.91,1.2434596548421122
603931,格林达,2026-08-26,85.52620357367798,85.75861173556297,80.06461176938062,81.29637502737107,7390000.0,261710051.0,0.03703176985100801,36.8,36.9,34.45,34.98,2026-08-25,35.08,2.324081618849945
603933,睿能科技,2026-08-26,38.99687130969681,39.44675655815686,37.974404835923956,38.58788472018767,2543400.0,48002763.0,0.012254716848175867,19.07,19.29,18.57,18.87,2026-08-25,19.11,2.0449329475457163
603936,博敏电子,2026-08-26,37.81591989082099,37.81591989082099,35.20040958136939,36.94408312100379,45269161.0,760477498.0,0.07181044469169988,17.35,17.35,16.15,16.95,2026-08-25,17.21,2.1795919245429967
603937,丽岛新材,2026-08-26,12.712684882458916,12.936838016406554,12.637967171143035,12.66998904742127,3844100.0,45964464.0,0.018402333098543732,11.91,12.12,11.84,11.87,2026-08-25,11.95,1.0673958759411348
603938,三孚股份,2026-08-26,119.44399095165258,120.61417103027091,114.82035259223376,116.64697515397945,9665683.0,396518157.0,0.0252615372925273,41.85,42.26,40.23,40.87,2026-08-25,41.59,2.85409775272766
603939,益丰药房,2026-08-26,149.4647363376926,150.90914345356106,147.58072705612506,148.89953355322234,6596825.0,156719106.0,0.005441162887576656,23.8,24.03,23.5,23.71,2026-08-25,23.8,6.280030938558513
603948,建业股份,2026-08-26,24.930707872880234,25.125099357269164,24.614821710748227,24.639120646296842,643300.0,13130897.0,0.003959033158192017,20.52,20.68,20.26,20.28,2026-08-25,20.47,1.2149467774308107
603949,雪龙集团,2026-08-26,21.83684066092472,22.269253347279665,21.388984664342814,21.589747697293326,1717740.0,24071689.0,0.008171726462010653,14.14,14.42,13.85,13.98,2026-08-25,14.14,1.5443310226962321
603950,XD长源东,2026-08-26,110.77424631349537,114.99132588991897,104.5835734953055,110.55495817552135,10681512.0,698224474.0,0.032980984892647884,65.67,68.17,62.0,65.54,2026-08-25,64.93,1.6868318305694436
603955,大千生态,2026-08-26,27.310109468917506,29.498120193344704,27.310109468917506,28.270699543056278,5840600.0,124034977.0,0.043034188034188035,20.47,22.11,20.47,21.19,2026-08-25,20.1,1.3341528807482905
603956,威派格,2026-08-26,6.6858247659418835,6.7400048693936,6.458268331444671,6.555792517657762,13071200.0,79153764.0,0.02293570069518412,6.17,6.22,5.96,6.05,2026-08-25,6.15,1.0836020690343409
603958,哈森股份,2026-08-26,24.520525775970768,25.76696792759768,23.478242252627577,25.433867007766352,42822587.0,982115726.0,0.19521602388767323,22.82,23.98,21.85,23.67,2026-08-25,22.26,1.074519096230095
603960,克来机电,2026-08-26,49.789628281398926,50.82169972190531,49.4456044678968,50.008552526354826,3754600.0,60125665.0,0.014319718045033923,15.92,16.25,15.81,15.99,2026-08-25,15.93,3.1274892136557115
603966,法兰泰克,2026-08-26,26.445132638369888,27.040892822963954,26.18035033410586,26.809208306732927,8031949.0,64869683.0,0.015455059649212252,7.99,8.17,7.91,8.1,2026-08-25,7.99,3.3097788033003614
603967,中创物流,2026-08-26,20.115514345192306,20.234440527976385,19.877661979624154,20.06454598114199,4350840.0,51473479.0,0.012550498431187697,11.84,11.91,11.7,11.81,2026-08-25,11.84,1.6989454683439449
603968,醋化股份,2026-08-26,25.563853846468504,25.781521476192456,25.394556801127653,25.708965599617805,1442099.0,15278753.0,0.007052518583724569,10.57,10.66,10.5,10.63,2026-08-25,10.57,2.4185292191550145
603969,银龙股份,2026-08-26,33.57379288446386,34.750233066399254,33.211811290022204,34.388251471957595,24766117.0,186001269.0,0.029083443700210133,7.42,7.68,7.34,7.6,2026-08-25,7.37,4.524769930520736
603970,中农立华,2026-08-26,24.31966388944753,24.931621881073887,24.31966388944753,24.772966105467056,2873256.0,31377850.0,0.010689191099882414,10.73,11.0,10.73,10.93,2026-08-25,10.75,2.2665110800976263
603976,正川股份,2026-08-26,44.85032460344314,45.2004690822493,43.67256590200425,44.45243315025433,2432500.0,67954132.0,0.014174207825958605,28.18,28.4,27.44,27.93,2026-08-25,28.18,1.591565812755257
603977,国泰集团,2026-08-26,24.393577909379534,24.839413536966106,24.308656837458283,24.4997292492811,5722000.0,66278118.0,0.009210583933830032,11.49,11.7,11.45,11.54,2026-08-25,11.51,2.123026798031291
603978,深圳新星,2026-08-26,38.83861660401593,39.10199793727217,38.109252911921736,38.757576193783244,6116631.0,116630845.0,0.028975822790931933,19.17,19.3,18.81,19.13,2026-08-25,19.03,2.026010255817211
603979,金诚信,2026-08-26,109.25023684937493,116.57306472915191,108.57139481712737,116.57306472915191,6471077.0,513267623.0,0.010373763984175638,75.64,80.71,75.17,80.71,2026-08-25,73.37,1.4443447494629156
603980,吉华集团,2026-08-26,10.913654937135927,11.598892077139867,10.913654937135927,11.26463005762575,34392692.0,231097017.0,0.0508141206278603,6.53,6.94,6.53,6.74,2026-08-25,6.55,1.671310097570586
603982,泉峰汽车,2026-08-26,6.025923214049707,6.064737534269029,5.948294573611063,6.016219633994877,3410100.0,21122740.0,0.010042893146267462,6.21,6.25,6.13,6.2,2026-08-25,6.22,0.9703580054830446
603983,丸美生物,2026-08-26,30.1038263726961,30.99393192882586,30.046768324226246,30.583113979842896,2410374.0,64531934.0,0.006010907730673316,26.38,27.16,26.33,26.8,2026-08-25,26.36,1.141160969397123
603985,恒润股份,2026-08-26,77.74791399764895,77.79500540527926,75.2520693932423,76.42935458400015,6487989.0,105311001.0,0.014716731818067959,16.51,16.52,15.98,16.23,2026-08-25,16.4,4.709140763031432
603986,兆易创新,2026-08-26,2535.896519255898,2535.896519255898,2446.15501837396,2494.584921824411,28462888.0,11159256743.0,0.04257775831293725,399.0,399.0,384.88,392.5,2026-08-25,395.51,6.3556303740749325
603987,XD康德莱,2026-08-26,17.469353784278784,17.79414920656285,17.469353784278784,17.515753130319364,4650806.0,35288870.0,0.010647671947729311,7.53,7.67,7.53,7.55,2026-08-25,7.53,2.3199673020290548
603988,中电电机,2026-08-26,56.839415898010806,57.94227023633041,55.14271691598063,57.15047737804967,6545200.0,131769783.0,0.027828231292517006,20.1,20.49,19.5,20.21,2026-08-25,20.06,2.8278316367169554
603989,艾华集团,2026-08-26,70.47998289442583,70.78753191069242,67.91707442553762,69.55733584562607,11173847.0,302425891.0,0.028020088577191436,27.5,27.62,26.5,27.14,2026-08-25,27.41,2.562908468888212
603990,麦迪科技,2026-08-26,68.416710492267,68.64942039190056,63.73342376214158,65.21694937230554,16377055.0,369357942.0,0.05365208889891623,23.52,23.6,21.91,22.42,2026-08-25,23.45,2.9088737454195153
603991,领先股份,2026-08-26,148.6798878255288,150.1430591957319,142.81636403827036,144.23618218268967,1750200.0,234636420.0,0.019547335880838228,137.18,138.53,131.77,133.08,2026-08-25,134.49,1.0838306445949029
603992,松霖科技,2026-08-26,24.857995774357082,24.86952545699825,24.258452277016374,24.41986783399272,3901153.0,82961156.0,0.008805383202876875,21.56,21.57,21.04,21.18,2026-08-25,21.57,1.1529682641167478
603993,洛阳钼业,2026-08-26,66.28689633040193,71.39413026103095,66.28689633040193,69.9655333573585,466911944.0,9082612405.0,0.02674051682580193,18.56,19.99,18.56,19.59,2026-08-25,18.42,3.5714922591811384
603995,甬金股份,2026-08-26,40.207972372898624,40.35447915482417,39.29637461869526,39.94751587169766,4027100.0,98508745.0,0.011075341881222297,24.7,24.79,24.14,24.54,2026-08-25,24.47,1.6278531325060173
603997,继峰股份,2026-08-26,19.991492784038776,20.02635153344425,19.730052163497728,19.88691653582236,10863500.0,124111486.0,0.008538709436528147,11.47,11.49,11.32,11.41,2026-08-25,11.45,1.7429374702736509
603998,方盛制药,2026-08-26,47.54441187238011,48.96789725778071,47.54441187238011,48.256154565080415,12305900.0,125266414.0,0.02802646871641283,10.02,10.32,10.02,10.17,2026-08-25,10.1,4.744951284668674
603999,读者传媒,2026-08-26,14.145620418770797,14.24488793048147,14.046352907060125,14.071169784987791,4050600.0,23054794.0,0.007032291666666667,5.7,5.74,5.66,5.67,2026-08-25,5.71,2.4816877927668064
605001,威奥股份,2026-08-26,8.205942558849252,8.288970645448064,8.081400428951033,8.095238443384169,10391480.0,61267950.0,0.026449097193587963,5.93,5.99,5.84,5.85,2026-08-25,6.02,1.3838014433135333
605003,众望布艺,2026-08-26,31.027907313584613,31.554979498616447,31.027907313584613,31.41627629202912,972225.0,21971621.0,0.008838409090909091,22.37,22.75,22.37,22.65,2026-08-25,22.48,1.3870320658732505
605005,合兴股份,2026-08-26,16.543381062430495,16.729261748525218,16.40913390025097,16.512400948081375,1071600.0,17170225.0,0.0026723192019950126,16.02,16.2,15.89,15.99,2026-08-25,16.03,1.032670478304026
605006,山东玻纤,2026-08-26,18.18974998368389,18.282419743426093,17.63373142523067,18.136795835259772,17464575.0,238038200.0,0.02672053267506945,13.74,13.81,13.32,13.7,2026-08-25,13.71,1.3238537106029031
605007,XD五洲特,2026-08-26,15.01938312875229,15.686013449194558,15.01938312875229,15.403200585976627,4918400.0,75177171.0,0.010363753263502896,14.87,15.53,14.87,15.25,2026-08-25,14.88,1.0100459400640411
605008,长鸿高科,2026-08-26,18.176310217573388,18.176310217573388,17.41485113941283,17.992995995053253,5708300.0,71916046.0,0.008836891862875477,12.89,12.89,12.35,12.76,2026-08-25,12.91,1.4101094040010387
605009,豪悦护理,2026-08-26,59.06582834329821,60.23037543208563,58.22735443937126,59.508356237037425,3284295.0,83927210.0,0.01527881426842176,25.36,25.86,25.0,25.55,2026-08-25,25.14,2.3290941775748504
605011,杭州热电,2026-08-26,15.915599431456076,16.078198704493786,15.81995280025742,15.963422747055404,2038400.0,34043750.0,0.005094726318420395,16.64,16.81,16.54,16.69,2026-08-25,16.64,0.956466311986543
605016,百龙创园,2026-08-26,61.44076225265085,62.5106262719756,61.13508681855805,62.32722101151993,4108590.0,83267428.0,0.009782070202131211,20.1,20.45,20.0,20.39,2026-08-25,20.1,3.0567543409279025
605018,长华集团,2026-08-26,13.86896013817803,14.235137303542466,13.834631028925115,14.017719611607333,3794900.0,46464645.0,0.00807312520185871,12.12,12.44,12.09,12.25,2026-08-25,12.23,1.144303641763864
605020,永和股份,2026-08-26,44.55030310739695,45.657947065830776,44.30575833735312,45.26955243105528,8096586.0,253923075.0,0.016099025318512,30.97,31.74,30.8,31.47,2026-08-25,30.97,1.4384986473166597
605028,世茂能源,2026-08-26,27.188749555697584,27.422751088758915,26.832175791032697,27.300178857155363,649400.0,15865788.0,0.00405875,24.4,24.61,24.08,24.5,2026-08-25,24.26,1.1142930145777699
605033,美邦股份,2026-08-26,18.13648316233082,18.716926747274254,18.06035941348578,18.650318467034843,3878800.0,75467206.0,0.028689349112426037,19.06,19.67,18.98,19.6,2026-08-25,19.28,0.9515468605630022
605050,福然德,2026-08-26,11.652377370890973,11.810913117433708,11.595757461411427,11.618405425203246,1345600.0,13905640.0,0.0027303578032243183,10.29,10.43,10.24,10.26,2026-08-25,10.28,1.1323981895909596
605055,迎丰股份,2026-08-26,10.158809042204403,10.158809042204403,9.594980302763652,9.763139751368788,3361300.0,33150648.0,0.007639318181818182,10.27,10.27,9.7,9.87,2026-08-25,9.87,0.9891732270890364
605056,咸亨国际,2026-08-26,15.85002792857174,16.006847992882694,15.715610730590917,15.816423629076532,3764099.0,53290766.0,0.009331091847854649,14.15,14.29,14.03,14.12,2026-08-25,14.1,1.1201433165068366
605058,澳弘电子,2026-08-26,29.88223529917656,30.214629462682417,29.195287361264455,29.86007568827617,1520000.0,40813934.0,0.010634939470402404,26.97,27.27,26.35,26.95,2026-08-25,26.88,1.107980545019524
605060,联德股份,2026-08-26,46.53265481917163,47.246345844005546,45.25899083639109,46.60951385261528,3352700.0,142121674.0,0.014034845364277222,42.38,43.03,41.22,42.45,2026-08-25,42.38,1.0979861920521856
605066,天正电气,2026-08-26,10.381132153646961,10.381132153646961,10.179835962302008,10.337997255501614,7709825.0,55098916.0,0.015344977503224931,7.22,7.22,7.08,7.19,2026-08-25,7.21,1.4378299381782496
605068,明新旭腾,2026-08-26,16.874076206891033,17.06582707287843,16.567274821311194,16.759025687298593,4252800.0,74641305.0,0.026219725404973703,17.6,17.8,17.28,17.48,2026-08-25,17.6,0.9587543299369904
605069,正和生态,2026-08-26,14.082400941143762,14.29102910323478,13.860733518922055,13.912890559444808,4242930.0,45684141.0,0.020042392698141592,10.8,10.96,10.63,10.67,2026-08-25,10.89,1.3039260130688668
605077,华康股份,2026-08-26,29.9480124999968,30.1932646496783,29.757260828022297,30.002512977703798,2415100.0,26559644.0,0.00806566675732123,10.99,11.08,10.92,11.01,2026-08-25,10.96,2.7250238853500273
605080,浙江自然,2026-08-26,30.229156592454153,31.281913289703798,30.10610710836004,30.76237102352865,3066140.0,68994809.0,0.021846197253746317,22.11,22.88,22.02,22.5,2026-08-25,22.12,1.3672164899346066
605086,龙高股份,2026-08-26,36.64427281577298,37.41966103366159,36.515041446124876,36.98888980150126,1951700.0,50300816.0,0.010891183035714286,25.52,26.06,25.43,25.76,2026-08-25,25.59,1.4359041072011356
605088,冠盛股份,2026-08-26,22.901739527048992,23.528404041470726,22.86755782626235,23.175193133342113,3753070.0,76443569.0,0.01865399562600044,20.1,20.65,20.07,20.34,2026-08-25,20.33,1.1393900262213428
605089,味知香,2026-08-26,28.999340513705803,29.285612384522246,28.770323017052647,28.81326379767511,968809.0,19669734.0,0.007020355072463768,20.26,20.46,20.1,20.13,2026-08-25,20.37,1.4313593540822211
605090,九丰能源,2026-08-26,54.64979237426348,54.77470618540465,53.869081054631145,54.25943671444731,6201490.0,215741758.0,0.008785576531626954,35.0,35.08,34.5,34.75,2026-08-25,35.13,1.5614226392646708
605098,行动教育,2026-08-26,98.99220591682754,99.6710692948399,97.04264954920231,97.51263188782626,685950.0,38606209.0,0.005752148198213685,56.87,57.26,55.75,56.02,2026-08-25,56.85,1.7406753282368128
605099,共创草坪,2026-08-26,32.8331252084035,33.819440830953866,32.02983722715114,32.53824734186782,2692852.0,86444782.0,0.006696532305708025,32.29,33.26,31.5,32.0,2026-08-25,33.27,1.0168202294333695
605100,华丰股份,2026-08-26,109.96513297723111,111.4542786239285,106.32499917419308,109.56802747144515,3460024.0,114164168.0,0.014543733459770463,33.23,33.68,32.13,33.11,2026-08-25,33.21,3.3092125482164043
605108,同庆楼,2026-08-26,16.805747107148175,17.160798102369615,16.634796627967482,16.897797365168547,3313544.0,42706295.0,0.0127444,12.78,13.05,12.65,12.85,2026-08-25,12.79,1.3150036860053345
605111,新洁能,2026-08-26,216.3805857459347,221.63486045499712,212.37557914951648,214.3229676780501,14576781.0,856681405.0,0.03509664822407244,58.89,60.32,57.8,58.33,2026-08-25,58.67,3.674317978365337
605116,奥锐特,2026-08-26,20.678461315008683,21.192850899959147,20.40069093913543,20.71961248180472,3498400.0,70353234.0,0.008612861652482682,20.1,20.6,19.83,20.14,2026-08-25,19.98,1.0287791699009294
605117,德业股份,2026-08-26,717.2083607577603,742.194779809525,710.338982710296,728.456023714597,10923593.0,1061382408.0,0.008579427214025279,95.01,98.32,94.1,96.5,2026-08-25,95.01,7.548767085125357
605118,力鼎光电,2026-08-26,31.56611847293858,31.643135841119328,30.773939828793726,31.004991933335972,1759900.0,49853188.0,0.004304317891938362,28.69,28.76,27.97,28.18,2026-08-25,28.69,1.1002481168678486
605122,四方新材,2026-08-26,15.775801077283786,15.896946307399446,15.573892360424352,15.68157700941605,2117140.0,24733509.0,0.012283671977441776,11.72,11.81,11.57,11.65,2026-08-25,11.67,1.3460581123962274
605123,派克新材,2026-08-26,78.93882256207122,80.5070059862092,78.92843724138156,79.65540968965745,1223805.0,94148401.0,0.010099826615124695,76.01,77.52,76.0,76.7,2026-08-25,75.96,1.0385320689655468
605128,上海沿浦,2026-08-26,76.95609284678156,78.84438268417568,75.79661663083779,76.59168603605639,3054501.0,71053320.0,0.009728120909869116,23.23,23.8,22.88,23.12,2026-08-25,23.23,3.312789188410743
605133,嵘泰股份,2026-08-26,39.975717302823554,40.13287702059734,39.04704624325117,39.675685114346315,3886440.0,107665808.0,0.013775932259180864,27.98,28.09,27.33,27.77,2026-08-25,28.05,1.428724707034437
605136,丽人丽妆,2026-08-26,7.508571580060801,7.591184225807191,7.416779751453701,7.462675665757252,5767300.0,47019218.0,0.0144017420032288,8.18,8.27,8.08,8.13,2026-08-25,8.17,0.9179182860710026
605138,盛泰集团,2026-08-26,5.875006764953172,5.9961409250552995,5.834628711585797,5.975951898371611,4771840.0,28003879.0,0.008589062711043875,5.82,5.94,5.78,5.92,2026-08-25,5.81,1.0094513341843938
605151,西上海,2026-08-26,19.882391077388355,20.30193715776557,19.64703595912797,19.841459752473508,1249694.0,24367517.0,0.00928766099959316,19.43,19.84,19.2,19.39,2026-08-25,19.43,1.0232831228712485
605155,西大门,2026-08-26,27.275580777736963,27.700253656088137,26.928121149995086,27.043941025909046,1578028.0,22300808.0,0.00841936566572749,14.13,14.35,13.95,14.01,2026-08-25,14.19,1.9303312652326228
605158,华达新材,2026-08-26,10.76606923487231,11.283276100770093,10.76606923487231,11.038283374818512,8308680.0,67646199.0,0.016246294630636267,7.91,8.29,7.91,8.11,2026-08-25,7.89,1.3610706997310127
605162,新中港,2026-08-26,8.60053057373355,9.556145081926166,8.34956110693549,9.556145081926166,27169112.0,261407473.0,0.06135110833067321,8.91,9.9,8.65,9.9,2026-08-25,9.0,0.9652671799925421
605166,聚合顺,2026-08-26,8.838108803085026,9.02977863254952,8.816812155366748,8.933943717817273,3962400.0,33205038.0,0.012589679863479373,8.3,8.48,8.28,8.39,2026-08-25,8.32,1.0648323859138584
605167,利柏特,2026-08-26,15.926974682557661,16.574591158278476,15.894045031249824,15.926974682557661,6263856.0,91868925.0,0.012284296358214269,14.51,15.1,14.48,14.51,2026-08-25,14.5,1.097655043594601
605168,三人行,2026-08-26,159.4934063447709,162.06366966145714,155.7579569911869,156.34055000963576,5181832.0,239043155.0,0.02457976512385961,46.54,47.29,45.45,45.62,2026-08-25,46.87,3.4270177555816694
605169,洪通燃气,2026-08-26,23.43027828578779,23.833586354641515,23.046175363069956,23.833586354641515,6257502.0,77086801.0,0.022120694287330316,12.2,12.41,12.0,12.41,2026-08-25,11.28,1.920514613589163
605177,东亚药业,2026-08-26,20.13736580370752,20.502244616017595,19.634424738090924,19.811933349485017,4653600.0,94233656.0,0.04094591504445887,20.42,20.79,19.91,20.09,2026-08-25,20.38,0.9861589521893985
605178,时空科技,2026-08-26,98.86672004177869,100.60332505765487,95.61807100345858,96.5612271758741,3046900.0,197220659.0,0.030751917642309244,66.04,67.2,63.87,64.5,2026-08-25,66.04,1.4970732895484355
605179,一鸣食品,2026-08-26,24.762700101923016,26.707193452364223,24.517524853389123,26.546561392979946,26502166.0,810480399.0,0.06609018952618453,29.29,31.59,29.0,31.4,2026-08-25,29.94,0.8454318914961767
605180,华生科技,2026-08-26,22.827976383153803,22.950425298618992,22.373166125711656,22.54809314780479,2366800.0,30597573.0,0.01400473372781065,13.05,13.12,12.79,12.89,2026-08-25,13.05,1.7492702209313258
605183,确成股份,2026-08-26,15.327451706172795,16.359209385214267,15.327451706172795,16.008199040798097,7874006.0,118735764.0,0.01909176489569022,14.41,15.38,14.41,15.05,2026-08-25,14.25,1.063667710352033
605186,健麾信息,2026-08-26,27.53469877529977,27.824086422996576,26.988077662983578,27.52398071427396,1359000.0,34753312.0,0.00999264705882353,25.69,25.96,25.18,25.68,2026-08-25,25.95,1.0718061025807617
605188,国光连锁,2026-08-26,10.854404297021631,11.129663915711951,10.854404297021631,10.98285878574378,3916100.0,47093386.0,0.007712707029984451,11.83,12.13,11.83,11.97,2026-08-25,12.05,0.9175320623010677
605189,富春染织,2026-08-26,24.265573620606272,24.92586133817379,24.265573620606272,24.463659935876528,7534680.0,111772857.0,0.03162709899575226,14.7,15.1,14.7,14.82,2026-08-25,14.81,1.650719293918794
605196,华通线缆,2026-08-26,29.488683255767928,29.575414677108423,27.996902808711436,29.115738144003807,11352630.0,378830060.0,0.022376304162404166,34.0,34.1,32.28,33.57,2026-08-25,33.8,0.8673142134049391
605198,安德利,2026-08-26,60.36018043643608,62.916768145049105,60.36018043643608,62.5366064039914,3668800.0,240542867.0,0.013561226602004909,63.51,66.2,63.51,65.8,2026-08-25,64.07,0.9504043526442463
605208,永茂泰,2026-08-26,27.909115939871302,28.661810337114108,27.532768741249903,28.027962423646482,10142968.0,143853656.0,0.030741856095047586,14.09,14.47,13.9,14.15,2026-08-25,14.09,1.9807747295863238
605218,伟时电子,2026-08-26,14.732028400718422,15.697403640628979,14.681748440306412,15.27505197316811,4604232.0,70432551.0,0.021633027062568075,14.65,15.61,14.6,15.19,2026-08-25,14.68,1.0055992082401652
605222,起帆电缆,2026-08-26,19.78021481912386,20.336564407205692,19.72060593468652,20.147802939820785,4848900.0,98031712.0,0.011743300930462306,19.91,20.47,19.85,20.28,2026-08-25,20.05,0.9934814072889934
605228,神通科技,2026-08-26,11.463334342316056,11.57261303004071,11.397767129681265,11.441478604771127,2863322.0,30070304.0,0.006001069059404509,10.49,10.59,10.43,10.47,2026-08-25,10.49,1.092786877246526
605255,天普股份,2026-08-26,79.91096792534235,83.06738564783686,78.71986689798594,82.00730573348964,640700.0,43730239.0,0.0047784904534606204,67.09,69.74,66.09,68.85,2026-08-25,67.24,1.191101027356422
605258,协和电子,2026-08-26,31.635840369985743,32.97130152785318,31.635840369985743,32.544851746349295,2913500.0,84386665.0,0.033107954545454545,28.19,29.38,28.19,29.0,2026-08-25,28.33,1.1222362671154928
605259,绿田机械,2026-08-26,38.24085694072789,38.806099851733535,38.06693604503385,38.54521850819246,648759.0,11500011.0,0.0037613578385899816,17.59,17.85,17.51,17.73,2026-08-25,17.53,2.174011196175548
605266,健之佳,2026-08-26,48.556640904888596,49.60274447914113,48.52758247227046,48.87628366368798,1297484.0,21876947.0,0.008395621959485587,16.71,17.07,16.7,16.82,2026-08-25,16.86,2.9058432618126027
605268,王力安防,2026-08-26,10.106212936372795,10.414718383904173,10.042384223090439,10.074298579731618,5218800.0,49903499.0,0.011846101464078992,9.5,9.79,9.44,9.47,2026-08-25,9.49,1.0638118880392415
605277,新亚电子,2026-08-26,41.491489326948205,41.591168580586526,41.44164970012905,41.591168580586526,10548712.0,175989461.0,0.02731439202060118,16.65,16.69,16.63,16.69,2026-08-25,15.17,2.4919813409578504
605286,同力天启,2026-08-26,25.106029404749805,27.18799281880223,24.983560968629078,26.999579840154954,12574716.0,350713979.0,0.0748495,26.65,28.86,26.52,28.66,2026-08-25,26.99,0.9420648932363905
605287,德才股份,2026-08-26,59.47285558888645,59.93329059989718,56.572115019518826,56.98650652942849,3034800.0,114654965.0,0.021677142857142857,38.75,39.05,36.86,37.13,2026-08-25,38.78,1.5347833700357794
605288,凯迪股份,2026-08-26,91.04117225442387,95.54105827559525,90.99226044984593,93.58458609247725,1842469.0,105970969.0,0.018747431342469825,55.84,58.6,55.81,57.4,2026-08-25,55.99,1.6303934859316596
605289,罗曼股份,2026-08-26,212.1351173925957,212.56937556535433,204.2987312750875,206.07524198182742,2486320.0,261151968.0,0.016305460844635883,107.47,107.69,103.5,104.4,2026-08-25,106.95,1.973900785266546
605296,神农集团,2026-08-26,40.07065070948476,40.72261373729865,39.71959369450804,40.25871696750799,3133240.0,100725832.0,0.006048907826412647,31.96,32.48,31.68,32.11,2026-08-25,32.08,1.253775053488259
605298,必得科技,2026-08-26,83.66386309783927,84.92539150475957,83.40104467973089,83.40104467973089,484190.0,23238675.0,0.0025996638944220433,47.75,48.47,47.6,47.6,2026-08-25,47.75,1.7521227873893042
605299,舒华体育,2026-08-26,13.774205043190717,13.891750625405686,13.517741954721687,13.75283311915163,7783000.0,99912430.0,0.01909192270914614,12.89,13.0,12.65,12.87,2026-08-25,12.86,1.0685962019542836
605300,佳禾食品,2026-08-26,9.75486830760435,10.01526520287921,9.75486830760435,9.794929368415866,2189899.0,21531435.0,0.0048193348625149915,9.74,10.0,9.74,9.78,2026-08-25,9.82,1.0015265202879209
605303,园林股份,2026-08-26,28.02925633721655,28.02925633721655,24.96320801075094,25.096999210451255,12584977.0,296118610.0,0.07805246410311929,25.14,25.14,22.39,22.51,2026-08-25,22.85,1.1149266641693139
605305,中际联合,2026-08-26,69.90749269697098,69.92697096186286,65.77810053989161,65.99236145370234,14286275.0,490736638.0,0.06722320252211557,35.89,35.9,33.77,33.88,2026-08-25,37.52,1.9478264891883805
605318,法狮龙,2026-08-26,86.9240568827205,88.72692621065843,85.67141390811432,87.26355824966987,823100.0,61323163.0,0.006546618653569802,74.25,75.79,73.18,74.54,2026-08-25,73.9,1.1706943687908486
605319,无锡振华,2026-08-26,39.673231331179366,40.56166662739883,39.30560293274373,40.2859453285721,4184600.0,109018764.0,0.012019465525279884,25.9,26.48,25.66,26.3,2026-08-25,25.72,1.5317849934818288
605333,沪光股份,2026-08-26,16.683430248247973,17.194348017923414,16.634303539625336,16.840635715840417,3984958.0,68290392.0,0.008587523733870709,16.98,17.5,16.93,17.14,2026-08-25,17.22,0.9825341724527664
605337,李子园,2026-08-26,23.60492584937212,23.96026881914761,23.47801764588087,23.503399286579118,2610768.0,24290604.0,0.0067354406897448225,9.3,9.44,9.25,9.26,2026-08-25,9.36,2.538164069824959
605338,巴比食品,2026-08-26,19.80058434013247,20.173577048369626,19.694014994921854,19.91781061986415,1598300.0,29909977.0,0.006671629460696831,18.58,18.93,18.48,18.69,2026-08-25,18.57,1.065693452106161
605339,南侨食品,2026-08-26,13.209645116794931,13.844086853587232,13.143360159219617,13.588416302939589,2829500.0,40362207.0,0.0066687781753815645,13.95,14.62,13.88,14.35,2026-08-25,13.95,0.9469279653616438
605358,立昂微,2026-08-26,68.45722056037019,68.93261792537275,66.3971653120257,67.25288056903032,28159159.0,1200229987.0,0.036466176980436374,43.2,43.5,41.9,42.44,2026-08-25,43.22,1.5846578833419023
605365,立达信,2026-08-26,15.006678883894285,15.195574142572674,14.838771987291272,14.859760349366647,6115200.0,87209315.0,0.01218136086214649,14.3,14.48,14.14,14.16,2026-08-25,14.31,1.049418103768831
605366,宏柏新材,2026-08-26,16.681829465077055,16.827613243173857,15.869605558537721,16.202825622758986,16309324.0,127430313.0,0.02110344129745867,8.01,8.08,7.62,7.78,2026-08-25,7.76,2.082625401382903
605368,蓝天燃气,2026-08-26,12.657827748325687,12.845629346965532,12.620267428597716,12.75172854764561,4099140.0,27848572.0,0.005735983756148052,6.74,6.84,6.72,6.79,2026-08-25,6.73,1.8780159863984698
605369,拱东医疗,2026-08-26,49.28026458008701,50.04112377194108,48.753515908803415,48.870571169088656,866700.0,14576783.0,0.003943075779906564,16.84,17.1,16.66,16.7,2026-08-25,16.84,2.9263815071310573
605376,博迁新材,2026-08-26,140.76738257616734,142.66323958056014,136.8429585770742,138.9284012819063,6141870.0,904944398.0,0.023478096330275228,148.5,150.5,144.36,146.56,2026-08-25,147.55,0.947928502196413
605377,华旺科技,2026-08-26,26.03707952948542,26.655607436860077,25.212375652985884,25.41855162211077,15840013.0,138806686.0,0.028454929085596502,8.84,9.05,8.56,8.63,2026-08-25,8.85,2.9453709874983507
605378,野马电池,2026-08-26,31.054565942502375,31.482904783088614,30.733311812062695,31.140233710619622,2081657.0,30324243.0,0.007965125978394957,14.5,14.7,14.35,14.54,2026-08-25,14.39,2.1416942029311983
605388,均瑶健康,2026-08-26,7.784032007628242,7.964456590586512,7.758257067205632,7.822694418262158,6757720.0,41228309.0,0.011253788610520846,6.04,6.18,6.02,6.07,2026-08-25,6.1,1.2887470211305037
605389,长龄液压,2026-08-26,145.82047244433818,146.4508203079304,142.68974472183004,143.99246363992066,759793.0,52264092.0,0.004289058856658467,69.4,69.7,67.91,68.53,2026-08-25,69.5,2.1011595453074663
605398,新炬网络,2026-08-26,56.664251074211876,57.3059437254708,56.07835778393199,56.887448518128025,945500.0,19255727.0,0.005810724192676387,20.31,20.54,20.1,20.39,2026-08-25,20.31,2.7899680489518404
605399,晨光新材,2026-08-26,19.086072888832717,19.280648238023783,18.820742867208537,19.068384220724436,2283350.0,24587328.0,0.007340915652967559,10.79,10.9,10.64,10.78,2026-08-25,10.75,1.76886681082787
605488,福莱新材,2026-08-26,65.37220016311151,66.12907313886701,62.32308331792503,62.47445791307614,5780500.0,169690761.0,0.02094550293928219,30.23,30.58,28.82,28.89,2026-08-25,29.99,2.1624942164443106
605499,东鹏饮料,2026-08-26,200.15717520893668,200.48356277552278,197.1380902180151,197.9540591344804,5191840.0,630738868.0,0.007680044685273401,122.65,122.85,120.8,121.3,2026-08-25,123.7,1.6319378329305885
605500,森林包装,2026-08-26,15.585625371896336,16.003883679899204,15.585625371896336,15.871802108950929,5275200.0,38013101.0,0.01272972972972973,7.08,7.27,7.08,7.21,2026-08-25,7.15,2.201359515804567
605507,国邦医药,2026-08-26,23.541735407739537,24.108821482014516,23.449775503803057,23.5723887090517,4605380.0,71441954.0,0.005886576249669428,15.36,15.73,15.3,15.38,2026-08-25,15.39,1.532665065608043
605555,德昌股份,2026-08-26,32.55419101215304,35.21278327814554,32.39142005709227,34.18190056276069,11877578.0,147869158.0,0.02453695034906591,12.0,12.98,11.94,12.6,2026-08-25,12.02,2.712849251012753
605566,福莱蒽特,2026-08-26,27.403823747776297,27.595235787923745,26.70197960056899,26.978463658559747,2387500.0,60983981.0,0.017905354732263387,25.77,25.95,25.11,25.37,2026-08-25,25.62,1.0634002230413775
605567,春雪食品,2026-08-26,9.143108292695487,9.17260219041386,8.995638804103624,9.074289198019285,2399600.0,22176694.0,0.011998,9.3,9.33,9.15,9.23,2026-08-25,9.28,0.9831299239457513
605577,龙版传媒,2026-08-26,9.771764841879605,9.89154132615188,9.58211874178184,9.66196973129669,8404822.0,81399007.0,0.018910849476361437,9.79,9.91,9.6,9.68,2026-08-25,9.99,0.9981373689356084
605580,恒盛能源,2026-08-26,28.583674391186424,28.944869587399,28.18964326804543,28.731436062364295,2779140.0,48393272.0,0.0099255,17.41,17.63,17.17,17.5,2026-08-25,17.45,1.641796346420817
605588,冠石科技,2026-08-26,47.43880061680055,47.43880061680055,45.632372837865894,46.04383694306768,905300.0,41794655.0,0.012384479299403726,47.27,47.27,45.47,45.88,2026-08-25,46.81,1.0035709882970287
605589,圣泉集团,2026-08-26,43.53277745970203,44.638556566298746,42.68307351463299,43.87033108171577,19027935.0,715474651.0,0.022493802651303026,37.4,38.35,36.67,37.69,2026-08-25,37.31,1.1639780069439047
605598,上海港湾,2026-08-26,38.491902316342774,38.8769639549279,38.04979450907837,38.449117689833315,3025600.0,81498283.0,0.012450167593139617,26.99,27.26,26.68,26.96,2026-08-25,26.8,1.4261542169819479
605599,菜百股份,2026-08-26,16.482528678976774,17.00084719089428,16.37886497659327,16.39959771706997,13895993.0,222687658.0,0.01786627620382068,15.9,16.4,15.8,15.82,2026-08-25,16.51,1.036637023835017
