code,name,date,open,high,low,close,volume,amount,turnover,raw_open,raw_high,raw_low,raw_close,raw_prev_date,raw_prev_close,scale
000001,平安银行,2026-09-09,1672.912348905589,1677.1799824487152,1662.9545373049602,1664.3770818193357,58230598.0,682946783.0,0.0030006978896651307,11.76,11.79,11.69,11.7,2026-09-08,11.78,142.25445143755007
000002,万  科Ａ,2026-09-09,503.36015234667735,504.90420189375305,492.5518055171475,492.5518055171475,112849758.0,362665927.0,0.011615897438470534,3.26,3.27,3.19,3.19,2026-09-08,3.27,154.40495470756974
000006,深振业Ａ,2026-09-09,370.53913736549094,371.04603085025906,362.93573509396924,364.4564155482736,16120031.0,116217137.0,0.01194080752204479,7.31,7.32,7.16,7.19,2026-09-08,7.36,50.68934847681135
000007,全新好,2026-09-09,126.51923567448954,129.8026068425126,126.51923567448954,128.81759549210568,7754600.0,90748372.0,0.02238315422557271,11.56,11.86,11.56,11.77,2026-09-08,11.68,10.944570560076949
000008,神州高铁,2026-09-09,67.17039871966679,67.17039871966679,65.84814677636628,66.11259716502637,25787997.0,64696110.0,0.009493806257453696,2.54,2.54,2.49,2.5,2026-09-08,2.54,26.44503886601055
000009,中国宝安,2026-09-09,73.40657073416607,73.61190379915674,72.48257194170802,72.99590460418472,9860698.0,70121840.0,0.0038278803037381927,7.15,7.17,7.06,7.11,2026-09-08,7.13,10.266653249533714
000011,深物业A,2026-09-09,35.25148042468881,35.848963143751334,34.01917231662235,34.28057100621221,31453898.0,290745286.0,0.059744271919578984,9.44,9.6,9.11,9.18,2026-09-08,9.49,3.734266994140764
000012,南  玻Ａ,2026-09-09,142.96527819538517,143.34051514602922,141.08909344216488,141.46433039280896,13004119.0,49106630.0,0.006637068768403298,3.81,3.82,3.76,3.77,2026-09-08,3.8,37.52369506440556
000014,沙河股份,2026-09-09,120.49146923063711,123.04096673965704,120.38062151285364,120.38062151285364,7859985.0,85968704.0,0.03247307423395293,10.87,11.1,10.86,10.86,2026-09-08,11.05,11.08477177834748
000017,深中华A,2026-09-09,27.046739302452156,28.107395745685572,26.575336438792856,27.282440734281803,78455627.0,725510042.0,0.17797577190070554,9.18,9.54,9.02,9.26,2026-09-08,9.4,2.946267897870605
000019,深粮控股,2026-09-09,45.97304990186019,51.857600289298304,45.850455102121906,51.857600289298304,70782949.0,581275011.0,0.17006591596080375,7.5,8.46,7.48,8.46,2026-09-08,7.69,6.129739986914693
000020,深华发Ａ,2026-09-09,34.54769212035073,36.23059987847499,34.42748442334186,35.821893708644815,11881700.0,176812509.0,0.06558482243443506,14.37,15.07,14.32,14.9,2026-09-08,13.7,2.4041539401775043
000021,深科技,2026-09-09,543.527609272177,548.9197482530518,535.5164313577344,539.0598369737379,44394104.0,1561825501.0,0.028016202750531377,35.28,35.63,34.76,34.99,2026-09-08,34.99,15.406111373927919
000025,特  力Ａ,2026-09-09,43.39394373677442,43.81039233309663,42.72762598265888,43.39394373677442,6491645.0,101306560.0,0.016527503350999617,15.63,15.78,15.39,15.63,2026-09-08,15.59,2.7763239754814086
000026,飞亚达,2026-09-09,185.72003331929332,186.46664651856688,180.30708762456015,180.8670475240153,7764281.0,152163001.0,0.021304816885648194,19.9,19.98,19.32,19.38,2026-09-08,19.77,9.332664990919262
000027,深圳能源,2026-09-09,151.3219728964987,152.74953867854114,150.60819000547747,152.51161104820073,22336547.0,142663775.0,0.004695126402163921,6.36,6.42,6.33,6.41,2026-09-08,6.36,23.792763034040675
000028,国药一致,2026-09-09,113.58786737956248,114.09071578409574,113.08501897502924,113.42025124471807,1895343.0,38506103.0,0.0036042792924512045,20.33,20.42,20.24,20.3,2026-09-08,20.36,5.587204494813698
000029,深深房Ａ,2026-09-09,51.54095681589581,51.83329208579399,50.70892566310866,51.27110887445132,5056404.0,115027454.0,0.0056707758562680845,22.92,23.05,22.55,22.8,2026-09-08,23.0,2.248732845370672
000030,富奥股份,2026-09-09,18.210745935697975,18.2552709868855,18.03264573094787,18.121695833322924,9042400.0,36828906.0,0.005411990192329894,4.09,4.1,4.05,4.07,2026-09-08,4.08,4.452505118752561
000031,大悦城,2026-09-09,42.927019217572926,43.10891336679993,41.108077725302884,41.471866023756895,52796680.0,121231971.0,0.012317528426684755,2.36,2.37,2.26,2.28,2026-09-08,2.37,18.189414922700394
000032,深桑达Ａ,2026-09-09,64.43051219824216,65.52564838291482,63.51789871101493,63.92857478026718,21301562.0,301112704.0,0.017529562762610265,14.12,14.36,13.92,14.01,2026-09-08,14.12,4.56306743613613
000034,神州数码,2026-09-09,98.11979103809178,98.37041630255689,96.40718506424683,96.78312296094451,13509758.0,314247168.0,0.015909783135160796,23.49,23.55,23.08,23.17,2026-09-08,23.45,4.177087741085218
000035,中国天楹,2026-09-09,21.857109132007427,21.9872109720789,21.640272731888306,21.90047641203125,31124600.0,156625853.0,0.013455652017414022,5.04,5.07,4.99,5.05,2026-09-08,5.03,4.336728002382426
000036,华联控股,2026-09-09,42.74547966054517,42.853150893947046,42.20712349353578,42.74547966054517,16978130.0,67116371.0,0.012101466238360533,3.97,3.98,3.92,3.97,2026-09-08,3.97,10.7671233401877
000037,深南电A,2026-09-09,49.542668436476696,50.230761053649985,49.17215702722954,50.12490065100794,10006702.0,94215651.0,0.02952629495631781,9.36,9.49,9.29,9.47,2026-09-08,9.42,5.293020132102211
000039,中集集团,2026-09-09,430.7997845249407,445.55952018318277,429.8773010463006,442.79206974726236,31129660.0,296956517.0,0.013526359350077292,9.34,9.66,9.32,9.6,2026-09-08,9.39,46.1241739320065
000042,中洲控股,2026-09-09,114.82824907644665,115.62659148022263,112.96545013430267,113.63073547078264,3853600.0,33044441.0,0.005802371605562734,8.63,8.69,8.49,8.54,2026-09-08,8.68,13.305706729599843
000045,深纺织Ａ,2026-09-09,33.69518318367089,33.972890737382464,33.57175760424353,33.91117794766878,2797800.0,30670212.0,0.006121807975093112,10.92,11.01,10.88,10.99,2026-09-08,11.01,3.0856394856841476
000048,京基智农,2026-09-09,229.21399238285358,231.21908715968334,207.36901244581367,222.56552022810232,25662750.0,529027333.0,0.04848406701079864,21.72,21.91,19.65,21.09,2026-09-08,21.7,10.553130404367108
000049,德赛电池,2026-09-09,218.96735794786215,219.63786166861237,216.47691555650417,218.2968542271119,4632516.0,105532425.0,0.012047063758812069,22.86,22.93,22.6,22.79,2026-09-08,22.92,9.578624582146201
000050,深天马Ａ,2026-09-09,53.76013988970477,53.92304940452206,52.782682800801055,53.02704707302698,16821700.0,110086539.0,0.0069061572636481714,6.6,6.62,6.48,6.51,2026-09-08,6.6,8.14547574086436
000055,方大集团,2026-09-09,36.24056885346418,36.34040513129742,35.84122374213124,36.040896297797715,8207600.0,29608322.0,0.012144035235729734,3.63,3.64,3.59,3.61,2026-09-08,3.65,9.983627783323467
000058,深 赛 格,2026-09-09,33.030089313177555,33.30344177645902,32.711178106015836,33.12120680093804,7622700.0,55245260.0,0.007740830656964177,7.25,7.31,7.18,7.27,2026-09-08,7.3,4.55587438802449
000059,华锦股份,2026-09-09,8.901929537696352,8.901929537696352,8.496638436793102,8.626910576369147,80940797.0,481332650.0,0.05060656481964654,6.15,6.15,5.87,5.96,2026-09-08,6.15,1.4474682175116018
000060,中金岭南,2026-09-09,255.42394451649062,260.47031424098054,254.64757994349216,259.3057673814829,113855928.0,756072806.0,0.025636868575502188,6.58,6.71,6.56,6.68,2026-09-08,6.59,38.81822864992259
000061,农 产 品,2026-09-09,148.45544430707668,154.68745696164663,147.12001302395456,151.3488787538413,52430363.0,356022003.0,0.029220291409858698,6.67,6.95,6.61,6.8,2026-09-08,6.7,22.257188052035485
000062,深圳华强,2026-09-09,181.31851643056856,182.0848668804019,177.79330436133517,179.47927535096855,18608513.0,436643533.0,0.017811248086140447,23.66,23.76,23.2,23.42,2026-09-08,23.66,7.663504498333413
000063,中兴通讯,2026-09-09,568.1884559938347,570.9209523256355,563.5773684339208,565.1143976205589,43898420.0,1455938863.0,0.010899341688642683,33.27,33.43,33.0,33.09,2026-09-08,33.21,17.078102073755176
000065,北方国际,2026-09-09,173.85598591121072,174.5612840284976,172.0927406179936,172.97436326460218,11433527.0,112347444.0,0.010735518881885264,9.86,9.9,9.76,9.81,2026-09-08,9.89,17.632452932171475
000066,中国长城,2026-09-09,170.3335497407933,171.35623282796286,164.7656084884258,165.33376575907556,75570818.0,1110994495.0,0.023428526810729617,14.99,15.08,14.5,14.55,2026-09-08,14.59,11.363145412994884
000068,华控赛格,2026-09-09,7.497521393902252,7.497521393902252,7.319008979761723,7.385951135064421,9580700.0,31713794.0,0.009517206300783749,3.36,3.36,3.28,3.31,2026-09-08,3.35,2.2314051767566228
000069,华侨城Ａ,2026-09-09,86.28728501417251,86.28728501417251,84.44156768766614,85.36442635091932,41064400.0,75775558.0,0.005952568549919609,1.87,1.87,1.83,1.85,2026-09-08,1.87,46.14293316265909
000070,特发信息,2026-09-09,60.11980469525932,61.30143278039545,59.081404256806366,59.76173557855141,87336023.0,1466908392.0,0.10194267047385602,16.79,17.12,16.5,16.69,2026-09-08,16.5,3.5806911670791735
000088,盐 田 港,2026-09-09,41.25872853782188,42.42473608345598,41.07934276157049,41.61750009032468,71674348.0,335311368.0,0.02266081063880165,4.6,4.73,4.58,4.64,2026-09-08,4.6,8.969288812569975
000089,深圳机场,2026-09-09,48.677564863160825,48.97036224579637,48.1651694435486,48.677564863160825,12561800.0,83509599.0,0.006125408021170262,6.65,6.69,6.58,6.65,2026-09-08,6.65,7.319934565888845
000090,天健集团,2026-09-09,34.51503522403088,34.51503522403088,33.38647821398082,33.57457104898917,18875500.0,67716290.0,0.010102170058092346,3.67,3.67,3.55,3.57,2026-09-08,3.67,9.404641750417134
000096,广聚能源,2026-09-09,23.453737228408567,23.53700493454493,23.148422305908575,23.370469522272206,4958105.0,41660588.0,0.009705636510273114,8.45,8.48,8.34,8.42,2026-09-08,8.45,2.775590204545393
000099,中信海直,2026-09-09,53.70052064268661,54.08881074133221,53.040427474989094,53.62286262295749,5850497.0,80726803.0,0.007541534174832512,13.83,13.93,13.66,13.81,2026-09-08,13.83,3.8829009864560096
000100,TCL科技,2026-09-09,17.889904472663247,17.92748830558901,17.739569140960192,17.81473680681172,282838718.0,1341894815.0,0.014061098478923706,4.76,4.77,4.72,4.74,2026-09-08,4.76,3.7583832925763123
000151,中成股份,2026-09-09,28.149818086734307,28.257568586587837,27.826566587173723,28.069005211844164,3596400.0,37383630.0,0.01167909968702942,10.45,10.49,10.33,10.42,2026-09-08,10.48,2.6937624963382114
000153,丰原药业,2026-09-09,52.64227209507694,52.88750007067512,51.988330826815115,52.39704411947875,11779126.0,75455296.0,0.02555923757881102,6.44,6.47,6.36,6.41,2026-09-08,6.53,8.174265853272816
000155,川能动力,2026-09-09,18.005292063124305,18.034954817758774,17.812484158000238,17.960797931172596,20924224.0,252974977.0,0.01133386567409788,12.14,12.16,12.01,12.11,2026-09-08,12.16,1.4831377317235834
000156,华数传媒,2026-09-09,14.076502727384518,14.076502727384518,13.681649915957182,13.859333681099484,9280000.0,65046530.0,0.005459222126487063,7.13,7.13,6.93,7.02,2026-09-08,7.16,1.9742640571366787
000157,中联重科,2026-09-09,665.742182780757,665.742182780757,659.7624625761396,663.7489427125513,28477441.0,189444749.0,0.004027688824852757,6.68,6.68,6.62,6.66,2026-09-08,6.68,99.66200341029298
000158,常山北明,2026-09-09,40.43408390159063,40.43408390159063,39.07147008512677,39.36769048001022,40126876.0,535223613.0,0.025226816909075824,13.65,13.65,13.19,13.29,2026-09-08,13.73,2.9622039488344787
000159,国际实业,2026-09-09,18.927609656709116,19.057029209917385,18.66877055029258,18.992319433313252,8397700.0,48993201.0,0.017470876752473143,5.85,5.89,5.77,5.87,2026-09-08,5.88,3.2354888302066867
000166,申万宏源,2026-09-09,7.000632955920787,7.031472748678147,6.969793163163427,7.016052852299468,44058660.0,199995569.0,0.001955077353360435,4.54,4.56,4.52,4.55,2026-09-08,4.54,1.541989637868015
000301,东方盛虹,2026-09-09,25.283915357908228,25.951179885898675,24.97733435856127,25.53639382795867,31000012.0,438044860.0,0.00469102029986905,14.02,14.39,13.85,14.16,2026-09-08,14.2,1.80341764321742
000333,美的集团,2026-09-09,449.3796214865754,454.8779133259406,446.41900280384027,454.7721769444143,17978628.0,1537157622.0,0.002611192736387637,85.0,86.04,84.44,86.02,2026-09-08,85.15,5.286819076312652
000338,潍柴动力,2026-09-09,555.8134940914482,578.8694612537602,555.8134940914482,573.3113263128457,111249466.0,3085515061.0,0.022445652767579833,27.0,28.12,27.0,27.85,2026-09-08,26.61,20.585684966349934
000400,许继电气,2026-09-09,180.51025689776742,181.34633960688168,178.67087493771606,180.59386516867886,7624549.0,164149632.0,0.007511385404448276,21.59,21.69,21.37,21.6,2026-09-08,21.59,8.36082709114254
000401,金隅冀东,2026-09-09,27.08743825361122,27.08743825361122,26.720399794890206,26.793807486634407,6514124.0,23819943.0,0.0024755780851995887,3.69,3.69,3.64,3.65,2026-09-08,3.68,7.340769174420386
000402,金 融 街,2026-09-09,89.38346998176435,89.7246282641375,87.33652028752547,88.01883685227176,47384778.0,122487867.0,0.015854819313416677,2.62,2.63,2.56,2.58,2026-09-08,2.64,34.11582823731464
000403,派林生物,2026-09-09,114.87625184710247,115.85161624957786,113.7925136221298,113.90088744462707,3829321.0,40470579.0,0.0040707888492489235,10.6,10.69,10.5,10.51,2026-09-08,10.65,10.837382249726648
000404,长虹华意,2026-09-09,32.003598537559085,32.003598537559085,31.645516316159824,31.869317704534364,4928650.0,35023219.0,0.007112203416362745,7.15,7.15,7.07,7.12,2026-09-08,7.15,4.476027767490781
000407,胜利股份,2026-09-09,54.92125082373362,55.80504106687417,54.66873932569348,55.30001807079386,18144505.0,79334661.0,0.02071805610045891,4.35,4.42,4.33,4.38,2026-09-08,4.36,12.625574902007731
000408,藏格矿业,2026-09-09,531.3697618398306,546.293928893464,529.7038083082622,545.3221226667158,13079463.0,1014689632.0,0.008336718437064435,76.55,78.7,76.31,78.56,2026-09-08,76.29,6.941473048201575
000409,云鼎科技,2026-09-09,21.57633631791888,21.64723337044216,21.340012809507936,21.434542212872312,3700343.0,33588118.0,0.006266733867375084,9.13,9.16,9.03,9.07,2026-09-08,9.19,2.363235084109406
000410,沈阳机床,2026-09-09,14.337741748735626,14.364794091657767,14.094270662436342,14.094270662436342,13685301.0,71641249.0,0.006943264185255044,5.3,5.31,5.21,5.21,2026-09-08,5.3,2.705234292214269
000411,英特集团,2026-09-09,34.129687909012354,34.26352982238103,33.72816216890633,33.862004082275,2429820.0,24679688.0,0.004310209523346761,10.2,10.24,10.08,10.12,2026-09-08,10.3,3.3460478342168978
000415,渤海租赁,2026-09-09,101.65471195796508,102.76690793124696,99.65275920605767,101.87715115262145,67887414.0,310738028.0,0.012588262203481583,4.57,4.62,4.48,4.58,2026-09-08,4.56,22.24391946563787
000417,合百集团,2026-09-09,124.57199440296708,131.75520500586958,120.6023253855736,127.59650413050498,82835812.0,550126173.0,0.10633234027076666,6.59,6.97,6.38,6.75,2026-09-08,6.68,18.90318579711185
000419,通程控股,2026-09-09,89.48559952616341,90.6697189905928,87.96316021475421,90.16223922012306,9765500.0,51727316.0,0.017965069176094296,5.29,5.36,5.2,5.33,2026-09-08,5.3,16.915992348991193
000420,吉林化纤,2026-09-09,25.067021870888567,25.134045993538003,24.79892538029083,25.067021870888567,42263620.0,157333327.0,0.01719365392100851,3.74,3.75,3.7,3.74,2026-09-08,3.75,6.702412264943467
000421,南京公用,2026-09-09,63.29976076466332,63.617850014737,62.55755251449139,63.29976076466332,8461850.0,50376861.0,0.014736558313008035,5.97,6.0,5.9,5.97,2026-09-08,5.99,10.602975002456168
000422,湖北宜化,2026-09-09,171.46894842680467,175.73567187132858,170.66893778095644,174.40232079491486,39946070.0,518887069.0,0.03742771224736263,12.86,13.18,12.8,13.08,2026-09-08,12.98,13.333510764137221
000423,东阿阿胶,2026-09-09,555.8746829145426,557.6563325392689,552.4301603067389,554.805693139707,3555756.0,166050499.0,0.005567174524530866,46.8,46.95,46.51,46.71,2026-09-08,46.87,11.877664164840656
000425,徐工机械,2026-09-09,410.4644949525753,411.4452942236688,403.5989000549218,410.9548945881221,77167541.0,642588698.0,0.00857599610462177,8.37,8.39,8.23,8.38,2026-09-08,8.33,49.0399635546685
000426,兴业银锡,2026-09-09,554.3965867040837,570.6894172903038,547.057473827408,567.4602076245664,48309155.0,1837756120.0,0.02721373519389743,37.77,38.88,37.27,38.66,2026-09-08,37.72,14.678225753351434
000428,华天酒店,2026-09-09,61.24097588199372,63.6473010639974,58.95496695909023,61.84255717749464,112536752.0,570791785.0,0.11044644262684435,5.09,5.29,4.9,5.14,2026-09-08,5.3,12.031625910018413
000429,粤高速Ａ,2026-09-09,74.46896342547204,74.64487436269756,73.6480457184196,73.99986759287064,9485286.0,119925165.0,0.0072777321814941915,12.7,12.73,12.56,12.62,2026-09-08,12.72,5.8636979075174835
000430,张家界,2026-09-09,39.3238519553918,39.3238519553918,37.62928799280204,38.57625020719044,35297090.0,272698645.0,0.09525427656392445,7.89,7.89,7.55,7.74,2026-09-08,7.97,4.984011654675768
000498,山东路桥,2026-09-09,15.707248458225465,15.770203361865645,15.64429355458528,15.675771006405373,5582000.0,27843245.0,0.0038513875557537945,4.99,5.01,4.97,4.98,2026-09-08,4.99,3.147745182009111
000501,武商集团,2026-09-09,64.28697270138876,65.03935599698369,63.20019682997387,64.8721597090737,16826429.0,129442444.0,0.021901031879999682,7.69,7.78,7.56,7.76,2026-09-08,7.72,8.359814395499189
000503,国新健康,2026-09-09,68.3701824772098,68.46647850886784,66.82944597068112,67.11833406565525,10157521.0,71019948.0,0.010372909571233343,7.1,7.11,6.94,6.97,2026-09-08,7.11,9.629603165804197
000505,京粮控股,2026-09-09,25.59170493163096,28.412296066568782,25.59170493163096,27.31157757488573,105034018.0,824516011.0,0.1586675904292984,7.44,8.26,7.44,7.94,2026-09-08,7.72,3.4397452865095377
000506,招金黄金,2026-09-09,46.55646120004331,47.21631655563447,45.53001953579038,47.118560206658,76237244.0,1449175849.0,0.08208966574118313,19.05,19.32,18.63,19.28,2026-09-08,19.32,2.443908724411722
000507,珠海港,2026-09-09,28.32749652544673,28.882937633788828,28.105320082109895,28.66076119045199,20525100.0,105699634.0,0.02274616131861398,5.1,5.2,5.06,5.16,2026-09-08,5.08,5.554411083420928
000509,华塑控股,2026-09-09,36.9949413624825,37.20219593594179,36.269550355375,36.580432215563924,14989000.0,53065608.0,0.013967620437305182,3.57,3.59,3.5,3.53,2026-09-08,3.57,10.362728672964286
000510,新金路,2026-09-09,172.7931856437196,175.7048662850141,171.38754671343946,173.8976162317968,23587693.0,407556764.0,0.038860306864799125,17.21,17.5,17.07,17.32,2026-09-08,17.22,10.040278073429377
000513,丽珠集团,2026-09-09,274.4206709151727,277.1377072608675,272.81057530290917,275.22571872130453,6550841.0,179194629.0,0.011540245514033333,27.27,27.54,27.11,27.35,2026-09-08,27.22,10.063097576647332
000514,渝 开 发,2026-09-09,20.73590430412179,20.830588798661157,20.451850820503683,20.546535315043048,12223867.0,53179971.0,0.014487186105058735,4.38,4.4,4.32,4.34,2026-09-08,4.39,4.734224726968445
000516,国际医学,2026-09-09,192.26950034226087,193.17006006283353,189.56782118054292,192.7197802025472,22220252.0,94535304.0,0.010078361954160446,4.27,4.29,4.21,4.28,2026-09-08,4.28,45.027986028632526
000517,荣安地产,2026-09-09,32.834841365926074,32.834841365926074,31.790096413373877,31.93934569230991,24595100.0,52864706.0,0.009869676592972247,2.2,2.2,2.13,2.14,2026-09-08,2.21,14.92492789360276
000518,四环生物,2026-09-09,32.9496420933344,33.116899159798024,32.28061382747989,32.28061382747989,27830701.0,108493751.0,0.02703228376561006,3.94,3.96,3.86,3.86,2026-09-08,3.96,8.36285332318132
000519,中兵红箭,2026-09-09,127.95396538076807,137.75917742071294,127.14361727829329,134.76088944155623,112796540.0,1849440437.0,0.08099947036929168,15.79,17.0,15.69,16.63,2026-09-08,16.06,8.10348102474782
000520,凤凰航运,2026-09-09,29.424850299976995,30.83241717081872,29.022688336879362,30.36322821387148,88637819.0,399223619.0,0.08757955538360224,4.39,4.6,4.33,4.53,2026-09-08,4.42,6.702699384960591
000521,长虹美菱,2026-09-09,32.08392984656311,32.14914108608865,31.17097249320563,31.301394972256695,19701993.0,94939940.0,0.02250913248223389,4.92,4.93,4.78,4.8,2026-09-08,4.94,6.521123952553478
000523,红棉股份,2026-09-09,27.209132882406646,27.209132882406646,27.209132882406646,27.209132882406646,24852678.0,108357676.0,0.013846906623550153,4.36,4.36,4.36,4.36,2026-09-08,3.96,6.240626807891432
000524,岭南控股,2026-09-09,49.29059902706952,49.62953241920064,48.08012262660121,48.806408466882196,10513585.0,105727477.0,0.015691718672461573,10.18,10.25,9.93,10.08,2026-09-08,10.26,4.841905601873234
000525,红太阳,2026-09-09,38.03721405851509,39.02618162403648,37.42861863357884,38.49366062721727,49506996.0,250124777.0,0.044530290509955876,5.0,5.13,4.92,5.06,2026-09-08,5.03,7.6074428117030175
000526,学大教育,2026-09-09,87.82141097512837,88.16383914373428,85.08198562628112,85.42441379488702,3003500.0,112983214.0,0.02472555559418309,38.47,38.62,37.27,37.42,2026-09-08,38.4,2.2828544573727156
000528,柳    工,2026-09-09,127.39493677358847,129.0853400359642,126.31922560662213,128.47064794055484,33471335.0,279115688.0,0.016425676071884096,8.29,8.4,8.22,8.36,2026-09-08,8.31,15.367302385233835
000529,广弘控股,2026-09-09,18.284267154814632,18.492832939850544,18.17998426229668,18.284267154814632,7106774.0,37454571.0,0.012470554180501775,5.26,5.32,5.23,5.26,2026-09-08,5.3,3.4760964172651394
000530,冰山冷热,2026-09-09,55.06342885839173,55.475888999653094,54.650968717130375,55.06342885839173,12863156.0,68593798.0,0.021434423444872328,5.34,5.38,5.3,5.34,2026-09-08,5.38,10.311503531534033
000531,穗恒运Ａ,2026-09-09,94.7981449441533,96.4612702940507,94.4655198741738,96.12864522407124,9319180.0,53618299.0,0.010243722143088002,5.7,5.8,5.68,5.78,2026-09-08,5.71,16.63125349897426
000532,华金资本,2026-09-09,51.150865037654896,51.150865037654896,50.07589064106671,50.61337783936081,3742300.0,42122602.0,0.010893036724876518,11.42,11.42,11.18,11.3,2026-09-08,11.39,4.479059985784142
000533,顺钠股份,2026-09-09,24.654124859465707,25.0719913825075,24.382511619488543,24.92573809944287,54217456.0,642518816.0,0.07916084977947223,11.8,12.0,11.67,11.93,2026-09-08,11.83,2.089332615208958
000534,万泽股份,2026-09-09,93.28923798989238,101.26535054225535,92.62456194386215,99.93599845019486,28510764.0,718689865.0,0.05650932286379806,23.86,25.9,23.69,25.56,2026-09-08,23.84,3.9098590942955735
000536,华映科技,2026-09-09,13.80087760346447,13.875679108090292,13.239866318770792,13.352068575709527,68904413.0,247169932.0,0.024937515474474523,3.69,3.71,3.54,3.57,2026-09-08,3.66,3.740075231291184
000537,绿发电力,2026-09-09,49.529717473016824,50.376936324528955,49.07352270681799,50.246594962757854,24141505.0,184924173.0,0.011743588462085964,7.6,7.73,7.53,7.71,2026-09-08,7.61,6.517068088554845
000538,云南白药,2026-09-09,1588.9059755543747,1591.0988662935072,1576.68844143635,1581.0742229146153,5140368.0,259563577.0,0.002881158382734437,50.72,50.79,50.33,50.47,2026-09-08,50.87,31.327010559037355
000539,粤电力Ａ,2026-09-09,95.08556061979714,98.38969206990593,94.53487204477902,98.02256635322716,88785532.0,470297137.0,0.03474445769239267,5.18,5.36,5.15,5.34,2026-09-08,5.18,18.356285833937672
000541,佛山照明,2026-09-09,164.06440600907285,164.72066363310913,163.40814838503658,164.06440600907285,4253343.0,21241709.0,0.003481803039693099,5.0,5.02,4.98,5.0,2026-09-08,5.02,32.81288120181457
000543,皖能电力,2026-09-09,45.5159106587617,45.88297445439687,45.08766956385399,45.69944255657928,22033352.0,164274207.0,0.009719753149070635,7.44,7.5,7.37,7.47,2026-09-08,7.43,6.117729927252916
000544,中原环保,2026-09-09,30.699041686505858,30.740193216916722,30.49328403445153,30.657890156094993,2821615.0,21008927.0,0.0028949008984330937,7.46,7.47,7.41,7.45,2026-09-08,7.46,4.115153041086576
000545,金浦钛业,2026-09-09,11.903652879926783,12.056263814284819,11.547560699758034,11.59843101121071,53455404.0,123198468.0,0.05424724583978779,2.34,2.37,2.27,2.28,2026-09-08,2.35,5.087031145267856
000546,金圆股份,2026-09-09,9.203127650596912,9.477263367848733,9.144384282614377,9.379357754544511,13225580.0,62762176.0,0.018983035990117175,4.7,4.84,4.67,4.79,2026-09-08,4.71,1.9581122660844492
000547,航天发展,2026-09-09,162.5299602120271,165.53565125704407,161.52806319702148,164.42243235148223,53279096.0,783579350.0,0.03352739905979548,14.6,14.87,14.51,14.77,2026-09-08,14.64,11.132189055618296
000548,湖南投资,2026-09-09,17.707305543300063,17.744584081285957,17.52091285337059,17.59546992934238,4299134.0,20310655.0,0.008611774517694511,4.75,4.76,4.7,4.72,2026-09-08,4.76,3.727853798589487
000550,江铃汽车,2026-09-09,65.41814835315537,66.2076777298314,65.07977862029423,65.71892144903197,3665330.0,64062971.0,0.007069605485566226,17.4,17.61,17.31,17.48,2026-09-08,17.46,3.759663698457206
000551,创元科技,2026-09-09,120.00962437121741,120.89276960371205,119.0283518906678,119.61711537899755,7587700.0,92725160.0,0.01566535021389592,12.23,12.32,12.13,12.19,2026-09-08,12.24,9.812724805496108
000552,甘肃能化,2026-09-09,19.984210575983127,20.585239465486378,19.6836961312315,20.359853631922658,116224542.0,312765777.0,0.03119440645374089,2.66,2.74,2.62,2.71,2026-09-08,2.65,7.512861118790648
000553,安道麦A,2026-09-09,24.613307423064473,25.308367599463306,24.367992066688416,24.858622779440534,15993440.0,97397011.0,0.007346307465488505,6.02,6.19,5.96,6.08,2026-09-08,6.03,4.088589272934298
000554,泰山石油,2026-09-09,39.46179186501662,40.38084378618149,38.88738441428857,40.03619931574466,33246551.0,229880019.0,0.09253021745768675,6.87,7.03,6.77,6.97,2026-09-08,6.87,5.744074507280439
000555,神州信息,2026-09-09,33.54230504179459,33.84806898930411,32.71674238351888,32.991929936277444,10068346.0,108696354.0,0.01032738906696156,10.97,11.07,10.7,10.79,2026-09-08,10.98,3.0576394750952223
000557,西部创业,2026-09-09,29.337495963311174,29.566695150524545,29.031897047026682,29.490295421453418,7906849.0,30349632.0,0.005423390597379179,3.84,3.87,3.8,3.86,2026-09-08,3.85,7.639972907112285
000558,天府文旅,2026-09-09,28.179698784088462,28.179698784088462,27.350884113968213,27.903427227381712,41404362.0,166312023.0,0.03212928404190818,4.08,4.08,3.96,4.04,2026-09-08,4.1,6.906788917668741
000559,万向钱潮,2026-09-09,459.5618935992753,462.09624227721247,455.7603705823695,457.0275449213381,19194740.0,208222416.0,0.0057915601535196565,10.88,10.94,10.79,10.82,2026-09-08,10.91,42.23914463228633
000560,我爱我家,2026-09-09,15.141114432731095,15.41557572154193,14.18049992189317,14.27198701816345,664082715.0,2100580574.0,0.28347039011043024,3.31,3.37,3.1,3.12,2026-09-08,3.44,4.574354813513926
000561,烽火电子,2026-09-09,19.60050920675113,19.873082659689516,19.52617099231339,19.65006801637629,7136492.0,56740769.0,0.009193579737263133,7.91,8.02,7.88,7.93,2026-09-08,7.9,2.4779404812580443
000563,陕国投Ａ,2026-09-09,58.82745196140513,59.02160196787842,58.43915194845856,58.633301954931845,32229910.0,97430848.0,0.006302326322557069,3.03,3.04,3.01,3.02,2026-09-08,3.04,19.415000647328426
000564,供销大集,2026-09-09,19.943282974206856,20.529850120507056,19.59134268642673,20.060596403466896,572100120.0,975483963.0,0.03790027731274656,1.7,1.75,1.67,1.71,2026-09-08,1.73,11.731342926004032
000565,渝三峡Ａ,2026-09-09,46.160719488466825,50.982422906616975,45.94799727884256,50.982422906616975,38588228.0,270737859.0,0.08899658762327424,6.51,7.19,6.48,7.19,2026-09-08,6.54,7.0907403208090365
000566,海南海药,2026-09-09,49.736769937458,49.736769937458,48.53829355342286,48.73803961742872,52433895.0,256618707.0,0.04043779815262271,4.98,4.98,4.86,4.88,2026-09-08,4.99,9.98730320029277
000567,海德股份,2026-09-09,95.3242969971793,97.75021473513146,94.03998760649874,96.60860638785987,34698064.0,234657821.0,0.01780515955646246,6.68,6.85,6.59,6.77,2026-09-08,6.7,14.270104340895106
000568,泸州老窖,2026-09-09,3074.9750830600246,3080.1231417953472,3036.958649322257,3045.274744202394,6070052.0,467879488.0,0.004126311254942258,77.65,77.78,76.69,76.9,2026-09-08,77.78,39.60045181017417
000570,苏常柴Ａ,2026-09-09,30.99505488409718,31.520394797386967,30.819941579667255,31.345281492957035,9609350.0,51449538.0,0.017292567164307653,5.31,5.4,5.28,5.37,2026-09-08,5.31,5.837110147664252
000571,新大洲A,2026-09-09,68.63194668686027,69.20868573464901,66.90172954349404,67.70916421039828,17259445.0,102030607.0,0.021203453866232003,5.95,6.0,5.8,5.87,2026-09-08,5.99,11.534780955774835
000572,海马汽车,2026-09-09,17.994491916027894,18.34993866992474,17.683476006368153,18.172215292976315,48499493.0,197246599.0,0.02953228949579426,4.05,4.13,3.98,4.09,2026-09-08,4.07,4.443084423710591
000573,粤宏远Ａ,2026-09-09,31.268179606654797,31.430190899953526,31.025162666706702,31.106168313356065,9871120.0,38012330.0,0.015605037979815155,3.86,3.88,3.83,3.84,2026-09-08,3.87,8.100564664936476
000576,甘化科工,2026-09-09,46.766311872038344,47.86411262020827,46.656531797221355,47.69944250798277,22173988.0,191296727.0,0.05111389569118916,8.52,8.72,8.5,8.69,2026-09-08,8.6,5.489003740849571
000581,威孚高科,2026-09-09,119.60219555028225,120.98222088355475,119.20790259791869,120.78507440737296,7076695.0,129467363.0,0.008913937257403188,18.2,18.41,18.14,18.38,2026-09-08,18.2,6.571549206059465
000582,北部湾港,2026-09-09,51.23851937962018,53.055157793988535,49.98084663121132,51.6577436290898,72838320.0,803297061.0,0.033770721195526605,11.0,11.39,10.73,11.09,2026-09-08,11.08,4.658047216329107
000586,汇源通信,2026-09-09,51.78205079694226,56.263902117707644,51.300529580661674,54.5600578139456,23850401.0,351107152.0,0.12474711543490768,13.98,15.19,13.85,14.73,2026-09-08,13.81,3.704009356004453
000589,贵州轮胎,2026-09-09,33.69681752014043,33.92761764014139,33.466017400139464,33.85068426680774,18781434.0,82342448.0,0.012163269091618188,4.38,4.41,4.35,4.4,2026-09-08,4.38,7.6933373333653945
000590,古汉医药,2026-09-09,49.148692607338724,49.148692607338724,48.32783761598442,48.533051363823,2402951.0,22802125.0,0.010039443031092572,9.58,9.58,9.42,9.46,2026-09-08,9.55,5.130343695964376
000591,太阳能,2026-09-09,66.97081796366803,67.27802355065732,66.35640678968943,67.12442075716268,37772807.0,164441758.0,0.009676908709339347,4.36,4.38,4.32,4.37,2026-09-08,4.35,15.360279349465143
000592,平潭发展,2026-09-09,45.906322459711156,51.00702495523461,45.31321751837122,47.80425827199896,506880497.0,4065503141.0,0.2646767769695279,7.74,8.6,7.64,8.06,2026-09-08,7.9,5.931049413399374
000593,德龙汇能,2026-09-09,136.52899772857515,139.10620256599302,135.4604006008653,137.47187754714267,9583200.0,209795419.0,0.026732646993245724,21.72,22.13,21.55,21.87,2026-09-08,21.67,6.28586545711672
000596,古井贡酒,2026-09-09,355.50885029485767,355.5799662881153,346.014865194965,349.21508489155804,3576560.0,352163144.0,0.008753206069505628,99.98,100.0,97.31,98.21,2026-09-08,101.0,3.555799662881153
000597,东北制药,2026-09-09,25.294976695459496,25.450160601566612,24.984608883245272,25.03633685194764,11892833.0,57827551.0,0.008439399277579406,4.89,4.92,4.83,4.84,2026-09-08,4.93,5.172796870237116
000598,兴蓉环境,2026-09-09,209.05834681678817,210.22464163863916,207.60047828947447,207.8920519949372,12717500.0,91003197.0,0.0042624560930740844,7.17,7.21,7.12,7.13,2026-09-08,7.17,29.157370546274503
000599,青岛双星,2026-09-09,28.769089664191224,28.889714778087207,28.467526879451277,28.82940222113922,9493508.0,45175888.0,0.011623629858821337,4.77,4.79,4.72,4.78,2026-09-08,4.77,6.0312556947989995
000600,建投能源,2026-09-09,57.9650147312413,59.055754255753904,57.80919479916807,58.58829445953421,20463049.0,153727757.0,0.01877256323584662,7.44,7.58,7.42,7.52,2026-09-08,7.44,7.790996603661465
000601,韶能股份,2026-09-09,70.7579175106722,73.1662096787826,70.64323693123838,72.47812620217964,43126929.0,270866422.0,0.04114634852617996,6.17,6.38,6.16,6.32,2026-09-08,6.2,11.468057943382853
000603,盛达资源,2026-09-09,118.47126603593827,122.24861075012761,116.06750121781778,121.21842582807597,44083251.0,1528273374.0,0.06611994801825466,34.5,35.6,33.8,35.3,2026-09-08,34.5,3.4339497401721237
000605,渤海股份,2026-09-09,21.447507474637945,21.482212179289466,21.239279246728838,21.37809806533491,3088623.0,18999604.0,0.008758110535231524,6.18,6.19,6.12,6.16,2026-09-08,6.18,3.470470465151771
000607,华媒控股,2026-09-09,14.619320549273107,14.839712316347576,14.215268976303248,14.435660743377717,19315550.0,75580155.0,0.02182394717384418,3.98,4.04,3.87,3.93,2026-09-08,4.02,3.673196117907816
000608,阳光股份,2026-09-09,87.00767242341551,90.76585722704472,85.41329099157284,89.51312895916833,37180480.0,289889725.0,0.06445440675738072,7.64,7.97,7.5,7.86,2026-09-08,7.64,11.388438798876377
000612,焦作万方,2026-09-09,109.26924473726255,112.83560267972989,109.07111374045881,112.83560267972989,53260437.0,598869213.0,0.04467410172161185,11.03,11.39,11.01,11.39,2026-09-08,10.99,9.906549840186996
000617,中油资本,2026-09-09,58.111392711350774,58.42721549782551,56.84810156545184,57.47974713840131,85527162.0,623175879.0,0.006765276618311208,7.36,7.4,7.2,7.28,2026-09-08,7.25,7.895569661868311
000619,海螺新材,2026-09-09,46.626240731951924,46.716426884238096,45.994937665948704,46.175309970521056,4315057.0,22178946.0,0.011986269444444444,5.17,5.18,5.1,5.12,2026-09-08,5.16,9.018615228617394
000620,盈新发展,2026-09-09,11.792848245763018,12.077013263733212,11.508683227792826,11.508683227792826,594079150.0,1961487243.0,0.12716418915600453,3.32,3.4,3.24,3.24,2026-09-08,3.32,3.5520627246274152
000623,吉林敖东,2026-09-09,439.06124134461845,440.2634900887165,435.9353946099634,438.09944234933994,7531896.0,137175768.0,0.006323886263325031,18.26,18.31,18.13,18.22,2026-09-08,18.29,24.04497488196158
000625,长安汽车,2026-09-09,108.95413969820599,108.95413969820599,107.7485613889589,108.20065325492655,38209441.0,274187634.0,0.0046219115131648945,7.23,7.23,7.15,7.18,2026-09-08,7.24,15.069728865588656
000626,远大控股,2026-09-09,95.5957134303459,98.46933207053665,93.20103123018694,96.17043715838405,36035800.0,362112514.0,0.07145525965671014,9.98,10.28,9.73,10.04,2026-09-08,10.42,9.578728800635862
000628,高新发展,2026-09-09,162.38069640158537,175.92510313048984,161.95458023483332,174.89024958266344,19266130.0,1078909381.0,0.10021989081952513,53.35,57.8,53.21,57.46,2026-09-08,53.2,3.0436869053717968
000629,钒钛股份,2026-09-09,24.205534871095622,24.365307378495594,24.04576236369565,24.28542112479561,71057900.0,215676624.0,0.0076484930872139124,3.03,3.05,3.01,3.04,2026-09-08,3.03,7.988625369998556
000630,铜陵有色,2026-09-09,214.10701183999,217.68087698451185,210.85804352678835,213.4572181773497,323875832.0,2129577491.0,0.029065402776726014,6.59,6.7,6.49,6.57,2026-09-08,6.54,32.489683132016694
000631,顺发恒能,2026-09-09,65.16594902913306,66.03482834952149,64.73150936893883,65.81760851942438,10788018.0,32507351.0,0.004690442435353214,3.0,3.04,2.98,3.03,2026-09-08,3.01,21.721983009711018
000633,合金投资,2026-09-09,39.3650452425149,40.08077333783336,39.07875400438752,39.651336480642286,7968799.0,44163854.0,0.02069246202788755,5.5,5.6,5.46,5.54,2026-09-08,5.49,7.157280953184528
000635,英 力 特,2026-09-09,34.792532925449734,35.304872767725435,34.32676943247183,35.071991021236485,19423554.0,145328810.0,0.052951212428501954,7.47,7.58,7.37,7.53,2026-09-08,7.58,4.657634929779081
000636,风华高科,2026-09-09,773.8957446943093,789.2204129060777,756.4256229328931,761.6360101248945,71174948.0,3588299275.0,0.062026640687784525,50.5,51.5,49.36,49.7,2026-09-08,49.83,15.3246682117685
000637,茂化实华,2026-09-09,72.13721155155024,72.46362427350297,70.83156066373938,71.48438610764481,7896365.0,34578725.0,0.021658246393157363,4.42,4.44,4.34,4.38,2026-09-08,4.44,16.320636097635802
000650,仁和药业,2026-09-09,151.15332408134896,151.98996609655939,150.03780139440175,150.87444340961216,13518800.0,73196263.0,0.010153931080507501,5.42,5.45,5.38,5.41,2026-09-08,5.46,27.88806717368062
000651,格力电器,2026-09-09,9767.80221590934,9940.999230428724,9739.78505179591,9900.246991718279,35218328.0,1365525372.0,0.006388356903987655,38.35,39.03,38.24,38.87,2026-09-08,38.29,254.70149194026962
000652,泰达股份,2026-09-09,101.27258147042708,101.83520692304057,99.86601783889337,101.55389419673382,13532400.0,48611928.0,0.00928006547588037,3.6,3.62,3.55,3.61,2026-09-08,3.59,28.13127263067419
000655,金岭矿业,2026-09-09,45.12239308535266,48.05718287952194,45.12239308535266,47.75147560929597,16073087.0,123522738.0,0.02699815364400958,7.38,7.86,7.38,7.81,2026-09-08,7.51,6.114145404519331
000657,中钨高新,2026-09-09,332.1687304858831,335.4893290698947,324.5476845553646,329.3380562831191,49135790.0,2980208730.0,0.03380626932527261,61.02,61.63,59.62,60.5,2026-09-08,59.86,5.443604236084613
000659,珠海中富,2026-09-09,54.05139190944107,54.76730438506281,52.97752319600847,53.87241379053563,20640052.0,61848575.0,0.016053520685329295,3.02,3.06,2.96,3.01,2026-09-08,3.03,17.8978118905434
000661,长春高新,2026-09-09,627.1354941939269,631.9711574036114,621.7995899625507,623.3003130276253,3605258.0,270160570.0,0.009021631400563647,75.22,75.8,74.58,74.76,2026-09-08,75.93,8.337350361525218
000663,永安林业,2026-09-09,23.98460106868844,24.676464561054452,23.98460106868844,24.368969675558446,9434802.0,59716858.0,0.030802367484062974,6.24,6.42,6.24,6.34,2026-09-08,6.33,3.8436860687000705
000665,湖北广电,2026-09-09,24.627922307913078,24.801358380504016,23.991990041746313,24.165426114337247,20098100.0,84161422.0,0.017674567229848028,4.26,4.29,4.15,4.18,2026-09-08,4.3,5.781202419697906
000668,荣丰控股,2026-09-09,69.75675136714311,70.88654604453785,68.5301171459717,68.65923653767395,1267160.0,27343320.0,0.008629417668214432,21.61,21.96,21.23,21.27,2026-09-08,21.71,3.2279847925563683
000670,盈方微,2026-09-09,73.47386220323285,75.95748571432806,73.37037789027056,74.19825239396896,37371020.0,269178474.0,0.04500092303561795,7.1,7.34,7.09,7.17,2026-09-08,7.12,10.34843129622998
000672,上峰水泥,2026-09-09,154.18350581869714,155.7050535734869,151.44471986007554,154.99499795458502,17495085.0,265605405.0,0.018047418109915826,15.2,15.35,14.93,15.28,2026-09-08,15.18,10.143651698598497
000676,智度股份,2026-09-09,86.24710897626196,86.61256282785628,83.20166021297587,84.29802176775885,54578033.0,377573059.0,0.0433493286948526,7.08,7.11,6.83,6.92,2026-09-08,7.15,12.181795053144343
000678,襄阳轴承,2026-09-09,39.47683301380035,39.51860744026999,38.64134448440775,38.89199104322554,7133126.0,66565603.0,0.015519893193690152,9.45,9.46,9.25,9.31,2026-09-08,9.47,4.177442646963001
000679,大连友谊,2026-09-09,39.8856956536364,40.432075046151965,37.26307456956168,37.91872984058036,36643167.0,256701982.0,0.10281472222222222,7.3,7.4,6.82,6.94,2026-09-08,7.21,5.463793925155671
000680,山推股份,2026-09-09,52.97823338649378,53.1762828570975,51.88896129817335,52.97823338649378,19770737.0,209549703.0,0.015039692654851486,10.7,10.74,10.48,10.7,2026-09-08,10.73,4.951236765092877
000681,视觉中国,2026-09-09,89.09923185041139,89.79922581556613,85.59926202463765,86.09925771403388,42592915.0,737717840.0,0.06299468640320126,17.82,17.96,17.12,17.22,2026-09-08,17.99,4.999956893962479
000682,东方电子,2026-09-09,185.03250474884965,186.51804671382703,184.20720365719555,185.85780584050374,8709200.0,97841192.0,0.006496494015042976,11.21,11.3,11.16,11.26,2026-09-08,11.2,16.506021833082038
000683,博源化工,2026-09-09,49.96546957188805,50.52597964721371,49.40495949656238,50.28576104350272,47251171.0,295032042.0,0.014153134673018767,6.24,6.31,6.17,6.28,2026-09-08,6.24,8.007286790366674
000685,中山公用,2026-09-09,191.31430373941308,191.31430373941308,189.80657279926007,190.81172675936207,7067300.0,80373539.0,0.005669342522321477,11.42,11.42,11.33,11.39,2026-09-08,11.4,16.75256600169992
000686,东北证券,2026-09-09,116.14853944856931,116.58464159918971,115.42170253086863,116.00317206502918,11769800.0,93950811.0,0.005028855707614182,7.99,8.02,7.94,7.98,2026-09-08,8.0,14.53673835401368
000688,国城矿业,2026-09-09,128.78960197122245,130.70764544409573,127.43293707577548,128.929946615579,12331859.0,339768885.0,0.010406075443461553,27.53,27.94,27.24,27.56,2026-09-08,27.72,4.678154811886031
000690,宝新能源,2026-09-09,270.4205603989751,288.41331784235115,269.3621629023059,286.2965228490128,172957922.0,925716819.0,0.07954033083192098,5.11,5.45,5.09,5.41,2026-09-08,5.12,52.91987483345892
000691,亚太实业,2026-09-09,39.34626075810767,40.231744121548445,37.92178752126815,38.34527956465288,8406600.0,84418540.0,0.026004887555294336,10.22,10.45,9.85,9.96,2026-09-08,10.2,3.8499276671338225
000692,惠天热电,2026-09-09,57.98183931474712,58.519953832749415,57.443724796744824,58.38542520324884,12104706.0,52198441.0,0.022717636755274696,4.31,4.35,4.27,4.34,2026-09-08,4.3,13.452862950057337
000695,滨海能源,2026-09-09,38.88148728800712,38.88148728800712,37.9835942995507,38.36451859768373,5203493.0,73276745.0,0.023459114918480267,14.29,14.29,13.96,14.1,2026-09-08,14.25,2.7208878438073567
000697,炼石航空,2026-09-09,34.19201150156,35.14997734104337,33.97094246167923,34.744684101261946,9103100.0,85758543.0,0.01393813747139161,9.28,9.54,9.22,9.43,2026-09-08,9.28,3.6844839980129316
000700,模塑科技,2026-09-09,228.43213020372102,240.83654830166742,228.43213020372102,232.0580370323515,45074222.0,553043820.0,0.04909963660750789,11.97,12.62,11.97,12.16,2026-09-08,11.91,19.0837201506868
000701,厦门信达,2026-09-09,8.966316458106418,9.085188077816161,8.830463178438139,9.034243097940559,12576000.0,66301530.0,0.01883349075257259,5.28,5.35,5.2,5.32,2026-09-08,5.29,1.6981659958534883
000702,正虹科技,2026-09-09,15.827260921962901,16.211417740457147,15.750429558264054,15.929702740228034,21847584.0,135895869.0,0.0630294620339907,6.18,6.33,6.15,6.22,2026-09-08,6.25,2.5610454566283014
000703,恒逸石化,2026-09-09,156.01264001048617,158.76433275252037,151.25971618333614,155.51233223920718,73984710.0,1370770776.0,0.01945742335849679,18.71,19.04,18.14,18.65,2026-09-08,18.89,8.33846285464918
000705,浙江震元,2026-09-09,41.833795032879685,41.833795032879685,41.15723770081155,41.326377033828585,4205979.0,30889864.0,0.014916656225073393,7.42,7.42,7.3,7.33,2026-09-08,7.43,5.637977767234459
000707,双环科技,2026-09-09,15.510573978209104,15.574933206334451,15.253137065707708,15.34967590789573,10404500.0,49829946.0,0.018893103672872558,4.82,4.84,4.74,4.77,2026-09-08,4.8,3.217961406267449
000708,中信特钢,2026-09-09,63.369857891444276,63.92695554323719,62.90560984828352,63.64840671734074,9157864.0,125228549.0,0.0018144674064158707,13.65,13.77,13.55,13.71,2026-09-08,13.66,4.642480431607639
000709,河钢股份,2026-09-09,24.610183358467236,24.84018507209777,24.3801816448367,24.7251842152825,74536860.0,159478335.0,0.007211793504671723,2.14,2.16,2.12,2.15,2026-09-08,2.14,11.500085681526745
000710,贝瑞基因,2026-09-09,29.953677662344557,30.15675344310622,29.44598821044041,29.58137206428152,9259800.0,81037525.0,0.02759774957009616,8.85,8.91,8.7,8.74,2026-09-08,8.9,3.384596346027634
000712,锦龙股份,2026-09-09,121.15393817402656,122.49894346545469,113.29083031644669,115.25660728084166,122016885.0,1367804697.0,0.13621998045457964,11.71,11.84,10.95,11.14,2026-09-08,11.85,10.346194549447187
000713,国投丰乐,2026-09-09,41.74512332761479,45.980135839111945,41.321622076465076,43.74162922589203,66347166.0,481046725.0,0.1080546373640591,6.9,7.6,6.83,7.23,2026-09-08,7.06,6.050017873567361
000715,中兴商业,2026-09-09,38.12653411942496,38.65332560984879,37.73144050160709,38.19238305572794,11040237.0,63977315.0,0.022705742231951844,5.79,5.87,5.73,5.8,2026-09-08,5.81,6.584893630297921
000716,黑芝麻,2026-09-09,18.868406500319132,19.230627218475345,18.637902406946996,18.868406500319132,55649040.0,318549885.0,0.07563845903835013,5.73,5.84,5.66,5.73,2026-09-08,5.84,3.2929156196019425
000717,中南股份,2026-09-09,12.325045398132158,12.37794258868208,12.113456635932463,12.325045398132158,17603121.0,40779914.0,0.007262921209349639,2.33,2.34,2.29,2.33,2026-09-08,2.32,5.289719054992342
000718,苏宁环球,2026-09-09,19.143647471006226,19.237488880177825,18.862123243491425,19.049806061834627,25529809.0,51778460.0,0.011187014567409927,2.04,2.05,2.01,2.03,2026-09-08,2.05,9.384140917159915
000719,中原传媒,2026-09-09,54.61187894098183,54.788330892325874,53.59728022075357,53.817845159933626,4148800.0,50743787.0,0.006218714351167145,12.38,12.42,12.15,12.2,2026-09-08,12.47,4.411298783601117
000720,新能泰山,2026-09-09,28.673912922139774,29.274413716320712,28.373662525049305,29.12428851777548,25638600.0,98932502.0,0.02040426248868203,3.82,3.9,3.78,3.88,2026-09-08,3.82,7.506259927261722
000721,西安饮食,2026-09-09,35.75844258157004,35.75844258157004,34.169178466833586,35.384498083984994,38171318.0,285641587.0,0.07450092718735737,7.65,7.65,7.31,7.57,2026-09-08,7.69,4.674306219813077
000722,湖南发展,2026-09-09,55.340425419084035,56.34585328438155,54.712033003273085,56.1363891457779,13759045.0,183029735.0,0.02964300225499369,13.21,13.45,13.06,13.4,2026-09-08,13.32,4.1892827720729775
000723,美锦能源,2026-09-09,25.84131530244077,26.244037099361925,25.505713805006472,26.109796500388207,99540340.0,384523921.0,0.022647634372047754,3.85,3.91,3.8,3.89,2026-09-08,3.88,6.712029948685914
000725,京东方Ａ,2026-09-09,30.83528027136181,30.94520996929893,30.340596630644775,30.505491177550454,737152500.0,4106974880.0,0.020842867775528108,5.61,5.63,5.52,5.55,2026-09-08,5.56,5.496484896855938
000726,鲁  泰Ａ,2026-09-09,52.08279235943398,52.08279235943398,51.30024623049424,51.734994079905206,3579101.0,21276779.0,0.006073593620513946,5.99,5.99,5.9,5.95,2026-09-08,5.99,8.694956988219362
000727,冠捷科技,2026-09-09,13.406604256517022,13.406604256517022,13.173445921621074,13.231735505345062,52130339.0,118303412.0,0.011508901232761989,2.3,2.3,2.26,2.27,2026-09-08,2.29,5.828958372398706
000728,国元证券,2026-09-09,23.90203311043193,23.932716079764962,23.503154509102515,23.74861826376677,22882236.0,176717071.0,0.005243675680009535,7.79,7.8,7.66,7.74,2026-09-08,7.76,3.0682969333032
000729,燕京啤酒,2026-09-09,93.80219542943713,94.05189071451993,92.63695076571742,93.38603662096581,14511930.0,162533458.0,0.005782551581020326,11.27,11.3,11.13,11.22,2026-09-08,11.31,8.323176169426542
000731,四川美丰,2026-09-09,91.65876305697668,96.54723042001545,89.58116442768522,96.05838368371157,33193596.0,254379952.0,0.06048110338816007,7.5,7.9,7.33,7.86,2026-09-08,7.58,12.221168407596892
000733,振华科技,2026-09-09,89.64840971724003,90.69134913721783,89.53745871511474,90.22535492829157,8965237.0,364271208.0,0.01618028257339521,40.4,40.87,40.35,40.66,2026-09-08,40.26,2.2190200425059414
000735,罗 牛 山,2026-09-09,38.76154030402762,41.45649946717747,37.844107397423414,40.25236877725945,224102904.0,1552489312.0,0.19472012120085233,6.76,7.23,6.6,7.02,2026-09-08,6.81,5.733955666276275
000736,中交地产,2026-09-09,18.57939045007026,18.81163283069614,18.076198625380858,18.192319815693796,22881332.0,108335150.0,0.030626932100742108,4.8,4.86,4.67,4.7,2026-09-08,4.88,3.8707063437646374
000737,北方铜业,2026-09-09,65.32115818200779,69.31054415364183,64.43462796608912,66.36887570991168,267446959.0,4387931784.0,0.1404258225079278,16.21,17.2,15.99,16.47,2026-09-08,15.71,4.029682799630339
000738,航发控制,2026-09-09,32.921964034173456,34.2388425955404,32.921964034173456,33.572068640417896,23859005.0,480071784.0,0.018141191636956357,19.75,20.54,19.75,20.14,2026-09-08,19.95,1.666934887806251
000739,普洛药业,2026-09-09,274.02167186414806,283.85204574268255,271.56407839451447,275.25046859896486,16375142.0,370784774.0,0.014141130172449487,22.3,23.1,22.1,22.4,2026-09-08,22.51,12.287967348168074
000750,国海证券,2026-09-09,51.32147899946519,51.5915920468308,51.18642247578239,51.32147899946519,32880327.0,124989534.0,0.005672734626054034,3.8,3.82,3.79,3.8,2026-09-08,3.81,13.505652368280314
000751,锌业股份,2026-09-09,17.910996568055037,18.43779058476254,17.770518163599704,17.981235770282705,62691276.0,321102768.0,0.03880298910257346,5.1,5.25,5.06,5.12,2026-09-08,5.08,3.511960111383341
000753,漳州发展,2026-09-09,55.85144629216609,57.5934017320777,55.19821300219924,56.83129622711637,36274927.0,188149602.0,0.036586605696277585,5.13,5.29,5.07,5.22,2026-09-08,5.17,10.88722149944758
000755,山西高速,2026-09-09,13.581400466163204,13.693643445222405,13.413035997574406,13.609461210928004,3798800.0,18361498.0,0.0025889549533260384,4.84,4.88,4.78,4.85,2026-09-08,4.85,2.806074476480001
000756,新华制药,2026-09-09,28.961407809475887,29.220184349843507,28.637937134016365,28.853584250989382,7689264.0,102719329.0,0.015413272259234778,13.43,13.55,13.28,13.38,2026-09-08,13.52,2.156471169730148
000757,浩物股份,2026-09-09,22.01092031435846,22.161336626301686,21.60981014917653,21.810365231767495,9789320.0,42644673.0,0.01837624222710973,4.39,4.42,4.31,4.35,2026-09-08,4.41,5.013877064774137
000758,中色股份,2026-09-09,102.22210185154441,104.67151323776353,102.0588077591298,104.18163096051971,34005677.0,215664814.0,0.01715398109526765,6.26,6.41,6.25,6.38,2026-09-08,6.27,16.32940924146077
000759,中百集团,2026-09-09,53.2426839985656,54.00784831950308,49.990735634581355,54.00784831950308,186056008.0,1541911510.0,0.2837491206520483,8.35,8.47,7.84,8.47,2026-09-08,7.7,6.3763693411455815
000761,本钢板材,2026-09-09,5.7227937982932495,5.86468124783771,5.651850073521019,5.79373752306548,25207512.0,61430000.0,0.006797427268076556,2.42,2.48,2.39,2.45,2026-09-08,2.43,2.364790825741012
000762,西藏矿业,2026-09-09,123.31897326102798,125.56113641122849,123.20959944882307,124.95958044410152,10506121.0,239466714.0,0.020173019456747262,22.55,22.96,22.53,22.85,2026-09-08,22.69,5.468690610245143
000766,通化金马,2026-09-09,56.187497615519135,56.61365716569518,53.79444783376132,53.79444783376132,12957700.0,216872247.0,0.01341913638171832,17.14,17.27,16.41,16.41,2026-09-08,17.17,3.278150385969611
000767,晋控电力,2026-09-09,35.29092069914603,36.419409442432666,34.98315104188603,36.11163978517268,132083366.0,462262900.0,0.045354460517914766,3.44,3.55,3.41,3.52,2026-09-08,3.43,10.258988575333147
000768,中航西飞,2026-09-09,180.66902850481281,188.00074901226998,180.36032448344622,184.83653279326217,39580683.0,948200406.0,0.014256044981654607,23.41,24.36,23.37,23.95,2026-09-08,23.55,7.717600534165435
000776,广发证券,2026-09-09,130.6740317428009,132.00991868440946,129.94536613828714,131.40269734731467,34337029.0,740523957.0,0.005815843871091272,21.52,21.74,21.4,21.64,2026-09-08,21.63,6.072213370947997
000777,中核科技,2026-09-09,128.85828485035842,129.75106742437939,128.03990082417255,129.45347323303903,5319132.0,92145225.0,0.013873191953444757,17.32,17.44,17.21,17.4,2026-09-08,17.31,7.439854783507991
000778,新兴铸管,2026-09-09,59.02404725474056,59.17896601393935,58.249453458746586,58.55929097714417,54895909.0,207723526.0,0.01409954945140716,3.81,3.82,3.76,3.78,2026-09-08,3.81,15.491875919879412
000779,甘咨询,2026-09-09,28.41045133999814,28.494755349909116,27.061587181422563,27.117789854696543,58854516.0,572401600.0,0.1266288459092141,10.11,10.14,9.63,9.65,2026-09-08,10.11,2.8101336636991237
000782,恒申新材,2026-09-09,27.121542696242134,27.84432492545671,26.949451689286285,27.637815717109685,20890901.0,166611987.0,0.0395556403841338,7.88,8.09,7.83,8.03,2026-09-08,7.88,3.4418201391170222
000783,长江证券,2026-09-09,56.76467527464169,57.078986876383894,56.32463903220262,56.89039991533858,69492599.0,626487405.0,0.012566307832364601,9.03,9.08,8.96,9.05,2026-09-08,9.08,6.2862320348440415
000785,居然智家,2026-09-09,16.729701658746453,16.799994522858835,16.378237338184555,16.589115930521693,50776262.0,119853654.0,0.008220577557725199,2.38,2.39,2.33,2.36,2026-09-08,2.39,7.029286411238006
000786,北新建材,2026-09-09,207.93611162990808,208.0622864549262,205.79113960459955,206.54818855470847,13247300.0,216639849.0,0.007840922469065403,16.48,16.49,16.31,16.37,2026-09-08,16.48,12.617482501814811
000788,北大医药,2026-09-09,22.73871080668449,22.940653176193234,22.496379963274002,22.73871080668449,12936301.0,72582376.0,0.021705660987729733,5.63,5.68,5.57,5.63,2026-09-08,5.69,4.038847390174865
000789,万年青,2026-09-09,30.199883372767054,30.199883372767054,29.303539802342463,29.44143881317701,25628926.0,109855294.0,0.03213979971651459,4.38,4.38,4.25,4.27,2026-09-08,4.38,6.894950541727638
000790,华神科技,2026-09-09,52.7896806636259,53.039277262508286,52.04089086697872,52.41528576530231,11245769.0,47258047.0,0.01806135090896804,4.23,4.25,4.17,4.2,2026-09-08,4.23,12.479829944119597
000791,甘肃能源,2026-09-09,29.320629526587513,29.80460140322995,29.159305567706703,29.683608434069342,20399225.0,149585377.0,0.010538791457211724,7.27,7.39,7.23,7.36,2026-09-08,7.26,4.033098972020291
000792,盐湖股份,2026-09-09,191.32394057421746,192.97824532354338,190.24504617248311,192.18705609560487,44554099.0,1185965276.0,0.008419908652240958,26.6,26.83,26.45,26.72,2026-09-08,26.83,7.192629344895392
000795,英洛华,2026-09-09,39.08076781383989,39.08076781383989,38.570817106897735,38.75625372760397,9727260.0,81437574.0,0.008714238279018002,8.43,8.43,8.32,8.36,2026-09-08,8.43,4.635915517655977
000796,凯撒旅业,2026-09-09,18.35421983813475,18.35421983813475,17.666947289129705,18.152080853133267,62887310.0,280112911.0,0.04725637441817205,4.54,4.54,4.37,4.49,2026-09-08,4.55,4.042779700029681
000797,中国武夷,2026-09-09,17.88489838124138,17.88489838124138,17.48449020852702,17.61795959943181,29352862.0,77620921.0,0.01868925721297535,2.68,2.68,2.62,2.64,2026-09-08,2.69,6.673469545239321
000798,中水渔业,2026-09-09,24.479123055226413,26.71408174932977,24.268277895405344,26.71408174932977,94469159.0,1150095141.0,0.2582280154376844,11.61,12.67,11.51,12.67,2026-09-08,11.52,2.108451598210716
000799,酒鬼酒,2026-09-09,86.02706613022323,86.31076776890737,84.89225957548665,85.39419324392783,4280455.0,167610932.0,0.013174784677495086,39.42,39.55,38.9,39.13,2026-09-08,39.52,2.182320297570351
000800,一汽解放,2026-09-09,16.899590857658204,17.011323689774954,16.843724441599832,16.983390481745765,9653499.0,58540076.0,0.0019618400745552715,6.05,6.09,6.03,6.08,2026-09-08,6.05,2.7933208029187115
000801,四川九洲,2026-09-09,171.1373949238808,172.89890413529048,169.64688712961103,169.782387838181,8518300.0,107490193.0,0.008384648922559915,12.63,12.76,12.52,12.53,2026-09-08,12.65,13.550070856997687
000802,北京文化,2026-09-09,12.221155619003147,12.277998203277582,11.737993652670465,12.079049158317064,69798900.0,293158303.0,0.0975466211892866,4.3,4.32,4.13,4.25,2026-09-08,4.32,2.842129213721662
000803,山高环能,2026-09-09,41.89577951938084,43.479844194820274,41.8411565995381,43.0974837559211,13687448.0,107581319.0,0.029442423788434764,7.67,7.96,7.66,7.89,2026-09-08,7.73,5.462291984273904
000807,云铝股份,2026-09-09,182.04535219724545,190.28447374065527,180.4106058592673,189.8267447660214,128220819.0,3645082710.0,0.036973404193581555,27.84,29.1,27.59,29.03,2026-09-08,27.49,6.538985351912552
000809,和展能源,2026-09-09,10.022088202913427,10.079852400048374,9.877677710076055,10.022088202913427,10529900.0,36386470.0,0.012766744859417424,3.47,3.49,3.42,3.47,2026-09-08,3.47,2.888209856747385
000810,创维数字,2026-09-09,56.69903931393585,57.09632987969916,53.520714787829334,53.80449376337456,22792202.0,219201122.0,0.020383701080573864,9.99,10.06,9.43,9.48,2026-09-08,9.71,5.675579510904489
000811,冰轮环境,2026-09-09,844.5777937023619,880.3878921553421,829.9384452781877,854.4875064818029,40688211.0,1549368590.0,0.04157802595065829,37.5,39.09,36.85,37.94,2026-09-08,36.81,22.52207449872965
000812,陕西金叶,2026-09-09,26.87114110619778,27.497670302974413,26.453454975013358,27.497670302974413,29288420.0,113738620.0,0.03873465192011157,3.86,3.95,3.8,3.95,2026-09-08,3.87,6.961435519740357
000813,德展健康,2026-09-09,12.921002504230804,13.10664909193527,12.772485234067231,12.921002504230804,81539070.0,283334405.0,0.038890204003910925,3.48,3.53,3.44,3.48,2026-09-08,3.57,3.7129317540893116
000815,美利云,2026-09-09,55.097104020232685,57.7658172131195,54.08366863052884,54.99576048126231,52318587.0,854598750.0,0.07525006273345167,16.31,17.1,16.01,16.28,2026-09-08,16.14,3.3781179656795026
000816,智慧农业,2026-09-09,22.2312650906818,22.725293203808064,22.09011420121715,22.513566869611093,103957258.0,329609643.0,0.07221716071269053,3.15,3.22,3.13,3.19,2026-09-08,3.21,7.057544473232317
000818,航锦科技,2026-09-09,24.428293321733957,24.46804644349431,23.911502738849432,24.32891051733309,9579166.0,116551922.0,0.014553326533724978,12.29,12.31,12.03,12.24,2026-09-08,12.26,1.9876560880174092
000819,岳阳兴长,2026-09-09,96.66979006220953,97.68081763325436,96.28093330411536,97.29196087516019,3602555.0,44974398.0,0.009842505755681083,12.43,12.56,12.38,12.51,2026-09-08,12.48,7.777135161883309
000822,山东海化,2026-09-09,11.036733200405642,11.226612481272836,10.965528470080443,11.06046811051404,20607915.0,96215509.0,0.023023238620968188,4.65,4.73,4.62,4.66,2026-09-08,4.68,2.3734910108399228
000823,超声电子,2026-09-09,52.05980376145201,52.792610383314084,50.594190517727846,51.90713571523074,120069699.0,2033839159.0,0.2018208220366743,17.05,17.29,16.57,17.0,2026-09-08,16.53,3.0533609244253377
000825,太钢不锈,2026-09-09,29.041819222082243,29.44970994149351,28.79708479043548,29.286553653729,28626512.0,102460836.0,0.005025503283073818,3.56,3.61,3.53,3.59,2026-09-08,3.58,8.157814388225349
000828,东莞控股,2026-09-09,45.29052056093464,46.05132970079223,45.066753166858874,45.29052056093464,5957401.0,60779497.0,0.0057309318133781885,10.12,10.29,10.07,10.12,2026-09-08,10.13,4.4753478815152805
000829,天音控股,2026-09-09,145.3834671296214,146.64767119161812,144.4353140831239,146.17359466836936,11590410.0,106822623.0,0.01131732665387707,9.2,9.28,9.14,9.25,2026-09-08,9.23,15.80255077495885
000830,鲁西化工,2026-09-09,104.61569847465996,105.66996520347435,102.83155477974327,104.04801638991374,26063378.0,334675865.0,0.013687467776716266,12.9,13.03,12.68,12.83,2026-09-08,12.91,8.109744067803097
000831,中国稀土,2026-09-09,203.28942599246375,206.07319574770108,200.6170070274359,201.76763185960067,22537397.0,1233325118.0,0.021237236257845064,54.77,55.52,54.05,54.36,2026-09-08,54.96,3.7116930069830882
000833,粤桂股份,2026-09-09,46.21011259458566,49.69155778349006,45.07661881215167,46.99951005020933,101946613.0,2369811032.0,0.22469719707790395,22.83,24.55,22.27,23.22,2026-09-08,22.83,2.024096040060695
000837,秦川机床,2026-09-09,38.339915947374955,38.41721416501078,37.52828466219867,37.837477532742014,12304541.0,120480989.0,0.01221418671257813,9.92,9.94,9.71,9.79,2026-09-08,9.91,3.86491088179183
000839,国安股份,2026-09-09,60.418448630070095,61.05000035791055,59.15534517438919,61.05000035791055,81510773.0,232434956.0,0.02079448569409485,2.87,2.9,2.81,2.9,2026-09-08,2.89,21.051724261348465
000848,承德露露,2026-09-09,266.10537315443776,266.10537315443776,261.3364596570464,262.2902423565247,11607200.0,96078157.0,0.011485294237056113,8.37,8.37,8.22,8.25,2026-09-08,8.37,31.79275664927572
000850,华茂股份,2026-09-09,45.57878658879881,45.89751936214706,44.835076784319575,45.15380955766782,9007650.0,38393732.0,0.009548330122711548,4.29,4.32,4.22,4.25,2026-09-08,4.31,10.624425778274782
000852,石化机械,2026-09-09,35.22663011533993,35.578310282880764,34.230202973974244,35.343856837853544,59621361.0,355579063.0,0.0627422302427688,6.01,6.07,5.84,6.03,2026-09-08,6.03,5.861336125680521
000856,冀东装备,2026-09-09,17.246998575533798,17.453437078614186,16.94672438923506,17.07809434574076,6366291.0,58263058.0,0.028045334801762113,9.19,9.3,9.03,9.1,2026-09-08,9.23,1.8767136643671165
000858,五 粮 液,2026-09-09,1491.3861483043052,1491.3861483043052,1477.0218763566506,1481.393611297241,17867684.0,1270641223.0,0.00460327769097216,71.64,71.64,70.95,71.16,2026-09-08,71.65,20.817785431383378
000859,国风新材,2026-09-09,32.18848259531986,32.91263293492211,31.174672119876714,31.391917221757392,32379141.0,284570932.0,0.03614062989505129,8.89,9.09,8.61,8.67,2026-09-08,8.92,3.620751698011233
000860,顺鑫农业,2026-09-09,33.192310578175544,33.428554781578924,32.660761120517925,32.83794427307046,12854819.0,143516505.0,0.017329996064303153,11.24,11.32,11.06,11.12,2026-09-08,11.24,2.953052542542308
000862,银星能源,2026-09-09,14.194331576037978,14.220424097317458,13.959498884522642,14.220424097317458,14140660.0,76466225.0,0.022518154645709713,5.44,5.45,5.35,5.45,2026-09-08,5.46,2.6092521279481575
000863,三湘印象,2026-09-09,29.494918610520475,30.452990212718362,28.468413322451323,30.316122840975805,34522340.0,149240922.0,0.029637639987706604,4.31,4.45,4.16,4.43,2026-09-08,4.34,6.8433685871277214
000868,安凯客车,2026-09-09,17.959824073037662,18.156106303344085,17.812612400307845,18.10703574576748,11120690.0,40789002.0,0.01183664126085361,3.66,3.7,3.63,3.69,2026-09-08,3.66,4.907055757660563
000869,张  裕Ａ,2026-09-09,84.84471639053311,87.53739301849615,83.87941722201808,85.86082077844368,3553494.0,60254975.0,0.0078109769833078916,16.7,17.23,16.51,16.9,2026-09-08,16.68,5.080521939552881
000875,电投绿能,2026-09-09,7.098924114810793,7.31535472806722,7.070066699709937,7.2287824827646485,42433527.0,212103581.0,0.012695374842475812,4.92,5.07,4.9,5.01,2026-09-08,4.92,1.4428707550428441
000876,新 希 望,2026-09-09,135.02484947675154,139.3692783530949,133.98218654642915,137.45772964750384,108587572.0,855480758.0,0.024130527214371214,7.77,8.02,7.71,7.91,2026-09-08,7.82,17.37771550537343
000877,天山股份,2026-09-09,29.470265953455506,29.470265953455506,28.85948323939425,29.088526757167223,13040192.0,49784976.0,0.0018339371329143556,3.86,3.86,3.78,3.81,2026-09-08,3.84,7.634783925765675
000878,云南铜业,2026-09-09,56.50401671045617,58.32770740579097,55.652961052633266,56.62559609014516,102696895.0,1916852286.0,0.05125565400770618,18.59,19.19,18.31,18.63,2026-09-08,18.32,3.0394844922246462
000880,潍柴重机,2026-09-09,132.44373344424343,138.9539444865283,131.7666714958458,137.80814734308615,23610041.0,619565237.0,0.10399671316337983,25.43,26.68,25.3,26.46,2026-09-08,25.22,5.208168833827897
000881,中广核技,2026-09-09,32.747121169040916,32.93975129356468,32.60264857564808,32.69896363790997,5949700.0,40449241.0,0.0065834866580204866,6.8,6.84,6.77,6.79,2026-09-08,6.83,4.815753113094252
000882,华联股份,2026-09-09,4.621562247566712,4.621562247566712,4.478035469691969,4.535446180841866,61013163.0,96745927.0,0.022303098751172697,1.61,1.61,1.56,1.58,2026-09-08,1.62,2.870535557494852
000883,湖北能源,2026-09-09,27.684609446568746,28.174602534118637,27.562111174681277,28.1133533981749,36273837.0,165127665.0,0.005598237045530479,4.52,4.6,4.5,4.59,2026-09-08,4.53,6.124913594373617
000885,城发环境,2026-09-09,26.72230403201607,26.72230403201607,26.569480397846043,26.67864013653892,2090500.0,25522081.0,0.0032558336678135905,12.24,12.24,12.17,12.22,2026-09-08,12.23,2.183194773857522
000886,海南高速,2026-09-09,15.214563848572618,15.40124561358578,15.027882083559458,15.276791103577006,15900900.0,77802941.0,0.01626130086983075,4.89,4.95,4.83,4.91,2026-09-08,4.89,3.1113627502193495
000887,中鼎股份,2026-09-09,187.66371431484092,189.37301947878242,183.9752136979145,184.60495770568244,25242055.0,522351308.0,0.019204670924899442,20.86,21.05,20.45,20.52,2026-09-08,20.87,8.99634296811318
000888,峨眉山Ａ,2026-09-09,68.13953190558766,68.13953190558766,66.4088006154175,68.01132958779726,16111687.0,169284945.0,0.030577503081333515,10.63,10.63,10.36,10.61,2026-09-08,10.7,6.410115889519064
000889,中嘉博创,2026-09-09,20.063583331347,20.9709815724632,19.962761304556313,20.063583331347,28819316.0,115700508.0,0.03313328833085226,3.98,4.16,3.96,3.98,2026-09-08,4.01,5.041101339534422
000890,法尔胜,2026-09-09,30.74439105562487,30.842825605429436,29.2022497753534,29.333495841759483,82203391.0,749551699.0,0.19595982270382,9.37,9.4,8.9,8.94,2026-09-08,9.16,3.2811516601520676
000892,欢瑞世纪,2026-09-09,11.749296839180138,11.970981685202407,11.128579270317791,11.217253208726698,187163256.0,954968313.0,0.2633139714737055,5.3,5.4,5.02,5.06,2026-09-08,5.58,2.2168484602226677
000893,亚钾国际,2026-09-09,88.93902169389912,89.91852633810507,82.88568299270644,84.68797153804535,29884958.0,1302421086.0,0.03684323267162014,45.4,45.9,42.31,43.23,2026-09-08,46.0,1.959009288411875
000895,双汇发展,2026-09-09,730.7887255000097,731.3989874837258,724.0758436791328,728.9579395488615,9059966.0,216029786.0,0.0026153034407952877,23.95,23.97,23.73,23.89,2026-09-08,23.94,30.513099185804165
000897,津滨发展,2026-09-09,12.253878688655613,12.317043011793013,12.064385719243413,12.190714365518213,28764842.0,55468796.0,0.01778636005607558,1.94,1.95,1.91,1.93,2026-09-08,1.94,6.316432313740007
000898,鞍钢股份,2026-09-09,6.712859426587816,6.776791421126748,6.584995437509953,6.712859426587816,46911372.0,98139851.0,0.0058952340296532695,2.1,2.12,2.06,2.1,2026-09-08,2.1,3.196599726946579
000899,赣能股份,2026-09-09,35.77425511420228,36.64495127042096,35.584973341111265,36.417813142711736,11908345.0,114080381.0,0.012205202873538903,9.45,9.68,9.4,9.62,2026-09-08,9.46,3.7856354618203474
000900,现代投资,2026-09-09,59.4505607123615,60.09501123498873,59.12833545104789,59.93389860433193,10538334.0,39093940.0,0.0069433807005793245,3.69,3.73,3.67,3.72,2026-09-08,3.71,16.111263065680625
000901,航天科技,2026-09-09,90.50709561230327,92.02503432278216,90.0643634884136,91.13957007500281,13969811.0,201375574.0,0.017501789221970748,14.31,14.55,14.24,14.41,2026-09-08,14.34,6.324744626995337
000902,新洋丰,2026-09-09,54.35636206981536,54.46595150947224,53.47964655256027,54.13718319050159,11772524.0,174147113.0,0.010301622815599699,14.88,14.91,14.64,14.82,2026-09-08,14.88,3.6529813218961933
000905,厦门港务,2026-09-09,25.26385859155785,26.144515971655725,24.851050444636968,25.951872169759316,23001397.0,214489581.0,0.031007206706184013,9.18,9.5,9.03,9.43,2026-09-08,9.19,2.752054312805866
000906,浙商中拓,2026-09-09,33.80323652229859,34.01786024624969,33.48130093637194,33.91054838427414,11434331.0,71977593.0,0.016248836926958114,6.3,6.34,6.24,6.32,2026-09-08,6.34,5.365593098777554
000910,大亚圣象,2026-09-09,15.077212937768374,15.10462605220068,14.885321136742231,14.940147365606844,2828320.0,15446289.0,0.005168381689680464,5.5,5.51,5.43,5.45,2026-09-08,5.49,2.7413114432306136
000912,泸天化,2026-09-09,9.625188130675888,9.625188130675888,9.273498564362729,9.625188130675888,147929894.0,767886021.0,0.09434304464285714,5.2,5.2,5.01,5.2,2026-09-08,4.73,1.8509977174376706
000913,钱江摩托,2026-09-09,35.22274771567487,35.285589370832184,34.87711861230964,34.93996026746695,2009000.0,22405355.0,0.003862698841147087,11.21,11.23,11.1,11.12,2026-09-08,11.2,3.142082757865733
000915,华特达因,2026-09-09,99.00151588415588,101.41067824787679,99.00151588415588,99.52852015121982,8121999.0,216782422.0,0.03469118308225006,26.3,26.94,26.3,26.44,2026-09-08,26.35,3.7643161933139115
000917,电广传媒,2026-09-09,56.21513641393149,56.29172379324202,54.45362668978923,54.759976207031364,25762668.0,184789333.0,0.018175242742391056,7.34,7.35,7.11,7.15,2026-09-08,7.37,7.658737931053337
000919,金陵药业,2026-09-09,26.06857393771966,26.145928756525947,25.643122434285065,25.91386430010708,9888300.0,66194331.0,0.015904799844793937,6.74,6.76,6.63,6.7,2026-09-08,6.79,3.8677409403144893
000920,沃顿科技,2026-09-09,38.255477872622784,39.059445883956364,38.05448586978939,39.025947216817464,7309200.0,84626097.0,0.015466002906301728,11.42,11.66,11.36,11.65,2026-09-08,11.42,3.349866713889911
000921,海信家电,2026-09-09,41.49075846274556,42.2123368707933,41.11493637522069,41.80644901626645,8580090.0,238406144.0,0.009288194844096799,27.6,28.08,27.35,27.81,2026-09-08,27.67,1.5032883500994767
000922,佳电股份,2026-09-09,38.96834724191447,38.96834724191447,38.32049441993751,38.83877667751908,5097944.0,60900768.0,0.007231852472992242,12.03,12.03,11.83,11.99,2026-09-08,11.94,3.2392641098848274
000923,河钢资源,2026-09-09,29.314227789126868,31.61890972503673,29.314227789126868,30.756726554768292,58662077.0,1090406399.0,0.09342562589855476,17.68,19.07,17.68,18.55,2026-09-08,17.34,1.6580445582085332
000925,众合科技,2026-09-09,27.662537216226028,30.090802642086913,27.564094023285726,28.351639566808174,60999189.0,533820434.0,0.09088722025448691,8.43,9.17,8.4,8.64,2026-09-08,8.46,3.281439764676872
000926,福星股份,2026-09-09,10.776229192381455,10.776229192381455,10.440968728618477,10.440968728618477,34636980.0,76148866.0,0.022016767516311375,2.25,2.25,2.18,2.18,2026-09-08,2.26,4.78943519661398
000927,中国铁物,2026-09-09,4.058434808247934,4.106369077636688,4.02647862865543,4.0744128980441845,43471200.0,110760558.0,0.007184905968343919,2.54,2.57,2.52,2.55,2026-09-08,2.54,1.5978089796251707
000928,中钢国际,2026-09-09,13.885448160372547,14.197750627647363,13.765331826805312,13.789355093518758,89812081.0,520344923.0,0.06260308537005155,5.78,5.91,5.73,5.74,2026-09-08,5.96,2.4023266713447313
000930,中粮科技,2026-09-09,38.047581611842034,38.65055437906616,36.17836603344726,38.65055437906616,88274204.0,556141698.0,0.047553769815204955,6.31,6.41,6.0,6.41,2026-09-08,5.83,6.02972767224121
000931,中 关 村,2026-09-09,10.63576964073446,10.726868310034114,10.339698965510589,10.453572302135155,31242186.0,143087920.0,0.04159914446613266,4.67,4.71,4.54,4.59,2026-09-08,4.73,2.277466732491319
000932,华菱钢铁,2026-09-09,9.183165104435924,9.334952957401807,9.132569153447296,9.309654981907494,82912762.0,302987310.0,0.012099444177259921,3.63,3.69,3.61,3.68,2026-09-08,3.65,2.5297975494313842
000933,神火股份,2026-09-09,377.33277070471496,397.37299788655866,376.64646155465186,396.8239505665082,72098901.0,2048421480.0,0.032078608610422485,27.49,28.95,27.44,28.91,2026-09-08,27.48,13.726183001262822
000935,四川双马,2026-09-09,54.24357631575686,56.04502349967498,53.74317432022405,55.51960140436554,5935080.0,130818270.0,0.007774124241874446,21.68,22.4,21.48,22.19,2026-09-08,21.7,2.502009977664062
000936,华西股份,2026-09-09,37.63222042077451,37.697667760636726,36.71595766270348,36.912299682290126,17040772.0,96404596.0,0.019235822985919936,5.75,5.76,5.61,5.64,2026-09-08,5.75,6.544733986221654
000937,冀中能源,2026-09-09,57.140213046070194,57.8500293572015,56.19379129789512,56.78530489050454,64876148.0,311556046.0,0.017177846475132503,4.83,4.89,4.75,4.8,2026-09-08,4.82,11.830271852188446
000938,紫光股份,2026-09-09,224.0084047167548,227.04625454487118,219.9799516838179,221.69699723884017,126793416.0,4290572481.0,0.04433223573395114,33.92,34.38,33.31,33.57,2026-09-08,33.89,6.6040213654703654
000948,南天信息,2026-09-09,35.309120563307374,35.58516912492527,34.75702344007158,35.108357973039816,5633450.0,78609414.0,0.01447839431092513,14.07,14.18,13.85,13.99,2026-09-08,14.13,2.5095323783445185
000949,新乡化纤,2026-09-09,30.68418614523839,30.93398956026068,30.05967760768265,30.600918340230955,44539000.0,325628702.0,0.026887388094369594,7.37,7.43,7.22,7.35,2026-09-08,7.42,4.163390250371559
000950,重药控股,2026-09-09,13.669226302379288,13.669226302379288,13.417491011359413,13.493011598665376,16226700.0,87035604.0,0.009473906770465846,5.43,5.43,5.33,5.36,2026-09-08,5.43,2.517352910198764
000951,中国重汽,2026-09-09,101.78696829759465,104.60924332766432,101.78696829759465,103.96150807486144,9189848.0,205784790.0,0.007861323945102309,22.0,22.61,22.0,22.47,2026-09-08,22.09,4.626680377163393
000952,广济药业,2026-09-09,17.787956270378707,17.787956270378707,17.29456770229521,17.372471160413657,6103988.0,41137929.0,0.017744433061996173,6.85,6.85,6.66,6.69,2026-09-08,6.85,2.596781937281563
000953,中哲精化,2026-09-09,15.94927414953066,16.319613332569297,15.776449197445961,16.04803126500763,11072840.0,72073728.0,0.030243563900844636,6.46,6.61,6.39,6.5,2026-09-08,6.53,2.468927886924251
000955,欣龙控股,2026-09-09,10.608617104082542,10.608617104082542,10.389631888631296,10.413963579236992,7999932.0,34390629.0,0.014861119567314826,4.36,4.36,4.27,4.28,2026-09-08,4.36,2.4331690605693903
000957,中通客车,2026-09-09,51.81063401087638,53.462567269194174,51.760575427290995,52.71168851541336,18680395.0,197016425.0,0.031506613239956634,10.35,10.68,10.34,10.53,2026-09-08,10.36,5.005858358538781
000958,电投产融,2026-09-09,26.21894204519091,26.318068480144373,26.119815610237445,26.21894204519091,8464700.0,44763596.0,0.0015723652115384853,5.29,5.31,5.27,5.29,2026-09-08,5.31,4.95632174767314
000959,首钢股份,2026-09-09,8.334062881527226,8.378393003237477,8.245402638106723,8.334062881527226,18974424.0,71276788.0,0.0025463531519138525,3.76,3.78,3.72,3.76,2026-09-08,3.75,2.21650608551256
000960,锡业股份,2026-09-09,113.36735245566601,116.67445141878346,113.23506849714131,115.48389579206118,29019506.0,1010263249.0,0.017636406029873913,34.28,35.28,34.24,34.92,2026-09-08,34.34,3.307098963117445
000962,东方钽业,2026-09-09,162.9873714256294,165.8745241918861,158.42870916311878,160.37373839512333,13592373.0,723217027.0,0.027021478014485907,53.63,54.58,52.13,52.77,2026-09-08,53.24,3.0391081750070743
000963,华东医药,2026-09-09,352.36605474165475,352.49564873015845,348.34864109803897,349.6445809830763,13870991.0,375003714.0,0.00791265679407947,27.19,27.2,26.88,26.98,2026-09-08,27.3,12.959398850373473
000965,天保基建,2026-09-09,8.529611266570742,8.62908195189518,8.38040523858408,8.479875923908521,32142825.0,109307261.0,0.028961912256010858,3.43,3.47,3.37,3.41,2026-09-08,3.47,2.486767133111003
000966,长源电力,2026-09-09,16.187992198950514,16.5867112186291,16.1082483950148,16.50696741469338,51342967.0,211083038.0,0.014749339424628184,4.06,4.16,4.04,4.14,2026-09-08,4.05,3.9871901967858414
000967,盈峰环境,2026-09-09,47.53556593932828,47.5943243644696,46.830464837632434,47.24177381362167,41444565.0,333019673.0,0.01234325674441972,8.09,8.1,7.97,8.04,2026-09-08,8.06,5.875842514132049
000968,蓝焰控股,2026-09-09,13.174293923204775,13.48590665726218,13.001175737617327,13.15698210464603,35197680.0,267821066.0,0.036379930986442974,7.61,7.79,7.51,7.6,2026-09-08,7.58,1.7311818558744776
000969,安泰科技,2026-09-09,115.33284486194266,116.99757992057347,115.26625545959742,116.26509649477592,15519240.0,271042501.0,0.014910980531348279,17.32,17.57,17.31,17.46,2026-09-08,17.31,6.658940234523248
000970,中科三环,2026-09-09,204.24339551288205,204.76090411637753,202.00085823106832,203.3808811737229,15909467.0,187388669.0,0.013086394443000757,11.84,11.87,11.71,11.79,2026-09-08,11.83,17.250286783182606
000973,佛塑科技,2026-09-09,48.71557961753995,48.79576987205442,48.11415270868143,48.51510398125378,20636632.0,249077461.0,0.020397064883064978,12.15,12.17,12.0,12.1,2026-09-08,12.13,4.009512725723453
000975,山金国际,2026-09-09,255.3012607815713,262.98624791221283,253.60457531116992,259.2934618883981,33350082.0,862658856.0,0.013217297938846084,25.58,26.35,25.41,25.98,2026-09-08,25.8,9.9805027670669
000977,浪潮信息,2026-09-09,443.90502388113356,445.86486946118265,434.10579598088776,437.16805469971456,70663350.0,5058632842.0,0.04817137871942446,72.48,72.8,70.88,71.38,2026-09-08,72.32,6.1245174376536085
000978,桂林旅游,2026-09-09,24.487271271992583,26.181172318720225,22.61506485192519,26.181172318720225,121914955.0,1009111003.0,0.26043439276476993,8.24,8.81,7.61,8.81,2026-09-08,8.01,2.971756222329197
000980,众泰汽车,2026-09-09,4.088765068204771,4.2573739369967205,4.088765068204771,4.2573739369967205,173567559.0,347256833.0,0.034421030527756726,1.94,2.02,1.94,2.02,2026-09-08,1.84,2.1076108598993666
000981,山子高科,2026-09-09,16.401465363953,16.461324726595166,16.162027913384346,16.221887276026507,145972955.0,396255051.0,0.015344002008650555,2.74,2.75,2.7,2.71,2026-09-08,2.76,5.9859362642164236
000983,山西焦煤,2026-09-09,75.72827073995968,77.92647888916026,74.6291666653594,77.81656848170023,93705721.0,654472181.0,0.01650599537096678,6.89,7.09,6.79,7.08,2026-09-08,6.89,10.991040746002858
000985,大庆华科,2026-09-09,29.567270680063086,29.649953204336196,28.9554200004421,29.48458815578998,3047067.0,53889146.0,0.02350415575499751,17.88,17.93,17.51,17.83,2026-09-08,17.9,1.6536504854621414
000987,越秀资本,2026-09-09,64.77634842835784,65.11862768029103,64.43406917642463,64.77634842835784,18653557.0,141171049.0,0.003721372553801451,7.57,7.61,7.53,7.57,2026-09-08,7.57,8.556981298329964
000988,华工科技,2026-09-09,1140.7134461002524,1161.8319321153717,1135.775292653931,1143.0249221815093,101230737.0,11116402001.0,0.10072853905416482,108.57,110.58,108.1,108.79,2026-09-08,100.53,10.506709460258381
000989,九芝堂,2026-09-09,53.43271353080374,53.60983854803292,52.66517178947727,53.1375051687551,13644238.0,122689690.0,0.01858254449930711,9.05,9.08,8.92,9.0,2026-09-08,9.12,5.9041672409727886
000990,诚志股份,2026-09-09,20.55522836692009,20.768393698132595,20.342063035707586,20.585680557093305,35148580.0,237335815.0,0.020659441342410947,6.75,6.82,6.68,6.76,2026-09-08,6.76,3.045219017321495
000993,闽东电力,2026-09-09,17.815174248197348,19.62920736088603,17.712493128611193,19.62920736088603,29102806.0,327480755.0,0.06354998042314332,10.41,11.47,10.35,11.47,2026-09-08,10.43,1.711351993102531
000995,皇台酒业,2026-09-09,18.873677003178475,19.412924917555003,18.873677003178475,19.086107999751043,6952565.0,81398724.0,0.03918969268578643,11.55,11.88,11.55,11.68,2026-09-08,11.74,1.6340845890197813
000997,新 大 陆,2026-09-09,245.32175145826594,245.79329735246736,238.7201089394467,240.25263309560114,18642869.0,380896449.0,0.01850520175367256,20.81,20.85,20.25,20.38,2026-09-08,20.84,11.788647355034405
000998,隆平高科,2026-09-09,113.34214222344156,117.34918765558344,112.42624612466628,114.71598637160449,90271254.0,902956144.0,0.06864470287821164,9.9,10.25,9.82,10.02,2026-09-08,10.15,11.448701234691066
000999,华润三九,2026-09-09,92.87836695137419,93.5178696804845,92.38933545264275,92.9159847589689,5068719.0,125118747.0,0.0030487420168115583,24.69,24.86,24.56,24.7,2026-09-08,24.84,3.7617807594724253
001201,东瑞股份,2026-09-09,21.839122493273614,23.294009726714,21.68098257659531,21.949820434948425,16510094.0,231562738.0,0.07769185632339995,13.81,14.73,13.71,13.88,2026-09-08,13.48,1.5813991667830276
001202,炬申股份,2026-09-09,17.658067394338005,17.71792524991203,17.38272125869748,17.598209538763975,1820299.0,26668603.0,0.015581556025902393,14.75,14.8,14.52,14.7,2026-09-08,14.76,1.1971571114805426
001203,大中矿业,2026-09-09,25.149818554744908,25.595210855006034,24.862787961243296,25.367565901539237,13679695.0,348512371.0,0.01047483034267222,25.41,25.86,25.12,25.63,2026-09-08,25.5,0.9897606672469464
001205,盛航股份,2026-09-09,19.02023028839084,19.850581406028642,18.916436398686116,19.81165869738937,8398226.0,126856235.0,0.050444543642302817,14.66,15.3,14.58,15.27,2026-09-08,14.67,1.2974236213090615
001206,依依股份,2026-09-09,42.617484193183266,42.6425533015322,41.89048005106426,42.141171134553566,2984858.0,50245906.0,0.02793125100583021,17.0,17.01,16.71,16.81,2026-09-08,17.09,2.5069108348931333
001207,联科科技,2026-09-09,26.791987690767453,27.021896051958247,26.71535157037052,26.945259931561313,2050160.0,35954627.0,0.007006169582028687,17.48,17.63,17.43,17.58,2026-09-08,17.55,1.5327224079386415
001208,华菱线缆,2026-09-09,13.435577688259261,13.7164608455051,13.398126600626483,13.632195898331348,10911000.0,158447670.0,0.03423234340137477,14.35,14.65,14.31,14.56,2026-09-08,14.43,0.9362771908194607
001209,洪兴股份,2026-09-09,27.09894358177663,27.51496759653127,26.754647845427957,27.471930629487687,2148700.0,40536724.0,0.022352814823485476,18.89,19.18,18.65,19.15,2026-09-08,18.86,1.4345655681194616
001210,金房能源,2026-09-09,50.452319301835736,52.643699692493485,47.603524793980654,47.70466542739563,13184382.0,382252685.0,0.0988187136204451,29.93,31.23,28.24,28.3,2026-09-08,30.45,1.6856772235828845
001211,双枪科技,2026-09-09,26.122823653082186,26.35381325130076,25.576848239111015,25.891834054863615,2830657.0,69818837.0,0.03032626205481069,24.88,25.1,24.36,24.66,2026-09-08,24.73,1.049952719175329
001212,中旗新材,2026-09-09,61.416428923419694,62.28903235733769,60.93371213018847,61.26790067934855,2070100.0,68720351.0,0.011460669306519998,33.08,33.55,32.82,33.0,2026-09-08,33.08,1.85660305088935
001213,中铁特货,2026-09-09,3.708039236302282,3.7392867579565143,3.697623395750871,3.728870917405104,6194334.0,22128569.0,0.0013937251501393725,3.56,3.59,3.55,3.58,2026-09-08,3.57,1.0415840551410904
001215,千味央厨,2026-09-09,31.7845169186679,31.7845169186679,30.849375942399302,31.32208456776585,1703025.0,51740247.0,0.01757477958939024,30.93,30.93,30.02,30.48,2026-09-08,30.93,1.0276274464490107
001216,华瓷股份,2026-09-09,15.576453261101113,15.679745391479766,15.297564509078745,15.32855214819234,1717500.0,25676319.0,0.0069580556132287546,15.08,15.18,14.81,14.84,2026-09-08,15.14,1.032921303786546
001217,华尔泰,2026-09-09,10.120749831415786,10.18696034433159,10.035622029095467,10.06399796320224,3157900.0,33743108.0,0.009610785934368421,10.7,10.77,10.61,10.64,2026-09-08,10.7,0.9458644702257745
001218,丽臣实业,2026-09-09,35.226241135675394,35.48934169187546,34.81697360380863,34.83159030137529,961940.0,23029261.0,0.008033669354299902,24.1,24.28,23.82,23.83,2026-09-08,24.16,1.4616697566670287
001219,青岛食品,2026-09-09,28.75408005670255,29.25892268365229,28.75408005670255,29.01747620989372,2708205.0,35758146.0,0.01423890955454199,13.1,13.33,13.1,13.22,2026-09-08,13.22,2.1949679432597367
001220,世盟股份,2026-09-09,31.889612847910158,32.44611590789238,31.611361317919037,31.899550402552695,960653.0,30979085.0,0.041636276953082675,32.09,32.65,31.81,32.1,2026-09-08,32.02,0.993755464253978
001221,悍高集团,2026-09-09,34.60508485621873,34.84465852060794,33.54031301448892,33.88636386305111,3281753.0,125612127.0,0.042692494352185265,39.0,39.27,37.8,38.19,2026-09-08,39.3,0.8873098681081726
001222,源飞宠物,2026-09-09,22.014184150315305,22.053873184240153,21.471767353342393,21.65698284499168,6865397.0,112427272.0,0.06075643269653979,16.64,16.67,16.23,16.37,2026-09-08,16.65,1.3229677974949101
001223,欧克科技,2026-09-09,83.05074269419035,89.10846427980094,82.49252261633544,86.95828323917466,2994982.0,124950718.0,0.04288666968330975,40.17,43.1,39.9,42.06,2026-09-08,40.11,2.0674817698329684
001225,和泰机电,2026-09-09,51.94775440197575,52.785621408459235,50.48148714062966,51.80443504560358,1061800.0,49342641.0,0.016517252268438795,47.12,47.88,45.79,46.99,2026-09-08,47.53,1.102456587478263
001226,拓山重工,2026-09-09,44.10677731022038,44.85451023028635,43.94587275780112,44.210892020609315,504100.0,23613573.0,0.014199440022083636,46.6,47.39,46.43,46.71,2026-09-08,46.83,0.9464973671721112
001227,兰州银行,2026-09-09,2.6295132114291957,2.6415751986375864,2.6053892370124143,2.6174512242208046,64366739.0,139820435.0,0.015264250088484132,2.18,2.19,2.16,2.17,2026-09-08,2.18,1.2061987208390805
001228,永泰运,2026-09-09,31.42376511274737,31.625847203504584,31.12064197661154,31.272203544679453,1521600.0,47195487.0,0.0190522437792189,31.1,31.3,30.8,30.95,2026-09-08,31.08,1.010410453786089
001229,魅视科技,2026-09-09,44.45964519686684,46.295540993553374,44.31587022483716,44.69189707476091,5826387.0,237822347.0,0.07900056576701946,40.2,41.86,40.07,40.41,2026-09-08,40.11,1.105961323305145
001230,劲旅环境,2026-09-09,29.843488721965798,30.142072901275114,28.902948557141464,29.052240646796122,3915440.0,76836214.0,0.0356013244495749,19.99,20.19,19.36,19.46,2026-09-08,20.0,1.4929208965465632
001231,农心科技,2026-09-09,23.067608665572735,23.067608665572735,20.89141916882059,20.968794795371775,6129600.0,137648237.0,0.12027564738961757,23.85,23.85,21.6,21.68,2026-09-08,23.08,0.9671953318898421
001233,海安集团,2026-09-09,41.39158977525064,41.77931085836356,41.15517448066959,41.4956125048663,717779.0,31402314.0,0.019032603687304955,43.77,44.18,43.52,43.88,2026-09-08,44.01,0.9456611783242092
001234,泰慕士,2026-09-09,24.990864283769692,25.054400379406395,24.68377315485896,24.87438144176907,1186558.0,27855859.0,0.012961968069127118,23.6,23.66,23.31,23.49,2026-09-08,23.49,1.0589349272783768
001236,弘业期货,2026-09-09,7.901930816669572,7.940476820653327,7.815202307706126,7.892294315673634,10563007.0,86237359.0,0.013933935681201303,8.2,8.24,8.11,8.19,2026-09-08,8.23,0.9636500995938503
001237,惠康科技,2026-09-09,52.17625205656858,52.4544429739318,51.85684766996636,52.186555423878325,874705.0,44277031.0,0.025094798523801965,50.64,50.91,50.33,50.65,2026-09-08,50.82,1.030336730974893
001238,浙江正特,2026-09-09,36.236929588548236,36.42408893882679,35.488292187434006,35.61786404531916,466960.0,11614051.0,0.003211046484009998,25.17,25.3,24.65,24.74,2026-09-08,25.22,1.4396873098350509
001239,永达股份,2026-09-09,12.361118607810406,12.521522417806324,12.321017655311426,12.43129527468362,1350046.0,16737794.0,0.011842508771929824,12.33,12.49,12.29,12.4,2026-09-08,12.34,1.0025238124744855
001255,博菲电气,2026-09-09,26.828912717338785,27.062631013243003,26.731530094045358,26.955510127620236,969185.0,26795838.0,0.012551968700303562,27.55,27.79,27.45,27.68,2026-09-08,27.54,0.9738262329342571
001256,炜冈科技,2026-09-09,22.595115587128713,22.676174297755182,22.34180711642099,22.544453892987168,1744500.0,38758757.0,0.01631707287370301,22.3,22.38,22.05,22.25,2026-09-08,22.23,1.013233882830884
001257,盛龙股份,2026-09-09,24.109687212337928,24.207933696495786,23.697051978874935,24.070388618674787,7149041.0,174141831.0,0.0522025997198294,24.54,24.64,24.12,24.5,2026-09-08,24.43,0.9824648415785627
001258,立新能源,2026-09-09,12.452224512027366,12.752402825284884,12.30731084355822,12.52468134626194,82460064.0,997637076.0,0.08835117841999948,12.03,12.32,11.89,12.1,2026-09-08,12.11,1.0350976319224743
001259,利仁科技,2026-09-09,45.55131175341309,45.67929252989771,44.596378267335474,44.74404839404851,633733.0,29025689.0,0.013329260236815202,46.27,46.4,45.3,45.45,2026-09-08,46.41,0.9844675114202093
001260,坤泰股份,2026-09-09,19.08379062004908,19.08379062004908,18.65903216427692,18.861298095596993,1208713.0,22543006.0,0.020975496746203904,18.87,18.87,18.45,18.65,2026-09-08,18.83,1.011329656600375
001266,宏英智能,2026-09-09,48.451144342568014,49.6671845543712,48.24602912611928,48.670910645905934,1914123.0,63948811.0,0.032918322559122644,33.07,33.9,32.93,33.22,2026-09-08,33.05,1.4651086889195044
001267,汇绿生态,2026-09-09,40.83892505089161,41.41232649466388,39.129339264829845,39.3204730794206,31809411.0,1206181584.0,0.05227026244617349,38.46,39.0,36.85,37.03,2026-09-08,37.51,1.061854525504202
001268,联合精密,2026-09-09,26.98604959434141,27.673659638885585,26.541747719405173,26.71100557652374,3431864.0,87469310.0,0.03637853180031037,25.51,26.16,25.09,25.25,2026-09-08,25.65,1.0578616069910391
001269,欧晶科技,2026-09-09,27.478301636931953,28.194887236290256,27.106228344957447,27.45074065234125,2537500.0,50643962.0,0.013187821826378872,19.94,20.46,19.67,19.92,2026-09-08,19.87,1.3780492295352031
001270,铖昌科技,2026-09-09,182.5025460872913,185.9707506097514,180.5903468370701,181.88389338869032,4521799.0,441344787.0,0.02207874566212951,97.35,99.2,96.33,97.02,2026-09-08,97.35,1.8747051472757197
001277,速达股份,2026-09-09,31.853687056938625,32.212977758515436,31.597050841526617,31.92554519725399,2096478.0,65152375.0,0.04577893783845025,31.03,31.38,30.78,31.1,2026-09-08,31.09,1.0265448616480382
001278,一彬科技,2026-09-09,16.241480793664653,16.441745661650657,15.981136465282855,16.431732418251354,6334123.0,102731598.0,0.07421492120717094,16.22,16.42,15.96,16.41,2026-09-08,16.35,1.0013243399300034
001279,强邦新材,2026-09-09,25.166709649599028,25.263430286223162,24.779827103102505,24.88621980338905,878936.0,22701290.0,0.0219734,26.02,26.12,25.62,25.73,2026-09-08,26.05,0.9672063662413155
001280,中国铀业,2026-09-09,60.05164879922149,64.39174523516522,59.21456520989901,63.32719327917902,13528671.0,926748797.0,0.07787304069407686,66.0,70.77,65.08,69.6,2026-09-08,65.7,0.909873466654871
001282,三联锻造,2026-09-09,30.97785381497678,31.815093107273444,30.787572157636625,31.39647346112511,3283128.0,53749198.0,0.021496681665086507,16.28,16.72,16.18,16.5,2026-09-08,16.35,1.9028165734015219
001283,豪鹏科技,2026-09-09,61.03173721995135,61.31962277287565,59.508342835726936,61.23565615327273,3990235.0,200605518.0,0.03859069174992561,50.88,51.12,49.61,51.05,2026-09-08,50.96,1.1995231371845785
001285,瑞立科密,2026-09-09,43.92621331121715,43.946316841336696,43.333159172690415,43.38341799798929,932915.0,40425285.0,0.0224816292930751,43.7,43.72,43.11,43.16,2026-09-08,43.76,1.005176505977509
001286,陕西能源,2026-09-09,10.235809365670518,10.40765926058209,10.139143799782758,10.396918642150116,26421399.0,253602843.0,0.019571406666666666,9.53,9.69,9.44,9.68,2026-09-08,9.53,1.0740618431973261
001287,中电港,2026-09-09,21.6519633754512,21.9806092481143,21.632631265294545,21.72929181607781,11568102.0,261168162.0,0.015223187950191827,22.4,22.74,22.38,22.48,2026-09-08,22.36,0.9666055078326429
001288,运机集团,2026-09-09,38.11979216626141,38.37485936041505,37.494877540584994,38.221819043922864,3216967.0,95652975.0,0.021181957867330143,29.89,30.09,29.4,29.97,2026-09-08,30.09,1.275335970768197
001289,龙源电力,2026-09-09,16.58043774334222,16.711594798662,16.547648479512276,16.711594798662,3828008.0,58297769.0,0.0007592340311248856,15.17,15.29,15.14,15.29,2026-09-08,15.17,1.0929754609981688
001296,长江材料,2026-09-09,38.12836161022897,38.56494590347586,37.16423796264207,37.546249219233104,7310972.0,151096006.0,0.0902781383655391,20.96,21.2,20.43,20.64,2026-09-08,21.38,1.819101221862069
001298,好上好,2026-09-09,77.12237696227574,77.33684408397284,75.921361080772,76.43608217284503,7423786.0,132551581.0,0.018221481660836182,17.98,18.03,17.7,17.82,2026-09-08,17.86,4.289342433941921
001299,美能能源,2026-09-09,18.43130571167555,18.51569813709531,17.891194188989086,18.144371465248366,16289135.0,174980978.0,0.057693805217169776,10.92,10.97,10.6,10.75,2026-09-08,11.14,1.6878485083951968
001300,三柏硕,2026-09-09,11.244159114526218,11.42349179577863,11.091726335461667,11.2800256507767,3520000.0,44026807.0,0.014439490523251611,12.54,12.74,12.37,12.58,2026-09-08,12.52,0.8966634062620589
001301,尚太科技,2026-09-09,57.3079224850745,59.729079527069345,56.7134419613704,59.37239121284689,6250839.0,338391586.0,0.024030136158427497,53.02,55.26,52.47,54.93,2026-09-08,53.02,1.080873679461986
001306,夏厦精密,2026-09-09,53.98931575343533,54.82233296872703,53.14649833561078,53.38170319639902,424900.0,23260989.0,0.027412903225806452,55.09,55.94,54.23,54.47,2026-09-08,55.09,0.9800202532843588
001308,康冠科技,2026-09-09,34.4069350398468,34.75428491686152,34.02099073205267,34.07888237822179,1328809.0,23613634.0,0.0025199036287513786,17.83,18.01,17.63,17.66,2026-09-08,17.95,1.9297215389706563
001309,德明利,2026-09-09,1125.055810357189,1135.6372776976186,1088.127558174175,1094.6474521920154,9511740.0,3950791750.0,0.05756887570105428,421.04,425.0,407.22,409.66,2026-09-08,416.82,2.672087712229691
001311,多利科技,2026-09-09,48.93531331889584,49.04399807918211,47.41372667488796,47.49524024510267,4108220.0,72562177.0,0.02258856242325874,18.01,18.05,17.45,17.48,2026-09-08,17.98,2.7171190071569034
001312,福恩股份,2026-09-09,17.49779809214091,17.587530390049324,17.368184772939866,17.49779809214091,1268400.0,22204826.0,0.02219023846791204,17.55,17.64,17.42,17.55,2026-09-08,17.65,0.9970255323157213
001313,粤海饲料,2026-09-09,8.530338016522478,8.801142397999381,8.51992246338875,8.665740207260932,25861430.0,214835320.0,0.036990078043189926,8.19,8.45,8.18,8.32,2026-09-08,8.19,1.041555313372708
001314,亿道信息,2026-09-09,53.6365866884454,54.54877353688835,53.45414931875682,53.6365866884454,2474902.0,124554900.0,0.01994290269943074,49.98,50.83,49.81,49.98,2026-09-08,50.1,1.0731609981681753
001316,润贝航科,2026-09-09,56.850462788230395,62.477890354768064,56.082213291092145,59.55854226564272,10788016.0,329386375.0,0.07174409448818897,29.6,32.53,29.2,31.01,2026-09-08,29.57,1.9206237428456214
001317,三羊马,2026-09-09,46.20639076887842,47.68443221007636,45.13305115086563,45.713710288479106,3801129.0,199556540.0,0.044456340390540784,52.52,54.2,51.3,51.96,2026-09-08,52.74,0.8797865721416303
001318,阳光乳业,2026-09-09,11.306758423632893,11.306758423632893,10.97902629541165,11.070062997695327,4083700.0,49657539.0,0.014447392627184603,12.42,12.42,12.06,12.16,2026-09-08,12.28,0.9103670228367868
001319,铭科精技,2026-09-09,20.689963738225757,20.932542697540573,20.619211541758936,20.801145761245046,1378000.0,28304617.0,0.01680486267847926,20.47,20.71,20.4,20.58,2026-09-08,20.64,1.0107456638117127
001322,箭牌家居,2026-09-09,6.441587736549059,6.520263617300803,6.392415311079219,6.421918766361124,2922800.0,19194208.0,0.0037204117210662426,6.55,6.63,6.5,6.53,2026-09-08,6.61,0.983448509396803
001323,慕思股份,2026-09-09,21.943200231188733,22.039759968179666,21.303491973623824,21.617311118844345,2540689.0,45348099.0,0.008162907654496098,18.18,18.26,17.65,17.91,2026-09-08,18.25,1.206996712386619
001324,长青科技,2026-09-09,20.55549834019524,21.285396073964165,20.328638233753544,20.979628104412317,5479634.0,116412439.0,0.03970749275362319,20.84,21.58,20.61,21.27,2026-09-08,20.84,0.9863482888769308
001325,元创股份,2026-09-09,39.22002489504787,39.22002489504787,38.59982871824365,38.88531584724877,537400.0,21167339.0,0.027418367346938775,39.84,39.84,39.21,39.5,2026-09-08,39.8,0.9844383758797156
001326,联域股份,2026-09-09,67.6707152382633,73.2399639463617,67.6707152382633,71.72458778141986,2176994.0,161306654.0,0.09064263557367266,70.11,75.88,70.11,74.31,2026-09-08,70.82,0.9652077483706076
001328,登康口腔,2026-09-09,30.366774070327146,30.754943257066824,30.00846405179821,30.66536575243459,1615871.0,49520490.0,0.00999197362798817,30.51,30.9,30.15,30.81,2026-09-08,30.51,0.9953056070248163
001330,博纳影业,2026-09-09,5.069500617410851,5.111746455889275,4.883618928105786,4.951212269671265,147313700.0,864069312.0,0.12668361289823737,6.0,6.05,5.78,5.86,2026-09-08,6.12,0.8449167695684752
001331,胜通能源,2026-09-09,106.90849097237557,108.27007284511905,102.92100120219827,104.86611816326038,4198961.0,181433469.0,0.014690200593595971,43.97,44.53,42.33,43.13,2026-09-08,43.53,2.431396201327623
001332,锡装股份,2026-09-09,56.45104395146532,56.70333911996348,55.71518304334566,56.240797977716845,1294660.0,34612239.0,0.019264368829291185,26.85,26.97,26.5,26.75,2026-09-08,26.89,2.102459737484742
001333,光华股份,2026-09-09,21.278321301417712,21.278321301417712,20.858008781883537,20.96308691176708,1147400.0,22968267.0,0.015505405405405405,20.25,20.25,19.85,19.95,2026-09-08,20.18,1.0507812988354426
001335,信凯科技,2026-09-09,32.269787523544046,32.487826628432856,31.675135419301835,31.78415497174624,531027.0,17152783.0,0.020788693091888792,32.56,32.78,31.96,32.07,2026-09-08,32.56,0.9910868404036869
001336,楚环科技,2026-09-09,18.732483705210825,18.90296134064369,18.612146550787628,18.822736571028223,1707586.0,31966948.0,0.026557099639847877,18.68,18.85,18.56,18.77,2026-09-08,18.68,1.002809620193299
001337,四川黄金,2026-09-09,42.679792337893524,44.31902421004306,42.09069338383978,43.67869925998465,14922538.0,753387893.0,0.03552985238095238,49.99,51.91,49.3,51.16,2026-09-08,50.4,0.8537666000778861
001338,永顺泰,2026-09-09,9.622357934736781,10.015107238195425,9.504533143699188,9.73036399318791,23716421.0,237136413.0,0.04726921168253334,9.8,10.2,9.68,9.91,2026-09-08,9.86,0.9818732586466103
001339,智微智能,2026-09-09,79.78662179185638,81.71796462094497,78.84733484219034,79.42779306951205,4383300.0,332906444.0,0.02707417467775969,75.6,77.43,74.71,75.26,2026-09-08,75.3,1.0553785951303754
001356,富岭股份,2026-09-09,9.277693488503115,9.297082607601345,8.948078463833204,8.977162142480548,6423800.0,60084390.0,0.030344384531629007,9.57,9.59,9.23,9.26,2026-09-08,9.61,0.9694559549115063
001358,兴欣新材,2026-09-09,33.36524830017966,33.37870745641209,32.140465083029056,32.19430170795876,1917100.0,46350064.0,0.037607666683118754,24.79,24.8,23.88,23.92,2026-09-08,24.79,1.3459156232424228
001359,平安电工,2026-09-09,90.04228800832213,93.00794917145475,89.77964642929932,90.44719377598231,2067170.0,172639193.0,0.03428666757050854,82.28,84.99,82.04,82.65,2026-09-08,82.28,1.0943399125950672
001360,南矿集团,2026-09-09,19.162498120758823,19.553374948097684,18.76208771226535,19.06716230921276,7079941.0,142440176.0,0.05642090646615593,20.1,20.51,19.68,20.0,2026-09-08,20.15,0.9533581154606379
001365,天海电子,2026-09-09,36.48069838374197,36.60896336487437,35.97832720764003,36.23485716990485,2026016.0,68755305.0,0.03523160143266628,34.13,34.25,33.66,33.9,2026-09-08,34.16,1.0688748427700545
001366,播恩集团,2026-09-09,15.938863329743652,16.630917097113798,15.938863329743652,15.938863329743652,26697578.0,397581748.0,0.16615370923574807,14.74,15.38,14.74,14.74,2026-09-08,16.38,1.0813340115158516
001367,海森药业,2026-09-09,45.27283009092983,45.27283009092983,44.440125568444195,44.57160522988929,1117000.0,22794636.0,0.009184845232315407,20.66,20.66,20.28,20.34,2026-09-08,20.61,2.191327690751686
001368,通达创智,2026-09-09,26.632674924708144,28.645853501693956,26.42296882293879,28.551485755897748,8077093.0,212386070.0,0.07473212653086796,25.4,27.32,25.2,27.23,2026-09-08,25.54,1.0485305088467773
001369,双欣材料,2026-09-09,12.61949604322272,12.649710319463477,12.407996109537423,12.438210385778179,5783227.0,71638054.0,0.02787722968170886,12.53,12.56,12.32,12.35,2026-09-08,12.57,1.007142541358557
001373,翔腾新材,2026-09-09,29.110478814024702,29.50061925173843,28.930413996618363,29.020446405321533,998300.0,29149223.0,0.02379143309173617,29.1,29.49,28.92,29.01,2026-09-08,29.28,1.0003600967018798
001376,百通能源,2026-09-09,9.810492672261956,9.942620519699826,9.670106834359217,9.843524634121422,14064010.0,166566707.0,0.06571497059184732,11.88,12.04,11.71,11.92,2026-09-08,11.96,0.8257990464866966
001378,德冠新材,2026-09-09,28.521497935995402,28.677508118638837,27.954188180928362,28.110198363571797,1807600.0,36047185.0,0.021432066343224584,20.11,20.22,19.71,19.82,2026-09-08,20.07,1.4182743876675983
001379,腾达科技,2026-09-09,16.14617746821096,16.314780058480974,16.017246075651535,16.225519863632144,1415800.0,23087863.0,0.02103763943955598,16.28,16.45,16.15,16.36,2026-09-08,16.3,0.991779942764801
001380,华纬科技,2026-09-09,39.03907266919481,39.79648261565924,38.930871248271316,39.688281194735744,2213519.0,40485036.0,0.00951100634413267,18.04,18.39,17.99,18.34,2026-09-08,18.03,2.164028418469779
001382,新亚电缆,2026-09-09,15.977102341192069,16.137818755275067,15.873109367373658,16.033825781456656,2187319.0,37086434.0,0.034719349206349205,16.9,17.07,16.79,16.96,2026-09-08,16.94,0.9453906710764538
001386,马可波罗,2026-09-09,16.030770168770722,16.040479902367796,15.487025087334525,15.506444554528676,3326800.0,53677882.0,0.030934660432869517,16.51,16.52,15.95,15.97,2026-09-08,16.43,0.9709733597074938
001387,雪祺电气,2026-09-09,16.012721323810275,16.264577039996034,16.012721323810275,16.171788091927596,2205160.0,26873008.0,0.018943120822029525,12.08,12.27,12.08,12.2,2026-09-08,12.21,1.325556400977672
001388,信通电子,2026-09-09,22.43172970303807,22.889520105140885,22.005152282896805,22.70224221337155,5890535.0,127570721.0,0.047079621401049876,21.56,22.0,21.15,21.82,2026-09-08,21.29,1.0404327320518585
001389,广合科技,2026-09-09,174.2820768203774,178.21127181202797,172.1858310387494,176.12515282161556,6090005.0,1055371839.0,0.03996811242914477,172.1,175.98,170.03,173.92,2026-09-08,169.19,1.012679121559427
001390,古麒绒材,2026-09-09,16.737715601062874,16.737715601062874,16.321209946638277,16.408385548727146,1771756.0,30105274.0,0.014916376387289867,17.28,17.28,16.85,16.94,2026-09-08,17.14,0.9686178009874348
001391,国货航,2026-09-09,4.146318257992274,4.15628536918937,4.1164169244009825,4.136351146795177,11639775.0,48273300.0,0.007661002535801366,4.16,4.17,4.13,4.15,2026-09-08,4.17,0.9967111197096811
001393,维通利,2026-09-09,43.20960026989965,44.18696027600453,42.38656026475871,42.540880265722635,2141358.0,89533817.0,0.044574311657984804,42.0,42.95,41.2,41.35,2026-09-08,42.15,1.0288000064261822
001395,亚联机械,2026-09-09,31.85463612369142,31.85463612369142,31.38495767494761,31.458018766974426,921941.0,27875668.0,0.01739478500405653,30.52,30.52,30.07,30.14,2026-09-08,30.58,1.0437298860973598
001396,誉帆科技,2026-09-09,34.62316364177662,34.856816893346895,34.28330436676532,34.28330436676532,594488.0,19308550.0,0.026168793666892044,32.6,32.82,32.28,32.28,2026-09-08,32.82,1.0620602344103258
001400,江顺科技,2026-09-09,111.62978199148327,112.34133290781442,108.09993136733063,108.58825062363631,1731443.0,135978919.0,0.053748152976966536,80.01,80.52,77.48,77.83,2026-09-08,80.17,1.3951978751591458
001696,宗申动力,2026-09-09,439.3521026459335,444.1334435453451,427.6643804473718,428.4612705972737,49503988.0,811260280.0,0.055528028397738745,16.54,16.72,16.1,16.13,2026-09-08,16.7,26.563004996731166
001872,招商港口,2026-09-09,102.20820013012086,103.78738262140169,101.33087652385373,102.77846047419449,2749700.0,64275694.0,0.0011943518688784511,23.3,23.66,23.1,23.43,2026-09-08,23.25,4.386618031335659
001896,豫能控股,2026-09-09,15.992286305901562,16.155334254644824,15.815651028096363,15.978698976839624,38241179.0,449960501.0,0.02506334180927486,11.77,11.89,11.64,11.76,2026-09-08,11.76,1.3587329061938456
001914,招商积余,2026-09-09,91.77267043494051,92.17298742702314,90.27148171463068,91.07211569879593,6132710.0,55935888.0,0.005820059417084917,9.17,9.21,9.02,9.1,2026-09-08,9.21,10.007924802065487
001965,招商公路,2026-09-09,12.897014224454573,13.044792512443117,12.735801546648892,12.843276665186012,15804517.0,151441778.0,0.002325871384963267,9.6,9.71,9.48,9.56,2026-09-08,9.62,1.343438981714018
001979,招商蛇口,2026-09-09,9.177583638898938,9.177583638898938,8.952772512297667,9.018893431886276,57082478.0,389468681.0,0.006435661859174952,6.94,6.94,6.77,6.82,2026-09-08,6.95,1.3224183917721812
002001,新 和 成,2026-09-09,1158.038592781983,1177.1869197577091,1155.8626465347413,1174.140595011571,18257935.0,491231299.0,0.006012123547920461,26.61,27.05,26.56,26.98,2026-09-08,26.65,43.51892494483213
002003,伟星股份,2026-09-09,278.3839045643873,282.474247155221,276.4590374628185,278.1432961766912,14104633.0,163628424.0,0.013623184996710178,11.57,11.74,11.49,11.56,2026-09-08,11.68,24.060838769609965
002004,华邦健康,2026-09-09,112.78452885753343,115.01053929551108,111.54785639199031,113.52653233685932,25208680.0,115793497.0,0.013370840627168031,4.56,4.65,4.51,4.59,2026-09-08,4.57,24.733449310862596
002006,精工科技,2026-09-09,110.13272823195429,110.75981849946719,108.40822999629378,109.19209283068491,7278700.0,101598477.0,0.014006025952821457,14.05,14.13,13.83,13.93,2026-09-08,14.03,7.838628343911337
002007,华兰生物,2026-09-09,599.9635574839921,608.5473734419709,599.5117776967301,602.2224564203023,14249432.0,190488497.0,0.00905563528355799,13.28,13.47,13.27,13.33,2026-09-08,13.34,45.17797872620422
002008,大族激光,2026-09-09,1188.475335498559,1222.124410885267,1173.3395060495193,1186.4739035052974,53378690.0,5111620691.0,0.05579285212328103,95.01,97.7,93.8,94.85,2026-09-08,95.72,12.508949957884
002009,天奇股份,2026-09-09,86.65679304250054,87.13792267691294,85.69453377367573,86.12220455982008,6020700.0,97187344.0,0.01699652085252236,16.21,16.3,16.03,16.11,2026-09-08,16.24,5.3458848268044745
002010,传化智联,2026-09-09,44.71246590382381,44.8063996557226,44.24279714432986,44.524598400026235,14527400.0,68807758.0,0.005267815878565775,4.76,4.77,4.71,4.74,2026-09-08,4.77,9.393375189878952
002011,盾安环境,2026-09-09,69.37903842660239,73.49474409597711,66.38045286748651,73.20076511959319,103320503.0,1230766149.0,0.09733301379521446,11.8,12.5,11.29,12.45,2026-09-08,11.95,5.879579527678168
002012,凯恩股份,2026-09-09,39.70729652459645,40.08392399840699,39.384472975616,39.5996886749363,7647700.0,56440013.0,0.016354327320964788,7.38,7.45,7.32,7.36,2026-09-08,7.41,5.3803924830076495
002014,永新股份,2026-09-09,166.75710455294782,168.96873723932646,165.57756712021256,168.2315263438669,3289800.0,37318036.0,0.005388453362098351,11.31,11.46,11.23,11.41,2026-09-08,11.34,14.74421790919079
002015,协鑫能科,2026-09-09,90.86428375678624,90.91827323020085,88.21879955947043,88.7047048202019,91047920.0,1501164215.0,0.056087315632854684,16.83,16.84,16.34,16.43,2026-09-08,16.92,5.398947341460858
002016,世荣兆业,2026-09-09,33.2691553806699,33.47536915369058,32.513038212927405,32.719251985948084,8751401.0,41725220.0,0.010816275176727194,4.84,4.87,4.73,4.76,2026-09-08,4.84,6.873792434022707
002017,东信和平,2026-09-09,160.2677658635231,161.38982723479631,153.34838740733832,153.7224078644294,51861782.0,859211626.0,0.08939029671748133,17.14,17.26,16.4,16.44,2026-09-08,17.12,9.350511427276727
002019,亿帆医药,2026-09-09,151.0143230062253,151.1676370397342,148.40798443657474,149.0212405706102,6254000.0,60986545.0,0.007422984121395439,9.85,9.86,9.68,9.72,2026-09-08,9.83,15.33140335088582
002020,京新药业,2026-09-09,159.3032285287009,160.1057636850168,157.5644023566832,158.63444923177101,12315362.0,146063153.0,0.01701091250075185,11.91,11.97,11.78,11.86,2026-09-08,11.98,13.375585938597894
002021,中捷资源,2026-09-09,31.48353586493495,31.48353586493495,30.584006268793956,30.80888866782921,23919093.0,65781243.0,0.02000864551816352,2.8,2.8,2.72,2.74,2026-09-08,2.79,11.244119951762483
002022,科华生物,2026-09-09,75.29682899642657,75.94039163742167,74.91069141182952,75.29682899642657,4690548.0,27499796.0,0.009119830210389404,5.85,5.9,5.82,5.85,2026-09-08,5.9,12.871252819901978
002023,海特高新,2026-09-09,100.87811042303822,102.64243951479918,100.35919010193206,100.67054229459575,10062000.0,98319371.0,0.013705454054657583,9.72,9.89,9.67,9.7,2026-09-08,9.74,10.378406422123273
002025,航天电器,2026-09-09,403.00772245157583,409.49206042666196,389.610835503049,392.7306584910621,10910202.0,709756324.0,0.024038096315052517,65.88,66.94,63.69,64.2,2026-09-08,65.57,6.1172999764962945
002026,山东威达,2026-09-09,43.99979626530094,44.21690052318893,42.19059411623429,42.91427497586094,10629770.0,126435256.0,0.02413147982789156,12.16,12.22,11.66,11.86,2026-09-08,12.25,3.6184042981333007
002027,分众传媒,2026-09-09,77.11095736039591,77.4250549463853,76.32571339542244,76.63981098141183,96955261.0,473362979.0,0.006713330575636162,4.91,4.93,4.86,4.88,2026-09-08,4.93,15.704879299469637
002028,思源电气,2026-09-09,3278.928008944759,3292.5315729303666,3212.7865426699072,3250.313615733653,10969443.0,1521132081.0,0.01795987083371257,139.8,140.38,136.98,138.58,2026-09-08,139.45,23.454420664840907
002029,七 匹 狼,2026-09-09,92.99268542503044,93.81290756769884,90.01938015785747,90.53201899702523,16351627.0,146461549.0,0.024573911277521336,9.07,9.15,8.78,8.83,2026-09-08,9.1,10.252776783355065
002030,达安基因,2026-09-09,165.72550461978665,165.72550461978665,161.58975227633383,162.47598492135944,16193815.0,89255177.0,0.011538608988706733,5.61,5.61,5.47,5.5,2026-09-08,5.62,29.5410881675199
002031,巨轮智能,2026-09-09,75.34462700528091,75.48287402730895,72.71793358674817,73.13267465283229,112301599.0,599398867.0,0.05106038148782077,5.45,5.46,5.26,5.29,2026-09-08,5.51,13.824702202803836
002032,苏 泊 尔,2026-09-09,430.6593862472755,430.6593862472755,424.3293699263577,426.83954881223883,2149613.0,84054512.0,0.0026884258824245288,39.46,39.46,38.88,39.11,2026-09-08,39.42,10.913821242961873
002033,丽江股份,2026-09-09,60.05684066214135,60.05684066214135,58.39569400552893,59.417938101905804,28771882.0,266262318.0,0.052362001387635124,9.4,9.4,9.14,9.3,2026-09-08,9.44,6.389025602355463
002034,旺能环境,2026-09-09,54.58821971676732,54.70000446704056,54.0292959654011,54.14108071567434,6135712.0,89436074.0,0.01192448318878446,14.65,14.68,14.5,14.53,2026-09-08,14.71,3.726158342441455
002035,华帝股份,2026-09-09,90.83724854567696,91.61529778375557,89.86468699807871,91.42078547423591,11262636.0,52607982.0,0.014401654134135206,4.67,4.71,4.62,4.7,2026-09-08,4.67,19.451230951965087
002036,联创电子,2026-09-09,45.14833241125054,45.348991666411656,43.34239911480052,43.409285533187564,36570474.0,240720103.0,0.034648593605806674,6.75,6.78,6.48,6.49,2026-09-08,6.77,6.688641838703784
002037,保利联合,2026-09-09,28.25097090180814,28.56795234250164,28.132102861548077,28.40946162215489,3569000.0,25534664.0,0.007375741295582665,7.13,7.21,7.1,7.17,2026-09-08,7.19,3.9622680086687434
002038,双鹭药业,2026-09-09,145.65668397490967,145.65668397490967,142.03338337851886,142.51649012470432,24103471.0,143015397.0,0.028283992575378183,6.03,6.03,5.88,5.9,2026-09-08,6.07,24.155337309271918
002039,黔源电力,2026-09-09,70.99130463520423,72.10112179990256,70.62136558030477,71.99014008343273,4520180.0,87401805.0,0.010572083010767055,19.19,19.49,19.09,19.46,2026-09-08,19.19,3.699390548994488
002040,南 京 港,2026-09-09,26.78421770898456,29.700721415073993,26.575896015692457,29.700721415073993,35368355.0,344393198.0,0.07276309750639635,9.0,9.98,8.93,9.98,2026-09-08,9.07,2.9760241898871733
002041,登海种业,2026-09-09,158.74362701168644,168.62162658910074,158.74362701168644,162.22179587697318,74344691.0,870132951.0,0.0844826034090909,11.41,12.12,11.41,11.66,2026-09-08,12.02,13.912675461146927
002042,华孚时尚,2026-09-09,30.228908125865416,30.752676335967045,30.00443603582186,30.37855618589445,26632305.0,107838299.0,0.015659785368788263,4.04,4.11,4.01,4.06,2026-09-08,4.07,7.482403001451836
002043,兔 宝 宝,2026-09-09,99.49286902105584,100.2667979935619,97.85901896798751,99.57886112911207,8476750.0,97780340.0,0.01051568218163861,11.57,11.66,11.38,11.58,2026-09-08,11.65,8.599210805622803
002044,美年健康,2026-09-09,42.888289421423316,43.345520651928894,42.61395068311997,42.796843175322195,45987491.0,215821737.0,0.011870105586854822,4.69,4.74,4.66,4.68,2026-09-08,4.72,9.144624610111581
002045,国光电器,2026-09-09,52.11468152828641,52.336210461456595,50.397832296217466,50.61936122938766,20275000.0,186145333.0,0.03608724346610955,9.41,9.45,9.1,9.14,2026-09-08,9.46,5.5382233292546665
002046,国机精工,2026-09-09,288.7439705327277,316.5426338706258,288.7439705327277,316.5426338706258,21472037.0,1252215676.0,0.04050900770907803,54.22,59.44,54.22,59.44,2026-09-08,54.04,5.325414432547541
002047,宝鹰股份,2026-09-09,12.50122425507507,12.571653687498028,12.14907709296028,12.219506525383238,32418300.0,113176918.0,0.021381681074392714,3.55,3.57,3.45,3.47,2026-09-08,3.55,3.521471621147907
002048,宁波华翔,2026-09-09,155.50885948569672,157.14579484870404,152.72606936858423,153.1353032093361,10474586.0,197738335.0,0.014791054325175341,19.0,19.2,18.66,18.71,2026-09-08,19.06,8.184676815036669
002049,紫光国微,2026-09-09,356.31774069387353,357.5336445863941,352.6121288309538,354.4070345770556,8887833.0,545092719.0,0.010541600761051456,61.54,61.75,60.9,61.21,2026-09-08,61.43,5.79001853581205
002050,三花智控,2026-09-09,546.2388859019183,549.2484665404963,543.2293052633403,544.5836165507003,24026618.0,870939167.0,0.006509435146977477,36.3,36.5,36.1,36.19,2026-09-08,36.22,15.047903192890312
002051,中工国际,2026-09-09,48.08971356126081,48.98336677494277,48.08971356126081,48.87166012323253,17131171.0,149148481.0,0.013968529374826488,8.61,8.77,8.61,8.75,2026-09-08,8.68,5.5853325855122895
002052,同洲电子,2026-09-09,61.04561481496202,61.73306543224763,60.151929012490726,60.22067407421928,8661201.0,76442667.0,0.012563624009738946,8.88,8.98,8.75,8.76,2026-09-08,8.88,6.874506172856083
002053,云南能投,2026-09-09,22.19935453035109,22.400557139387505,21.84166100317524,22.24406622124807,10520077.0,104282128.0,0.011425914795595942,9.93,10.02,9.77,9.95,2026-09-08,9.94,2.2355845448490523
002054,德美化工,2026-09-09,24.68352526111403,24.784274343812456,24.448444068151044,24.616359205981748,6196400.0,45416916.0,0.016120687389294664,7.35,7.38,7.28,7.33,2026-09-08,7.37,3.358302756614154
002056,横店东磁,2026-09-09,211.00682188762482,211.42673596103302,207.43755226365505,209.327165593992,16805315.0,335100801.0,0.0103416118422335,20.1,20.14,19.76,19.94,2026-09-08,20.11,10.497851835205214
002057,中钢天源,2026-09-09,53.09052010530046,53.56507224031991,52.73460600403588,53.09052010530046,13430949.0,120176353.0,0.017830501880657122,8.95,9.03,8.89,8.95,2026-09-08,8.98,5.931901687743069
002059,云南旅游,2026-09-09,11.2891415264601,11.818890886115993,10.540185535222454,10.978598798385953,162275034.0,984848962.0,0.16384909191919103,6.18,6.47,5.77,6.01,2026-09-08,6.28,1.8267219298479125
002060,广东建工,2026-09-09,14.92559011320127,15.018008627834096,14.786962341252034,14.92559011320127,12110471.0,39097513.0,0.007749096273600055,3.23,3.25,3.2,3.23,2026-09-08,3.24,4.62092573164126
002061,浙江交科,2026-09-09,13.114273188060112,13.151635789735499,12.815372374657034,12.85273497633242,33525111.0,115641819.0,0.01289855032316677,3.51,3.52,3.43,3.44,2026-09-08,3.51,3.736260167538494
002062,宏润建设,2026-09-09,95.22679708619566,98.69747761781099,95.0098795529697,98.26364255135908,24891148.0,224445750.0,0.022131347696191173,8.78,9.1,8.76,9.06,2026-09-08,8.78,10.845876661297911
002063,远光软件,2026-09-09,99.85328145749186,100.03417508332066,98.22523882503276,98.40613245086156,17297443.0,94380005.0,0.009777487764642682,5.52,5.53,5.43,5.44,2026-09-08,5.52,18.089362582878962
002064,华峰化学,2026-09-09,123.94307940751149,124.39378151444788,121.23886676589305,123.15435072037278,25795376.0,281053660.0,0.00520909230842534,11.0,11.04,10.76,10.93,2026-09-08,10.91,11.267552673410135
002065,东华软件,2026-09-09,210.87826157513516,211.4886183380154,207.52129937929362,208.1316561421739,26961200.0,184567830.0,0.009152608744753451,6.91,6.93,6.8,6.82,2026-09-08,6.93,30.51783814401377
002066,瑞泰科技,2026-09-09,70.96222789923819,70.96222789923819,68.87119873289019,69.3690628201159,2830800.0,59278153.0,0.012254545454545454,21.38,21.38,20.75,20.9,2026-09-08,21.2,3.319093914838082
002067,景兴纸业,2026-09-09,11.110515114360298,11.18987593660573,10.951793469869436,11.004700684699724,25258700.0,105158385.0,0.018883543093382523,4.2,4.23,4.14,4.16,2026-09-08,4.23,2.6453607415143567
002068,黑猫股份,2026-09-09,60.27029809111625,62.51872371938587,56.83520338125988,62.51872371938587,124482470.0,1192876350.0,0.16936256345648723,9.65,10.01,9.1,10.01,2026-09-08,9.1,6.245626745193394
002069,獐子岛,2026-09-09,24.555388852117837,25.369725727315622,24.4927475540257,25.181801833039206,20760350.0,83150044.0,0.029231028770374673,3.92,4.05,3.91,4.02,2026-09-08,3.95,6.264129809213734
002072,凯瑞德,2026-09-09,8.03155345112982,8.041092113185794,7.812164223842426,7.821702885898399,16982100.0,140624111.0,0.04620579770240289,8.42,8.43,8.19,8.2,2026-09-08,8.5,0.9538662055973658
002073,软控股份,2026-09-09,55.88735022699762,56.07776709318841,55.31609962842524,55.60172492771143,8716700.0,50948832.0,0.008595186809966559,5.87,5.89,5.81,5.84,2026-09-08,5.88,9.520843309539629
002074,国轩高科,2026-09-09,116.98762263297303,117.21399187181392,115.67468104769586,116.98762263297303,12769189.0,328883499.0,0.007352738005611227,25.84,25.89,25.55,25.84,2026-09-08,25.85,4.527384776817842
002075,沙钢股份,2026-09-09,11.194491806706068,11.224343784857284,10.985527959647555,11.134787850403635,25361780.0,94290634.0,0.011560546354646688,3.75,3.76,3.68,3.73,2026-09-08,3.75,2.985197815121618
002077,大港股份,2026-09-09,18.380789188536554,20.17188845451216,18.380789188536554,20.17188845451216,83102289.0,1129163508.0,0.14319376570884743,12.52,13.74,12.52,13.74,2026-09-08,12.49,1.4681141524390218
002078,太阳纸业,2026-09-09,133.19584652975493,133.7470017567746,131.4505216441926,133.19584652975493,14414100.0,208303764.0,0.005191318817512589,14.5,14.56,14.31,14.5,2026-09-08,14.41,9.185920450327925
002079,苏州固锝,2026-09-09,45.435324398605445,45.892215928870755,45.384558673020415,45.68915302653062,22136607.0,199010262.0,0.027291193580194478,8.95,9.04,8.94,9.0,2026-09-08,8.94,5.076572558503402
002080,中材科技,2026-09-09,304.07258104153254,311.02730395716026,300.92783676664,305.5844773275386,30917053.0,1562920243.0,0.01842358530371503,50.28,51.43,49.76,50.53,2026-09-08,49.87,6.047585144024116
002081,金 螳 螂,2026-09-09,171.82408157698075,172.7613038401279,161.20222926131285,161.82704410341094,351125049.0,1860306663.0,0.1323726124984885,5.5,5.53,5.16,5.18,2026-09-08,5.56,31.24074210490559
002083,孚日股份,2026-09-09,25.306175909202448,25.819485765372885,25.280510416393927,25.793820272564364,24461773.0,243255618.0,0.02584968629124754,9.86,10.06,9.85,10.05,2026-09-08,9.9,2.5665492808521755
002084,海鸥住工,2026-09-09,16.958501888946792,17.25776956933997,15.262651700052112,15.262651700052112,129363302.0,822975661.0,0.200676993923325,6.8,6.92,6.12,6.12,2026-09-08,6.8,2.4938973366098223
002085,万丰奥威,2026-09-09,82.94158627329328,84.21883880493206,82.702101423611,82.86175799006585,14796200.0,154195438.0,0.006968500580173051,10.39,10.55,10.36,10.38,2026-09-08,10.41,7.982828322742375
002086,东方海洋,2026-09-09,8.802969566115443,8.958774337197132,8.686115987804177,8.841920758885866,81025233.0,183540787.0,0.0512502880586818,2.26,2.3,2.23,2.27,2026-09-08,2.27,3.8951192770422316
002088,鲁阳节能,2026-09-09,57.88424193798026,58.027697308334616,56.37796054925959,56.66487128996829,1867854.0,14838572.0,0.0036916690973536875,8.07,8.09,7.86,7.9,2026-09-08,8.07,7.172768517717505
002090,金智科技,2026-09-09,53.234390456985686,53.40574579107469,52.72032445471866,53.005916678200336,3048200.0,28306030.0,0.007655164863915356,9.32,9.35,9.23,9.28,2026-09-08,9.33,5.711844469633657
002091,江苏国泰,2026-09-09,63.959359994812175,64.1248434618104,63.3801678603184,63.54565132731662,7749529.0,59686342.0,0.004836285616962679,7.73,7.75,7.66,7.68,2026-09-08,7.73,8.274173349911019
002092,中泰化学,2026-09-09,15.057912891234173,15.238969960066648,14.846679644262952,15.027736713095429,65611983.0,326511971.0,0.025474071182052638,4.99,5.05,4.92,4.98,2026-09-08,4.97,3.0176178138745837
002093,国脉科技,2026-09-09,95.64709884702786,97.01883038199176,92.03071570939578,93.02833864391498,55691353.0,416648928.0,0.05527677717121588,7.67,7.78,7.38,7.46,2026-09-08,7.69,12.470286681489943
002094,青岛金王,2026-09-09,30.978581205255594,32.580921612423985,30.391056389293855,30.711524470727532,65618382.0,383117386.0,0.09503663511475412,5.8,6.1,5.69,5.75,2026-09-08,5.93,5.34113469056131
002095,生 意 宝,2026-09-09,66.42851804156652,70.06303814535691,66.42851804156652,69.18725016853996,22050911.0,341041652.0,0.08760498134319426,15.17,16.0,15.17,15.8,2026-09-08,16.31,4.378939884084807
002096,易普力,2026-09-09,47.78267924358187,47.88049434950527,47.24469616100316,47.48923392581167,3405337.0,33106111.0,0.0027470816716770883,9.77,9.79,9.66,9.71,2026-09-08,9.77,4.8907552961700995
002097,山河智能,2026-09-09,36.514598692235175,37.571600233326194,36.32241659385499,36.8509173644005,24599331.0,189419885.0,0.02292573952047713,7.6,7.82,7.56,7.67,2026-09-08,7.6,4.804552459504628
002098,浔兴股份,2026-09-09,17.382270719945023,17.573518197303834,17.06352492434701,17.318521560825424,6050079.0,49117670.0,0.016899662011173183,8.18,8.27,8.03,8.15,2026-09-08,8.17,2.124971970653426
002099,海翔药业,2026-09-09,36.4132109852197,37.518612032985295,35.50288071058921,35.56790430163424,34090752.0,190541968.0,0.02108476003270306,5.6,5.77,5.46,5.47,2026-09-08,5.46,6.502359104503518
002100,天康生物,2026-09-09,93.52963350597592,95.6758449028522,93.4166750114035,94.20738447341054,22821363.0,191066071.0,0.016715867185834985,8.28,8.47,8.27,8.34,2026-09-08,8.31,11.29584945724347
002101,广东鸿图,2026-09-09,38.77300972662407,39.61015425481254,38.77300972662407,39.21361210988116,3940700.0,35143126.0,0.005950811546436039,8.8,8.99,8.8,8.9,2026-09-08,8.86,4.4060238325709165
002103,广博股份,2026-09-09,15.431580776789149,15.521039216074882,15.14084084911051,15.275028508039114,7734334.0,52644119.0,0.019926886992903108,6.9,6.94,6.77,6.83,2026-09-08,6.95,2.2364609821433548
002104,恒宝股份,2026-09-09,102.11394118902749,102.97269757517374,98.99119069395019,100.55256594148885,97409231.0,1253271864.0,0.16031231217855593,13.08,13.19,12.68,12.88,2026-09-08,13.28,7.806876237693233
002105,信隆健康,2026-09-09,10.176932607393153,10.74052855875195,10.096418900056182,10.176932607393153,7273309.0,46072966.0,0.019955742824945593,6.32,6.67,6.27,6.32,2026-09-08,6.32,1.610274146739423
002106,莱宝高科,2026-09-09,42.25670164696707,44.01739754892403,42.02194219337281,43.430498914938376,26454117.0,292179720.0,0.03752379152329809,10.8,11.25,10.74,11.1,2026-09-08,10.75,3.9126575599043583
002107,沃华医药,2026-09-09,59.553620259859635,62.76360262847618,58.37099517668512,62.17229008688893,46075687.0,333383484.0,0.08063699338276009,7.05,7.43,6.91,7.36,2026-09-08,7.18,8.447322022675126
002108,沧州明珠,2026-09-09,82.13747260659203,82.32457391093507,81.57616869356293,81.76326999790597,12551905.0,54959391.0,0.007616455499952164,4.39,4.4,4.36,4.37,2026-09-08,4.4,18.710130434303423
002110,三钢闽光,2026-09-09,7.487265333926767,7.5604307932159545,7.365322901778123,7.487265333926767,25246891.0,77465392.0,0.010393618248522755,3.07,3.1,3.02,3.07,2026-09-08,3.08,2.4388486429728884
002111,威海广泰,2026-09-09,51.28755643197431,51.79737309630805,51.08362976624081,51.4914830977078,6003808.0,60509414.0,0.012283966000012888,10.06,10.16,10.02,10.1,2026-09-08,10.08,5.098166643337406
002112,三变科技,2026-09-09,44.37284000840663,44.87406145700657,44.107487476794894,44.54974169614778,8076841.0,121979203.0,0.03081822725885226,15.05,15.22,14.96,15.11,2026-09-08,15.08,2.9483614623525995
002114,罗平锌电,2026-09-09,13.26580573700597,13.673984375067691,13.26580573700597,13.588947158804833,10233993.0,81093450.0,0.031646042929887284,7.8,8.04,7.8,7.99,2026-09-08,7.8,1.7007443252571757
002115,三维通信,2026-09-09,67.16314518016466,67.28844955550078,65.47153611312692,66.09805798980757,45050187.0,476319785.0,0.06036744874339459,10.72,10.74,10.45,10.55,2026-09-08,10.78,6.265218766806404
002116,中国海诚,2026-09-09,36.49538565156878,36.59231894679207,35.96225252784068,36.59231894679207,4840100.0,36341782.0,0.00876586800320065,7.53,7.55,7.42,7.55,2026-09-08,7.56,4.846664761164512
002117,东港股份,2026-09-09,57.77161891108977,57.911671320571195,56.9313044542012,57.35146168264548,6577172.0,53712271.0,0.012562531195404462,8.25,8.27,8.13,8.19,2026-09-08,8.27,7.002620474071487
002119,康强电子,2026-09-09,91.3954997079894,92.96789540189029,89.66586444469841,90.17689304521622,21122634.0,490539400.0,0.056284397949286406,23.25,23.65,22.81,22.94,2026-09-08,23.06,3.9309892347522326
002120,韵达股份,2026-09-09,44.092386595368666,44.35023680937667,43.77007382785866,44.15684914887066,18351925.0,125579074.0,0.006519033070286586,6.84,6.88,6.79,6.85,2026-09-08,6.86,6.446255350200097
002121,科陆电子,2026-09-09,75.43593223547954,83.02506022697648,75.13236711581968,79.83762647054778,93921209.0,495017175.0,0.06654930869823009,4.97,5.47,4.95,5.26,2026-09-08,4.97,15.178255982993873
002123,梦网科技,2026-09-09,60.66404919426746,60.81183006928394,58.964569131577875,59.186240444102594,12793100.0,102987523.0,0.017755073962642375,8.21,8.23,7.98,8.01,2026-09-08,8.21,7.389043750824294
002124,天邦食品,2026-09-09,39.106890431872856,39.889028240510314,38.637607746690385,39.41974555532784,165264606.0,415157917.0,0.08378961997811078,2.5,2.55,2.47,2.52,2026-09-08,2.52,15.642756172749143
002125,湘潭电化,2026-09-09,52.21078975044977,52.46465096479555,51.53382651219434,51.95692853610398,9822100.0,120807135.0,0.015602450656517101,12.34,12.4,12.18,12.28,2026-09-08,12.36,4.231020239096416
002126,银轮股份,2026-09-09,227.47463971179474,231.99587478681175,226.28781550460275,228.32237128836042,9970555.0,403354779.0,0.012539252056712104,40.25,41.05,40.04,40.4,2026-09-08,40.1,5.6515438437712975
002127,南极电商,2026-09-09,32.54883691229612,32.65451495421915,32.020446702680914,32.33748082845004,35956900.0,109959652.0,0.018025921290758095,3.08,3.09,3.03,3.06,2026-09-08,3.09,10.567804192303933
002128,电投能源,2026-09-09,88.90360565606046,92.05845326628263,88.52502394283381,91.90071088577152,14122249.0,404937496.0,0.00630014989207405,28.18,29.18,28.06,29.13,2026-09-08,28.15,3.15484761022216
002129,TCL中环,2026-09-09,50.36466991272384,50.63750127736481,49.54617581880092,49.7098746375855,46522306.0,426031259.0,0.011516559608754926,9.23,9.28,9.08,9.11,2026-09-08,9.28,5.456627292819484
002130,沃尔核材,2026-09-09,334.61058899879055,351.6481915173791,334.61058899879055,348.08218168790705,62515963.0,1094196161.0,0.05414972683254351,16.89,17.75,16.89,17.57,2026-09-08,16.93,19.81116571928896
002131,利欧股份,2026-09-09,211.9216943675483,212.3678453030589,203.44482659284634,205.6755812703995,368084451.0,1699995697.0,0.06286886699777429,4.75,4.76,4.56,4.61,2026-09-08,4.78,44.6150935510628
002132,恒星科技,2026-09-09,25.576642734279563,25.698146975297522,25.2121300112257,25.45513849326161,37857248.0,158508173.0,0.027056614974514642,4.21,4.23,4.15,4.19,2026-09-08,4.22,6.0752120508977585
002133,广宇集团,2026-09-09,8.565912642539061,8.68166821878959,8.479095960351167,8.508034854413797,25212420.0,74481973.0,0.032748923087620584,2.96,3.0,2.93,2.94,2026-09-08,2.99,2.8938894062631966
002134,天津普林,2026-09-09,25.384142330100126,26.027651596956442,25.234756250294197,25.418616040824574,8375380.0,186640198.0,0.03394874996848483,22.09,22.65,21.96,22.12,2026-09-08,21.88,1.149123690814854
002135,东南网架,2026-09-09,21.261926463689708,21.329855941209484,20.990208553610604,21.160032247410047,7151702.0,44577551.0,0.006851117030027602,6.26,6.28,6.18,6.23,2026-09-08,6.26,3.396473875988771
002136,安 纳 达,2026-09-09,26.570407444609927,26.611923706242127,26.238277351552302,26.404342398081113,3504200.0,44552285.0,0.016339966807140085,12.8,12.82,12.64,12.72,2026-09-08,12.78,2.0758130816101503
002137,实益达,2026-09-09,26.04558819820861,26.213407709795003,25.575693565766702,25.709949175035817,11377900.0,87727658.0,0.028698809366788522,7.76,7.81,7.62,7.66,2026-09-08,7.78,3.3563902317279135
002138,顺络电子,2026-09-09,309.43077828861493,314.5023615842167,303.0752498548861,307.05547978307993,20984914.0,1007716273.0,0.027383123534729385,48.2,48.99,47.21,47.83,2026-09-08,48.1,6.419725690635165
002139,拓邦股份,2026-09-09,166.5162984668489,166.6945814416528,164.37690276920202,165.09003466841764,7947791.0,73783137.0,0.007420284136070239,9.34,9.35,9.22,9.26,2026-09-08,9.33,17.828297480390674
002140,东华科技,2026-09-09,86.53099738683724,86.71628860179834,85.97512374195391,86.34570617187613,3007100.0,28009031.0,0.004253872184020889,9.34,9.36,9.28,9.32,2026-09-08,9.36,9.264560748055379
002141,贤丰控股,2026-09-09,35.95498373290969,36.54440969574428,32.793517204978734,34.24029002284544,156176253.0,1009923462.0,0.15119647639513795,6.71,6.82,6.12,6.39,2026-09-08,6.71,5.3584178439507735
002142,宁波银行,2026-09-09,82.87990575677541,83.52590964113826,82.20997580262133,82.92775789635783,17425068.0,604176358.0,0.0026404081550606444,34.64,34.91,34.36,34.66,2026-09-08,34.66,2.392606979121692
002144,宏达高科,2026-09-09,12.736192427420116,12.781236432468463,12.601060412275075,12.65736541858551,2203485.0,24784537.0,0.016006812359749205,11.31,11.35,11.19,11.24,2026-09-08,11.31,1.1261001262086752
002145,钛能化学,2026-09-09,19.67130321718334,19.854292084319926,19.625556000399193,19.717050433967483,27554892.0,118760474.0,0.007238953985328645,4.3,4.34,4.29,4.31,2026-09-08,4.32,4.57472167841473
002146,荣盛发展,2026-09-09,14.656902173430224,14.656902173430224,14.187881303880456,14.42239173865534,128029602.0,157122370.0,0.032738438780562255,1.25,1.25,1.21,1.23,2026-09-08,1.25,11.72552173874418
002148,北纬科技,2026-09-09,67.07742346821561,67.28068838781627,66.06109887021236,66.36599624961333,9418673.0,61569502.0,0.020882743435287014,6.6,6.62,6.5,6.53,2026-09-08,6.6,10.16324598003267
002149,西部材料,2026-09-09,115.10131551245664,117.30178183843006,115.10131551245664,115.57526210574322,13873016.0,475628050.0,0.028420209153323266,34.0,34.65,34.0,34.14,2026-09-08,34.0,3.385332809189901
002150,正泰电源,2026-09-09,135.6632258167794,137.32251184682806,134.5349113163463,136.59242599360664,4943500.0,101297265.0,0.013789227307795807,20.44,20.69,20.27,20.58,2026-09-08,20.42,6.637144120194686
002151,北斗星通,2026-09-09,167.54588443909518,170.22196453777516,166.32419569839342,168.4185192538821,11437117.0,330842932.0,0.025824896784281393,28.8,29.26,28.59,28.95,2026-09-08,28.71,5.817565431913026
002152,广电运通,2026-09-09,180.56044483537013,180.56044483537013,177.37958725795949,178.31513360425672,15003800.0,143071041.0,0.006044736936187379,9.65,9.65,9.48,9.53,2026-09-08,9.65,18.710926925945092
002153,石基信息,2026-09-09,324.00694651279605,324.410945199221,315.11897541144754,317.9469662164221,16092720.0,126982111.0,0.010059434998943132,8.02,8.03,7.8,7.87,2026-09-08,8.05,40.399868642493274
002154,报 喜 鸟,2026-09-09,60.9145690464961,61.5103105530633,60.1698921632871,61.3613751764215,21383647.0,87289222.0,0.018119782400632035,4.09,4.13,4.04,4.12,2026-09-08,4.09,14.893537664179975
002155,湖南黄金,2026-09-09,71.85400652776393,79.2343599114296,71.29699872522313,79.2343599114296,148035825.0,4053062628.0,0.09474299366826378,25.8,28.45,25.6,28.45,2026-09-08,25.86,2.7850390127040283
002156,通富微电,2026-09-09,167.5694785682498,169.21065211721273,163.7495056525602,165.1077182448054,47574616.0,2799489891.0,0.031351640144094105,59.22,59.8,57.87,58.35,2026-09-08,58.32,2.8296095671774704
002157,正邦科技,2026-09-09,51.05452966348681,52.62543826851718,50.89743880298378,51.525802244995916,201694141.0,663955662.0,0.02589841551397637,3.25,3.35,3.24,3.28,2026-09-08,3.26,15.709086050303634
002158,汉钟精机,2026-09-09,108.5066191751675,111.38520302948291,106.74748459753029,107.54709122372901,8874725.0,241355375.0,0.016632194041089995,27.14,27.86,26.7,26.9,2026-09-08,27.03,3.998033130993644
002159,三特索道,2026-09-09,22.085893969487085,22.085893969487085,21.65494969691173,21.79346749881095,2963596.0,41996200.0,0.021399842597287583,14.35,14.35,14.07,14.16,2026-09-08,14.35,1.539086687769135
002160,常铝股份,2026-09-09,8.512580124401929,8.594629089456404,8.471555641874689,8.553604606929165,19417300.0,80902056.0,0.018838405427633983,4.15,4.19,4.13,4.17,2026-09-08,4.13,2.05122412636191
002161,远 望 谷,2026-09-09,68.92462067891039,70.0061767808619,67.84306457695888,68.53132755092801,13010100.0,90956862.0,0.01759050233748397,7.01,7.12,6.9,6.97,2026-09-08,7.05,9.832328199559257
002162,悦心健康,2026-09-09,9.63888392248648,9.63888392248648,9.125949966522676,9.63888392248648,110202267.0,491451011.0,0.1200039991217848,4.51,4.51,4.27,4.51,2026-09-08,4.1,2.1372248165158494
002163,海南发展,2026-09-09,39.85829059551087,40.96916825982277,39.45837463635859,40.347076767808105,28811995.0,261631999.0,0.03585593346764377,8.97,9.22,8.88,9.08,2026-09-08,8.97,4.443510657247589
002164,宁波东力,2026-09-09,32.29014234123144,32.29014234123144,31.66803868144624,31.9050305518406,4598920.0,49550387.0,0.009585573715310216,10.9,10.9,10.69,10.77,2026-09-08,10.86,2.9623983799294895
002165,红 宝 丽,2026-09-09,55.46587264244144,56.20273810025166,53.52322734457816,54.19310503349653,113655927.0,927912299.0,0.1561711062722746,8.28,8.39,7.99,8.09,2026-09-08,8.44,6.698776889183749
002166,莱茵生物,2026-09-09,53.84589245404558,55.20335192767699,53.61964920844036,53.92130686924733,25284984.0,181955912.0,0.03423579936969396,7.14,7.32,7.11,7.15,2026-09-08,7.25,7.541441520174452
002167,东方锆业,2026-09-09,108.73143761115217,115.33197527292577,108.51851704141754,111.71232558743702,71411498.0,1127578721.0,0.09369168856948759,15.32,16.25,15.29,15.74,2026-09-08,15.33,7.09735232448774
002169,智光电气,2026-09-09,92.8833324536659,94.23709762303106,92.58249574936254,93.4097966861968,10638388.0,132192256.0,0.013980881745573931,12.35,12.53,12.31,12.42,2026-09-08,12.38,7.520917607584283
002170,芭田股份,2026-09-09,101.12355293906877,102.56575126118636,100.44487137571932,101.97190489325558,24808791.0,297339894.0,0.03139124621867939,11.92,12.09,11.84,12.02,2026-09-08,11.97,8.483519541868185
002171,楚江新材,2026-09-09,54.341489567840306,58.52965832066036,53.975024801968544,57.90143300773735,134489128.0,1452772585.0,0.08326255268817485,10.38,11.18,10.31,11.06,2026-09-08,10.3,5.235210941025077
002172,澳洋健康,2026-09-09,17.97637360070356,18.303216757079987,15.753840137343849,15.949946031169704,280594516.0,1463483662.0,0.36672275438794116,5.5,5.6,4.82,4.88,2026-09-08,5.09,3.268431563764284
002173,创新医疗,2026-09-09,63.58618333433984,63.655373958207456,62.09858492118608,62.47913335245797,18766575.0,339567148.0,0.04459048297600187,18.38,18.4,17.95,18.06,2026-09-08,18.46,3.4595311933808404
002174,游族网络,2026-09-09,37.47579843249918,37.564955764218055,36.46534867301863,36.85169711046708,25721898.0,319240039.0,0.026266694405462532,12.61,12.64,12.27,12.4,2026-09-08,12.59,2.971911057295732
002176,江特电机,2026-09-09,112.43825845028246,112.68456350712864,110.83727558078226,111.08358063762844,36256596.0,328485089.0,0.021330413474272704,9.13,9.15,9.0,9.02,2026-09-08,9.13,12.31525284230914
002177,御银股份,2026-09-09,57.25801651032675,57.25801651032675,55.19972179917121,55.48039835069241,24734800.0,146990208.0,0.03620644425963761,6.12,6.12,5.9,5.93,2026-09-08,6.05,9.355885050706984
002178,延华智能,2026-09-09,30.327849027005833,30.39169713022058,29.944760407717343,30.136304717361586,7508600.0,35412051.0,0.010548291247129606,4.75,4.76,4.69,4.72,2026-09-08,4.77,6.384810321474912
002179,中航光电,2026-09-09,471.5092281454196,481.06404069814624,470.40142379148034,479.12538307875246,17728141.0,610469154.0,0.008456376964397215,34.05,34.74,33.97,34.6,2026-09-08,34.01,13.8475544242414
002180,奔图科技,2026-09-09,80.58309291491267,80.67913950956691,79.33448718440746,79.95879004966005,6448600.0,107241825.0,0.0046853156761843505,16.78,16.8,16.52,16.65,2026-09-08,16.72,4.802329732712316
002181,粤 传 媒,2026-09-09,22.599001961246437,22.827736798910873,21.386707321624915,21.638315643055797,106444342.0,1012950333.0,0.09382182532833232,9.88,9.98,9.35,9.46,2026-09-08,10.29,2.287348376644376
002182,宝武镁业,2026-09-09,56.139627671409094,56.55073967225751,54.9062916688639,55.271724558506925,11117963.0,135235899.0,0.012399988747402156,12.29,12.38,12.02,12.1,2026-09-08,12.3,4.5679111205377625
002183,怡 亚 通,2026-09-09,71.4567445744758,72.88587946596533,70.50398798014947,71.61553734019687,50266672.0,226426669.0,0.019355712889067178,4.5,4.59,4.44,4.51,2026-09-08,4.53,15.879276572105736
002184,海得控制,2026-09-09,32.05120089894988,32.08328418313301,31.50578506783662,31.63411820456915,2908583.0,28766685.0,0.01171449088736889,9.99,10.0,9.82,9.86,2026-09-08,9.99,3.208328418313301
002185,华天科技,2026-09-09,175.20722216229026,179.0160748179922,174.22780290796692,175.96899269343066,185387395.0,3006734420.0,0.05573839932314767,16.1,16.45,16.01,16.17,2026-09-08,15.97,10.882436159148464
002186,全 聚 德,2026-09-09,23.196767270116315,23.288183101722684,22.831103943690835,23.26532914382109,7731705.0,78256979.0,0.025200994070473978,10.15,10.19,9.99,10.18,2026-09-08,10.16,2.2853957901592428
002187,广百股份,2026-09-09,13.99567967561468,14.230901182767866,13.666369565600215,14.113290429191274,20739200.0,123505889.0,0.02958961165279746,5.95,6.05,5.81,6.0,2026-09-08,5.98,2.352215071531879
002188,中天服务,2026-09-09,10.867206585108487,10.94306841118254,10.734448389478889,10.753413845997402,6515669.0,37172990.0,0.025317037891152708,5.73,5.77,5.66,5.67,2026-09-08,5.77,1.8965456518513937
002189,中光学,2026-09-09,19.243720338908368,19.592158110176758,19.084434500614254,19.422916906989258,3623159.0,70547800.0,0.013871507459984113,19.33,19.68,19.17,19.51,2026-09-08,19.29,0.9955364893382499
002190,成飞集成,2026-09-09,60.69599706315078,62.373583162401005,60.230000924470154,61.65128914744604,14469543.0,382102029.0,0.04033554344619085,26.05,26.77,25.85,26.46,2026-09-08,26.24,2.3299806934031007
002191,劲嘉股份,2026-09-09,28.971281698313717,29.367064235175928,28.73381217619639,29.05043820568616,10814627.0,39611697.0,0.0077097791551087504,3.66,3.71,3.63,3.67,2026-09-08,3.67,7.915650737244185
002192,融捷股份,2026-09-09,186.23522121684542,189.4808381196066,185.66077574733015,188.01600217234267,11042829.0,720474513.0,0.04261704821556322,64.84,65.97,64.64,65.46,2026-09-08,64.86,2.872227347576271
002194,武汉凡谷,2026-09-09,48.46409359983705,50.45213754878205,47.31544598489105,47.845591037943045,82351262.0,904723745.0,0.16001499668267863,10.97,11.42,10.71,10.83,2026-09-08,11.08,4.417875442100004
002195,岩山科技,2026-09-09,199.88130225839996,199.88130225839996,195.1447785082009,196.72361975826726,82373863.0,513878320.0,0.014668145685603602,6.33,6.33,6.18,6.23,2026-09-08,6.33,31.576825001327006
002196,方正电机,2026-09-09,28.13131335302991,28.20803511671999,27.13393042505885,27.287373952439015,25001502.0,268258326.0,0.05100481819690357,11.0,11.03,10.61,10.67,2026-09-08,10.96,2.5573921230027192
002197,证通电子,2026-09-09,25.57954516726538,25.688703965987706,24.851819842449864,24.99736490741297,15466800.0,107290586.0,0.028964044292942824,7.03,7.06,6.83,6.87,2026-09-08,7.05,3.638626624077579
002200,交投生态,2026-09-09,14.525045430903917,14.54553209582762,14.217745457048407,14.29969211674321,2863000.0,20049476.0,0.014627593875253241,7.09,7.1,6.94,6.98,2026-09-08,7.06,2.0486664923700872
002201,九鼎新材,2026-09-09,63.51241666557394,64.67715354077865,62.34767979036924,62.758763393382665,43875179.0,404345467.0,0.07287952186311955,9.27,9.44,9.1,9.16,2026-09-08,9.3,6.85139338355706
002202,金风科技,2026-09-09,152.36776509362915,154.43376868811907,151.50693026259174,153.65901734018536,56685714.0,1007219238.0,0.0168531673462336,17.7,17.94,17.6,17.85,2026-09-08,17.75,8.608348310374529
002203,海亮股份,2026-09-09,76.73564223662432,78.99140892434355,76.6564925282833,78.55608552846792,25748944.0,509798061.0,0.011441955087336232,19.39,19.96,19.37,19.85,2026-09-08,19.35,3.95748541705128
002204,大连重工,2026-09-09,26.112562034521428,26.35844303296325,25.965033435456338,26.309266833274883,19488803.0,103900128.0,0.010090662419473638,5.31,5.36,5.28,5.35,2026-09-08,5.31,4.917619968836427
002205,国统股份,2026-09-09,23.106465682864265,23.43685303847269,22.920622795334527,23.189062521766374,2548000.0,28542483.0,0.013710480749936175,11.19,11.35,11.1,11.23,2026-09-08,11.24,2.06492097255266
002206,海 利 得,2026-09-09,67.46599230704598,67.84859717835248,67.08338743573948,67.59352726414815,6484200.0,34288233.0,0.0061347000872169636,5.29,5.32,5.26,5.3,2026-09-08,5.32,12.753495710216631
002208,合肥城建,2026-09-09,57.01748134165656,57.841433384166045,55.86394848214328,56.13859916297977,28669809.0,294678447.0,0.0357016527170983,10.38,10.53,10.17,10.22,2026-09-08,10.5,5.493013616729919
002209,达 意 隆,2026-09-09,19.5395616277945,19.752720481915897,19.340613363947867,19.596403988893538,3623366.0,49813235.0,0.02295466468833451,13.75,13.9,13.61,13.79,2026-09-08,13.74,1.4210590274759638
002210,飞马国际,2026-09-09,24.236108977281425,24.34012661237705,23.71602080180328,23.924056071994535,45665821.0,105091630.0,0.017188544602760873,2.33,2.34,2.28,2.3,2026-09-08,2.33,10.401763509562842
002212,天融信,2026-09-09,19.993423170900975,20.084027807627113,19.298787622667255,19.721609260722563,53670482.0,348806118.0,0.04599607454153739,6.62,6.65,6.39,6.53,2026-09-08,6.67,3.0201545575379116
002213,大为股份,2026-09-09,56.08669509762438,56.68569860525297,54.8088209480167,55.22812340335672,6548700.0,182444926.0,0.03167940479116421,28.09,28.39,27.45,27.66,2026-09-08,27.97,1.9966783587619927
002215,诺 普 信,2026-09-09,89.66155160456351,93.95923875854164,89.32447810229071,91.17838236479109,41548437.0,452197790.0,0.0514173891815877,10.64,11.15,10.6,10.82,2026-09-08,10.72,8.426837556819878
002216,三全食品,2026-09-09,121.11689476531396,121.5172811942902,118.71457619145649,119.91573547838523,5746162.0,68705752.0,0.00911362446875677,12.1,12.14,11.86,11.98,2026-09-08,12.12,10.009660724406112
002217,合力泰,2026-09-09,8.314137890583288,8.370696651743717,8.201020368262427,8.257579129422856,86378005.0,126199798.0,0.011866183869994178,1.47,1.48,1.45,1.46,2026-09-08,1.48,5.655876116043053
002218,拓日新能,2026-09-09,22.392999971590108,22.55928462484449,22.060430665081345,22.392999971590108,22226909.0,89473524.0,0.016017340779790744,4.04,4.07,3.98,4.04,2026-09-08,4.05,5.542821775146066
002219,新里程,2026-09-09,51.289006758938825,51.289006758938825,49.46539762973211,49.92129991203379,94824193.0,209008927.0,0.028979455574738442,2.25,2.25,2.17,2.19,2026-09-08,2.26,22.795114115083923
002221,东华能源,2026-09-09,24.15671468061838,24.234765455030715,23.76646080855669,23.883536970175197,21796800.0,133735364.0,0.014919063965053487,6.19,6.21,6.09,6.12,2026-09-08,6.19,3.902538720616862
002222,福晶科技,2026-09-09,220.8136143380545,224.03978727481177,215.17595860008467,216.74016366033067,15699517.0,1056122912.0,0.03353510524581781,67.76,68.75,66.03,66.51,2026-09-08,66.49,3.2587605421790804
002223,鱼跃医疗,2026-09-09,253.62185694814045,255.39268449859293,251.06399493082017,252.93320178963114,4383995.0,112697863.0,0.004652473822750303,25.78,25.96,25.52,25.71,2026-09-08,25.65,9.837930835847185
002224,三 力 士,2026-09-09,28.053752685302126,29.17031995635893,27.635039958655828,28.82139268415368,54247194.0,219910109.0,0.06727246357357688,4.02,4.18,3.96,4.13,2026-09-08,4.15,6.978545444105007
002225,濮耐股份,2026-09-09,7.200287751009973,7.238895192034155,7.123072868961609,7.1423765894737,19125550.0,70998207.0,0.01961737619896327,3.73,3.75,3.69,3.7,2026-09-08,3.71,1.930372051209108
002226,江南化工,2026-09-09,67.90710069751414,68.03769127577858,67.12355722792744,67.38473838445634,11338400.0,58599594.0,0.004280388893399535,5.2,5.21,5.14,5.16,2026-09-08,5.19,13.059057826445027
002228,合兴包装,2026-09-09,39.163874500168255,39.28327655657121,38.68626627455645,38.925070387362354,16525600.0,53888889.0,0.01366518096633292,3.28,3.29,3.24,3.26,2026-09-08,3.29,11.9402056402952
002229,鸿博股份,2026-09-09,55.06694542124868,55.157441633937665,52.75929199767951,53.34751738015792,47797256.0,564830851.0,0.09691953757212447,12.17,12.19,11.66,11.79,2026-09-08,12.16,4.5248106344493575
002230,科大讯飞,2026-09-09,538.1504416958057,538.8356345169107,533.0800148196292,534.9985547187231,16496817.0,643898448.0,0.007532906866621466,39.27,39.32,38.9,39.04,2026-09-08,39.27,13.70385642209844
002232,启明信息,2026-09-09,44.706182365009695,44.73705680034465,44.11956809364561,44.21219139965047,2178743.0,31342277.0,0.005332887625287923,14.48,14.49,14.29,14.32,2026-09-08,14.48,3.0874435334951444
002233,塔牌集团,2026-09-09,27.028213561452727,27.1781620416827,26.653342360877797,26.765803721050272,8261419.0,59134996.0,0.007039241841706689,7.21,7.25,7.11,7.14,2026-09-08,7.19,3.748712005749338
002234,民和股份,2026-09-09,16.76921261408776,17.20684331101532,16.629966483247173,17.027812571363135,7828150.0,66691480.0,0.02597188330756505,8.43,8.65,8.36,8.56,2026-09-08,8.47,1.9892304405798056
002235,安妮股份,2026-09-09,40.18364670081889,40.370330309185064,38.73684873598105,39.20355775689648,24768807.0,208340331.0,0.04474309580146803,8.61,8.65,8.3,8.4,2026-09-08,8.69,4.667090209154343
002236,大华股份,2026-09-09,787.131093227387,789.0806439226873,784.2067671844371,787.131093227387,17024991.0,274738570.0,0.007120032475394895,16.15,16.19,16.09,16.15,2026-09-08,16.2,48.738767382500754
002237,恒邦股份,2026-09-09,112.94145963494694,115.79001723991833,112.47953137468132,115.25110093627511,25956233.0,385722401.0,0.02176886167038125,14.67,15.04,14.61,14.97,2026-09-08,14.7,7.698804337760528
002238,天威视讯,2026-09-09,22.613152903247844,22.746563834830425,21.946098245334927,22.1462146427088,5582300.0,37057636.0,0.0069556243056275125,6.78,6.82,6.58,6.64,2026-09-08,6.83,3.3352732895645785
002239,奥特佳,2026-09-09,23.330014932978482,23.42044134744739,23.149162104040666,23.330014932978482,35588798.0,91661181.0,0.010896246394521854,2.58,2.59,2.56,2.58,2026-09-08,2.58,9.042641446890885
002240,盛新锂能,2026-09-09,44.25183347701869,44.60291735765734,43.58019474884042,44.20603992737018,19903890.0,575877858.0,0.02180528413008632,28.99,29.22,28.55,28.96,2026-09-08,28.98,1.5264516549506277
002241,歌尔股份,2026-09-09,582.1451981115366,585.1140644002481,566.8060556198599,569.280110860453,77556789.0,1794164209.0,0.0246094702258062,23.53,23.65,22.91,23.01,2026-09-08,23.68,24.740552405930156
002242,九阳股份,2026-09-09,45.60416255453423,46.23609090401968,44.550948638725124,44.76159142188694,5417300.0,46235248.0,0.007111504933029762,8.66,8.78,8.46,8.5,2026-09-08,8.71,5.2660695790455225
002243,力合科创,2026-09-09,14.08483212243435,14.08483212243435,13.769361574237534,13.806475756378337,9119055.0,68099052.0,0.007585554405870055,7.59,7.59,7.42,7.44,2026-09-08,7.58,1.8557091070400988
002244,滨江集团,2026-09-09,54.835571867677615,55.02752836196353,53.42789090958087,53.747818400057405,22816063.0,192281255.0,0.00827403617735449,8.57,8.6,8.35,8.4,2026-09-08,8.6,6.3985498095306435
002245,蔚蓝锂芯,2026-09-09,397.3582578349336,402.60968855521907,387.29301562105314,389.48111175450543,37798594.0,680270528.0,0.023490537347000268,18.16,18.4,17.7,17.8,2026-09-08,18.11,21.880961334522777
002246,北化股份,2026-09-09,32.99751785289193,33.516709567360515,32.463904146354785,32.98309586082336,15589875.0,356997661.0,0.028395058328489105,22.88,23.24,22.51,22.87,2026-09-08,22.74,1.442199206857165
002247,聚力文化,2026-09-09,15.852713599519053,15.915125857784874,15.540652308189939,15.665476824721582,15629773.0,39172434.0,0.024290271360881535,2.54,2.55,2.49,2.51,2026-09-08,2.53,6.241225826582304
002248,华东数控,2026-09-09,17.904996263957006,17.92308211876908,17.489021603279216,17.61562258696376,10994500.0,107364610.0,0.03575498316073466,9.9,9.91,9.67,9.74,2026-09-08,9.92,1.8085854812077782
002249,大洋电机,2026-09-09,90.44728601064476,91.92562203756465,90.17849764211387,90.85046856344108,28945727.0,195885748.0,0.015530684572114175,6.73,6.84,6.71,6.76,2026-09-08,6.72,13.43941842654454
002250,联化科技,2026-09-09,93.2293448924859,95.20211601307776,92.97479378015146,94.37482489799083,10638377.0,157572968.0,0.011881546063747098,14.65,14.96,14.61,14.83,2026-09-08,14.74,6.363777808360812
002251,步步高,2026-09-09,18.51484292793591,18.699991357215268,18.144546069377192,18.375981605976392,145249029.0,578253482.0,0.0653547136804374,4.0,4.04,3.92,3.97,2026-09-08,4.06,4.628710731983977
002252,上海莱士,2026-09-09,124.0111712306173,124.75080048248974,122.77845581082984,123.02499889478733,29921700.0,149870057.0,0.004541669655158116,5.03,5.06,4.98,4.99,2026-09-08,5.06,24.654308395748963
002254,泰和新材,2026-09-09,77.7282553331577,78.89756400404447,77.1128297169015,77.35899996340397,13729600.0,173875252.0,0.016141591003977756,12.63,12.82,12.53,12.57,2026-09-08,12.62,6.154256162561971
002255,海陆重工,2026-09-09,32.85557711269961,32.938755788934294,32.56445174587822,32.77239843646493,8116665.0,63924140.0,0.012723147402752405,7.9,7.92,7.83,7.88,2026-09-08,7.88,4.158933811734128
002256,兆新股份,2026-09-09,47.93602561030984,47.93602561030984,46.94910743597994,47.23108405721705,28631760.0,95856526.0,0.014213916992370162,3.4,3.4,3.33,3.35,2026-09-08,3.39,14.098831061855837
002258,利尔化学,2026-09-09,76.7505436271563,81.07858180161999,74.82697110517243,75.50022148786678,70826511.0,1129816464.0,0.08863496980490317,15.96,16.86,15.56,15.7,2026-09-08,15.55,4.808931304959668
002259,升达林业,2026-09-09,10.69573365228452,11.059534116647937,10.598720195120942,10.69573365228452,18762500.0,83444167.0,0.02493924636757002,4.41,4.56,4.37,4.41,2026-09-08,4.41,2.42533642908946
002261,拓维信息,2026-09-09,266.7126909393582,272.5379291190009,262.44778441497687,267.7529120428658,31626703.0,806579571.0,0.027594932163141798,25.64,26.2,25.23,25.74,2026-09-08,25.79,10.402211035076371
002262,恩华药业,2026-09-09,186.14970579167962,187.83584443109703,185.3909434039418,185.89678499576704,4260080.0,94078086.0,0.004820314796740336,22.08,22.28,21.99,22.05,2026-09-08,22.22,8.43069319708694
002263,大东南,2026-09-09,13.8975133215772,14.02699325935587,13.724873404538974,13.940673300836757,37395028.0,120265032.0,0.01990849711269777,3.22,3.25,3.18,3.23,2026-09-08,3.21,4.315997925955652
002264,新 华 都,2026-09-09,33.79710039769737,35.20335977624234,33.562723834606544,35.15648446362417,91498555.0,671968722.0,0.14057066896250411,7.21,7.51,7.16,7.5,2026-09-08,7.71,4.687531261816556
002265,建设工业,2026-09-09,19.027457002586047,20.21780889720819,18.863897200271552,19.69078286752816,36235004.0,780886384.0,0.03507607616746399,20.94,22.25,20.76,21.67,2026-09-08,21.09,0.9086655684138513
002266,浙富控股,2026-09-09,54.288150609847364,56.206858635559236,54.17528543186432,56.093993457576175,77174764.0,379300717.0,0.015936686779994307,4.81,4.98,4.8,4.97,2026-09-08,4.82,11.286517798305066
002267,陕天然气,2026-09-09,23.347193713556585,23.967305100370837,23.192165866853024,23.65724940696371,18542644.0,141768286.0,0.016673908306643708,7.53,7.73,7.48,7.63,2026-09-08,7.53,3.1005569340712595
002268,电科网安,2026-09-09,123.12592204480961,123.65097928167448,122.25082665003485,122.86339342637717,5362365.0,75318920.0,0.006345173280235602,14.07,14.13,13.97,14.04,2026-09-08,14.14,8.750953947747663
002269,美邦服饰,2026-09-09,6.615326104303164,6.658563529821485,6.4856138277482,6.5720886787848425,49612500.0,75051413.0,0.0211681889895913,1.53,1.54,1.5,1.52,2026-09-08,1.53,4.323742551832133
002270,华明装备,2026-09-09,50.965829145557294,51.35389383448287,50.68124837367855,50.965829145557294,7509100.0,148067961.0,0.008378583936880051,19.7,19.85,19.59,19.7,2026-09-08,19.81,2.5870979261704212
002271,东方雨虹,2026-09-09,444.4762285413123,446.10285700806924,438.78302890766327,442.8496000745555,36239296.0,393613826.0,0.018577844650067392,10.93,10.97,10.79,10.89,2026-09-08,10.98,40.66571166892153
002272,川润股份,2026-09-09,56.092845901182386,57.344616286190686,55.585371420773626,56.49882548550941,17540928.0,291815682.0,0.041870707836494984,16.58,16.95,16.43,16.7,2026-09-08,16.58,3.383163202725114
002273,水晶光电,2026-09-09,397.8597486728579,404.74909497022344,394.41507552417517,399.1123570905607,27775983.0,708497058.0,0.02033259765314845,25.41,25.85,25.19,25.49,2026-09-08,25.22,15.657605221285237
002274,华昌化工,2026-09-09,27.25556830720354,28.137366105377772,26.253525354732822,26.534097381424623,104482765.0,703957219.0,0.11140679418234359,6.8,7.02,6.55,6.62,2026-09-08,6.69,4.008171809882874
002275,桂林三金,2026-09-09,26.33533861081132,26.505518504903797,26.228976177003517,26.441701044619116,1378001.0,17094211.0,0.0024400138393659843,12.38,12.46,12.33,12.43,2026-09-08,12.45,2.127248676156003
002276,万马股份,2026-09-09,38.56713519662603,39.13098220242466,38.37918619469316,38.717494398172335,11905090.0,122923694.0,0.011818600934704191,10.26,10.41,10.21,10.3,2026-09-08,10.26,3.758980038657508
002277,友阿股份,2026-09-09,39.502335927672725,39.826125566424146,38.59572493916877,39.631851783173296,23889903.0,144912235.0,0.017135539439587403,6.1,6.15,5.96,6.12,2026-09-08,6.15,6.475792775028316
002278,神开股份,2026-09-09,19.16650129247545,19.324528982754988,18.87302129624202,19.053624370847206,14257239.0,120240980.0,0.03973355670331906,8.49,8.56,8.36,8.44,2026-09-08,8.52,2.257538432564835
002279,久其软件,2026-09-09,60.746935733385826,60.83249479779905,58.77907725188179,59.121313509534666,31870800.0,221296788.0,0.04003424881071589,7.1,7.11,6.87,6.91,2026-09-08,7.1,8.555906441321948
002281,光迅科技,2026-09-09,633.3640703157052,653.76111752641,617.8704868751867,622.4334323279987,39916210.0,7454716651.0,0.050782059964569894,186.0,191.99,181.45,182.79,2026-09-08,179.92,3.405183173740351
002282,博深股份,2026-09-09,14.450242172781007,14.49670597397966,14.31085076918505,14.38054647098303,2152000.0,13329063.0,0.00445261857670872,6.22,6.24,6.16,6.19,2026-09-08,6.23,2.323190059932638
002283,天润工业,2026-09-09,38.79596986650594,39.62452701189615,38.50353793283882,39.28335642261783,20516453.0,164919660.0,0.02033136576118931,7.96,8.13,7.9,8.06,2026-09-08,7.95,4.873865561118837
002284,亚太股份,2026-09-09,64.74548405470674,66.44434515235211,64.55672171052392,64.80840483610102,26276684.0,273185903.0,0.03588787512362871,10.29,10.56,10.26,10.3,2026-09-08,10.33,6.292078139427283
002285,世联行,2026-09-09,34.71275633866622,34.97977754127134,32.17605491391753,32.71009731912778,175376138.0,435289676.0,0.08861814384698968,2.6,2.62,2.41,2.45,2026-09-08,2.6,13.351060130256236
002286,保龄宝,2026-09-09,30.06337453834682,32.93756529091405,29.699971109861313,32.27683178457675,66008243.0,631318789.0,0.1785504615591425,9.1,9.97,8.99,9.77,2026-09-08,9.25,3.303667531686464
002287,奇正藏药,2026-09-09,34.90971048096967,34.90971048096967,34.4430955388973,34.52950571335515,1402900.0,28083898.0,0.0024569615994625613,20.2,20.2,19.93,19.98,2026-09-08,20.21,1.7282034891569145
002290,禾盛新材,2026-09-09,176.94580125049902,178.2280172015896,171.5861385749404,172.91964316407464,6709849.0,455864591.0,0.027129484195280437,69.0,69.5,66.91,67.43,2026-09-08,67.62,2.5644319021811453
002291,遥望科技,2026-09-09,9.829704562249718,9.863310389812966,9.527252114180497,9.611266683088614,32670630.0,186533805.0,0.037590242888691984,5.85,5.87,5.67,5.72,2026-09-08,5.88,1.6802913781623452
002292,奥飞娱乐,2026-09-09,66.13345804695362,67.42423736589531,65.14639150893937,66.43717082788106,55168555.0,482207344.0,0.05419928314958085,8.71,8.88,8.58,8.75,2026-09-08,8.79,7.5928195231864075
002293,罗莱生活,2026-09-09,121.9578070950909,122.50177590461405,119.99951938080754,121.84901333318625,3621940.0,40329846.0,0.004361242902956001,11.21,11.26,11.03,11.2,2026-09-08,11.22,10.87937619046306
002294,信立泰,2026-09-09,384.85677090220355,391.06413817481973,381.75308726589543,390.9399908293674,10984979.0,341608693.0,0.009855837700002649,31.0,31.5,30.75,31.49,2026-09-08,31.08,12.414734545232372
002295,精艺股份,2026-09-09,19.323253313947838,19.323253313947838,19.323253313947838,19.323253313947838,7292662.0,84449026.0,0.029120921115103848,11.58,11.58,11.58,11.58,2026-09-08,10.53,1.668674724865962
002296,辉煌科技,2026-09-09,48.12290498303572,48.1751556942008,47.7048992937151,47.913902138375406,6304951.0,57870143.0,0.01814815981525565,9.21,9.22,9.13,9.17,2026-09-08,9.19,5.225071116507678
002297,博云新材,2026-09-09,59.58403768444313,64.76525835265558,57.434382300823074,62.00928991211704,180614938.0,4043670228.0,0.3151516651267244,21.62,23.5,20.84,22.5,2026-09-08,22.32,2.755968440538535
002298,中电鑫龙,2026-09-09,22.660326748914144,22.768749364937662,22.33505890084361,22.362164554849485,21343644.0,176926827.0,0.032080026475842155,8.36,8.4,8.24,8.25,2026-09-08,8.43,2.7105654005878166
002299,圣农发展,2026-09-09,42.793769474740465,43.193711245532434,42.3938277039485,43.04373308148544,8695600.0,149294616.0,0.007135731071584607,17.12,17.28,16.96,17.22,2026-09-08,17.12,2.4996360674497935
002300,太阳电缆,2026-09-09,50.975406849942445,56.42560758232623,50.59068679824476,53.09136713427967,115597282.0,963569587.0,0.16004235462672628,7.95,8.8,7.89,8.28,2026-09-08,8.08,6.41200086162798
002301,齐心集团,2026-09-09,38.08027949076378,39.33673541304786,38.08027949076378,39.28841018526771,11479839.0,92398968.0,0.015988884828209204,7.88,8.14,7.88,8.13,2026-09-08,7.95,4.832522778015708
002302,西部建设,2026-09-09,20.85155781919956,20.85155781919956,20.382504371323908,20.63835170652881,5431370.0,26192344.0,0.004302571776235652,4.89,4.89,4.78,4.84,2026-09-08,4.87,4.264122253415043
002303,美盈森,2026-09-09,62.93634698203132,63.838660200411695,61.35729884986566,62.597979525138676,43160555.0,237950900.0,0.0404366028902852,5.58,5.66,5.44,5.55,2026-09-08,5.57,11.278915229754716
002304,洋河股份,2026-09-09,198.76722969531053,198.81741076819497,196.20799497820354,196.30835712397243,4529747.0,177890685.0,0.0030069815509599115,39.61,39.62,39.1,39.12,2026-09-08,39.68,5.018107288445103
002307,北新路桥,2026-09-09,12.694641102359922,12.774231328707007,12.495665536492213,12.575255762839298,29186525.0,92555447.0,0.017915482340576588,3.19,3.21,3.14,3.16,2026-09-08,3.19,3.979511317354208
002309,中利集团,2026-09-09,11.231224935326479,11.231224935326479,11.011722167860814,11.121473551593647,62094202.0,188476197.0,0.02580664487715278,3.07,3.07,3.01,3.04,2026-09-08,3.07,3.658379457761068
002310,东方新能,2026-09-09,115.7625682595963,116.7477816064865,114.28474823926102,115.26996158615121,53663687.0,125757869.0,0.012199038803065523,2.35,2.37,2.32,2.34,2026-09-08,2.35,49.260667344509066
002311,海大集团,2026-09-09,322.0841438485253,326.68221796193046,319.8945847469038,321.7922026349758,6843248.0,301895634.0,0.004135216482756734,44.13,44.76,43.83,44.09,2026-09-08,44.43,7.298530338738393
002312,川发龙蟒,2026-09-09,172.7098677854576,177.56733281692357,167.8524027539916,171.81033722407503,140654834.0,1349444701.0,0.07463235034374126,9.6,9.87,9.33,9.55,2026-09-08,9.34,17.990611227651833
002313,日海智能,2026-09-09,22.925017852768406,23.34421817921903,22.66301764873677,22.689217669139932,6368908.0,55771730.0,0.017011912784707914,8.75,8.91,8.65,8.66,2026-09-08,8.73,2.6200020403163893
002314,南山控股,2026-09-09,5.261233654020494,5.284009557284651,5.147354137699703,5.192905944228019,23627900.0,54042518.0,0.017654718736627165,2.31,2.32,2.26,2.28,2026-09-08,2.32,2.277590326415798
002315,焦点科技,2026-09-09,135.02549088834078,135.07848362416823,131.26300664459188,132.26986862531342,7131010.0,178387066.0,0.027005303942565485,25.48,25.49,24.77,24.96,2026-09-08,25.98,5.299273582744929
002316,亚联发展,2026-09-09,15.256378159498835,15.453234651879464,15.026712251721433,15.289187574895607,11178351.0,51855215.0,0.032806582828297653,4.65,4.71,4.58,4.66,2026-09-08,4.68,3.2809415396771686
002317,众生药业,2026-09-09,292.4496491446531,294.2604828854869,281.3582924820463,283.055949114078,18018209.0,454813479.0,0.023460527477813662,25.84,26.0,24.86,25.01,2026-09-08,25.91,11.317710880211035
002318,久立特材,2026-09-09,120.0436293374132,120.60662707792217,117.7290830708763,119.7308528149082,9036600.0,172254067.0,0.009472077841004475,19.19,19.28,18.82,19.14,2026-09-08,19.14,6.255530450099697
002319,乐通股份,2026-09-09,20.058510740496924,20.246853564351355,19.5688193984754,19.68182509278806,6711291.0,70759132.0,0.03203900597744305,10.65,10.75,10.39,10.45,2026-09-08,10.73,1.883428238544312
002320,海峡股份,2026-09-09,97.60230665926449,102.73927016764682,96.52084065749978,101.38743766544094,96433639.0,716601168.0,0.043111659171767965,7.22,7.6,7.14,7.5,2026-09-08,7.22,13.518325022058793
002321,华英农业,2026-09-09,4.412027801564931,4.491523797989523,4.3524058042464855,4.3921538024587825,58627808.0,130420376.0,0.027586311140676716,2.22,2.26,2.19,2.21,2026-09-08,2.25,1.9873999106148337
002322,理工能科,2026-09-09,67.86147406590464,67.97119350659327,66.70941993867426,67.31287686246161,4672212.0,57275166.0,0.013296714802640866,12.37,12.39,12.16,12.27,2026-09-08,12.71,5.485972034430449
002324,普利特,2026-09-09,78.71864237744494,79.2070724232202,76.52070717145631,76.84632720197314,36694594.0,349784512.0,0.0472729303244745,9.67,9.73,9.4,9.44,2026-09-08,9.73,8.140500762920883
002326,永太科技,2026-09-09,107.92837136944355,108.84560965303658,107.19458074256916,107.92837136944355,10823886.0,191232923.0,0.013333700991261965,17.65,17.8,17.53,17.65,2026-09-08,17.68,6.114921890620032
002327,富安娜,2026-09-09,88.97038833173926,89.11005927103554,87.9926917566652,88.27203363525778,4429900.0,28031788.0,0.009022505200171047,6.37,6.38,6.3,6.32,2026-09-08,6.37,13.967093929629396
002328,新朋股份,2026-09-09,23.938906729382712,24.42693165197742,23.142655539886075,23.322454195578864,83824654.0,770958290.0,0.1468840470520407,9.32,9.51,9.01,9.08,2026-09-08,9.31,2.568552224182694
002329,皇氏集团,2026-09-09,21.33538806091284,21.492265914301907,20.60329141176387,20.76016926515294,32580500.0,129901476.0,0.05000871654822774,4.08,4.11,3.94,3.97,2026-09-08,4.06,5.2292617796355
002330,得利斯,2026-09-09,8.672286355357459,8.672286355357459,8.475188938190241,8.534318163340407,13022700.0,56604231.0,0.020506434142312922,4.4,4.4,4.3,4.33,2026-09-08,4.38,1.9709741716721494
002331,皖通科技,2026-09-09,38.1114104742345,38.1114104742345,37.26449024147374,37.47622029966393,6660926.0,47177735.0,0.016566228757921745,7.2,7.2,7.04,7.08,2026-09-08,7.21,5.293251454754792
002332,仙琚制药,2026-09-09,25.33258847614281,25.53409770265758,25.217440346705793,25.36137550850206,9057003.0,79785484.0,0.009188264795915878,8.8,8.87,8.76,8.81,2026-09-08,8.85,2.878703235925319
002333,罗普斯金,2026-09-09,19.806895018152982,19.842454973302267,19.522415376958683,19.806895018152982,5392200.0,29825682.0,0.008090289648978519,5.57,5.58,5.49,5.57,2026-09-08,5.6,3.5559955149287217
002334,英威腾,2026-09-09,80.0253812337828,80.14428967543775,78.71738837557831,78.95520525888821,8395905.0,55957294.0,0.011422812044232837,6.73,6.74,6.62,6.64,2026-09-08,6.72,11.890844165495214
002335,科华数据,2026-09-09,250.25543011230985,252.998183082654,247.67890459471386,249.83986148043954,12445547.0,374365409.0,0.018854773859744493,30.11,30.44,29.8,30.06,2026-09-08,30.18,8.311372637406505
002337,赛象科技,2026-09-09,25.261331783511924,25.52502000672186,25.10311884958596,25.20859413886994,4868400.0,23271733.0,0.008282161208225848,4.79,4.84,4.76,4.78,2026-09-08,4.82,5.273764464198732
002338,奥普光电,2026-09-09,136.53696657449174,138.00942405715784,135.0310441490378,135.23183380576498,2288652.0,93264187.0,0.00953605,40.8,41.24,40.35,40.41,2026-09-08,40.8,3.3464942787865626
002339,积成电子,2026-09-09,40.46467069598467,40.680482273029924,40.14095333041679,40.30281201320073,7353482.0,55038524.0,0.015358354703501845,7.5,7.54,7.44,7.47,2026-09-08,7.53,5.395289426131289
002340,格林美,2026-09-09,157.6349622217359,157.6349622217359,156.1640294482827,156.8994958350093,49677255.0,317947801.0,0.009786728194629911,6.43,6.43,6.37,6.4,2026-09-08,6.42,24.515546224220202
002342,巨力索具,2026-09-09,20.67630916202846,21.132404217073205,20.017505193630495,20.65097054785931,70372397.0,571210750.0,0.07371230137531555,8.16,8.34,7.9,8.15,2026-09-08,8.03,2.5338614169152525
002343,慈文传媒,2026-09-09,17.530116613548437,18.309232907483928,16.69106829700253,17.88970874921097,97857547.0,569757037.0,0.20658986639777532,5.85,6.11,5.57,5.97,2026-09-08,6.19,2.9966011305211007
002344,海宁皮城,2026-09-09,18.050246007718545,18.224644519870417,17.875847495566674,18.093845635756516,8474100.0,35069883.0,0.006612898975077681,4.14,4.18,4.1,4.15,2026-09-08,4.17,4.35996280379675
002345,潮宏基,2026-09-09,67.76413744961675,68.12079080461474,66.62284671362322,67.55014543661797,13866211.0,130662213.0,0.01598929768851213,9.5,9.55,9.34,9.47,2026-09-08,9.58,7.133067099959659
002346,柘中股份,2026-09-09,47.52609351309873,47.83387177654026,46.88488879759551,47.32090800413769,4614100.0,85126317.0,0.010449177723245355,18.53,18.65,18.28,18.45,2026-09-08,18.5,2.564818862012883
002347,泰尔股份,2026-09-09,23.565446487714862,23.715784264351,23.415108711078727,23.565446487714862,8136985.0,51025194.0,0.016492231456557916,6.27,6.31,6.23,6.27,2026-09-08,6.32,3.758444415903487
002348,高乐股份,2026-09-09,68.23311395044485,69.37668569263107,67.34366926207778,68.74136805808317,11020700.0,119020931.0,0.012197340896455737,10.74,10.92,10.6,10.82,2026-09-08,10.75,6.353176345479036
002349,精华制药,2026-09-09,68.33387286341389,71.82425229457577,64.06785355866046,71.82425229457577,121892603.0,1083827415.0,0.14971193969583968,8.81,9.26,8.26,9.26,2026-09-08,8.42,7.75639873591531
002350,北京科锐,2026-09-09,73.62136038086345,73.82210028646908,72.26636601802548,73.2700655460536,6394719.0,93140010.0,0.012052966299286729,14.67,14.71,14.4,14.6,2026-09-08,14.61,5.018497640140658
002351,漫步者,2026-09-09,77.83464290954898,78.14351054014242,76.44473857187846,76.67638929482355,6294953.0,62584293.0,0.011934881511052597,10.08,10.12,9.9,9.93,2026-09-08,10.09,7.721690764836208
002352,顺丰控股,2026-09-09,124.1178678223989,124.1178678223989,122.94694454105553,123.41531385359288,13237300.0,418147897.0,0.00275827924223647,31.8,31.8,31.5,31.62,2026-09-08,31.84,3.903077604477953
002353,杰瑞股份,2026-09-09,1155.931259141933,1189.223684738619,1142.1582282786462,1146.536410274923,16912987.0,2153702637.0,0.024473607043820053,126.73,130.38,125.22,125.7,2026-09-08,125.78,9.121212492242822
002354,天娱数科,2026-09-09,21.888569855678185,21.941377020589357,20.647601480265795,20.938040887277204,294316601.0,2347418466.0,0.18089595965197602,8.29,8.31,7.82,7.93,2026-09-08,8.26,2.6403582455582857
002355,兴民智通,2026-09-09,10.458945754581597,10.522719814060753,10.161333477012203,10.203849516664972,11683117.0,56546200.0,0.0188996235885582,4.92,4.95,4.78,4.8,2026-09-08,4.92,2.125801982638536
002356,赫美集团,2026-09-09,15.788448235605236,15.842704071466422,15.517169056299304,15.73419239974405,12961401.0,37529876.0,0.009884789663899645,2.91,2.92,2.86,2.9,2026-09-08,2.9,5.425583586118638
002357,富临运业,2026-09-09,55.779645406845304,57.99312339918043,55.292680248531575,57.506158240866704,29729420.0,380584169.0,0.09483740579946548,12.6,13.1,12.49,12.99,2026-09-08,12.6,4.426955984670262
002358,森源电气,2026-09-09,45.953128359362076,46.37783379706413,45.528422921660024,46.37783379706413,11116800.0,60372384.0,0.01195668924222419,5.41,5.46,5.36,5.46,2026-09-08,5.41,8.494108754041049
002361,神剑股份,2026-09-09,102.67340747193776,104.50142066134912,102.064069742134,102.77496376023839,77891456.0,790212313.0,0.09223130391440004,10.11,10.29,10.05,10.12,2026-09-08,10.27,10.155628830063083
002362,汉王科技,2026-09-09,31.024604626040063,31.024604626040063,30.104789294322998,30.238929030198403,3700500.0,58703337.0,0.01781890686127446,16.19,16.19,15.71,15.78,2026-09-08,16.21,1.9162819410772118
002363,隆基机械,2026-09-09,18.949000379122797,19.030677104894878,18.703970201806552,18.785646927578636,2208100.0,15275984.0,0.005311020144073321,6.96,6.99,6.87,6.9,2026-09-08,6.96,2.722557525736034
002364,中恒电气,2026-09-09,242.75581387282443,250.29645768249802,240.83757992124077,242.75581387282443,24239924.0,898889050.0,0.04342850994048833,36.7,37.84,36.41,36.7,2026-09-08,36.81,6.614599833046987
002365,永安药业,2026-09-09,57.31096175726261,57.490619944589454,54.9394736845483,55.801832983717134,42882811.0,669678186.0,0.17457399826180803,15.95,16.0,15.29,15.53,2026-09-08,16.08,3.593163746536841
002366,融发核电,2026-09-09,14.182933104443462,14.560515350152441,13.970543091232162,14.513317569438819,84064721.0,510083788.0,0.04543012743229516,6.01,6.17,5.92,6.15,2026-09-08,5.94,2.3598890356811086
002367,康力电梯,2026-09-09,52.209673342877046,52.29907346846416,51.405072212592984,51.67327258935434,9348029.0,54043831.0,0.01176083141251358,5.84,5.85,5.75,5.78,2026-09-08,5.85,8.940012558711823
002368,太极股份,2026-09-09,77.46102841317897,78.07447068282977,76.0110739576407,76.17837639481819,7985400.0,109689436.0,0.012847063573671732,13.89,14.0,13.63,13.66,2026-09-08,13.99,5.576747905916412
002369,卓翼科技,2026-09-09,25.98038904965592,26.02256500590536,25.221221837165977,25.474277574662622,14064000.0,85110316.0,0.02480614554617862,6.16,6.17,5.98,6.04,2026-09-08,6.17,4.217595624944143
002370,亚太药业,2026-09-09,19.32694574720001,19.462335910052552,18.717690014363583,18.853080177216125,43471041.0,242774849.0,0.058301673099926316,5.71,5.75,5.53,5.57,2026-09-08,5.75,3.384754071313487
002371,北方华创,2026-09-09,4204.1683598423815,4208.019506431549,4120.662664633909,4148.968592064298,3801465.0,2456899586.0,0.005242780390134941,655.0,655.6,641.99,646.4,2026-09-08,647.87,6.418577648614322
002372,伟星新材,2026-09-09,82.47731673099915,82.57344413977653,80.74702337300616,81.1315330081157,6826815.0,57696412.0,0.00464375031890937,8.58,8.59,8.4,8.44,2026-09-08,8.56,9.612740877738828
002373,千方科技,2026-09-09,30.332025572681317,30.332025572681317,29.658860514279777,29.856850237339053,13949500.0,105287635.0,0.010125986846723823,7.66,7.66,7.49,7.54,2026-09-08,7.68,3.9597944611855507
002374,中锐股份,2026-09-09,20.779197616200197,20.779197616200197,20.32322776255317,20.453504863595178,11596400.0,36554897.0,0.01068586509686169,3.19,3.19,3.12,3.14,2026-09-08,3.18,6.513855052100375
002375,亚厦股份,2026-09-09,22.616858929164934,22.616858929164934,21.98542378139637,22.100230171899746,12805800.0,49509356.0,0.0096212126592574,3.94,3.94,3.83,3.85,2026-09-08,3.93,5.740319525168765
002376,新北洋,2026-09-09,35.320409461145246,36.012966509403,35.213862222951754,35.373683080241996,8664271.0,57915752.0,0.0110027441171622,6.63,6.76,6.61,6.64,2026-09-08,6.65,5.327361909675
002377,国创高新,2026-09-09,11.90499066821279,13.204479086221932,11.90499066821279,13.204479086221932,171862322.0,528317048.0,0.19698863148531703,2.84,3.15,2.84,3.15,2026-09-08,2.86,4.191898122610137
002378,章源钨业,2026-09-09,63.19284463239723,63.91124749769185,62.52765679416147,63.432312254162106,23629899.0,561623631.0,0.01975912667049601,23.75,24.02,23.5,23.84,2026-09-08,23.87,2.6607513529430413
002379,宏桥控股,2026-09-09,136.25496713062535,142.3473775494066,135.82491463047606,141.05722004895878,55975805.0,1087503018.0,0.049258269871356314,19.01,19.86,18.95,19.68,2026-09-08,19.01,7.16754166915441
002380,科远智慧,2026-09-09,89.98743255319648,90.37475292286591,87.92172391495954,88.6318112593535,3616800.0,99744400.0,0.02543388550490039,27.88,28.0,27.24,27.46,2026-09-08,27.91,3.227669747245211
002381,双箭股份,2026-09-09,36.24786563259307,36.564717604905944,35.99438405474277,36.12112484366792,4535932.0,25964952.0,0.014085586124123325,5.72,5.77,5.68,5.7,2026-09-08,5.75,6.3370394462575295
002382,蓝帆医疗,2026-09-09,42.33480769648999,42.33480769648999,41.570139577177365,41.77868542789899,7541701.0,45388956.0,0.007558388205403408,6.09,6.09,5.98,6.01,2026-09-08,6.09,6.951528357387519
002383,合众思壮,2026-09-09,36.554260069384426,39.790835179694504,35.88790637020294,37.41100053976063,75877575.0,592587977.0,0.10248736255518184,7.68,8.36,7.54,7.86,2026-09-08,7.81,4.759669279867764
002384,东山精密,2026-09-09,1750.252209133959,1794.3716653052309,1702.523799492644,1768.92854334143,83403209.0,16160062787.0,0.060161510575997806,193.99,198.88,188.7,196.06,2026-09-08,186.42,9.022383675106752
002385,大北农,2026-09-09,36.76141115265154,38.43238438686297,36.55253949837511,37.596897769757256,218432505.0,787246492.0,0.06342608324166882,3.52,3.68,3.5,3.6,2026-09-08,3.61,10.44358271382146
002386,天原股份,2026-09-09,14.669607131253596,14.792674305173508,14.595766826901647,14.768060870389526,12854090.0,76780288.0,0.00987723730412462,5.96,6.01,5.93,6.0,2026-09-08,5.97,2.461343478398254
002387,维信诺,2026-09-09,23.751831810124887,23.921245731737763,23.582417888512015,23.785714594447462,8944500.0,62597908.0,0.006411844765674773,7.01,7.06,6.96,7.02,2026-09-08,7.03,3.3882784322574735
002388,新亚制程,2026-09-09,24.445753011821694,25.496764685896828,24.095415787129983,25.34105925270051,31768100.0,202204841.0,0.06275508804663443,6.28,6.55,6.19,6.51,2026-09-08,6.28,3.892635829907913
002389,航天彩虹,2026-09-09,115.18060801701868,117.72048809124013,114.41273729690523,116.24381362948347,30948781.0,608141483.0,0.03142751552690595,19.5,19.93,19.37,19.68,2026-09-08,19.76,5.906697847026599
002390,信邦制药,2026-09-09,36.15840883107438,36.15840883107438,35.34716247909515,35.69483948708625,25902400.0,79907629.0,0.013436121488619553,3.12,3.12,3.05,3.08,2026-09-08,3.13,11.589233599703327
002391,长青股份,2026-09-09,33.77448098749312,34.323163891622066,33.40869238474049,34.01834005599488,8432550.0,46984115.0,0.01816974938312154,5.54,5.63,5.48,5.58,2026-09-08,5.58,6.096476712543884
002392,北京利尔,2026-09-09,64.161447922536,65.40168209629635,63.748036531282544,65.0709529832936,11430700.0,89676620.0,0.009874941942482347,7.76,7.91,7.71,7.87,2026-09-08,7.76,8.268227825069072
002393,力生制药,2026-09-09,31.114559752463574,31.114559752463574,30.700570512059645,30.809515049008052,1634933.0,23119376.0,0.005445829475004888,14.28,14.28,14.09,14.14,2026-09-08,14.3,2.1788907389680374
002394,联发股份,2026-09-09,55.407383075063926,56.018493917803596,53.72682825752982,54.49071681095441,5218600.0,55786269.0,0.01613721150648798,10.88,11.0,10.55,10.7,2026-09-08,10.8,5.092590356163964
002395,双象股份,2026-09-09,45.37457413310418,45.544135321942385,44.289382524539654,44.66241713998371,4830876.0,63832137.0,0.01801161034864602,13.38,13.43,13.06,13.17,2026-09-08,13.36,3.391223776764139
002396,星网锐捷,2026-09-09,121.43782949947229,123.348451350264,114.66969446870169,115.96503131669608,100727106.0,3669698106.0,0.13298798136196666,37.5,38.09,35.41,35.81,2026-09-08,37.33,3.2383421199859277
002397,梦洁股份,2026-09-09,47.31573054103092,48.29131261404187,47.19378278190456,48.16936485491551,16110325.0,63234947.0,0.024852094493889816,3.88,3.96,3.87,3.95,2026-09-08,3.91,12.194775912636837
002398,垒知集团,2026-09-09,29.060921072438656,29.128036363599023,28.59111403431609,28.79245990779719,8343157.0,35801354.0,0.01391127711155886,4.33,4.34,4.26,4.29,2026-09-08,4.34,6.711529116036641
002399,海普瑞,2026-09-09,36.16654792446809,36.31150402837377,35.87663571665672,36.20278695044451,3358500.0,33474741.0,0.0026928282644488755,9.98,10.02,9.9,9.99,2026-09-08,10.03,3.623902597642093
002400,省广集团,2026-09-09,125.20143279265056,125.74578684827077,121.0280516995622,121.75385710705582,80637009.0,543590999.0,0.04671455326979712,6.9,6.93,6.67,6.71,2026-09-08,6.96,18.14513518734066
002401,中远海科,2026-09-09,92.83491775542677,95.82959252173086,92.31084967132355,94.55685574605162,5653632.0,71131382.0,0.015222549978899349,12.4,12.8,12.33,12.63,2026-09-08,12.42,7.486686915760223
002402,和而泰,2026-09-09,228.68441166549482,229.66536356540044,224.6379850783842,225.741555965778,14240077.0,263314514.0,0.01739822782976128,18.65,18.73,18.32,18.41,2026-09-08,18.66,12.261898748820098
002403,爱仕达,2026-09-09,18.187968211875308,18.254590806058,16.375833650106046,16.535727876144513,64769798.0,825753704.0,0.21796164047575295,13.65,13.7,12.29,12.41,2026-09-08,13.65,1.3324518836538688
002404,嘉欣丝绸,2026-09-09,37.83186165164077,38.26814341698094,37.20860198686909,37.83186165164077,13159150.0,79625149.0,0.02887126492936079,6.07,6.14,5.97,6.07,2026-09-08,6.05,6.232596647716766
002405,四维图新,2026-09-09,25.450638147727123,25.450638147727123,24.9689225991897,25.04920852394594,31731322.0,198557905.0,0.013469661450802653,6.34,6.34,6.22,6.24,2026-09-08,6.33,4.014296237811849
002406,远东传动,2026-09-09,27.574159418159518,27.69598928304093,27.249279778475753,27.492939508238575,9277500.0,62680228.0,0.016502976616677618,6.79,6.82,6.71,6.77,2026-09-08,6.82,4.060995496047057
002407,多氟多,2026-09-09,260.541420299468,267.83971912110974,259.0503700025734,264.38676053882756,76114847.0,2553524070.0,0.07041683657466744,33.2,34.13,33.01,33.69,2026-09-08,33.52,7.84763314155024
002408,齐翔腾达,2026-09-09,50.07394762919681,51.05230184575306,49.718182459539996,50.60759538368204,30859400.0,174930147.0,0.011214458188525204,5.63,5.74,5.59,5.69,2026-09-08,5.62,8.894129241420393
002409,雅克科技,2026-09-09,410.1886225594223,416.5035028705025,403.9666081352699,407.12404829081,13766051.0,1823074444.0,0.043218423580906766,132.51,134.55,130.5,131.52,2026-09-08,132.12,3.095529564254942
002410,广联达,2026-09-09,158.92734414695977,159.10692306689984,153.1808187088776,153.53997654875775,34876191.0,300306773.0,0.021960970785555367,8.85,8.86,8.53,8.55,2026-09-08,8.87,17.957891994006754
002412,汉森制药,2026-09-09,79.57897490057917,81.35637332475454,77.63999480147876,77.80157647640381,64148075.0,626726513.0,0.1288514999648485,9.85,10.07,9.61,9.63,2026-09-08,9.88,8.079083746251692
002413,雷科防务,2026-09-09,40.78755135398656,41.28617667616243,40.48837616068103,40.78755135398656,29658609.0,242885530.0,0.022894789854557514,8.18,8.28,8.12,8.18,2026-09-08,8.18,4.986253221758748
002414,高德红外,2026-09-09,181.661073147774,182.96382187951104,179.92407483879128,182.24007258410157,45154230.0,566312827.0,0.013286078044125179,12.55,12.64,12.43,12.59,2026-09-08,12.56,14.474985908189163
002415,海康威视,2026-09-09,793.9377329184617,799.6036578634639,787.5635673553339,796.7706953909628,64500086.0,2170438700.0,0.007130158946805781,33.63,33.87,33.36,33.75,2026-09-08,33.65,23.608020604176676
002416,爱施德,2026-09-09,35.54188084784138,35.68874812407213,34.77082764762994,34.954411742918374,14859232.0,141924471.0,0.012147021151271392,9.68,9.72,9.47,9.52,2026-09-08,9.72,3.6716819057687373
002418,康盛股份,2026-09-09,23.260271595958955,23.388781383781932,21.932337121788187,22.10368350555216,219930200.0,1148993730.0,0.19353238296374517,5.43,5.46,5.12,5.16,2026-09-08,5.51,4.283659594099255
002419,天虹股份,2026-09-09,21.747600651051716,22.14704637729552,21.436920641750977,21.83636636799478,17453200.0,85989279.0,0.015293193924010514,4.9,4.99,4.83,4.92,2026-09-08,4.94,4.438285847153411
002420,毅昌科技,2026-09-09,6.075032974441479,6.161957134648113,6.017083534303723,6.0460582543726,5529377.0,34784995.0,0.013691060216006383,6.29,6.38,6.23,6.26,2026-09-08,6.27,0.9658240022959426
002421,达实智能,2026-09-09,57.979975759025145,58.32305253866435,56.43613025064874,56.77920703028794,117341203.0,389429107.0,0.05762756700019859,3.38,3.4,3.29,3.31,2026-09-08,3.41,17.153838981960103
002422,科伦药业,2026-09-09,317.5530629699773,319.2670392666749,312.56695010685695,314.51465044401334,11140499.0,450863246.0,0.00857913999492495,40.76,40.98,40.12,40.37,2026-09-08,40.76,7.790801348625547
002423,中粮资本,2026-09-09,10.363771806705559,10.437572826692271,10.237255772442623,10.332142798139826,14776565.0,144643908.0,0.0064131458038766305,9.83,9.9,9.71,9.8,2026-09-08,9.9,1.0543002855244719
002425,凯撒文化,2026-09-09,15.644804650057534,15.690020848468107,14.87612927707783,15.056994070720114,43522880.0,144853038.0,0.0472979198139722,3.46,3.47,3.29,3.33,2026-09-08,3.48,4.521619841057091
002426,胜利精密,2026-09-09,14.130355418845808,14.130355418845808,13.769360937342446,13.872502217771977,56153861.0,151491161.0,0.01757941269051032,2.74,2.74,2.67,2.69,2026-09-08,2.74,5.157064021476572
002427,尤夫股份,2026-09-09,9.47971224177405,9.555549939708243,9.252199147971474,9.328036845905666,17104993.0,84345318.0,0.017373977157589482,5.0,5.04,4.88,4.92,2026-09-08,5.01,1.8959424483548102
002428,云南锗业,2026-09-09,475.46767633918734,479.2613014163617,458.52281766114186,462.4681877414032,54614481.0,5073131945.0,0.08363530434183375,94.0,94.75,90.65,91.43,2026-09-08,90.05,5.058166769565823
002429,兆驰股份,2026-09-09,73.87324194795592,74.79320760110608,73.41325912138086,73.50525568669588,43735893.0,351790073.0,0.009666821209093781,8.03,8.13,7.98,7.99,2026-09-08,7.96,9.199656531501361
002430,杭氧股份,2026-09-09,56.02880495182678,56.11042010834801,54.96780791705074,55.273864754005366,10020600.0,271747278.0,0.010246664724743424,27.46,27.5,26.94,27.09,2026-09-08,27.46,2.0403789130308367
002432,九安医疗,2026-09-09,214.75729560668793,215.7560169033887,204.9633835358159,210.3758086276136,25397238.0,1651498848.0,0.05455172508317245,66.66,66.97,63.62,65.3,2026-09-08,67.16,3.2216816022605452
002434,万里扬,2026-09-09,45.000264488650835,45.76557510920613,44.77067130248425,45.000264488650835,13273795.0,78464764.0,0.010122305711393692,5.88,5.98,5.85,5.88,2026-09-08,5.87,7.653106205552864
002436,兴森科技,2026-09-09,484.02456592254885,487.34630313966437,462.6705409553776,468.00904719717045,172899480.0,6886889693.0,0.11390488657491203,40.8,41.08,39.0,39.45,2026-09-08,40.12,11.863347203984041
002437,誉衡药业,2026-09-09,56.87249102691667,57.309971727123724,53.51847232532928,53.95595302553633,447957558.0,1695950760.0,0.21304161450774314,3.9,3.93,3.67,3.7,2026-09-08,4.03,14.58269000690171
002438,江苏神通,2026-09-09,57.60056296306682,57.975675167601985,57.01705508934545,57.93399603376474,6245472.0,86163966.0,0.013319960577517262,13.82,13.91,13.68,13.9,2026-09-08,13.92,4.167913383724082
002439,启明星辰,2026-09-09,104.85669070186337,105.4048586144198,103.99528398213185,104.15190338571941,8684232.0,115920281.0,0.011919743442365134,13.39,13.46,13.28,13.3,2026-09-08,13.42,7.830970179377399
002440,闰土股份,2026-09-09,56.85968675345924,58.39399576109227,56.408419398273054,57.265827373126804,30174555.0,382811996.0,0.0318850271878364,12.6,12.94,12.5,12.69,2026-09-08,12.72,4.512673551861845
002441,众业达,2026-09-09,45.94763324094547,46.17122269710578,45.50045432862483,45.94763324094547,4447300.0,36503486.0,0.01114711324820135,8.22,8.26,8.14,8.22,2026-09-08,8.38,5.589736404007964
002442,龙星科技,2026-09-09,13.520401624624089,14.099487727727169,13.419690997997467,14.023954757757204,27645827.0,152958087.0,0.05624663558997885,5.37,5.6,5.33,5.57,2026-09-08,5.37,2.517765665665566
002443,金洲管道,2026-09-09,45.93379407737236,46.133680039414884,44.97434145956824,45.89381688496386,20830439.0,236969593.0,0.04001732485037716,11.49,11.54,11.25,11.48,2026-09-08,11.42,3.9977192408505102
002444,巨星科技,2026-09-09,125.8567806743726,127.75390241115656,124.60640498421952,126.89157434898203,5814875.0,169888241.0,0.005068937824648147,29.19,29.63,28.9,29.43,2026-09-08,29.12,4.311640310872648
002445,中南文化,2026-09-09,24.23265450930943,24.23265450930943,23.33791034281185,23.561596384436246,74983251.0,237477379.0,0.03168858623522465,3.25,3.25,3.13,3.16,2026-09-08,3.26,7.456201387479824
002446,盛路通信,2026-09-09,43.08874678473236,44.360739309742904,43.03574709619025,43.353745227442886,27938832.0,230457309.0,0.03295539068080917,8.13,8.37,8.12,8.18,2026-09-08,8.18,5.299968854210622
002448,中原内配,2026-09-09,76.06162737159175,78.26175708895184,74.05008020143396,76.06162737159175,33300800.0,403165545.0,0.05736477963079289,12.1,12.45,11.78,12.1,2026-09-08,11.66,6.28608490674312
002449,国星光电,2026-09-09,20.755163957105932,20.880762528707177,20.50396681390344,20.629565385504684,7741170.0,51007433.0,0.012516500831415492,6.61,6.65,6.53,6.57,2026-09-08,6.63,3.139964290031154
002451,摩恩电气,2026-09-09,24.499486914558663,24.939221295076383,24.31102932290821,24.782173302034337,12598837.0,99143316.0,0.028689207990909692,7.8,7.94,7.74,7.89,2026-09-08,7.87,3.140959860840854
002452,长高电气,2026-09-09,66.45738841484719,67.32540328393907,65.64362447507354,67.05414863734785,16924719.0,207758230.0,0.03268076098039809,12.25,12.41,12.1,12.36,2026-09-08,12.19,5.42509293182426
002453,华软科技,2026-09-09,18.657926411394364,18.657926411394364,18.416139028093358,18.577330616960698,5968800.0,27435980.0,0.00928127240286019,4.63,4.63,4.57,4.61,2026-09-08,4.61,4.029789721683448
002454,松芝股份,2026-09-09,21.861903240989545,21.946969012355265,21.649238812575252,21.77683746962383,5775355.0,29605278.0,0.00658269761072772,5.14,5.16,5.09,5.12,2026-09-08,5.13,4.253288568285904
002455,百川股份,2026-09-09,46.30154494251201,46.48100829500236,45.16494371007308,45.464049297557004,25019107.0,191111932.0,0.03786115872933798,7.74,7.77,7.55,7.6,2026-09-08,7.75,5.982111749678554
002456,欧菲光,2026-09-09,149.3103920022406,149.7112252693607,145.30205933103952,145.70289259815962,64465865.0,472684317.0,0.019431388146682098,7.45,7.47,7.25,7.27,2026-09-08,7.45,20.04166335600545
002457,青龙管业,2026-09-09,34.351351090774436,34.351351090774436,32.56616276637198,32.78254922993592,48448301.0,596574307.0,0.14527801700097276,12.7,12.7,12.04,12.12,2026-09-08,12.88,2.704830794549168
002458,益生股份,2026-09-09,91.11092239928468,93.17492387758563,91.11092239928468,92.88006652354262,43539823.0,409528953.0,0.04505429725081079,9.27,9.48,9.27,9.45,2026-09-08,9.34,9.82857846809975
002459,晶澳科技,2026-09-09,18.754007016114127,18.80805314584356,18.510799432331662,18.618891691790534,18496576.0,127271494.0,0.0055935395850655375,6.94,6.96,6.85,6.89,2026-09-08,6.92,2.702306486471776
002460,赣锋锂业,2026-09-09,657.1171603920823,663.1704402728691,653.350675132926,660.6146109898701,21036398.0,1030109850.0,0.01736580136423686,48.85,49.3,48.57,49.11,2026-09-08,49.09,13.451733068415194
002461,珠江啤酒,2026-09-09,18.750055581748743,18.835672273902848,18.536013851363485,18.621630543517586,3488900.0,30410812.0,0.001576313697458951,8.76,8.8,8.66,8.7,2026-09-08,8.79,2.140417303852596
002462,嘉事堂,2026-09-09,23.269529218078905,23.362981142649502,23.120006138765948,23.176077293508307,1684600.0,20922666.0,0.005779660268028777,12.45,12.5,12.37,12.4,2026-09-08,12.49,1.8690384914119602
002463,沪电股份,2026-09-09,445.7063171367211,457.81105698988483,439.4090536292949,446.2310890956732,47584683.0,6100788161.0,0.024746932958537787,127.4,130.86,125.6,127.55,2026-09-08,124.9,3.498479726347889
002465,海格通信,2026-09-09,71.74954939792812,72.80365639202108,71.39818039989713,71.74954939792812,44924719.0,460893438.0,0.018130252519102958,10.21,10.36,10.16,10.21,2026-09-08,10.21,7.027379960619796
002466,天齐锂业,2026-09-09,343.85597456163936,347.2687489011351,341.6566310984087,345.52444201650394,23967013.0,1089616131.0,0.01623933844509333,45.34,45.79,45.05,45.56,2026-09-08,45.59,7.583942976657242
002467,二六三,2026-09-09,55.414929626983366,55.414929626983366,54.03530482299208,54.49517975765584,24682400.0,117217242.0,0.018040034375524355,4.82,4.82,4.7,4.74,2026-09-08,4.83,11.496873366594059
002468,申通快递,2026-09-09,32.12245481105611,32.392013872407624,31.785505984366708,31.92028551504247,10094894.0,143972987.0,0.006838017275215828,14.3,14.42,14.15,14.21,2026-09-08,14.32,2.2463255112626648
002469,三维化学,2026-09-09,67.58551933213487,67.58551933213487,66.25024311432674,66.86652444562279,10163100.0,66119390.0,0.01615793928004101,6.58,6.58,6.45,6.51,2026-09-08,6.56,10.271355521601043
002470,金正大,2026-09-09,11.015487609836368,11.015487609836368,11.015487609836368,11.015487609836368,106530895.0,296155888.0,0.032422136646159345,2.78,2.78,2.78,2.78,2026-09-08,2.53,3.9624056150490534
002471,中超控股,2026-09-09,38.48285238888194,39.152119386949444,38.21514558965493,39.085192687142694,50124217.0,289889687.0,0.03729334648970396,5.75,5.85,5.71,5.84,2026-09-08,5.76,6.692669980675119
002472,双环传动,2026-09-09,197.73294153695514,199.65267883343043,195.59990009642704,198.47950604113998,16260842.0,602051953.0,0.0214815487107166,37.08,37.44,36.68,37.22,2026-09-08,37.06,5.332603601320257
002474,榕基软件,2026-09-09,37.575831407343834,37.632937534102716,36.54792112568398,36.83345175947838,13090966.0,84648940.0,0.02436773320887757,6.58,6.59,6.4,6.45,2026-09-08,6.58,5.710612675888121
002475,立讯精密,2026-09-09,1947.1978911212193,1977.3543864636333,1944.0419788179433,1958.7695695665643,71668035.0,4011223895.0,0.009783855412863945,55.53,56.39,55.44,55.86,2026-09-08,55.06,35.06569225862091
002476,宝莫股份,2026-09-09,27.061582743712123,27.112450380448422,26.50203873961281,26.603774013085413,8164300.0,42859032.0,0.013340359477124183,5.32,5.33,5.21,5.23,2026-09-08,5.33,5.086763673630098
002478,常宝股份,2026-09-09,19.32059917546773,19.32059917546773,19.09594104552043,19.124023311763843,16587696.0,113369840.0,0.022947001734391022,6.88,6.88,6.8,6.81,2026-09-08,6.88,2.80822662434124
002479,富春环保,2026-09-09,26.88917039272291,27.062929167473946,26.585092536908597,26.93261008641067,13493022.0,83438119.0,0.01563370009125209,6.19,6.23,6.12,6.2,2026-09-08,6.19,4.343969368775914
002480,新筑股份,2026-09-09,21.00466802738562,21.043279549494784,20.734387372621466,20.77299889473063,4390400.0,23676087.0,0.005720484263123562,5.44,5.45,5.37,5.38,2026-09-08,5.45,3.861152210916474
002481,双塔食品,2026-09-09,82.03117748878887,83.11290730182786,81.31002428009623,81.67060088444256,22251048.0,101520562.0,0.01989983120371942,4.55,4.61,4.51,4.53,2026-09-08,4.59,18.028830217316237
002482,广田集团,2026-09-09,10.993428272679145,10.993428272679145,10.754440701533948,10.91376574896408,45039892.0,61518531.0,0.012030818197492013,1.38,1.38,1.35,1.37,2026-09-08,1.38,7.966252371506627
002483,润邦股份,2026-09-09,21.596975769657934,21.967017410571078,21.092373532049105,21.765176515527546,68963454.0,442508502.0,0.07790273002622843,6.42,6.53,6.27,6.47,2026-09-08,6.41,3.364014917392202
002484,江海股份,2026-09-09,290.31352868360653,298.05393271449753,283.0085223794531,285.28226606352735,34719444.0,2078359488.0,0.04231652999531007,60.01,61.61,58.5,58.97,2026-09-08,59.6,4.837752519306891
002486,嘉麟杰,2026-09-09,10.825615916345184,10.935706925663947,10.385251879070124,10.568736894601399,50402358.0,146098488.0,0.06143407810916158,2.95,2.98,2.83,2.88,2026-09-08,3.0,3.6697003106254855
002487,大金重工,2026-09-09,158.6362680460141,159.4986820674059,154.85122872990564,156.0490259818387,16595215.0,543597899.0,0.0263035016793431,33.11,33.29,32.32,32.57,2026-09-08,33.11,4.791189007732229
002488,金固股份,2026-09-09,44.91409889815251,45.138669392643266,44.3526726619256,44.464957909170984,9650600.0,76753422.0,0.010488824944775503,8.0,8.04,7.9,7.92,2026-09-08,8.01,5.614262362269064
002489,浙江永强,2026-09-09,35.48825749182217,35.48825749182217,34.869995166180665,35.240952561565564,13904600.0,39524442.0,0.007268315632011844,2.87,2.87,2.82,2.85,2026-09-08,2.87,12.365246512830023
002490,山东墨龙,2026-09-09,16.228656178911965,16.427780794604136,15.730844639681536,15.91005679380449,56559301.0,454400886.0,0.10440650555081758,8.15,8.25,7.9,7.99,2026-09-08,8.3,1.9912461569217133
002491,通鼎互联,2026-09-09,103.35797117845365,106.3258618731859,101.28515862975175,104.67703370944575,195698673.0,4320140679.0,0.16634412545864072,21.94,22.57,21.5,22.22,2026-09-08,21.45,4.710937610686128
002492,恒基达鑫,2026-09-09,21.365376126236143,22.025444656965387,21.295895228264644,21.643299718122144,8123768.0,50677216.0,0.02041995705628763,6.15,6.34,6.13,6.23,2026-09-08,6.17,3.4740448985749826
002493,荣盛石化,2026-09-09,183.38956799291984,193.86897187822956,181.21700865084344,193.48557905315724,59116093.0,876395162.0,0.006314338771469399,14.35,15.17,14.18,15.14,2026-09-08,14.49,12.779760835743543
002494,华斯股份,2026-09-09,13.146115263653407,13.146115263653407,12.95983427813605,13.013057416855293,5686389.0,27922378.0,0.01982906271531377,4.94,4.94,4.87,4.89,2026-09-08,4.93,2.661156935962228
002495,佳隆股份,2026-09-09,23.596486369531945,23.596486369531945,23.128302116168218,23.409212668186452,17924245.0,44597729.0,0.025830486675787714,2.52,2.52,2.47,2.5,2026-09-08,2.53,9.36368506727458
002497,雅化集团,2026-09-09,112.59514462872896,114.11841603295079,112.21432677767352,113.039432121627,19404523.0,346000950.0,0.01831327841633936,17.74,17.98,17.68,17.81,2026-09-08,17.84,6.346964184257552
002498,汉缆股份,2026-09-09,46.58083302568928,50.58164077022701,45.93784606674571,50.58164077022701,147969537.0,1030267078.0,0.044478091533114744,6.52,7.08,6.43,7.08,2026-09-08,6.44,7.144299543817374
002500,山西证券,2026-09-09,6.78750628672691,6.78750628672691,6.7369475806805275,6.762226933703719,15877553.0,84979438.0,0.00442299817470808,5.37,5.37,5.33,5.35,2026-09-08,5.36,1.2639676511595737
002506,协鑫集成,2026-09-09,26.265108536075317,26.466373735585474,25.76194553729993,26.063843336565164,148397000.0,384339031.0,0.025391132310246985,2.61,2.63,2.56,2.59,2026-09-08,2.63,10.063259975507785
002507,涪陵榨菜,2026-09-09,92.76119915598176,92.76119915598176,91.07170636996649,91.63487063197158,15046664.0,171463471.0,0.013041885701405425,11.53,11.53,11.32,11.39,2026-09-08,11.53,8.045203742929901
002508,老板电器,2026-09-09,126.49847268722428,127.8586713182697,125.45832079289542,127.45861289737398,6750674.0,107100512.0,0.0072307542369593305,15.81,15.98,15.68,15.93,2026-09-08,15.84,8.001168417914249
002510,天汽模,2026-09-09,24.31157192653843,24.31157192653843,24.013531640223597,24.09868600774212,10706400.0,60690599.0,0.010547176760935655,5.71,5.71,5.64,5.66,2026-09-08,5.7,4.25771837592617
002511,中顺洁柔,2026-09-09,61.24756827368351,61.33101182718989,60.24624563160694,60.83035050615161,7894051.0,57501134.0,0.006240337119963721,7.34,7.35,7.22,7.29,2026-09-08,7.33,8.34435535063808
002513,蓝丰生化,2026-09-09,16.422235215232195,16.82700861842454,16.190936127693714,16.769183846539917,9466324.0,54338855.0,0.03208040341383725,5.68,5.82,5.6,5.8,2026-09-08,5.68,2.8912385942310204
002515,金字火腿,2026-09-09,91.22132771852309,92.12116818923602,87.39700571799315,89.30916671825813,93868201.0,747429661.0,0.08519130289234762,8.11,8.19,7.77,7.94,2026-09-08,7.95,11.248005883911603
002516,旷达科技,2026-09-09,57.252656849784536,58.77432214811768,56.87224052520126,56.96734460634708,37268821.0,225176176.0,0.025517873764161328,6.02,6.18,5.98,5.99,2026-09-08,6.1,9.51040811458215
002517,恺英网络,2026-09-09,99.84006239908547,100.29388086453585,96.83351506547665,97.00369699002054,51192583.0,881289603.0,0.027241085452451012,17.6,17.68,17.07,17.1,2026-09-08,17.73,5.672730818129856
002518,科士达,2026-09-09,212.5077471129423,219.02601939019243,211.6024315188798,213.0509364693798,16929031.0,602582680.0,0.029954812339725835,35.21,36.29,35.06,35.3,2026-09-08,35.37,6.035437293750136
002519,银河电子,2026-09-09,63.570923821096,65.02333508590135,63.34747593420286,64.2412674817754,28905021.0,166217387.0,0.025728930903329717,5.69,5.82,5.67,5.75,2026-09-08,5.71,11.17239434465659
002520,日发精机,2026-09-09,53.77267394226433,53.85552860165149,52.28129007329552,53.68981928287718,25768830.0,164938674.0,0.03591774065854475,6.49,6.5,6.31,6.48,2026-09-08,6.5,8.285465938715614
002521,齐峰新材,2026-09-09,25.0617374563319,25.21293949226754,24.797133893444535,24.986136438364085,3568700.0,23576053.0,0.008513656597496996,6.63,6.67,6.56,6.61,2026-09-08,6.63,3.7800508983909356
002522,浙江众成,2026-09-09,47.87630195600175,48.33226673653509,47.60272308768173,47.78510899989507,16189200.0,85082632.0,0.01788447361806825,5.25,5.3,5.22,5.24,2026-09-08,5.25,9.119295610666999
002523,天桥起重,2026-09-09,26.00163787220454,26.00163787220454,25.639498068970497,25.784353990264115,15176300.0,54000629.0,0.010751570025318178,3.59,3.59,3.54,3.56,2026-09-08,3.59,7.242796064680931
002524,光正眼科,2026-09-09,18.264588351742006,18.308179254729456,18.003042933817298,18.090224739792202,10630710.0,44268843.0,0.020874057034254892,4.19,4.2,4.13,4.15,2026-09-08,4.2,4.359090298745109
002526,山东矿机,2026-09-09,16.62708935383027,16.805875260860702,16.448303446799837,16.507898749143315,18927074.0,52507023.0,0.010685809621775207,2.79,2.82,2.76,2.77,2026-09-08,2.8,5.959530234347767
002527,新时达,2026-09-09,31.179538006583222,31.400865694296325,30.70921667019288,30.764548592121155,6105300.0,68258104.0,0.010928007495532388,11.27,11.35,11.1,11.12,2026-09-08,11.31,2.7665960964137732
002530,金财互联,2026-09-09,25.13145695962928,25.232251573103724,24.72827850573148,24.82907311920593,10622200.0,78635860.0,0.01503152373964069,7.48,7.51,7.36,7.39,2026-09-08,7.51,3.359820449148299
002531,天顺风能,2026-09-09,51.14601881729811,51.38880055219035,50.4176736126214,50.82230983744179,24425995.0,153144752.0,0.013669720881361798,6.32,6.35,6.23,6.28,2026-09-08,6.34,8.092724496407929
002532,天山铝业,2026-09-09,102.60741099187142,107.08841561697905,100.9365279113228,106.63272023137488,142276081.0,1960839065.0,0.03464354014301444,13.51,14.1,13.29,14.04,2026-09-08,13.24,7.59492309340277
002533,金杯电工,2026-09-09,64.52879188766956,64.52879188766956,63.727902626652394,64.47158551188262,5488900.0,61643424.0,0.008494855859394423,11.28,11.28,11.14,11.27,2026-09-08,11.23,5.72063757869411
002534,西子洁能,2026-09-09,39.22562617852153,39.36706473445369,38.141263916374896,38.65987195479285,7933658.0,130147272.0,0.009612302249554032,16.64,16.7,16.18,16.4,2026-09-08,16.62,2.3573092655361494
002535,林州重机,2026-09-09,9.044373737712565,9.078762991468126,8.769259707668077,8.838038215179198,13184434.0,34077895.0,0.017665511088089652,2.63,2.64,2.55,2.57,2026-09-08,2.62,3.4389253755561087
002536,飞龙股份,2026-09-09,297.966453211818,298.99215528827864,286.6837303707509,291.40195992246987,56685521.0,3221717326.0,0.10394858718040934,58.1,58.3,55.9,56.82,2026-09-08,58.59,5.128510382303236
002537,海联金汇,2026-09-09,45.21619812597937,45.57111333889914,44.15145248722004,44.29341857238795,36169583.0,227191612.0,0.030900648660106327,6.37,6.42,6.22,6.24,2026-09-08,6.4,7.098304258395505
002539,云图控股,2026-09-09,76.54911519323572,78.34822252529813,75.96875798934462,77.41965099907237,13805555.0,184056458.0,0.015515457306181531,13.19,13.5,13.09,13.34,2026-09-08,13.25,5.803572038910972
002540,亚太科技,2026-09-09,54.64130106613638,55.555374875792936,53.93035476973683,54.844428579393394,16056628.0,86359195.0,0.018709627816739016,5.38,5.47,5.31,5.4,2026-09-08,5.26,10.156375662850628
002541,鸿路钢构,2026-09-09,82.21520885619913,82.70482796601273,79.93031967706904,80.29753400942923,7480129.0,148090941.0,0.014648545219508365,20.15,20.27,19.59,19.68,2026-09-08,20.17,4.080159248446607
002543,万和电气,2026-09-09,40.37754260984088,40.54190167066791,39.00788376961561,39.33660189126967,11881778.0,85611640.0,0.017970668003520592,7.37,7.4,7.12,7.18,2026-09-08,7.43,5.478635360901069
002544,普天科技,2026-09-09,99.9946742765223,101.85446363070437,99.6227164056859,100.05666725499505,11110064.0,180440863.0,0.016327079837662854,16.13,16.43,16.07,16.14,2026-09-08,16.18,6.199297847273547
002545,东方铁塔,2026-09-09,95.80373122832303,97.99689313807247,91.6848661783058,93.55707756467726,29181219.0,513153004.0,0.025820346904999007,17.91,18.32,17.14,17.49,2026-09-08,17.94,5.3491753896327765
002546,新联电子,2026-09-09,87.49818038040594,87.83688301413655,87.04657686876514,87.72398213622634,9761300.0,75623286.0,0.012182933775486309,7.75,7.78,7.71,7.77,2026-09-08,7.77,11.290087791020122
002548,金新农,2026-09-09,20.924368588448576,21.881692641514853,20.787608009439108,21.516997764156272,78164206.0,367373746.0,0.09716218259726722,4.59,4.8,4.56,4.72,2026-09-08,4.65,4.558685966982261
002549,凯美特气,2026-09-09,114.86750203763836,116.62311888100838,113.78069161079026,114.19869562111646,12305228.0,169138443.0,0.017772887550333207,13.74,13.95,13.61,13.66,2026-09-08,13.83,8.360080206523898
002550,千红制药,2026-09-09,75.53131957883555,76.56129211854696,74.95911261232922,76.21796793864316,10494020.0,69270821.0,0.011005017276811233,6.6,6.69,6.55,6.66,2026-09-08,6.62,11.4441393301266
002551,尚荣医疗,2026-09-09,27.55758662806315,27.639117949447954,27.14993002113914,27.312992663908744,10720351.0,35946686.0,0.017540222319260033,3.38,3.39,3.33,3.35,2026-09-08,3.4,8.153132138480222
002552,宝鼎科技,2026-09-09,153.7578786902934,158.5608111774954,150.74804099831348,152.1569011945594,23183075.0,1115400959.0,0.062911446632977,48.02,49.52,47.08,47.52,2026-09-08,47.47,3.2019549914680008
002553,南方精工,2026-09-09,81.1265765736706,82.4587796997388,79.0593648263234,79.24311698164314,15447745.0,269372488.0,0.06029337951645137,17.66,17.95,17.21,17.25,2026-09-08,17.66,4.5938038829938055
002554,惠博普,2026-09-09,21.626683356553066,21.76990642513951,21.26862568508696,21.340237219380178,30577400.0,91719816.0,0.02293070218273027,3.02,3.04,2.97,2.98,2026-09-08,3.01,7.161153429322208
002555,三七互娱,2026-09-09,272.06848782917484,272.9409682818606,266.9790185218413,267.41525874818416,27446597.0,506921035.0,0.016799623517400285,18.71,18.77,18.36,18.39,2026-09-08,18.84,14.54134087809593
002556,辉隆股份,2026-09-09,32.71054654889776,34.125056669931176,32.47479486205886,33.59461537454365,36490271.0,207879869.0,0.039067097571518494,5.55,5.79,5.51,5.7,2026-09-08,5.6,5.89379217097257
002557,洽洽食品,2026-09-09,68.94249535968112,69.12018220339165,67.27223902880226,67.52100060999697,8493902.0,162083631.0,0.016843994823269436,19.4,19.45,18.93,19.0,2026-09-08,19.47,3.5537368742103674
002558,巨人网络,2026-09-09,111.80466462576743,112.0090607219754,106.36772846663503,106.81739987829259,75820318.0,1997179804.0,0.03989378844801339,27.35,27.4,26.02,26.13,2026-09-08,27.4,4.087921924159686
002559,亚威股份,2026-09-09,70.45965320213455,72.18008868542752,70.14684675062675,70.85066126651932,20461950.0,185798667.0,0.03998854122834636,9.01,9.23,8.97,9.06,2026-09-08,9.0,7.820161287695289
002560,通达股份,2026-09-09,36.633088234361324,37.57541847833203,36.51529695386499,37.4576271978357,24868451.0,157402302.0,0.039265191199287314,6.22,6.38,6.2,6.36,2026-09-08,6.23,5.889564024816933
002561,徐家汇,2026-09-09,10.661860635708406,10.788955663153935,10.534765608262875,10.690103975140746,9317383.0,70501168.0,0.02248188576068076,7.55,7.64,7.46,7.57,2026-09-08,7.59,1.4121669716170073
002562,兄弟科技,2026-09-09,35.78283361555892,36.128895836212294,35.575196283166896,35.921258503820276,30809520.0,159388777.0,0.03786917880626908,5.17,5.22,5.14,5.19,2026-09-08,5.26,6.92124441306749
002563,森马服饰,2026-09-09,42.00050327879125,42.145582737439916,41.202566256223534,41.85542382014257,10534114.0,60501631.0,0.004759047774324356,5.79,5.81,5.68,5.77,2026-09-08,5.81,7.253972932433721
002564,天沃科技,2026-09-09,17.270409025244085,17.398101513415945,16.408484730084027,17.07887029298629,73451267.0,385606089.0,0.08551738751735485,5.41,5.45,5.14,5.35,2026-09-08,5.41,3.1923122042965035
002565,顺灏股份,2026-09-09,75.53152996547138,76.14418432208585,74.56878740507717,75.00639765980182,28550779.0,245156903.0,0.026935836301575214,8.63,8.7,8.52,8.57,2026-09-08,8.67,8.752205094492627
002566,益盛药业,2026-09-09,23.821104419598964,24.48188401514956,23.589831561156252,24.18453319715179,10078607.0,73472326.0,0.0434230677000338,7.21,7.41,7.14,7.32,2026-09-08,7.24,3.303897977752977
002567,唐人神,2026-09-09,20.52995767944748,20.929567561285875,20.48000644421768,20.679811385136876,36535729.0,151359261.0,0.025519721957633315,4.11,4.19,4.1,4.14,2026-09-08,4.14,4.995123522979922
002568,百润股份,2026-09-09,145.01235625343696,145.327258221414,141.94206206566062,142.72931698560325,9770626.0,177835978.0,0.012820517816772741,18.42,18.46,18.03,18.13,2026-09-08,18.36,7.872549199426545
002570,贝因美,2026-09-09,12.552497530535694,12.602408057496074,11.728973835689416,11.878705416570556,80675632.0,388807744.0,0.07469998206001507,5.03,5.05,4.7,4.76,2026-09-08,4.76,2.4955263480190246
002571,德力股份,2026-09-09,48.67759860604008,48.75982427936109,47.36198783290386,47.855341872829946,5375556.0,62918751.0,0.018020263126422305,11.84,11.86,11.52,11.64,2026-09-08,11.79,4.111283666050682
002572,索菲亚,2026-09-09,188.8058208469365,189.5255380801523,185.92695191407344,186.40676340288394,8339400.0,64902528.0,0.011435631485981394,7.87,7.9,7.75,7.77,2026-09-08,7.87,23.990574440525606
002573,清新环境,2026-09-09,26.89254940840345,27.055042154073565,26.648810289898282,26.811303035568393,8955240.0,29544578.0,0.006339136326886768,3.31,3.33,3.28,3.3,2026-09-08,3.31,8.124637283505574
002574,明牌珠宝,2026-09-09,12.060254531703016,12.31391189279046,11.921895971109864,12.198613092296167,11844750.0,62173450.0,0.022433238636363637,5.23,5.34,5.17,5.29,2026-09-08,5.26,2.3059760098858537
002575,群兴玩具,2026-09-09,20.86476336893028,20.902699302328333,20.257788434561398,20.409532168153618,13817600.0,74617013.0,0.023647093957049625,5.5,5.51,5.34,5.38,2026-09-08,5.5,3.7935933398055055
002576,通达动力,2026-09-09,19.80318716009033,19.937446056090945,19.601798816089413,19.682354153689783,1609664.0,23682488.0,0.009934506763666784,14.75,14.85,14.6,14.66,2026-09-08,14.78,1.3425889600061243
002577,雷柏科技,2026-09-09,42.4399732693958,42.662404995126394,40.771735326416405,40.994167052147,3580701.0,66813970.0,0.012757554164454721,19.08,19.18,18.33,18.43,2026-09-08,19.07,2.22431725730586
002578,闽发铝业,2026-09-09,21.054417189689428,21.20234049547179,20.413416197965862,20.85718611531295,43229200.0,182316431.0,0.05019865233086927,4.27,4.3,4.14,4.23,2026-09-08,4.24,4.9307768594120445
002579,中京电子,2026-09-09,80.58514275636077,81.6299332205075,75.36119043562712,76.36055522741964,184532591.0,3137493829.0,0.31628469471449144,17.74,17.97,16.59,16.81,2026-09-08,17.06,4.542567235420562
002580,圣阳股份,2026-09-09,73.64247149664236,75.54519564057475,70.50650022238344,71.2816841328744,64897601.0,1333247567.0,0.14347122333967371,20.9,21.44,20.01,20.23,2026-09-08,21.12,3.5235632295044192
002582,好想你,2026-09-09,56.70634996651209,56.70634996651209,55.29782057451962,56.08033690340433,26141502.0,280436863.0,0.0759541920612161,10.87,10.87,10.6,10.75,2026-09-08,10.96,5.216775525898077
002583,海能达,2026-09-09,48.082382458606794,48.866030135464186,47.57860895205562,48.026407624545556,19184655.0,165194408.0,0.01495136112017509,8.59,8.73,8.5,8.58,2026-09-08,8.57,5.597483406124191
002584,西陇科学,2026-09-09,21.59908109051466,21.838774962049346,21.332754566587226,21.465917828550946,14387600.0,116760255.0,0.029903187837033603,8.11,8.2,8.01,8.06,2026-09-08,8.13,2.6632652392743106
002585,双星新材,2026-09-09,35.447202943837326,35.87757737251526,34.93857861903612,35.13420335934428,29142276.0,263694347.0,0.03287000443094562,9.06,9.17,8.93,8.98,2026-09-08,9.01,3.91249480616306
002587,奥拓电子,2026-09-09,42.94793823516899,42.94793823516899,42.18101076668383,42.25770351353235,9143000.0,50609879.0,0.017163096934290006,5.6,5.6,5.5,5.51,2026-09-08,5.59,7.669274684851606
002588,史丹利,2026-09-09,79.2912202249978,81.3678950404144,78.63046005645614,79.95198039353946,33981486.0,288387506.0,0.03957609911723187,8.4,8.62,8.33,8.47,2026-09-08,8.53,9.439430979166405
002589,瑞康医药,2026-09-09,30.965023184847425,30.965023184847425,30.032341763617083,30.125609905740117,74019577.0,240663702.0,0.054203306331535674,3.32,3.32,3.22,3.23,2026-09-08,3.36,9.326814212303441
002590,万安科技,2026-09-09,44.76787878343328,44.9031291725071,44.091626838064194,44.27196069016262,3635552.0,35852539.0,0.007354197726944361,9.93,9.96,9.78,9.82,2026-09-08,9.92,4.508346302460552
002591,恒大高新,2026-09-09,22.113868624031724,22.21453873916389,21.677631458459018,21.9125283937674,7680067.0,50184634.0,0.03436079998080823,6.59,6.62,6.46,6.53,2026-09-08,6.55,3.355670504405421
002593,日上集团,2026-09-09,15.752149530389776,16.644428153026233,15.752149530389776,16.198288841708003,27306199.0,128620481.0,0.0487171955455138,4.59,4.85,4.59,4.72,2026-09-08,4.61,3.4318408562940688
002594,比亚迪,2026-09-09,283.44887180906267,283.48161396821814,279.9454607794254,281.18966282733396,18185775.0,1561326834.0,0.005215204072482286,86.57,86.58,85.5,85.88,2026-09-08,86.57,3.2742159155488353
002595,豪迈科技,2026-09-09,312.6997220435703,317.4538620059787,307.5621836970967,313.3131594580746,6271515.0,256729485.0,0.005443464334174989,40.78,41.4,40.11,40.86,2026-09-08,40.92,7.667967681303833
002596,海南瑞泽,2026-09-09,16.271069572337503,16.411741643568085,16.083506810696722,16.36485095315789,16302800.0,56555073.0,0.014218750005587314,3.47,3.5,3.43,3.49,2026-09-08,3.49,4.689069041019453
002597,金禾实业,2026-09-09,109.91779717281372,113.94645851715667,108.77385629725956,111.80778644546844,18075783.0,408002488.0,0.031937350012048386,22.1,22.91,21.87,22.48,2026-09-08,22.2,4.973655980670304
002599,盛通股份,2026-09-09,21.777587577019,21.92523223855811,21.445387088555993,21.556120584710328,8192800.0,47910592.0,0.019819480068811585,5.9,5.94,5.81,5.84,2026-09-08,5.95,3.691116538477796
002600,领益智造,2026-09-09,52.01106963345081,52.262128698455406,51.46710832594087,52.052912810951575,61784803.0,765491702.0,0.008581221841550359,12.43,12.49,12.3,12.44,2026-09-08,12.43,4.184317750076493
002601,龙佰集团,2026-09-09,180.82960645986464,182.78389972739018,179.45010532984656,180.9445648873661,9637596.0,151924038.0,0.0048680135881683,15.73,15.9,15.61,15.74,2026-09-08,15.74,11.495842750150326
002602,世纪华通,2026-09-09,141.2108575407242,141.64940057656491,137.96563907550257,138.40418211134332,108209915.0,1716117396.0,0.015920646668921328,16.1,16.15,15.73,15.78,2026-09-08,16.13,8.770860716815166
002603,以岭药业,2026-09-09,67.58478536380001,67.58478536380001,66.73090304713797,67.02976185796967,10681174.0,167760567.0,0.007760942666974034,15.83,15.83,15.63,15.7,2026-09-08,15.89,4.269411583310171
002605,姚记科技,2026-09-09,86.81082447522756,87.00778607358316,84.34880449578264,84.74272769249384,7120537.0,122898421.0,0.02103845243903978,17.63,17.67,17.13,17.21,2026-09-08,17.69,4.924039958889822
002606,大连电瓷,2026-09-09,52.034624809885656,52.31698323908658,51.268223359197414,52.15563556525748,14048302.0,180640829.0,0.03334180064271822,12.9,12.97,12.71,12.93,2026-09-08,12.86,4.03369184572757
002607,中公教育,2026-09-09,15.860967477337478,16.011308401293284,15.485115167447965,15.635456091403771,140103520.0,290570124.0,0.024493170170327098,2.11,2.13,2.06,2.08,2026-09-08,2.13,7.5170461977902745
002608,江苏国信,2026-09-09,20.59037177143499,20.780520323413942,20.427387298310173,20.6718640079974,18100720.0,137159692.0,0.004790984155478791,7.58,7.65,7.52,7.61,2026-09-08,7.59,2.716407885413587
002609,捷顺科技,2026-09-09,44.84372364319725,45.015319524484994,44.2717373722381,44.55773050771768,3666600.0,28569272.0,0.007978266528308825,7.84,7.87,7.74,7.79,2026-09-08,7.88,5.719862709591486
002611,东方精工,2026-09-09,97.00009410364527,97.53233055963236,96.20173941966466,96.60091676165496,10853023.0,157883549.0,0.010810188708262381,14.58,14.66,14.46,14.52,2026-09-08,14.62,6.652955699838496
002612,朗姿股份,2026-09-09,39.866243837427284,40.05699141559679,39.17478386656281,39.58012247017302,4798800.0,79682528.0,0.018360935847120483,16.72,16.8,16.43,16.6,2026-09-08,16.8,2.3843447271188567
002613,北玻股份,2026-09-09,13.243848435541528,13.319962507010159,13.129677328338586,13.1677343640729,13841300.0,47997399.0,0.017890399940535002,3.48,3.5,3.45,3.46,2026-09-08,3.5,3.8057035734314737
002614,奥佳华,2026-09-09,32.48626065615191,32.59808943637964,31.759373584671753,31.983031145127185,8151600.0,46762858.0,0.018472821381117333,5.81,5.83,5.68,5.72,2026-09-08,5.81,5.591439011385872
002615,哈尔斯,2026-09-09,37.751924386535734,37.751924386535734,37.06552576132599,37.40872507393087,4856300.0,31695880.0,0.0160689196536381,6.6,6.6,6.48,6.54,2026-09-08,6.58,5.719988543414505
002616,长青集团,2026-09-09,23.872654379754504,24.113792302782326,23.82442679514894,24.065564718176763,8040286.0,40009971.0,0.013686052856502068,4.95,5.0,4.94,4.99,2026-09-08,4.97,4.822758460556465
002617,露笑科技,2026-09-09,49.415098710479405,51.38539770212532,49.099850871816066,51.22777378279365,155945628.0,998390349.0,0.08305486600301595,6.27,6.52,6.23,6.5,2026-09-08,6.27,7.881195966583638
002622,皓宸医疗,2026-09-09,13.958284013613182,14.009981361811748,13.648099924421777,13.699797272620344,17206195.0,45820861.0,0.020484169027599326,2.7,2.71,2.64,2.65,2026-09-08,2.71,5.169734819856734
002623,亚玛顿,2026-09-09,16.63616769983025,16.778444027134846,16.280476881568756,16.39226542445094,4782277.0,77529270.0,0.02482544059308332,16.37,16.51,16.02,16.13,2026-09-08,16.35,1.0162594807471135
002624,完美世界,2026-09-09,41.64812563749003,42.15959384707324,39.565719355615535,39.63878624269885,68244214.0,753044574.0,0.037338173830168235,11.4,11.54,10.83,10.85,2026-09-08,11.51,3.6533443541657924
002625,光启技术,2026-09-09,170.54371961894992,174.5485396244527,170.54371961894992,171.89919715927394,16916390.0,474168033.0,0.007851391340338345,27.68,28.33,27.68,27.9,2026-09-08,27.88,6.161261546927381
002626,金达威,2026-09-09,134.17940158631984,134.4943767074145,130.9509065950997,132.2108070794783,3534100.0,59532788.0,0.005794926736686465,17.04,17.08,16.63,16.79,2026-09-08,17.03,7.8743780273661885
002627,三峡旅游,2026-09-09,24.435672124015525,24.468872765488374,23.738458653085736,23.970863143395665,12221449.0,88150424.0,0.017505273131928116,7.36,7.37,7.15,7.22,2026-09-08,7.37,3.320064147284718
002628,成都路桥,2026-09-09,18.263977673423252,18.439592843360014,17.982993401524432,18.158608571461194,14429900.0,74613456.0,0.019103924186503363,5.2,5.25,5.12,5.17,2026-09-08,5.21,3.5123033987352406
002629,仁智股份,2026-09-09,18.245433003031064,18.318123971170632,17.663905257914536,17.70025074198432,11611066.0,57200822.0,0.031990462482586295,5.02,5.04,4.86,4.87,2026-09-08,5.05,3.6345484069782996
002631,德尔未来,2026-09-09,33.11946069354006,34.353913319390195,32.547397281560734,32.72804888534368,25577019.0,283277508.0,0.032225458011777626,11.0,11.41,10.81,10.87,2026-09-08,10.99,3.0108600630490967
002632,道明光学,2026-09-09,70.44216024228386,71.05737561557892,68.67341604406057,70.90357177225516,29727969.0,270269589.0,0.051744595089252825,9.16,9.24,8.93,9.22,2026-09-08,9.24,7.6901921661881945
002633,申科股份,2026-09-09,22.348863404511977,22.500073576396364,22.10692712949696,22.303500352946664,1177469.0,17365194.0,0.007872673263763903,14.78,14.88,14.62,14.75,2026-09-08,14.79,1.5121017188438415
002635,安洁科技,2026-09-09,75.25669282991382,76.37235808750015,74.09031551516448,74.95242048693574,11576500.0,171899463.0,0.029268093458138297,14.84,15.06,14.61,14.78,2026-09-08,14.83,5.0712057163014705
002636,金安国纪,2026-09-09,183.5952971162425,187.71719925370138,179.84095313116845,182.46636850534608,49839542.0,3485865080.0,0.06872192872490682,69.93,71.5,68.5,69.5,2026-09-08,68.64,2.6254153741776416
002637,赞宇科技,2026-09-09,56.92953848911768,58.4176145511932,56.036692851872374,57.099604324783456,42184631.0,566847602.0,0.09076435703621627,13.39,13.74,13.18,13.43,2026-09-08,13.55,4.251645891644338
002638,勤上股份,2026-09-09,23.299775080594294,23.723407354786918,22.452510532209047,22.66432666930536,36064300.0,155934589.0,0.026661368365058755,4.4,4.48,4.24,4.28,2026-09-08,4.39,5.295403427407794
002639,雪人集团,2026-09-09,40.58532436754989,40.64153672816977,38.84274118833376,39.43297097484245,104573936.0,1467983874.0,0.15842014092980983,14.44,14.46,13.82,14.03,2026-09-08,14.78,2.81061803099376
002640,跨境通,2026-09-09,42.864197880440045,42.864197880440045,41.774430137717,42.137686051958006,66658694.0,231465685.0,0.043053891054521794,3.54,3.54,3.45,3.48,2026-09-08,3.54,12.108530474700578
002641,公元股份,2026-09-09,27.040374529911457,27.107472233459625,26.637788308622454,26.90617912281512,5763300.0,23054252.0,0.005082465487190628,4.03,4.04,3.97,4.01,2026-09-08,4.03,6.7097703548167384
002642,荣联科技,2026-09-09,34.75259120848832,35.18760278133448,34.46258349325753,34.607587350872926,7780902.0,55939904.0,0.011761084553312578,7.19,7.28,7.13,7.16,2026-09-08,7.2,4.8334619205129785
002643,万润股份,2026-09-09,80.09217182851808,81.59742799444167,79.96673381469111,80.84479991147988,14332386.0,184990794.0,0.015885777200083478,12.77,13.01,12.75,12.89,2026-09-08,12.75,6.271900691348322
002644,佛慈制药,2026-09-09,51.46607516775529,52.16948393997975,50.93851858858696,51.70054475849678,6781400.0,59565986.0,0.013279755295628965,8.78,8.9,8.69,8.82,2026-09-08,8.86,5.86173976853705
002645,华宏科技,2026-09-09,93.90960754424684,95.81210944159793,93.5396766197619,95.07224759262806,15103039.0,270638274.0,0.022203380686569657,17.77,18.13,17.7,17.99,2026-09-08,17.8,5.284727492641916
002646,天佑德酒,2026-09-09,7.800338583354,7.821535155591374,7.67315914992975,7.694355722167124,6944511.0,50668077.0,0.014589270542019103,7.36,7.38,7.24,7.26,2026-09-08,7.38,1.0598286118687499
002647,仁东控股,2026-09-09,45.52729049522211,45.52729049522211,44.1119343140235,44.38714246036767,16026803.0,182048259.0,0.015785417805319363,11.58,11.58,11.22,11.29,2026-09-08,11.58,3.93154494777393
002648,卫星化学,2026-09-09,306.261612685093,315.400423543964,304.81277681722315,314.06303658900725,42869727.0,1197821784.0,0.012734278936847046,27.48,28.3,27.35,28.18,2026-09-08,27.69,11.144891291306148
002649,博彦科技,2026-09-09,50.28706751242404,50.54627920063241,49.094693746665534,49.405747772515575,11293677.0,107929913.0,0.019299928409128322,9.7,9.75,9.47,9.53,2026-09-08,9.74,5.184233764167427
002651,利君股份,2026-09-09,27.39221718773525,28.11888500240412,27.171057418053415,27.83453672709891,23536704.0,206469510.0,0.04162372660844519,8.67,8.9,8.6,8.81,2026-09-08,8.76,3.159425281169002
002652,扬子新材,2026-09-09,23.132408326575625,24.727746831856702,22.733573700255356,24.62803817527664,46380530.0,222053692.0,0.09057565069991251,4.64,4.96,4.56,4.94,2026-09-08,4.59,4.985432829003368
002653,海思科,2026-09-09,207.60088517437592,213.6583800795591,203.74910852271051,207.7325698462277,7552008.0,477390869.0,0.014063680336698452,63.06,64.9,61.89,63.1,2026-09-08,65.02,3.2921167962952094
002654,万润科技,2026-09-09,87.88262726553103,89.07023033668685,85.00737772483797,85.63243197281471,42932019.0,595658302.0,0.050792543873655276,14.06,14.25,13.6,13.7,2026-09-08,13.95,6.250542479767498
002655,共达电声,2026-09-09,113.76750898024164,114.77864732821229,106.51620254193776,106.89176821404115,28982089.0,1098324565.0,0.07978066303467841,39.38,39.73,36.87,37.0,2026-09-08,39.1,2.8889667084875987
002657,中科金财,2026-09-09,60.44718216728615,60.781966560828046,59.03364806122038,59.480027252609574,6530168.0,104824761.0,0.019427655177452933,16.25,16.34,15.87,15.99,2026-09-08,16.35,3.719826594909917
002658,雪迪龙,2026-09-09,44.18591543179388,44.299796657133555,43.55956869242567,43.78733114310502,5247600.0,40333663.0,0.01463121880018268,7.76,7.78,7.65,7.69,2026-09-08,7.75,5.694061266983748
002659,凯文教育,2026-09-09,9.468885656815482,9.5481231936926,9.211363661964853,9.29060119884197,14895400.0,69920359.0,0.024897109961079567,4.78,4.82,4.65,4.69,2026-09-08,4.82,1.9809384219279251
002660,茂硕电源,2026-09-09,19.645234893537914,19.718996726680107,19.251838450112874,19.399362116397263,13168900.0,103971651.0,0.03802170512182271,7.99,8.02,7.83,7.89,2026-09-08,8.08,2.4587277714064975
002661,克明食品,2026-09-09,32.38817925426118,35.221187841513334,32.235043654950246,33.421844549609936,23167904.0,205050296.0,0.07511866686147194,8.46,9.2,8.42,8.73,2026-09-08,8.68,3.8283899827731886
002662,峰璟股份,2026-09-09,16.585419893944884,16.585419893944884,16.33638956520697,16.436001696702135,8196500.0,27115918.0,0.005464402184800862,3.33,3.33,3.28,3.3,2026-09-08,3.32,4.980606574758223
002663,普邦股份,2026-09-09,14.0348179134192,14.0348179134192,13.644961860268667,13.80090428152888,20455300.0,36171919.0,0.011982371346278262,1.8,1.8,1.75,1.77,2026-09-08,1.81,7.797121063010667
002664,信质集团,2026-09-09,48.29123307356501,48.70074777020972,47.818716115898035,47.97622176845369,2803093.0,42868153.0,0.00695647479373595,15.33,15.46,15.18,15.23,2026-09-08,15.33,3.1501130511131774
002666,德联集团,2026-09-09,20.50036311543524,20.547598975148222,20.264183816870318,20.453127255722258,7691500.0,33203920.0,0.015358615862808182,4.34,4.35,4.29,4.33,2026-09-08,4.36,4.7235859712984425
002668,TCL智家,2026-09-09,51.08848330207293,52.315499276576865,50.80961603514021,51.42312402239219,13787338.0,127671823.0,0.01271763920562601,9.16,9.38,9.11,9.22,2026-09-08,9.15,5.57734533865425
002669,康达新材,2026-09-09,25.83218580461716,26.357657444255427,25.66403487993292,26.126449922814594,10189300.0,126341365.0,0.03365940159448833,12.29,12.54,12.21,12.43,2026-09-08,12.31,2.1018865585530646
002670,国盛证券,2026-09-09,24.630999038896256,24.81020598420755,24.372144562335507,24.571263390459162,22411701.0,276782954.0,0.013805828839809353,12.37,12.46,12.24,12.34,2026-09-08,12.37,1.9911882812365609
002671,龙泉股份,2026-09-09,17.284333030629167,17.367631021138223,17.076088054356525,17.15938604486558,9101351.0,37573713.0,0.016506013455050487,4.15,4.17,4.1,4.12,2026-09-08,4.14,4.164899525452811
002672,东江环保,2026-09-09,23.081479179426946,23.32444211815776,22.959997710061543,23.081479179426946,5472300.0,20846073.0,0.006045950002235178,3.8,3.84,3.78,3.8,2026-09-08,3.8,6.0740734682702495
002673,西部证券,2026-09-09,17.77453053831987,17.826351327061325,17.644978566466225,17.74862014394914,14892653.0,101982678.0,0.003332001512208624,6.86,6.88,6.81,6.85,2026-09-08,6.87,2.591039437072867
002674,兴业科技,2026-09-09,32.02186473998473,33.37096993726254,29.94393259705109,30.036974334794394,31878000.0,648334255.0,0.10896090400184094,20.65,21.52,19.31,19.37,2026-09-08,21.05,1.5506956290549505
002675,东诚药业,2026-09-09,66.59849468906046,67.23276606705151,66.12279115556717,66.7042065853923,6103310.0,76955284.0,0.008210171390911061,12.6,12.72,12.51,12.62,2026-09-08,12.61,5.2855948165921
002676,顺威股份,2026-09-09,24.43194119824834,24.523105157943295,24.15844931916347,24.38635921840086,6995200.0,37347064.0,0.00971589650255699,5.36,5.38,5.3,5.35,2026-09-08,5.38,4.5581979847478244
002677,浙江美大,2026-09-09,34.8333527599152,34.8333527599152,33.98762644100982,34.25191591566776,3809800.0,24688260.0,0.006979161118499508,6.59,6.59,6.43,6.48,2026-09-08,6.59,5.285789493158604
002678,珠江钢琴,2026-09-09,12.955765676985378,13.064637657464248,12.710803720907924,12.792457706267076,10991050.0,51861646.0,0.008096093747339004,4.76,4.8,4.67,4.7,2026-09-08,4.79,2.721799511971718
002679,福建金森,2026-09-09,17.571356877061525,18.376513391643858,17.302971372200748,17.950254060394386,24315317.0,276477329.0,0.10313763806647551,11.13,11.64,10.96,11.37,2026-09-08,11.47,1.5787382638869294
002681,奋达科技,2026-09-09,47.20837523858898,47.59692153684897,45.65419004554901,46.139872918373996,32932539.0,157498718.0,0.02094879764015008,4.86,4.9,4.7,4.75,2026-09-08,4.88,9.713657456499789
002682,龙洲股份,2026-09-09,13.638045109045049,13.688369998746323,13.210283546584225,13.512232884791866,26354630.0,140197768.0,0.046863623397859946,5.42,5.44,5.25,5.37,2026-09-08,5.42,2.516244485063662
002683,广东宏大,2026-09-09,83.72096325861246,85.29331742854357,82.47963101919316,84.54851808489198,10147026.0,308808177.0,0.01521919885061641,30.35,30.92,29.9,30.65,2026-09-08,30.37,2.7585160875984336
002685,华东重机,2026-09-09,15.665353322930683,15.752222195331408,15.462659287328991,15.549528159729716,18544548.0,99673588.0,0.018404867643515187,5.41,5.44,5.34,5.37,2026-09-08,5.43,2.8956290800241558
002686,亿利达,2026-09-09,32.803030949390724,32.90349965061397,32.04951569021636,32.40115614449773,9582200.0,61911679.0,0.018330978120270625,6.53,6.55,6.38,6.45,2026-09-08,6.55,5.023435061162439
002687,乔治白,2026-09-09,45.881163992544046,47.645824146103436,44.75178149426604,45.24588633726267,25547211.0,166792575.0,0.06176544482334959,6.5,6.75,6.34,6.41,2026-09-08,6.47,7.058640614237546
002688,金河生物,2026-09-09,35.42777170940592,36.14282765216456,35.23275645228992,35.687792052227245,16467782.0,90676056.0,0.022044010196027808,5.45,5.56,5.42,5.49,2026-09-08,5.48,6.500508570533196
002690,美亚光电,2026-09-09,95.64247467185538,95.76158111602955,93.8558780092429,94.33230378593956,3040925.0,48364171.0,0.007121065182508597,16.06,16.08,15.76,15.84,2026-09-08,15.97,5.9553222087083055
002692,远程股份,2026-09-09,18.056319177864317,18.750792992397557,17.974616376154525,18.2605761821388,20504300.0,92347766.0,0.028563023649368104,4.42,4.59,4.4,4.47,2026-09-08,4.42,4.085140085489664
002693,双成药业,2026-09-09,31.64828144103237,31.755321851768674,30.89899856587828,31.18443966117508,9439300.0,82418258.0,0.02296769512764265,8.87,8.9,8.66,8.74,2026-09-08,8.92,3.568013691209963
002695,煌上煌,2026-09-09,40.02500684498312,40.73440528719831,39.24093488253475,39.72631276405041,6467000.0,69172742.0,0.012644353666314322,10.72,10.91,10.51,10.64,2026-09-08,10.63,3.733676011658873
002696,百洋股份,2026-09-09,24.496244419734555,26.37558592283589,24.13981758293948,25.144293213907428,60841129.0,473336084.0,0.1820179678796184,7.56,8.14,7.45,7.76,2026-09-08,7.55,3.2402439708643596
002697,红旗连锁,2026-09-09,40.14315590562254,40.552779945475834,39.65160705779859,40.30700552156386,24957600.0,122332201.0,0.021738320490108647,4.9,4.95,4.84,4.92,2026-09-08,4.93,8.192480797065825
002698,博实股份,2026-09-09,35.162470561247495,35.30947085623599,34.162868555325744,34.39806902730733,11067801.0,129989101.0,0.013111359444555487,11.96,12.01,11.62,11.7,2026-09-08,11.99,2.9400058997698575
002700,万憬能源,2026-09-09,40.18450003009649,41.5701724449274,39.823020269705815,41.329185938000286,6449700.0,43825284.0,0.01575541190777455,6.67,6.9,6.61,6.86,2026-09-08,6.67,6.024662673177884
002701,奥瑞金,2026-09-09,48.2170627784938,48.42807837052221,47.795031594436956,47.900539390451165,13481892.0,61404580.0,0.00527180589649245,4.57,4.59,4.53,4.54,2026-09-08,4.57,10.550779601420961
002702,海欣食品,2026-09-09,44.52689159059993,45.0515088700179,41.116879274383145,42.297268153073574,174120499.0,1137994583.0,0.37955939236229375,6.79,6.87,6.27,6.45,2026-09-08,6.79,6.557715992724585
002703,浙江世宝,2026-09-09,44.59063234066148,44.9318202279061,43.068409459108594,43.357106902161725,44240484.0,734696360.0,0.07548951351045648,16.99,17.12,16.41,16.52,2026-09-08,16.93,2.6245222095739544
002705,新宝股份,2026-09-09,25.59301105368286,25.615480773659755,25.30090469398323,25.323374413960124,2676200.0,30248604.0,0.0033117049130098946,11.39,11.4,11.26,11.27,2026-09-08,11.39,2.246971997689452
002706,良信股份,2026-09-09,122.08104654663353,123.68913936612816,121.41100787184412,123.15310842629661,19896292.0,182205928.0,0.02174482881275185,9.11,9.23,9.06,9.19,2026-09-08,9.17,13.400773495788533
002707,众信旅游,2026-09-09,68.30161808020493,68.54043492663922,66.27167488551353,68.1822096569878,23132808.0,130781883.0,0.026734537506437006,5.72,5.74,5.55,5.71,2026-09-08,5.74,11.94084232171415
002708,光洋股份,2026-09-09,41.532852669505445,43.16860809771982,41.07279645532016,42.120702276519985,52623650.0,870000121.0,0.10325846939206335,16.25,16.89,16.07,16.48,2026-09-08,16.25,2.5558678565849506
002709,天赐材料,2026-09-09,507.06161910475146,511.8994163055123,502.9797277166095,508.87579305503675,31294372.0,1051129397.0,0.020738332328903954,33.54,33.86,33.27,33.66,2026-09-08,33.67,15.118116252377801
002712,思美传媒,2026-09-09,27.013606266836174,27.16651347212015,26.096163035132303,26.452946514128254,22727900.0,117860203.0,0.04201865137531554,5.3,5.33,5.12,5.19,2026-09-08,5.38,5.096906842799278
002714,牧原股份,2026-09-09,789.0812435784013,793.8413624491759,784.870369192716,791.8274660038481,28524349.0,1231218871.0,0.008695124192252539,43.1,43.36,42.87,43.25,2026-09-08,43.23,18.30814950297915
002715,登云股份,2026-09-09,22.19353448749102,22.224770989232738,21.662513957881803,21.849932968332116,1846482.0,25881369.0,0.013380304347826086,14.21,14.23,13.87,13.99,2026-09-08,14.21,1.5618250870859267
002716,湖南白银,2026-09-09,35.788520326857515,36.63498485682103,35.07749012168816,36.56726769442395,214416887.0,2273881317.0,0.09232255450525766,10.57,10.82,10.36,10.8,2026-09-08,10.61,3.385858119854069
002718,友邦吊顶,2026-09-09,228.20660636485326,229.42652763907734,220.5617663797156,224.95348296692234,792200.0,65869774.0,0.008233619185010348,84.18,84.63,81.36,82.98,2026-09-08,84.19,2.710936164942424
002721,金一文化,2026-09-09,10.903708613652368,11.013477492313298,10.537812351449269,10.830529361211747,168313100.0,492642964.0,0.06329038635215167,2.98,3.01,2.88,2.96,2026-09-08,3.03,3.658962622030996
002722,物产金轮,2026-09-09,14.344120470010322,14.611934519114325,14.311982784117841,14.333407908046162,2213541.0,29810739.0,0.0099548964073586,13.39,13.64,13.36,13.38,2026-09-08,13.41,1.0712561964160061
002723,小崧股份,2026-09-09,21.464051257540675,21.729695456272612,21.198407058808737,21.464051257540675,5206138.0,41885111.0,0.016383910504905567,8.08,8.18,7.98,8.08,2026-09-08,8.07,2.6564419873193903
002724,海洋王,2026-09-09,14.010503876672859,14.419711917577072,13.854615099185539,13.932559487929199,14874860.0,107521816.0,0.026258482079266413,7.19,7.4,7.11,7.15,2026-09-08,7.25,1.9486097185914961
002725,跃岭股份,2026-09-09,31.096766169711252,31.287376820488817,30.824465240029017,31.06953607674303,2965900.0,33842005.0,0.01191299451559617,11.42,11.49,11.32,11.41,2026-09-08,11.37,2.7230092968223514
002727,一心堂,2026-09-09,26.645659259966603,26.669197828217456,26.410273577458064,26.551504986963185,3621608.0,40766215.0,0.0091119243887663,11.32,11.33,11.22,11.28,2026-09-08,11.35,2.353856825085389
002728,特一药业,2026-09-09,50.525027821944825,51.112528145455805,50.20457310002974,50.47161870162564,16512572.0,156100500.0,0.032938915715904925,9.46,9.57,9.4,9.45,2026-09-08,9.57,5.340912031918057
002729,好利科技,2026-09-09,39.80051049912624,40.284147867593106,39.34532238762801,39.85740901306352,3597160.0,50253535.0,0.020501154154521136,13.99,14.16,13.83,14.01,2026-09-08,13.91,2.84492569686392
002730,电光科技,2026-09-09,54.335043304072144,55.41439538999411,54.335043304072144,54.5417277460572,6068600.0,145093811.0,0.017537791823064527,23.66,24.13,23.66,23.75,2026-09-08,23.62,2.2964937998339874
002732,燕塘乳业,2026-09-09,15.522835139376639,15.543811943619039,15.260625086346627,15.302578694831428,1916200.0,28121948.0,0.012200232155863218,14.8,14.82,14.55,14.59,2026-09-08,14.77,1.048840212120043
002733,雄韬股份,2026-09-09,45.35987816199517,46.28304399917549,45.11037388167616,45.334927733963276,8997487.0,164148760.0,0.024392505831687932,18.18,18.55,18.08,18.17,2026-09-08,18.18,2.4950428031900533
002734,利民股份,2026-09-09,61.69482226231949,62.96615231466265,60.352862762623936,61.482933920262305,20697316.0,360661275.0,0.04795425258709787,17.47,17.83,17.09,17.41,2026-09-08,17.66,3.531472367619891
002735,王子新材,2026-09-09,38.08078251849058,38.2092168608801,37.599153734529914,37.82391383371156,8280700.0,97721057.0,0.029049039301609837,11.86,11.9,11.71,11.78,2026-09-08,11.88,3.210858559737823
002736,国信证券,2026-09-09,13.013179613805416,13.02602579308854,12.923256358823542,12.97464107595604,13654300.0,137813529.0,0.0014204837782913783,10.13,10.14,10.06,10.1,2026-09-08,10.12,1.2846179283124792
002737,葵花药业,2026-09-09,73.98459628503208,73.98459628503208,72.98226475195798,73.29549335604364,3802015.0,44532179.0,0.006510403333477742,11.81,11.81,11.65,11.7,2026-09-08,11.83,6.264572081713132
002738,中矿资源,2026-09-09,133.71129504062876,135.61060320881947,131.40499226496854,132.95157177335244,14156457.0,695203325.0,0.01991020125272585,49.28,49.98,48.43,49.0,2026-09-08,49.29,2.7132973831296416
002739,儒意电影,2026-09-09,23.722414240387202,24.508642826640035,23.26152162085968,24.373086173837823,102617810.0,908871507.0,0.048867661172129026,8.75,9.04,8.58,8.99,2026-09-08,8.77,2.7111330560442517
002741,光华科技,2026-09-09,79.82606810710591,82.05733492528535,78.19424610575082,79.06011084116372,14886800.0,357377630.0,0.03461832401319272,23.97,24.64,23.48,23.74,2026-09-08,23.89,3.33024898235736
002742,三圣股份,2026-09-09,21.236454239740873,21.47189164816372,20.62431697784147,20.76557942289518,53378500.0,237122705.0,0.10188270267545597,4.51,4.56,4.38,4.41,2026-09-08,4.61,4.708748168456957
002743,富煌钢构,2026-09-09,8.773996600936865,9.146940528046038,8.499195812540632,8.891768367392395,53891471.0,241588601.0,0.12401074560482958,4.47,4.66,4.33,4.53,2026-09-08,4.4,1.9628627742588065
002745,木林森,2026-09-09,24.926524598549026,25.806284290262518,24.81373489448319,25.49047311887819,51571106.0,579243495.0,0.04879988825074718,11.05,11.44,11.0,11.3,2026-09-08,11.0,2.2557940813166537
002746,仙坛股份,2026-09-09,30.68671674307355,31.31389051592469,30.46272610991243,30.821111122970226,25125499.0,173631212.0,0.03540417171110904,6.85,6.99,6.8,6.88,2026-09-08,6.86,4.4798126632224164
002747,埃斯顿,2026-09-09,183.8235466228258,185.3442576306255,180.66046772660246,182.850291577834,24288252.0,729630096.0,0.030966248894510457,30.22,30.47,29.7,30.06,2026-09-08,30.23,6.082844031198737
002748,世龙实业,2026-09-09,24.136916814779397,24.387339734645426,23.693860879631814,23.867230593385216,3183000.0,39473101.0,0.0132625,12.53,12.66,12.3,12.39,2026-09-08,12.53,1.9263301528155945
002749,国光股份,2026-09-09,82.15964101214423,83.97934513201456,81.88668539416369,83.61540430804048,6342617.0,58008099.0,0.01165243451922456,9.03,9.23,9.0,9.19,2026-09-08,9.12,9.098520599351522
002752,昇兴股份,2026-09-09,13.180059253631391,13.510593654976379,12.973475252790774,13.386643254472009,19541059.0,126172819.0,0.020031288345338665,6.38,6.54,6.28,6.48,2026-09-08,6.38,2.065840008406174
002753,永东股份,2026-09-09,25.543053072718067,26.731102052844488,25.543053072718067,26.13707756278128,9206539.0,64696374.0,0.031125369838502698,6.88,7.2,6.88,7.04,2026-09-08,6.89,3.712653062895068
002755,奥赛康,2026-09-09,23.883924366433998,23.962749199326524,23.39126916085574,23.489800201971395,6836365.0,81991001.0,0.007365569565115946,12.12,12.16,11.87,11.92,2026-09-08,12.16,1.9706208223130364
002756,永兴材料,2026-09-09,123.9488131647968,125.6843858112117,123.25458410623084,125.13478780651363,8558580.0,368558446.0,0.021736934516464412,42.85,43.45,42.61,43.26,2026-09-08,43.1,2.8926210773581515
002757,南兴股份,2026-09-09,44.60762811318981,44.91108136566049,43.2926640191502,43.77313166889544,15528005.0,270245250.0,0.05463689582645256,17.64,17.76,17.12,17.31,2026-09-08,17.65,2.528777103922325
002758,浙农股份,2026-09-09,37.16118958049267,38.41336009896579,36.91883399627207,37.44393776208337,18048246.0,167730771.0,0.03482551390507491,9.2,9.51,9.14,9.27,2026-09-08,9.3,4.039259737010073
002759,天际股份,2026-09-09,36.87688881070131,37.202615273382584,36.29523441305618,36.85362263479551,13985266.0,220530112.0,0.02791205646500227,15.85,15.99,15.6,15.84,2026-09-08,15.94,2.326617590580524
002760,凤形股份,2026-09-09,17.652416099330193,17.76754055215191,17.460542011293995,17.623634986124763,1903722.0,34958378.0,0.017628899081353934,18.4,18.52,18.2,18.37,2026-09-08,18.38,0.9593704401809887
002761,浙江建投,2026-09-09,21.619938397225482,21.762174834049336,21.278570948848238,21.307018236213008,14847985.0,111726573.0,0.013725397008041056,7.6,7.65,7.48,7.49,2026-09-08,7.62,2.844728736477037
002763,汇洁股份,2026-09-09,21.578001303839624,21.578001303839624,21.212272468181325,21.352937404972977,3218500.0,24414337.0,0.010599151301239874,7.67,7.67,7.54,7.59,2026-09-08,7.66,2.813298735833067
002765,蓝黛科技,2026-09-09,15.027200700004455,15.440035884070513,14.944633663191244,14.985917181597848,11268596.0,82676662.0,0.018909946879586643,7.28,7.48,7.24,7.26,2026-09-08,7.29,2.0641759203302823
002766,索菱股份,2026-09-09,8.36107525473997,8.459440845972203,8.203690308768392,8.203690308768392,18182800.0,76440971.0,0.021187634350413855,4.25,4.3,4.17,4.17,2026-09-08,4.27,1.9673118246446986
002767,先锋电子,2026-09-09,27.129833426241483,27.2909717457278,26.661067405917656,26.89545041607957,1332200.0,24563455.0,0.010225363966964107,18.52,18.63,18.2,18.36,2026-09-08,18.5,1.4648938135119591
002768,国恩股份,2026-09-09,167.07951634334904,169.5345397797958,164.95550730282767,168.48632752603203,4578772.0,277743860.0,0.018151127629842948,60.57,61.46,59.8,61.08,2026-09-08,60.71,2.7584532993783895
002769,普路通,2026-09-09,39.669403160538266,40.13127202010469,39.41280934966803,39.669403160538266,7773437.0,60202516.0,0.020839742116456162,7.73,7.82,7.68,7.73,2026-09-08,7.77,5.131876217404692
002771,真视通,2026-09-09,34.904894950576356,35.30637209141519,34.101940668898685,34.26725478571468,7726400.0,113062116.0,0.04278364939645424,14.78,14.95,14.44,14.51,2026-09-08,14.77,2.361630240228441
002772,众兴菌业,2026-09-09,26.291094103613677,27.42189385000566,26.291094103613677,26.726017082995206,27521311.0,339128518.0,0.07405435578877967,12.09,12.61,12.09,12.29,2026-09-08,12.4,2.1746148969076655
002773,康弘药业,2026-09-09,43.931435259407685,44.149999613932096,43.71287090488327,43.822153082145476,3323423.0,66688034.0,0.004838719007204812,20.1,20.2,20.0,20.05,2026-09-08,20.18,2.1856435452441634
002774,快意电梯,2026-09-09,19.365117948749198,20.081429709608546,19.24161592101483,19.883826465233554,11687600.0,187378750.0,0.041478935792523125,15.68,16.26,15.58,16.1,2026-09-08,15.7,1.235020277343699
002775,文科股份,2026-09-09,17.03076950423859,17.125648442980868,16.793572157382904,16.88845109612518,9806439.0,35000590.0,0.016530024357820448,3.59,3.61,3.54,3.56,2026-09-08,3.59,4.743946937113814
002777,久远银海,2026-09-09,65.74267672686048,65.99729592409852,64.82604761680356,65.08066681404159,4623550.0,59246675.0,0.011429959600331848,12.91,12.96,12.73,12.78,2026-09-08,12.97,5.092383944760688
002778,中晟高科,2026-09-09,22.24015978612666,22.741420801472337,22.108248992614644,22.477599214448297,2545266.0,43271936.0,0.020569018593863776,16.86,17.24,16.76,17.04,2026-09-08,16.82,1.3191079351202053
002779,中坚科技,2026-09-09,157.92534398122132,157.92534398122132,152.19649232531245,154.29707126581235,2568646.0,208051875.0,0.015491657883181808,82.7,82.7,79.7,80.8,2026-09-08,82.76,1.9096172186362916
002780,三夫户外,2026-09-09,25.456857088006878,25.529799371926668,25.219794665267557,25.2745013782074,4024975.0,55983933.0,0.030355336649524254,13.96,14.0,13.83,13.86,2026-09-08,14.0,1.823557097994762
002782,可立克,2026-09-09,39.72766994905005,40.60420517180651,39.46986547176874,39.72766994905005,7449450.0,115658138.0,0.01521138132194417,15.41,15.75,15.31,15.41,2026-09-08,15.44,2.578044772813112
002783,凯龙股份,2026-09-09,33.40475397774718,33.64917900685265,32.99737892923807,33.40475397774718,8964922.0,73439128.0,0.019441768681033738,8.2,8.26,8.1,8.2,2026-09-08,8.18,4.07375048509112
002785,万里石,2026-09-09,37.12593673431913,37.80575027933126,35.51264787376795,36.35480495191731,6006600.0,216584178.0,0.030915995933516613,36.59,37.26,35.0,35.83,2026-09-08,36.65,1.0146470821076559
002786,银宝山新,2026-09-09,24.101907429591115,24.101907429591115,23.438275435284474,23.589100888535985,6664600.0,52199377.0,0.013549756155826466,7.99,7.99,7.77,7.82,2026-09-08,7.97,3.016509065030177
002787,华源控股,2026-09-09,50.28064422510994,51.6340384008266,49.35787546893948,50.71126964465615,28457214.0,700212470.0,0.11470833027421225,24.52,25.18,24.07,24.73,2026-09-08,24.23,2.0505972359343367
002788,鹭燕医药,2026-09-09,39.99921179961229,40.06672101783948,38.8178004806364,39.12159196265877,15112102.0,175399059.0,0.039575815590786795,11.85,11.87,11.5,11.59,2026-09-08,11.9,3.3754609113596867
002790,瑞尔特,2026-09-09,23.3052874985515,23.3052874985515,23.3052874985515,23.3052874985515,22216358.0,170843793.0,0.08521891464244959,7.69,7.69,7.69,7.69,2026-09-08,6.99,3.030596553777828
002791,坚朗五金,2026-09-09,21.22903903431628,21.242896109403954,20.827183856773736,20.924183382387454,2876100.0,43540647.0,0.013545355231002986,15.32,15.33,15.03,15.1,2026-09-08,15.35,1.3857075087673811
002792,通宇通讯,2026-09-09,109.04366108516768,111.62995304680308,106.5272689062792,107.4010161906155,45876803.0,1428948634.0,0.13533202635610275,31.2,31.94,30.48,30.73,2026-09-08,31.64,3.4949891373451183
002793,罗欣药业,2026-09-09,16.068557393390083,16.13578985110301,15.732395104825436,15.934092477964224,19583540.0,92883330.0,0.018033927960025665,4.78,4.8,4.68,4.74,2026-09-08,4.82,3.3616228856464607
002795,永和智控,2026-09-09,27.996608757875286,29.98246000495684,27.996608757875286,29.398386108756384,31395929.0,235666751.0,0.07234445961885744,7.19,7.7,7.19,7.55,2026-09-08,7.2,3.8938259746697197
002796,世嘉科技,2026-09-09,66.95760046940377,69.23691211328978,65.03936789781653,65.55841906424602,9128700.0,270733149.0,0.04009025711804081,29.67,30.68,28.82,29.05,2026-09-08,29.6,2.256744201867333
002797,第一创业,2026-09-09,10.682031467626663,10.682031467626663,10.566639152389955,10.599608385314728,36100845.0,232532047.0,0.008590530411193604,6.48,6.48,6.41,6.43,2026-09-08,6.49,1.6484616462386825
002798,帝欧水华,2026-09-09,18.987372467770776,18.987372467770776,18.328850879293174,18.795303671131474,12288831.0,83612205.0,0.02378103646942245,6.92,6.92,6.68,6.85,2026-09-08,6.88,2.7438399519899965
002799,环球印务,2026-09-09,17.828029312369324,18.030046641687957,17.626011983050695,17.77752498003967,4391984.0,30870203.0,0.013723414692981223,7.06,7.14,6.98,7.04,2026-09-08,7.08,2.5252166164829073
002800,天顺股份,2026-09-09,27.445695747850294,27.4633117271493,26.811520493086103,26.952448327478148,2417553.0,37152195.0,0.01651640878633189,15.58,15.59,15.22,15.3,2026-09-08,15.59,1.7615979299005324
002801,微光股份,2026-09-09,116.83340816584547,118.60809284684566,115.69253944234535,117.29820653467887,1289119.0,35730023.0,0.011132028873247343,27.65,28.07,27.38,27.76,2026-09-08,27.63,4.225439716667106
002802,洪汇新材,2026-09-09,25.608398945608894,25.628531334717074,25.064824439687946,25.32654549809433,1859922.0,23417157.0,0.012425784806565542,12.72,12.73,12.45,12.58,2026-09-08,12.68,2.013238910818309
002803,吉宏股份,2026-09-09,68.00537178234714,68.46844338008685,66.5500039037366,67.54230018460743,7604542.0,155083020.0,0.02555597283995638,20.56,20.7,20.12,20.42,2026-09-08,20.58,3.3076542695694133
002805,丰元股份,2026-09-09,35.955249767744085,36.527313258450675,35.679811790737205,36.06118745120827,6848562.0,116681182.0,0.024563010479008694,16.97,17.24,16.84,17.02,2026-09-08,16.98,2.118753669283682
002806,华锋股份,2026-09-09,24.23024814978529,24.90051780814726,24.12970770103099,24.582139720425324,4271900.0,62592497.0,0.025618328760116726,14.46,14.86,14.4,14.67,2026-09-08,14.46,1.67567414590493
002807,江阴银行,2026-09-09,7.854714630025311,7.910421825982936,7.7804383687484755,7.854714630025311,39813107.0,168421244.0,0.014726470594151355,4.23,4.26,4.19,4.23,2026-09-08,4.22,1.856906531920877
002809,红墙股份,2026-09-09,24.011267805886387,24.011267805886387,23.580572419233714,23.742083189228467,4082331.0,36026518.0,0.024017907551873385,8.92,8.92,8.76,8.82,2026-09-08,8.89,2.6918461665791913
002810,山东赫达,2026-09-09,73.98371167070509,76.06920446733771,73.53926238617683,75.21449430478336,4551067.0,99471612.0,0.014088452497319597,21.64,22.25,21.51,22.0,2026-09-08,21.68,3.4188406502174256
002811,郑中设计,2026-09-09,25.178691536988346,25.697839816101506,24.93642234006887,25.092166823802817,8778003.0,127953859.0,0.031010743325320438,14.55,14.85,14.41,14.5,2026-09-08,14.66,1.7304942637105392
002812,恩捷股份,2026-09-09,177.62630636294136,183.15409598004533,176.8892677473275,181.16409171788789,18417315.0,899053036.0,0.022388854458946925,48.2,49.7,48.0,49.16,2026-09-08,48.03,3.6851930780693225
002813,路畅科技,2026-09-09,20.80437239773522,21.010541853929,20.59820294154145,20.76688704206363,978400.0,21713766.0,0.008160674131737301,22.2,22.42,21.98,22.16,2026-09-08,22.33,0.9371338917898749
002815,崇达技术,2026-09-09,41.19517921551627,43.433287424169094,40.029497856842916,42.10441067528147,134304287.0,2433017444.0,0.1728190878068703,17.67,18.63,17.17,18.06,2026-09-08,17.08,2.331362717346704
002817,黄山胶囊,2026-09-09,24.828715031982295,25.191178025149924,24.71997613403201,25.00994652856611,3648222.0,25115995.0,0.012564400905429035,6.85,6.95,6.82,6.9,2026-09-08,6.87,3.624629931676248
002818,富森美,2026-09-09,30.520040274703724,31.08772924349804,30.14158096217419,31.060696435460216,5532850.0,62970082.0,0.018544382930592747,11.29,11.5,11.15,11.49,2026-09-08,11.31,2.7032808037824383
002819,东方中科,2026-09-09,28.135535951930173,29.119567582094316,28.0966925981079,29.08072422827205,5194954.0,115361119.0,0.02185127252043844,21.73,22.49,21.7,22.46,2026-09-08,21.78,1.2947784607422996
002820,桂发祥,2026-09-09,18.521805663870946,18.521805663870946,17.966845194541477,18.14027034120694,10022318.0,105200820.0,0.04989497222545748,10.68,10.68,10.36,10.46,2026-09-08,10.68,1.734251466654583
002821,凯莱英,2026-09-09,549.2499731916969,564.6675162988323,547.4512598291977,555.8345488937027,7823501.0,1359020435.0,0.024596679199417448,171.0,175.8,170.44,173.05,2026-09-08,174.31,3.211988147319865
002823,凯中精密,2026-09-09,28.853880606612652,29.140654649338927,28.699463814375427,28.897999690109003,2635971.0,34523384.0,0.011818393076931551,13.08,13.21,13.01,13.1,2026-09-08,13.14,2.205954174817481
002824,和胜股份,2026-09-09,46.2022240140346,47.899895619449545,45.38077001141447,45.65458801228785,16761965.0,426319103.0,0.0741102299345205,25.31,26.24,24.86,25.01,2026-09-08,25.56,1.8254533391558516
002825,纳尔股份,2026-09-09,31.00859006195335,31.308189965933572,30.589150196381038,30.76891013876917,4846404.0,49937981.0,0.018798373023568796,10.35,10.45,10.21,10.27,2026-09-08,10.38,2.995999039802256
002826,易明医药,2026-09-09,18.984751420377215,19.21834455865926,18.899808461001925,19.20772668873735,2824810.0,50851520.0,0.015291617690275473,17.88,18.1,17.8,18.09,2026-09-08,18.03,1.0617869921911194
002827,高争民爆,2026-09-09,85.05679713471172,87.23569665518856,83.0373292864649,87.1692667917594,13246690.0,852495115.0,0.047995449256813094,64.02,65.66,62.5,65.61,2026-09-08,64.15,1.3285972685834384
002828,贝肯能源,2026-09-09,20.058056199382158,20.058056199382158,19.17550172660934,19.448291290920938,16573800.0,201819395.0,0.08246180361375528,12.5,12.5,11.95,12.12,2026-09-08,12.5,1.6046444959505726
002829,星网宇达,2026-09-09,45.495179897922924,46.04543606504826,45.03296471753764,45.09899545759267,4834200.0,99711860.0,0.032083888157883475,20.67,20.92,20.46,20.49,2026-09-08,20.67,2.2010246685013506
002830,名雕股份,2026-09-09,31.146671350935648,31.18652633666941,30.190151693325337,30.38942662199415,2808115.0,43083479.0,0.030248614469836108,15.63,15.65,15.15,15.25,2026-09-08,15.5,1.992749286688141
002831,裕同科技,2026-09-09,70.42342554918052,73.57783423001834,70.42342554918052,72.9269245022264,16163047.0,466566319.0,0.022630285498668072,28.13,29.39,28.13,29.13,2026-09-08,28.18,2.5034989530458773
002832,比音勒芬,2026-09-09,140.74997055401613,142.08283012365644,138.19088018030675,139.09722468766216,5504956.0,143812680.0,0.014226993161979489,26.4,26.65,25.92,26.09,2026-09-08,26.56,5.331438278561217
002833,弘亚数控,2026-09-09,64.8963975315796,65.2104123583453,64.12880573281896,65.07085021311609,3059216.0,56774063.0,0.010438637212466049,18.6,18.69,18.38,18.65,2026-09-08,18.91,3.4890536307300852
002835,同为股份,2026-09-09,27.688984941179815,27.837394508245865,27.09534667291562,27.24375623998167,1472300.0,18990482.0,0.011551631855714619,13.06,13.13,12.78,12.85,2026-09-08,13.05,2.1201366723721145
002836,新宏泽,2026-09-09,35.03442865745807,35.30340699647886,34.597338856549285,35.168917826968475,3022209.0,31408690.0,0.0131172265625,10.42,10.5,10.29,10.46,2026-09-08,10.42,3.362229237759892
002837,英维克,2026-09-09,850.8656290780386,865.0354769849686,835.7511246439799,842.4986712663275,36898081.0,2317662601.0,0.03255980901833483,63.05,64.1,61.93,62.43,2026-09-08,63.0,13.4950932446953
002838,道恩股份,2026-09-09,126.80328236401046,130.31167357566292,126.80328236401046,128.0562792253149,4905276.0,125962598.0,0.011661476167431793,25.3,26.0,25.3,25.55,2026-09-08,25.51,5.011987445217804
002839,张家港行,2026-09-09,7.34874140380024,7.515758253886609,7.315338033782965,7.482354883869336,38753617.0,172706046.0,0.01586908350902932,4.4,4.5,4.38,4.48,2026-09-08,4.41,1.6701685008636908
002840,华统股份,2026-09-09,19.935089961823742,20.13246709015863,19.649989665340016,19.80350520960048,13355743.0,120879256.0,0.016768485974638633,9.09,9.18,8.96,9.03,2026-09-08,9.09,2.1930792037209836
002841,视源股份,2026-09-09,84.34554279548415,85.35072483348098,83.57370658773658,83.86090145573567,4453100.0,209476112.0,0.008541553463574323,46.99,47.55,46.56,46.72,2026-09-08,47.4,1.7949679249943424
002842,翔鹭钨业,2026-09-09,83.1023414686347,84.05208251399053,81.15537232565526,82.0338827926094,22491838.0,783085274.0,0.08378032293941394,35.0,35.4,34.18,34.55,2026-09-08,34.35,2.374352613389563
002843,泰嘉股份,2026-09-09,28.878312271457556,29.33979728624422,28.505574374899098,28.71856745864679,5792150.0,94208022.0,0.0231285541112412,16.27,16.53,16.06,16.18,2026-09-08,16.25,1.7749423645640785
002845,同兴达,2026-09-09,37.62935651709636,39.407788220455004,37.62935651709636,38.56091598076041,8792420.0,120598318.0,0.035136707573066604,13.33,13.96,13.33,13.66,2026-09-08,13.41,2.822907465648639
002846,英联股份,2026-09-09,26.640880961730037,26.8121262938991,26.42070839179838,26.51856286732356,3831600.0,41672057.0,0.014118333663292945,10.89,10.96,10.8,10.84,2026-09-08,10.91,2.4463618881294797
002847,盐津铺子,2026-09-09,105.01057135832674,105.23399810589765,101.77088351854857,102.30710771271876,2984028.0,137281320.0,0.012236096146568818,47.0,47.1,45.55,45.79,2026-09-08,47.1,2.2342674757090797
002848,高斯贝尔,2026-09-09,12.441501481349636,12.76819298633037,12.42335195329515,12.659295818003457,5278600.0,73304553.0,0.031910122871383194,13.71,14.07,13.69,13.95,2026-09-08,13.69,0.9074764027242622
002849,威星智能,2026-09-09,35.901047902785706,36.53999869972071,35.641474141530864,36.14065445163634,5368600.0,96784787.0,0.024548754198051425,17.98,18.3,17.85,18.1,2026-09-08,17.95,1.9967212404218968
002850,科达利,2026-09-09,292.7205077282994,294.8288992081949,287.64719072980097,289.24495614815925,1805532.0,318450768.0,0.008611677770875785,177.71,178.99,174.63,175.6,2026-09-08,177.6,1.6471808436683328
002851,麦格米特,2026-09-09,308.69089828655024,310.80440624466263,299.00200787183275,301.7329451210791,22619554.0,2896714818.0,0.04600377146436036,129.99,130.88,125.91,127.06,2026-09-08,128.6,2.374728042822911
002852,道道全,2026-09-09,29.160864172531898,29.375507757398065,28.21029972526745,28.762240372066167,28288424.0,264150386.0,0.09897329827344495,9.51,9.58,9.2,9.38,2026-09-08,9.63,3.0663369266595057
002853,皮阿诺,2026-09-09,58.25372746819337,59.016995773813115,57.136084592107295,58.526323291628984,1685100.0,35964314.0,0.013092750361303501,21.37,21.65,20.96,21.47,2026-09-08,21.38,2.725958234356264
002855,捷荣技术,2026-09-09,14.744665795269931,15.038091980250428,13.570961055347945,13.570961055347945,11976300.0,203963493.0,0.04863921793995556,18.09,18.45,16.65,16.65,2026-09-08,18.5,0.8150727360569338
002857,三晖电气,2026-09-09,29.181421183114164,29.403333131274728,28.53153619207251,28.86440411431336,3033300.0,55526231.0,0.02358981577577193,18.41,18.55,18.0,18.21,2026-09-08,18.7,1.5850853440040285
002858,力盛体育,2026-09-09,22.8110145319021,23.202379977302378,22.196011689130227,22.531467785187612,6342300.0,76721307.0,0.04303023467811925,12.24,12.45,11.91,12.09,2026-09-08,12.5,1.8636449780965767
002859,洁美科技,2026-09-09,240.07480186883996,243.36614995897727,236.62856680975497,238.758262632785,9451046.0,585697073.0,0.02206563297310019,62.0,62.85,61.11,61.66,2026-09-08,61.78,3.872174223690967
002860,星帅尔,2026-09-09,60.09939366663203,61.55312531284555,55.667284989151796,57.298300982464525,20371670.0,330217106.0,0.05922957541911637,16.95,17.36,15.7,16.16,2026-09-08,17.08,3.545686941984191
002861,瀛通通讯,2026-09-09,20.808065693468393,20.87412304487623,20.081434827982196,20.1607036496716,3526048.0,54445728.0,0.024830588993200432,15.75,15.8,15.2,15.26,2026-09-08,15.75,1.3211470281567235
002862,实丰文化,2026-09-09,29.931179516116487,30.418169921259803,29.594032312555726,30.043561917303403,7628560.0,122132943.0,0.05933082895455141,15.98,16.24,15.8,16.04,2026-09-08,16.2,1.8730400197820078
002863,今飞凯达,2026-09-09,8.342009898866362,8.513656193081719,8.290516010601754,8.479326934238648,12503939.0,61151161.0,0.020857851590037113,4.86,4.96,4.83,4.94,2026-09-08,4.86,1.7164629421535722
002864,盘龙药业,2026-09-09,31.076886931822102,31.38499486895598,30.404651432620902,30.614725026121274,2358220.0,51698042.0,0.023917832242871185,22.19,22.41,21.71,21.86,2026-09-08,22.14,1.4004906233358314
002865,钧达股份,2026-09-09,58.01447719086952,58.30971626054316,56.907330679593386,56.9811404470118,5056693.0,196540897.0,0.022098858982854457,39.3,39.5,38.55,38.6,2026-09-08,39.09,1.4761953483681813
002866,传艺科技,2026-09-09,26.4303010439835,26.50326253754867,25.99253208259247,26.138455069722813,3436000.0,49427083.0,0.018697397177565862,14.49,14.53,14.25,14.33,2026-09-08,14.53,1.824037339129296
002867,周大生,2026-09-09,33.584527489128206,33.61571089441059,33.30387684158675,33.490977273281054,6957699.0,74585446.0,0.006447437189635552,10.77,10.78,10.68,10.74,2026-09-08,10.78,3.1183405282384595
002868,绿康生化,2026-09-09,34.35169485640887,34.5752702057806,32.94448530448094,33.24696960068975,7424015.0,190203175.0,0.06910353176509527,26.12,26.29,25.05,25.28,2026-09-08,26.49,1.315149113951335
002869,金溢科技,2026-09-09,26.674678823108124,26.724538035861595,26.059748532481954,26.142847220404413,2001900.0,31743573.0,0.012633848569980429,16.05,16.08,15.68,15.73,2026-09-08,16.1,1.6619737584491043
002871,伟隆股份,2026-09-09,71.15656436533604,71.15656436533604,69.19111450562855,69.88266167848859,4052578.0,77960958.0,0.027123234354095246,19.55,19.55,19.01,19.2,2026-09-08,19.4,3.6397219624212807
002873,新天药业,2026-09-09,30.952009227244847,31.095139905752337,30.486834522095503,30.486834522095503,3817848.0,32755253.0,0.015928237604096094,8.65,8.69,8.52,8.52,2026-09-08,8.67,3.5782669626872656
002875,安奈儿,2026-09-09,22.418318194409633,22.62693532864537,21.696181960516697,22.065273813395308,6768400.0,92749705.0,0.03186469678399319,13.97,14.1,13.52,13.75,2026-09-08,13.89,1.6047471864287497
002876,三利谱,2026-09-09,49.5124182000515,49.94567352206805,49.25246500684157,49.78970160614209,2280939.0,65274882.0,0.015313514837017482,28.57,28.82,28.42,28.73,2026-09-08,28.56,1.7330212880662057
002877,智能自控,2026-09-09,21.432193193843897,21.572456238306227,21.20777232270417,21.348035367166503,3625200.0,27569280.0,0.015072678399651094,7.64,7.69,7.56,7.61,2026-09-08,7.65,2.8052608892465836
002878,元隆雅图,2026-09-09,41.135140700921525,41.135140700921525,39.92801467583806,40.45419781497701,5907600.0,76933738.0,0.025039490093646827,13.29,13.29,12.9,13.07,2026-09-08,13.27,3.095194936111477
002879,长缆科技,2026-09-09,24.634539606414222,25.20607264903775,24.50264736580879,24.869014700823875,7140600.0,121104414.0,0.052068331448858744,16.81,17.2,16.72,16.97,2026-09-08,16.82,1.4654693400603345
002880,卫光生物,2026-09-09,53.99539896877287,53.99539896877287,52.866993565690464,53.46720920562792,2828280.0,62850397.0,0.01247037037037037,22.49,22.49,22.02,22.27,2026-09-08,22.72,2.400862559749794
002881,美格智能,2026-09-09,99.53429875661911,100.9708762644466,90.91483370965415,91.01744638878469,24825128.0,1163371319.0,0.1354794550899792,48.5,49.2,44.3,44.35,2026-09-08,47.51,2.052253582610703
002882,金龙羽,2026-09-09,25.03420421045731,26.699681413647816,24.513742584460278,24.98215804785761,20422602.0,499120030.0,0.08268593407803759,24.05,25.65,23.55,24.0,2026-09-08,24.4,1.040923251994067
002884,凌霄泵业,2026-09-09,99.28054197298262,99.28054197298262,98.2920611568235,98.53918136086327,1019110.0,16270702.0,0.003737691165843276,16.07,16.07,15.91,15.95,2026-09-08,16.06,6.178005100994563
002885,京泉华,2026-09-09,79.86291872954075,80.88130494152819,75.89657243022128,77.23655428809948,44637401.0,1303468410.0,0.1875493461753741,29.8,30.18,28.32,28.82,2026-09-08,28.39,2.679963715756401
002886,沃特股份,2026-09-09,57.73553152606998,61.80331323343419,56.881522106844336,58.454697352786305,62590464.0,1653847880.0,0.2993639450554961,25.69,27.5,25.31,26.01,2026-09-08,25.0,2.247393208488516
002887,绿茵生态,2026-09-09,43.29728815887063,43.65960856187373,42.708517503990585,43.25199810849524,2777011.0,26461242.0,0.012783658805286242,9.56,9.64,9.43,9.55,2026-09-08,9.56,4.529005037538768
002888,惠威科技,2026-09-09,34.80148918271601,35.12705702834457,34.150353491458894,34.18462379099874,3932820.0,79284634.0,0.052491477252251714,20.31,20.5,19.93,19.95,2026-09-08,20.32,1.7135149769924183
002889,东方嘉盛,2026-09-09,33.69259254930518,33.74805360699951,33.41528726083354,33.49847884737503,1621732.0,19617592.0,0.006453767150367706,12.15,12.17,12.05,12.08,2026-09-08,12.18,2.773052884716476
002890,弘宇股份,2026-09-09,40.08577086167848,40.27221630754675,39.10027350494619,39.313354014509926,2272500.0,33767866.0,0.014073236939246532,15.05,15.12,14.68,14.76,2026-09-08,15.07,2.663506369546743
002891,中宠股份,2026-09-09,75.51194474585044,75.71582444816796,72.9124785413021,73.3712078715165,7829378.0,226577483.0,0.0243225623580477,29.63,29.71,28.61,28.79,2026-09-08,29.74,2.5484962789689654
002892,科力尔,2026-09-09,77.3362880221876,77.67622774975767,76.40145377136996,76.65640856704749,4805440.0,43436570.0,0.009589324445259235,9.1,9.14,8.99,9.02,2026-09-08,9.13,8.498493189251386
002893,京能热力,2026-09-09,19.46192874964084,21.33536675077449,19.298230283522365,20.28042108023321,38841951.0,429921786.0,0.1915485537040202,10.7,11.73,10.61,11.15,2026-09-08,10.67,1.8188718457608262
002895,川恒股份,2026-09-09,39.71124216963449,40.18399505260633,39.01393166725102,39.971256255269,5614500.0,188410312.0,0.009367668869975643,33.6,34.0,33.01,33.82,2026-09-08,33.71,1.1818822074295978
002896,中大力德,2026-09-09,145.77882026109395,146.70469400044675,144.32056912161335,145.1075618000632,3797712.0,238601623.0,0.019324549172876595,62.98,63.38,62.35,62.69,2026-09-08,63.16,2.31468434838193
002897,意华股份,2026-09-09,98.1672980807665,98.7068435358669,92.08242433713426,94.300555652547,16625961.0,1054309068.0,0.09018292694436766,65.5,65.86,61.44,62.92,2026-09-08,64.3,1.498737375278878
002899,英派斯,2026-09-09,20.38082975524646,21.086048777919345,20.27000962311215,20.81403572631695,4898927.0,100986193.0,0.03314632770294299,20.23,20.93,20.12,20.66,2026-09-08,20.43,1.007455746675554
002900,哈三联,2026-09-09,21.630619970522243,21.66564931460406,21.210267841540432,21.332870545826793,8728300.0,106628850.0,0.044094972699238975,12.35,12.37,12.11,12.18,2026-09-08,12.42,1.7514672040908699
002901,大博医疗,2026-09-09,47.90864169593308,48.21514383276729,47.34279159716221,47.43709994695736,901700.0,36432155.0,0.003126427828268568,40.64,40.9,40.16,40.24,2026-09-08,40.99,1.1788543724392981
002902,铭普光磁,2026-09-09,38.268390454285125,38.60420082755856,37.163014642260066,37.66673020217022,15768649.0,427916016.0,0.084563615912377,27.35,27.59,26.56,26.92,2026-09-08,26.91,1.3992098886393098
002903,宇环数控,2026-09-09,38.32024994904372,39.012294123052655,37.506080332562625,37.77747020472299,8519201.0,239141833.0,0.07919979397941257,28.24,28.75,27.64,27.84,2026-09-08,28.34,1.3569493608018315
002905,金逸影视,2026-09-09,19.34641224352818,20.861625007209728,19.25857382244519,20.42243290179479,19335620.0,177054815.0,0.05533316163003663,8.81,9.5,8.77,9.3,2026-09-08,8.88,2.1959605270747082
002906,华阳集团,2026-09-09,30.139980130064643,30.32173949941941,29.616085477218537,29.669544115264056,5521900.0,154408970.0,0.010523891693638978,28.19,28.36,27.7,27.75,2026-09-08,28.2,1.0691727609104165
002907,华森制药,2026-09-09,15.750447935988642,15.923648738033878,15.653022484838196,15.782923086372124,11482600.0,167487292.0,0.033867415689104355,14.55,14.71,14.46,14.58,2026-09-08,14.64,1.0825050127827245
002908,德生科技,2026-09-09,22.791701545195536,22.915907003207504,22.29487971314768,22.419085171159644,4415698.0,31972713.0,0.013576398394879558,7.34,7.38,7.18,7.22,2026-09-08,7.36,3.1051364502991197
002909,集泰股份,2026-09-09,21.937714499748736,23.157832102626866,20.131940447489107,21.010425121561358,148845933.0,1305067671.0,0.3912597769020218,8.99,9.49,8.25,8.61,2026-09-08,8.72,2.4402352057562555
002910,庄园牧场,2026-09-09,10.488389053465788,11.484061009693418,10.343388283141376,10.604389669725318,27577327.0,306604409.0,0.1612240358761173,10.85,11.88,10.7,10.97,2026-09-08,10.8,0.9666718021627455
002911,佛燃能源,2026-09-09,33.10507431032051,33.7023308056098,32.93442959738071,33.56012687815997,4898812.0,57529025.0,0.003866349703902843,11.64,11.85,11.58,11.8,2026-09-08,11.66,2.8440785489966074
002912,中新赛克,2026-09-09,52.270171411077044,52.270171411077044,51.09974518100713,51.68495829604209,1966847.0,38185828.0,0.012124353441829855,19.65,19.65,19.21,19.43,2026-09-08,19.61,2.6600596137952697
002913,奥士康,2026-09-09,128.22051464382858,139.66842483370718,126.61310259661961,139.57041190399934,22366651.0,1561049463.0,0.07322790005637919,65.41,71.25,64.59,71.2,2026-09-08,64.77,1.9602585941572939
002915,中欣氟材,2026-09-09,37.573182195550956,39.03894919328948,36.747397971472914,38.95637077088168,24010117.0,441166024.0,0.07976933690668099,18.2,18.91,17.8,18.87,2026-09-08,18.17,2.0644605601951076
002916,深南电路,2026-09-09,944.3224711022707,957.4251592853102,928.9219234244443,936.9888769699724,7565026.0,2913977784.0,0.011375616176402627,386.3,391.66,380.0,383.3,2026-09-08,382.5,2.444531377432748
002917,金奥博,2026-09-09,26.412341318213013,26.636385683777494,26.21319077104458,26.437235136609065,2889100.0,30661833.0,0.011088605828641159,10.61,10.7,10.53,10.62,2026-09-08,10.65,2.4893818396053735
002918,蒙娜丽莎,2026-09-09,27.360633414081146,27.410380020288567,26.465194502347583,26.738800836488394,11504175.0,123808699.0,0.053706388428981504,11.0,11.02,10.64,10.75,2026-09-08,10.99,2.4873303103710134
002919,名臣健康,2026-09-09,57.14842772178422,57.46503950971654,55.43872406694969,55.72367467608878,3047600.0,54215262.0,0.011534843034199658,18.05,18.15,17.51,17.6,2026-09-08,18.06,3.1661178793232256
002920,德赛西威,2026-09-09,90.03691173936546,90.24475317920704,88.43653265258543,88.76907895633192,4007120.0,343325022.0,0.006716348682361409,86.64,86.84,85.1,85.42,2026-09-08,86.81,1.0392071992078193
002921,联诚精密,2026-09-09,28.69867836063351,29.12384396597623,28.300085605624712,28.539241258629993,3533670.0,76150727.0,0.027444673896303035,21.6,21.92,21.3,21.48,2026-09-08,21.64,1.3286425166959959
002922,伊戈尔,2026-09-09,45.76826128258568,46.522784287244306,44.64567827565455,45.43700728054043,19999168.0,494942178.0,0.05233673402618258,24.87,25.28,24.26,24.69,2026-09-08,24.86,1.840300011362512
002923,润都股份,2026-09-09,41.95096840493332,42.06254012941453,41.132775758737814,41.28153805804609,5391950.0,60112169.0,0.02089384131770092,11.28,11.31,11.06,11.1,2026-09-08,11.39,3.7190574827068548
002925,盈趣科技,2026-09-09,48.171140926364686,48.35833447918734,47.04797960942872,47.235173162251385,8910980.0,203794411.0,0.012188974370709546,23.16,23.25,22.62,22.71,2026-09-08,23.07,2.07992836469623
002926,华西证券,2026-09-09,8.826760948618105,8.837157604623545,8.764381012585467,8.805967636607226,8536598.0,72322516.0,0.0032520373333333333,8.49,8.5,8.43,8.47,2026-09-08,8.49,1.0396656005439464
002927,泰永长征,2026-09-09,41.20047398351712,43.518000645089955,41.03660846199177,41.94957351049016,7695700.0,139098770.0,0.03486352987284934,17.6,18.59,17.53,17.92,2026-09-08,17.62,2.3409360217907453
002928,华夏航空,2026-09-09,14.598812752146308,14.827276175497582,14.461734698135546,14.804429833162455,19323350.0,124050476.0,0.015117210336509477,6.39,6.49,6.33,6.48,2026-09-08,6.41,2.2846342335127243
002929,润建股份,2026-09-09,55.39376530360867,55.86292660123624,54.269960334872856,54.891871822425685,7830866.0,394515366.0,0.0361586309933512,50.77,51.2,49.74,50.31,2026-09-08,50.5,1.0910727851803952
002930,宏川智慧,2026-09-09,18.17968209246982,18.29354231434333,18.008891759659562,18.236612203406573,4309824.0,41291806.0,0.009943804344028417,9.58,9.64,9.49,9.61,2026-09-08,9.58,1.8976703645584365
002931,锋龙股份,2026-09-09,110.2265875494116,110.35024313337998,106.17068439524883,106.86315566547174,4013999.0,174622313.0,0.019814794515148986,44.57,44.62,42.93,43.21,2026-09-08,44.26,2.473111679367548
002933,新兴装备,2026-09-09,27.6330273457203,27.943736031870944,27.422547268005346,27.542821598128178,1352500.0,37282284.0,0.011570284245569046,27.57,27.88,27.36,27.48,2026-09-08,27.64,1.0022860843569206
002935,天奥电子,2026-09-09,64.49470024104859,65.47498700848696,64.3313191131422,64.69892665093158,3268273.0,51933220.0,0.007873632338969004,15.79,16.03,15.75,15.84,2026-09-08,15.8,4.0845281976598224
002936,郑州银行,2026-09-09,2.5399892406073192,2.5682113432807343,2.525878189270612,2.5399892406073192,75498892.0,136035948.0,0.010740391183639205,1.8,1.82,1.79,1.8,2026-09-08,1.8,1.411105133670733
002937,兴瑞科技,2026-09-09,57.57743399260194,59.48922445367739,57.57743399260194,58.289270866406625,7444102.0,214494827.0,0.023618220641534994,28.31,29.25,28.31,28.66,2026-09-08,28.27,2.033819639441962
002938,鹏鼎控股,2026-09-09,105.09981103409356,108.1600633669378,104.49243270849088,107.98485808070627,21997668.0,2008319897.0,0.009519395003068308,89.98,92.6,89.46,92.45,2026-09-08,89.46,1.1680352415436048
002939,长城证券,2026-09-09,8.705229183071161,8.726803480922637,8.672867736293943,8.694442034145423,12173700.0,98096156.0,0.003379086909917414,8.07,8.09,8.04,8.06,2026-09-08,8.09,1.0787148925738737
002940,昂利康,2026-09-09,63.46482555334161,63.46482555334161,61.67466625450315,61.797279905108525,9573672.0,243696963.0,0.05184223446277808,25.88,25.88,25.15,25.2,2026-09-08,26.0,2.452273012107481
002941,新疆交建,2026-09-09,11.117871947502346,11.297837500609399,11.067881516083721,11.197856637772146,8332700.0,93379786.0,0.011418549664213492,11.12,11.3,11.07,11.2,2026-09-08,11.12,0.9998086283725132
002942,新农股份,2026-09-09,23.136109648203803,24.108318511080448,23.000738793879204,23.259174061226158,11953398.0,226978938.0,0.0861455977306922,18.8,19.59,18.69,18.9,2026-09-08,19.36,1.2306441302236064
002943,宇晶股份,2026-09-09,51.23190846388569,53.7960177196837,50.79617747924027,51.81846940475452,12176085.0,381280533.0,0.06447414279800363,30.57,32.1,30.31,30.92,2026-09-08,30.31,1.6758884024823582
002945,华林证券,2026-09-09,13.88882829546931,14.02911949037304,13.729831607911748,13.795300832200155,16864515.0,249155813.0,0.006246116666666667,14.85,15.0,14.68,14.75,2026-09-08,15.02,0.935274632691536
002946,新乳业,2026-09-09,16.64711300959785,16.689825294420423,16.145243662932614,16.19863401896083,5554002.0,84827897.0,0.00652862999822708,15.59,15.63,15.12,15.17,2026-09-08,15.61,1.0678071205643265
002947,恒铭达,2026-09-09,106.92473303151762,110.18910182811845,106.92473303151762,108.34040317290062,7497663.0,488410163.0,0.03780898281357748,64.2,66.16,64.2,65.05,2026-09-08,64.53,1.665494283980025
002948,青岛银行,2026-09-09,8.157740568846373,8.276735163853857,8.118075703843878,8.17096219051387,32648677.0,202416708.0,0.009269412755891344,6.17,6.26,6.14,6.18,2026-09-08,6.19,1.3221621667498173
002949,华阳国际,2026-09-09,16.87387854114799,16.91074790431146,16.36999724458057,16.40686660774404,8657897.0,116415539.0,0.05698772918087373,13.73,13.76,13.32,13.35,2026-09-08,13.72,1.2289787721156584
002950,奥美医疗,2026-09-09,14.94711486204225,15.129801821467211,14.913899051237713,14.996938578249058,3564500.0,32192406.0,0.008296765514867136,9.0,9.11,8.98,9.03,2026-09-08,9.1,1.6607905402269167
002951,金时科技,2026-09-09,17.807651406737644,17.917035014887137,17.50137730391906,17.556069107993807,4495200.0,72822054.0,0.011206568544972017,16.28,16.38,16.0,16.05,2026-09-08,16.17,1.0938360814949413
002952,亚世光电,2026-09-09,49.39459337955836,50.37530927716703,47.193962584924286,47.74412028358281,10144000.0,205104881.0,0.07565929723432152,20.65,21.06,19.73,19.96,2026-09-08,20.88,2.391989994167475
002953,日丰股份,2026-09-09,25.212938055713288,27.40236137865,25.120751810537005,26.411359243004963,48781311.0,564989881.0,0.17342075670792514,10.94,11.89,10.9,11.46,2026-09-08,10.81,2.3046561294070647
002955,鸿合科技,2026-09-09,67.73353421738258,70.92618257502484,66.74575351004577,69.03881586636341,7179870.0,278803981.0,0.03491194998168694,38.4,40.21,37.84,39.14,2026-09-08,38.42,1.7638941202443383
002956,西麦食品,2026-09-09,64.90153339052863,64.90153339052863,61.86838803135472,62.99609592130398,6009760.0,97562222.0,0.0192305694838046,16.69,16.69,15.91,16.2,2026-09-08,16.78,3.8886478963767894
002957,科瑞技术,2026-09-09,43.22105869326266,44.12406276852552,41.8357683505299,42.21544051853813,16446511.0,688398777.0,0.03926469795507159,42.12,43.0,40.77,41.14,2026-09-08,41.33,1.0261409946168725
002958,青农商行,2026-09-09,3.640844540907607,3.676892506659168,3.6168125637399,3.640844540907607,69803600.0,211540201.0,0.012832065915680368,3.03,3.06,3.01,3.03,2026-09-08,3.03,1.201598858385349
002959,小熊电器,2026-09-09,47.69817541060359,47.69817541060359,46.902241051506735,47.10484252473139,471849.0,15365220.0,0.0033753071206934697,32.96,32.96,32.41,32.55,2026-09-08,32.96,1.4471533801760796
002960,青鸟智控,2026-09-09,34.7259371521606,34.848933387646404,34.0699572295696,34.233952210217346,7438713.0,62322120.0,0.007681058419852392,8.47,8.5,8.31,8.35,2026-09-08,8.49,4.099874516193695
002961,瑞达期货,2026-09-09,20.888579925665226,21.075641835447303,20.75347965748928,20.96132622391381,4337598.0,87353310.0,0.009094808967439649,20.1,20.28,19.97,20.17,2026-09-08,20.15,1.039232832122648
002962,五方光电,2026-09-09,20.51859287771312,20.673450182450576,20.115963885395733,20.239849729185696,7574700.0,99638668.0,0.0362052126768862,13.25,13.35,12.99,13.07,2026-09-08,13.28,1.5485730473745751
002963,豪尔赛,2026-09-09,25.62379274000933,26.154106418541975,25.04526872706462,25.816634077657564,10625600.0,225342468.0,0.0711502345143362,21.26,21.7,20.78,21.42,2026-09-08,21.62,1.2052583603014735
002965,祥鑫科技,2026-09-09,45.23346824890844,45.6721875061721,43.871925726366044,44.11397773037358,7210050.0,212703512.0,0.030301617179789964,29.9,30.19,29.0,29.16,2026-09-08,29.8,1.512825025047105
002966,苏州银行,2026-09-09,12.175613739148698,12.36293087359714,12.10871476255997,12.202373329784189,23268244.0,213290984.0,0.005293335093677142,9.1,9.24,9.05,9.12,2026-09-08,9.1,1.3379795317745822
002967,广电计量,2026-09-09,28.437063814454795,28.64903734059465,28.208784632458023,28.37184119102714,2972350.0,51783667.0,0.004901479535760208,17.44,17.57,17.3,17.4,2026-09-08,17.44,1.6305655856912151
002968,新大正,2026-09-09,33.17244725656361,33.30688473278069,32.5338692445325,32.60108798264103,2482913.0,24252060.0,0.011649196646206854,9.87,9.91,9.68,9.7,2026-09-08,9.87,3.360936905426911
002969,嘉美包装,2026-09-09,11.657891317389481,11.721895426582991,11.090997778818386,11.1824322205234,49495200.0,611730797.0,0.045294839911157715,12.75,12.82,12.13,12.23,2026-09-08,12.82,0.9143444170501553
002970,锐明技术,2026-09-09,108.74898530684942,109.49973972318098,103.91324362518445,105.48099549458269,4817963.0,231615375.0,0.03662589618680214,49.25,49.59,47.06,47.77,2026-09-08,49.3,2.208101224504557
002971,和远气体,2026-09-09,51.58093538449306,52.78233418664019,50.03627978173245,50.5907715365696,16731730.0,649068351.0,0.103920854508046,39.07,39.98,37.9,38.32,2026-09-08,39.89,1.320218463897954
002972,科安达,2026-09-09,22.422667708157295,22.73871421146218,21.923646913465365,22.073353151872944,9104400.0,121995188.0,0.06574113226904388,13.48,13.67,13.18,13.27,2026-09-08,13.46,1.663402648973093
002973,侨银股份,2026-09-09,11.672706929501235,12.377013461852476,11.56940863808972,11.963820296206414,8292600.0,106175896.0,0.02610583864702863,12.43,13.18,12.32,12.74,2026-09-08,12.41,0.9390753764683214
002975,博杰股份,2026-09-09,251.5442189862811,258.14578771939694,244.79594872576268,246.9475711276671,11782400.0,1210828835.0,0.0852172299107472,102.88,105.58,100.12,101.0,2026-09-08,100.91,2.4450254567095753
002976,瑞玛精密,2026-09-09,32.48332468735634,32.560974069079094,31.215051452551187,31.473882724960397,4958456.0,121539165.0,0.04073341398870058,25.1,25.16,24.12,24.32,2026-09-08,25.14,1.294156362046069
002978,安宁股份,2026-09-09,28.773668016168205,28.971198917881033,28.532241358519197,28.729772260232025,1668100.0,43697661.0,0.004517173950906862,26.22,26.4,26.0,26.18,2026-09-08,26.26,1.0973938984045846
002979,雷赛智能,2026-09-09,79.93553244474543,81.40031968849732,78.81452179901694,79.15829839704035,4595057.0,245330478.0,0.02050665464374262,53.48,54.46,52.73,52.96,2026-09-08,53.38,1.4946808609713058
002980,华盛昌,2026-09-09,200.5901133178898,207.96274616210206,193.89872991513457,203.34538883667136,17090377.0,2276020054.0,0.16873248828161935,132.5,137.37,128.08,134.32,2026-09-08,129.91,1.5138876476821872
002981,朝阳科技,2026-09-09,34.14587822628845,34.28582035016669,33.71205764226594,33.92197082808328,1201800.0,29070277.0,0.009884455095478958,24.4,24.5,24.09,24.24,2026-09-08,24.35,1.3994212387823137
002982,湘佳股份,2026-09-09,26.31043231282623,27.3120007464038,26.194866724336507,26.25264951858137,5825354.0,80259944.0,0.044778984670821205,13.66,14.18,13.6,13.63,2026-09-08,13.62,1.9260931414953315
002983,芯瑞达,2026-09-09,30.25160139775855,30.539437757394687,29.791063222340718,29.97815685610421,1688951.0,35348896.0,0.013058707777320877,21.02,21.22,20.7,20.83,2026-09-08,21.08,1.4391817981807111
002984,森麒麟,2026-09-09,20.292476654056458,20.597954797235804,20.176104028083376,20.336116388796366,6239585.0,87457583.0,0.008739891511878787,13.95,14.16,13.87,13.98,2026-09-08,14.07,1.4546578246635455
002985,北摩高科,2026-09-09,61.70683983556962,63.132480617977606,61.53661407050598,61.749396276835526,5984474.0,175161688.0,0.018078783484627083,29.0,29.67,28.92,29.02,2026-09-08,29.08,2.127822063295504
002986,宇新股份,2026-09-09,36.577147534390676,37.217915082438395,36.04317457768425,36.81743536490857,4579500.0,62957156.0,0.015172073980139283,13.7,13.94,13.5,13.79,2026-09-08,13.68,2.6698647835321663
002987,京北方,2026-09-09,76.93828535237824,77.13356018829798,75.18081182910058,75.5062698889668,12336390.0,143643428.0,0.01216696101625069,11.82,11.85,11.55,11.6,2026-09-08,11.81,6.509161197324724
002988,豪美新材,2026-09-09,29.590844759482735,31.561606786207726,29.41435860783572,29.91440270416893,16073629.0,495241035.0,0.06434483469024513,30.18,32.19,30.0,30.51,2026-09-08,30.17,0.9804786202611907
002989,中天精装,2026-09-09,32.19647536499942,32.491486801080214,31.539404439183105,31.914873539649573,4248200.0,101233144.0,0.021473418403021843,24.01,24.23,23.52,23.8,2026-09-08,23.96,1.3409610730945198
002990,盛视科技,2026-09-09,97.4562877178461,97.89600025471906,93.93858742286231,94.73806476263135,5743755.0,275174965.0,0.041615815113217776,48.76,48.98,47.0,47.4,2026-09-08,48.15,1.9986933494226025
002991,甘源食品,2026-09-09,45.558926531349606,45.774953385378964,44.865366631571135,44.979064975797115,1064084.0,42316513.0,0.02130993441584328,40.07,40.26,39.46,39.56,2026-09-08,40.25,1.1369834422597855
002992,宝明科技,2026-09-09,48.06439070203623,50.037708795374954,47.65563195413035,47.88115402194048,1582600.0,54156354.0,0.010001490996948635,34.1,35.5,33.81,33.97,2026-09-08,34.06,1.409512923813379
002993,奥海科技,2026-09-09,53.03092823847432,54.171378308118925,52.546236958875355,53.002416986733195,4266640.0,159659105.0,0.01789345724149029,37.2,38.0,36.86,37.18,2026-09-08,37.15,1.425562587055761
002995,天地在线,2026-09-09,51.092354382302595,51.092354382302595,49.605317159753426,49.97006213886925,6436650.0,114720075.0,0.05289224429098167,18.21,18.21,17.68,17.81,2026-09-08,18.37,2.8057306085833384
002996,顺博合金,2026-09-09,8.311770485321881,8.351413269830571,8.219270654801607,8.338199008327674,6715110.0,42148656.0,0.014649737676582378,6.29,6.32,6.22,6.31,2026-09-08,6.29,1.3214261502896474
002997,瑞鹄模具,2026-09-09,29.989363621287737,30.93374526086643,29.821473552029307,30.84980022623721,4256299.0,123794463.0,0.020333804976631023,28.58,29.48,28.42,29.4,2026-09-08,28.57,1.0493129328652113
002999,天禾股份,2026-09-09,11.54334344242605,12.808367381322055,11.179649059993448,11.764722631732852,95737548.0,714060309.0,0.2777326641620712,7.3,8.1,7.07,7.44,2026-09-08,7.37,1.5812799236200068
003000,劲仔食品,2026-09-09,10.640334184429568,10.640334184429568,10.437559510904832,10.512265969571839,4621466.0,45503584.0,0.015001822938590642,9.97,9.97,9.78,9.85,2026-09-08,9.98,1.0672351238144
003001,中岩大地,2026-09-09,30.937616939948587,31.071546017610693,30.57409515772284,30.880218763807676,2885293.0,46427846.0,0.025231899585803363,16.17,16.24,15.98,16.14,2026-09-08,16.17,1.9132725380302154
003002,壶化股份,2026-09-09,20.571204123021477,20.65741136921539,19.709131661082388,19.903097965018684,13973061.0,257921658.0,0.07637393989124427,19.09,19.17,18.29,18.47,2026-09-08,19.19,1.0775905774238594
003003,天元股份,2026-09-09,11.922880353497511,11.964862326573208,11.744456967925805,11.849411900615044,2743375.0,31008020.0,0.02324078906967783,11.36,11.4,11.19,11.29,2026-09-08,11.36,1.0495493268923866
003004,声迅股份,2026-09-09,76.91203816820375,77.16437425143276,70.65410330412418,71.90569027694008,2473674.0,179608791.0,0.03598447133801714,76.2,76.45,70.0,71.24,2026-09-08,76.45,1.0093443329160596
003005,竞业达,2026-09-09,29.371059628377473,29.79273138449996,27.327573425630067,27.327573425630067,24360428.0,419930559.0,0.18153051154973177,18.11,18.37,16.85,16.85,2026-09-08,18.72,1.6218144466249296
003006,百亚股份,2026-09-09,16.93921977279765,17.86006231417603,16.896389887152143,17.83864737135328,32677422.0,536124158.0,0.07624704465434493,15.82,16.68,15.78,16.66,2026-09-08,15.8,1.0707471411376517
003007,直真科技,2026-09-09,51.23639666272528,52.045942175744884,50.54436582095044,50.975252948847974,1294900.0,50708266.0,0.017839121050566488,39.24,39.86,38.71,39.04,2026-09-08,39.19,1.3057185693864748
003008,开普检测,2026-09-09,31.02547897430909,31.02547897430909,30.561257343770798,30.77789410468867,919769.0,18285243.0,0.011465573430566202,20.05,20.05,19.75,19.89,2026-09-08,19.97,1.5474054351276354
003009,中天火箭,2026-09-09,49.545314034346326,51.43541044216066,49.338746120924,50.68143755816915,5313118.0,260324678.0,0.03226185566958978,47.97,49.8,47.77,49.07,2026-09-08,48.02,1.03283956711166
003010,若羽臣,2026-09-09,82.11174706736271,82.11174706736271,79.747481299328,80.46473046491157,5642407.0,170734004.0,0.02495070568015792,30.91,30.91,30.02,30.29,2026-09-08,30.92,2.6564783910502334
003011,海象新材,2026-09-09,32.27536599793148,32.603908259665154,31.75908530092143,31.93117886659145,1730058.0,35562931.0,0.022155077371388453,20.63,20.84,20.3,20.41,2026-09-08,20.64,1.5644869606365237
003012,东鹏控股,2026-09-09,5.526267703832877,5.526267703832877,5.400149561214284,5.4460107039846815,8229600.0,39104091.0,0.007253394930758499,4.82,4.82,4.71,4.75,2026-09-08,4.81,1.146528569259933
003013,地铁设计,2026-09-09,24.928273380325344,26.955931980638887,24.749362327356508,26.583200620287133,20065010.0,346602323.0,0.0497605144069538,16.72,18.08,16.6,17.83,2026-09-08,16.64,1.4909254414070183
003015,日久光电,2026-09-09,12.997676395149659,13.16799811695342,12.869935103796836,12.90187042663504,2843900.0,34814743.0,0.011511769637892365,12.21,12.37,12.09,12.12,2026-09-08,12.21,1.0645107612735183
003016,欣贺股份,2026-09-09,8.360206249783928,8.471973713016332,8.281969025521244,8.449620220369852,4534300.0,34080876.0,0.011035505834045025,7.48,7.58,7.41,7.56,2026-09-08,7.51,1.1176746323240545
003017,大洋生物,2026-09-09,35.5655324790552,35.79647749515296,35.27300212533137,35.44236180380306,1279273.0,29526479.0,0.015324106237048865,23.1,23.25,22.91,23.02,2026-09-08,23.09,1.5396334406517402
003018,金富科技,2026-09-09,52.49442780066388,54.14589263076341,51.19540973308559,51.920443073129285,17871332.0,928145242.0,0.06281408192939006,52.13,53.77,50.84,51.56,2026-09-08,52.37,1.006990750060692
003019,宸展光电,2026-09-09,37.692432662577275,41.02767568603376,37.51101777008801,39.26934672806088,6845412.0,193341650.0,0.03958529963666872,27.01,29.4,26.88,28.14,2026-09-08,26.81,1.3954991729943456
003020,立方制药,2026-09-09,50.597334504218395,50.91071889585488,49.657181329308926,49.799628780052785,3651768.0,64163230.0,0.021666008942068254,17.76,17.87,17.43,17.48,2026-09-08,17.89,2.8489490148771615
003021,兆威机电,2026-09-09,151.685298948895,152.21603827341877,148.8193065964666,149.45619378589515,1986069.0,140588136.0,0.009546475813769493,71.45,71.7,70.1,70.4,2026-09-08,71.43,2.1229572980951015
003022,联泓新科,2026-09-09,25.29146699851209,25.62834104664801,25.20077013939857,25.4339906342619,4603770.0,90626244.0,0.0034499851650345646,19.52,19.78,19.45,19.63,2026-09-08,19.55,1.2956694159073816
003023,彩虹集团,2026-09-09,38.83714406203924,39.149431039146286,36.92083761160968,37.06278623756742,4122229.0,109386300.0,0.03921439009400219,27.36,27.58,26.01,26.11,2026-09-08,27.48,1.4194862595774578
003025,思进智能,2026-09-09,45.77621614045298,45.81392307302337,44.946663623904406,45.059784421615575,2361870.0,28391203.0,0.010431554044945309,12.14,12.15,11.92,11.95,2026-09-08,12.1,3.7706932570389604
003026,中晶科技,2026-09-09,37.154267509101665,38.17772685331759,37.06000151687125,37.23506693101345,4911701.0,137065772.0,0.033976695493275914,27.59,28.35,27.52,27.65,2026-09-08,27.49,1.3466570318630542
003027,同兴科技,2026-09-09,27.402915442461296,27.482114620040665,27.054439061112074,27.181157745239066,1148950.0,19763160.0,0.011175275611894365,17.3,17.35,17.08,17.16,2026-09-08,17.3,1.5839835515873582
003028,振邦智能,2026-09-09,32.18623895655268,32.32366952425785,31.746461139896105,31.925120877912835,646360.0,15035236.0,0.009143113217602515,23.42,23.52,23.1,23.23,2026-09-08,23.45,1.3743056770517794
003029,吉大正元,2026-09-09,17.772624237099397,18.16031638463658,17.701207262553073,17.83383878671053,2696382.0,47268430.0,0.015356733946020456,17.42,17.8,17.35,17.48,2026-09-08,17.59,1.020242493518909
003030,祖名股份,2026-09-09,27.40096056866031,27.546048862140356,26.706609449862942,27.03823983496019,3341600.0,87321740.0,0.040961827746762006,26.44,26.58,25.77,26.09,2026-09-08,26.51,1.0363449534289073
003031,中瓷电子,2026-09-09,356.00163566607245,364.6098719383258,344.35863135207546,351.9163709944945,12414884.0,1504043926.0,0.03649754406128169,122.0,124.95,118.01,120.6,2026-09-08,118.75,2.9180461939842
003033,征和工业,2026-09-09,76.37982181692571,81.76578038628418,75.59240097345224,79.70798724867353,4080100.0,307257193.0,0.050389684259307954,72.75,77.88,72.0,75.92,2026-09-08,71.33,1.0498944579646146
003035,南网能源,2026-09-09,5.393978163307839,5.4509568058779925,5.318006639880968,5.441460365449634,29003111.0,164722992.0,0.007656821305776383,5.68,5.74,5.6,5.73,2026-09-08,5.69,0.9496440428358872
003036,泰坦股份,2026-09-09,53.768333418633446,57.7697952082142,53.18173169031795,55.70621412824716,9093685.0,481948215.0,0.04198359845189006,51.33,55.15,50.77,53.18,2026-09-08,50.57,1.0475030862776826
003037,三和管桩,2026-09-09,6.101710927020889,6.122394692875197,6.02931774653081,6.050001512385118,3279466.0,19218755.0,0.005474219025495182,5.9,5.92,5.83,5.85,2026-09-08,5.91,1.034188292715405
003038,鑫铂股份,2026-09-09,18.744566710518708,18.844805035173888,18.493970898880757,18.544090061208347,2908140.0,32393236.0,0.017948008431059898,11.22,11.28,11.07,11.1,2026-09-08,11.22,1.6706387442530042
003039,顺控发展,2026-09-09,13.865978734599096,14.105586180801783,13.57428271313495,13.605535858291825,14522616.0,192241208.0,0.02351769313944534,13.31,13.54,13.03,13.06,2026-09-08,13.3,1.041771505229083
003040,楚天龙,2026-09-09,23.939116213964674,25.30058253892949,23.235691946066186,23.825660686884273,82218533.0,1743441275.0,0.17996823151624441,21.1,22.3,20.48,21.0,2026-09-08,22.25,1.134555270804013
003041,真爱美家,2026-09-09,60.154261330934396,60.27708779613283,58.91064337080022,59.29447607454534,1417800.0,54922306.0,0.010362770950865291,39.18,39.26,38.37,38.62,2026-09-08,39.27,1.5353308149804594
003042,中农联合,2026-09-09,19.59597756104924,20.01291325383752,19.305386017590738,19.558074316250305,7691774.0,119461027.0,0.05435690611639165,15.51,15.84,15.28,15.48,2026-09-08,15.51,1.2634414932978233
003043,华亚智能,2026-09-09,78.01500432494225,78.60575308277292,75.55556051683097,77.0384604599569,7432772.0,476029043.0,0.07905758174403715,64.71,65.2,62.67,63.9,2026-09-08,64.38,1.2056097098584804
003816,中国广核,2026-09-09,4.608667671940644,4.630053600812759,4.565895814196415,4.597974707504587,77014180.0,331580262.0,0.001957894758263391,4.31,4.33,4.27,4.3,2026-09-08,4.31,1.069296443605718
600000,浦发银行,2026-09-09,150.79600682222343,151.44809766253573,150.14391598191114,150.46996140206727,50532458.0,467549947.0,0.0015172252247438551,9.25,9.29,9.21,9.23,2026-09-08,9.28,16.30227100780794
600004,白云机场,2026-09-09,20.07487481397437,20.07487481397437,19.844717013559375,19.99815554716937,8589978.0,67049300.0,0.0036294890108811485,7.85,7.85,7.76,7.82,2026-09-08,7.81,2.5573088934999197
600006,东风股份,2026-09-09,20.241600213578682,20.42971917467142,20.128728836923038,20.27922400579723,8110551.0,43736829.0,0.0040552755,5.38,5.43,5.35,5.39,2026-09-08,5.38,3.762379221854774
600007,中国国贸,2026-09-09,42.17411655146989,42.61228919096568,41.93312159974721,42.30556834331863,1667995.0,32219419.0,0.0016559355927440315,19.25,19.45,19.14,19.31,2026-09-08,19.23,2.1908631974789556
600008,首创环保,2026-09-09,29.311396601572124,29.41497044115365,29.10424892240907,29.311396601572124,51599544.0,145798019.0,0.007029344949266131,2.83,2.84,2.81,2.83,2026-09-08,2.83,10.357383958152694
600009,上海机场,2026-09-09,71.42328269000956,71.63335116850958,70.88310660243805,71.36326312472383,5348105.0,127053059.0,0.002156303675203112,23.8,23.87,23.62,23.78,2026-09-08,23.85,3.0009782642861156
600010,包钢股份,2026-09-09,18.63109767205876,18.79970489081042,18.54679406268293,18.71540128143459,227290429.0,503522931.0,0.007257452303474161,2.21,2.23,2.2,2.22,2026-09-08,2.21,8.43036093758315
600011,华能国际,2026-09-09,35.89931824242416,36.62665609393492,35.691507427706796,36.574703390255586,117166273.0,818190757.0,0.010653697348170618,6.91,7.05,6.87,7.04,2026-09-08,6.9,5.1952703679340315
600012,皖通高速,2026-09-09,50.149181977539335,50.305800284777106,48.86491185818947,49.679327055825965,9753869.0,154355872.0,0.008368109986273164,16.01,16.06,15.6,15.86,2026-09-08,16.04,3.1323661447557356
600015,华夏银行,2026-09-09,41.597578693575,41.99311826910821,41.465732168397274,41.86127174393047,82190110.0,520704235.0,0.005341451459392849,6.31,6.37,6.29,6.35,2026-09-08,6.31,6.592326258886689
600016,民生银行,2026-09-09,136.47599811375778,137.2279319876628,135.3480973029003,136.8519650507103,204689788.0,743787391.0,0.005772068039201982,3.63,3.65,3.6,3.64,2026-09-08,3.63,37.59669369525008
600017,日照港,2026-09-09,9.987556957217574,10.196356057368464,9.952757107192424,10.161556207343315,38693802.0,112464349.0,0.01258067500734335,2.87,2.93,2.86,2.92,2026-09-08,2.88,3.479985002514834
600018,上港集团,2026-09-09,9.151720641419349,9.320260616399448,9.08430465142731,9.269698623905418,51422103.0,281855426.0,0.0022090126085514117,5.43,5.53,5.39,5.5,2026-09-08,5.44,1.6853997498009852
600019,宝钢股份,2026-09-09,19.381484726064652,19.715073103449587,19.314767050587665,19.681714265711094,112941019.0,663389109.0,0.0052741437380223796,5.81,5.91,5.79,5.9,2026-09-08,5.83,3.335883773849338
600020,中原高速,2026-09-09,17.97543181147435,18.158854585060826,17.883720424681115,18.067143198267587,12163594.0,47853034.0,0.005412363822846027,3.92,3.96,3.9,3.94,2026-09-08,3.93,4.5855693396618245
600021,上海电力,2026-09-09,32.02047447946448,32.4959083989814,31.877844303609407,32.47213670300555,27583280.0,374812979.0,0.009774802970111579,13.47,13.67,13.41,13.66,2026-09-08,13.5,2.377169597584594
600022,山东钢铁,2026-09-09,7.992611735737685,8.170225329865188,7.933407204361851,8.05181626711352,114442019.0,155498266.0,0.010696665881913755,1.35,1.38,1.34,1.36,2026-09-08,1.35,5.92045313758347
600023,浙能电力,2026-09-09,9.62473609800856,9.819964010747071,9.60521330673471,9.80044121947322,97715552.0,488224324.0,0.007287456154817274,4.93,5.03,4.92,5.02,2026-09-08,4.93,1.9522791273851035
600025,华能水电,2026-09-09,12.186558967477106,12.363910137481971,12.11055132318931,12.35124219676734,29180838.0,282628911.0,0.0015662439144730478,9.62,9.76,9.56,9.75,2026-09-08,9.61,1.2667940714633168
600026,中远海能,2026-09-09,31.690708853737384,33.86817228956017,31.31474394395503,33.57053340264914,104276380.0,2207222104.0,0.027240490888847627,20.23,21.62,19.99,21.43,2026-09-08,20.23,1.5665204574264648
600027,华电国际,2026-09-09,10.647269681821419,10.801259119368423,10.581274208586988,10.779260628290281,83886600.0,408557812.0,0.009102597348350063,4.84,4.91,4.81,4.9,2026-09-08,4.84,2.1998491078143427
600028,中国石化,2026-09-09,24.377931578090873,24.68374792405259,24.159491330975364,24.50899572636018,227662290.0,1275247257.0,0.0024027054607173633,5.58,5.65,5.53,5.61,2026-09-08,5.59,4.3688049423101925
600029,南方航空,2026-09-09,8.518470075311475,8.569478878157652,8.484464206747358,8.552475943875594,50580847.0,253814253.0,0.003753131085847236,5.01,5.04,4.99,5.03,2026-09-08,5.02,1.7002934282058833
600030,中信证券,2026-09-09,176.14509400925803,176.98388017120686,175.3063078473092,176.33866004663082,72013007.0,1965061395.0,0.005914072642882692,27.3,27.43,27.17,27.33,2026-09-08,27.34,6.452201245760367
600031,三一重工,2026-09-09,943.4323070264325,959.0379542103284,932.5556438376566,956.2005638132564,68220922.0,1371106708.0,0.008050245705253228,19.95,20.28,19.72,20.22,2026-09-08,19.97,47.289839951199625
600032,浙江新能,2026-09-09,6.414058511780045,6.534728208817874,6.339800236679841,6.497599071267773,18077382.0,125806237.0,0.00751759783101596,6.91,7.04,6.83,7.0,2026-09-08,6.88,0.928228438752539
600033,福建高速,2026-09-09,31.640911992958614,31.90240713339629,31.37941685252094,31.90240713339629,20883530.0,76023094.0,0.007609506631686343,3.63,3.66,3.6,3.66,2026-09-08,3.64,8.716504681255817
600035,楚天高速,2026-09-09,13.042604451627032,13.182097547366357,12.972857903757369,13.042604451627032,9809300.0,36742697.0,0.006092294345958391,3.74,3.78,3.72,3.74,2026-09-08,3.74,3.4873273934831635
600036,招商银行,2026-09-09,258.5145160171848,260.8560183654433,257.88167754468253,259.46377372593827,43207363.0,1773818777.0,0.002094501885382921,40.85,41.22,40.75,41.0,2026-09-08,40.9,6.328384725022884
600037,歌华有线,2026-09-09,40.462989731815284,40.63229094408229,39.616483670480235,39.89865235759192,13960497.0,98767171.0,0.010030693230932242,7.17,7.2,7.02,7.07,2026-09-08,7.21,5.643373742233652
600038,中直股份,2026-09-09,83.26452291591345,85.18140401901361,83.26452291591345,84.22296346746353,6278821.0,176947810.0,0.0093862915315084,27.8,28.44,27.8,28.12,2026-09-08,27.91,2.9951267235940087
600039,四川路桥,2026-09-09,122.85558129248967,123.92157332105792,121.78958926392144,123.12207929963174,12888128.0,118889725.0,0.001482145207400112,9.22,9.3,9.14,9.24,2026-09-08,9.21,13.324900357103001
600048,保利发展,2026-09-09,129.5686942817167,129.5686942817167,127.3601369928238,128.09632275578807,112462897.0,586902090.0,0.009395048543555965,5.28,5.28,5.19,5.22,2026-09-08,5.28,24.53952543214331
600050,中国联通,2026-09-09,7.866246460349014,7.903351396482735,7.77348412001471,7.810589056148431,110145760.0,463850205.0,0.003554188634934225,4.24,4.26,4.19,4.21,2026-09-08,4.24,1.855246806686088
600051,宁波联合,2026-09-09,31.925484637653643,32.221547864587066,31.678765281875794,32.02417237996478,4262921.0,27625442.0,0.013712432449819865,6.47,6.53,6.42,6.49,2026-09-08,6.47,4.934387115556977
600052,东望时代,2026-09-09,15.273515645756133,15.311891313207783,14.966510306142945,15.004885973594593,9809201.0,38533126.0,0.011619595010009661,3.98,3.99,3.9,3.91,2026-09-08,3.98,3.8375667451648576
600054,黄山旅游,2026-09-09,55.112485975660334,55.34700719257804,54.174401107989524,54.92486900212618,11626551.0,135769249.0,0.02265059614260666,11.75,11.8,11.55,11.71,2026-09-08,11.76,4.690424338354071
600055,万东医疗,2026-09-09,159.13752027146884,160.61512027398945,154.4092002634029,154.8524802641591,6191200.0,65406098.0,0.008806063043247091,10.77,10.87,10.45,10.48,2026-09-08,10.76,14.776000025206022
600056,中国医药,2026-09-09,131.428727687548,131.71600359506175,130.56689996500668,130.71053791876358,7250080.0,66069312.0,0.004848411966460771,9.15,9.17,9.09,9.1,2026-09-08,9.17,14.363795375688305
600057,厦门象屿,2026-09-09,80.45916131344435,80.58162579032934,78.74465863705436,79.60190997524936,21614340.0,140438621.0,0.010329383518349304,6.57,6.58,6.43,6.5,2026-09-08,6.56,12.2464476884999
600058,五矿发展,2026-09-09,42.67497678508678,42.98294053508225,42.54299232080301,42.71897160651471,5418800.0,52635503.0,0.005055271809855065,9.7,9.77,9.67,9.71,2026-09-08,9.75,4.3994821427924515
600059,古越龙山,2026-09-09,78.75400549400327,84.70430813132795,78.66650104345437,82.25418351595897,88860733.0,840980786.0,0.09748392585216986,9.0,9.68,8.99,9.4,2026-09-08,8.8,8.750445054889251
600060,海信视像,2026-09-09,178.19257834436254,181.6814830690165,177.02961010281123,180.06624940019523,9375100.0,261224456.0,0.007210679543797454,27.58,28.12,27.4,27.87,2026-09-08,27.59,6.460934675285082
600061,国投资本,2026-09-09,65.52139804251806,65.825676980796,65.21711910424011,65.7242506680367,21579184.0,139378296.0,0.003374859873291462,6.46,6.49,6.43,6.48,2026-09-08,6.47,10.142631275931588
600062,华润双鹤,2026-09-09,139.9415297947819,140.80483349493477,138.90556535459845,139.9415297947819,4550100.0,73798785.0,0.004382574393374399,16.21,16.31,16.09,16.21,2026-09-08,16.2,8.633037001528804
600063,皖维高新,2026-09-09,84.04829747135159,85.25113536002925,83.89794273526688,84.80007115177511,23438836.0,131929648.0,0.011327999103829577,5.59,5.67,5.58,5.64,2026-09-08,5.61,15.035473608470767
600064,南京高科,2026-09-09,234.539668547675,236.95760327497064,233.3307011840272,234.539668547675,12968759.0,100901194.0,0.007494921037594859,7.76,7.84,7.72,7.76,2026-09-08,7.76,30.224184091195234
600066,宇通客车,2026-09-09,1888.4490761514996,1892.5088018616066,1864.090721890857,1885.7425923447615,12931800.0,359454578.0,0.0058410817540315105,27.91,27.97,27.55,27.87,2026-09-08,27.91,67.66209516845215
600067,冠城新材,2026-09-09,67.34913126795041,67.81201189522154,66.6548103270437,67.11769095431484,17500700.0,50840587.0,0.012575334567459878,2.91,2.93,2.88,2.9,2026-09-08,2.92,23.14403136355684
600071,凤凰光学,2026-09-09,96.73495337878069,97.93769702647424,96.44858584361555,96.84950039284674,2048900.0,34725213.0,0.007276598008702433,16.89,17.1,16.84,16.91,2026-09-08,16.84,5.727350703302586
600072,中船科技,2026-09-09,37.50294083804715,38.37510225288546,37.29528335832375,38.00131878938333,25151690.0,229799420.0,0.023216859263066315,9.03,9.24,8.98,9.15,2026-09-08,9.03,4.153149594468124
600073,光明肉业,2026-09-09,17.75410720758841,17.844843700983244,17.57263422079875,17.69361621199186,12822481.0,75154452.0,0.01367396608816407,5.87,5.9,5.81,5.85,2026-09-08,5.92,3.024549779827668
600075,新疆天业,2026-09-09,52.54033481324051,54.53288244088836,52.120851102156756,54.00852780203367,41192563.0,211134989.0,0.02412028755568804,5.01,5.2,4.97,5.15,2026-09-08,5.01,10.487092777093915
600076,康欣新材,2026-09-09,9.028254707837775,9.129695771970786,8.521049387172733,8.588676763261406,77197953.0,198585136.0,0.05741574046231562,2.67,2.7,2.52,2.54,2026-09-08,2.71,3.381368804433624
600078,澄星股份,2026-09-09,73.50000228398203,73.89658503011863,72.50854541864055,73.56609940833813,21139579.0,234132437.0,0.031905289582936903,11.12,11.18,10.97,11.13,2026-09-08,11.1,6.609712435609895
600081,东风科技,2026-09-09,106.56218251001752,107.27736494297066,105.94916899605768,106.56218251001752,1684117.0,17576835.0,0.0030452754161706306,10.43,10.5,10.37,10.43,2026-09-08,10.43,10.21689189933054
600085,同仁堂,2026-09-09,294.85529352768873,295.34085185379445,290.9708269188431,291.21360608189593,4608200.0,110885754.0,0.0033600436901051814,24.29,24.33,23.97,23.99,2026-09-08,24.35,12.1389581526426
600088,中视传媒,2026-09-09,43.445889354486454,43.71324867359099,41.106495312321805,41.90857326963539,17959300.0,225542438.0,0.04515718127744487,13.0,13.08,12.3,12.54,2026-09-08,13.14,3.3419914888066504
600089,特变电工,2026-09-09,1071.372230397694,1082.596664451101,1063.5151265603092,1082.0354427484308,69353235.0,1327074007.0,0.01372572375087115,19.09,19.29,18.95,19.28,2026-09-08,19.08,56.12217026703479
600094,大名城,2026-09-09,16.48885327800537,16.608627030630103,16.169456604339402,16.20938118854765,22806800.0,93467600.0,0.01072640332246284,4.13,4.16,4.05,4.06,2026-09-08,4.14,3.992458420824544
600095,湘财股份,2026-09-09,29.104317056786495,29.135378227604843,28.35884895714629,28.545215982056337,59251617.0,546511641.0,0.020723234123069617,9.37,9.38,9.13,9.19,2026-09-08,9.47,3.1061170818342045
600096,云天化,2026-09-09,87.98802885300904,88.73911224821335,86.54149786965257,87.96021094948296,40323254.0,1268548107.0,0.0221192863541773,31.63,31.9,31.11,31.62,2026-09-08,31.91,2.781790352608569
600097,开创国际,2026-09-09,14.35129709461518,15.149412484017054,14.35129709461518,14.809474447790329,13195000.0,132534803.0,0.054765453838825674,9.71,10.25,9.71,10.02,2026-09-08,9.9,1.4779914618553223
600098,广州发展,2026-09-09,41.00086014714774,41.12979366962305,40.42065929600885,41.065326908385394,18343680.0,116209947.0,0.0052322836445252135,6.36,6.38,6.27,6.37,2026-09-08,6.33,6.446676123765368
600099,林海股份,2026-09-09,25.622459533307847,26.0576605444893,25.568059406910166,25.812859975699734,3428422.0,32542434.0,0.015646321650237313,9.42,9.58,9.4,9.49,2026-09-08,9.42,2.7200063198840603
600100,同方股份,2026-09-09,134.54825667193,135.1366601267635,133.37144976226298,133.763718732152,12648647.0,86406746.0,0.00377538000605739,6.86,6.89,6.8,6.82,2026-09-08,6.88,19.613448494450438
600101,明星电力,2026-09-09,77.52644747995997,78.81032495415039,77.13140825713214,78.51404553702952,10479697.0,82893486.0,0.01912833522046448,7.85,7.98,7.81,7.95,2026-09-08,7.87,9.875980570695537
600103,青山纸业,2026-09-09,20.729095745960183,21.3463392917456,20.060415238025985,20.266163086621123,400122749.0,1588161556.0,0.18086041474824066,4.03,4.15,3.9,3.94,2026-09-08,4.05,5.1436962148784575
600104,上汽集团,2026-09-09,115.47848503706551,118.49753039751167,115.04719284271606,117.85059210598749,66668577.0,724944527.0,0.005799649201752755,10.71,10.99,10.67,10.93,2026-09-08,10.71,10.782304858736275
600105,永鼎股份,2026-09-09,525.085631569436,548.682072296754,518.603092908085,537.7914073456841,173403430.0,7161382095.0,0.11860741896126112,40.5,42.32,40.0,41.48,2026-09-08,39.11,12.965077322702125
600106,重庆路桥,2026-09-09,37.91771396300974,38.32986302782507,37.835284150046675,38.247433214862,8775711.0,40524399.0,0.006603119272102937,4.6,4.65,4.59,4.64,2026-09-08,4.64,8.242981296306466
600108,亚盛集团,2026-09-09,50.708460778609336,50.97165348161249,48.69065005558508,50.09434447160195,789479606.0,4525026596.0,0.40550283753227884,5.78,5.81,5.55,5.71,2026-09-08,5.28,8.77309010010542
600109,国金证券,2026-09-09,77.86941313097674,78.05050478942086,77.23559232642226,77.59777564331054,16365966.0,140327465.0,0.004443333644322085,8.6,8.62,8.53,8.57,2026-09-08,8.59,9.054582922206597
600110,诺德股份,2026-09-09,178.01602124606703,179.87357972863467,173.68171812007583,174.30090428093172,112762000.0,1287869347.0,0.06498573026043374,11.5,11.62,11.22,11.26,2026-09-08,11.48,15.479654021397133
600111,北方稀土,2026-09-09,781.2982810603464,786.3194782393975,776.8796275427816,781.2982810603464,25791700.0,1002239676.0,0.007134503526976149,38.9,39.15,38.68,38.9,2026-09-08,39.04,20.08478871620428
600113,浙江东日,2026-09-09,155.1447521564389,159.97473028961105,152.31506799761078,157.77928568362373,11181105.0,358660581.0,0.027176125891874597,31.8,32.79,31.22,32.34,2026-09-08,31.63,4.8787657910829845
600114,东睦股份,2026-09-09,188.4073144586832,190.6393174871136,186.50354716972788,187.6851958318381,9427357.0,271040924.0,0.015294629644979922,28.7,29.04,28.41,28.59,2026-09-08,28.83,6.564714789501157
600115,中国东航,2026-09-09,4.853845647213945,4.9096369764922665,4.812002150255204,4.895689144172686,129071643.0,450336144.0,0.007581316250059888,3.48,3.52,3.45,3.51,2026-09-08,3.49,1.3947832319580302
600116,三峡水利,2026-09-09,41.11248109961909,41.632892252778824,40.722172734749286,41.632892252778824,12942412.0,82209473.0,0.006768538048555811,6.32,6.4,6.26,6.4,2026-09-08,6.3,6.505139414496691
600117,西宁特钢,2026-09-09,6.356899488898722,6.411465149747637,6.247768167200889,6.411465149747637,13972000.0,32529672.0,0.004292321658006552,2.33,2.35,2.29,2.35,2026-09-08,2.33,2.728283042445803
600118,中国卫星,2026-09-09,1015.8305058493886,1033.3781048448868,1006.3548023918197,1024.0778773772727,22254857.0,1293909498.0,0.018820347977235325,57.89,58.89,57.35,58.36,2026-09-08,57.86,17.547598995498163
600120,浙江东方,2026-09-09,423.2015503119827,431.803207838649,420.6210530539828,426.64221332264924,30988094.0,152764226.0,0.009073098882975384,4.92,5.02,4.89,4.96,2026-09-08,4.94,86.01657526666315
600121,郑州煤电,2026-09-09,18.57483523327658,20.360877082630097,18.146185189431737,20.360877082630097,214930737.0,1165089405.0,0.17640234198014382,5.2,5.7,5.08,5.7,2026-09-08,5.18,3.5720836987070346
600123,兰花科创,2026-09-09,82.30777603889992,85.04756331342641,81.6228292202683,84.24845869168952,34813436.0,255475850.0,0.02363052557883234,7.21,7.45,7.15,7.38,2026-09-08,7.24,11.415780310527035
600125,铁龙物流,2026-09-09,98.69058426821569,99.23184889857153,97.96889809440789,99.23184889857153,10162511.0,55653082.0,0.007784251801820059,5.47,5.5,5.43,5.5,2026-09-08,5.47,18.042154345194824
600126,杭钢股份,2026-09-09,37.752988052076695,39.29151107614252,37.10207446497193,38.818119376429955,68198075.0,437172238.0,0.02019373903086847,6.38,6.64,6.27,6.56,2026-09-08,6.38,5.917396246407006
600127,金健米业,2026-09-09,65.46972839074337,68.0433659895519,63.43790923378926,64.70215226478292,249819544.0,3614297526.0,0.3892584551813569,14.5,15.07,14.05,14.33,2026-09-08,14.79,4.515153682120232
600128,苏豪弘业,2026-09-09,27.606642933250598,27.606642933250598,27.16943365602717,27.356809060551498,3396527.0,29763414.0,0.013764077522364169,8.84,8.84,8.7,8.76,2026-09-08,8.84,3.1229234087387554
600129,太极集团,2026-09-09,43.18195092183411,43.18195092183411,41.99261752780054,42.02311325585268,11056481.0,153425514.0,0.020050990882718167,14.16,14.16,13.77,13.78,2026-09-08,14.17,3.049572805214273
600130,波导股份,2026-09-09,27.72948240342342,27.848493057515363,26.836902497733824,27.074923805917717,21874783.0,100044355.0,0.029166377333333333,4.66,4.68,4.51,4.55,2026-09-08,4.67,5.9505327045973
600131,国网信通,2026-09-09,79.91181459119832,80.0198765446685,78.66910212629125,78.83119505649653,6156116.0,90022018.0,0.005147662425525688,14.79,14.81,14.56,14.59,2026-09-08,14.82,5.403097673509015
600132,重庆啤酒,2026-09-09,239.33629754835275,240.77339315534815,237.06089617061014,237.7794439741078,2162182.0,86010712.0,0.0044675840399907435,39.97,40.21,39.59,39.71,2026-09-08,40.07,5.98789836248068
600133,东湖高新,2026-09-09,37.762432504518095,37.988825984761014,37.445481632178016,37.58131772032377,9695100.0,80718850.0,0.009092794433335182,8.34,8.39,8.27,8.3,2026-09-08,8.34,4.527869604858285
600135,乐凯胶片,2026-09-09,21.50733821074242,21.731665076043516,21.451256494417148,21.53537906890506,5745010.0,44177042.0,0.010383040467731284,7.67,7.75,7.65,7.68,2026-09-08,7.68,2.8040858162636795
600137,浪莎股份,2026-09-09,28.59149230128738,28.59149230128738,27.987119293292686,28.34354440057161,1158575.0,21153839.0,0.011917339483880221,18.45,18.45,18.06,18.29,2026-09-08,18.36,1.5496743794735708
600138,中青旅,2026-09-09,40.39567426040221,40.61025951543755,39.805564809055035,40.55661320167871,15217249.0,114113311.0,0.021022945678603005,7.53,7.57,7.42,7.56,2026-09-08,7.57,5.364631375883428
600141,兴发集团,2026-09-09,114.91063077106075,115.85909946948857,113.41496859277076,114.91063077106075,30547008.0,958695003.0,0.0255374821172986,31.5,31.76,31.09,31.5,2026-09-08,31.92,3.6479565324146273
600143,金发科技,2026-09-09,298.9211539672452,299.79264421204766,294.7815753044335,294.99944786563407,22405742.0,304743119.0,0.008503689337321211,13.72,13.76,13.53,13.54,2026-09-08,13.76,21.787256120061603
600148,长春一东,2026-09-09,43.5737500471025,44.90221803634343,43.042362851406125,44.21141468193815,3571126.0,59153332.0,0.02523470592994666,16.4,16.9,16.2,16.64,2026-09-08,16.47,2.65693597848186
600149,廊坊发展,2026-09-09,14.237433222435843,14.540944395782342,14.237433222435843,14.375392846684251,8676238.0,45174967.0,0.02282259574915825,5.16,5.27,5.16,5.21,2026-09-08,5.19,2.7591924849681866
600150,中国船舶,2026-09-09,124.2363097447042,126.95517852130044,122.98882877661886,126.44339145747057,119354224.0,4688484622.0,0.015859717016363368,38.84,39.69,38.45,39.53,2026-09-08,39.08,3.198669148936771
600151,航天机电,2026-09-09,46.73977784185573,48.17498084621159,46.500577341129755,47.40953924388846,25475701.0,252480488.0,0.017762356895582903,9.77,10.07,9.72,9.91,2026-09-08,9.77,4.784010014519522
600152,维科技术,2026-09-09,24.495016191938262,24.735163409506285,24.284887376566243,24.555052996330264,8404201.0,68570116.0,0.015884574975163226,8.16,8.24,8.09,8.18,2026-09-08,8.18,3.001840219600277
600153,建发股份,2026-09-09,205.19760061607258,206.416113683864,202.7605744804898,205.19760061607258,11866800.0,99872695.0,0.004092651224074034,8.42,8.47,8.32,8.42,2026-09-08,8.42,24.3702613558281
600155,华创云信,2026-09-09,17.524938469676094,17.55334193559129,17.269307276439328,17.326114208269722,23180329.0,141937462.0,0.010617647578651392,6.17,6.18,6.08,6.1,2026-09-08,6.19,2.8403465915196264
600156,华升股份,2026-09-09,16.23177207393815,16.379501512608805,15.89938083692918,16.047110275599834,9198985.0,80175953.0,0.022876747508202355,8.79,8.87,8.61,8.69,2026-09-08,8.83,1.84661798338318
600157,永泰能源,2026-09-09,77.67652386386656,79.17030316894093,77.17859742884178,78.17445029889136,437718750.0,687866757.0,0.02006249343841736,1.56,1.59,1.55,1.57,2026-09-08,1.57,49.79264350247857
600158,中体产业,2026-09-09,45.13857650518317,45.32157073425823,44.284603436166186,44.77258804703303,26285500.0,192286952.0,0.027394624319378863,7.4,7.43,7.26,7.34,2026-09-08,7.46,6.099807635835563
600159,大龙地产,2026-09-09,13.582215618428119,13.630209313192882,13.3422471446043,13.438234534133828,20680553.0,57935239.0,0.024916231892456054,2.83,2.84,2.78,2.8,2026-09-08,2.85,4.799369476476367
600160,巨化股份,2026-09-09,399.360339259035,405.3617996697297,399.04447292163,404.3089118783798,14741538.0,562857095.0,0.0054603424017341876,37.93,38.5,37.9,38.4,2026-09-08,38.23,10.528877913499473
600161,天坛生物,2026-09-09,237.91883116700578,239.60886232762383,235.47767504611303,235.8532375262504,9794560.0,123657010.0,0.004953323271565033,12.67,12.76,12.54,12.56,2026-09-08,12.73,18.77812400686707
600162,香江控股,2026-09-09,49.19901037703395,49.90818530138759,45.919076351898354,46.27366381407517,242929583.0,1302236103.0,0.07432589326529707,5.55,5.63,5.18,5.22,2026-09-08,5.5,8.864686554420532
600163,中闽能源,2026-09-09,12.075456273663047,12.44347017914611,11.983452797292282,12.42046931005342,27756873.0,148543654.0,0.014585879799126846,5.25,5.41,5.21,5.4,2026-09-08,5.26,2.300086909269152
600166,福田汽车,2026-09-09,72.37836327944981,72.62623438657123,71.6347499580856,72.13049217232842,68835102.0,200118796.0,0.008694154496330271,2.92,2.93,2.89,2.91,2026-09-08,2.92,24.787110712140347
600167,联美控股,2026-09-09,25.99316751307092,26.349238300921204,25.726114422183205,26.260220603958636,7628926.0,44637754.0,0.0033713936641763154,5.84,5.92,5.78,5.9,2026-09-08,5.84,4.450884848128582
600168,武汉控股,2026-09-09,14.733574701425109,14.798912061520122,14.570231301187581,14.766243381472615,3735174.0,16813421.0,0.0037599991348478932,4.51,4.53,4.46,4.52,2026-09-08,4.53,3.2668680047505787
600170,上海建工,2026-09-09,42.70032138070599,42.70032138070599,42.14577175238512,42.33062162849208,102037658.0,234251420.0,0.01148304635634045,2.31,2.31,2.28,2.29,2026-09-08,2.32,18.48498761069523
600171,上海贝岭,2026-09-09,63.47617885157649,64.04066243407162,63.052816164705156,63.27860959770321,6598678.0,148507363.0,0.009308028064638185,22.49,22.69,22.34,22.42,2026-09-08,22.52,2.8224179124756112
600172,黄河旋风,2026-09-09,139.86320138118592,148.84207356862007,138.3955011197784,146.16567897428874,250564981.0,4197422824.0,0.19510173216246549,16.2,17.24,16.03,16.93,2026-09-08,16.5,8.63353094945592
600173,卧龙新能,2026-09-09,15.651927255688545,15.651927255688545,15.427972811648486,15.47774046587961,3396600.0,21175835.0,0.004849402093535684,6.29,6.29,6.2,6.22,2026-09-08,6.29,2.4883827115562074
600176,中国巨石,2026-09-09,860.7065505369433,882.0212174724101,847.1057630638359,866.1874648917776,197200532.0,8408234978.0,0.049652829110811564,42.4,43.45,41.73,42.67,2026-09-08,41.39,20.299682795682624
600177,雅戈尔,2026-09-09,437.4634827611168,442.76607043094845,436.40296522715045,441.175294129999,23412614.0,194184239.0,0.00519882666376549,8.25,8.35,8.23,8.32,2026-09-08,8.27,53.025876698317184
600178,东安动力,2026-09-09,19.200787361652466,19.662067538508982,19.181567354283445,19.50830747955681,7669511.0,77616187.0,0.016441378233688558,9.99,10.23,9.98,10.15,2026-09-08,10.04,1.9220007369021486
600179,安通控股,2026-09-09,9.834420579721924,10.050087697698283,9.726587020733744,10.006954274103009,40294743.0,185742038.0,0.010432894223491255,4.56,4.66,4.51,4.64,2026-09-08,4.54,2.15667117976358
600182,S佳通,2026-09-09,17.729934186552903,17.797917063035083,17.580371858292104,17.621161584181415,1644700.0,21376622.0,0.009674705882352941,13.04,13.09,12.93,12.96,2026-09-08,13.04,1.3596575296436275
600183,生益科技,2026-09-09,1990.4682830036227,2044.0319325394876,1971.7613802762728,1993.9674158878752,58997034.0,8801337181.0,0.02446234558327397,147.9,151.88,146.51,148.16,2026-09-08,146.28,13.45820340097108
600184,光电股份,2026-09-09,62.32481842635156,65.17336464297445,62.050259754869835,63.80057128556583,22632663.0,422203217.0,0.038839190261063854,18.16,18.99,18.08,18.59,2026-09-08,18.08,3.431983393521562
600185,珠免集团,2026-09-09,35.05679463554746,35.18760357075473,34.07572762149296,34.66436782992566,58428661.0,309587153.0,0.030996541843522556,5.36,5.38,5.21,5.3,2026-09-08,5.39,6.5404467603633325
600186,莲花控股,2026-09-09,54.28511438680002,55.073124111769694,52.62153830075292,52.665316618806784,193885831.0,2369164098.0,0.10836827537329813,12.4,12.58,12.02,12.03,2026-09-08,12.39,4.377831805387098
600188,兖矿能源,2026-09-09,173.0363550101175,181.0845575687276,170.86334031929277,178.26768667321406,55533383.0,1218918235.0,0.00931556848407687,21.5,22.5,21.23,22.15,2026-09-08,21.5,8.048202558610116
600189,泉阳泉,2026-09-09,20.539224130899633,20.99508853824389,20.463246729675593,20.767156334571762,10903499.0,89286886.0,0.015245431147935334,8.11,8.29,8.08,8.2,2026-09-08,8.15,2.5325800408014345
600191,华资实业,2026-09-09,30.12121946605149,31.67157635033355,29.816685078067508,31.007137685641233,26097566.0,289424313.0,0.0538169599036566,10.88,11.44,10.77,11.2,2026-09-08,10.88,2.7684944362179675
600192,长城电工,2026-09-09,11.900309083265943,13.095319200413988,11.80072490683694,13.095319200413988,30868609.0,237057143.0,0.06987832202975452,7.17,7.89,7.11,7.89,2026-09-08,7.17,1.6597362738167285
600195,中牧股份,2026-09-09,47.218293491643394,47.61397751531638,46.88855680524924,47.08639881708573,8363995.0,59894233.0,0.008190774373938609,7.16,7.22,7.11,7.14,2026-09-08,7.2,6.594733727883155
600196,复星医药,2026-09-09,326.59006965439204,327.31261405628226,323.699892046831,324.2779275683432,11926178.0,268035989.0,0.005629568520381503,22.6,22.65,22.4,22.44,2026-09-08,22.75,14.450888037804956
600197,伊力特,2026-09-09,43.17477665816949,44.05231276910789,42.955392630434886,43.70129832473254,8298321.0,82417679.0,0.017537541000949126,9.84,10.04,9.79,9.96,2026-09-08,9.87,4.387680554692022
600198,大唐电信,2026-09-09,14.081349706090451,15.184327489857328,14.026200816902108,14.614455634911108,39240000.0,313484260.0,0.03013941081249243,7.66,8.26,7.63,7.95,2026-09-08,7.68,1.8382963062781268
600199,金种子酒,2026-09-09,34.237687806737675,35.148264610108356,34.10110128623207,34.55638968791742,25799230.0,196281534.0,0.03922066671455988,7.52,7.72,7.49,7.59,2026-09-08,7.61,4.552884016853414
600201,生物股份,2026-09-09,194.67518094493477,196.0892863755275,190.90423313002077,191.68984725812786,6963928.0,85431152.0,0.006331259047536815,12.39,12.48,12.15,12.2,2026-09-08,12.42,15.712282562141628
600202,哈空调,2026-09-09,24.98946866080859,25.085030682456043,24.607220574218786,24.846125628337415,4018535.0,20884208.0,0.010482934093672168,5.23,5.25,5.15,5.2,2026-09-08,5.23,4.778101082372579
600203,福日电子,2026-09-09,17.872200236474654,18.024664503894815,17.71973596905449,17.872200236474654,16896015.0,178448970.0,0.0284930094092515,10.55,10.64,10.46,10.55,2026-09-08,10.6,1.694047415779588
600206,有研新材,2026-09-09,201.74973884910136,207.53331579455582,194.23531040902185,195.9661619036469,76590800.0,3638522944.0,0.09047368559645573,47.79,49.16,46.01,46.42,2026-09-08,46.85,4.221589011280631
600207,安彩高科,2026-09-09,7.111265009043867,7.1584636706083185,7.064066347479418,7.111265009043867,10487159.0,47454736.0,0.009627318588673862,4.52,4.55,4.49,4.52,2026-09-08,4.54,1.573288718815015
600208,衢州发展,2026-09-09,20.415552330913325,20.485468606019193,20.135887230489853,20.205803505595725,65222100.0,189039597.0,0.007665994522852421,2.92,2.93,2.88,2.89,2026-09-08,2.93,6.991627510586755
600210,紫江企业,2026-09-09,65.2020040671668,65.30566385105736,64.5800453638234,65.09834428327623,11137956.0,69793791.0,0.007343370790795112,6.29,6.3,6.23,6.28,2026-09-08,6.29,10.365978389056725
600211,西藏药业,2026-09-09,133.47334854713773,133.47334854713773,131.8049316902985,132.2567945890258,2100878.0,79931305.0,0.006518004593185942,38.4,38.4,37.92,38.05,2026-09-08,38.32,3.4758684517483784
600212,绿能慧充,2026-09-09,18.041320241586522,18.123952242693026,17.628160236054008,17.738336237529346,8989294.0,57940574.0,0.013129186194256211,6.55,6.58,6.4,6.44,2026-09-08,6.54,2.7544000368834385
600215,派斯林,2026-09-09,14.22138497710232,14.22138497710232,13.866892976206806,13.929450388129544,3814550.0,25542995.0,0.008349076244660338,6.82,6.82,6.65,6.68,2026-09-08,6.79,2.085247064091249
600216,浙江医药,2026-09-09,84.9871691708937,85.51178132626957,84.13467441840788,84.59371005436178,12647594.0,163537152.0,0.013293813240891697,12.96,13.04,12.83,12.9,2026-09-08,12.95,6.5576519421985875
600217,中再资环,2026-09-09,14.65469321852175,15.358822622414689,14.65469321852175,14.96274983272491,33466997.0,114539581.0,0.020189378242942545,3.33,3.49,3.33,3.4,2026-09-08,3.35,4.400808774330856
600218,全柴动力,2026-09-09,17.1236529827064,17.340408083753314,17.05862645239232,17.210355023125164,4635500.0,36798335.0,0.01064164568864394,7.9,8.0,7.87,7.94,2026-09-08,7.92,2.167551010469164
600219,南山铝业,2026-09-09,39.156701826252174,39.78446458098167,38.84282044888743,39.78446458098167,172495038.0,867580889.0,0.015020856917411993,4.99,5.07,4.95,5.07,2026-09-08,4.98,7.847034434118672
600221,海航控股,2026-09-09,4.1714205161807465,4.203508366305214,4.139332666056279,4.203508366305214,165088898.0,214788169.0,0.003853119708285897,1.3,1.31,1.29,1.31,2026-09-08,1.31,3.208785012446728
600222,太龙药业,2026-09-09,34.632172486131246,34.75600623757152,33.64150247460901,33.93044789463633,11949300.0,98770224.0,0.021362328381916405,8.39,8.42,8.15,8.22,2026-09-08,8.39,4.127791714675952
600223,福瑞达,2026-09-09,11.520655330713375,11.520655330713375,11.342194232647246,11.38185225443972,5818700.0,33444132.0,0.005723862608311966,5.81,5.81,5.72,5.74,2026-09-08,5.81,1.9829010896236445
600226,亨通股份,2026-09-09,180.01990487869864,184.63579987558836,179.71217854557267,181.55853654432858,77716614.0,460416950.0,0.026128666148411646,5.85,6.0,5.84,5.9,2026-09-08,5.86,30.77263331259806
600227,赤天化,2026-09-09,21.470612774556063,22.61176739052656,20.413988130138932,20.7943730021291,427940366.0,2154320377.0,0.33495650593803356,5.08,5.35,4.83,4.92,2026-09-08,4.96,4.226498577668516
600229,城市传媒,2026-09-09,9.069760433415256,9.464813519444235,8.987457707159221,9.152063159671293,17482205.0,97089923.0,0.02645981388952427,5.51,5.75,5.46,5.56,2026-09-08,5.75,1.6460545251207364
600230,沧州大化,2026-09-09,28.553581924145053,28.861852714149318,28.07190881476339,28.842585789774052,10864400.0,160831993.0,0.026244983479905712,14.82,14.98,14.57,14.97,2026-09-08,14.88,1.9266924375266568
600231,凌钢股份,2026-09-09,16.16170423846585,16.432570789948514,15.890837686983179,16.25199308896007,19464490.0,34924951.0,0.006862432677608472,1.79,1.82,1.76,1.8,2026-09-08,1.79,9.02888504942226
600232,金鹰股份,2026-09-09,21.429280939408933,21.429280939408933,21.140994648744236,21.301153699113513,3467216.0,23041201.0,0.009506552537674094,6.69,6.69,6.6,6.65,2026-09-08,6.65,3.2031810073854907
600233,圆通速递,2026-09-09,86.86036159510121,87.95721522919449,86.44251259163711,87.74829072746245,15455424.0,257980428.0,0.004513828797220278,16.63,16.84,16.55,16.8,2026-09-08,16.67,5.223112543301336
600234,科新发展,2026-09-09,44.003575740864775,47.81856464683884,43.86227985545833,46.46616117223427,10045300.0,234183718.0,0.03826475227943026,21.8,23.69,21.73,23.02,2026-09-08,21.54,2.018512648663522
600235,民丰特纸,2026-09-09,12.819602732855563,12.86219277515741,12.691832605950026,12.777012690553718,2958649.0,17769051.0,0.008422001138627953,6.02,6.04,5.96,6.0,2026-09-08,6.02,2.1295021150922864
600236,桂冠电力,2026-09-09,67.7976550620778,70.04354011589405,67.58710333828253,69.83298839209876,13231432.0,130144761.0,0.0016786092131542822,9.66,9.98,9.63,9.95,2026-09-08,9.68,7.018390793175755
600237,铜峰电子,2026-09-09,33.86498365858206,34.47773969583023,33.53818043871638,33.74243245113243,23538596.0,196231186.0,0.03768491957524065,8.29,8.44,8.21,8.26,2026-09-08,8.28,4.085040248321118
600241,时代万恒,2026-09-09,18.369888111931502,18.44230554207052,18.249192395033134,18.369888111931502,2495667.0,18965590.0,0.008479949252148596,7.61,7.64,7.56,7.61,2026-09-08,7.6,2.413914337967346
600246,万通发展,2026-09-09,148.45144902687383,150.888884859215,143.69264573516014,144.04085085406604,78633819.0,997156536.0,0.041596117248646425,12.79,13.0,12.38,12.41,2026-09-08,12.68,11.606837296862693
600248,陕建股份,2026-09-09,12.797065918531633,12.88382568747083,12.666926265122836,12.797065918531633,20509868.0,60513487.0,0.005534622491518687,2.95,2.97,2.92,2.95,2026-09-08,2.95,4.3379884469598755
600249,两面针,2026-09-09,18.51616556630304,18.981562905491984,18.250224229623644,18.44968023213319,9720051.0,54024566.0,0.01767282,5.57,5.71,5.49,5.55,2026-09-08,5.57,3.3242667084924666
600250,南京商旅,2026-09-09,25.082521293249037,25.156365811286083,24.17177223745884,24.811758060446547,20129427.0,201212196.0,0.06435415661230895,10.19,10.22,9.82,10.08,2026-09-08,10.28,2.46148393456811
600251,冠农股份,2026-09-09,95.99178600916633,101.16942515178404,95.99178600916633,99.03262169610055,53778562.0,646368589.0,0.06921365012096888,11.68,12.31,11.68,12.05,2026-09-08,11.86,8.218474829551912
600252,中恒集团,2026-09-09,91.12067637896277,91.513437915079,89.15686869838169,90.33515330673033,51923800.0,119570416.0,0.01630689096585748,2.32,2.33,2.27,2.3,2026-09-08,2.34,39.276153611621886
600255,鑫科材料,2026-09-09,48.118411758151055,53.17631299409307,48.118411758151055,53.17631299409307,156453809.0,595074365.0,0.08662296750930767,3.52,3.89,3.52,3.89,2026-09-08,3.54,13.670003340383822
600256,广汇能源,2026-09-09,367.8358890382243,380.0293439234693,364.2794646966945,376.98098020215804,182286070.0,1340129405.0,0.02851783252082985,7.24,7.48,7.17,7.42,2026-09-08,7.21,50.80606202185418
600257,大湖股份,2026-09-09,37.764656856503805,38.64436600124766,37.701820489022104,38.20451142887573,28495886.0,172966657.0,0.059213807059316455,6.01,6.15,6.0,6.08,2026-09-08,6.04,6.283636748170351
600258,首旅酒店,2026-09-09,30.944015722088945,30.944015722088945,30.247775368341944,30.608788885099646,20498464.0,242945666.0,0.018357878034455728,12.0,12.0,11.73,11.87,2026-09-08,12.02,2.5786679768407454
600259,中稀有色,2026-09-09,78.32174100339115,79.91187592354277,78.08879130171289,79.11174433951743,6730422.0,524076602.0,0.020005064263205436,77.33,78.9,77.1,78.11,2026-09-08,77.31,1.012824789905485
600261,阳光照明,2026-09-09,78.00052795472591,78.23833444239277,77.28710849172538,77.52491497939222,6444100.0,21068626.0,0.004826849693692228,3.28,3.29,3.25,3.26,2026-09-08,3.27,23.78064876668473
600262,北方股份,2026-09-09,23.994652535172712,24.283195825152635,23.81241466781697,24.16170391358214,5346500.0,84594381.0,0.022464285714285714,15.8,15.99,15.68,15.91,2026-09-08,15.83,1.5186488946311842
600266,城建发展,2026-09-09,27.1251678846848,27.18738157249371,26.565244694404605,26.751885757831335,30926940.0,133235409.0,0.014899210762652286,4.36,4.37,4.27,4.3,2026-09-08,4.38,6.221368780891009
600267,海正药业,2026-09-09,76.21933772723473,77.07278423064047,75.62849014795384,76.21933772723473,15580890.0,180900911.0,0.013201100028378541,11.61,11.74,11.52,11.61,2026-09-08,11.74,6.564973103120994
600268,国电南自,2026-09-09,113.25742126278419,116.50572206382006,112.82431448931273,115.85606190361287,14163452.0,150709243.0,0.013947331817193272,10.46,10.76,10.42,10.7,2026-09-08,10.45,10.82766933678625
600269,赣粤高速,2026-09-09,54.45776048563272,55.006453286495514,54.18341408520132,54.18341408520132,17625899.0,70075477.0,0.007547249320713053,3.97,4.01,3.95,3.95,2026-09-08,3.97,13.717320021569954
600271,航天信息,2026-09-09,137.66659024355272,137.86524333192727,136.276018624931,136.87197789005458,7417800.0,51138176.0,0.004003379297270637,6.93,6.94,6.86,6.89,2026-09-08,6.94,19.865308837453497
600272,开开实业,2026-09-09,26.202959333013357,26.323989168269765,24.94727479222807,25.159077003926793,27013101.0,452143651.0,0.16883188125,17.32,17.4,16.49,16.63,2026-09-08,17.49,1.512872940705159
600273,嘉化能源,2026-09-09,14.459786173293121,14.501881620668064,14.291404383793346,14.396643002230705,9876120.0,67543180.0,0.007531496452138613,6.87,6.89,6.79,6.84,2026-09-08,6.88,2.104772368747179
600276,恒瑞医药,2026-09-09,2970.5374078232917,2970.5374078232917,2907.9997781849065,2912.559813679372,71694388.0,3214392264.0,0.011239122502309991,45.6,45.6,44.64,44.71,2026-09-08,45.71,65.14336420665113
600278,东方创业,2026-09-09,14.823183948404527,14.957736298919544,14.755907773147017,14.868034731909532,4357085.0,28862126.0,0.005063324269098328,6.61,6.67,6.58,6.63,2026-09-08,6.64,2.2425391752503065
600279,重庆港,2026-09-09,10.725466431779966,11.040209239033102,10.604411505913374,10.94336529833983,12485900.0,56112425.0,0.010520056200804552,4.43,4.56,4.38,4.52,2026-09-08,4.43,2.4210985173318207
600280,中央商场,2026-09-09,39.23067177691997,39.68030698353223,37.65694855377705,38.10658376038931,116602450.0,396579943.0,0.10334029513233443,3.49,3.53,3.35,3.39,2026-09-08,3.49,11.240880165306582
600281,华阳新材,2026-09-09,9.066498965164929,9.215130095741403,9.047920073842871,9.215130095741403,12134649.0,59762415.0,0.02358981576715216,4.88,4.96,4.87,4.96,2026-09-08,4.88,1.857889132205928
600282,南钢股份,2026-09-09,43.79541815094507,44.43811820766753,43.42816097567509,44.346303913850036,33744340.0,162160807.0,0.005473453666749122,4.77,4.84,4.73,4.83,2026-09-08,4.78,9.18142938174949
600283,钱江水利,2026-09-09,19.76197854145741,19.998365844584892,19.620146159580923,19.64378488989367,4054400.0,33866829.0,0.007229350933702662,8.36,8.46,8.3,8.31,2026-09-08,8.32,2.3638730312748097
600284,浦东建设,2026-09-09,21.367982683569963,21.367982683569963,21.045447095893437,21.2067148897317,7978765.0,41916522.0,0.008223360638841708,5.3,5.3,5.22,5.26,2026-09-08,5.27,4.031694845956597
600285,羚锐制药,2026-09-09,161.8370533750206,162.25180748413132,161.00754515679904,161.17344680044334,4502100.0,87644008.0,0.007947353241162818,19.51,19.56,19.41,19.43,2026-09-08,19.54,8.295082182215303
600287,苏豪时尚,2026-09-09,25.855768640614677,25.855768640614677,25.507039583804843,25.60667645717908,2606157.0,13454100.0,0.005966530276094011,5.19,5.19,5.12,5.14,2026-09-08,5.19,4.981843668711884
600288,大恒科技,2026-09-09,48.61276364730878,49.05032227599744,47.86891397853808,48.13144915575127,17888243.0,198113413.0,0.04095293727106227,11.11,11.21,10.94,11.0,2026-09-08,11.16,4.375586286886479
600292,电投水电,2026-09-09,51.006852878612804,51.520344686115614,50.66452500694426,51.30638976632278,6569752.0,78491846.0,0.014955605568351049,11.92,12.04,11.84,11.99,2026-09-08,11.93,4.279098395856779
600293,三峡新材,2026-09-09,9.544465189538904,9.639592749567532,9.481046816186488,9.576174376215114,23809436.0,71825757.0,0.02052280969702128,3.01,3.04,2.99,3.02,2026-09-08,3.0,3.170918667620899
600295,鄂尔多斯,2026-09-09,111.99863808212923,114.10265873974149,110.29923678175011,113.69803938250837,9109488.0,126249711.0,0.004611053600971254,13.84,14.1,13.63,14.05,2026-09-08,13.88,8.092387144662517
600298,安琪酵母,2026-09-09,328.2893969841333,331.2961448957739,325.0452742373631,329.2388963246514,4180951.0,173679396.0,0.004857887403216831,41.49,41.87,41.08,41.61,2026-09-08,41.9,7.912494504317506
600299,安迪苏,2026-09-09,26.59065876986879,27.531652402135837,26.59065876986879,27.167396802548588,43125891.0,384709036.0,0.01400291624861736,8.76,9.07,8.76,8.95,2026-09-08,8.82,3.0354633298936973
600300,维维股份,2026-09-09,26.59683067066937,26.754675363076903,26.202218939650535,26.438985978261837,41004801.0,137201501.0,0.025356336324119627,3.37,3.39,3.32,3.35,2026-09-08,3.39,7.892234620376668
600301,华锡有色,2026-09-09,73.81863526274601,76.95372789795691,73.81863526274601,75.89803343916141,10320586.0,486956722.0,0.03748364891363281,46.15,48.11,46.15,47.45,2026-09-08,46.11,1.5995370587810622
600303,曙光股份,2026-09-09,20.101948466600803,20.299026392743947,19.970563182505373,20.167641108648517,13612702.0,41771350.0,0.020092186943623958,3.06,3.09,3.04,3.07,2026-09-08,3.06,6.569264204771504
600305,恒顺醋业,2026-09-09,69.66251942395763,69.762037308849,68.56782269015258,68.96589422971805,8287371.0,57627500.0,0.0075137554319880135,7.0,7.01,6.89,6.93,2026-09-08,6.96,9.951788489136804
600307,酒钢宏兴,2026-09-09,6.248013340545976,6.369727886141027,6.166870310149275,6.329156370942677,64919680.0,100842670.0,0.010364996854760368,1.54,1.57,1.52,1.56,2026-09-08,1.54,4.057151519835049
600308,华泰股份,2026-09-09,36.0145476433818,36.33610610448343,35.69298918228018,36.0145476433818,8687555.0,29153766.0,0.005727289742691862,3.36,3.39,3.33,3.36,2026-09-08,3.37,10.718615370054108
600309,万华化学,2026-09-09,2958.3042948001066,3003.5127462038836,2929.4316703741647,2996.294590097398,26444941.0,2069157360.0,0.008447590062903831,77.87,79.06,77.11,78.87,2026-09-08,78.09,37.99029529729172
600310,广西能源,2026-09-09,43.41791295612864,44.573156759839385,43.12910200520096,44.573156759839385,43216283.0,197719924.0,0.029484865158815425,4.51,4.63,4.48,4.63,2026-09-08,4.53,9.6270316975895
600312,平高电气,2026-09-09,131.30305335306628,132.9026844599057,129.7034222462269,131.50300724142122,14140652.0,279127644.0,0.010421128997097944,19.7,19.94,19.46,19.73,2026-09-08,19.62,6.665129611830776
600313,农发种业,2026-09-09,29.420331813806595,32.40008336930752,28.854556202002623,31.57027913866169,181417589.0,1461751677.0,0.1676379718462099,7.8,8.59,7.65,8.37,2026-09-08,7.96,3.7718374120264864
600315,上海家化,2026-09-09,105.250305978042,107.02201023437934,104.30908809186275,104.97347718798927,9808500.0,186690231.0,0.014591075459475696,19.01,19.33,18.84,18.96,2026-09-08,19.07,5.536575801054286
600316,洪都航空,2026-09-09,118.80703706039556,127.06207146893848,117.64333176932342,124.22553982195015,22766175.0,775140746.0,0.03174691715066003,32.67,34.94,32.35,34.16,2026-09-08,32.47,3.6365790346004148
600318,新力金融,2026-09-09,23.455855341699902,23.67683917399048,22.85604208262548,23.203302390510668,56007178.0,411740918.0,0.1092337812603008,7.43,7.5,7.24,7.35,2026-09-08,7.52,3.1569118898653974
600319,亚星化学,2026-09-09,9.38523701101018,9.497132534241299,9.27334148777906,9.42719783222185,3553450.0,23880200.0,0.009165241148767243,6.71,6.79,6.63,6.74,2026-09-08,6.68,1.3986940403889985
600320,振华重工,2026-09-09,59.51800454856655,60.79643424054053,59.23390906146121,60.512338753435195,47568372.0,201331237.0,0.014370215464352298,4.19,4.28,4.17,4.26,2026-09-08,4.19,14.204774355266478
600322,津投城开,2026-09-09,8.296923752860646,8.505839099155699,8.237233653919203,8.446149000214255,25824400.0,72511448.0,0.023355702270055168,2.78,2.85,2.76,2.83,2026-09-08,2.8,2.984504947072175
600323,瀚蓝环境,2026-09-09,112.09829522989128,113.691031494998,111.60530543354874,113.38765315878719,2662029.0,79229003.0,0.003264902579299639,29.56,29.98,29.43,29.9,2026-09-08,29.56,3.7922292026350233
600325,华发股份,2026-09-09,27.893492997328956,27.893492997328956,26.726845001242957,26.938962818713136,62022035.0,158379412.0,0.022535831010003664,2.63,2.63,2.52,2.54,2026-09-08,2.64,10.605890873509109
600326,西藏天路,2026-09-09,70.07792252067145,70.17211327674761,68.5708704234527,68.85344269168121,22525517.0,165492733.0,0.016532921241643312,7.44,7.45,7.28,7.31,2026-09-08,7.45,9.41907560761713
600327,大东方,2026-09-09,68.68650702773162,69.0199366734973,67.51950326755171,68.68650702773162,16619117.0,68176804.0,0.018783342812418044,4.12,4.14,4.05,4.12,2026-09-08,4.15,16.671482288284373
600328,中盐化工,2026-09-09,27.80795251416086,28.022189436457936,27.55086820740436,27.636562976323194,14270864.0,92295375.0,0.00973250441249092,6.49,6.54,6.43,6.45,2026-09-08,6.49,4.2847384459415805
600329,达仁堂,2026-09-09,132.65006308912734,132.76178408555276,130.82528681417867,131.19769013559673,1761500.0,62218598.0,0.0031062124184887715,35.62,35.65,35.13,35.23,2026-09-08,35.62,3.7240332141810035
600330,天通股份,2026-09-09,138.37635425024772,140.82951351798027,133.06117583682718,133.37917796412583,111381105.0,3337938860.0,0.09030160303229288,30.46,31.0,29.29,29.36,2026-09-08,30.08,4.542887532838074
600331,宏达股份,2026-09-09,98.89986364040512,100.70900748748569,96.11076687615589,97.99529171686483,54395427.0,704601820.0,0.0267694030511811,13.12,13.36,12.75,13.0,2026-09-08,13.2,7.538099362835756
600332,白云山,2026-09-09,34.475269135034544,34.52634360782719,34.27097124386397,34.37312018944926,5788102.0,116869393.0,0.0041170348270020765,20.25,20.28,20.13,20.19,2026-09-08,20.28,1.7024824264214589
600333,长春燃气,2026-09-09,17.160097588992386,17.74593306855969,16.98922890745192,17.501834952073313,15486041.0,110454420.0,0.02542735761405414,7.03,7.27,6.96,7.17,2026-09-08,7.03,2.4409811648637816
600335,国机汽车,2026-09-09,30.160338927583968,30.502422166838226,30.103325054374928,30.160338927583968,10394722.0,55169115.0,0.006988250924047619,5.29,5.35,5.28,5.29,2026-09-08,5.3,5.701387320904342
600336,澳柯玛,2026-09-09,21.810367940645822,22.033900262145853,21.33137010886004,21.682635185502946,9270257.0,62723450.0,0.011616648413182438,6.83,6.9,6.68,6.79,2026-09-08,6.88,3.1933188785718625
600338,西藏珠峰,2026-09-09,22.962573308284984,23.424906999055825,22.91120289819934,23.270795768798877,31438631.0,425362119.0,0.03438884416345717,13.41,13.68,13.38,13.59,2026-09-08,13.46,1.712347002854958
600339,中油工程,2026-09-09,14.550188451285747,14.716952788836299,14.42511519812283,14.508497366898107,46430516.0,161964240.0,0.00831619014922488,3.49,3.53,3.46,3.48,2026-09-08,3.49,4.169108438763824
600343,航天动力,2026-09-09,56.349203820148304,59.58973311331977,56.349203820148304,57.24935084602926,37554776.0,724328720.0,0.05884425330097155,18.78,19.86,18.78,19.08,2026-09-08,18.93,3.0004900862698776
600345,长江通信,2026-09-09,111.6451652743366,116.37887067108223,110.69428995446631,111.5624804639131,19887144.0,1089257181.0,0.09400269466767987,54.01,56.3,53.55,53.97,2026-09-08,52.4,2.0671202605876062
600346,恒力石化,2026-09-09,182.34959325602455,187.02772285318608,179.133379157976,186.1505735537183,22113099.0,416444616.0,0.003141466902341765,18.71,19.19,18.38,19.1,2026-09-08,18.79,9.746103327419805
600348,华阳股份,2026-09-09,140.30406643528147,151.3640716722969,140.14606636046693,150.8900714478534,86214199.0,812619176.0,0.02389859986139986,8.88,9.58,8.87,9.55,2026-09-08,8.88,15.800007481450615
600350,山东高速,2026-09-09,34.02458319460533,34.19504703826567,33.78593381348084,33.95639765714119,12840695.0,127875437.0,0.0026560154902684667,9.98,10.03,9.91,9.96,2026-09-08,10.02,3.4092768732069465
600351,亚宝药业,2026-09-09,57.84200306169866,58.25693852125173,56.84615795877128,57.344080510234974,22387359.0,155056326.0,0.03235167270494661,6.97,7.02,6.85,6.91,2026-09-08,7.01,8.298709191061501
600352,浙江龙盛,2026-09-09,241.1464698414008,245.54834984644225,239.8067672311708,243.63448897468513,59034185.0,748601347.0,0.0181457618037159,12.6,12.83,12.53,12.73,2026-09-08,12.46,19.138608717571493
600353,旭光电子,2026-09-09,360.362507893628,381.90834557128295,357.23668688339825,361.36723607548754,52164787.0,1711623765.0,0.06293929133741309,32.28,34.21,32.0,32.37,2026-09-08,31.73,11.163646465106195
600354,敦煌种业,2026-09-09,26.848778560643062,29.487542102385653,26.848778560643062,28.129731736246264,240174098.0,2634249226.0,0.45504575881929077,10.48,11.51,10.48,10.98,2026-09-08,10.48,2.561906351206399
600356,恒丰纸业,2026-09-09,18.858705564478242,19.162551518793144,18.777679976660934,18.939731152295547,5116980.0,47883338.0,0.017129034232219155,9.31,9.46,9.27,9.35,2026-09-08,9.41,2.025639695432679
600358,国旅联合,2026-09-09,18.025571361042417,18.093720969212708,17.650748516105807,17.957421752872122,5326400.0,27895120.0,0.010548649804908205,5.29,5.31,5.18,5.27,2026-09-08,5.31,3.4074804085146346
600359,新农开发,2026-09-09,11.34204810179492,12.608672762909073,11.34204810179492,12.608672762909073,39045936.0,335687763.0,0.10234501687256538,7.88,8.76,7.88,8.76,2026-09-08,7.96,1.439346205811538
600360,华微电子,2026-09-09,82.20510285974834,86.3864407468159,81.95422258652428,82.79049016393779,49823596.0,498821750.0,0.051883619332996345,9.83,10.33,9.8,9.9,2026-09-08,9.78,8.36267577413513
600361,创新新材,2026-09-09,20.788232039697313,20.954982564079913,20.565898007187183,20.843815547824846,36229352.0,135399872.0,0.009706033693485034,3.74,3.77,3.7,3.75,2026-09-08,3.75,5.558350812753292
600362,江西铜业,2026-09-09,85.4321309345864,88.09916134327682,83.93301580290421,86.40829892730969,108554639.0,5343000874.0,0.05230925177328435,49.01,50.54,48.15,49.57,2026-09-08,48.53,1.7431571298630157
600363,联创光电,2026-09-09,65.71207420604055,66.24432153605832,64.40192693215064,64.647579546005,23292086.0,369755667.0,0.051658200603719166,16.05,16.18,15.73,15.79,2026-09-08,16.05,4.094210230905953
600366,宁波韵升,2026-09-09,131.09800000837737,132.0310818589708,130.39818862043228,131.56454093367407,18251385.0,205519298.0,0.016606645387261334,11.24,11.32,11.18,11.28,2026-09-08,11.23,11.663523132417914
600367,红星发展,2026-09-09,155.84756494192885,158.77161614638396,150.78502852824533,152.70530096102186,26263228.0,929364826.0,0.08156961345929736,35.71,36.38,34.55,34.99,2026-09-08,35.46,4.364255529037492
600368,五洲交通,2026-09-09,23.725615979109833,24.158960563203166,23.67144790609817,23.888120198144833,36822371.0,162468454.0,0.022875956105092004,4.38,4.46,4.37,4.41,2026-09-08,4.37,5.416807301166629
600369,西南证券,2026-09-09,20.250873920908905,20.35014291071728,20.20123942600472,20.250873920908905,24980285.0,101966327.0,0.003759198612672775,4.08,4.1,4.07,4.08,2026-09-08,4.09,4.963449490418849
600371,万向德农,2026-09-09,50.715906653679134,55.888165443137176,50.715906653679134,53.458245206479035,81756756.0,1269791878.0,0.2794357607202182,14.61,16.1,14.61,15.4,2026-09-08,15.83,3.47131462379734
600372,中航机载,2026-09-09,34.91556296249293,35.74547447603266,34.737724781020134,35.38979811308706,53212285.0,634990895.0,0.010996780685517557,11.78,12.06,11.72,11.94,2026-09-08,11.78,2.9639696912133218
600373,中文传媒,2026-09-09,42.466899631755915,42.90754191068464,41.089892510103645,41.31021364956801,18587438.0,140146167.0,0.013795463478200863,7.71,7.79,7.46,7.5,2026-09-08,7.79,5.508028486609068
600375,汉马科技,2026-09-09,15.262142786216486,15.575212381831184,15.066474288957302,15.379543884572,23330500.0,91369362.0,0.015950452679596744,3.9,3.98,3.85,3.93,2026-09-08,3.9,3.9133699451837147
600376,首开股份,2026-09-09,33.28366311717331,33.28366311717331,32.394781906328916,32.493546485311626,59641493.0,197016100.0,0.0231207538498846,3.37,3.37,3.28,3.29,2026-09-08,3.39,9.876457898271012
600377,宁沪高速,2026-09-09,44.360115173022784,45.00301539292167,44.038665063073346,44.610131925205685,7777451.0,97200698.0,0.0020455225321754575,12.42,12.6,12.33,12.49,2026-09-08,12.4,3.5716678883271165
600378,昊华科技,2026-09-09,157.92452568565383,162.6266595852692,156.5138855157692,158.83136579486535,57222998.0,2713113346.0,0.053351525206767274,47.02,48.42,46.6,47.29,2026-09-08,46.49,3.3586670711538456
600379,宝光股份,2026-09-09,40.53328434218682,41.0832610632477,39.158342539534615,39.68082042454245,9032500.0,130922689.0,0.027354503990174923,14.74,14.94,14.24,14.43,2026-09-08,14.69,2.7498836053043973
600380,健康元,2026-09-09,112.38937654167438,112.74391716167966,111.56211509499539,111.56211509499539,12093899.0,114541562.0,0.006610662557761392,9.51,9.54,9.44,9.44,2026-09-08,9.57,11.818020666842733
600382,广东明珠,2026-09-09,45.36214685323409,45.99120590050544,45.01266960475001,45.921310450808626,7704481.0,50287171.0,0.011883815420632706,6.49,6.58,6.44,6.57,2026-09-08,6.5,6.989544969681678
600383,金地集团,2026-09-09,42.236072069852156,42.413534557540615,40.99383465603297,41.171297143721425,84796836.0,198151608.0,0.01878286992535045,2.38,2.39,2.31,2.32,2026-09-08,2.4,17.746248768845444
600386,北巴传媒,2026-09-09,21.781289678110706,21.84063924126632,21.48454186233263,21.721940114955093,6885900.0,25147108.0,0.0085390625,3.67,3.68,3.62,3.66,2026-09-08,3.66,5.9349563155615
600388,龙净环保,2026-09-09,165.08598650743878,166.58037509669674,163.9432187627121,164.73436566290746,6695378.0,125607720.0,0.005271759019259623,18.78,18.95,18.65,18.74,2026-09-08,18.81,8.79052111328215
600389,江山股份,2026-09-09,100.28304288360229,102.73997743425053,97.77596681151223,100.58389201225309,28302645.0,567910360.0,0.06572075931731104,20.0,20.49,19.5,20.06,2026-09-08,19.95,5.014152144180114
600390,五矿资本,2026-09-09,34.100509946578676,34.305934705293005,33.8266102682929,34.23745978572156,22645760.0,112819192.0,0.00503455545643272,4.98,5.01,4.94,5.0,2026-09-08,5.0,6.847491957144312
600391,航发科技,2026-09-09,80.66828319293809,89.96923823501996,80.66828319293809,81.76839615490476,30910801.0,1295484961.0,0.09363238805713398,40.33,44.98,40.33,40.88,2026-09-08,41.19,2.000205385393952
600392,盛和资源,2026-09-09,199.40738284242792,204.61646662887082,199.1332205378783,203.51981741067232,39798399.0,877852880.0,0.02270526912425797,21.82,22.39,21.79,22.27,2026-09-08,21.87,9.13874348498753
600395,盘江股份,2026-09-09,30.443092782792306,32.240470954470084,30.21842051133258,32.128134818740214,57312660.0,322035160.0,0.026698963642969847,5.42,5.74,5.38,5.72,2026-09-08,5.43,5.616806786493045
600396,华电辽能,2026-09-09,94.68562188124123,103.4919991146083,94.34428943033554,100.69307301718156,231003537.0,3349008856.0,0.15685643220594941,13.87,15.16,13.82,14.75,2026-09-08,13.96,6.826649018114004
600397,江钨装备,2026-09-09,71.57807223767111,73.71350525910478,70.0175634912388,72.56365670910203,86451999.0,1513289516.0,0.08732879036001177,17.43,17.95,17.05,17.67,2026-09-08,17.08,4.106601964295531
600398,海澜之家,2026-09-09,70.72475344843913,72.76258532746195,70.60488098496718,72.28309547357422,49756621.0,298898718.0,0.01035998349565873,5.9,6.07,5.89,6.03,2026-09-08,5.9,11.987246347193071
600399,抚顺特钢,2026-09-09,15.808404100565733,16.30867005311528,15.708350910055822,16.00851048158555,48833347.0,234123057.0,0.02476210486283657,4.74,4.89,4.71,4.8,2026-09-08,4.76,3.335106350330323
600400,红豆股份,2026-09-09,39.221567721440174,39.221567721440174,37.38305673449766,37.75075893188616,71311490.0,222128914.0,0.031121744791338217,3.2,3.2,3.05,3.08,2026-09-08,3.2,12.256739912950053
600403,大有能源,2026-09-09,34.95289319124667,38.56159897795356,34.54046967276589,38.56159897795356,149508942.0,1083284268.0,0.06253478603127975,6.78,7.48,6.7,7.48,2026-09-08,6.8,5.155293981009834
600405,动力源,2026-09-09,33.42057499943266,33.55137959825627,32.89735660413822,33.22436810119724,8923791.0,45448546.0,0.014561619045064776,5.11,5.13,5.03,5.08,2026-09-08,5.1,6.540229941180559
600406,国电南瑞,2026-09-09,1172.7157266884988,1180.045199980302,1165.3862533966958,1175.3333957212858,25124672.0,563423730.0,0.0031373775366256734,22.4,22.54,22.26,22.45,2026-09-08,22.41,52.35338065573656
600408,安泰集团,2026-09-09,11.800819772721338,12.203953367441631,11.580928721055724,12.094007841608823,64264141.0,209444881.0,0.06383009634485498,3.22,3.33,3.16,3.3,2026-09-08,3.24,3.664850861093583
600409,三友化工,2026-09-09,46.31104113559897,47.237261958310945,45.84793072424298,46.575675656373825,22429801.0,157398023.0,0.010865312082569462,7.0,7.14,6.93,7.04,2026-09-08,7.0,6.6158630193712815
600410,华胜天成,2026-09-09,183.9794565158403,184.3598413328958,178.1468893209894,180.30240328430386,52313097.0,744886664.0,0.04770939413666085,14.51,14.54,14.05,14.22,2026-09-08,14.57,12.67949390184978
600415,小商品城,2026-09-09,490.7559023453226,491.528746286024,482.2546189976084,483.800306879011,37281296.0,468295557.0,0.006798740464629751,12.7,12.72,12.48,12.52,2026-09-08,12.76,38.642197035064775
600416,湘电股份,2026-09-09,29.535361484480347,30.275427489786235,29.43444339284773,29.73719766774559,16870401.0,149799178.0,0.01143149639330564,8.78,9.0,8.75,8.84,2026-09-08,8.78,3.363936387754026
600418,江淮汽车,2026-09-09,146.4939052374594,147.0683911403514,143.1188005579689,145.2013119559524,58273613.0,1174913043.0,0.025851378178201212,20.4,20.48,19.93,20.22,2026-09-08,20.55,7.1810737861499705
600419,天润乳业,2026-09-09,27.27126479126524,27.56608927549513,27.06488765230431,27.18281744599627,7121500.0,65891897.0,0.02257101348265537,9.25,9.35,9.18,9.22,2026-09-08,9.34,2.9482448422989447
600420,XD国药现,2026-09-09,86.0948427540367,86.29670639472614,85.48925183196846,85.69111547265788,4858300.0,41309315.0,0.0036224268723777445,8.53,8.55,8.47,8.49,2026-09-08,8.56,10.093182034470892
600422,昆药集团,2026-09-09,94.36984399767627,94.58879955219525,92.61819956152453,92.94663289330298,4820800.0,41132531.0,0.006368499856726587,8.62,8.64,8.46,8.49,2026-09-08,8.63,10.947777725948525
600425,青松建化,2026-09-09,23.24525475339763,23.616189669675254,23.059787295258822,23.430722211536445,14090732.0,53339731.0,0.008780893281752728,3.76,3.82,3.73,3.79,2026-09-08,3.77,6.18224860462703
600426,华鲁恒升,2026-09-09,239.67456853070198,243.06618978349493,235.1524068603114,239.33540640542273,31375319.0,662530447.0,0.01141095376843422,21.2,21.5,20.8,21.17,2026-09-08,21.14,11.30540417597651
600428,中远海特,2026-09-09,74.96079751864455,79.08463908577495,74.5617160766642,78.15344905448744,46104404.0,538843982.0,0.018854404704515857,11.27,11.89,11.21,11.75,2026-09-08,11.34,6.651357366339357
600429,三元股份,2026-09-09,6.478966859912254,6.531534542345619,6.334405733220501,6.360689574437182,13162000.0,63997043.0,0.008788978486892429,4.93,4.97,4.82,4.84,2026-09-08,4.93,1.3141920608341287
600433,冠豪高新,2026-09-09,24.542055552122456,24.61360673449016,24.25585082265164,24.47050436975475,20906829.0,71361972.0,0.011944853487272108,3.43,3.44,3.39,3.42,2026-09-08,3.44,7.155118236770395
600435,北方导航,2026-09-09,145.39785554156438,149.72517267077762,144.4087544834585,147.6233329223026,35331090.0,421811341.0,0.023361595510957376,11.76,12.11,11.68,11.94,2026-09-08,11.8,12.363763226323503
600436,片仔癀,2026-09-09,891.3344932526461,891.406747994317,876.4500164684335,880.6407914853478,1882348.0,229805684.0,0.0031199971902011545,123.36,123.37,121.3,121.88,2026-09-08,123.34,7.225474167093434
600438,通威股份,2026-09-09,151.61815002943024,154.68372340828984,149.06350554704727,149.57443444352387,30949633.0,366332942.0,0.0068746546611219966,11.87,12.11,11.67,11.71,2026-09-08,11.86,12.773222411914933
600439,瑞贝卡,2026-09-09,30.27799606663945,30.433267841340164,29.96745251723802,29.96745251723802,9033892.0,17506919.0,0.007980572612312045,1.95,1.96,1.93,1.93,2026-09-08,1.96,15.527177470071512
600444,国机通用,2026-09-09,30.656044682515834,30.719340025975953,30.276272621755144,30.445060204315453,1813474.0,26214837.0,0.012385262065794897,14.53,14.56,14.35,14.43,2026-09-08,14.53,2.109844782003843
600446,金证股份,2026-09-09,182.8328883326383,183.33061851866185,179.84650721649723,180.67605752653643,9938100.0,108649560.0,0.010558210308676775,11.02,11.05,10.84,10.89,2026-09-08,11.09,16.591006200783877
600448,华纺股份,2026-09-09,6.434527951912102,6.497201925469687,6.392745302873712,6.4554192764312965,12054123.0,37209354.0,0.01913900712740848,3.08,3.11,3.06,3.09,2026-09-08,3.09,2.0891324519195136
600449,宁夏建材,2026-09-09,61.64766265768809,61.696319060732826,60.72319099983799,61.16109862724067,6024200.0,75551255.0,0.012598157331381615,12.67,12.68,12.48,12.57,2026-09-08,12.71,4.865640304474198
600452,涪陵电力,2026-09-09,115.75186716347544,116.63836942840359,114.61207853713925,116.1317967055875,19775132.0,180776538.0,0.01286989646425817,9.14,9.21,9.05,9.17,2026-09-08,9.14,12.664318070402127
600455,博通股份,2026-09-09,27.320110397677244,27.429478333616704,26.91544903470124,27.11231131939227,1175500.0,29134076.0,0.01882064747510327,24.98,25.08,24.61,24.79,2026-09-08,25.08,1.0936793593946055
600456,XD宝钛股,2026-09-09,75.3942469084248,76.68351655815995,75.08594329653161,76.26310254194198,5033332.0,136520389.0,0.010534886195225681,26.9,27.36,26.79,27.21,2026-09-08,26.85,2.802760108119881
600458,时代新材,2026-09-09,98.60413429888752,100.54085085642329,98.60413429888752,100.45664578870435,16441982.0,194959102.0,0.0189168984584661,11.71,11.94,11.71,11.93,2026-09-08,11.75,8.420506771894749
600459,贵研铂业,2026-09-09,111.46398041759626,112.41284755184722,110.51511328334533,111.85469041405254,12409276.0,247885204.0,0.01633430798986521,19.97,20.14,19.8,20.04,2026-09-08,19.98,5.581571377946734
600460,士兰微,2026-09-09,446.33010705437215,453.0462290447225,439.1759771081293,441.95002749544796,48256070.0,1472935227.0,0.02899879001317999,30.57,31.03,30.08,30.27,2026-09-08,30.36,14.600265196413874
600461,洪城环境,2026-09-09,51.02879734161409,51.42924754496756,51.02879734161409,51.25762602924465,7518130.0,67374307.0,0.005854526433022574,8.92,8.99,8.92,8.96,2026-09-08,8.93,5.720717190763911
600463,空港股份,2026-09-09,24.35633196344229,24.35633196344229,23.454245594425906,23.595196589584713,3687650.0,31114527.0,0.012292166666666667,8.64,8.64,8.32,8.37,2026-09-08,8.63,2.8190199031761907
600467,好当家,2026-09-09,23.55285348402249,24.739625171201915,23.370273224456422,24.55704491163585,100436532.0,266595922.0,0.06874532756563025,2.58,2.71,2.56,2.69,2026-09-08,2.6,9.12901297830329
600468,百利电气,2026-09-09,79.9760750970169,81.72828957488582,79.22512603507309,81.72828957488582,39191400.0,252463726.0,0.036030272478390905,6.39,6.53,6.33,6.53,2026-09-08,6.41,12.515817699063678
600469,风神股份,2026-09-09,14.553501842171515,14.828615298545266,14.470967805259388,14.773592607270517,9659390.0,51534399.0,0.011414491424311154,5.29,5.39,5.26,5.37,2026-09-08,5.3,2.7511345637375264
600470,六国化工,2026-09-09,15.304778347321959,15.628934015797762,15.050084607805253,15.351086299961358,70772170.0,467565423.0,0.13568284125766872,6.61,6.75,6.5,6.63,2026-09-08,6.65,2.315397631970039
600475,华光环能,2026-09-09,74.56353373531626,75.22548013499568,71.39564739399337,72.95594962180913,11975277.0,184618592.0,0.012700666296753337,15.77,15.91,15.1,15.43,2026-09-08,15.71,4.728188569138634
600477,杭萧钢构,2026-09-09,87.3182650388395,87.3182650388395,85.93773910937169,86.97313355647255,29420128.0,73852040.0,0.01247160731403699,2.53,2.53,2.49,2.52,2026-09-08,2.53,34.51314823669546
600478,科力远,2026-09-09,49.18360315482835,49.38768449571975,48.77544047304554,49.081562484382644,14023646.0,67478226.0,0.008278817756587353,4.82,4.84,4.78,4.81,2026-09-08,4.82,10.204067044570197
600479,千金药业,2026-09-09,185.24973784030456,196.57795921902823,182.18445440841464,188.18174807950362,101493879.0,1431494059.0,0.24251410520218225,13.9,14.75,13.67,14.12,2026-09-08,14.81,13.32731926908666
600480,凌云股份,2026-09-09,34.36171274533477,34.5267149674012,34.155459967751725,34.19671052326833,7459530.0,62003434.0,0.006148715263444926,8.33,8.37,8.28,8.29,2026-09-08,8.34,4.125055551660837
600481,双良节能,2026-09-09,45.99580097879399,46.09962897197412,44.74986506063252,45.16517703335301,29760769.0,129693233.0,0.014417571173215172,4.43,4.44,4.31,4.35,2026-09-08,4.37,10.382799318012188
600482,中国动力,2026-09-09,88.87079044200867,92.33362438188338,87.91463480189402,91.0156801211848,20256507.0,710690998.0,0.008930470378251258,34.39,35.73,34.02,35.22,2026-09-08,34.41,2.5842044327423284
600483,福能股份,2026-09-09,41.41512029761477,41.45266800414026,40.701713873630474,41.11473864541085,9369641.0,102391835.0,0.003370196726197183,11.03,11.04,10.84,10.95,2026-09-08,11.04,3.754770652548937
600486,扬农化工,2026-09-09,277.41075758013403,279.766487518824,272.3223809125636,275.2434860365392,6878909.0,402997974.0,0.01702228603798386,58.88,59.38,57.8,58.42,2026-09-08,58.88,4.711459877379993
600487,亨通光电,2026-09-09,764.1098800459869,799.5259169602249,763.9914317619927,789.1024679687434,218400786.0,14492707429.0,0.08901070615901745,64.51,67.5,64.5,66.62,2026-09-08,63.11,11.844828399410739
600488,津药药业,2026-09-09,38.55738969396985,41.049692449853836,37.970965516114795,39.29041991628868,92686460.0,499847569.0,0.08488651954248586,5.26,5.6,5.18,5.36,2026-09-08,5.31,7.330302223188185
600489,中金黄金,2026-09-09,298.0902228491566,311.00906075754693,297.3725096320237,309.69325319280347,86773097.0,2213647524.0,0.017901279493393114,24.92,26.0,24.86,25.89,2026-09-08,25.2,11.961886952213344
600490,鹏欣资源,2026-09-09,86.42960330722207,89.67796423688948,86.42960330722207,88.2858095527463,45501124.0,344622675.0,0.022834806611876843,7.45,7.73,7.45,7.61,2026-09-08,7.52,11.601289034526452
600493,凤竹纺织,2026-09-09,16.82360112661464,16.90160855069477,16.589578854374253,16.693588753147758,4419199.0,28381903.0,0.016247055147058823,6.47,6.5,6.38,6.42,2026-09-08,6.48,2.600247469337657
600495,晋西车轴,2026-09-09,30.759575391166546,31.20322311315452,30.685634104168553,31.12928182615653,9355720.0,39223971.0,0.0077435776982015736,4.16,4.22,4.15,4.21,2026-09-08,4.17,7.3941286997996505
600496,精工钢构,2026-09-09,34.530915416101955,34.73645657929303,34.32537425291087,34.530915416101955,22635500.0,76082091.0,0.011373905250690663,3.36,3.38,3.34,3.36,2026-09-08,3.37,10.277058159554153
600497,驰宏锌锗,2026-09-09,232.56262632161832,237.4366933403349,231.63423260376757,236.5082996224841,128377751.0,1297781270.0,0.025469853205127572,10.02,10.23,9.98,10.19,2026-09-08,10.04,23.209842946269294
600498,烽火通信,2026-09-09,153.0968371889919,158.04997015687107,152.53398116991474,153.9974068195154,99413530.0,4106069894.0,0.07817855662227832,40.8,42.12,40.65,41.04,2026-09-08,40.24,3.752373460514508
600499,科达制造,2026-09-09,444.24710430743744,457.90224071033,440.60573459999944,456.081555856611,26142669.0,388463678.0,0.013631192159475928,14.64,15.09,14.52,15.03,2026-09-08,14.64,30.344747561983432
600500,中化国际,2026-09-09,53.55555360467056,54.47575212021472,52.72737494068081,54.107672713997054,137030134.0,801426119.0,0.038187970153338385,5.82,5.92,5.73,5.88,2026-09-08,5.81,9.201985155441676
600501,航天晨光,2026-09-09,68.69827127441108,70.2853600497275,68.10878115786497,69.78656072034235,7604507.0,116281857.0,0.01777484069391119,15.15,15.5,15.02,15.39,2026-09-08,15.15,4.534539358046936
600502,安徽建工,2026-09-09,74.33739083645963,74.83741812908157,73.83736354383771,74.67074236487426,18121652.0,80923193.0,0.010557118387716958,4.46,4.49,4.43,4.48,2026-09-08,4.46,16.66757642073086
600503,华丽家族,2026-09-09,6.62133234616334,6.6505012111244115,6.446319156396908,6.5338257512801245,32859600.0,73418218.0,0.020507898070886044,2.27,2.28,2.21,2.24,2026-09-08,2.27,2.9168864961071983
600505,西昌电力,2026-09-09,34.10328037254559,34.84676421005132,33.97397883558807,34.78211344157256,6341099.0,67800971.0,0.017393484059879172,10.55,10.78,10.51,10.76,2026-09-08,10.65,3.2325384239379704
600506,统一股份,2026-09-09,26.58660668164246,28.57410459343862,25.852761298825417,28.360066356783648,34239293.0,608943630.0,0.13716312847257922,17.39,18.69,16.91,18.55,2026-09-08,17.56,1.5288445475355066
600507,方大特钢,2026-09-09,113.35543540107595,114.41483199360937,112.56088795667587,113.6202845492093,13790978.0,59159393.0,0.0059618927021099005,4.28,4.32,4.25,4.29,2026-09-08,4.29,26.4849148133355
600508,上海能源,2026-09-09,42.31620305454875,44.61559357986165,42.01950750289547,43.095028877638605,48585256.0,565949846.0,0.04801838931051155,11.41,12.03,11.33,11.62,2026-09-08,11.49,3.708694395665973
600509,天富能源,2026-09-09,47.944853666019846,48.724444782540495,47.81492181326641,48.464581077033614,16632165.0,123697534.0,0.012101423442222778,7.38,7.5,7.36,7.46,2026-09-08,7.4,6.496592637672066
600510,黑牡丹,2026-09-09,46.12340943324628,46.52623396978118,45.45203520568811,46.324821701513734,3542519.0,24334963.0,0.0034325887757631155,6.87,6.93,6.77,6.9,2026-09-08,6.87,6.7137422755817004
600511,国药股份,2026-09-09,165.05748048743638,165.4260494799651,164.13605800611464,165.1803368182793,1912700.0,51359493.0,0.003456604971210585,26.87,26.93,26.72,26.89,2026-09-08,26.92,6.142816542145009
600512,腾达建设,2026-09-09,13.74835068809392,13.877443182817807,13.619258193370033,13.74835068809392,17900520.0,38173669.0,0.011276591772052843,2.13,2.15,2.11,2.13,2026-09-08,2.14,6.4546247361943285
600513,联环药业,2026-09-09,112.43282426336502,112.79621412846961,110.90658682992567,111.26997669503028,5222660.0,80282852.0,0.01829583214269562,15.47,15.52,15.26,15.31,2026-09-08,15.58,7.267797302092115
600515,海南机场,2026-09-09,9.32427524625697,9.35687760725787,9.193865802253377,9.259070524255174,75475244.0,214696323.0,0.00822527693093245,2.86,2.87,2.82,2.84,2026-09-08,2.87,3.26023610008985
600516,方大炭素,2026-09-09,67.59451131693399,68.23826856757145,67.20825696655152,68.10951711744397,41726303.0,219720978.0,0.010364284678212515,5.25,5.3,5.22,5.29,2026-09-08,5.26,12.875145012749332
600517,国网英大,2026-09-09,110.66025098369231,111.09678057337155,110.0054565991734,110.44198618885265,11903400.0,60198182.0,0.0020815832393481907,5.07,5.09,5.04,5.06,2026-09-08,5.09,21.826479483962977
600518,康美药业,2026-09-09,64.67081636826151,65.11991925970777,63.32350769392273,63.77261058536899,232921430.0,332390443.0,0.016851070413486702,1.44,1.45,1.41,1.42,2026-09-08,1.45,44.91028914462605
600519,贵州茅台,2026-09-09,11023.968603401072,11060.208038584396,10869.127380345048,10904.606547657395,3222611.0,4168500462.0,0.0025779205112866866,1305.01,1309.3,1286.68,1290.88,2026-09-08,1309.3,8.447420788653782
600520,三佳科技,2026-09-09,56.56970568550379,57.11937084196213,55.21844550921038,55.49327808743955,5182400.0,126814209.0,0.032710976456479204,24.7,24.94,24.11,24.23,2026-09-08,24.57,2.2902714852430686
600521,华海药业,2026-09-09,283.17928292645377,285.32865129781203,281.9254847098281,284.43308114307945,11067222.0,175492043.0,0.007391688607681962,15.81,15.93,15.74,15.88,2026-09-08,15.89,17.911403094652357
600522,中天科技,2026-09-09,324.1835525181191,333.7925859610214,322.3393945846328,331.1719404765935,264496886.0,8996226302.0,0.07749803336389798,33.4,34.39,33.21,34.12,2026-09-08,32.51,9.706094386770033
600523,贵航股份,2026-09-09,25.104250747539865,25.434841703886068,24.98027913891004,25.186898486626415,3601898.0,43972076.0,0.008914604530559025,12.15,12.31,12.09,12.19,2026-09-08,12.12,2.066193477163775
600526,菲达环保,2026-09-09,18.661736522585038,18.74031225531171,18.543872923495027,18.74031225531171,6057100.0,28771046.0,0.006879310827322677,4.75,4.77,4.72,4.77,2026-09-08,4.75,3.928786636333692
600527,江南高纤,2026-09-09,66.82701551592545,67.11506299659754,65.96287307390918,66.53896803525336,31986320.0,73787861.0,0.01847040198393392,2.32,2.33,2.29,2.31,2026-09-08,2.33,28.804748067209246
600528,中铁工业,2026-09-09,33.74346402314439,33.83959924828156,33.55119357287007,33.79153163571297,7451100.0,52252577.0,0.0033540071904015582,7.02,7.04,6.98,7.03,2026-09-08,7.01,4.8067612568581755
600529,山东药玻,2026-09-09,167.2152498660755,167.5691445747868,165.26882896816352,165.35730264534135,4856680.0,91090228.0,0.007318530309797675,18.9,18.94,18.68,18.69,2026-09-08,18.9,8.847367717781774
600530,交大昂立,2026-09-09,24.28090912079054,24.28090912079054,23.85170113128162,23.91301655835432,2581200.0,10087198.0,0.0033309244825272285,3.96,3.96,3.89,3.9,2026-09-08,3.95,6.131542707270339
600531,豫光金铅,2026-09-09,139.91304136358235,143.6063980455403,139.58715695046843,142.30286039308453,41237271.0,537846143.0,0.03410116847910908,12.88,13.22,12.85,13.1,2026-09-08,12.92,10.862813770464468
600533,栖霞建设,2026-09-09,22.88671490089148,23.085729813073144,22.588192532618983,22.78720744480065,13407087.0,30716344.0,0.012768654285714286,2.3,2.32,2.27,2.29,2026-09-08,2.31,9.950745609083253
600535,天士力,2026-09-09,195.95603995896593,196.63175044158305,193.92890851111454,194.46947689720827,12817880.0,184858351.0,0.00857985873496483,14.5,14.55,14.35,14.39,2026-09-08,14.55,13.514209652342478
600536,中国软件,2026-09-09,277.16618812900833,278.0081267320734,272.61971967245717,273.9668214373612,16260170.0,529078405.0,0.01927346219752308,32.92,33.02,32.38,32.54,2026-09-08,33.13,8.419386030650314
600538,国发股份,2026-09-09,17.07267541214805,17.169313197499836,16.782762056092707,17.169313197499836,7088900.0,37404472.0,0.013523316178020463,5.3,5.33,5.21,5.33,2026-09-08,5.28,3.2212595117260476
600539,狮头股份,2026-09-09,18.601600207670536,18.764177922522716,18.208704063444426,18.411926207009657,9329500.0,127128181.0,0.04056304347826087,13.73,13.85,13.44,13.59,2026-09-08,13.73,1.3548142904348532
600540,新赛股份,2026-09-09,17.401891624139612,19.543245889415356,17.401891624139612,19.543245889415356,186478710.0,1291393679.0,0.320753526249131,6.42,7.21,6.42,7.21,2026-09-08,6.55,2.710575019336388
600545,卓郎智能,2026-09-09,18.040651455734572,18.433789138789322,17.90960556138299,18.215379314870017,46777457.0,195122369.0,0.0261631731269635,4.13,4.22,4.1,4.17,2026-09-08,4.13,4.368196478386095
600546,山煤国际,2026-09-09,132.63699271989245,141.02790003372712,132.3337069133683,140.21913788299605,36684243.0,500042073.0,0.018504441162567158,13.12,13.95,13.09,13.87,2026-09-08,13.09,10.109526884138145
600547,山东黄金,2026-09-09,656.5823147372956,670.927810689539,651.0648162941251,666.697728549775,61229651.0,2204473216.0,0.016940271328590835,35.7,36.48,35.4,36.25,2026-09-08,36.01,18.39166147723517
600548,深高速,2026-09-09,24.717300854275347,25.17055209243443,24.536000359011712,25.0194683463814,9323765.0,76941800.0,0.005438417926730639,8.18,8.33,8.12,8.28,2026-09-08,8.17,3.021674921060556
600549,厦门钨业,2026-09-09,687.4756648249072,691.8045159217976,676.6535370826813,686.9345584377959,37176925.0,1884276255.0,0.023924422354703066,50.82,51.14,50.02,50.78,2026-09-08,49.87,13.52765967778251
600550,保变电气,2026-09-09,77.63176797362001,78.62795931333649,77.20482882802723,78.12986364347826,16608961.0,182285144.0,0.00901911709777087,10.91,11.05,10.85,10.98,2026-09-08,10.94,7.115652426546289
600551,时代出版,2026-09-09,44.32770575137674,44.76282433543934,40.955536724891644,42.09772300805595,52518268.0,405923748.0,0.07745426180535712,8.15,8.23,7.53,7.74,2026-09-08,8.25,5.438982300782422
600552,凯盛科技,2026-09-09,139.80384186596285,143.94005020519253,139.39022103203993,140.30018686667046,43441107.0,744167504.0,0.04598855595479065,16.9,17.4,16.85,16.96,2026-09-08,16.8,8.272416678459342
600556,天下秀,2026-09-09,21.950755180229592,21.99501073502844,21.154155193850293,21.286921858246842,48941166.0,236164780.0,0.027073007793197275,4.96,4.97,4.78,4.81,2026-09-08,4.99,4.4255554798849985
600557,康缘药业,2026-09-09,109.50448254140551,110.02800994797795,108.63193686378473,109.06820970259513,3664200.0,45861571.0,0.00647203569240253,12.55,12.61,12.45,12.5,2026-09-08,12.63,8.72545677620761
600558,大西洋,2026-09-09,36.22592447441808,36.52285828158544,36.00322411904256,36.4486248297936,9809900.0,47970667.0,0.01092897415566606,4.88,4.92,4.85,4.91,2026-09-08,4.89,7.423345179184033
600559,老白干酒,2026-09-09,87.50499145235771,87.50499145235771,85.19241282062448,85.64000868483092,16738566.0,192768350.0,0.018298565478145245,11.73,11.73,11.42,11.48,2026-09-08,11.77,7.459931070107222
600560,金自天正,2026-09-09,53.82551402009038,54.0106404655593,52.94616340411297,53.31641629505083,1980300.0,22849368.0,0.008854638255632239,11.63,11.67,11.44,11.52,2026-09-08,11.55,4.628161136723162
600561,江西长运,2026-09-09,15.641124683973386,15.641124683973386,15.31630899564806,15.416252284363544,4676422.0,28898850.0,0.016438676194332896,6.26,6.26,6.13,6.17,2026-09-08,6.25,2.4985822178871224
600562,国睿科技,2026-09-09,174.07337098331791,178.79745078671266,172.45881206317034,176.4055116457533,9546465.0,282484057.0,0.00768724462052758,29.11,29.9,28.84,29.5,2026-09-08,29.26,5.979847852398417
600563,法拉电子,2026-09-09,364.74815710069095,366.0424247549192,359.7475775275363,361.983130748476,2145895.0,264936652.0,0.009537311111111111,124.0,124.44,122.3,123.06,2026-09-08,123.4,2.941517395973314
600566,济川药业,2026-09-09,62.41999586153752,63.192102497629214,61.76853088733516,62.154584205381006,3427611.0,88737269.0,0.0037301069351168142,25.87,26.19,25.6,25.76,2026-09-08,25.86,2.4128332377865296
600567,山鹰国际,2026-09-09,5.805261789636061,5.805261789636061,5.721127560800757,5.76319467521841,66278895.0,90769243.0,0.01068074167415868,1.38,1.38,1.36,1.37,2026-09-08,1.38,4.206711441765262
600569,安阳钢铁,2026-09-09,5.107504165485098,5.297677192923373,5.026001439440123,5.243342042226723,49826963.0,95367262.0,0.01734667595877592,1.88,1.95,1.85,1.93,2026-09-08,1.88,2.716757534832499
600570,恒生电子,2026-09-09,920.8878553263149,920.8878553263149,904.1209896130906,908.8501055834872,14752602.0,312146386.0,0.007790572720935051,21.42,21.42,21.03,21.14,2026-09-08,21.43,42.99196336724159
600571,信雅达,2026-09-09,132.16988570582924,133.9689313370338,132.04994933041561,132.28982208124287,5272707.0,58463385.0,0.011518705371151836,11.02,11.17,11.01,11.03,2026-09-08,11.09,11.993637541363816
600572,康恩贝,2026-09-09,75.98949246879779,75.98949246879779,74.79415213782794,74.79415213782794,37733550.0,166514890.0,0.01490390093455841,4.45,4.45,4.38,4.38,2026-09-08,4.46,17.07629044242647
600573,惠泉啤酒,2026-09-09,13.27075060881982,13.321742926240837,13.028537101069988,13.130521735912025,4438803.0,45750209.0,0.017755212,10.41,10.45,10.22,10.3,2026-09-08,10.42,1.2748079355254391
600575,淮河能源,2026-09-09,57.41934585055454,58.113235226392064,57.072401162635785,57.7662905384733,35082920.0,116685063.0,0.00902742235099947,3.31,3.35,3.29,3.33,2026-09-08,3.32,17.347234395937928
600576,祥源文旅,2026-09-09,18.132275783208343,18.19261613523233,17.49870208695647,17.89091437511239,19773220.0,116261254.0,0.02994172763796636,6.01,6.03,5.8,5.93,2026-09-08,6.06,3.0170176011993917
600577,精达股份,2026-09-09,220.68978439927076,227.782410350298,219.59861117603583,225.0544772922106,63081094.0,520599389.0,0.028264489982858063,8.09,8.35,8.05,8.25,2026-09-08,8.09,27.279330580874014
600578,京能电力,2026-09-09,31.18685298055797,32.33765936360439,31.014232023101005,31.99241744869046,98124269.0,542207143.0,0.014657180560354692,5.42,5.62,5.39,5.56,2026-09-08,5.44,5.754031915232098
600579,中化装备,2026-09-09,13.813359794087974,13.928152257750757,13.641171098593803,13.889888103196496,7346200.0,52935662.0,0.014882878249382918,7.22,7.28,7.13,7.26,2026-09-08,7.21,1.913207727713016
600580,卧龙电驱,2026-09-09,267.19052940883296,270.4683662575218,263.91269256014414,265.2238272996197,19778112.0,561298406.0,0.012697546988989368,28.53,28.88,28.18,28.32,2026-09-08,28.52,9.365248139110864
600582,天地科技,2026-09-09,215.87071634931533,217.68475598250285,214.96369653272157,216.7777361659091,20436795.0,97577390.0,0.004938107053712162,4.76,4.8,4.74,4.78,2026-09-08,4.76,45.350990829688094
600583,海油工程,2026-09-09,128.8316923711436,130.48869162993643,128.00319274174717,128.62456746379448,26923508.0,167897807.0,0.006089424897544979,6.22,6.3,6.18,6.21,2026-09-08,6.2,20.712490734910546
600584,长电科技,2026-09-09,345.3452060404052,351.2425626703282,340.7972445715663,343.0462365067064,61367465.0,4248234360.0,0.03429471628813216,69.1,70.28,68.19,68.64,2026-09-08,68.6,4.997759855866935
600585,海螺水泥,2026-09-09,104.99347836723607,105.11078951624975,104.17230032414038,104.75885606920872,12757527.0,227535369.0,0.0032074557277438237,17.9,17.92,17.76,17.86,2026-09-08,17.92,5.865557450683579
600586,金晶科技,2026-09-09,57.07176559780713,57.207650753992375,56.120569504510335,56.25645466069559,9918961.0,41213148.0,0.006998304638337074,4.2,4.21,4.13,4.14,2026-09-08,4.18,13.588515618525506
600587,新华医疗,2026-09-09,97.97104538517749,98.27840552756236,96.81844485123422,96.89528488683044,3387973.0,42892774.0,0.005584774487110738,12.75,12.79,12.6,12.61,2026-09-08,12.77,7.684003559621764
600588,用友网络,2026-09-09,521.8416705323742,523.4198207456777,506.58621847044,510.26856896814814,48340444.0,470724909.0,0.01414705316213484,9.92,9.95,9.63,9.7,2026-09-08,9.96,52.60500711011837
600589,大位科技,2026-09-09,44.086468854316045,47.08627718462187,44.086468854316045,46.389893107943735,143710098.0,1235459466.0,0.09720191055091423,8.23,8.79,8.23,8.66,2026-09-08,8.37,5.35680058983184
600590,泰豪科技,2026-09-09,36.26137750244083,38.22257973790081,36.09446667389105,37.972213495076126,44692100.0,401747532.0,0.05297974711208243,8.69,9.16,8.65,9.1,2026-09-08,8.69,4.1727707137446295
600592,龙溪股份,2026-09-09,51.03676759329229,52.572209914607825,50.63621742251433,51.90462629664455,9061520.0,140866036.0,0.022679111532706086,15.29,15.75,15.17,15.55,2026-09-08,15.29,3.3379180898163696
600593,大连圣亚,2026-09-09,73.55327485421533,73.55327485421533,71.4712397436519,71.75841700028134,5711101.0,229910738.0,0.04434084627329193,40.98,40.98,39.82,39.98,2026-09-08,41.12,1.7948578539340005
600594,益佰制药,2026-09-09,63.57269290913667,64.56086948285382,62.25512414418047,63.0786046222781,26332520.0,100715246.0,0.03357053133636047,3.86,3.92,3.78,3.83,2026-09-08,3.91,16.469609561952506
600595,中孚实业,2026-09-09,46.66139164788668,48.48410225913225,46.44266637453721,48.26537698578278,139081629.0,909713025.0,0.034701826775832195,6.4,6.65,6.37,6.62,2026-09-08,6.38,7.290842444982293
600596,新安股份,2026-09-09,141.19156174110606,149.02274134827996,138.31245159140977,145.3374803566687,181980847.0,2265805531.0,0.13484087501142722,12.26,12.94,12.01,12.62,2026-09-08,12.08,11.51644059878516
600597,光明乳业,2026-09-09,17.892140824491268,17.992236717215697,17.716973012223523,17.792044931766842,8662020.0,61675731.0,0.006283859624695008,7.15,7.19,7.08,7.11,2026-09-08,7.17,2.502397318110667
600598,北大荒,2026-09-09,40.0801088285057,40.6506441854951,39.281359328720534,39.709260846462584,73527297.0,1025892429.0,0.04136138155567128,14.05,14.25,13.77,13.92,2026-09-08,14.06,2.852676784947025
600600,青岛啤酒,2026-09-09,94.71570154234017,95.25217719560733,94.40121581456286,95.04868643057496,3483818.0,178723499.0,0.004912833939287989,51.2,51.49,51.03,51.38,2026-09-08,51.47,1.8499160457488313
600601,方正科技,2026-09-09,67173.43002952376,68866.49332045864,64702.47279410532,66898.87922558837,246663093.0,3618449522.0,0.059147660853714916,14.68,15.05,14.14,14.62,2026-09-08,14.48,4575.846732256387
600602,云赛智联,2026-09-09,9392.30496443879,9505.012624012057,9220.559959374767,9284.964336273777,27067160.0,469453043.0,0.0251950895156682,17.5,17.71,17.18,17.3,2026-09-08,17.66,536.7031408250738
600603,广汇物流,2026-09-09,827.77139056739,852.7544305241523,819.4437105818025,841.0956785443299,22321100.0,112212499.0,0.019345727984001276,4.97,5.12,4.92,5.05,2026-09-08,5.0,166.5535997117485
600604,市北高新,2026-09-09,267.5047399746583,268.05743571840765,259.21430381841895,261.42508679341614,24030826.0,113585094.0,0.01707395927151917,4.84,4.85,4.69,4.73,2026-09-08,4.86,55.26957437492941
600605,汇通能源,2026-09-09,1619.4555694316393,1637.2707300605891,1574.0556439578638,1581.526517770004,4422960.0,123292023.0,0.021441283299994493,28.18,28.49,27.39,27.52,2026-09-08,28.16,57.468260093386775
600606,绿地控股,2026-09-09,204.26579808399026,205.7788780697976,201.2396381123756,202.75271809818292,96557473.0,129286594.0,0.0068703552800097765,1.35,1.36,1.33,1.34,2026-09-08,1.35,151.3079985807335
600609,金杯汽车,2026-09-09,94.7163058992721,94.9916439978165,93.33961540655012,94.4409678007277,13081600.0,44735536.0,0.010027606595180528,3.44,3.45,3.39,3.43,2026-09-08,3.44,27.533809854439564
600610,中毅达,2026-09-09,572.0866328534553,600.1176037282348,568.2642277341671,576.5461054926247,79958547.0,730413032.0,0.11282000020021823,8.98,9.42,8.92,9.05,2026-09-08,8.93,63.70675198813533
600611,大众交通,2026-09-09,4271.594375146353,4297.962241659601,4174.912197931106,4201.280064444355,97038708.0,465600525.0,0.062072341999741265,4.86,4.89,4.75,4.78,2026-09-08,4.92,878.9288837749697
600612,老凤祥,2026-09-09,6116.595530097838,6217.040919096852,6104.260131448837,6167.699324500845,3035886.0,106428815.0,0.009573616543906283,34.71,35.28,34.64,35.0,2026-09-08,34.71,176.21998070002414
600613,神奇制药,2026-09-09,296.91770313343204,306.4068256047067,273.34794731768534,276.1028538416038,128535341.0,1210970287.0,0.2681618686880604,9.7,10.01,8.93,9.02,2026-09-08,9.91,30.610072487982684
600615,鑫源智造,2026-09-09,943.0755993765454,958.5042390391474,943.0755993765454,945.9684693132833,1745970.0,17183271.0,0.007750701892273603,9.78,9.94,9.78,9.81,2026-09-08,9.78,96.42899789126231
600616,金枫酒业,2026-09-09,1748.86548137259,1855.3181628474435,1748.86548137259,1809.6955850725062,29925937.0,142768585.0,0.04473201132517779,4.6,4.88,4.6,4.76,2026-09-08,4.62,380.18814812447613
600617,国新能源,2026-09-09,228.8116409379219,234.69536884775417,228.157893392385,232.08037866560647,41074472.0,145565900.0,0.023133474770540986,3.5,3.59,3.49,3.55,2026-09-08,3.52,65.37475455369197
600618,氯碱化工,2026-09-09,277.71006270693437,283.2327059994018,277.44707969300737,281.91779092976674,7191920.0,76857378.0,0.009591273111851269,10.56,10.77,10.55,10.72,2026-09-08,10.63,26.29830139270212
600619,海立股份,2026-09-09,838.9269126187327,850.0303570504511,832.758332378889,835.8426224988109,12792787.0,174361376.0,0.016210333924018695,13.6,13.78,13.5,13.55,2026-09-08,13.71,61.68580239843622
600620,天宸股份,2026-09-09,1964.3692888667754,1968.6396568860514,1921.6656086740195,1934.4767127318464,4697401.0,21324055.0,0.006840771173336019,4.6,4.61,4.5,4.53,2026-09-08,4.6,427.0368019275599
600621,华鑫股份,2026-09-09,5127.150891021423,5127.150891021423,5085.156356545447,5100.427096354893,6210499.0,83126714.0,0.005853994857789009,13.43,13.43,13.32,13.36,2026-09-08,13.45,381.7684952361447
600622,光大嘉宝,2026-09-09,698.7725026584562,701.512786982607,676.8502280652499,682.3307967135514,41846210.0,104740118.0,0.027903325553608343,2.55,2.56,2.47,2.49,2026-09-08,2.58,274.0284324150809
600623,华谊集团,2026-09-09,253.08035062751304,260.5918678835808,251.92473258811802,259.43624984418574,19567004.0,174590542.0,0.01042997960315482,8.76,9.02,8.72,8.98,2026-09-08,8.76,28.89045098487592
600626,申达股份,2026-09-09,41.238715557528096,41.90745148548801,41.01580358154146,41.68453950950138,7812724.0,29154846.0,0.00591539318326091,3.7,3.76,3.68,3.74,2026-09-08,3.72,11.145598799331918
600628,新世界,2026-09-09,314.8135768937726,319.13266560115676,310.0145894411237,318.17286811062695,13285019.0,87479651.0,0.02053721524824633,6.56,6.65,6.46,6.63,2026-09-08,6.59,47.989874526489736
600629,华建集团,2026-09-09,163.94140345138368,170.75673514383868,163.38123920268876,169.9164887707963,37052771.0,667229091.0,0.032225268572916944,17.56,18.29,17.5,18.2,2026-09-08,17.55,9.336070811582214
600630,龙头股份,2026-09-09,21.74014162701449,22.374229091135746,21.74014162701449,21.921309473906277,11665581.0,84712149.0,0.027457367487134877,7.2,7.41,7.2,7.26,2026-09-08,7.19,3.0194641148631236
600633,浙数文化,2026-09-09,88.01968486092292,88.26832803849615,85.61613414438172,86.3620636771014,18027700.0,187845197.0,0.014216594055053258,10.62,10.65,10.33,10.42,2026-09-08,10.69,8.28810591910762
600635,大众公用,2026-09-09,771.1100325534672,775.9496352682379,761.4308271239258,771.1100325534672,27304700.0,130286118.0,0.011288570356105596,4.78,4.81,4.72,4.78,2026-09-08,4.79,161.32009049235717
600637,东方明珠,2026-09-09,50.19118259729133,50.24907323465845,49.61227622362016,49.95962004782287,32107820.0,276780105.0,0.009550498750034586,8.67,8.68,8.57,8.63,2026-09-08,8.73,5.789063736711803
600638,新黄浦,2026-09-09,99.4449135076452,99.4449135076452,98.0773017305263,98.85879417459424,9133820.0,46172774.0,0.01356380100097478,5.09,5.09,5.02,5.06,2026-09-08,5.1,19.537311101698467
600639,浦东金桥,2026-09-09,74.89004871044003,75.04672245251207,74.26335374215182,74.34169061318785,2846763.0,27104021.0,0.003348200553981495,9.56,9.58,9.48,9.49,2026-09-08,9.56,7.833687103602513
600640,国脉文化,2026-09-09,108.84420557834008,109.03719175844353,106.43187832704707,106.72135759720224,6573700.0,73128507.0,0.008304830865424346,11.28,11.3,11.03,11.06,2026-09-08,11.36,9.649309005171993
600641,先导基电,2026-09-09,730.7744801546248,743.2201894888777,710.5795555745163,716.450173185013,43980251.0,1362230354.0,0.04725858265979671,31.12,31.65,30.26,30.51,2026-09-08,30.35,23.48247044198666
600642,申能股份,2026-09-09,118.74142967447969,121.53534566682038,118.74142967447969,121.11625826796929,17632400.0,152118657.0,0.0036029982015929668,8.5,8.7,8.5,8.67,2026-09-08,8.52,13.969579961703493
600643,爱建集团,2026-09-09,39.98477975705894,40.080208825691535,39.507634413895936,39.60306348252854,9447651.0,39298861.0,0.005940604776258185,4.19,4.2,4.14,4.15,2026-09-08,4.2,9.542906863259889
600644,乐山电力,2026-09-09,92.32068554910478,94.76896892278268,91.91263832015845,93.85086265765347,17093400.0,156697376.0,0.029556950861831157,9.05,9.29,9.01,9.2,2026-09-08,9.15,10.201180723657986
600645,中源协和,2026-09-09,387.4769746387012,388.3102584551285,382.6855926942442,383.1022346024578,6082001.0,112323305.0,0.013002113976208807,18.6,18.64,18.37,18.39,2026-09-08,18.74,20.83209541068286
600648,外高桥,2026-09-09,75.69945334338601,76.34853761642684,75.4560467409957,76.02399547990642,1423488.0,13318385.0,0.0012511202927444718,9.33,9.41,9.3,9.37,2026-09-08,9.37,8.11355341301029
600649,城投控股,2026-09-09,91.18155328739178,91.40558658785218,88.4931536818667,88.94122028278755,23141124.0,92335400.0,0.009286907804661211,4.07,4.08,3.95,3.97,2026-09-08,4.09,22.403330046042203
600650,锦江在线,2026-09-09,47.15890681649268,47.374244290540595,46.42675940472978,46.81436685801602,4083400.0,44325580.0,0.010455241744819923,10.95,11.0,10.78,10.87,2026-09-08,10.95,4.306749480958236
600651,飞乐音响,2026-09-09,32618.54938339205,33321.282942818805,32442.865993535357,32852.79390320097,14942100.0,83951777.0,0.005960084973362374,5.57,5.69,5.54,5.61,2026-09-08,5.58,5856.1129952229885
600653,申华控股,2026-09-09,18629.70695717243,18629.70695717243,18315.723132051546,18525.045682132135,18627332.0,32919830.0,0.009570242689625391,1.78,1.78,1.75,1.77,2026-09-08,1.78,10466.127504029455
600654,中安科,2026-09-09,6953.665585829476,6975.193962256193,6802.96695084246,6889.080456549327,56581228.0,180178060.0,0.024415487626623482,3.23,3.24,3.16,3.2,2026-09-08,3.25,2152.8376426716645
600655,豫园股份,2026-09-09,1390.4294180046427,1402.338877687766,1372.5652284799578,1390.4294180046427,16196014.0,75537743.0,0.00416366428473509,4.67,4.71,4.61,4.67,2026-09-08,4.66,297.73649207808194
600657,信达地产,2026-09-09,47.33006415125121,47.47348858807318,44.46157541481174,44.74842428845569,134014536.0,423018170.0,0.04699166936312028,3.3,3.31,3.1,3.12,2026-09-08,3.36,14.342443682197336
600658,电子城,2026-09-09,30.649388706877854,30.791613248441095,29.724929186716807,29.867153728280048,14526489.0,61346539.0,0.012986485976128887,4.31,4.33,4.18,4.2,2026-09-08,4.3,7.111227078161916
600660,福耀玻璃,2026-09-09,4752.036774918922,4858.804451998131,4712.655254684787,4825.54894602264,10573948.0,579842248.0,0.005279091440150676,54.3,55.52,53.85,55.14,2026-09-08,54.17,87.51448940918824
600661,昂立教育,2026-09-09,42.84346321402661,42.84346321402661,41.741226464672465,42.41215318167064,5925440.0,51998969.0,0.020678639658029664,8.94,8.94,8.71,8.85,2026-09-08,8.91,4.7923336928441405
600662,外服控股,2026-09-09,294.7096266246009,295.38094695859775,290.68170462062005,292.02434528861363,8815728.0,38375662.0,0.0038720462855222236,4.39,4.4,4.33,4.35,2026-09-08,4.39,67.1320333996813
600663,陆家嘴,2026-09-09,126.60797198408962,129.43404278730588,126.32536490376796,128.7275250865018,7965546.0,72331551.0,0.0020245806749283877,8.96,9.16,8.94,9.11,2026-09-08,9.03,14.130354016081428
600664,哈药股份,2026-09-09,73.07643038889792,78.24049813638003,72.68668942682379,74.34308851563881,409354551.0,3163666528.0,0.16253839419131189,7.5,8.03,7.46,7.63,2026-09-08,7.75,9.743524051853056
600665,天地源,2026-09-09,20.401043747130903,20.401043747130903,20.008715982763,20.232903276687516,10560489.0,38042964.0,0.012221055166782305,3.64,3.64,3.57,3.61,2026-09-08,3.67,5.604682348112886
600666,奥瑞德,2026-09-09,68.49214691411667,68.88130683976506,67.5192470999957,68.10298698846827,44748999.0,156409625.0,0.017399566142475377,3.52,3.54,3.47,3.5,2026-09-08,3.52,19.457996282419508
600667,太极实业,2026-09-09,118.85837258265632,122.23792931381554,114.9686940807561,115.79764195821024,191630864.0,3541489740.0,0.09162180233116006,18.64,19.17,18.03,18.16,2026-09-08,18.59,6.376522134262678
600668,尖峰集团,2026-09-09,80.5349416065655,80.64104824899839,79.68608846710235,80.00440839440104,2992455.0,22583339.0,0.0072473981473613475,7.59,7.6,7.51,7.54,2026-09-08,7.6,10.610664243289262
600671,天目药业,2026-09-09,55.21737229957698,57.47580342763871,54.253098334786564,57.32354964372444,3667800.0,80843419.0,0.030120587548056476,21.76,22.65,21.38,22.59,2026-09-08,21.8,2.5375630652379124
600673,东阳光,2026-09-09,444.22510079891873,449.43471370844645,440.70509207626486,444.9291025434495,15312203.0,483681636.0,0.00510141845415066,31.55,31.92,31.3,31.6,2026-09-08,31.18,14.08003489061549
600674,川投能源,2026-09-09,362.32587948405495,366.4772899428156,358.86637076842106,365.32412037093764,15304633.0,241057930.0,0.003139665113520413,15.71,15.89,15.56,15.84,2026-09-08,15.69,23.063391437559194
600675,中华企业,2026-09-09,158.2983104202533,159.6455300834044,154.25665143080005,155.60387109395114,41426471.0,95878450.0,0.0068517273815550325,2.35,2.37,2.29,2.31,2026-09-08,2.35,67.3609831575546
600676,交运股份,2026-09-09,97.8592985719755,101.04406864384454,97.42501174399337,98.43834767595169,8318547.0,56738310.0,0.008088093407474073,6.76,6.98,6.73,6.8,2026-09-08,6.72,14.47622759940466
600679,上海凤凰,2026-09-09,24.98104544090961,25.296340189192932,24.932538556558324,25.15081953613909,2568200.0,26618069.0,0.0074723389980880595,10.3,10.43,10.28,10.37,2026-09-08,10.32,2.4253442175640396
600681,百川能源,2026-09-09,38.68727252133274,39.22015506294889,38.47411950468627,38.793849029655966,31940393.0,116189408.0,0.023839516255981043,3.63,3.68,3.61,3.64,2026-09-08,3.63,10.657650832323068
600682,南京新百,2026-09-09,80.56398872308249,81.11391356078272,79.6016202571071,80.28902630423238,11543900.0,67347367.0,0.009916926337856517,5.86,5.9,5.79,5.84,2026-09-08,5.89,13.748120942505544
600683,京投发展,2026-09-09,54.46493314874348,56.59119180019593,52.6657912128991,53.04742738110851,26406266.0,261706888.0,0.03564668546530032,9.99,10.38,9.66,9.73,2026-09-08,10.0,5.451945260134482
600684,珠江股份,2026-09-09,50.495835285386704,50.90637053160936,49.67476479294139,49.81160987501561,17452647.0,63836754.0,0.02044926793895353,3.69,3.72,3.63,3.64,2026-09-08,3.73,13.684508207421871
600685,中船防务,2026-09-09,52.6703264867443,54.463521231312924,52.47956108838594,54.31090891262623,22593264.0,637380179.0,0.027504621816289116,27.61,28.55,27.51,28.47,2026-09-08,27.71,1.9076539835836401
600686,金龙汽车,2026-09-09,138.61750195301147,140.49071143886297,137.86821815867086,139.49166637974218,9592000.0,106912008.0,0.01337707907816088,11.1,11.25,11.04,11.17,2026-09-08,11.19,12.488063239010042
600688,上海石化,2026-09-09,11.33211108988462,11.486815678142431,11.254758795755716,11.448139531077977,73052195.0,215252095.0,0.009967806521478545,2.93,2.97,2.91,2.96,2026-09-08,2.94,3.867614706445263
600689,上海三毛,2026-09-09,29.634327588419215,29.657497508347618,29.101419430066098,29.194099109779682,3560645.0,45079151.0,0.02339387699847303,12.79,12.8,12.56,12.6,2026-09-08,12.76,2.3169919928396574
600690,海尔智家,2026-09-09,966.6323043560794,967.9861311128806,955.3504147160692,961.2169973288744,19884315.0,423662870.0,0.0032183146523369877,21.42,21.45,21.17,21.3,2026-09-08,21.42,45.12755856004105
600691,潞化科技,2026-09-09,28.54209399922947,30.17307079918544,27.88970327924708,29.03138703921626,276830101.0,983032213.0,0.11653129231840145,3.5,3.7,3.42,3.56,2026-09-08,3.36,8.154883999779848
600692,亚通股份,2026-09-09,86.5344516535401,87.17544759171447,85.12426058955649,86.91904921644472,5416944.0,36429460.0,0.021242041558623248,6.75,6.8,6.64,6.78,2026-09-08,6.76,12.819918763487422
600693,东百集团,2026-09-09,109.30870019210734,113.68493818912229,105.61321032796134,110.57294672457832,126228172.0,1421168530.0,0.1452647078354138,11.24,11.69,10.86,11.37,2026-09-08,11.52,9.72497332669994
600694,大商股份,2026-09-09,133.54067582649304,133.63018030090757,131.84009081261678,133.09315345442033,5782247.0,85791159.0,0.015264901075641426,14.92,14.93,14.73,14.87,2026-09-08,14.99,8.950447441453957
600697,欧亚集团,2026-09-09,39.44533385995769,40.36266720553811,38.83377829623742,39.920988187295684,4845546.0,56629242.0,0.03118593304120974,11.61,11.88,11.43,11.75,2026-09-08,11.66,3.3975309095570796
600698,湖南天雁,2026-09-09,42.37448658701688,47.15779516589661,42.261938149866765,47.15779516589661,101053184.0,822155283.0,0.1216845952761992,7.53,8.38,7.51,8.38,2026-09-08,7.62,5.627421857505562
600699,均胜电子,2026-09-09,89.85502261271822,92.01478279569793,89.09010754791291,89.40507257459745,32655229.0,653973464.0,0.023397519347121174,19.97,20.45,19.8,19.87,2026-09-08,20.09,4.4995003812077226
600702,舍得酒业,2026-09-09,127.57218441731571,128.1714458528212,125.4923947293849,126.47941356433513,4675250.0,167978751.0,0.014084162726914418,36.19,36.36,35.6,35.88,2026-09-08,36.26,3.525067267679351
600703,三安光电,2026-09-09,261.53345758270825,264.3674114574435,258.0922278776726,260.11648064534063,89486909.0,1154668663.0,0.017936775525757613,12.92,13.06,12.75,12.85,2026-09-08,12.86,20.242527676680204
600704,物产中大,2026-09-09,125.77680028147351,127.5341607644482,125.2746972863379,126.27890327660914,56095555.0,282945399.0,0.010847728408844813,5.01,5.08,4.99,5.03,2026-09-08,5.01,25.10514975678114
600706,曲江文旅,2026-09-09,24.71945541576002,26.0014113899708,24.134214644924665,25.527645051675513,19468700.0,176054114.0,0.07663931748898267,8.87,9.33,8.66,9.16,2026-09-08,8.89,2.7868608135016935
600707,彩虹股份,2026-09-09,21.080647447089827,21.902599297091037,20.742196685324625,20.887247011795427,92305603.0,808860362.0,0.025728567536940715,8.72,9.06,8.58,8.64,2026-09-08,8.61,2.417505441180026
600708,光明地产,2026-09-09,39.61377734378117,39.74033893273894,38.47472304316127,38.7278462210768,23581513.0,72682228.0,0.010597109856268815,3.13,3.14,3.04,3.06,2026-09-08,3.14,12.656158895776732
600710,苏美达,2026-09-09,83.14795248975743,87.30920312409191,82.68559130816472,86.30742056397435,18978407.0,210543136.0,0.014523371127015924,10.79,11.33,10.73,11.2,2026-09-08,10.79,7.706019693211996
600711,盛屯矿业,2026-09-09,102.5453931929773,105.13057117263219,102.37304799433365,104.26884517941389,137857273.0,1661288282.0,0.04460517626532356,11.9,12.2,11.88,12.1,2026-09-08,11.86,8.617259932182966
600712,南宁百货,2026-09-09,36.29214885783269,38.031772522092446,35.392343514250065,37.25194122432083,33183864.0,203962260.0,0.06160580034502694,6.05,6.34,5.9,6.21,2026-09-08,6.13,5.998702290550859
600713,南京医药,2026-09-09,92.77068173332863,92.94343905499218,91.7341378033473,92.77068173332863,7371100.0,39440654.0,0.005714856286161114,5.37,5.38,5.31,5.37,2026-09-08,5.38,17.275732166355425
600714,金瑞矿业,2026-09-09,50.5380484400624,52.367480057802204,46.85631730936101,47.08499626157849,50731390.0,1082094680.0,0.176042911069226,22.1,22.9,20.49,20.59,2026-09-08,22.6,2.286789522174769
600715,文投控股,2026-09-09,7.3345325762917986,7.3345325762917986,7.084491693009124,7.167838654103349,40651099.0,70027312.0,0.01420189115088613,1.76,1.76,1.7,1.72,2026-09-08,1.76,4.167348054711249
600716,凤凰股份,2026-09-09,16.95324553306465,17.134080152084003,16.817619568800133,16.90803687830981,4062900.0,15237737.0,0.004340424159936057,3.75,3.79,3.72,3.74,2026-09-08,3.77,4.520865475483906
600717,天津港,2026-09-09,149.27676945435442,151.6734148355023,148.24963571957676,150.64628110072465,26831635.0,117898332.0,0.009271466957918901,4.36,4.43,4.33,4.4,2026-09-08,4.36,34.2377911592556
600718,东软集团,2026-09-09,145.311266643948,145.311266643948,143.3281103994276,143.3281103994276,6714901.0,53651033.0,0.005612406341348066,8.06,8.06,7.95,7.95,2026-09-08,8.06,18.028693132003472
600719,大连热电,2026-09-09,40.00989866032738,40.74306434258469,39.643315819198726,40.533588433368315,13865928.0,106785810.0,0.034270740752091695,7.64,7.78,7.57,7.74,2026-09-08,7.65,5.236897730409343
600720,中交设计,2026-09-09,68.67946888381077,69.06969313883242,68.02909512544136,68.93961838715853,7662700.0,40455187.0,0.007593976253922563,5.28,5.31,5.23,5.3,2026-09-08,5.3,13.007475167388403
600721,百花医药,2026-09-09,19.115935818995947,19.307095177185904,18.11234918849866,18.3990882257836,97821041.0,1145487467.0,0.25437951529724007,12.0,12.12,11.37,11.55,2026-09-08,12.28,1.5929946515829956
600722,金牛化工,2026-09-09,84.852309056733,87.83394217146449,81.12526766331868,82.8231420758741,170338411.0,3465288441.0,0.25037995667201607,20.49,21.21,19.59,20.0,2026-09-08,19.77,4.141157103793705
600724,宁波富达,2026-09-09,102.92708125712987,103.71278416748963,100.76639825364049,101.7485268915902,6939259.0,35968822.0,0.004802445919058281,5.24,5.28,5.13,5.18,2026-09-08,5.28,19.64257275899425
600725,云维股份,2026-09-09,26.646893385799956,27.671773900638417,26.568056423120076,27.514099975278654,24243110.0,83902173.0,0.01967034491711766,3.38,3.51,3.37,3.49,2026-09-08,3.4,7.883696267988153
600726,华电能源,2026-09-09,19.151714669944162,19.93926181525028,19.11591707243025,19.68867863265288,117257664.0,641901531.0,0.01568593849658728,5.35,5.57,5.34,5.5,2026-09-08,5.38,3.5797597513914328
600727,鲁北化工,2026-09-09,44.64473621228822,45.14824827483283,44.476898858106686,44.81257356646976,15703800.0,125919101.0,0.029709233912655956,7.98,8.07,7.95,8.01,2026-09-08,8.03,5.5945784727178225
600728,佳都科技,2026-09-09,57.911749994228984,58.03496648357841,56.80280159008417,57.049234568783014,17402211.0,80825002.0,0.008160094265361371,4.7,4.71,4.61,4.63,2026-09-08,4.7,12.321648934942337
600729,重百集团,2026-09-09,89.70691565671522,89.79680234575,88.13389859860648,88.85299211088476,3968524.0,78559495.0,0.02061754656950102,19.96,19.98,19.61,19.77,2026-09-08,19.98,4.494334451739239
600731,湖南海利,2026-09-09,52.92739954872811,53.62611109392584,52.75272166242868,53.102077435027546,9914600.0,60315228.0,0.01830333632699876,6.06,6.14,6.04,6.08,2026-09-08,6.11,8.733894314971636
600732,爱旭股份,2026-09-09,72.88880557692296,73.48734503877726,71.95774419181627,73.15482311552486,12935091.0,141194384.0,0.006144196913484229,10.96,11.05,10.82,11.0,2026-09-08,10.99,6.650438465047715
600733,北汽蓝谷,2026-09-09,37.50504400378503,37.65657953511345,36.974669644135545,37.42927623812082,45624228.0,224614413.0,0.007547499953333328,4.95,4.97,4.88,4.94,2026-09-08,4.97,7.576776566421218
600736,苏州高新,2026-09-09,192.1209635826488,196.6282002649397,189.02223836357382,193.24777275322154,27461227.0,188700009.0,0.0238525112358744,6.82,6.98,6.71,6.86,2026-09-08,6.79,28.170229264318007
600737,中粮糖业,2026-09-09,246.84283196562708,264.674066188481,240.85473092063884,263.47644597948334,287438431.0,5479681336.0,0.1343893536891015,18.55,19.89,18.1,19.8,2026-09-08,18.16,13.306891211085018
600738,丽尚国潮,2026-09-09,32.755464272158704,33.27071876632749,32.387425347752426,33.27071876632749,14246300.0,63823147.0,0.0187287144806945,4.45,4.52,4.4,4.52,2026-09-08,4.48,7.360778488125551
600739,辽宁成大,2026-09-09,337.02916138237384,338.2797334097667,335.1533033412846,337.02916138237384,8984400.0,96720497.0,0.005901797277916939,10.78,10.82,10.72,10.78,2026-09-08,10.8,31.264300684821322
600740,山西焦化,2026-09-09,52.665044229583906,54.24499555647142,52.00673117671411,53.718345114175584,54703582.0,220968808.0,0.02135089588351293,4.0,4.12,3.95,4.08,2026-09-08,3.97,13.166261057395976
600741,华域汽车,2026-09-09,875.4513994599874,887.9093107071541,874.3188620738813,877.1502055391466,16046745.0,249550963.0,0.005089803319744086,15.46,15.68,15.44,15.49,2026-09-08,15.5,56.626869305303195
600742,富维股份,2026-09-09,178.71264911681857,178.71264911681857,176.90518869591523,177.8089189063669,2771590.0,21791072.0,0.003729978612164102,7.91,7.91,7.83,7.87,2026-09-08,7.92,22.593255261291855
600743,华远控股,2026-09-09,28.44134178164297,28.44134178164297,27.794947650241987,27.924226476522186,30261177.0,65501337.0,0.012898497816253744,2.2,2.2,2.15,2.16,2026-09-08,2.21,12.92788262801953
600744,华银电力,2026-09-09,26.49985443719134,27.30545001208196,26.245455834594303,26.96625187528591,93049524.0,589452315.0,0.04581183199428397,6.25,6.44,6.19,6.36,2026-09-08,6.26,4.239976709950614
600746,江苏索普,2026-09-09,54.96925452617647,56.16261690394964,54.82008422895482,55.118424823398115,11493110.0,85259699.0,0.009841315263774814,7.37,7.53,7.35,7.39,2026-09-08,7.45,7.458514861082289
600748,上实发展,2026-09-09,27.027714541070118,27.30003408304563,26.48307545711908,26.687315113600718,11566413.0,45405745.0,0.006270544121951251,3.97,4.01,3.89,3.92,2026-09-08,3.99,6.807988549387939
600749,西藏旅游,2026-09-09,47.117981745220916,47.148031478476796,45.16474908358867,46.2164897475445,15310250.0,234258154.0,0.06745628235675995,15.68,15.69,15.03,15.38,2026-09-08,15.77,3.0049733255880686
600750,华润江中,2026-09-09,468.7395826007183,470.1538830654618,464.6987241300224,467.12323921243996,7222602.0,166857241.0,0.01148586439881555,23.2,23.27,23.0,23.12,2026-09-08,23.27,20.204292353479236
600751,海航科技,2026-09-09,14.074067378782754,14.342998602581151,13.89477989625049,14.25335486131502,28790473.0,91033967.0,0.011188634965480958,3.14,3.2,3.1,3.18,2026-09-08,3.14,4.482187063306609
600754,锦江酒店,2026-09-09,62.155285177520554,62.40988952028561,60.723135749467076,62.37806397743998,14034440.0,271311776.0,0.015489798535327967,19.53,19.61,19.08,19.6,2026-09-08,19.59,3.182554284563264
600755,厦门国贸,2026-09-09,171.32291990282957,171.6167842594382,169.85359811978645,170.4413268330037,11816801.0,68610562.0,0.005542177597044643,5.83,5.84,5.78,5.8,2026-09-08,5.83,29.386435660862706
600756,浪潮软件,2026-09-09,69.24902772039543,69.24902772039543,67.55293536895118,68.27983209099872,6920117.0,97188709.0,0.021351877895068604,14.29,14.29,13.94,14.09,2026-09-08,14.29,4.845978146983586
600757,长江传媒,2026-09-09,69.99460360281145,69.99460360281145,68.05799401696291,68.98018905784318,15169979.0,113374094.0,0.012501042616827739,7.59,7.59,7.38,7.48,2026-09-08,7.62,9.221950408802563
600758,辽宁能源,2026-09-09,9.715373138947406,10.333858431612493,9.663832697891982,10.15346688791851,101675741.0,396559172.0,0.0769837210330957,3.77,4.01,3.75,3.94,2026-09-08,3.8,2.5770220527711953
600760,中航沈飞,2026-09-09,428.68873470950564,441.61178388474013,426.01500039738806,435.9078173522228,21254690.0,1039089392.0,0.00751167856604058,48.1,49.55,47.8,48.91,2026-09-08,48.11,8.912447707058329
600761,安徽合力,2026-09-09,282.07705110929567,284.3171254308722,281.21548406253544,282.9386181560559,5468609.0,89808020.0,0.0061397254355814845,16.37,16.5,16.32,16.42,2026-09-08,16.36,17.231340935204376
600763,通策医疗,2026-09-09,116.53763317257713,116.7380992846859,115.0007263130764,115.36824751860918,5793102.0,200569901.0,0.013034141990668758,34.88,34.94,34.42,34.53,2026-09-08,35.14,3.3411018684798486
600764,中国海防,2026-09-09,149.26558219501155,154.71089313345618,148.78511358279584,153.83003401106075,11026477.0,210358444.0,0.015516494557122073,18.64,19.32,18.58,19.21,2026-09-08,18.7,8.00781020359504
600765,中航重机,2026-09-09,176.54973498183753,181.9995832260723,176.29625366815222,180.47869534396028,29688022.0,421432142.0,0.019122791504645364,13.93,14.36,13.91,14.24,2026-09-08,13.99,12.674065684266873
600768,宁波富邦,2026-09-09,49.95426793556253,50.1530249697889,49.55675386710978,49.95426793556253,2267493.0,34173553.0,0.01695357360752225,15.08,15.14,14.96,15.08,2026-09-08,15.09,3.3126172371062683
600769,祥龙电业,2026-09-09,90.73091598646403,92.79792726193502,87.63039907325751,89.20785504664327,20271368.0,336938595.0,0.054060268197639746,16.68,17.06,16.11,16.4,2026-09-08,16.91,5.439503356502639
600770,综艺股份,2026-09-09,119.10908102688869,124.30581231078436,117.6539962673979,118.27760402146538,129309323.0,742305035.0,0.09946871,5.73,5.98,5.66,5.69,2026-09-08,5.9,20.786925135582667
600771,广誉远,2026-09-09,102.77573908341742,104.99392050248399,102.40604218023967,103.81089041231515,7450242.0,104614517.0,0.015220381690217352,13.9,14.2,13.85,14.04,2026-09-08,13.94,7.39393806355521
600773,西藏城投,2026-09-09,66.52891559385509,67.6896588411308,65.85690634543231,66.71219084342493,17096663.0,186398893.0,0.017966476449840445,10.89,11.08,10.78,10.92,2026-09-08,10.95,6.109174985661624
600774,汉商集团,2026-09-09,51.36303026801106,52.18031226737966,50.10567334590552,50.545748268642456,3997244.0,32222609.0,0.0138381870191556,8.17,8.3,7.97,8.04,2026-09-08,8.1,6.286784610527669
600775,南京熊猫,2026-09-09,15.40514560563011,15.529380650836806,15.31196932172509,15.40514560563011,9793262.0,97207668.0,0.014576809124919956,9.92,10.0,9.86,9.92,2026-09-08,9.97,1.5529380650836806
600776,东方通信,2026-09-09,61.755054080651306,67.91666112695785,61.61607046306545,64.99800515765475,71897404.0,1022166456.0,0.07520648450500522,13.33,14.66,13.3,14.03,2026-09-08,13.33,4.632787252862063
600778,友好集团,2026-09-09,23.77896195821578,26.31538456709213,23.541172338633626,26.31538456709213,43963284.0,285223950.0,0.14126343739564484,6.0,6.64,5.94,6.64,2026-09-08,6.04,3.963160326369297
600779,水井坊,2026-09-09,188.80256929653342,189.70162915032643,187.00444958894738,188.1109847936157,1680989.0,45784897.0,0.0034481599441733304,27.3,27.43,27.04,27.2,2026-09-08,27.32,6.915845029177048
600780,通宝能源,2026-09-09,70.19171761177331,71.64473087443741,70.07994736079915,71.53296062346325,14910439.0,94779759.0,0.013005151494114941,6.28,6.41,6.27,6.4,2026-09-08,6.29,11.177025097416132
600782,新钢股份,2026-09-09,39.674249961524076,40.09482504945542,39.11348317761561,39.81444165750119,33224286.0,93946914.0,0.01056197075400151,2.83,2.86,2.79,2.84,2026-09-08,2.83,14.019169597711688
600783,鲁信创投,2026-09-09,107.29540192320823,107.89518988426964,105.49603804002399,106.2957553214392,10554950.0,168724407.0,0.014179912960151744,16.1,16.19,15.83,15.95,2026-09-08,16.11,6.664310678460138
600784,鲁银投资,2026-09-09,54.19009139988767,56.09406758420805,54.04363169340148,55.28853919853404,10840100.0,81624658.0,0.01604390360102346,7.4,7.66,7.38,7.55,2026-09-08,7.42,7.322985324309144
600785,新华百货,2026-09-09,54.51320780794401,55.191232780679634,52.795544543680435,53.42836785156702,48637340.0,576341464.0,0.1539722557211799,12.06,12.21,11.68,11.82,2026-09-08,12.2,4.520166484904147
600787,中储股份,2026-09-09,158.8781719940737,161.26475397681733,157.85535114432645,160.9238136935682,19701181.0,92526209.0,0.009078552309055365,4.66,4.73,4.63,4.72,2026-09-08,4.66,34.09402832490852
600789,鲁抗医药,2026-09-09,21.45006996856313,21.5331024974737,21.284004910742,21.367037439652567,15098563.0,116677606.0,0.01494465994775996,7.75,7.78,7.69,7.72,2026-09-08,7.8,2.7677509636855655
600790,轻纺城,2026-09-09,45.93272298678826,46.594577784868775,45.27086818870773,46.197464906020464,17046252.0,59355951.0,0.011629388389829083,3.47,3.52,3.42,3.49,2026-09-08,3.47,13.237095961610448
600791,京能置业,2026-09-09,61.02943324065471,61.719464521013876,57.88595740790742,58.26930811921807,33468160.0,258057559.0,0.07399324914538957,7.96,8.05,7.55,7.6,2026-09-08,7.99,7.6670142262129035
600792,云煤能源,2026-09-09,29.04143167072397,31.334176276307446,28.531932869483207,31.334176276307446,115327579.0,539145015.0,0.10390587153926631,4.56,4.92,4.48,4.92,2026-09-08,4.47,6.368735015509643
600793,宜宾纸业,2026-09-09,34.5288997996604,35.032811408411796,34.35362619661644,34.85753780536783,3695200.0,58571023.0,0.02088816509645723,15.76,15.99,15.68,15.91,2026-09-08,15.81,2.190920038049518
600794,XD保税科,2026-09-09,72.85837739338376,73.7335530978088,72.42078954117125,73.7335530978088,14279602.0,47797749.0,0.011898159676431761,3.33,3.37,3.31,3.37,2026-09-08,3.33,21.879392610625754
600795,国电电力,2026-09-09,1539.285213857514,1559.769998072348,1530.5060206225855,1553.9172025823952,81737604.0,432525253.0,0.004582829652517694,5.26,5.33,5.23,5.31,2026-09-08,5.26,292.63977449762626
600796,钱江生化,2026-09-09,48.12428737522573,48.65801329805632,47.76847009333866,47.76847009333866,6989605.0,37876210.0,0.022440132179013195,5.41,5.47,5.37,5.37,2026-09-08,5.4,8.895432047176659
600797,浙大网新,2026-09-09,79.64172653313159,79.64172653313159,77.80560603669052,78.72366628491105,14643600.0,99843718.0,0.01425131308308905,6.94,6.94,6.78,6.86,2026-09-08,6.92,11.475753102756713
600798,宁波海运,2026-09-09,28.82457625573536,30.06701488744809,28.658917771506996,29.735697918991363,66704000.0,236947725.0,0.055285627166403055,3.48,3.63,3.46,3.59,2026-09-08,3.47,8.282924211418207
600800,渤海化学,2026-09-09,42.263272695405995,42.38266047138172,41.42755826357594,42.024497143454546,16180403.0,56794303.0,0.014580483406428216,3.54,3.55,3.47,3.52,2026-09-08,3.54,11.938777597572315
600801,华新建材,2026-09-09,275.1208218439208,277.5370526146059,272.59476240184085,275.6699652008947,5235900.0,131193975.0,0.003902444044604568,25.05,25.27,24.82,25.1,2026-09-08,25.01,10.982867139477875
600802,福建水泥,2026-09-09,20.30410742349147,21.323232506523862,19.95133335628795,21.00965555789851,38064293.0,201349494.0,0.08306475920046857,5.18,5.44,5.09,5.36,2026-09-08,5.2,3.919711857816886
600803,新奥股份,2026-09-09,128.87321589594933,129.68886916111356,127.78567820906369,129.14510031767074,6701410.0,127027239.0,0.0021816426522348166,18.96,19.08,18.8,19.0,2026-09-08,18.96,6.797110543035302
600805,悦达投资,2026-09-09,58.199863852267725,58.32422253571275,57.70242911848766,57.82678780193268,4542152.0,21180964.0,0.005341977635649913,4.68,4.69,4.64,4.65,2026-09-08,4.68,12.435868344501651
600807,济高发展,2026-09-09,17.731226726356272,17.731226726356272,17.34853837974427,17.47610116194827,10490135.0,28857531.0,0.013320373517412143,2.78,2.78,2.72,2.74,2026-09-08,2.76,6.378139110200099
600808,马钢股份,2026-09-09,6.416763821565038,6.538755529199355,6.319170455457584,6.51435718767249,63509434.0,167789010.0,0.010642104876790015,2.63,2.68,2.59,2.67,2026-09-08,2.64,2.439834152686326
600809,山西汾酒,2026-09-09,870.3891927918369,871.1030946888118,847.4015517092441,849.6860377795638,5281033.0,632054143.0,0.004328842522399809,121.92,122.02,118.7,119.02,2026-09-08,122.2,7.139018969749318
600810,神马股份,2026-09-09,31.818447923251142,31.914431174904994,31.43451491663574,31.770456297424218,5250066.0,34629003.0,0.004857785230425193,6.63,6.65,6.55,6.62,2026-09-08,6.63,4.79916258269248
600812,华北制药,2026-09-09,22.5085815349998,22.6015922024998,22.1365388649998,22.3225601999998,14744354.0,70781151.0,0.00859363117760747,4.84,4.86,4.76,4.8,2026-09-08,4.87,4.6505333749999584
600814,杭州解百,2026-09-09,47.601589768456364,52.316536923269545,46.697353327807264,50.96018226229589,43457305.0,332541365.0,0.05911926305328236,7.37,8.1,7.23,7.89,2026-09-08,7.46,6.458831718922166
600815,厦工股份,2026-09-09,19.84387742000282,19.89169399209921,17.979031108243515,18.02684768033991,154164100.0,598424959.0,0.08689734494861852,4.15,4.16,3.76,3.77,2026-09-08,4.18,4.781657209639233
600816,建元信托,2026-09-09,80.90916318131238,80.90916318131238,79.93825322313664,80.58552652858714,51081700.0,126863456.0,0.009339991193591985,2.5,2.5,2.47,2.49,2026-09-08,2.5,32.363665272524955
600817,宇通重工,2026-09-09,52.157763694470766,52.157763694470766,50.80706463465379,50.859014598492905,2219167.0,21878290.0,0.004191125919623699,10.04,10.04,9.78,9.79,2026-09-08,10.04,5.194996383911431
600819,耀皮玻璃,2026-09-09,19.992106086624254,20.29450769129588,19.958505908327407,20.05930644321795,6371572.0,38160384.0,0.008072872875154766,5.95,6.04,5.94,5.97,2026-09-08,5.95,3.3600178296847485
600820,隧道股份,2026-09-09,196.4781478322346,199.32565722110758,196.4781478322346,198.25784120028024,29313300.0,163455980.0,0.009323283743120862,5.52,5.6,5.52,5.57,2026-09-08,5.52,35.59386736091207
600821,金开新能,2026-09-09,32.100006273613694,32.40620665142241,30.977271554981737,31.895872688407884,85586566.0,530727205.0,0.04350403113094657,6.29,6.35,6.07,6.25,2026-09-08,6.28,5.103339630145261
600822,上海物贸,2026-09-09,24.27949728725962,24.76508723300481,23.955770656762827,24.360428944883814,7525845.0,68244471.0,0.018997563405030022,9.0,9.18,8.88,9.03,2026-09-08,8.99,2.6977219208066243
600824,益民集团,2026-09-09,130.404123849882,133.9372405059133,126.22862234729959,126.54981477057515,51364031.0,206648704.0,0.0487312255213771,4.06,4.17,3.93,3.94,2026-09-08,3.9,32.119242327557146
600826,兰生股份,2026-09-09,83.19138793531955,83.19138793531955,81.19815165439765,82.03740903583845,3845620.0,30017664.0,0.005310283428027187,7.93,7.93,7.74,7.82,2026-09-08,7.86,10.490717268010032
600827,百联股份,2026-09-09,71.17605453605404,71.5319348087343,70.28635385435337,70.82017426337377,17276465.0,137674616.0,0.010767843099770916,8.0,8.04,7.9,7.96,2026-09-08,8.05,8.897006817006755
600828,茂业商业,2026-09-09,54.77356671000546,55.31695526863646,52.38265705202903,54.12150043964826,66385868.0,327750747.0,0.03834318747105343,5.04,5.09,4.82,4.98,2026-09-08,5.04,10.867771172620131
600829,人民同泰,2026-09-09,104.91054020195355,105.11524369503053,100.8164703404139,101.94233955233732,17046400.0,170434611.0,0.02939599103722331,10.25,10.27,9.85,9.96,2026-09-08,10.32,10.235174653849127
600830,香溢融通,2026-09-09,106.9070073613879,107.59011922951177,103.26374406472718,103.71915197680975,43778534.0,403492540.0,0.09635998701161225,9.39,9.45,9.07,9.11,2026-09-08,9.68,11.385197802064738
600831,广电网络,2026-09-09,22.07630653067337,22.07630653067337,21.078507365445198,21.452682052405763,14799544.0,50623455.0,0.020816663079713825,3.54,3.54,3.38,3.44,2026-09-08,3.53,6.236244782676094
600833,第一医药,2026-09-09,98.18784124226724,98.27875591008416,96.46046255374586,98.0060119066334,5121500.0,54942828.0,0.02295747843322747,10.8,10.81,10.61,10.78,2026-09-08,10.85,9.09146678169141
600834,申通地铁,2026-09-09,39.47255894028862,39.828625837945864,39.31995884129266,39.6760257389499,2636900.0,20541731.0,0.005523669775459965,7.76,7.83,7.73,7.8,2026-09-08,7.79,5.086669966532039
600835,上海机电,2026-09-09,122.03586796427233,123.15910010038097,121.04478078535296,122.03586796427233,3152055.0,58264024.0,0.003908292863410648,18.47,18.64,18.32,18.47,2026-09-08,18.56,6.607247859462498
600838,上海九百,2026-09-09,105.65093809825004,109.1848218408674,104.188641377167,107.23509287942335,24762801.0,217608978.0,0.06177080081830867,8.67,8.96,8.55,8.8,2026-09-08,8.77,12.185806009025379
600839,四川长虹,2026-09-09,229.8363401445763,229.8363401445763,226.55296385679665,227.20963911435257,46252128.0,320525931.0,0.010022219416943675,7.0,7.0,6.9,6.92,2026-09-08,7.0,32.833762877796616
600841,动力新科,2026-09-09,16.845248393374895,17.79875301941498,16.816354313797923,17.567600382799203,23915900.0,143380278.0,0.0229293754527051,5.83,6.16,5.82,6.08,2026-09-08,5.84,2.8894079576972374
600843,上工申贝,2026-09-09,20.210147094661938,20.34952741945271,20.070766769871167,20.182271029703784,4193700.0,30353658.0,0.008937546567703573,7.25,7.3,7.2,7.24,2026-09-08,7.27,2.7876064958154396
600844,金煤科技,2026-09-09,21.65050774480617,22.450262648308247,21.364880993555428,21.99325984630706,65357400.0,250491836.0,0.07943960914915926,3.79,3.93,3.74,3.85,2026-09-08,3.82,5.71253502501482
600845,宝信软件,2026-09-09,267.90636413520775,268.375278424826,266.18701173994094,267.2811450823835,8232880.0,140577010.0,0.003857858990329005,17.14,17.17,17.03,17.1,2026-09-08,17.17,15.630476320607219
600846,同济科技,2026-09-09,259.7612854273748,265.97248610369115,259.53945683179205,260.8704284052884,3397214.0,40208573.0,0.005437617255541713,11.71,11.99,11.7,11.76,2026-09-08,11.8,22.182859558272824
600847,万里股份,2026-09-09,23.562407142365487,23.81832157215068,23.30649271258029,23.471009131727918,1590951.0,20482473.0,0.010378876541711842,12.89,13.03,12.75,12.84,2026-09-08,12.85,1.8279602127513954
600848,上海临港,2026-09-09,25.562430890034957,25.856251934748006,25.386138263207133,25.738723516862787,7131540.0,62189578.0,0.002979031470966522,8.7,8.8,8.64,8.76,2026-09-08,8.7,2.938210447130455
600850,电科数字,2026-09-09,143.5357972055173,145.12842741029417,141.54500944954617,142.1422457763375,5821232.0,83569398.0,0.007131778369250608,14.42,14.58,14.22,14.28,2026-09-08,14.48,9.953938779855568
600851,海欣股份,2026-09-09,174.49499422656024,176.1276959269257,173.47455566383178,175.10725736419727,6080000.0,52024822.0,0.008236182168689989,8.55,8.63,8.5,8.58,2026-09-08,8.58,20.408771254568446
600853,龙建股份,2026-09-09,11.065345803027604,11.09770061531716,10.968281366158942,11.065345803027604,8662356.0,29540786.0,0.008545293300723459,3.42,3.43,3.39,3.42,2026-09-08,3.44,3.23548122895544
600854,春兰股份,2026-09-09,32.15692261225469,32.624902775010995,31.755796758463575,32.22377692121988,6263814.0,30054540.0,0.012058352191335048,4.81,4.88,4.75,4.82,2026-09-08,4.81,6.685430896518647
600855,航天长峰,2026-09-09,20.9427552549174,22.544168611455255,20.476324180197636,21.59575875952507,33051888.0,452373460.0,0.07067810115568281,13.47,14.5,13.17,13.89,2026-09-08,13.5,1.5547702490658797
600857,宁波中百,2026-09-09,152.04285287553256,155.9447224959483,147.425640491374,153.01832028063652,13056306.0,305356801.0,0.05820395289996516,23.38,23.98,22.67,23.53,2026-09-08,22.97,6.503116034026201
600858,银座股份,2026-09-09,35.33983832908859,36.1460703822237,34.93672230252105,35.94451236893992,12950100.0,68931902.0,0.02502202554035811,5.26,5.38,5.2,5.35,2026-09-08,5.26,6.718600442792509
600859,王府井,2026-09-09,48.46920828436312,49.222859725130675,47.998176133883405,48.42210506931515,16460700.0,169445049.0,0.014646991410244762,10.29,10.45,10.19,10.28,2026-09-08,10.37,4.710321504797194
600860,京城股份,2026-09-09,14.421062560752777,14.570074688246203,14.205822821040046,14.354834948533474,6057892.0,52496205.0,0.013642647620920807,8.71,8.8,8.58,8.67,2026-09-08,8.75,1.655690305482523
600861,北京人力,2026-09-09,34.20517982878671,34.23117160677211,33.91927027094731,34.12720449483051,1593700.0,20899162.0,0.0028151637462417865,13.16,13.17,13.05,13.13,2026-09-08,13.13,2.5991777985400235
600862,中航高科,2026-09-09,136.42241174469478,141.42064665775473,135.68737719865658,140.02408102028213,25720525.0,488137429.0,0.018463473305252262,18.56,19.24,18.46,19.05,2026-09-08,18.57,7.350345460382263
600863,华能蒙电,2026-09-09,103.21040473292332,106.23330361631437,102.34671933766873,105.36961822105978,155071836.0,752716339.0,0.02195450934915114,4.78,4.92,4.74,4.88,2026-09-08,4.84,21.59213488136471
600864,哈投股份,2026-09-09,59.91432375630235,60.12418128259414,59.284751177427026,59.80939499315647,20167017.0,114801653.0,0.009693022565752782,5.71,5.73,5.65,5.7,2026-09-08,5.73,10.492876314588854
600865,百大集团,2026-09-09,72.86728163981581,78.08685287784517,71.42027179164927,78.08685287784517,70691988.0,1038728603.0,0.18789051835688975,14.1,15.11,13.82,15.11,2026-09-08,13.74,5.167892314880555
600866,星湖科技,2026-09-09,71.85836087754159,72.64113169320107,71.23214422501398,71.54525255127778,42823945.0,196788626.0,0.025774692033804787,4.59,4.64,4.55,4.57,2026-09-08,4.61,15.655416313189887
600867,通化东宝,2026-09-09,321.7065306669896,322.1051756864034,318.5173705116787,319.31466055050635,8630665.0,69210789.0,0.004406676674212264,8.07,8.08,7.99,8.01,2026-09-08,8.08,39.864501941386564
600868,梅雁吉祥,2026-09-09,105.7155872364932,107.18897521191472,104.61054625492707,106.82062821805934,43589065.0,125604929.0,0.02296398879721265,2.87,2.91,2.84,2.9,2026-09-08,2.89,36.834699385537704
600869,远东股份,2026-09-09,231.8982021927234,258.899336348616,229.30193929311835,258.899336348616,312663097.0,7371146996.0,0.1408803073614689,22.33,24.93,22.08,24.93,2026-09-08,22.66,10.385051598420215
600871,石化油服,2026-09-09,5.275019961713114,5.3426484227607185,5.20739150066551,5.275019961713114,154662375.0,361368974.0,0.011416714696401918,2.34,2.37,2.31,2.34,2026-09-08,2.35,2.2542820349201342
600872,中炬高新,2026-09-09,215.7177918161021,215.7177918161021,209.9282643921595,211.20196042542688,10798010.0,196957657.0,0.014005419929066336,18.63,18.63,18.13,18.24,2026-09-08,18.56,11.579054847885246
600873,梅花生物,2026-09-09,74.60671890877896,75.73712374073014,74.22991729812856,74.41831810345376,25992848.0,206959470.0,0.009269118444196848,7.92,8.04,7.88,7.9,2026-09-08,7.92,9.420040266259969
600874,创业环保,2026-09-09,10.656432006484133,10.712715978349367,10.618909358573978,10.675193330439212,5732985.0,32615502.0,0.004659379661182402,5.68,5.71,5.66,5.69,2026-09-08,5.7,1.87613239550777
600875,东方电气,2026-09-09,83.80649110849885,88.18568948712404,83.50563015118873,88.11883149661068,83291100.0,2152570941.0,0.036799650654913016,25.07,26.38,24.98,26.36,2026-09-08,24.98,3.3428995256680833
600876,凯盛新能,2026-09-09,9.909404670456032,9.96453348642519,9.826711446502296,9.909404670456032,1916922.0,13775101.0,0.004844688644098009,7.19,7.23,7.13,7.19,2026-09-08,7.22,1.3782203992289335
600877,电科芯片,2026-09-09,51.71307934220054,52.27801214173717,51.36542838863952,51.40888475783465,10195597.0,121504602.0,0.008610713455603968,11.9,12.03,11.82,11.83,2026-09-08,11.9,4.34563691951265
600879,航天电子,2026-09-09,519.1102192697225,530.0158961451368,516.202038769612,525.6536253949712,65668750.0,946717324.0,0.019903847257285567,14.28,14.58,14.2,14.46,2026-09-08,14.3,36.35225625138113
600880,博瑞传播,2026-09-09,165.40607189442738,173.71097926987977,152.94871083124872,162.63776943594323,141823669.0,658090802.0,0.12975274813433216,4.78,5.02,4.42,4.7,2026-09-08,4.58,34.60378073105175
600881,亚泰集团,2026-09-09,120.51100314618272,122.25753942366364,115.8535730729003,116.4357518320606,229368640.0,467433181.0,0.07096470457338672,2.07,2.1,1.99,2.0,2026-09-08,2.07,58.2178759160303
600882,妙可蓝多,2026-09-09,49.58738145692474,49.73042198035817,48.18081630982928,48.68145814184631,3976206.0,81212537.0,0.007820193686210298,20.8,20.86,20.21,20.42,2026-09-08,20.84,2.3840087238906125
600883,博闻科技,2026-09-09,42.139561470385104,43.2458506736649,41.737274487374265,42.79327781777771,8137970.0,68901492.0,0.03447007048219308,8.38,8.6,8.3,8.51,2026-09-08,8.43,5.028587287635453
600884,杉杉股份,2026-09-09,405.2091352115686,406.25889981056224,402.40976294758536,404.1593706125749,20692737.0,239062424.0,0.011276021526834615,11.58,11.61,11.5,11.55,2026-09-08,11.62,34.99215329979003
600885,宏发股份,2026-09-09,257.13113404409864,263.95434267751574,256.4636462430035,262.76769769779105,13786883.0,485904528.0,0.008908589857295502,34.67,35.59,34.58,35.43,2026-09-08,34.66,7.416531123279453
600886,国投电力,2026-09-09,771.4285154507427,785.0387574311721,763.2623702624849,782.3167090350862,21705199.0,309312415.0,0.0029118158658764104,14.17,14.42,14.02,14.37,2026-09-08,14.13,54.4409679217179
600887,伊利股份,2026-09-09,2645.7055330932913,2653.6925686648933,2628.7330825036356,2640.7136358610396,44987064.0,1190016032.0,0.007147690869489453,26.5,26.58,26.33,26.45,2026-09-08,26.53,99.83794464502985
600888,新疆众和,2026-09-09,140.39623640338323,142.90082734021266,140.39623640338323,142.62253945834271,36302813.0,370455536.0,0.02337463230761609,10.09,10.27,10.09,10.25,2026-09-08,10.09,13.91439409349685
600893,航发动力,2026-09-09,133.70822099553968,138.35268464068804,133.70822099553968,135.31088802802043,48522121.0,2016187447.0,0.0182063225574523,40.88,42.3,40.88,41.37,2026-09-08,41.25,3.27074904587915
600894,广日股份,2026-09-09,34.20622877365797,34.25195902602917,33.88611700705957,34.06903801654437,2463367.0,18339578.0,0.0029216429220499697,7.48,7.49,7.41,7.45,2026-09-08,7.48,4.573025237120049
600895,张江高科,2026-09-09,627.1422232853471,629.0568365857433,617.1436871610557,620.3347093283827,19114135.0,559333392.0,0.012342134677669907,29.48,29.57,29.01,29.16,2026-09-08,29.79,21.27348111551381
600897,厦门空港,2026-09-09,114.61958114377686,115.13755213667966,112.39970545990771,114.54558528764788,2639411.0,40637155.0,0.006330524735329812,15.49,15.56,15.19,15.48,2026-09-08,15.43,7.39958561289715
600900,长江电力,2026-09-09,105.85936618978805,106.84906181040455,105.44064881183492,106.77293137804945,70031426.0,1956050913.0,0.002862138420249783,27.81,28.07,27.7,28.05,2026-09-08,27.87,3.8065216177557732
600901,江苏金租,2026-09-09,13.530978545563835,13.690871940489258,13.530978545563835,13.590938568660869,18433585.0,125575093.0,0.003183444682372869,6.77,6.85,6.77,6.8,2026-09-08,6.8,1.998667436567775
600903,贵州燃气,2026-09-09,10.894321149093367,11.126115216095354,10.648039952903757,10.792911244779999,147056347.0,1100580683.0,0.126338668810451,7.52,7.68,7.35,7.45,2026-09-08,7.25,1.448712918762416
600905,三峡能源,2026-09-09,3.917472094397942,3.9386476192325257,3.8962965695633587,3.917472094397942,72473943.0,268321334.0,0.002535148661747604,3.7,3.72,3.68,3.7,2026-09-08,3.7,1.0587762417291735
600906,财达证券,2026-09-09,6.630409271564586,6.650810530861707,6.579406123321782,6.610008012267465,23263127.0,150607804.0,0.01095129660680896,6.5,6.52,6.45,6.48,2026-09-08,6.53,1.0200629648560902
600908,无锡银行,2026-09-09,7.500135592769334,7.628562572097577,7.448764801038037,7.5900344782991045,21132446.0,124585005.0,0.010569855515820483,5.84,5.94,5.8,5.91,2026-09-08,5.84,1.2842697932824203
600909,华安证券,2026-09-09,9.478222706295465,9.59596460326808,9.407577568111895,9.501771085689986,77081059.0,622628275.0,0.015341928398071001,8.05,8.15,7.99,8.07,2026-09-08,8.02,1.1774189697261446
600916,中国黄金,2026-09-09,8.411605297370565,8.581536717519464,8.358501728574034,8.549674576241546,34210606.0,273414841.0,0.02036345595238095,7.92,8.08,7.87,8.05,2026-09-08,7.98,1.0620713759306268
600917,重庆燃气,2026-09-09,5.82252444193945,5.915684833010481,5.82252444193945,5.892394735242722,7874300.0,39743682.0,0.0050442661370777644,5.0,5.08,5.0,5.06,2026-09-08,5.02,1.16450488838789
600918,中泰证券,2026-09-09,5.8124576212551515,5.8436514904211005,5.791661708477853,5.822855577643801,22280324.0,124732716.0,0.004883011856773404,5.59,5.62,5.57,5.6,2026-09-08,5.6,1.0397956388649645
600919,江苏银行,2026-09-09,20.29727326661887,20.478941294228967,20.198181615195182,20.363334367567994,53301510.0,657669170.0,0.0029045048005917327,12.29,12.4,12.23,12.33,2026-09-08,12.26,1.6515275237281424
600925,苏能股份,2026-09-09,4.463645642711148,4.568920304095844,4.453118176572678,4.568920304095844,20262868.0,87245564.0,0.012616597141974632,4.24,4.34,4.23,4.34,2026-09-08,4.24,1.0527466138469688
600926,杭州银行,2026-09-09,44.337660500160744,44.828007152956474,44.26023734445615,44.59573768584271,24683119.0,426602069.0,0.0034050366014576824,17.18,17.37,17.15,17.28,2026-09-08,17.2,2.580771856819601
600927,永安期货,2026-09-09,13.08849243526415,13.150133686921595,13.037124725549612,13.098765977207057,3835218.0,48859187.0,0.002644167072583568,12.74,12.8,12.69,12.75,2026-09-08,12.78,1.0273541942907496
600928,西安银行,2026-09-09,4.631932897868153,4.657665858411865,4.580466976780729,4.619066417596296,20302289.0,72954950.0,0.004589795141214906,3.6,3.62,3.56,3.59,2026-09-08,3.61,1.286648027185598
600930,华电新能,2026-09-09,3.982093624204085,4.002256123567144,3.9619311248410267,3.9921748738856144,87940970.0,347563141.0,0.008185736778585771,3.95,3.97,3.93,3.96,2026-09-08,3.96,1.008124968152933
600933,爱柯迪,2026-09-09,15.499337114941437,15.54515924979714,15.201493238379369,15.270226440662924,6976800.0,93184458.0,0.007111831607093395,13.53,13.57,13.27,13.33,2026-09-08,13.53,1.1455533713925674
600935,华塑股份,2026-09-09,2.479340111464962,2.489543157191155,2.438527928560189,2.4691370657387686,35641142.0,86244491.0,0.010161693444435045,2.43,2.44,2.39,2.42,2026-09-08,2.42,1.0203045726193258
600936,北投科技,2026-09-09,4.19892796787358,4.2658431546126,4.05673319605316,4.1487415778193135,79128178.0,392586605.0,0.04735304338928457,5.02,5.1,4.85,4.96,2026-09-08,5.06,0.8364398342377649
600938,中国海油,2026-09-09,39.985408201729534,39.985408201729534,39.37024807554908,39.6720247412225,39152090.0,1338951680.0,0.013094344481605352,34.45,34.45,33.92,34.18,2026-09-08,34.39,1.1606794833593477
600939,重庆建工,2026-09-09,2.9287858103580775,2.939435940577561,2.8755351592606577,2.9074855499191097,8772500.0,23959668.0,0.0046110988361064064,2.75,2.76,2.7,2.73,2026-09-08,2.75,1.0650130219483918
600941,中国移动,2026-09-09,116.08271401597972,116.08271401597972,115.32034421638787,115.67770505994655,6925670.0,671900904.0,0.007671595604100074,97.45,97.45,96.81,97.11,2026-09-08,97.7,1.1912028118622855
600955,维远股份,2026-09-09,12.637415547287215,12.75460950908586,12.529987748971791,12.569052402904672,1974951.0,25501242.0,0.00359082,12.94,13.06,12.83,12.87,2026-09-08,12.94,0.9766163483220414
600956,新天绿能,2026-09-09,7.933846449176697,8.0868407333206,7.857349307104745,8.043128080708057,9359505.0,68575772.0,0.003986010022397463,7.26,7.4,7.19,7.36,2026-09-08,7.23,1.0928163153135946
600958,东方证券,2026-09-09,11.07509965364182,11.11137181407951,11.014646052912333,11.050918213350025,30733904.0,280958227.0,0.004114595957924404,9.16,9.19,9.11,9.14,2026-09-08,9.19,1.2090720145897182
600959,江苏有线,2026-09-09,4.419405783587088,4.433216426660797,4.36416321129225,4.377973854365959,40245450.0,127791964.0,0.008047934821969872,3.2,3.21,3.16,3.17,2026-09-08,3.22,1.381064307370965
600960,渤海汽车,2026-09-09,17.695266441177,17.782866770093715,17.520065783343565,17.651466276718644,7041200.0,28337990.0,0.007407769643588291,4.04,4.06,4.0,4.03,2026-09-08,4.05,4.380016445835891
600961,株冶集团,2026-09-09,34.705067126755154,35.25311398229018,34.335135499269015,35.0749987542413,29833474.0,758271528.0,0.03968207238848966,25.33,25.73,25.06,25.6,2026-09-08,25.34,1.3701171388375506
600962,国投中鲁,2026-09-09,49.11527742076815,49.79500644794367,48.78512332185433,49.756164789247926,3601325.0,91702854.0,0.013734506693108576,25.29,25.64,25.12,25.62,2026-09-08,25.29,1.9420829347871946
600963,岳阳林纸,2026-09-09,16.719006363262892,16.765191463713894,16.34952555965487,16.441895760556875,29944570.0,107223015.0,0.01703750437392786,3.62,3.63,3.54,3.56,2026-09-08,3.59,4.618510045100246
600966,博汇纸业,2026-09-09,35.394937673520154,36.47405162698114,34.747469301443566,36.258228836288936,17753530.0,88547344.0,0.013280177923010282,4.92,5.07,4.83,5.04,2026-09-08,4.91,7.194093023073202
600967,内蒙一机,2026-09-09,71.7439231182036,80.58616308922943,71.00265749189005,76.40330705503158,170715972.0,2433500027.0,0.10031525853876706,13.55,15.22,13.41,14.43,2026-09-08,13.87,5.294754473668162
600968,海油发展,2026-09-09,4.210821647966137,4.27305053931539,4.127849792833799,4.22119312985768,51590514.0,209500230.0,0.0050752567794706185,4.06,4.12,3.98,4.07,2026-09-08,4.02,1.037148189154221
600969,郴电国际,2026-09-09,18.342083462276864,20.307933555841466,17.920829870798737,19.53563530479823,38566583.0,415495592.0,0.10421978802222023,10.45,11.57,10.21,11.13,2026-09-08,10.72,1.7552232978255373
600970,中材国际,2026-09-09,116.49510449122091,116.64312876630505,115.31091029054777,116.34708021613677,8504100.0,66727960.0,0.0032435952703389758,7.87,7.88,7.79,7.86,2026-09-08,7.87,14.802427508414347
600971,恒源煤电,2026-09-09,111.52823339298799,115.72963944546356,111.018972053294,114.07454009145805,15989690.0,142768176.0,0.013324687435188805,8.76,9.09,8.72,8.96,2026-09-08,8.82,12.731533492350227
600973,宝胜股份,2026-09-09,52.21839113698523,54.203553114093765,52.13207974667617,54.117241723784694,28558882.0,177365433.0,0.02082513117239852,6.05,6.28,6.04,6.27,2026-09-08,6.06,8.63113903090665
600975,新五丰,2026-09-09,39.63878690688132,41.00564162780827,39.16038775455689,40.253871531298444,61537709.0,361916181.0,0.04924349288312212,5.8,6.0,5.73,5.89,2026-09-08,5.85,6.834273604634711
600976,健民集团,2026-09-09,92.9724015531075,93.00552317817095,91.05134729942733,91.25007704980804,1538537.0,42599752.0,0.010036210376350468,28.07,28.08,27.49,27.55,2026-09-08,28.17,3.3121625063451194
600977,中国电影,2026-09-09,13.335693202084551,13.38659279445892,13.091375158687583,13.223714098860942,22188009.0,288076304.0,0.011884311194429566,13.1,13.15,12.86,12.99,2026-09-08,13.19,1.0179918474873704
600979,广安爱众,2026-09-09,22.636334936754473,22.80526280941682,22.354788482317232,22.748953518529373,19109790.0,76816945.0,0.015390189614824952,4.02,4.05,3.97,4.04,2026-09-08,4.02,5.630929088744894
600980,北矿科技,2026-09-09,33.21633501011487,33.31890732615228,32.92571344800888,33.23343039612111,1338100.0,25924359.0,0.007070036304829279,19.43,19.49,19.26,19.44,2026-09-08,19.48,1.7095386006235136
600981,苏豪汇鸿,2026-09-09,9.34133043253971,9.45209719656192,9.230563668517501,9.37825268721378,17153600.0,43470325.0,0.0076495478488261695,2.53,2.56,2.5,2.54,2026-09-08,2.55,3.6922254674070003
600982,宁波能源,2026-09-09,22.654779133197923,23.257053425082532,22.562121549831062,23.2107246333991,24017100.0,119444490.0,0.021489360562746,4.89,5.02,4.87,5.01,2026-09-08,4.92,4.632879168343134
600983,惠而浦,2026-09-09,20.54307911287737,20.54307911287737,19.92544405458171,19.979151450955246,2470000.0,18538158.0,0.003222696131068487,7.65,7.65,7.42,7.44,2026-09-08,7.66,2.6853698186767803
600984,建设机械,2026-09-09,9.806096501037489,9.806096501037489,9.519976974482018,9.624020438684008,30946985.0,114819976.0,0.024618857292516647,3.77,3.77,3.66,3.7,2026-09-08,3.78,2.6010866050497317
600985,淮北矿业,2026-09-09,70.60779941153457,73.72718875867102,70.39702986105237,72.75764882645294,24950658.0,428876516.0,0.009264114849651452,16.75,17.49,16.7,17.26,2026-09-08,16.79,4.215391009643855
600986,浙文互联,2026-09-09,42.86953525819745,43.0966586238038,41.279671698953045,41.8474801129689,54607084.0,402578513.0,0.036713753046474736,7.55,7.59,7.27,7.37,2026-09-08,7.62,5.678084140158603
600987,航民股份,2026-09-09,52.09300220964176,52.09300220964176,51.69595188792193,51.93418208095383,3887300.0,25391716.0,0.003808021288415188,6.56,6.56,6.51,6.54,2026-09-08,6.57,7.94100643439661
600988,赤峰黄金,2026-09-09,208.7404434454287,214.17539047522905,207.63421528892067,211.0490935111846,46553739.0,2037640243.0,0.027978496700922253,43.4,44.53,43.17,43.88,2026-09-08,44.2,4.809687636991445
600989,宝丰能源,2026-09-09,25.607497777825404,26.40282668306232,25.063325368979093,26.067951354541513,91166636.0,2250617619.0,0.012431768793568023,24.47,25.23,23.95,24.91,2026-09-08,24.39,1.0464854016275196
600990,四创电子,2026-09-09,86.10286776489617,87.8805341719004,85.46473110597158,86.37635490443527,2845746.0,54151420.0,0.010578482139742579,18.89,19.28,18.75,18.95,2026-09-08,18.84,4.558118992318485
600992,贵绳股份,2026-09-09,15.968664911793635,16.15561513515122,15.812873058995649,16.03098165291283,4149100.0,42535072.0,0.01692888326737117,10.25,10.37,10.15,10.29,2026-09-08,10.19,1.5579185279798669
600993,马应龙,2026-09-09,290.83273745967256,290.83273745967256,284.77897709624483,285.6618171492447,3386300.0,76967081.0,0.007869297281443276,23.06,23.06,22.58,22.65,2026-09-08,22.95,12.612000757141049
600995,南网储能,2026-09-09,107.84072027846226,108.79123944758332,106.37173610800244,108.35918527980101,9269757.0,115488036.0,0.002900419325114461,12.48,12.59,12.31,12.54,2026-09-08,12.43,8.641083355646014
600996,贵广网络,2026-09-09,7.248994245250866,7.279114719954125,6.98795013115596,7.038150922328057,16391324.0,115367033.0,0.013146716329339577,7.22,7.25,6.96,7.01,2026-09-08,7.25,1.0040158234419483
600997,开滦股份,2026-09-09,27.382672475108063,28.26598449043413,27.284526695627385,27.87340137251143,13921565.0,78847519.0,0.008767833673263142,5.58,5.76,5.56,5.68,2026-09-08,5.62,4.907288974033703
600998,九州通,2026-09-09,16.33284252385164,16.365057203385863,16.139554446646294,16.26841316478319,17862472.0,90026034.0,0.0035424050457567857,5.07,5.08,5.01,5.05,2026-09-08,5.07,3.221467953422414
600999,招商证券,2026-09-09,38.366926778546066,38.55918866106662,38.06785273906965,38.260114621590205,38753157.0,693028232.0,0.005221386347729881,17.96,18.05,17.82,17.91,2026-09-08,17.97,2.1362431391172643
601000,唐山港,2026-09-09,32.824974576955704,33.48147406849481,32.75203018900691,33.33558529259724,43092634.0,196405182.0,0.007271878688884927,4.5,4.59,4.49,4.57,2026-09-08,4.51,7.294438794879045
601001,晋控煤业,2026-09-09,44.063724992614375,47.51079626250356,43.9568390617651,47.02980957368182,38239849.0,663071107.0,0.022847492979625978,16.49,17.78,16.45,17.6,2026-09-08,16.48,2.6721482712319213
601002,晋亿实业,2026-09-09,5.9721513067541885,6.0279658049481535,5.949825507476603,6.005640005670567,9095900.0,48807912.0,0.009530083754180144,5.35,5.4,5.33,5.38,2026-09-08,5.35,1.1162899638792876
601003,柳钢股份,2026-09-09,18.776633970830126,18.970207516921157,18.486273651693576,18.9218141303984,24729318.0,95979104.0,0.009387713013476573,3.88,3.92,3.82,3.91,2026-09-08,3.89,4.8393386522758055
601005,重庆钢铁,2026-09-09,1.285169743824672,1.3058982880799088,1.2748054716970538,1.2955340159522906,113791053.0,141903082.0,0.013687277773445156,1.24,1.26,1.23,1.25,2026-09-08,1.24,1.0364272127618324
601006,大秦铁路,2026-09-09,12.591819882116713,12.69697077883585,12.51295670957736,12.670683054656067,91936716.0,441736559.0,0.004628566293315969,4.79,4.83,4.76,4.82,2026-09-08,4.79,2.628772417978437
601007,金陵饭店,2026-09-09,10.875067009495803,10.949964165208584,10.605437248929793,10.905025871780916,9152100.0,66153783.0,0.023466923076923076,7.26,7.31,7.08,7.28,2026-09-08,7.25,1.4979431142556203
601008,连云港,2026-09-09,7.8293582293657416,8.377584626170345,7.7950940795654535,8.274792176769482,62904488.0,299800794.0,0.050703337875979915,4.57,4.89,4.55,4.83,2026-09-08,4.57,1.7132074900143854
601009,南京银行,2026-09-09,84.41916317173784,85.47440271138457,84.41916317173784,84.55986177702407,37023473.0,446743648.0,0.002994562351328886,12.0,12.15,12.0,12.02,2026-09-08,12.03,7.034930264311487
601011,宝泰隆,2026-09-09,7.1957549663426,7.384496080213881,7.077791770173049,7.313718162512151,87023326.0,267239865.0,0.045427226024357704,3.05,3.13,3.0,3.1,2026-09-08,3.06,2.3592639233910164
601012,隆基绿能,2026-09-09,225.19682400941034,225.95378812372766,222.92593166645827,223.87213680935497,41802933.0,494840020.0,0.005516309472724183,11.9,11.94,11.78,11.83,2026-09-08,11.88,18.92410285793364
601015,陕西黑猫,2026-09-09,8.031538496844462,8.549034534012275,7.928039289410899,8.445535326578712,152509125.0,610742928.0,0.07466795656844331,3.88,4.13,3.83,4.08,2026-09-08,3.9,2.069984148671253
601016,节能风电,2026-09-09,8.860814641203662,9.019043474082299,8.808071696910783,8.99267200193586,97206128.0,329746189.0,0.016098366727967675,3.36,3.42,3.34,3.41,2026-09-08,3.37,2.637147214643947
601018,宁波港,2026-09-09,4.933045188563029,5.031988788333634,4.89064078866134,5.017853988366404,71938305.0,253916058.0,0.003697793193215871,3.49,3.56,3.46,3.55,2026-09-08,3.49,1.4134799967229308
601019,山东出版,2026-09-09,9.659135060244072,9.659135060244072,9.351434081870647,9.418325598908348,9336534.0,65991369.0,0.004473877042503235,7.22,7.22,6.99,7.04,2026-09-08,7.25,1.3378303407540266
601020,华钰矿业,2026-09-09,26.30004314345709,26.757435198125904,25.533911451886812,26.551608773524936,52249385.0,1199137490.0,0.06372150548364217,23.0,23.4,22.33,23.22,2026-09-08,22.51,1.1434801366720473
601021,春秋航空,2026-09-09,92.57486952398712,93.28122112960367,92.03975467124731,93.15279356494612,3569278.0,154499865.0,0.003648324708211466,43.25,43.58,43.0,43.52,2026-09-08,43.49,2.14045941095924
601022,宁波远洋,2026-09-09,8.514936850989857,8.87770339138706,8.464552609268024,8.827319149665225,21175061.0,183855009.0,0.016181049687367968,8.45,8.81,8.4,8.76,2026-09-08,8.45,1.0076848344366696
601026,道生天合,2026-09-09,15.138870321447246,15.138870321447246,14.71070025174975,14.720894777218737,3230503.0,47083950.0,0.02908118048328277,14.85,14.85,14.43,14.44,2026-09-08,14.75,1.0194525468988045
601033,永兴股份,2026-09-09,15.29642092519559,15.348698508671992,15.223232308328626,15.285965408500308,2033471.0,29744032.0,0.008472795833333333,14.63,14.68,14.56,14.62,2026-09-08,14.61,1.0455516695280649
601038,一拖股份,2026-09-09,15.72119984997838,16.02759420189328,15.636677270139787,15.731765172458203,10481631.0,156798515.0,0.01432493567850799,14.88,15.17,14.8,14.89,2026-09-08,14.92,1.056532247982418
601058,赛轮轮胎,2026-09-09,73.3152103230732,74.88806258605956,73.26447315329946,74.177742209227,31167015.0,456077310.0,0.00947873013138557,14.45,14.76,14.44,14.62,2026-09-08,14.59,5.073716977375309
601059,信达证券,2026-09-09,15.658455680058253,15.75656630462002,15.256202119355002,15.629022492689721,17226918.0,273304850.0,0.005312031452358927,15.96,16.06,15.55,15.93,2026-09-08,16.4,0.981106245617685
601061,中信金属,2026-09-09,11.72515608573711,12.371504052564996,11.72515608573711,12.300809743693195,24034098.0,288363952.0,0.004904917959183673,11.61,12.25,11.61,12.18,2026-09-08,11.61,1.009918698168571
601065,江盐集团,2026-09-09,7.533968123455841,7.566073101254658,7.469758167858206,7.512564804923295,4702400.0,32993143.0,0.007315766957780643,7.04,7.07,6.98,7.02,2026-09-08,7.04,1.07016592662725
601066,中信建投,2026-09-09,25.751117000433048,25.772311335412827,25.49678498067568,25.698131162983596,13299505.0,321662996.0,0.0020474412771736062,24.3,24.32,24.06,24.25,2026-09-08,24.36,1.0597167489890142
601068,中铝国际,2026-09-09,4.470633246501506,4.528195047958606,4.3746969107396705,4.499414147230056,11387000.0,53126142.0,0.004448758212322392,4.66,4.72,4.56,4.69,2026-09-08,4.64,0.9593633576183488
601069,西部黄金,2026-09-09,25.28168488977277,26.415001798624655,25.011432396123475,26.05757108121752,23769393.0,701277336.0,0.02679181992004375,29.0,30.3,28.69,29.89,2026-09-08,29.23,0.8717822375783714
601077,渝农商行,2026-09-09,9.675421551682273,9.732503684730546,9.632609951896068,9.675421551682273,44458100.0,301453110.0,0.005030196948968974,6.78,6.82,6.75,6.78,2026-09-08,6.8,1.4270533262068248
601083,锦江航运,2026-09-09,12.019871930056956,12.35531021647715,11.786928675598489,12.224861993980408,16089707.0,209727992.0,0.08288536472285185,12.9,13.26,12.65,13.12,2026-09-08,12.94,0.9317730178338726
601086,国芳集团,2026-09-09,13.262806438841173,13.35241999586037,12.599666116899114,13.33449728445653,90804731.0,1316441018.0,0.13634343993993994,14.8,14.9,14.06,14.88,2026-09-08,14.95,0.8961355701919711
601088,中国神华,2026-09-09,118.94779495745244,122.11733108825113,118.40665464243806,121.96271956967558,29753880.0,1394385888.0,0.0018042454381095383,46.16,47.39,45.95,47.33,2026-09-08,46.32,2.5768586429257465
601089,福元医药,2026-09-09,17.996722431211793,18.129457937772667,17.94141597014476,17.98566113899839,1579818.0,25730010.0,0.0032912875,16.27,16.39,16.22,16.26,2026-09-08,16.39,1.1061292213406142
601096,宏盛华源,2026-09-09,4.093458196601584,4.132630045372891,4.083665234408758,4.113044120987238,12243200.0,51344852.0,0.007451841030273115,4.18,4.22,4.17,4.2,2026-09-08,4.2,0.9792962192826757
601098,中南传媒,2026-09-09,16.972320237687374,16.972320237687374,16.595521622371923,16.74296455879971,11911392.0,122011536.0,0.006632178173719376,10.36,10.36,10.13,10.22,2026-09-08,10.39,1.638254849197623
601099,太平洋,2026-09-09,9.828122786305734,9.855807639224906,9.745068227548222,9.772753080467393,77614845.0,274352375.0,0.01138662597023794,3.55,3.56,3.52,3.53,2026-09-08,3.56,2.7684852919171083
601100,恒立液压,2026-09-09,358.5301006322974,358.6351695296205,353.80200025275644,355.9384011649935,2841335.0,289205826.0,0.002119100921713493,102.37,102.4,101.02,101.63,2026-09-08,102.13,3.5022965774377
601101,昊华能源,2026-09-09,53.23374982744157,55.394529340732554,53.0373153262333,55.19809483952428,35498864.0,492656096.0,0.024652024394651806,13.55,14.1,13.5,14.05,2026-09-08,13.6,3.9286900241654292
601106,中国一重,2026-09-09,3.075054171738934,3.134957824435147,3.055086287506863,3.10500599808704,59617500.0,185292624.0,0.00869340727675675,3.08,3.14,3.06,3.11,2026-09-08,3.08,0.9983942116035499
601107,四川成渝,2026-09-09,8.485548599154093,8.792255175027131,8.470943524112519,8.69001964973612,10472819.0,62255410.0,0.004842384660199562,5.81,6.02,5.8,5.95,2026-09-08,5.83,1.460507504157331
601108,财通证券,2026-09-09,9.808235196969433,9.84285249766462,9.727461495347331,9.773617896274247,33822499.0,286648304.0,0.007283415491346395,8.5,8.53,8.43,8.47,2026-09-08,8.52,1.1539100231728745
601111,中国国航,2026-09-09,6.662259265928314,6.742115113293893,6.628035331343065,6.73070713509881,54349144.0,319025193.0,0.004669928919419271,5.84,5.91,5.81,5.9,2026-09-08,5.86,1.1407978195082729
601112,振石股份,2026-09-09,15.491095982494752,15.520963134131952,15.192424466122745,15.252158769397147,3352741.0,51610823.0,0.018347206527360136,15.56,15.59,15.26,15.32,2026-09-08,15.56,0.9955717212400226
601113,华鼎股份,2026-09-09,7.1271576958514045,7.247956978831937,7.086891268191227,7.147290909681493,10885800.0,38747726.0,0.009858966674763558,3.54,3.6,3.52,3.55,2026-09-08,3.56,2.013321383008871
601116,三江购物,2026-09-09,14.150829775423695,14.21145886614959,13.78705523106833,14.126578139133338,20602681.0,238687946.0,0.037618209883756595,11.67,11.72,11.37,11.65,2026-09-08,11.73,1.212581814517883
601117,中国化学,2026-09-09,9.596098408698788,9.635001510355673,9.544227606489605,9.622033809803378,37415860.0,276878753.0,0.006185000754288262,7.4,7.43,7.36,7.42,2026-09-08,7.41,1.2967700552295658
601118,海南橡胶,2026-09-09,7.339695759719307,7.8812279896854225,7.030248771167241,7.8812279896854225,311203848.0,2363347055.0,0.07272090166310616,7.59,8.15,7.27,8.15,2026-09-08,7.87,0.9670218392252051
601121,宝地矿业,2026-09-09,7.476899694473071,7.73609888388147,7.417084496917287,7.6663144867330555,19639472.0,149935189.0,0.02454934,7.5,7.76,7.44,7.69,2026-09-08,7.52,0.9969199592630761
601126,四方股份,2026-09-09,135.6992374473283,148.16072682677355,135.02745904412373,144.9026015712313,53280672.0,2290748016.0,0.06457594813821697,40.4,44.11,40.2,43.14,2026-09-08,40.1,3.358892016022978
601127,XD赛力斯,2026-09-09,51.67967148260574,51.67967148260574,50.77559260801174,50.90174314865277,14867980.0,722138331.0,0.009547872857446231,49.16,49.16,48.3,48.42,2026-09-08,49.28,1.051254505341858
601128,常熟银行,2026-09-09,10.200942818832917,10.248536642248935,10.137484387611561,10.169213603222241,37138860.0,238401435.0,0.010180108354347076,6.43,6.46,6.39,6.41,2026-09-08,6.44,1.5864607805338908
601133,柏诚股份,2026-09-09,26.382279521494333,27.255142367532194,25.727632386965936,25.989491240777298,8938660.0,216541721.0,0.017045930512690457,24.18,24.98,23.58,23.82,2026-09-08,23.98,1.0910785575473256
601136,首创证券,2026-09-09,13.831349976522848,13.831349976522848,13.580846872161501,13.661365727134791,17907899.0,273708427.0,0.006551669247275982,15.46,15.46,15.18,15.27,2026-09-08,15.49,0.8946539441476615
601137,博威合金,2026-09-09,45.28412124860257,46.09236535616315,44.74529184356218,45.10451144692244,13436100.0,271380907.0,0.014634251029682244,20.17,20.53,19.93,20.09,2026-09-08,20.15,2.2451225210016146
601138,工业富联,2026-09-09,70.2721434671553,71.54981880292175,69.80654991259632,70.64028720796935,76150565.0,4971511293.0,0.0038374425955174114,64.9,66.08,64.47,65.24,2026-09-08,64.75,1.082775708276661
601139,深圳燃气,2026-09-09,16.41316956557413,16.588845692422783,16.28768661782509,16.538652513323164,17057600.0,112105516.0,0.005929480448064339,6.54,6.61,6.49,6.59,2026-09-08,6.52,2.5096589549807535
601155,新城控股,2026-09-09,18.158067481496502,18.24693241207479,17.550823789211545,17.639688719789834,17249062.0,207434696.0,0.0076471392166102435,12.26,12.32,11.85,11.91,2026-09-08,12.25,1.481082176304772
601156,东航物流,2026-09-09,20.334163684057447,20.754202022870075,20.24800197353178,20.571108388003033,5466807.0,104354415.0,0.005787457886367612,18.88,19.27,18.8,19.1,2026-09-08,18.88,1.0770213815708394
601158,重庆水务,2026-09-09,7.4552807901653075,7.473332317502269,7.419177735491384,7.4552807901653075,5385873.0,22229140.0,0.0011220498343710496,4.13,4.14,4.11,4.13,2026-09-08,4.13,1.8051527336962003
601162,天风证券,2026-09-09,4.172168061484479,4.1832938429817705,4.11653915399802,4.127664935495312,113968713.0,424187802.0,0.013255304067935323,3.75,3.76,3.7,3.71,2026-09-08,3.76,1.1125781497291944
601163,三角轮胎,2026-09-09,15.57565562964244,15.712721399183293,15.525813531627586,15.675339825672152,2654967.0,33322079.0,0.00331870875,12.5,12.61,12.46,12.58,2026-09-08,12.53,1.2460524503713952
601166,兴业银行,2026-09-09,108.12358992213018,108.3616165372587,107.64753669187313,107.76654999943739,57003235.0,1034245726.0,0.002693550697389634,18.17,18.21,18.09,18.11,2026-09-08,18.17,5.950665378212998
601168,西部矿业,2026-09-09,54.090670896034936,55.79222063176668,53.811510392516446,54.702165332313534,54520295.0,2235797872.0,0.022878848090642046,40.69,41.97,40.48,41.15,2026-09-08,40.69,1.3293357310404261
601169,北京银行,2026-09-09,25.75522786396263,26.082426766045643,25.70848516366506,25.84871326455778,124250232.0,688448253.0,0.005876664826570705,5.51,5.58,5.5,5.53,2026-09-08,5.54,4.674270029757284
601177,杭齿前进,2026-09-09,14.19768629954203,14.268776288166347,14.075817747614629,14.167219161560178,3981510.0,55543522.0,0.009894002855250716,13.98,14.05,13.86,13.95,2026-09-08,13.98,1.0155712660616616
601179,中国西电,2026-09-09,14.75152355067394,14.96531374706052,14.680260151878414,14.91780481453017,67904070.0,850160425.0,0.01324729389731417,12.42,12.6,12.36,12.56,2026-09-08,12.42,1.1877233132587715
601186,中国铁建,2026-09-09,8.775529497266712,8.84746006691644,8.732371155476876,8.833073952986494,47091589.0,288241721.0,0.0040937654508025586,6.1,6.15,6.07,6.14,2026-09-08,6.1,1.438611392994543
601187,厦门银行,2026-09-09,9.012812176218238,9.087298227261366,8.975569150696677,9.02522651805876,12462225.0,90615132.0,0.004732406475563195,7.26,7.32,7.23,7.27,2026-09-08,7.28,1.241434184052099
601188,龙江交通,2026-09-09,3.816602685599721,3.829367243076643,3.7655444556920323,3.816602685599721,12363400.0,36800628.0,0.009470459531807748,2.99,3.0,2.95,2.99,2026-09-08,2.98,1.2764557476922143
601198,东兴证券,2026-09-09,14.778498780412725,14.811758717652964,14.357206242036368,14.578939156971295,39529700.0,519489147.0,0.012229038279352036,13.33,13.36,12.95,13.15,2026-09-08,13.34,1.108664574674623
601199,江南水务,2026-09-09,28.362668851211936,28.653568018916676,28.120252878124653,28.411152045829393,6458250.0,37853866.0,0.006905666089483113,5.85,5.91,5.8,5.86,2026-09-08,5.85,4.84831946174563
601200,上海环境,2026-09-09,11.656809358692266,11.689925294370369,11.590577487336061,11.640251390853216,4668338.0,32849584.0,0.003467711408603609,7.04,7.06,7.0,7.03,2026-09-08,7.04,1.6557967839051515
601208,东材科技,2026-09-09,146.69170459606408,147.94731208843126,143.04738041090093,144.4561107681909,34585922.0,1644249977.0,0.03423728567153207,47.9,48.31,46.71,47.17,2026-09-08,47.41,3.062457298456453
601211,国泰海通,2026-09-09,22.84089215030605,22.906077344798934,22.63229952792883,22.84089215030605,37265560.0,652264273.0,0.002770854067038084,17.52,17.57,17.36,17.52,2026-09-08,17.5,1.3037038898576514
601212,白银有色,2026-09-09,6.115066180886062,6.246290777042415,5.896358520625474,6.202549244990298,431801744.0,3000128698.0,0.05831396261406022,6.99,7.14,6.74,7.09,2026-09-08,7.11,0.8748306410423551
601216,君正集团,2026-09-09,82.42274954568897,83.27598711862571,82.08145451651427,82.76404457486366,45315100.0,219267229.0,0.005370349207113924,4.83,4.88,4.81,4.85,2026-09-08,4.83,17.064751458734776
601218,吉鑫科技,2026-09-09,11.365001591506884,11.389924840611068,11.240385345985976,11.365001591506884,13830200.0,62862975.0,0.014272158628916438,4.56,4.57,4.51,4.56,2026-09-08,4.55,2.4923249104181764
601222,林洋能源,2026-09-09,31.609270360559545,32.085792024286576,31.55632350903432,32.03284517276135,21722923.0,130701261.0,0.01064212644390525,5.97,6.06,5.96,6.05,2026-09-08,6.0,5.294685152522537
601225,陕西煤业,2026-09-09,38.941763074482914,40.336872966559405,38.72946374307997,40.24588753881528,42867974.0,1124440403.0,0.004421657968024755,25.68,26.6,25.54,26.54,2026-09-08,25.71,1.516423795735316
601226,华电科工,2026-09-09,10.278883544474164,10.481346402168352,10.154291016662356,10.481346402168352,11212700.0,74715013.0,0.00964762635626859,6.6,6.73,6.52,6.73,2026-09-08,6.6,1.5574065976476006
601228,广州港,2026-09-09,3.3810867091743213,3.434925669511492,3.3595511250394527,3.4026222933091894,23990660.0,75843924.0,0.0031798741212494433,3.14,3.19,3.12,3.16,2026-09-08,3.14,1.0767792067434143
601229,上海银行,2026-09-09,36.45617298950096,36.95243503019574,36.379824983240226,36.60886900202243,34120916.0,327955951.0,0.0024013528734459664,9.55,9.68,9.53,9.59,2026-09-08,9.55,3.81740031303675
601231,环旭电子,2026-09-09,62.42620138451157,63.335201562090056,61.590903924034045,62.35249866741061,19477567.0,496131852.0,0.008153240449029788,25.41,25.78,25.07,25.38,2026-09-08,25.1,2.4567572366986057
601233,桐昆股份,2026-09-09,58.80921054933792,58.832659197882315,57.21470244831919,58.55127541534959,38076386.0,942039740.0,0.016034375472670497,25.08,25.09,24.4,24.97,2026-09-08,25.07,2.344864854439311
601236,红塔证券,2026-09-09,8.562485962758037,8.57468323620926,8.489302322050705,8.525894142404372,10659040.0,74561839.0,0.0022711504833805947,7.02,7.03,6.96,6.99,2026-09-08,7.03,1.2197273451222277
601238,广汽集团,2026-09-09,8.971485816048487,8.988738673387042,8.885221529355713,8.936980101371375,18344791.0,94977092.0,0.002484499231445028,5.2,5.21,5.15,5.18,2026-09-08,5.2,1.7252857338554781
601279,英利汽车,2026-09-09,3.365606420368734,3.4040704937443764,3.3175263286491807,3.3271423469930914,10914000.0,38102464.0,0.0068823915101002735,3.5,3.54,3.45,3.46,2026-09-08,3.49,0.9616018343910668
601288,农业银行,2026-09-09,15.450444290592293,15.680019985846263,15.404529151541496,15.634104846795468,216489768.0,1467748313.0,0.0006781321655703366,6.73,6.83,6.71,6.81,2026-09-08,6.76,2.2957569525397163
601298,青岛港,2026-09-09,12.247200489008959,12.54943826931712,12.168355850667698,12.431171311805231,10596100.0,100085866.0,0.001965124743257466,9.32,9.55,9.26,9.46,2026-09-08,9.28,1.3140773056876565
601311,骆驼股份,2026-09-09,25.26036389377677,25.26036389377677,24.9639580592996,25.029826022516747,9438258.0,71938408.0,0.008045253575139051,7.67,7.67,7.58,7.6,2026-09-08,7.69,3.2933981608574667
601318,中国平安,2026-09-09,167.85325371780704,170.47501908108336,167.4614956750186,169.54082682520328,52422242.0,2944585975.0,0.004917628700372541,55.7,56.57,55.57,56.26,2026-09-08,55.7,3.013523406064758
601319,中国人保,2026-09-09,8.754463982493185,8.94575689727774,8.743211458094093,8.889494275282283,70473100.0,554836757.0,0.0019852832061435064,7.78,7.95,7.77,7.9,2026-09-08,7.82,1.1252524399091497
601326,秦港股份,2026-09-09,4.327347154450459,4.399872525754098,4.30317203068258,4.387784963870158,18992827.0,68711967.0,0.003992136934087417,3.58,3.64,3.56,3.63,2026-09-08,3.58,1.208756188393983
601328,交通银行,2026-09-09,19.59616220304928,19.703833423945152,19.461573176929434,19.623080008273245,100751759.0,733917962.0,0.0038643011803081648,7.28,7.32,7.23,7.29,2026-09-08,7.28,2.6917805223968787
601330,绿色动力,2026-09-09,8.283518673884803,8.528351738137555,8.232511785498813,8.456942094397169,23730699.0,195913367.0,0.023992326903576763,8.12,8.36,8.07,8.29,2026-09-08,8.18,1.0201377677198034
601333,广深铁路,2026-09-09,4.192790016591943,4.206142851039687,4.152731513248708,4.179437182144198,50373810.0,157757722.0,0.008912189987787136,3.14,3.15,3.11,3.13,2026-09-08,3.14,1.3352834447745041
601336,新华保险,2026-09-09,78.5908921734072,79.01088358114751,78.10527710820745,78.65651583086662,16833379.0,1007182980.0,0.008071862210099095,59.88,60.2,59.51,59.93,2026-09-08,60.06,1.312473149188497
601339,百隆东方,2026-09-09,25.04841558314094,25.555468530168085,25.014612053339132,25.487861470564468,7002700.0,52474813.0,0.004669808458297018,7.41,7.56,7.4,7.54,2026-09-08,7.44,3.3803529801809638
601360,三六零,2026-09-09,17.58040104728587,17.619863226965524,17.30416578952829,17.402821238727427,84297684.0,744888724.0,0.012043286941437976,8.91,8.93,8.77,8.82,2026-09-08,8.97,1.9731089839827014
601366,利群股份,2026-09-09,4.221426402301129,4.275547253612682,4.1673055509895764,4.24307474282575,15114900.0,59114838.0,0.015748934577527053,3.9,3.95,3.85,3.92,2026-09-08,3.93,1.0824170262310588
601368,绿城水务,2026-09-09,5.1852782920436296,5.2188762075428325,5.1292817662116255,5.174078986877229,3615002.0,16685042.0,0.00409412483139619,4.63,4.66,4.58,4.62,2026-09-08,4.63,1.1199305166400928
601369,XD陕鼓动,2026-09-09,22.637344401812037,22.795463221847974,22.50557871844875,22.558284991794068,5553453.0,47616594.0,0.003254844828444612,8.59,8.65,8.54,8.56,2026-09-08,8.62,2.635313667265662
601375,中原证券,2026-09-09,4.225807053109162,4.256879163793789,4.205092312652744,4.236164423337371,26707432.0,109246124.0,0.007746854064387219,4.08,4.11,4.06,4.09,2026-09-08,4.08,1.035737022820873
601377,兴业证券,2026-09-09,16.38422313694615,16.4953026158407,16.32868339749887,16.467532746117058,43571843.0,258076955.0,0.0050453806283703405,5.9,5.94,5.88,5.93,2026-09-08,5.91,2.776986972363754
601388,怡球资源,2026-09-09,18.61139124686488,18.772296646693682,18.396850713759807,18.718661513417413,34609421.0,120211268.0,0.015722817287281587,3.47,3.5,3.43,3.49,2026-09-08,3.47,5.363513327626766
601390,中国中铁,2026-09-09,6.163222000515499,6.218997765226047,6.1213901769825885,6.191109882870774,84389206.0,373908893.0,0.0041522110219840746,4.42,4.46,4.39,4.44,2026-09-08,4.42,1.3943941177636876
601398,工商银行,2026-09-09,20.169366583521644,20.44985082172485,20.092870882193495,20.398853687506087,215443212.0,1717501611.0,0.0007990855086686241,7.91,8.02,7.88,8.0,2026-09-08,7.94,2.549856710938261
601399,国机重装,2026-09-09,3.18218241725414,3.241477741799248,3.1722998631632886,3.231595187708397,60382495.0,196474587.0,0.008370697603342477,3.22,3.28,3.21,3.27,2026-09-08,3.23,0.9882554090851366
601456,国联民生,2026-09-09,9.068801294708914,9.079060119702929,9.01750716973884,9.058542469714899,10937110.0,96465226.0,0.002498779057586341,8.84,8.85,8.79,8.83,2026-09-08,8.84,1.0258824994014608
601500,通用股份,2026-09-09,5.3329865083335495,5.372884163009362,5.319687290108279,5.346285726558819,10910100.0,43843149.0,0.006892037229534198,4.01,4.04,4.0,4.02,2026-09-08,4.02,1.3299218225270697
601512,中新集团,2026-09-09,9.977023958181851,10.217021098069386,9.954167087716373,9.999880828647331,3766208.0,33240903.0,0.0025126647052151926,8.73,8.94,8.71,8.75,2026-09-08,8.78,1.1428435232739806
601515,衢州东峰,2026-09-09,13.488847132812957,13.488847132812957,13.288120240955623,13.408556376070022,10132920.0,33798379.0,0.0052653023777882255,3.36,3.36,3.31,3.34,2026-09-08,3.36,4.0145378371467135
601518,吉林高速,2026-09-09,4.930959008448132,4.965321092130697,4.896596924765566,4.948140050289414,11378943.0,32724703.0,0.006018843154788841,2.87,2.89,2.85,2.88,2026-09-08,2.88,1.7181041841282687
601519,大智慧,2026-09-09,23.854114388994486,24.290802981928024,23.744942240761098,23.88140742605283,25184189.0,220687898.0,0.012660715578435119,8.74,8.9,8.7,8.75,2026-09-08,8.86,2.7293037058346092
601528,瑞丰银行,2026-09-09,7.739577818139024,7.874049247411709,7.739577818139024,7.784401627896586,21614714.0,112820360.0,0.01164729663724232,5.18,5.27,5.18,5.21,2026-09-08,5.2,1.4941269919187306
601555,东吴证券,2026-09-09,11.177627122377714,11.230664498996353,11.071552369140441,11.164367778223056,21868538.0,184150042.0,0.004401256971367555,8.43,8.47,8.35,8.42,2026-09-08,8.4,1.3259344154659212
601566,九牧王,2026-09-09,17.83153779007107,18.968277116364852,17.712773979861275,17.899402824476674,39596904.0,421402208.0,0.06890766460191444,10.51,11.18,10.44,10.55,2026-09-08,10.87,1.6966258601399689
601567,三星电气,2026-09-09,78.78834575908503,79.43032487267757,78.32145185829044,78.61326054628707,10466300.0,141416537.0,0.0074482137679978515,13.5,13.61,13.42,13.47,2026-09-08,13.54,5.836173759932224
601568,北元化工,2026-09-09,5.256581819368382,5.405608623525733,5.256581819368382,5.324321275803542,38316626.0,151418944.0,0.009646143604074451,3.88,3.99,3.88,3.93,2026-09-08,3.89,1.3547891287031912
601577,长沙银行,2026-09-09,13.137863608285592,13.177003221815736,13.033491305538536,13.111770532598829,16295554.0,163826869.0,0.0040529311728674,10.07,10.1,9.99,10.05,2026-09-08,10.04,1.3046537843381918
601579,会稽山,2026-09-09,24.367630620389303,26.26762056650402,23.89003751918014,26.26762056650402,33217116.0,819278150.0,0.06927977271358365,23.47,25.3,23.01,25.3,2026-09-08,23.0,1.0382458721938348
601588,北辰实业,2026-09-09,2.2122211342961218,2.224511251708878,2.163060664645097,2.187640899470609,28676981.0,51033823.0,0.01078081992481203,1.8,1.81,1.76,1.78,2026-09-08,1.81,1.2290117412756232
601595,上海电影,2026-09-09,26.538962672732755,26.75033494180762,24.88321323164633,26.42153363435783,35308712.0,775541004.0,0.07877892012494422,22.6,22.78,21.19,22.5,2026-09-08,22.69,1.1742903837492369
601598,中国外运,2026-09-09,8.190246092696835,8.31644402941019,8.139766918011492,8.278584648396183,8359447.0,54751665.0,0.0016208425123304159,6.49,6.59,6.45,6.56,2026-09-08,6.49,1.2619793671335646
601599,浙文影业,2026-09-09,10.136374100236972,10.166452361662008,9.895748008836689,10.01606105453683,24299908.0,80596940.0,0.02093840508564317,3.37,3.38,3.29,3.33,2026-09-08,3.39,3.0078261425035526
601600,中国铝业,2026-09-09,9.60613747867926,9.871337593121327,9.557026346375176,9.851693140199691,252535484.0,2506284194.0,0.019126636579610196,9.78,10.05,9.73,10.03,2026-09-08,9.74,0.982222646081724
601601,中国太保,2026-09-09,50.97149597606551,51.30573529394136,50.54610048058718,50.78918362086051,26639765.0,890819330.0,0.0038918339903611294,33.55,33.77,33.27,33.43,2026-09-08,33.56,1.5192696267083612
601606,长城军工,2026-09-09,32.32687002730197,35.596089859098086,31.7367243270064,33.216772273779426,70096629.0,2506809720.0,0.0967880146649869,34.51,38.0,33.88,35.46,2026-09-08,35.2,0.9367392068183706
601607,上海医药,2026-09-09,243.61673349631639,244.05833482591692,242.14472906431445,242.58633039391506,5625873.0,92822119.0,0.0020170148653031105,16.55,16.58,16.45,16.48,2026-09-08,16.57,14.720044320019117
601608,中信重工,2026-09-09,7.899691770263708,8.0456819672501,7.851028371268243,8.029460834251612,36011477.0,176961611.0,0.007863534620875743,4.87,4.96,4.84,4.95,2026-09-08,4.86,1.6221132998488106
601609,金田股份,2026-09-09,13.69062323501664,13.908879547458932,13.045775039164406,13.164823936860202,46560179.0,624403154.0,0.026934600420459413,13.8,14.02,13.15,13.27,2026-09-08,13.39,0.9920741474649738
601611,中国核建,2026-09-09,11.267364939924748,11.738146204824114,11.267364939924748,11.706760787164153,56093116.0,617087028.0,0.01861187844263545,10.77,11.22,10.77,11.19,2026-09-08,10.73,1.0461805886652507
601615,明阳智能,2026-09-09,11.208469790560716,11.243206783713282,11.081100815667982,11.127416806538067,29140782.0,280512089.0,0.012885617707373304,9.68,9.71,9.57,9.61,2026-09-08,9.72,1.1578997717521402
601616,广电电气,2026-09-09,8.44662142007133,8.53460705986374,8.380632190227024,8.53460705986374,10453886.0,40196187.0,0.012245739998956208,3.84,3.88,3.81,3.88,2026-09-08,3.85,2.1996409948102422
601618,中国中冶,2026-09-09,3.39138059076715,3.404324791495269,3.3654921893109124,3.39138059076715,82566049.0,216002485.0,0.00462487034612524,2.62,2.63,2.6,2.62,2026-09-08,2.62,1.2944200728118893
601619,嘉泽新能,2026-09-09,4.649838296361061,4.7057257758846305,4.627483304551632,4.672193288170488,23156215.0,96730375.0,0.00914091598925694,4.16,4.21,4.14,4.18,2026-09-08,4.18,1.1177495904714088
601628,中国人寿,2026-09-09,50.852071155618084,51.45506014165308,50.2624819248283,51.12006626052252,26302511.0,999347862.0,0.0012631148993470368,37.95,38.4,37.51,38.15,2026-09-08,38.06,1.3399755245222156
601633,长城汽车,2026-09-09,59.793521574209834,59.793521574209834,58.3215586345919,58.639820891806586,16510277.0,244308517.0,0.0026572764087545407,15.03,15.03,14.66,14.74,2026-09-08,15.03,3.978278215183622
601636,旗滨集团,2026-09-09,23.45792665630993,23.983707771020324,23.33659255291522,23.41748195517836,56370472.0,329455386.0,0.019052743978290928,5.8,5.93,5.77,5.79,2026-09-08,5.78,4.044470113156884
601658,邮储银行,2026-09-09,7.270331984288793,7.297259139786158,7.216477673294061,7.270331984288793,114454800.0,617522697.0,0.0015780817706487792,5.4,5.42,5.36,5.4,2026-09-08,5.42,1.3463577748682949
601665,齐鲁银行,2026-09-09,8.150945585734577,8.324124316309675,8.13940033702957,8.231762326669623,44032518.0,313838707.0,0.007155288394384126,7.06,7.21,7.05,7.13,2026-09-08,7.08,1.1545248705006483
601666,平煤股份,2026-09-09,29.68312079503869,31.075505992247326,29.49325008632842,30.537538984234896,39903225.0,383493019.0,0.01615930542412147,9.38,9.82,9.32,9.65,2026-09-08,9.4,3.164511811837813
601668,中国建筑,2026-09-09,10.476736889254871,10.548659568128475,10.428788436672468,10.524685341837273,181929803.0,797158139.0,0.004402906193409831,4.37,4.4,4.35,4.39,2026-09-08,4.37,2.3974226291201077
601669,中国电建,2026-09-09,6.225307224560442,6.278858254449133,6.198531709616095,6.26547049697696,100759944.0,469837245.0,0.007708353650235867,4.65,4.69,4.63,4.68,2026-09-08,4.66,1.3387757472172992
601677,明泰铝业,2026-09-09,24.072091555509516,24.956135857066457,24.072091555509516,24.8401956207967,32526364.0,553080730.0,0.026161513079596313,16.61,17.22,16.61,17.14,2026-09-08,16.61,1.449252953372036
601678,滨化股份,2026-09-09,27.053809301515198,27.22948338788867,26.482868520801404,26.79029817195498,76244722.0,464476861.0,0.03731383957478372,6.16,6.2,6.03,6.1,2026-09-08,6.18,4.391852159336882
601686,友发集团,2026-09-09,6.506068278269405,6.555638322294315,6.48128325625695,6.530853300281859,4332568.0,22828558.0,0.002928702356676988,5.25,5.29,5.23,5.27,2026-09-08,5.27,1.2392511006227438
601688,华泰证券,2026-09-09,25.747821472757533,25.92197427148066,25.680839627094795,25.881785164083016,27173344.0,523359449.0,0.0037189330214293533,19.22,19.35,19.17,19.32,2026-09-08,19.27,1.3396369132548145
601689,拓普集团,2026-09-09,108.29898936920779,110.19404621494247,106.94203508460765,107.36315882810425,14387691.0,665347950.0,0.008279086448442953,46.29,47.1,45.71,45.89,2026-09-08,46.25,2.3395763527588636
601696,中银证券,2026-09-09,11.08661948641852,11.12436116977654,10.982829857183964,11.0488778030605,24432671.0,285593948.0,0.008795057955363571,11.75,11.79,11.64,11.71,2026-09-08,11.79,0.9435420839505123
601698,中国卫通,2026-09-09,24.58105821288407,24.794100813986244,24.398450269082208,24.61149287018438,15678057.0,380253793.0,0.0037113225880063237,24.23,24.44,24.05,24.26,2026-09-08,24.24,1.0144885766770149
601699,潞安环能,2026-09-09,116.62219265543965,122.9163184377121,116.1881150152829,120.60123769020962,31167901.0,516313618.0,0.01041913657282327,16.12,16.99,16.06,16.67,2026-09-08,16.18,7.234627335945387
601700,风范股份,2026-09-09,38.99270328383091,39.10605416546996,37.40579094088431,37.51914182252335,114836551.0,770622580.0,0.10084374519487163,6.88,6.9,6.6,6.62,2026-09-08,7.01,5.667544081952168
601702,华峰铝业,2026-09-09,14.996170029898131,15.22570324464147,14.948350610159936,15.110936637269802,7392200.0,116683022.0,0.007403078082935065,15.68,15.92,15.63,15.8,2026-09-08,15.63,0.9563883947639115
601717,中创智领,2026-09-09,44.570670156457126,44.570670156457126,43.817787214625085,44.05870975601134,12221728.0,179028087.0,0.007925041882495988,14.8,14.8,14.55,14.63,2026-09-08,14.87,3.0115317673281843
601727,上海电气,2026-09-09,7.550802540046435,7.629456733171919,7.539566226742794,7.573275166653716,56901324.0,384055566.0,0.004510379627333865,6.72,6.79,6.71,6.74,2026-09-08,6.74,1.1236313303640528
601728,中国电信,2026-09-09,7.872265017785249,7.88472113331972,7.760159977975017,7.822440555647368,79528290.0,498732315.0,0.0010244566267693842,6.32,6.33,6.23,6.28,2026-09-08,6.31,1.2456115534470331
601766,中国中车,2026-09-09,8.703286580845818,8.717324139847182,8.605023667836267,8.64713634484036,88995847.0,548815885.0,0.003658195732487034,6.2,6.21,6.13,6.16,2026-09-08,6.19,1.4037559001364222
601777,千里科技,2026-09-09,9.159064286099257,9.192654986415025,9.024701484836188,9.058292185151956,14482500.0,117588319.0,0.00320331330263979,8.18,8.21,8.06,8.09,2026-09-08,8.18,1.1196900105255816
601778,晶科科技,2026-09-09,3.7600221647091066,3.780738540272242,3.7185894135828352,3.7289476013644034,68374401.0,247324498.0,0.018365185008325947,3.63,3.65,3.59,3.6,2026-09-08,3.63,1.0358187781567787
601788,光大证券,2026-09-09,18.383260132902006,18.39599092246773,18.268683026810514,18.306875395507678,11732019.0,168730989.0,0.003003051804987111,14.44,14.45,14.35,14.38,2026-09-08,14.45,1.2730789565721612
601789,宁波建工,2026-09-09,10.563461408872264,10.612479791280027,10.440915452852865,10.538952217668385,22098606.0,94855104.0,0.020333671945599416,4.31,4.33,4.26,4.3,2026-09-08,4.33,2.4509191203879968
601798,蓝科高新,2026-09-09,8.403348476726686,8.478474197463706,8.306758264350517,8.41408072254626,4704000.0,36806918.0,0.013268338108327282,7.83,7.9,7.74,7.84,2026-09-08,7.8,1.073224581957431
601799,星宇股份,2026-09-09,117.05149093633482,117.21846881213558,113.6967536134286,114.15214782015794,5309800.0,402408736.0,0.018586568183968477,77.11,77.22,74.9,75.2,2026-09-08,77.58,1.517980689097845
601800,中国交建,2026-09-09,8.741260343696299,8.770349396420746,8.668537711885183,8.755804870058522,26965785.0,161973939.0,0.0023002710016800996,6.01,6.03,5.96,6.02,2026-09-08,6.0,1.454452636222346
601801,皖新传媒,2026-09-09,15.52816528602352,15.613328898195498,15.130735095887637,15.272674449507594,13704900.0,73864301.0,0.006999684024143285,5.47,5.5,5.33,5.38,2026-09-08,5.51,2.8387870723991813
601808,中海油服,2026-09-09,14.41096718497176,14.556532510072484,14.287796525271146,14.422164517671817,13863007.0,178538236.0,0.004682707936718113,12.87,13.0,12.76,12.88,2026-09-08,12.85,1.1197332700055758
601811,新华文轩,2026-09-09,16.08549519279318,16.167564045817635,15.839288633719814,15.907679344573529,3711900.0,43261553.0,0.004687311175004947,11.76,11.82,11.58,11.63,2026-09-08,12.0,1.36781421707425
601816,京沪高铁,2026-09-09,5.109854627076895,5.120478025469987,5.056737635111439,5.099231228683804,124927186.0,598630371.0,0.0025534072824056116,4.81,4.82,4.76,4.8,2026-09-08,4.82,1.062339839309126
601818,光大银行,2026-09-09,6.52515852768217,6.546622864944282,6.482229853157945,6.503694190420057,117541510.0,356348468.0,0.002532850155285836,3.04,3.05,3.02,3.03,2026-09-08,3.04,2.14643372621124
601825,沪农商行,2026-09-09,12.17563418544542,12.256714990231961,12.067526445730033,12.108066848123304,17371400.0,156255069.0,0.0018416930630789446,9.01,9.07,8.93,8.96,2026-09-08,9.01,1.351346746442333
601827,三峰环境,2026-09-09,8.442132105804372,8.54648478943607,8.389955763988523,8.525614252709731,4463162.0,36250533.0,0.0026694617542458187,8.09,8.19,8.04,8.17,2026-09-08,8.06,1.0435268363169805
601828,美凯龙,2026-09-09,2.7830314426104943,2.79507919777331,2.7468881771220457,2.770983687447678,65994875.0,151825608.0,0.01826897190116596,2.31,2.32,2.28,2.3,2026-09-08,2.31,1.2047755162815992
601838,成都银行,2026-09-09,26.68768402530548,26.87628956612036,26.60685307924196,26.75504314702508,11534291.0,229170072.0,0.0027213558851786816,19.81,19.95,19.75,19.86,2026-09-08,19.81,1.347182434391998
601857,中国石油,2026-09-09,19.484481077032523,19.74243978502501,19.226522369040033,19.467283829833026,119202683.0,1351581654.0,0.0007361731309672515,11.33,11.48,11.18,11.32,2026-09-08,11.3,1.7197247199499137
601858,中国科传,2026-09-09,24.3809006718528,24.3809006718528,22.385118979687856,22.66560721750563,24367208.0,517158863.0,0.030825057558507275,22.6,22.6,20.75,21.01,2026-09-08,22.9,1.078800914683752
601860,紫金银行,2026-09-09,3.319625519430158,3.344585109801813,3.2946659290585023,3.3071457242443296,42776500.0,113646299.0,0.012043991608980202,2.66,2.68,2.64,2.65,2026-09-08,2.66,1.247979518582766
601865,福莱特,2026-09-09,10.665025896408874,10.707771491184058,10.483357118614334,10.515416314695722,10673400.0,105559314.0,0.005614547021056457,9.98,10.02,9.81,9.84,2026-09-08,9.99,1.0686398693796466
601866,中远海发,2026-09-09,2.8891578117887784,2.971036778114776,2.87746081659935,2.9476427877359197,110862845.0,278489228.0,0.0114168858671037,2.47,2.54,2.46,2.52,2026-09-08,2.48,1.1696995189428252
601868,中国能建,2026-09-09,2.5925010274257243,2.6341476302759363,2.582089376713171,2.61332432885083,293442201.0,735815945.0,0.009048834856975453,2.49,2.53,2.48,2.51,2026-09-08,2.49,1.0411650712553109
601869,长飞光纤,2026-09-09,529.3052456657616,564.4363426687869,526.9664550453781,544.1134831200851,19841415.0,8886271897.0,0.048829791128187826,430.0,458.54,428.1,442.03,2026-09-08,416.85,1.230942431780841
601872,招商轮船,2026-09-09,27.58539650263873,30.346827703898686,27.469734462795383,30.346827703898686,190347993.0,3892801792.0,0.02357385415313238,19.08,20.99,19.0,20.99,2026-09-08,19.08,1.4457754980418622
601877,正泰电器,2026-09-09,49.11224326428751,49.76707317447801,48.88112682539674,49.593735845309936,14029665.0,360280724.0,0.006528556324770321,25.5,25.84,25.38,25.75,2026-09-08,25.54,1.9259703240897061
601878,浙商证券,2026-09-09,10.136810549826619,10.136810549826619,10.06100106921894,10.093490846622233,13783972.0,128474607.0,0.0030394545291385524,9.36,9.36,9.29,9.32,2026-09-08,9.37,1.0829925801096816
601880,辽港股份,2026-09-09,4.097200584423206,4.152944810061617,4.041456358784795,4.125072697242412,123340895.0,181984583.0,0.006698558189324982,1.47,1.49,1.45,1.48,2026-09-08,1.47,2.7872112819205483
601881,中国银河,2026-09-09,14.189441665923985,14.189441665923985,14.073420066039079,14.11982870599304,18631789.0,226764696.0,0.002572237301469205,12.23,12.23,12.13,12.17,2026-09-08,12.25,1.1602159988490583
601882,海天精工,2026-09-09,22.70465104442034,22.77454223057291,22.355195113657494,22.69466658925569,6171048.0,139478284.0,0.01182193103448276,22.74,22.81,22.39,22.73,2026-09-08,22.76,0.9984455164652745
601886,江河集团,2026-09-09,35.21628890853259,35.851293366687955,34.95170371763453,35.45441558034085,12299250.0,164842625.0,0.010855452460518916,13.31,13.55,13.21,13.4,2026-09-08,13.41,2.6458519089806605
601888,中国中免,2026-09-09,116.39207292676092,116.39207292676092,114.46292254675936,115.19171269031551,21003254.0,1128285920.0,0.010757243062297738,54.3,54.3,53.4,53.74,2026-09-08,54.59,2.143500422223958
601890,亚星锚链,2026-09-09,25.992772803999415,28.760389666774326,25.96424067139349,28.760389666774326,134875773.0,1335611097.0,0.14058346153846155,9.11,10.08,9.1,10.08,2026-09-08,9.16,2.853213260592691
601898,中煤能源,2026-09-09,18.354419836365935,18.884823097766297,18.194065361989082,18.662793825552193,39611071.0,596654620.0,0.0043281325687005,14.88,15.31,14.75,15.13,2026-09-08,14.9,1.2334959567450225
601899,紫金矿业,2026-09-09,68.4446682821401,69.77839963927659,67.67676234924335,69.51569497802242,199093490.0,6802972940.0,0.00966389132475291,33.87,34.53,33.49,34.4,2026-09-08,33.86,2.0208050865704195
601900,南方传媒,2026-09-09,17.226236539346587,17.226236539346587,16.527512436346573,16.540949438327342,18216612.0,226106050.0,0.020654455433270054,12.82,12.82,12.3,12.31,2026-09-08,12.9,1.343700198076957
601901,方正证券,2026-09-09,7.250677440355815,7.261185668530244,7.1981362994836715,7.229660984006958,28029200.0,192750290.0,0.003404865739023128,6.9,6.91,6.85,6.88,2026-09-08,6.91,1.0508228174428718
601908,京运通,2026-09-09,13.084327195668624,13.127509793674133,12.9115968036466,12.954779401652104,24316400.0,73169361.0,0.010070558762582366,3.03,3.04,2.99,3.0,2026-09-08,3.03,4.318259800550702
601916,浙商银行,2026-09-09,4.1191578016541825,4.146989948962657,4.105241727999946,4.1191578016541825,107700093.0,319057465.0,0.0049989748250992535,2.96,2.98,2.95,2.96,2026-09-08,2.96,1.3916073654237104
601918,新集能源,2026-09-09,15.718661811130065,16.255396604680847,15.335279815736648,16.117379086339216,53573940.0,556032849.0,0.02068059276248698,10.25,10.6,10.0,10.51,2026-09-08,10.25,1.5335279815736649
601919,中远海控,2026-09-09,36.93305370049731,37.800455456133214,36.636310994621866,37.75480273215238,83947585.0,1377187122.0,0.006685568260898279,16.18,16.56,16.05,16.54,2026-09-08,16.14,2.282636199041861
601921,浙版传媒,2026-09-09,8.805192052526706,8.805192052526706,8.56567257959528,8.599889647156912,10779000.0,81671748.0,0.004850549998302307,7.72,7.72,7.51,7.54,2026-09-08,7.74,1.140568918721076
601928,凤凰传媒,2026-09-09,13.872624788183701,13.888371240837714,13.447470566525404,13.526202829795459,14518665.0,125178407.0,0.005705004125898857,8.81,8.82,8.54,8.59,2026-09-08,8.88,1.5746452654011012
601929,吉视传媒,2026-09-09,5.263166411326493,5.303190490500079,4.9629858175246016,5.063046015458565,188495500.0,477195860.0,0.05401345036596503,2.63,2.65,2.48,2.53,2026-09-08,2.66,2.001203958679275
601933,永辉超市,2026-09-09,30.258136623009932,30.528298557143952,29.177488886473864,29.80786673278657,253553447.0,837297020.0,0.028409231503743547,3.36,3.39,3.24,3.31,2026-09-08,3.36,9.005397804467242
601939,建设银行,2026-09-09,26.041379448864706,26.505967439032244,25.919119451452193,26.45706344006724,78734897.0,846217429.0,0.008206973839754106,10.65,10.84,10.6,10.82,2026-09-08,10.68,2.445199948250207
601949,中国出版,2026-09-09,7.810709591268706,7.866104694752881,7.0462571631870885,7.400785825485809,153002479.0,1010387006.0,0.08035979315858835,7.05,7.1,6.36,6.68,2026-09-08,7.05,1.1079020696835045
601952,苏垦农发,2026-09-09,14.933421579930735,15.553843925763607,14.702566753574319,14.832422593399803,76384625.0,792972662.0,0.05543151306240929,10.35,10.78,10.19,10.28,2026-09-08,10.59,1.4428426647276074
601956,东贝集团,2026-09-09,5.492052389826733,5.492052389826733,5.405392786042484,5.437890137461577,4075000.0,20432187.0,0.006555487845007483,5.07,5.07,4.99,5.02,2026-09-08,5.08,1.083245047303103
601958,金钼股份,2026-09-09,31.999025112083448,32.41770394532566,31.640157540732982,32.088742004921066,25423875.0,544457992.0,0.007879452157196588,21.4,21.68,21.16,21.46,2026-09-08,21.5,1.4952815472936192
601963,重庆银行,2026-09-09,13.699273825477611,13.884232517990812,13.674612666475852,13.79791846148465,7488700.0,83715683.0,0.003681639319445017,11.11,11.26,11.09,11.19,2026-09-08,11.11,1.233057950087994
601965,中国汽研,2026-09-09,25.283450662888963,25.43012767906236,24.916758122455477,25.063435138628872,4465500.0,61062281.0,0.0044726305941953,13.79,13.87,13.59,13.67,2026-09-08,13.82,1.8334627021674377
601966,玲珑轮胎,2026-09-09,12.456179746679318,12.582231243655835,12.38742438469213,12.490557427672915,5099620.0,55593197.0,0.0034845306805631597,10.87,10.98,10.81,10.9,2026-09-08,10.89,1.145922699786506
601968,宝钢包装,2026-09-09,4.824017559326569,4.844501710321587,4.793291332834042,4.834259634824077,4587600.0,21591312.0,0.003595919313515206,4.71,4.73,4.68,4.72,2026-09-08,4.72,1.0242075497508638
601969,海南矿业,2026-09-09,9.480916216943655,9.716223341252494,9.422089435866445,9.68680995071389,17349306.0,170007412.0,0.008795696668477007,9.67,9.91,9.61,9.88,2026-09-08,9.68,0.9804463512868309
601975,招商南油,2026-09-09,3.904615242264832,4.072555682792351,3.8458360880802,4.038967594686847,263997201.0,1254712934.0,0.05640550411616501,4.65,4.85,4.58,4.81,2026-09-08,4.66,0.8397022026375982
601985,中国核电,2026-09-09,10.585270287570399,10.715514105426413,10.537908899259124,10.691833411270773,68590060.0,616594672.0,0.003632316118890227,8.94,9.05,8.9,9.03,2026-09-08,8.93,1.184034707781924
601988,中国银行,2026-09-09,16.01086645383385,16.161438865625392,15.935580247938079,16.136343463660133,146488016.0,938934698.0,0.0006950283878604827,6.38,6.44,6.35,6.43,2026-09-08,6.39,2.509540196525682
601990,南京证券,2026-09-09,8.532904352953134,8.558038091842539,8.47007000572962,8.495203744619024,11108003.0,75212045.0,0.0026249351092018083,6.79,6.81,6.74,6.76,2026-09-08,6.79,1.25668694447027
601991,大唐发电,2026-09-09,15.277093322290177,16.039586393634426,15.140933845264415,15.876195021203516,343882542.0,1973936841.0,0.0277412124952823,5.61,5.89,5.56,5.83,2026-09-08,5.63,2.723189540515183
601992,金隅集团,2026-09-09,3.702795390173472,3.702795390173472,3.6510080420591575,3.6769017161163147,40905800.0,58109202.0,0.004908210128033633,1.43,1.43,1.41,1.42,2026-09-08,1.43,2.5893674057157146
601995,中金公司,2026-09-09,32.74078416437934,32.942763091981924,32.44791471935559,32.76098205713959,20136469.0,651635192.0,0.006887695120991642,32.42,32.62,32.13,32.44,2026-09-08,32.58,1.0098946380129346
601996,丰林集团,2026-09-09,12.223670129279597,12.815820239348502,11.843002201378155,12.223670129279597,52909460.0,154026693.0,0.047202051507918154,2.89,3.03,2.8,2.89,2026-09-08,2.94,4.229643643349341
601997,贵阳银行,2026-09-09,11.115120585132694,11.27362497850357,11.055681437618615,11.174559732646772,42389246.0,238982733.0,0.011593804580296485,5.61,5.69,5.58,5.64,2026-09-08,5.61,1.9813049171359525
601998,中信银行,2026-09-09,17.843354710104677,18.045202614065136,17.762615548520493,17.964463452480953,32510300.0,288491046.0,0.0007975443556325375,8.84,8.94,8.8,8.9,2026-09-08,8.91,2.0184790396046015
601999,出版传媒,2026-09-09,7.985073684094465,7.995525351220245,7.546103664811786,7.546103664811786,48177005.0,350738962.0,0.08744911871111807,7.64,7.65,7.22,7.22,2026-09-08,8.02,1.0451667125778097
603000,人民网,2026-09-09,72.61651774164547,72.69993706127975,70.65616373023977,70.90642168914262,24104386.0,411160100.0,0.021800290297364945,17.41,17.43,16.94,17.0,2026-09-08,17.53,4.1709659817142715
603001,奥康国际,2026-09-09,13.0157642547435,13.0157642547435,12.349712352581786,12.696614384957678,14615500.0,133146128.0,0.03644944885031672,9.38,9.38,8.9,9.15,2026-09-08,9.23,1.3876081295035714
603002,宏昌电子,2026-09-09,30.45480449590046,31.513940466776805,30.19466583638697,30.491967161545244,52234900.0,864213816.0,0.046059333269668726,16.39,16.96,16.25,16.41,2026-09-08,16.42,1.8581332822391983
603004,鼎龙科技,2026-09-09,19.83964266520355,19.83964266520355,19.350417478810808,19.371235571848796,1767277.0,33154593.0,0.030014894701086956,19.06,19.06,18.59,18.61,2026-09-08,19.08,1.0409046518994518
603005,晶方科技,2026-09-09,81.01061780738286,85.626371193201,81.01061780738286,83.60870653952001,57039478.0,1723257616.0,0.08746082891243982,29.31,30.98,29.31,30.25,2026-09-08,28.97,2.7639241831246286
603006,联明股份,2026-09-09,29.383415369810102,29.591623804671467,28.966998500087378,29.149180880591068,2496700.0,27963486.0,0.009819698195802036,11.29,11.37,11.13,11.2,2026-09-08,11.34,2.60260543576706
603007,顺景科技,2026-09-09,23.519226819915374,23.6575752129737,23.104181640740396,23.242530033798722,17517243.0,88597989.0,0.025201437900985776,5.1,5.13,5.01,5.04,2026-09-08,5.13,4.611613101944191
603009,北特科技,2026-09-09,128.32065391499316,129.40252658834598,125.1541973100581,126.65826419740225,5770435.0,278088032.0,0.016658789462386473,48.63,49.04,47.43,48.0,2026-09-08,48.66,2.6387138374458803
603010,XD万盛股,2026-09-09,49.34316397415395,50.34218930109545,48.821933368793175,50.255317533535326,5929765.0,67996774.0,0.010388911198485258,11.36,11.59,11.24,11.57,2026-09-08,11.35,4.34358837800651
603011,合锻智能,2026-09-09,47.96898016242451,48.50856374130442,46.92578524325667,47.57328553791257,41309510.0,1093719669.0,0.0835523943246018,26.67,26.97,26.09,26.45,2026-09-08,26.25,1.798611929599719
603012,创力集团,2026-09-09,20.552134776199303,20.79999971822382,20.056404892150276,20.283614422339415,21697300.0,214293147.0,0.033561175560711524,9.95,10.07,9.71,9.82,2026-09-08,9.96,2.0655411835376185
603013,亚普股份,2026-09-09,20.529403989250095,20.529403989250095,20.11354840540303,20.196719522172444,3743309.0,54739606.0,0.007365535026904238,14.81,14.81,14.51,14.57,2026-09-08,14.83,1.3861852794902156
603014,威高血净,2026-09-09,33.67947754079302,33.67947754079302,33.21347219117199,33.31938249790404,809530.0,25565079.0,0.00797685314350565,31.8,31.8,31.36,31.46,2026-09-08,31.81,1.0591030673205353
603015,弘讯科技,2026-09-09,23.56178551336782,23.79869560536695,23.23872629700537,23.497173670095332,3124200.0,34045287.0,0.007728978598235115,10.94,11.05,10.79,10.91,2026-09-08,10.99,2.153728109082982
603016,新宏泰,2026-09-09,35.478298767702775,35.7103275045828,34.08612634642263,34.62752673247602,5374783.0,168173997.0,0.03627688309935205,32.11,32.32,30.85,31.34,2026-09-08,32.47,1.1048987470477352
603017,中衡设计,2026-09-09,50.686520391900345,51.08641404390745,50.33661344639413,50.78649380490212,3578654.0,36262573.0,0.012957204111442105,10.14,10.22,10.07,10.16,2026-09-08,10.12,4.998670650088791
603018,华设集团,2026-09-09,42.73826247707068,42.73826247707068,42.266016482848904,42.502139479959794,6234365.0,33623260.0,0.007610794481274316,5.43,5.43,5.37,5.4,2026-09-08,5.42,7.870766570362925
603019,中科曙光,2026-09-09,344.327155304461,344.82497769767224,340.5105169565079,341.96249893670745,14049648.0,1159568163.0,0.009602957031376,83.0,83.12,82.08,82.43,2026-09-08,82.54,4.148519943427241
603020,爱普股份,2026-09-09,22.774003052609455,23.58129047425046,22.306626124290975,22.646536617613503,12026700.0,129407354.0,0.032016748134600544,10.72,11.1,10.5,10.66,2026-09-08,10.71,2.124440583265807
603022,新通联,2026-09-09,22.97226702240001,23.220347659790942,22.873034767443645,22.97226702240001,2610171.0,24251578.0,0.013050855,9.26,9.36,9.22,9.26,2026-09-08,9.34,2.4808063739092887
603023,威帝股份,2026-09-09,28.42449746156317,28.558259802558762,27.75568575658522,27.822566927083013,8365911.0,35106148.0,0.014989518146313613,4.25,4.27,4.15,4.16,2026-09-08,4.25,6.68811704977957
603025,大豪科技,2026-09-09,39.97587895485607,40.0353226410343,39.38144209307382,39.44088577925205,4956391.0,66128822.0,0.004468539242552715,13.45,13.47,13.25,13.27,2026-09-08,13.45,2.972184308911232
603026,石大胜华,2026-09-09,68.05778108239578,70.88446208581797,68.05778108239578,70.03645778479131,8615888.0,553488564.0,0.037025571362572576,62.6,65.2,62.6,64.42,2026-09-08,62.6,1.0871850013162265
603027,千禾味业,2026-09-09,60.287249359857036,60.36554448889581,59.4260029404305,59.7391834565856,13965591.0,106764236.0,0.0104946162034111,7.7,7.71,7.59,7.63,2026-09-08,7.72,7.829512903877537
603028,赛福天,2026-09-09,9.661713043276444,9.70185866533992,9.514512429043702,9.568039925128335,2998873.0,21506783.0,0.010505405310726546,7.22,7.25,7.11,7.15,2026-09-08,7.19,1.338187402115851
603029,天鹅股份,2026-09-09,22.783161948011184,22.952698928734794,22.431046680354456,22.600583661078065,5369909.0,93284150.0,0.044254330734617854,17.47,17.6,17.2,17.33,2026-09-08,17.61,1.3041306209508405
603030,全筑股份,2026-09-09,7.726231681385394,7.794909296331041,7.52019883654845,7.554537644021274,51727700.0,114397214.0,0.03927889997059228,2.25,2.27,2.19,2.2,2026-09-08,2.26,3.433880747282397
603031,安孚科技,2026-09-09,134.45881804895623,135.36650583956578,129.8598665765347,131.25165452213596,11208815.0,490396295.0,0.03422646512131896,44.44,44.74,42.92,43.38,2026-09-08,43.9,3.0256259686983853
603032,德新科技,2026-09-09,33.332501972456086,33.471387397341324,32.93320637591104,33.31514129434544,4668082.0,89291391.0,0.020044872587615337,19.2,19.28,18.97,19.19,2026-09-08,19.24,1.7360678110654213
603033,三维股份,2026-09-09,48.68728998436744,49.4942616415669,48.552794708167525,49.158023451067116,6068106.0,44209726.0,0.005993007514955952,7.24,7.36,7.22,7.31,2026-09-08,7.27,6.724763809995502
603035,常熟汽饰,2026-09-09,13.710842246303892,13.773967671010633,13.622466651714456,13.67296699147985,2461400.0,26628894.0,0.006718765166628324,10.86,10.91,10.79,10.83,2026-09-08,10.87,1.2625084941347968
603036,如通股份,2026-09-09,15.68261000295678,15.99258838515285,15.510399790625629,15.762974768711317,6118300.0,83730973.0,0.029699616795188392,13.66,13.93,13.51,13.73,2026-09-08,13.66,1.1480680822076705
603037,凯众股份,2026-09-09,42.728953435464845,43.18616986327624,42.27173700765345,42.39643239705656,2824512.0,28954821.0,0.01061247861295941,10.28,10.39,10.17,10.2,2026-09-08,10.27,4.156512980103584
603038,华立股份,2026-09-09,58.37968406533075,60.04362897198361,57.884040901646934,59.54798580829978,4738600.0,79493655.0,0.017636783686362918,16.49,16.96,16.35,16.82,2026-09-08,16.49,3.540308312027335
603039,泛微网络,2026-09-09,159.8495685223921,159.97530232039085,154.4430152084465,155.86799825243213,11217953.0,418290203.0,0.0364646474476951,38.14,38.17,36.85,37.19,2026-09-08,38.0,4.191126599957842
603040,新坐标,2026-09-09,126.2100866475881,126.8220143404249,123.66038792743481,124.4252975434808,921395.0,45169303.0,0.004668831839469631,49.5,49.74,48.5,48.8,2026-09-08,49.33,2.549698720153295
603041,美思德,2026-09-09,17.04819297991556,17.21140457502354,16.974005891230114,17.181729739549365,1950030.0,22488822.0,0.010647308621284728,11.49,11.6,11.44,11.58,2026-09-08,11.47,1.483741773708926
603042,华脉科技,2026-09-09,18.42458679382117,18.42458679382117,18.42458679382117,18.42458679382117,4568980.0,85302857.0,0.021885568850432878,18.67,18.67,18.67,18.67,2026-09-08,16.97,0.9868552112384128
603043,广州酒家,2026-09-09,22.295562359687107,22.32723219258439,21.97886403071428,22.153048111649337,3552340.0,49641083.0,0.0063158059054849395,14.08,14.1,13.88,13.99,2026-09-08,14.07,1.5834916448641412
603045,福达合金,2026-09-09,68.70014950223957,71.73997912623247,68.13363579958636,69.19757616798387,7251240.0,366260821.0,0.053536355730110834,49.72,51.92,49.31,50.08,2026-09-08,49.53,1.3817407381785916
603048,浙江黎明,2026-09-09,23.738237307917526,24.316723638208806,23.5961529460916,23.92091720169372,1136600.0,26746625.0,0.007738289760348584,23.39,23.96,23.25,23.57,2026-09-08,23.53,1.014888298756628
603049,中策橡胶,2026-09-09,46.49017907294252,47.0544038869686,46.422082974697986,46.820931550130226,1810200.0,87103999.0,0.00358469456376495,47.79,48.37,47.72,48.13,2026-09-08,47.91,0.9728014034932521
603050,科林电气,2026-09-09,58.58906926453012,58.87911416187927,57.91229783738208,58.46016042126383,1641740.0,29704594.0,0.004070572460954021,18.18,18.27,17.97,18.14,2026-09-08,18.18,3.222721081657322
603051,鹿山新材,2026-09-09,28.17580928515864,29.953379174146992,28.003358475032908,29.674804788559268,7172201.0,157494553.0,0.044373399088264806,21.24,22.58,21.11,22.37,2026-09-08,21.24,1.326544693274889
603052,可川科技,2026-09-09,166.5978489420604,173.62462079026486,161.9037349614976,162.7964805651629,5705028.0,333469580.0,0.030362482837830513,57.85,60.29,56.22,56.53,2026-09-08,56.72,2.879824527952643
603053,成都燃气,2026-09-09,10.311171688672768,10.380065931581495,10.253759819582163,10.32265406249089,2897900.0,26055078.0,0.003260133424833219,8.98,9.04,8.93,8.99,2026-09-08,8.97,1.1482373818121123
603055,台华新材,2026-09-09,14.192710218426507,14.313499241562052,14.071921195290964,14.268203357886222,4904400.0,46112379.0,0.00551998979146297,9.4,9.48,9.32,9.45,2026-09-08,9.42,1.5098627891943093
603057,紫燕食品,2026-09-09,23.245783894146733,23.348540306252488,22.766253970986536,22.983184174320908,1678900.0,33860943.0,0.004075,20.36,20.45,19.94,20.13,2026-09-08,20.4,1.1417379122861853
603058,永吉股份,2026-09-09,9.5688322882461,9.618669956414049,9.349546548307128,9.429286817375845,10861700.0,102948077.0,0.026194006154859527,9.6,9.65,9.38,9.46,2026-09-08,9.64,0.9967533633589687
603059,倍加洁,2026-09-09,33.70569901101776,33.70569901101776,31.091133262632923,31.165130406455134,2574400.0,66350676.0,0.025629002665041953,27.33,27.33,25.21,25.27,2026-09-08,26.1,1.2332857303702072
603060,国检集团,2026-09-09,22.381689147477058,22.500320008682767,22.06534018426183,22.42123276787896,4738577.0,26771730.0,0.005894015995528557,5.66,5.69,5.58,5.67,2026-09-08,5.65,3.9543620401902926
603061,金海通,2026-09-09,470.57461535990603,483.8246459370889,461.1040052692226,465.00107308604106,2111389.0,674975202.0,0.02426883908045977,319.99,329.0,313.55,316.2,2026-09-08,318.04,1.4705916289881122
603062,麦加芯彩,2026-09-09,40.628116993949824,41.32841601399934,40.61734316287214,40.85436744658121,214100.0,8138287.0,0.005775076807712331,37.71,38.36,37.7,37.92,2026-09-08,38.09,1.0773831077684917
603063,禾望电气,2026-09-09,31.683230510803508,32.10234726086768,30.80508112971667,31.05455538570725,14325628.0,450133994.0,0.030992206847679844,31.75,32.17,30.87,31.12,2026-09-08,31.8,0.9978970239623152
603065,宿迁联盛,2026-09-09,16.086795585482214,16.563523504280102,15.355073663606387,15.46594062146636,21820700.0,311263440.0,0.052082073788756136,14.51,14.94,13.85,13.95,2026-09-08,14.26,1.1086695785997391
603066,音飞储存,2026-09-09,29.15272299311171,32.17503552803474,29.026793304156588,30.695361682812006,21015400.0,205960322.0,0.07143719734056495,9.26,10.22,9.22,9.75,2026-09-08,9.29,3.1482422238781544
603067,振华股份,2026-09-09,97.53830669827165,103.43208923475954,96.37472731338563,97.13358343396347,39355241.0,1551709875.0,0.052089897694558525,38.56,40.89,38.1,38.4,2026-09-08,37.6,2.529520401926132
603068,博通集成,2026-09-09,31.701953333113433,31.892430064216253,30.989735990728963,31.196775915840725,6142400.0,232910992.0,0.04046714864237111,38.28,38.51,37.42,37.67,2026-09-08,38.22,0.8281597004470593
603069,海汽集团,2026-09-09,13.429014417736333,13.620857480846851,13.256355660936865,13.45779087720291,3582290.0,50346049.0,0.011336360759493671,14.0,14.2,13.82,14.03,2026-09-08,14.03,0.9592153155525952
603070,万控智造,2026-09-09,12.048791473314548,12.068990620797054,11.836700424748242,11.877098719713251,1605200.0,18936904.0,0.004002992518703242,11.93,11.95,11.72,11.76,2026-09-08,11.88,1.0099573741252765
603071,物产环能,2026-09-09,14.683950406840118,14.881753225315776,14.660679487019452,14.858482305495112,2325275.0,29559133.0,0.0041674997543975105,12.62,12.79,12.6,12.77,2026-09-08,12.66,1.16354599103329
603072,天和磁材,2026-09-09,31.003221336070556,31.17043414149987,30.649123630455538,30.747484104237486,1192900.0,37455994.0,0.009450209934247009,31.52,31.69,31.16,31.26,2026-09-08,31.58,0.9836047378194973
603073,彩蝶实业,2026-09-09,17.74152639918386,17.74152639918386,17.363612480490826,17.40446803926845,1000866.0,17152589.0,0.019666142480373665,17.37,17.37,17.0,17.04,2026-09-08,17.31,1.0213889694406368
603075,热威股份,2026-09-09,24.592207383856532,24.592207383856532,23.567532076195846,23.90909051208274,8278796.0,167681625.0,0.19525048277867882,20.88,20.88,20.01,20.3,2026-09-08,20.93,1.1777877099548149
603076,乐惠国际,2026-09-09,29.467832259976408,29.59442437947034,29.25684539415319,29.341240140482476,1249871.0,26122831.0,0.010355071108404558,20.95,21.04,20.8,20.86,2026-09-08,20.91,1.406579105488134
603077,和邦生物,2026-09-09,34.32506334772247,35.00342428344821,33.91804678628703,34.73207990915792,598181712.0,1522787387.0,0.06773114899438167,2.53,2.58,2.5,2.56,2026-09-08,2.53,13.56721871451481
603078,江化微,2026-09-09,174.13719141652305,179.40430399640556,170.85868256577987,171.28865093964785,14317867.0,463888407.0,0.037127811367433046,32.4,33.38,31.79,31.87,2026-09-08,32.26,5.374604673349477
603079,圣达生物,2026-09-09,29.14890695663383,29.14890695663383,28.47000679460855,28.645206836421526,5001100.0,65647805.0,0.026456699718135183,13.31,13.31,13.0,13.08,2026-09-08,13.37,2.190000522662196
603080,新疆火炬,2026-09-09,22.616335601760333,22.616335601760333,22.29639719568665,22.461882578138553,1014100.0,20641547.0,0.00716678445229682,20.5,20.5,20.21,20.36,2026-09-08,20.46,1.1032358830126991
603081,大丰实业,2026-09-09,11.463724871592731,11.543810773889287,11.349316439740509,11.383638969296175,1657700.0,16564121.0,0.003923558198693554,10.02,10.09,9.92,9.95,2026-09-08,10.05,1.1440843185222287
603082,北自科技,2026-09-09,47.68039079249084,48.820358555720865,46.70894000295568,47.10545052929656,4563658.0,218734412.0,0.11252482314969832,48.1,49.25,47.12,47.52,2026-09-08,48.31,0.9912763158522003
603083,剑桥科技,2026-09-09,584.5882644616169,584.7933831509017,557.1023600974567,561.4867720809187,27954924.0,6188605063.0,0.10143724024235232,228.0,228.08,217.28,218.99,2026-09-08,222.3,2.563983616059723
603085,天成自控,2026-09-09,25.43748306871399,25.43748306871399,25.029258666407646,25.156828792128376,3028500.0,29927030.0,0.007626542432636616,9.97,9.97,9.81,9.86,2026-09-08,9.94,2.551402514414643
603086,先达股份,2026-09-09,34.25537005121685,35.03864832982699,33.62874742832874,33.994277291680135,28717235.0,187609406.0,0.06604500223214274,6.56,6.71,6.44,6.51,2026-09-08,6.57,5.221855190734276
603087,甘李药业,2026-09-09,98.55912749537735,99.10191689317797,97.55925228890251,98.43057211168772,3651181.0,251559544.0,0.006503514653014696,69.0,69.38,68.3,68.91,2026-09-08,69.39,1.4283931521069182
603088,宁波精达,2026-09-09,63.47235333507393,64.27815469577311,62.976475574643665,63.906246375450415,6956501.0,71345585.0,0.015887070974922708,10.24,10.37,10.16,10.31,2026-09-08,10.24,6.1984720053783136
603089,XD正裕工,2026-09-09,22.208203829707692,22.321165192015464,21.937096560169046,21.982281105092152,3192700.0,31164374.0,0.013301072916275922,9.83,9.88,9.71,9.73,2026-09-08,9.88,2.2592272461554113
603090,宏盛股份,2026-09-09,38.960717770302566,39.63796829648841,38.302279758732986,38.54684244874454,7844200.0,323462001.0,0.078442,41.42,42.14,40.72,40.98,2026-09-08,41.84,0.9406257308136785
603091,众鑫股份,2026-09-09,48.08156669947787,48.54911914406497,47.38500897590932,47.62355614151498,407602.0,20463331.0,0.009259837512458182,50.39,50.88,49.66,49.91,2026-09-08,50.48,0.9541886624226605
603092,德力佳,2026-09-09,42.71621861703481,42.726377051902126,42.12702939473088,42.15750469933281,829133.0,34541266.0,0.02398302956520391,42.05,42.06,41.47,41.5,2026-09-08,42.04,1.0158434867309112
603093,南华期货,2026-09-09,18.05201555492211,18.325323890348635,17.806038053038233,18.216000556178027,12939365.0,171824525.0,0.014669833359634135,13.21,13.41,13.03,13.33,2026-09-08,13.29,1.366541677132635
603095,越剑智能,2026-09-09,36.323632595311295,36.83764626411288,35.39351262319416,36.44601680216882,7389392.0,109197404.0,0.028611201025906304,14.84,15.05,14.46,14.89,2026-09-08,14.99,2.447684137150357
603096,新经典,2026-09-09,23.333103523138647,23.417951172313696,22.343214282763068,22.3997793822131,3000151.0,47880860.0,0.019451864452951887,16.5,16.56,15.8,15.84,2026-09-08,16.49,1.414127486250827
603097,江苏华辰,2026-09-09,19.414545397948004,19.727846234666583,19.313480611909753,19.52571666259008,1519360.0,29431509.0,0.0067624259220250135,19.21,19.52,19.11,19.32,2026-09-08,19.21,1.0106478603825093
603098,森特股份,2026-09-09,14.415808797964234,14.599527686638375,14.146354427908829,14.219841983378483,6532000.0,76225806.0,0.012123237317578361,11.77,11.92,11.55,11.61,2026-09-08,11.64,1.2247925911609374
603099,长白山,2026-09-09,37.41965027657061,37.5818052739455,36.322719411975754,36.914108225931244,7686088.0,295997606.0,0.02822075500780486,39.23,39.4,38.08,38.7,2026-09-08,39.4,0.9538529257346574
603100,川仪股份,2026-09-09,29.010484400141813,29.118674805469993,28.655001639777794,28.685913184157272,2568838.0,47817736.0,0.0050217816557178345,18.77,18.84,18.54,18.56,2026-09-08,18.76,1.5455772189739911
603101,汇嘉时代,2026-09-09,15.92363346500194,16.549276858430403,15.762177105407496,16.327274363988046,14908895.0,119797198.0,0.03169407950680272,7.89,8.2,7.81,8.09,2026-09-08,7.93,2.0182044949305373
603102,百合股份,2026-09-09,39.76370660043785,39.76370660043785,38.94491855533908,39.03939409900432,1553700.0,58088580.0,0.0242765625,37.88,37.88,37.1,37.19,2026-09-08,37.91,1.049728262947145
603103,横店影视,2026-09-09,22.814688467058634,23.1902961430407,22.091295905907998,23.023359398159783,8609336.0,140486675.0,0.013575111952065594,16.4,16.67,15.88,16.55,2026-09-08,16.49,1.391139540674307
603105,芯能科技,2026-09-09,8.348583788965541,8.359300841326217,8.144959794112724,8.166393898834073,12780354.0,97848446.0,0.02556012650712196,7.79,7.8,7.6,7.62,2026-09-08,7.8,1.0717052360674637
603106,恒银科技,2026-09-09,17.30893806228294,17.30893806228294,16.623435564766783,16.773389236098446,17451000.0,136759827.0,0.03352608929532006,8.08,8.08,7.76,7.83,2026-09-08,8.07,2.142195304737988
603107,上海汽配,2026-09-09,12.384007910173427,12.434803676827134,12.23162061021231,12.251938916873794,1328488.0,16086854.0,0.0060891215826736605,12.19,12.24,12.04,12.06,2026-09-08,12.21,1.0159153330741122
603108,润达医疗,2026-09-09,54.798612105058,54.798612105058,52.77914134023016,52.997462503995344,15831230.0,154794762.0,0.026184468856419275,10.04,10.04,9.67,9.71,2026-09-08,10.07,5.458029094129283
603109,神驰机电,2026-09-09,26.39644137014733,26.487047004140965,25.943413200179123,26.230331041158987,815200.0,14129738.0,0.0039033105167787766,17.48,17.54,17.18,17.37,2026-09-08,17.47,1.5100938998940119
603110,东方材料,2026-09-09,50.17886777669504,51.31882553287771,49.121816039143845,49.63997865559051,7399600.0,177748220.0,0.036772450292538665,24.21,24.76,23.7,23.95,2026-09-08,24.24,2.0726504657866602
603111,康尼机电,2026-09-09,17.236637113322445,17.291530862090987,17.09940274140109,17.20919023893817,2279630.0,14282918.0,0.002721636908719806,6.28,6.3,6.23,6.27,2026-09-08,6.32,2.7446874384271407
603112,华翔股份,2026-09-09,17.292112213947693,17.836018414149013,16.67636934579525,17.784706508469643,19051802.0,320730010.0,0.03563705368131663,16.85,17.38,16.25,17.33,2026-09-08,17.02,1.0262381135874001
603113,金能科技,2026-09-09,5.493138132952757,5.741921562887212,5.473235458558002,5.572748830531784,34322977.0,192174398.0,0.040451805067458754,5.52,5.77,5.5,5.6,2026-09-08,5.63,0.9951337197378185
603115,海星股份,2026-09-09,100.44503472541462,111.66917883625662,100.1589035893329,108.61277806447463,17264300.0,1440406087.0,0.07058678744931161,77.23,85.86,77.01,83.51,2026-09-08,78.05,1.300596073098726
603116,红蜻蜓,2026-09-09,13.082569461996556,13.082569461996556,12.777851229186076,12.879423973456236,3086920.0,19579196.0,0.00535736847293513,6.44,6.44,6.29,6.34,2026-09-08,6.44,2.0314548854031917
603117,万林物流,2026-09-09,5.945498021237746,5.959553572115377,5.847109165094332,5.889275817727224,6873315.0,28815356.0,0.01147086265221607,4.23,4.24,4.16,4.19,2026-09-08,4.23,1.4055550877630605
603118,共进股份,2026-09-09,43.102102335636474,44.17726564223494,42.194186654508876,42.64814449507268,89327425.0,1612997602.0,0.11346386646318472,18.04,18.49,17.66,17.85,2026-09-08,18.04,2.3892517924410464
603119,浙江荣泰,2026-09-09,95.55090674817305,97.78632942148796,94.94287178103139,96.51660934304509,12091872.0,649968917.0,0.025571781961462214,53.43,54.68,53.09,53.97,2026-09-08,53.7,1.788338138651938
603120,肯特催化,2026-09-09,49.60358749636473,52.3931753872494,49.60358749636473,51.764535862543,3832470.0,200903862.0,0.10112058047493404,50.5,53.34,50.5,52.7,2026-09-08,50.5,0.982249257353757
603121,华培动力,2026-09-09,27.425286059338095,27.696410560304933,27.175017289214853,27.4461417901817,4890000.0,64255348.0,0.01444464696817568,13.15,13.28,13.03,13.16,2026-09-08,13.25,2.0855730843603113
603122,合富中国,2026-09-09,14.08530769845195,14.47481172299808,13.72738508130145,14.053726291056318,49230200.0,656378321.0,0.12367761426162957,13.38,13.75,13.04,13.35,2026-09-08,13.38,1.0527135798544058
603123,翠微股份,2026-09-09,13.587884972005837,13.80892077206415,12.854976792865113,12.854976792865113,86213602.0,973388118.0,0.1321735105091235,11.68,11.87,11.05,11.05,2026-09-08,12.28,1.1633463160963902
603124,XD江南新,2026-09-09,133.0987732708954,137.18448511004235,127.74062562782927,128.04879367409097,6097200.0,803388126.0,0.07856324559028802,133.89,138.0,128.5,128.81,2026-09-08,132.0,0.994090471811901
603125,常青科技,2026-09-09,48.45483035922183,50.06857580501537,48.22126193943593,49.75007341439822,4884473.0,113828320.0,0.012065301691331467,22.82,23.58,22.71,23.43,2026-09-08,22.81,2.1233492707809742
603126,中材节能,2026-09-09,10.564152971117178,10.794883301219581,10.531191495388262,10.646556660439465,6136113.0,39651125.0,0.010050963144963145,6.41,6.55,6.39,6.46,2026-09-08,6.44,1.6480737864457375
603127,昭衍新药,2026-09-09,346.9792546251116,355.69408241569573,341.8149122306913,352.95052551866,29240651.0,1268355907.0,0.04658255921476069,43.0,44.08,42.36,43.74,2026-09-08,43.62,8.069284991281664
603128,华贸物流,2026-09-09,20.028360835667343,20.445618353077077,19.958817916099054,20.028360835667343,31616639.0,183945726.0,0.02415241868406853,5.76,5.88,5.74,5.76,2026-09-08,5.75,3.477145978414469
603129,春风动力,2026-09-09,320.32646344137044,322.9830819653861,316.47932707256774,318.79422288187595,603200.0,174901514.0,0.0039300830152503834,290.59,293.0,287.1,289.2,2026-09-08,290.47,1.1023313377658228
603130,云中马,2026-09-09,35.66811008306193,36.19399789339161,35.040735151440565,35.24370939402396,1005200.0,38604429.0,0.007309790552539302,38.66,39.23,37.98,38.2,2026-09-08,39.03,0.9226101935608365
603131,上海沪工,2026-09-09,40.26453476189827,40.26453476189827,39.57222845581336,39.73838196927374,4077200.0,58639619.0,0.012101848099307578,14.54,14.54,14.29,14.35,2026-09-08,14.42,2.7692252243396336
603132,金徽股份,2026-09-09,22.648444779311763,22.65945520458124,21.92175671152636,22.4502571244612,7234275.0,146651073.0,0.007397009202453988,20.57,20.58,19.91,20.39,2026-09-08,20.56,1.101042526947582
603135,中重科技,2026-09-09,12.999894458774058,12.999894458774058,12.701861943889497,12.787014090999373,5064440.0,45792385.0,0.008044692070096856,9.16,9.16,8.95,9.01,2026-09-08,9.11,1.419202451831229
603136,天目湖,2026-09-09,32.87651044156829,33.38807440072132,32.364946482415256,33.38807440072132,6485700.0,62800117.0,0.024009843380537972,9.64,9.79,9.49,9.79,2026-09-08,9.68,3.410426394353557
603137,恒尚节能,2026-09-09,29.895308683132654,30.055488125662833,28.39544663035006,28.55562607288024,11808681.0,234224191.0,0.06455182738865953,20.53,20.64,19.5,19.61,2026-09-08,20.44,1.456176750274362
603138,海量数据,2026-09-09,39.38252243477041,39.85334021352645,38.385496550345835,38.63475302145198,21315438.0,299861109.0,0.07392393464932458,14.22,14.39,13.86,13.95,2026-09-08,14.36,2.769516345623798
603139,康惠股份,2026-09-09,35.14552229713186,37.091262632918514,35.14552229713186,36.65887589163259,3693450.0,143137126.0,0.036978874649579496,37.39,39.46,37.39,39.0,2026-09-08,37.51,0.939971176708528
603150,万朗磁塑,2026-09-09,60.82215534649037,61.70276000871066,59.501248353159916,60.55452059620772,2778600.0,195169727.0,0.032504708538539824,70.45,71.47,68.92,70.14,2026-09-08,69.89,0.8633379041375495
603151,邦基科技,2026-09-09,18.351350174779988,19.218046384266515,18.059311234626918,18.181779177271753,8658295.0,170247092.0,0.05055000005838332,19.48,20.4,19.17,19.3,2026-09-08,19.35,0.9420610972679665
603153,上海建科,2026-09-09,14.44034453918673,14.57647541591583,14.25185563294644,14.555532204111353,2293030.0,31625011.0,0.005678906930171699,13.79,13.92,13.61,13.9,2026-09-08,13.78,1.0471605902238383
603155,新亚强,2026-09-09,31.905159274819066,32.804870924651276,31.48990774412728,31.60525539154166,5922635.0,82187160.0,0.012934599742829548,13.83,14.22,13.65,13.7,2026-09-08,13.91,2.3069529482877127
603156,XD养元饮,2026-09-09,146.92726341981606,149.14584362732424,144.56554900537185,148.32282193744217,9332154.0,381710259.0,0.0074048402127948375,41.06,41.68,40.4,41.45,2026-09-08,41.05,3.5783551734002934
603158,腾龙股份,2026-09-09,44.40024777345475,44.4808289853848,43.31240141239915,44.03763231976955,9016540.0,98589899.0,0.018372225851031185,11.02,11.04,10.75,10.93,2026-09-08,11.01,4.029060596502246
603159,上海亚虹,2026-09-09,34.5582250713208,34.65973895109388,33.38356446251804,34.42770722589827,2480960.0,58268757.0,0.017721142857142855,23.83,23.9,23.02,23.74,2026-09-08,23.78,1.4501982824725472
603160,汇顶科技,2026-09-09,48.59544267353952,48.66911399083881,47.51799965803751,47.59167097533679,2721450.0,141872897.0,0.005840237585616231,52.77,52.85,51.6,51.68,2026-09-08,52.6,0.920891466241037
603161,科华控股,2026-09-09,22.378505176406655,22.456028866394202,21.44822089655603,21.71955381151246,5935692.0,100450655.0,0.031117855293940327,17.32,17.38,16.6,16.81,2026-09-08,17.4,1.292061499792532
603162,海通发展,2026-09-09,32.58438988059671,36.618873696839565,32.0622802102594,36.618873696839565,66528740.0,977358273.0,0.15748826472422317,13.73,15.43,13.51,15.43,2026-09-08,14.03,2.3732257742605034
603163,圣晖集成,2026-09-09,106.3186203154506,115.26585632087057,105.75707830674223,106.16887577979503,7362166.0,649472319.0,0.07362166,85.2,92.37,84.75,85.08,2026-09-08,85.61,1.2478711304630352
603165,荣晟环保,2026-09-09,38.99647483182513,39.21648315245602,37.84143114851296,38.336449869932466,5599100.0,77910260.0,0.01790403555893479,14.18,14.26,13.76,13.94,2026-09-08,14.16,2.7501040078861165
603166,福达股份,2026-09-09,17.144220037098457,17.252434230299258,16.664985752923478,16.726822434752506,8816115.0,96343886.0,0.013759793421996493,11.09,11.16,10.78,10.82,2026-09-08,11.12,1.54591704572574
603167,渤海轮渡,2026-09-09,13.079125155515817,13.159070908300144,13.03115770384522,13.127092607186414,3167576.0,25954572.0,0.006751813097552164,8.18,8.23,8.15,8.21,2026-09-08,8.18,1.5989150556865301
603168,莎普爱思,2026-09-09,27.684398269521903,27.821676277469944,27.272564245677774,27.4556015896085,5262961.0,31641657.0,0.014128223179152685,6.05,6.08,5.96,6.0,2026-09-08,6.07,4.575933598268083
603169,兰石重装,2026-09-09,10.606778501123049,10.685347230760996,10.49678227962992,10.51249602555751,11834001.0,79668716.0,0.00905923241508403,6.75,6.8,6.68,6.69,2026-09-08,6.72,1.5713745927589702
603170,宝立食品,2026-09-09,13.50501338364372,13.589288038143836,13.294326747393425,13.389135733706059,1715800.0,21806351.0,0.00428939276518087,12.82,12.9,12.62,12.71,2026-09-08,12.83,1.0534331812514601
603171,税友股份,2026-09-09,39.17609588977941,39.535509613538856,38.1900120835676,38.411189759727264,5042213.0,212061227.0,0.012422609574022518,42.51,42.9,41.44,41.68,2026-09-08,42.96,0.9215736506652414
603172,万丰股份,2026-09-09,17.082157946682823,17.100045023066784,16.679698728043697,16.912230721035193,1502634.0,28317877.0,0.011265811965811966,19.1,19.12,18.65,18.91,2026-09-08,18.84,0.8943538191980536
603173,福斯达,2026-09-09,30.518784785975118,30.85843738261117,30.17913218933906,30.37892783441909,698000.0,21301413.0,0.0043625,30.55,30.89,30.21,30.41,2026-09-08,30.73,0.9989782254001675
603175,超颖电子,2026-09-09,86.28607999547454,89.36739324161782,86.23022537469852,89.28361131045381,2086695.0,196845211.0,0.045887407903903395,92.69,96.0,92.63,95.91,2026-09-08,93.55,0.9309103462668523
603176,汇通集团,2026-09-09,5.375296095845808,5.424162423989861,5.316656502072945,5.336203033330566,2875652.0,15747840.0,0.00622682137917377,5.5,5.55,5.44,5.46,2026-09-08,5.5,0.977326562881056
603177,德创环保,2026-09-09,10.805897288760345,11.031633562730816,10.776453426938112,10.864785012404816,3030300.0,33541242.0,0.014840444287729196,11.01,11.24,10.98,11.07,2026-09-08,11.1,0.9814620607411758
603178,圣龙股份,2026-09-09,15.54942205472918,15.665263021326014,15.23754252927616,15.397937713794855,7361397.0,127231185.0,0.031138016282692662,17.45,17.58,17.1,17.28,2026-09-08,17.6,0.8910843584372022
603179,新泉股份,2026-09-09,142.02687954781908,144.06719751551356,137.2891920635115,137.7733353100831,16947413.0,682970774.0,0.023729270560788655,41.07,41.66,39.7,39.84,2026-09-08,41.08,3.4581660469398363
603180,金牌家居,2026-09-09,35.829563396579864,36.07619994061139,35.49324083653687,35.89682790858846,836443.0,13345543.0,0.0054223940622780895,15.98,16.09,15.83,16.01,2026-09-08,16.09,2.2421504002865995
603181,皇马科技,2026-09-09,39.41847913711673,40.393279239425645,38.99200409235658,39.6317166594968,6796280.0,88670875.0,0.011544555800917275,12.94,13.26,12.8,13.01,2026-09-08,12.95,3.046250319715358
603182,嘉华股份,2026-09-09,14.510567370796272,14.705546706047423,14.42847080858526,14.613188073560035,2742386.0,38964214.0,0.01666597386812519,14.14,14.33,14.06,14.24,2026-09-08,14.16,1.026207027637643
603183,建研院,2026-09-09,22.92317562088676,23.016170248152022,22.59769442545835,22.969672934519394,12201326.0,59967870.0,0.02454238401430065,4.93,4.95,4.86,4.94,2026-09-08,4.92,4.649731363263035
603185,弘元绿能,2026-09-09,57.83081044376972,58.567755714347605,57.01629198681522,57.40415791869832,4770818.0,70924975.0,0.007026011794530394,14.91,15.1,14.7,14.8,2026-09-08,14.97,3.8786593188309673
603186,华正新材,2026-09-09,218.90832132301233,236.07454546256102,215.41273482507572,236.07454546256102,22599874.0,4658624546.0,0.14414056594927507,196.64,212.06,193.5,212.06,2026-09-08,192.78,1.1132441076231303
603187,海容冷链,2026-09-09,47.14234794902823,47.52561907056504,46.929419548174444,47.48303339039429,4705089.0,52245873.0,0.012305329350931574,11.07,11.16,11.02,11.15,2026-09-08,11.09,4.258568017075721
603188,亚邦股份,2026-09-09,9.6219899077831,9.641311172658165,9.390134729282302,9.467419788782568,11162700.0,54892732.0,0.019577845204061948,4.98,4.99,4.86,4.9,2026-09-08,4.94,1.9321264875066464
603190,亚通精工,2026-09-09,16.467219019358915,16.53670095614946,16.209143254136894,16.248847218017207,1268190.0,20874686.0,0.00754875,16.59,16.66,16.33,16.37,2026-09-08,16.64,0.9925990970077706
603191,望变电气,2026-09-09,14.468312767333595,14.623005419562949,14.340918818438833,14.568408012893766,13178943.0,209736013.0,0.0399404707120753,15.9,16.07,15.76,16.01,2026-09-08,16.07,0.909956777819723
603192,汇得科技,2026-09-09,29.911520188927877,30.03934719828227,29.272385142155915,29.54224216190408,3718347.0,77379220.0,0.02253358847281439,21.06,21.15,20.61,20.8,2026-09-08,21.16,1.4203001039376961
603193,润本股份,2026-09-09,21.09251937867853,21.319852061766444,20.73669430949745,20.7564623688964,2608500.0,55162494.0,0.02524282025387513,21.34,21.57,20.98,21.0,2026-09-08,21.38,0.9884029699474476
603194,中力股份,2026-09-09,34.656337874595124,34.918962411097446,34.28260295726489,34.29270390097653,880922.0,30082915.0,0.005574506160226012,34.31,34.57,33.94,33.95,2026-09-08,34.46,1.010094371162784
603195,公牛集团,2026-09-09,132.00373469729624,132.9615228733844,131.42222044752842,132.6878691087878,2208075.0,85227347.0,0.0012265970162468952,38.59,38.87,38.42,38.79,2026-09-08,38.54,3.420672057457793
603196,璞源材料,2026-09-09,21.466967693966417,21.466967693966417,20.676020778412905,21.16618506410804,1904300.0,35789718.0,0.008035418392543138,19.27,19.27,18.56,19.0,2026-09-08,18.99,1.1140097402162126
603197,保隆科技,2026-09-09,47.9861977523559,48.2279824235972,47.66381819070084,47.80888899344561,1866000.0,55495259.0,0.008837230420132116,29.77,29.92,29.57,29.66,2026-09-08,29.9,1.6118978082753073
603198,迎驾贡酒,2026-09-09,46.34808588368366,46.439389672668995,45.229614468613235,45.537764756438754,3335000.0,133699510.0,0.00416875,40.61,40.69,39.63,39.9,2026-09-08,40.93,1.1412973623167608
603199,九华旅游,2026-09-09,38.21856516760648,38.21856516760648,37.4471408418474,37.85489369974863,2203400.0,75385318.0,0.01990784242862306,34.68,34.68,33.98,34.35,2026-09-08,34.67,1.102034751084385
603200,上海洗霸,2026-09-09,90.06099108416997,90.88888094009899,88.38283597080034,90.28474509928593,7471066.0,298211709.0,0.042575003503388636,40.25,40.62,39.5,40.35,2026-09-08,40.89,2.2375401511595023
603201,常润股份,2026-09-09,36.44516495034869,36.67878780259451,35.7676586788358,36.001281531081624,2528080.0,39109676.0,0.013421907901846188,15.6,15.7,15.31,15.41,2026-09-08,15.73,2.3362285224582493
603202,天有为,2026-09-09,54.19894747901321,54.19894747901321,53.192467488687996,53.242791488204254,648458.0,34469463.0,0.01291399862969318,53.85,53.85,52.85,52.9,2026-09-08,53.8,1.0064799903252222
603203,快克智能,2026-09-09,144.0439606335254,149.34739736594153,141.65414037756008,142.34162291694736,8800693.0,390614402.0,0.026976540463621367,44.0,45.62,43.27,43.48,2026-09-08,43.59,3.273726378034668
603205,健尔康,2026-09-09,30.82324596533972,30.82324596533972,29.942581794901443,30.050971231263073,765790.0,17121864.0,0.018524189646831155,22.75,22.75,22.1,22.18,2026-09-08,22.75,1.3548679545204272
603206,XD嘉环科,2026-09-09,14.596793639154868,14.596793639154868,14.251987490198454,14.272884832559448,2791000.0,38411433.0,0.009144823426401969,13.97,13.97,13.64,13.66,2026-09-08,13.94,1.04486711804974
603207,小方制药,2026-09-09,28.56010784909414,28.56010784909414,28.000105734406024,28.336107003218896,5716611.0,144202534.0,0.10469418628071826,25.5,25.5,25.0,25.3,2026-09-08,26.04,1.120004229376241
603208,江山欧派,2026-09-09,29.337069644454736,29.387433712513886,28.707518793715366,28.833428963863238,1155962.0,13286163.0,0.006572471525039264,11.65,11.67,11.4,11.45,2026-09-08,11.63,2.518203402957488
603209,兴通股份,2026-09-09,19.869285817717838,20.786751117364354,19.73235069836761,20.595041950274037,7895500.0,118054170.0,0.024558962267371486,14.51,15.18,14.41,15.04,2026-09-08,14.58,1.369351193502263
603210,泰鸿万立,2026-09-09,13.212697841452698,13.290821701564761,13.027153673686549,13.046684638714563,2520030.0,33821853.0,0.0108305702098398,13.53,13.61,13.34,13.36,2026-09-08,13.59,0.9765482514007907
603211,晋拓股份,2026-09-09,22.895168363906524,23.091319258980448,22.513763845707224,22.557352933501427,2885200.0,60253608.0,0.010614845773487168,21.01,21.19,20.66,20.7,2026-09-08,20.91,1.0897271948551415
603212,赛伍技术,2026-09-09,11.981509947487831,12.278487544476846,11.889344486353309,11.930306913524209,8143308.0,95706878.0,0.018613673825009593,11.7,11.99,11.61,11.65,2026-09-08,11.7,1.0240606792724642
603213,镇洋发展,2026-09-09,15.709291383878238,15.709291383878238,15.606913670297569,15.663790177842385,1295661.0,17824096.0,0.0029122938564854948,13.81,13.81,13.72,13.77,2026-09-08,13.78,1.1375301508963243
603214,爱婴室,2026-09-09,23.77722216095378,23.77722216095378,22.41940545091878,22.697140687062305,21169746.0,319746972.0,0.15280598021498998,15.41,15.41,14.53,14.71,2026-09-08,14.01,1.54297353413068
603215,比依股份,2026-09-09,16.09877473553796,16.09877473553796,15.7271804782343,15.78182669254366,1123000.0,16260308.0,0.005998022308370131,14.73,14.73,14.39,14.44,2026-09-08,14.65,1.0929242861872341
603216,梦天家居,2026-09-09,21.71754194199814,23.794521347778833,21.102514059703854,22.998009828086236,15638822.0,343701593.0,0.070226871435628,21.54,23.6,20.93,22.81,2026-09-08,21.76,1.0082424299906285
603217,元利科技,2026-09-09,71.57080566714194,71.66661665197078,67.06768938018656,67.1395476188082,3830960.0,110168320.0,0.018410323344591414,29.88,29.92,28.0,28.03,2026-09-08,29.84,2.3952746207209485
603218,日月股份,2026-09-09,19.857180575639948,19.942771871224604,19.771589280055295,19.857180575639948,3571806.0,33138031.0,0.0034713570759711604,9.28,9.32,9.24,9.28,2026-09-08,9.31,2.1397823896163737
603219,富佳股份,2026-09-09,21.88199613003594,22.04602908453396,21.48831703924069,21.52112363014029,2256100.0,29852221.0,0.004018703241895262,13.34,13.44,13.1,13.12,2026-09-08,13.34,1.6403295449802053
603220,中贝通信,2026-09-09,25.229499290472546,25.81496527508686,24.793803674015383,25.39288514664398,22084974.0,410751229.0,0.04117579205793714,18.53,18.96,18.21,18.65,2026-09-08,18.54,1.3615488014286317
603221,爱丽家居,2026-09-09,22.551977518099005,22.883624246306344,21.308302287321485,21.648240183734007,13773208.0,365977532.0,0.056850654228753045,27.2,27.6,25.7,26.11,2026-09-08,27.51,0.8291168205183458
603222,济民健康,2026-09-09,24.09700125645591,25.28697662714509,23.829256798050846,24.186249409257602,18769880.0,154113584.0,0.03574598262435141,8.1,8.5,8.01,8.13,2026-09-08,8.12,2.974938426722952
603223,恒通股份,2026-09-09,42.094202196509016,42.62652187409133,41.35714418139505,42.053254529002686,12045085.0,123609148.0,0.01706532483599591,10.28,10.41,10.1,10.27,2026-09-08,10.33,4.094766750633173
603225,新凤鸣,2026-09-09,32.89991353091041,32.96991334693362,32.12991555465506,32.72491399085237,9144771.0,170159625.0,0.0054806836334262065,18.8,18.84,18.36,18.7,2026-09-08,18.83,1.7499954005803409
603226,菲林格尔,2026-09-09,150.96889355711778,155.15883683016872,149.70318152671695,152.71470325422234,2801542.0,98167869.0,0.007880750657040527,34.59,35.55,34.3,34.99,2026-09-08,34.64,4.364524242761427
603227,雪峰科技,2026-09-09,17.641317446085733,18.14017218106502,17.550616585180407,17.93609524402804,10525687.0,83164839.0,0.009821553424817662,7.78,8.0,7.74,7.91,2026-09-08,7.78,2.2675215226331273
603228,景旺电子,2026-09-09,217.1581772275275,226.0355875889828,212.9782306447795,218.13349809683538,40753388.0,4506673191.0,0.04149994507849782,109.1,113.56,107.0,109.59,2026-09-08,106.97,1.990450753689528
603229,奥翔药业,2026-09-09,38.91918624539666,39.06605109915287,38.42963673287594,38.625456537884226,4242300.0,33551380.0,0.0051093756320214736,7.95,7.98,7.85,7.89,2026-09-08,7.98,4.895495125207127
603230,内蒙新华,2026-09-09,10.862454009472513,10.948578520945041,10.442597016043942,10.733267242263723,10876005.0,107761448.0,0.030764632004141174,10.09,10.17,9.7,9.97,2026-09-08,10.32,1.076556393406592
603231,索宝蛋白,2026-09-09,17.29823457347585,17.420844623612712,17.175624523338985,17.35953959854428,1963912.0,33253799.0,0.018481097742078928,16.93,17.05,16.81,16.99,2026-09-08,17.05,1.0217504178071972
603232,格尔软件,2026-09-09,55.525518399677395,55.74073358727304,54.19835807617089,54.44944246169915,4645400.0,70931113.0,0.02008387419117756,15.48,15.54,15.11,15.18,2026-09-08,15.57,3.5869197932608134
603233,大参林,2026-09-09,52.84087772030873,53.51085577299181,52.49132395369147,53.24869044802887,5236043.0,95250959.0,0.004597639916290625,18.14,18.37,18.02,18.28,2026-09-08,18.24,2.912948055143811
603235,天新药业,2026-09-09,25.831958589227927,26.03616379546688,25.546071300493384,25.974902233595195,941603.0,23907308.0,0.0021508588788889398,25.3,25.5,25.02,25.44,2026-09-08,25.3,1.0210260311947796
603236,移远通信,2026-09-09,215.48371523533743,220.89683271951012,211.38917765115548,211.87497024588893,8754858.0,542349032.0,0.02159746052964917,62.1,63.66,60.92,61.06,2026-09-08,62.1,3.4699471052389277
603237,五芳斋,2026-09-09,29.88299972028587,29.88299972028587,29.093221608440576,29.203423205442245,2589579.0,41388849.0,0.013643227118066283,16.27,16.27,15.84,15.9,2026-09-08,16.27,1.8366932833611476
603238,诺邦股份,2026-09-09,19.9837443762692,19.99950442703913,19.573983056251063,19.71582351318042,1703248.0,21319820.0,0.009595276859201505,12.68,12.69,12.42,12.51,2026-09-08,12.62,1.5760050769928393
603239,浙江仙通,2026-09-09,51.57894585906677,52.3043881355656,51.17995260699241,51.28876894846724,1748600.0,24872961.0,0.006459072104018912,14.22,14.42,14.11,14.14,2026-09-08,14.25,3.627211382494147
603248,锡华科技,2026-09-09,17.48974975309969,17.50948987697452,17.124557461415332,17.134427523352745,1756663.0,30739924.0,0.024567012149969866,17.72,17.74,17.35,17.36,2026-09-08,17.64,0.9870061937415175
603255,鼎际得,2026-09-09,30.278855602928882,30.278855602928882,29.179370792592024,29.408828492140586,1279700.0,39534023.0,0.02109097271427716,31.67,31.67,30.52,30.76,2026-09-08,31.58,0.9560737481190047
603256,宏和科技,2026-09-09,136.17382230474118,139.0814860312575,134.02743780844006,135.6028628820798,13781430.0,1771891314.0,0.0152350613655282,128.79,131.54,126.76,128.25,2026-09-08,126.78,1.0573322641877567
603257,中国瑞林,2026-09-09,76.36709694373329,78.19713066749165,75.98846927674879,77.5345322502688,2070771.0,152411705.0,0.08316349397590361,72.61,74.35,72.25,73.72,2026-09-08,72.86,1.0517435194013673
603258,电魂网络,2026-09-09,14.342766037358905,14.504488557864715,13.898029105967932,13.948567393625998,4265100.0,59434306.0,0.017672479249826026,14.19,14.35,13.75,13.8,2026-09-08,14.25,1.0107657531613041
603259,药明康德,2026-09-09,385.0247688159755,390.2892158323564,379.6609926106062,384.6026197627751,28707948.0,4442359326.0,0.011607236198335771,155.05,157.17,152.89,154.88,2026-09-08,156.35,2.4832297247080004
603260,合盛硅业,2026-09-09,49.92925529542752,50.643167792949264,49.289708683064276,50.44981649153713,7837179.0,263900702.0,0.006629278452189362,33.57,34.05,33.14,33.92,2026-09-08,33.65,1.4873177031703162
603262,技源集团,2026-09-09,19.744727563352797,19.797520952559623,18.95282672525041,18.963385403091777,5578454.0,101463881.0,0.05346021238920379,18.7,18.75,17.95,17.96,2026-09-08,18.82,1.0558677841365132
603266,天龙股份,2026-09-09,32.105387206727364,32.39939258407835,31.497776093535332,31.556577169005532,2482400.0,40316981.0,0.012481475010275949,16.38,16.53,16.07,16.1,2026-09-08,16.42,1.9600358490065546
603267,鸿远电子,2026-09-09,64.43678323838522,65.63504352008525,63.884775692882975,64.40985604104365,5304394.0,255312683.0,0.02295470626796784,47.86,48.75,47.45,47.84,2026-09-08,47.8,1.3463598670786716
603268,松发股份,2026-09-09,250.92120999502686,259.28091662853996,249.69910669246042,257.0317265078591,5402719.0,1063685764.0,0.023162803077655045,193.0,199.43,192.06,197.7,2026-09-08,192.4,1.3001098963472895
603269,海鸥股份,2026-09-09,63.700262429634954,64.74297505869148,61.354159014257775,61.68593121441212,38288918.0,1012834398.0,0.08864293964500011,26.88,27.32,25.89,26.03,2026-09-08,26.91,2.3698014296739194
603270,金帝股份,2026-09-09,29.698876289062028,31.06765409256034,29.176579495621883,30.401275425067738,17763259.0,594049948.0,0.25118914328923336,32.98,34.5,32.4,33.76,2026-09-08,33.0,0.9005117128278359
603271,永杰新材,2026-09-09,41.30931107659733,41.53222126636558,41.08640088682908,41.17759141900701,1210800.0,49329844.0,0.012802402842260313,40.77,40.99,40.55,40.64,2026-09-08,40.92,1.0132281353102117
603273,天元智能,2026-09-09,14.980284376742569,14.990152811773362,14.684231325818804,14.782915676126725,1952500.0,29304161.0,0.03482974897606782,15.18,15.19,14.88,14.98,2026-09-08,15.01,0.9868435030792206
603275,众辰科技,2026-09-09,37.021296828367,37.345867101930764,36.27072807075079,36.43301320753268,783314.0,28408894.0,0.017437520951976794,36.5,36.82,35.76,35.92,2026-09-08,36.66,1.0142821048867672
603276,恒兴新材,2026-09-09,21.826449645349406,21.942822895828165,21.464399532748825,21.684215672542035,2337493.0,39149152.0,0.030643468488673112,16.88,16.97,16.6,16.77,2026-09-08,16.72,1.293036116430652
603277,银都股份,2026-09-09,20.726910691896617,20.81757959256108,20.400502649504542,20.74504447202951,1706390.0,19400697.0,0.002798525828848167,11.43,11.48,11.25,11.44,2026-09-08,11.4,1.8133780132892927
603278,大业股份,2026-09-09,13.401891744115607,13.415984164456422,13.204597859344188,13.275059961048267,6613900.0,62425605.0,0.01935250399790037,9.51,9.52,9.37,9.42,2026-09-08,9.54,1.409242034081557
603279,景津装备,2026-09-09,21.4543172183192,21.4543172183192,21.193587668791018,21.323952443555108,5446500.0,62292657.0,0.009449609888041251,11.52,11.52,11.38,11.45,2026-09-08,11.51,1.8623539252013197
603280,南方路机,2026-09-09,27.090208402468757,27.190431149055765,26.368604627042284,26.4988941976054,1740400.0,46244553.0,0.016054363150930562,27.03,27.13,26.31,26.44,2026-09-08,27.1,1.0022274658700983
603281,江瀚新材,2026-09-09,27.98655102517859,28.308067538261586,27.825792768637093,27.98655102517859,1597626.0,30651444.0,0.003080432970328585,19.15,19.37,19.04,19.15,2026-09-08,19.11,1.4614386958317802
603282,亚光股份,2026-09-09,15.967891570033018,16.09021484075219,15.826749334587825,15.902025193491927,1127000.0,19108433.0,0.008421760573905247,16.97,17.1,16.82,16.9,2026-09-08,16.97,0.9409482363012975
603283,赛腾股份,2026-09-09,93.30210705854027,94.94718121433952,91.31177042559797,91.63672334526201,10374787.0,474113620.0,0.029429828859577976,45.94,46.75,44.96,45.12,2026-09-08,45.57,2.0309557479003106
603284,林平发展,2026-09-09,42.73484109712136,43.24039571174206,42.415000422565406,43.02372944833319,1173306.0,48649169.0,0.06223213480643057,41.42,41.91,41.11,41.7,2026-09-08,41.42,1.03174411147082
603285,键邦股份,2026-09-09,34.241602421518444,37.87428524251928,34.241602421518444,36.80972260313233,11912016.0,402740247.0,0.1912139921196569,31.2,34.51,31.2,33.54,2026-09-08,31.37,1.09748725709995
603286,日盈电子,2026-09-09,46.86591961192728,47.79284825454528,46.264943898581556,46.346432130899615,3562450.0,164052283.0,0.030478450979281455,46.01,46.92,45.42,45.5,2026-09-08,46.01,1.0186029039758158
603288,海天味业,2026-09-09,309.0567450272646,312.9642545939133,306.23970324665737,312.23727606988564,14305518.0,487399584.0,0.002573017893200945,34.01,34.44,33.7,34.36,2026-09-08,34.06,9.087231550345916
603289,泰瑞机器,2026-09-09,14.187416426053023,14.602947451083864,13.86092776352879,14.320979969812937,6333206.0,60976656.0,0.0215857256007247,9.56,9.84,9.34,9.65,2026-09-08,9.42,1.4840393751101488
603290,斯达半导,2026-09-09,123.71465650437165,125.28656037525072,121.93898731689713,122.9432592344032,3070093.0,260519705.0,0.012820180253289524,85.0,86.08,83.78,84.47,2026-09-08,84.68,1.4554665471102546
603291,联合水务,2026-09-09,9.330023216634514,9.430562259917215,9.229484173351816,9.360184929619326,4233639.0,39318073.0,0.010003385846498155,9.28,9.38,9.18,9.31,2026-09-08,9.29,1.0053904328269951
603293,埃泰克,2026-09-09,37.264114489900564,38.7574119013607,37.088432441493495,38.7574119013607,4461058.0,173787473.0,0.12710830429839592,38.18,39.71,38.0,39.71,2026-09-08,38.17,0.9760113800393024
603296,华勤技术,2026-09-09,96.08394096599551,97.34587872493951,95.75583714867007,96.57609669198368,8955563.0,684823927.0,0.011214133839988146,76.14,77.14,75.88,76.53,2026-09-08,76.13,1.2619377589439915
603297,永新光学,2026-09-09,157.11371015528783,161.2760565308655,155.58256130998603,157.05424806420814,1075000.0,114743714.0,0.009708378375693471,105.69,108.49,104.66,105.65,2026-09-08,105.72,1.4865522769920316
603298,杭叉集团,2026-09-09,58.157957847501855,58.157957847501855,57.0131161575904,57.60843383634436,4683363.0,117586672.0,0.003575599265234733,25.4,25.4,24.9,25.16,2026-09-08,25.31,2.289683379822908
603299,苏盐井神,2026-09-09,10.538931243738983,10.562273284145936,10.445563082111173,10.492247162925079,3374252.0,30355809.0,0.003572828606323385,9.03,9.05,8.95,8.99,2026-09-08,9.02,1.1671020203476172
603300,海南华铁,2026-09-09,26.52567738226215,26.52567738226215,25.926534771985178,26.144404812085895,33532800.0,161110287.0,0.016773208102596575,4.87,4.87,4.76,4.8,2026-09-08,4.88,5.446751002517895
603301,振德医疗,2026-09-09,205.6824969780773,207.73932194785806,200.9077247268005,203.72361605447657,1081300.0,89843415.0,0.004097754543820687,84.0,84.84,82.05,83.2,2026-09-08,83.46,2.44860115450092
603303,得邦照明,2026-09-09,56.44115262173377,58.56132245133627,55.34759134120196,58.04801817680093,2792392.0,71987370.0,0.005854751571500736,25.29,26.24,24.8,26.01,2026-09-08,25.08,2.231757715371047
603305,旭升集团,2026-09-09,23.7118722929766,23.7118722929766,23.231367391885446,23.335824979079177,10414317.0,116826939.0,0.009011196590985522,11.35,11.35,11.12,11.17,2026-09-08,11.32,2.0891517438745906
603306,华懋科技,2026-09-09,157.20988081779925,161.72376722298745,153.86020945829304,156.98520773880796,11892924.0,917119218.0,0.036094322652110385,76.97,79.18,75.33,76.86,2026-09-08,75.85,2.0424825362842567
603307,扬州金泉,2026-09-09,26.37132697301229,26.757299717474886,25.964490836957115,26.56952919314173,909975.0,22992386.0,0.009366700977869274,25.28,25.65,24.89,25.47,2026-09-08,25.22,1.0431695796286506
603308,应流股份,2026-09-09,64.72568703137844,70.56273391930354,64.13131411067587,70.56273391930354,31570807.0,1429703265.0,0.04334066013381054,42.47,46.3,42.08,46.3,2026-09-08,42.09,1.5240331300065562
603309,维力医疗,2026-09-09,35.47719356667292,35.508286637283504,35.07298364873537,35.22844900178828,2209500.0,25078012.0,0.007570114316572101,11.41,11.42,11.28,11.33,2026-09-08,11.41,3.1093070610581
603310,巍华新材,2026-09-09,15.39994923859022,15.431186458141115,15.264587953869684,15.39994923859022,1457600.0,21503140.0,0.007513014793051905,14.79,14.82,14.66,14.79,2026-09-08,14.78,1.0412406516964314
603311,金海高科,2026-09-09,29.74807699865845,30.781836421162662,27.823524882294226,30.220966947250805,16740300.0,442867816.0,0.07096838530828642,27.05,27.99,25.3,27.48,2026-09-08,27.32,1.099744066493843
603312,西典新能,2026-09-09,33.854988986723846,34.679479097344604,33.620874510868575,33.824452315960116,1207432.0,40586489.0,0.02371256591286246,33.26,34.07,33.03,33.23,2026-09-08,33.27,1.0178890254577224
603313,梦百合,2026-09-09,10.785597435722154,10.816724701048914,10.365379353810901,10.365379353810901,21571900.0,145935202.0,0.037806512149328494,6.93,6.95,6.66,6.66,2026-09-08,6.98,1.5563632663379732
603315,福鞍股份,2026-09-09,23.148082387053318,23.405283302465023,22.851312100039816,22.851312100039816,5303000.0,61899736.0,0.01655292893136838,11.7,11.83,11.55,11.55,2026-09-08,11.69,1.9784685800900272
603316,诚邦股份,2026-09-09,20.439105103128384,20.732489386905343,19.908219256293876,19.964101977013296,25226500.0,366997560.0,0.0954594647776466,14.63,14.84,14.25,14.29,2026-09-08,14.62,1.3970680179855353
603317,天味食品,2026-09-09,34.23445858152085,34.25996861027012,33.21405743155003,33.26507748904857,10807816.0,141633420.0,0.01017611232528273,13.42,13.43,13.02,13.04,2026-09-08,13.43,2.551002874927038
603318,水发燃气,2026-09-09,31.425207456869746,32.053050718363465,30.83040857755991,31.09476363503095,46469552.0,440071946.0,0.10122521286057315,9.51,9.7,9.33,9.41,2026-09-08,9.5,3.304438218387986
603319,美湖股份,2026-09-09,100.7245938587407,102.26544231816939,97.81038046808209,98.37982446395792,11062952.0,329328183.0,0.032619674195887044,30.07,30.53,29.2,29.37,2026-09-08,29.85,3.349670563975414
603320,迪贝电气,2026-09-09,25.1147266526185,26.57535695874817,24.979483105754642,25.642176485387548,4458500.0,85425613.0,0.02989348646039618,18.57,19.65,18.47,18.96,2026-09-08,18.57,1.3524354686385838
603321,梅轮电梯,2026-09-09,8.067785228171774,8.259116103148179,7.8233068879241445,8.152821172605732,20787418.0,158630381.0,0.06032954605078564,7.59,7.77,7.36,7.67,2026-09-08,7.48,1.062949305424476
603322,超讯通信,2026-09-09,58.06112140772985,59.7127932014571,57.186706928697774,58.11941570633199,12404403.0,373634463.0,0.07871473571935557,29.88,30.73,29.43,29.91,2026-09-08,29.56,1.9431432867379468
603323,苏农银行,2026-09-09,9.177107168770254,9.257256576357767,9.11699511307962,9.157069816873376,34855115.0,159642067.0,0.015697705083840195,4.58,4.62,4.55,4.57,2026-09-08,4.58,2.0037351896878284
603324,盛剑科技,2026-09-09,34.591571399187515,35.91533079946566,34.23054610820257,34.36425917893773,2871280.0,74915433.0,0.01968269192934774,25.87,26.86,25.6,25.7,2026-09-08,25.87,1.3371307073516627
603325,博隆技术,2026-09-09,66.9841985893065,66.9841985893065,65.68993591149635,65.93413641674354,211740.0,11465930.0,0.006194270869901004,54.86,54.86,53.8,54.0,2026-09-08,54.55,1.2210025262359916
603326,我乐家居,2026-09-09,17.63000288669836,17.766317342007888,17.380093051964238,17.470969355503918,2746520.0,21211520.0,0.008605007887004867,7.76,7.82,7.65,7.69,2026-09-08,7.78,2.271907588492057
603327,福蓉科技,2026-09-09,24.40325470398724,24.510404011139766,23.572847573555183,23.599634900343315,26470230.0,235394714.0,0.02531923383420662,9.11,9.15,8.8,8.81,2026-09-08,9.15,2.678732678813089
603328,依顿电子,2026-09-09,30.7507842398058,33.733861224084336,30.7507842398058,33.733861224084336,43023454.0,502327012.0,0.043090562768459406,11.03,12.1,11.03,12.1,2026-09-08,11.0,2.7879224152135813
603329,上海雅仕,2026-09-09,14.013526535913792,14.0675806401989,13.770283066630814,13.98649948377124,2264640.0,23344418.0,0.01097299398899773,10.37,10.41,10.19,10.35,2026-09-08,10.38,1.351352607127656
603330,天洋新材,2026-09-09,61.32393726577525,67.06744748774055,61.02479610838122,61.623078423169275,115867675.0,1251041026.0,0.267794619033987,10.25,11.21,10.2,10.3,2026-09-08,10.19,5.982823147880512
603331,百达精工,2026-09-09,19.84741240739021,20.282344746485688,19.3834845790217,20.108371810847494,9111000.0,125179743.0,0.04506477724150698,13.69,13.99,13.37,13.87,2026-09-08,13.6,1.449774463651586
603332,苏州龙杰,2026-09-09,23.500419218322737,23.500419218322737,23.011641780337655,23.187601658012284,2872593.0,34151170.0,0.013277699976903787,12.02,12.02,11.77,11.86,2026-09-08,11.95,1.9551097519403275
603333,尚纬股份,2026-09-09,14.876687735271792,14.936493515112081,14.398241496549485,14.637464615910638,11062300.0,108020520.0,0.01779856638575653,9.95,9.99,9.63,9.79,2026-09-08,9.95,1.4951444960072153
603334,丰倍生物,2026-09-09,30.666679368299118,30.88661501702717,30.025997261134776,30.18855839280334,1277555.0,40559473.0,0.040153594795790115,32.07,32.3,31.4,31.57,2026-09-08,32.26,0.9562419509915534
603335,迪生力,2026-09-09,11.244645704471242,11.331544048400696,10.983950672682884,11.053469347826447,8570530.0,54765681.0,0.020017839767218833,6.47,6.52,6.32,6.36,2026-09-08,6.53,1.7379668785890638
603336,宏辉果蔬,2026-09-09,44.506721221993644,45.142531525164976,43.50759074558154,43.96174096213249,30359213.0,296108845.0,0.04987394141314264,9.8,9.94,9.58,9.68,2026-09-08,9.88,4.541502165509555
603337,杰克科技,2026-09-09,91.69808797756617,92.43758868706267,91.10648740996898,91.59948788296663,1889025.0,70208280.0,0.004044763388552231,37.2,37.5,36.96,37.16,2026-09-08,37.1,2.465002364988338
603338,浙江鼎力,2026-09-09,398.2920633570624,405.8940931961883,391.70816251424793,404.2650868020899,2988484.0,176159613.0,0.005902037164453097,58.68,59.8,57.71,59.56,2026-09-08,58.49,6.7875266420767275
603339,四方科技,2026-09-09,22.45490913725278,22.49083699187238,22.077666663746932,22.095630591056736,7193564.0,89024924.0,0.0232469515409512,12.5,12.52,12.29,12.3,2026-09-08,12.49,1.7963927309802223
603341,龙旗科技,2026-09-09,36.25797165602321,36.532950856014715,35.68837188461222,35.80622011318001,6358330.0,233079172.0,0.023778139764982078,36.92,37.2,36.34,36.46,2026-09-08,37.0,0.982068571398245
603344,星德胜,2026-09-09,24.907899745556268,25.559939005911147,24.757429147012836,24.9179311187925,2344600.0,58873288.0,0.043393623436036144,24.83,25.48,24.68,24.84,2026-09-08,25.01,1.0031373236228864
603345,安井食品,2026-09-09,86.12689978792874,86.12689978792874,83.54804779375564,83.72822959247516,6410722.0,479751745.0,0.021857647715349548,76.48,76.48,74.19,74.35,2026-09-08,76.52,1.126136241996976
603348,文灿股份,2026-09-09,14.932062487661566,15.163177855909359,14.751189590771993,14.811480556401852,2209100.0,32813834.0,0.007024674781502119,14.86,15.09,14.68,14.74,2026-09-08,14.93,1.0048494271643047
603350,安乃达,2026-09-09,30.60817306113502,30.79947414276711,30.16180387066013,30.321221438686877,322800.0,9245166.0,0.00731566363358225,28.8,28.98,28.38,28.53,2026-09-08,28.71,1.0627837868449659
603351,威尔药业,2026-09-09,53.709568300434995,53.81345527973951,52.795362882555246,52.98235944530337,552024.0,14143957.0,0.004075808755183103,25.85,25.9,25.41,25.5,2026-09-08,25.89,2.0777395860903285
603352,至信股份,2026-09-09,26.166685433239405,26.19708824358012,25.6498376574473,25.822120249378003,897058.0,22891083.0,0.019788043826646413,25.82,25.85,25.31,25.48,2026-09-08,25.82,1.0134270113570645
603353,和顺石油,2026-09-09,42.963319506426906,44.469810804701304,40.53934102649668,43.68824764995745,13852740.0,525975079.0,0.08128683589761646,37.93,39.26,35.79,38.57,2026-09-08,37.96,1.132700224266462
603355,莱克电气,2026-09-09,58.260190961747796,59.52039475958926,57.63978293819507,58.33774196469188,4058832.0,122395290.0,0.00707857354550456,30.05,30.7,29.73,30.09,2026-09-08,29.7,1.938775073602256
603356,华菱精工,2026-09-09,18.178505948519888,18.442728418701865,18.12566145448349,18.18907484732717,2037969.0,35251367.0,0.015284003299835008,17.2,17.45,17.15,17.21,2026-09-08,17.19,1.0568898807279006
603357,设计总院,2026-09-09,13.12550586673565,13.168121145523752,13.018967669765395,13.146813506129702,1878369.0,11545221.0,0.0033509795897944737,6.16,6.18,6.11,6.17,2026-09-08,6.18,2.130763939405138
603358,华达科技,2026-09-09,149.75880507192855,151.61048660969425,144.72353071484633,145.04838712498068,8609078.0,390006718.0,0.018643623475215164,46.1,46.67,44.55,44.65,2026-09-08,46.13,3.2485641013433524
603360,百傲化学,2026-09-09,95.6842314666473,98.0450905884659,92.55956498188742,92.62900201488209,12610586.0,172124274.0,0.017856363106183923,13.78,14.12,13.33,13.34,2026-09-08,13.78,6.943703299466423
603363,傲农生物,2026-09-09,4.092229889808219,4.219317774584871,4.092229889808219,4.143065043718879,58752930.0,192341486.0,0.027370359075072192,3.22,3.32,3.22,3.26,2026-09-08,3.27,1.2708788477665274
603365,水星家纺,2026-09-09,23.34605083426215,23.542236135390404,23.2619714194929,23.542236135390404,1101791.0,18439215.0,0.004219260095498972,16.66,16.8,16.6,16.8,2026-09-08,16.66,1.401323579487524
603366,日出东方,2026-09-09,18.883490939755816,19.916181850523714,18.317969726716257,19.27689700100073,40824686.0,315517816.0,0.05021189515083807,7.68,8.1,7.45,7.84,2026-09-08,7.74,2.4587878827807055
603367,XD辰欣药,2026-09-09,17.637745636621,17.673643355013034,17.374495701746056,17.470222950791488,5826507.0,85255709.0,0.012869031173429673,14.74,14.77,14.52,14.6,2026-09-08,14.84,1.1965906130679103
603368,柳药集团,2026-09-09,49.802750687662595,50.0862578073267,49.61374594121985,49.99175543410533,2692600.0,42647068.0,0.006778758880143294,15.81,15.9,15.75,15.87,2026-09-08,15.88,3.150079107379038
603369,今世缘,2026-09-09,80.58561491610637,80.98064244020492,79.42686751208392,80.08524671891485,9088180.0,276391915.0,0.0072892041468555074,30.6,30.75,30.16,30.41,2026-09-08,30.65,2.6335168273237373
603370,XD华新精,2026-09-09,28.835929297013642,29.056663620094472,28.605161595610962,29.01653010680705,1396826.0,40171550.0,0.01653954711731231,28.74,28.96,28.51,28.92,2026-09-08,28.87,1.0033378321855826
603373,安邦护卫,2026-09-09,36.17937418268879,36.7414190835474,35.626394522166606,36.04339557764235,1366713.0,54519804.0,0.02148847135688854,39.91,40.53,39.3,39.76,2026-09-08,40.04,0.9065240336429163
603375,盛景微,2026-09-09,43.628548767297424,44.16037667143257,42.78882049761035,43.563236568543985,2492097.0,116114738.0,0.03907276107565006,46.76,47.33,45.86,46.69,2026-09-08,46.79,0.933031410763418
603376,大明电子,2026-09-09,28.577974692373058,28.649394122164775,27.73114431055693,28.016822029723816,2378193.0,65247834.0,0.07431667333316667,28.01,28.08,27.18,27.46,2026-09-08,27.96,1.0202775684531615
603379,三美股份,2026-09-09,84.59037794723962,85.31702596396678,83.92072193182437,84.5191379455997,2735971.0,162106998.0,0.00448167886885197,59.37,59.88,58.9,59.32,2026-09-08,59.48,1.4248000327983765
603380,易德龙,2026-09-09,37.812957771299715,38.98612623992952,36.23787047545413,36.628926631664065,4359600.0,149240414.0,0.027172571633720017,34.81,35.89,33.36,33.72,2026-09-08,34.72,1.0862671005831575
603381,永臻股份,2026-09-09,15.165838047309881,15.165838047309881,14.894301159194917,14.994870377015275,2716200.0,40524308.0,0.01910963993039819,15.08,15.08,14.81,14.91,2026-09-08,15.06,1.005692178203573
603382,海阳科技,2026-09-09,17.739359243594677,17.775142116501577,17.435204823886043,17.506770569699842,1807101.0,35413831.0,0.015647808252516677,19.83,19.87,19.49,19.57,2026-09-08,19.91,0.8945718226724497
603383,顶点软件,2026-09-09,76.16131772319392,76.2148958573643,74.74149716767887,75.08975503978634,2620831.0,73568674.0,0.012761113366509726,28.43,28.45,27.9,28.03,2026-09-08,28.55,2.678906708518956
603385,惠达卫浴,2026-09-09,8.174817715264759,8.230809617424105,8.062833910946063,8.202813666344433,3366067.0,19631640.0,0.008842597252080206,5.84,5.88,5.76,5.86,2026-09-08,5.83,1.3997975539836915
603386,骏亚科技,2026-09-09,22.034343733864173,22.696126071263503,22.004262718527837,22.274991856554838,6907900.0,102930870.0,0.02116893174655163,14.65,15.09,14.63,14.81,2026-09-08,14.6,1.504050766816667
603387,基蛋生物,2026-09-09,41.292045955418715,41.951663302949356,40.808326567229564,41.643841874101724,6817135.0,64374655.0,0.013441955485837634,9.39,9.54,9.28,9.47,2026-09-08,9.45,4.397448983537669
603390,通达电气,2026-09-09,11.119466699698451,11.200853464197616,11.02790658963689,11.129640045260846,15218100.0,166126014.0,0.04334727546646239,10.93,11.01,10.84,10.94,2026-09-08,11.01,1.0173345562395655
603391,力聚热能,2026-09-09,70.26705161946141,70.73347072112018,67.82342110859703,68.7359802205381,1463393.0,99189142.0,0.06432496703296703,69.3,69.76,66.89,67.79,2026-09-08,69.03,1.013954568823397
603392,万泰生物,2026-09-09,83.7625186916322,84.84410071204064,83.22172768142798,84.30330970183643,8666024.0,242833298.0,0.006853901708855344,27.88,28.24,27.7,28.06,2026-09-08,27.58,3.004394501134584
603393,新天然气,2026-09-09,64.92417795907876,65.08986124224083,63.81173305784774,64.16676866462359,6700792.0,182188667.0,0.015806687640416827,27.43,27.5,26.96,27.11,2026-09-08,27.4,2.3669040451723937
603395,红四方,2026-09-09,36.91331803489492,38.10684865135652,36.66722924799563,37.35627785131366,18134128.0,550003301.0,0.2789865846153846,30.0,30.97,29.8,30.36,2026-09-08,30.97,1.2304439344964975
603396,金辰股份,2026-09-09,39.446369886734736,39.71794558302895,38.07491262044895,38.63164279785209,5915789.0,168969540.0,0.04270480546826962,29.05,29.25,28.04,28.45,2026-09-08,29.14,1.3578784814710751
603399,永杉锂业,2026-09-09,16.96059515325797,17.045946818299527,16.69234706312736,16.91182277323422,22647132.0,313432847.0,0.044207584198945625,13.91,13.98,13.69,13.87,2026-09-08,13.95,1.2193095005936714
603400,华之杰,2026-09-09,45.08247873342056,46.166192164512395,44.22417769599582,44.37156272262431,4002939.0,208005185.0,0.11048663299758557,52.0,53.25,51.01,51.18,2026-09-08,52.81,0.8669707448734723
603402,陕西旅游,2026-09-09,63.20644766696823,63.524600927036865,60.979374846487815,61.536143051607915,3497059.0,244347349.0,0.1391402748238654,71.52,71.88,69.0,69.63,2026-09-08,72.69,0.8837590557462002
603406,天富龙,2026-09-09,26.512136716643244,26.52963647685225,25.812146308283026,25.85589570880554,1777808.0,53042470.0,0.03027610996619217,30.3,30.32,29.5,29.55,2026-09-08,30.2,0.8749880104502721
603407,长裕集团,2026-09-09,42.46623010332446,43.391644318651146,42.205215837463086,42.56114438181951,3722870.0,201332766.0,0.10366648555724783,53.69,54.86,53.36,53.81,2026-09-08,53.35,0.7909523207920369
603408,XD建霖家,2026-09-09,14.526628002763983,14.658144799496824,14.144033684995714,14.215770119577265,1958600.0,23397899.0,0.004376045918766324,12.15,12.26,11.83,11.89,2026-09-08,12.17,1.1956072430258422
603409,汇通控股,2026-09-09,18.1004292567075,18.12015724499819,17.79464543820181,17.87355739136457,1236798.0,22466419.0,0.022955524045690477,18.35,18.37,18.04,18.12,2026-09-08,18.38,0.9863994145344686
603416,信捷电气,2026-09-09,68.8424601597022,69.72320472130912,68.20716900051032,68.52481458010625,1141812.0,54321780.0,0.008182327104472701,47.68,48.29,47.24,47.46,2026-09-08,47.88,1.4438435436179151
603418,友升股份,2026-09-09,46.11320814035519,46.678831739236244,45.150655700154104,45.24988791048411,1391303.0,64235264.0,0.03363510335839727,46.47,47.04,45.5,45.6,2026-09-08,46.63,0.9923221033000902
603421,鼎信通讯,2026-09-09,9.758292124409126,10.156589762140111,9.712334704670935,10.156589762140111,26980470.0,176790298.0,0.041369001150646914,6.37,6.63,6.34,6.63,2026-09-08,6.03,1.5319139912730182
603435,嘉德利,2026-09-09,44.1157624629315,44.73016219337114,43.08245382537392,43.30587190917015,1939127.0,91022528.0,0.05433624428378957,47.39,48.05,46.28,46.52,2026-09-08,47.55,0.930908682484311
603439,三力制药,2026-09-09,12.900999298424122,12.91170552190829,12.633343711319887,12.761818393129918,6648248.0,79250175.0,0.016462570434045132,12.05,12.06,11.8,11.92,2026-09-08,12.17,1.0706223484169395
603444,吉比特,2026-09-09,497.27736170027265,497.46249387434386,477.66569339365986,478.6036964089541,2047200.0,802654398.0,0.0284171115041676,402.91,403.06,387.02,387.78,2026-09-08,402.87,1.2342144938082267
603456,九洲药业,2026-09-09,61.44047300095244,62.85895357815121,60.873080770072924,62.12944928130612,19871631.0,303836096.0,0.022537603485212943,15.16,15.51,15.02,15.33,2026-09-08,15.25,4.052801649139343
603458,勘设股份,2026-09-09,28.875091491198916,29.684673495625056,28.389342288543233,29.522757094739823,15955238.0,172579817.0,0.05212009254508772,10.7,11.0,10.52,10.94,2026-09-08,10.76,2.6986066814204595
603459,红板科技,2026-09-09,71.36130609111463,72.16764853282214,69.87763599837281,70.97426171909503,9003858.0,795565994.0,0.11389811988985762,88.5,89.5,86.66,88.02,2026-09-08,87.38,0.8063424417075099
603466,风语筑,2026-09-09,55.82498568603289,58.86585889006882,53.01104331811903,58.59354188672232,105113356.0,1289945476.0,0.1767120395436606,12.3,12.97,11.68,12.91,2026-09-08,12.62,4.538616722441698
603477,巨星农牧,2026-09-09,15.324321417180132,15.583242993064903,15.305142041188669,15.573653305069168,12111917.0,195822454.0,0.02374555981504474,15.98,16.25,15.96,16.24,2026-09-08,16.04,0.9589687995732248
603486,科沃斯,2026-09-09,75.75792045688917,75.88813842558895,73.81911958958146,74.397866117136,3732926.0,192555096.0,0.00649644264246875,52.36,52.45,51.02,51.42,2026-09-08,52.26,1.4468663188863478
603488,展鹏科技,2026-09-09,14.36383917056011,14.712960261511222,13.881719568770476,14.39708879826974,15841840.0,136883541.0,0.05425465299480353,8.64,8.85,8.35,8.66,2026-09-08,8.57,1.6624813854814942
603489,八方股份,2026-09-09,59.55628527890932,61.1787776130605,59.18852034983505,60.22691544369181,2603524.0,72526158.0,0.011096864831488468,27.53,28.28,27.36,27.84,2026-09-08,27.55,2.1633231122015735
603496,恒为科技,2026-09-09,59.72615635591413,61.06743067302184,59.72615635591413,60.199547291363906,6624154.0,151803905.0,0.020686954373768655,22.71,23.22,22.71,22.89,2026-09-08,22.7,2.629949641387676
603499,翔港科技,2026-09-09,32.32319375997907,32.91838004734413,31.842466374030373,32.300301979695796,5229486.0,73520190.0,0.012344403155845497,14.12,14.38,13.91,14.11,2026-09-08,14.23,2.2891780283271297
603500,祥和实业,2026-09-09,28.810086410413597,29.02081849492028,28.41872682490118,28.870295577415504,4529900.0,43152778.0,0.013619291902109861,9.57,9.64,9.44,9.59,2026-09-08,9.57,3.0104583500954645
603501,豪威集团,2026-09-09,114.6209525844655,115.54969378591032,113.87795962330966,114.32089773476795,12053885.0,966357300.0,0.009986176585611552,80.22,80.87,79.7,80.01,2026-09-08,80.47,1.4288326176073984
603505,金石资源,2026-09-09,56.64027387773235,57.113489533523165,55.94865099619191,56.67667508202395,6341528.0,98410742.0,0.007534469499228078,15.56,15.69,15.37,15.57,2026-09-08,15.55,3.6401204291601763
603506,南都物业,2026-09-09,28.889578313793375,28.914019581402336,28.49851803204998,28.71848944053064,3404662.0,40000575.0,0.018131335976659942,11.82,11.83,11.66,11.75,2026-09-08,11.87,2.4441267608962245
603507,振江股份,2026-09-09,31.42730703427823,31.75014225615782,31.230798638351523,31.3992344062887,3181610.0,71394905.0,0.01346406423519984,22.39,22.62,22.25,22.37,2026-09-08,22.4,1.4036313994764729
603508,思维列控,2026-09-09,58.605710171263176,58.63291802185337,57.89830605591832,58.03434530886924,1818100.0,38860901.0,0.004768481990070893,21.54,21.55,21.28,21.33,2026-09-08,21.54,2.7207850590187177
603511,爱慕股份,2026-09-09,13.745341955986126,14.025419456656689,13.713025321293369,13.756114167550377,1022000.0,13080183.0,0.002543001407319871,12.76,13.02,12.73,12.77,2026-09-08,12.85,1.077221156425245
603515,欧普照明,2026-09-09,26.517721245125735,26.517721245125735,26.052498065386683,26.104189529802134,1409778.0,21425551.0,0.0019109141998076642,15.39,15.39,15.12,15.15,2026-09-08,15.41,1.7230488138483258
603516,淳中科技,2026-09-09,176.56050956009264,179.07159236272506,171.22445860449872,172.69579618416617,4644468.0,413646989.0,0.022848956181697196,90.0,91.28,87.28,88.03,2026-09-08,89.5,1.9617834395565847
603518,锦泓集团,2026-09-09,12.818513079403838,12.865125854238032,12.694212346512648,12.865125854238032,5015800.0,41251121.0,0.014577678735512883,8.25,8.28,8.17,8.28,2026-09-08,8.25,1.5537591611398591
603519,立霸股份,2026-09-09,78.73841223727591,79.62194557591201,78.37460439195516,78.94630243460205,3679079.0,55840620.0,0.013814098495351063,15.15,15.32,15.08,15.19,2026-09-08,15.25,5.197254933153525
603520,司太立,2026-09-09,27.535035610573257,27.535035610573257,26.976892996845415,27.100924688784936,5092649.0,44585744.0,0.01161618207231967,8.88,8.88,8.7,8.74,2026-09-08,8.88,3.100792298487979
603527,众源新材,2026-09-09,22.680832895979634,23.561641940483693,22.614772217641825,23.187298096569467,12463069.0,131126235.0,0.03931924730070114,10.3,10.7,10.27,10.53,2026-09-08,10.26,2.2020226112601584
603528,多伦科技,2026-09-09,20.824479019903215,21.181841374378934,20.499604152198017,20.727016559591657,7824100.0,50027487.0,0.011083391480848973,6.41,6.52,6.31,6.38,2026-09-08,6.41,3.248748677051984
603529,爱玛科技,2026-09-09,51.26807551355671,51.85601215935438,50.86827859441429,51.315110445220526,3912660.0,85446544.0,0.004598985341821185,21.8,22.05,21.63,21.82,2026-09-08,21.8,2.3517465831906748
603530,神马电力,2026-09-09,52.771700563582044,53.083959146798506,51.2642453342612,51.41499085719328,3968500.0,191384384.0,0.009283805921280426,49.01,49.3,47.61,47.75,2026-09-08,49.3,1.0767537352291787
603533,掌阅科技,2026-09-09,24.988250143832367,25.442206793844186,24.451755921091127,24.771589015417636,28995806.0,699089403.0,0.066065197303143,24.22,24.66,23.7,24.01,2026-09-08,24.71,1.031719659117769
603535,嘉诚国际,2026-09-09,20.70342191112012,20.734982005496832,20.450941156106463,20.514061344859876,2830300.0,18450612.0,0.005539632908571447,6.56,6.57,6.48,6.5,2026-09-08,6.53,3.1560094376707504
603536,惠发食品,2026-09-09,19.800452362746665,19.876171109831738,19.40292894055003,19.61115549503398,10176519.0,105392908.0,0.04230833319405888,10.46,10.5,10.25,10.36,2026-09-08,10.59,1.8929686771268321
603538,美诺华,2026-09-09,44.867033848257726,45.378339077297696,43.20529185387781,43.4609444683978,39737969.0,1098562027.0,0.11794483788227786,28.08,28.4,27.04,27.2,2026-09-08,28.07,1.597828840749919
603551,奥普科技,2026-09-09,12.982308168596754,13.022459637159427,12.781550825783405,12.888621408617192,2087800.0,20049249.0,0.0054765221811490065,9.7,9.73,9.55,9.63,2026-09-08,9.75,1.338382285422346
603556,海兴电力,2026-09-09,35.75394418656533,35.91579331662797,34.606286718848416,35.01826632264423,6871129.0,163925350.0,0.014130444774493666,24.3,24.41,23.52,23.8,2026-09-08,24.41,1.4713557278421945
603558,健盛集团,2026-09-09,58.983634040505905,59.566188450782505,58.64381063451122,59.274911245644205,1687000.0,20504008.0,0.004923562940320151,12.15,12.27,12.08,12.21,2026-09-08,12.15,4.854620085638346
603565,中谷物流,2026-09-09,49.411327440912856,51.67790209416574,49.16406475146709,51.14216626703325,27899450.0,343737017.0,0.013285053177756821,11.99,12.54,11.93,12.41,2026-09-08,12.02,4.121044824096152
603566,普莱柯,2026-09-09,25.008917570581545,25.101629035162016,24.684427444549904,24.77713890913037,2677900.0,28754473.0,0.0077382026557977325,10.79,10.83,10.65,10.69,2026-09-08,10.8,2.317786614511728
603567,珍宝岛,2026-09-09,14.415786176929629,14.492330174329252,14.084095521531246,14.135124853130998,19066435.0,106404463.0,0.02029632551042838,5.65,5.68,5.52,5.54,2026-09-08,5.69,2.5514665799875447
603568,伟明环保,2026-09-09,70.9231858734646,70.9231858734646,70.03355706111454,70.23125235274789,3704515.0,52797924.0,0.0018084413019514374,14.35,14.35,14.17,14.21,2026-09-08,14.29,4.942382290833771
603569,长久物流,2026-09-09,10.030816352543333,10.04750656278051,9.83053382969721,9.980745721831804,3827700.0,22815481.0,0.006342425867555981,6.01,6.02,5.89,5.98,2026-09-08,6.02,1.6690210237176928
603577,汇金通,2026-09-09,22.043358465836455,22.346508778726154,21.97839768450295,22.129972840947797,2426240.0,24845141.0,0.007154114639096464,10.18,10.32,10.15,10.22,2026-09-08,10.23,2.165359377783542
603578,三星新材,2026-09-09,27.049806831246805,27.706162438181472,26.274113841233113,26.91057988432127,5149041.0,69300895.0,0.028549155765659306,13.6,13.93,13.21,13.53,2026-09-08,13.6,1.9889563846505005
603579,荣泰健康,2026-09-09,62.53741834939363,62.53741834939363,61.3066287329428,62.171507922881226,1987800.0,36986477.0,0.009886976509264024,18.8,18.8,18.43,18.69,2026-09-08,18.76,3.3264584228400866
603583,捷昌驱动,2026-09-09,73.32281685599351,73.84264279639048,72.11900941507422,72.41996127530403,3987870.0,106062856.0,0.010404216057268155,26.8,26.99,26.36,26.47,2026-09-08,26.8,2.73592600208931
603585,苏利股份,2026-09-09,22.174161803423406,22.53439186882198,22.054085114957214,22.374289617533726,5328284.0,59392712.0,0.019676375513522613,11.08,11.26,11.02,11.18,2026-09-08,11.13,2.0012781411031955
603586,金麒麟,2026-09-09,17.68660945727805,17.68660945727805,17.326671440252742,17.413553030569194,1208000.0,16973057.0,0.0061616060736297655,14.25,14.25,13.96,14.03,2026-09-08,14.17,1.2411655759493367
603587,地素时尚,2026-09-09,20.790635363407866,20.89859860342556,20.25081916331938,20.358782403337077,3678100.0,48729432.0,0.007780999184166012,13.48,13.55,13.13,13.2,2026-09-08,13.5,1.542332000252809
603588,高能环境,2026-09-09,103.62234988727904,104.86372734494506,102.64231505227957,104.27570644394538,43697983.0,695321172.0,0.028687627698537548,15.86,16.05,15.71,15.96,2026-09-08,15.86,6.533565566663244
603589,口子窖,2026-09-09,24.274360606466896,24.274360606466896,23.201598524166716,23.263968412672536,12686131.0,238363328.0,0.02121002842054271,19.46,19.46,18.6,18.65,2026-09-08,19.41,1.24739777011649
603590,康辰药业,2026-09-09,34.04680863038941,34.04680863038941,33.47241655624126,33.65261799126813,1442800.0,43180259.0,0.009108098425818462,30.23,30.23,29.72,29.88,2026-09-08,30.33,1.1262589689179427
603596,伯特利,2026-09-09,57.48880651837349,58.025368712544974,56.568985614079516,56.85642964667139,13732986.0,407920287.0,0.015298959531105986,30.0,30.28,29.52,29.67,2026-09-08,30.13,1.9162935506124497
603598,引力传媒,2026-09-09,36.08036241154294,36.25522684972489,34.895170108309706,35.108893310532096,19897000.0,360481909.0,0.07377057081819079,18.57,18.66,17.96,18.07,2026-09-08,18.89,1.9429382020216985
603599,广信股份,2026-09-09,49.12943260945944,50.084244903989564,48.86902925640577,49.52003763903995,22583820.0,257012154.0,0.02481004125213071,11.32,11.54,11.26,11.41,2026-09-08,11.43,4.340055884227866
603600,XD永艺股,2026-09-09,35.569720790515994,36.08993608544127,34.529290200665436,35.89485534984429,9398650.0,102554675.0,0.028443421706119878,10.94,11.1,10.62,11.04,2026-09-08,10.92,3.251345593282998
603601,再升科技,2026-09-09,127.4117348335023,130.10153812443178,127.4117348335023,128.11957780479955,43213608.0,392843970.0,0.03782899247863885,9.0,9.19,9.0,9.05,2026-09-08,9.0,14.156859425944699
603602,纵横通信,2026-09-09,30.546756184786034,30.59822502418753,30.057802210471852,30.263677568077824,2559900.0,30078393.0,0.011079060694737734,11.87,11.89,11.68,11.76,2026-09-08,11.85,2.573441970074645
603605,珀莱雅,2026-09-09,129.64755295281262,129.92071635449602,126.2855418551708,126.70579324237602,4036273.0,244522207.0,0.010193223782950537,61.7,61.83,60.1,60.3,2026-09-08,61.96,2.1012569360261364
603606,东方电缆,2026-09-09,173.22491134597388,174.50125168892978,171.28487402468093,174.0928227791839,8387103.0,284893703.0,0.010168545937660136,33.93,34.18,33.55,34.1,2026-09-08,33.99,5.105361371823575
603607,京华激光,2026-09-09,48.71541361792371,49.096830514453785,47.5499731007485,48.185667928298614,4244000.0,96297249.0,0.023773672841995823,22.99,23.17,22.44,22.74,2026-09-08,22.95,2.118982758500379
603608,天创时尚,2026-09-09,36.17393244604448,36.80122607227647,33.77734910479921,35.61097662763117,21163448.0,467650945.0,0.04979287046690132,22.49,22.88,21.0,22.14,2026-09-08,22.46,1.608445195466629
603609,禾丰股份,2026-09-09,11.130301433523476,11.257686857655361,11.034762365424562,11.130301433523476,8424419.0,58988786.0,0.009318875074406393,6.99,7.07,6.93,6.99,2026-09-08,7.0,1.592317801648566
603610,麒盛科技,2026-09-09,42.6856539139029,42.89504394711756,42.02757095237111,42.65574105201509,3268376.0,46397142.0,0.009259075302526799,14.27,14.34,14.05,14.26,2026-09-08,14.27,2.9912861887808617
603611,诺力股份,2026-09-09,63.36081083775063,63.36081083775063,62.7032200048802,63.051356328164545,974000.0,15838242.0,0.003781044290349248,16.38,16.38,16.21,16.3,2026-09-08,16.37,3.8681813698260457
603612,索通发展,2026-09-09,25.472199440456013,26.01982952720608,25.33899212205735,25.960626274584452,13444163.0,233748390.0,0.026990649766498075,17.21,17.58,17.12,17.54,2026-09-08,17.18,1.4800813155407329
603613,国联股份,2026-09-09,89.62337776915577,90.92356684134464,88.81636386227993,89.57854366321823,10615500.0,212387449.0,0.014732745191819656,19.99,20.28,19.81,19.98,2026-09-08,20.01,4.483410593754666
603615,茶花股份,2026-09-09,20.551079305196772,21.431044218535817,20.38399735962607,21.319656254822018,7166141.0,135870481.0,0.029634194855677778,18.45,19.24,18.3,19.14,2026-09-08,18.45,1.1138796371380364
603616,韩建河山,2026-09-09,11.570172703996482,11.628509709226718,11.297933346255387,11.3757160198957,10151600.0,59627427.0,0.026416302144457483,5.95,5.98,5.81,5.85,2026-09-08,5.94,1.944566841007812
603617,君禾股份,2026-09-09,20.061778724224673,20.40180887209289,20.0051070329133,20.28846548947015,4325200.0,30848406.0,0.011184136135005462,7.08,7.2,7.06,7.16,2026-09-08,7.12,2.8335845655684566
603618,杭电股份,2026-09-09,128.93043783939558,141.32883071582972,124.36937102993016,133.55574502645908,169171454.0,6910451043.0,0.24468819854936857,40.14,44.0,38.72,41.58,2026-09-08,40.11,3.212018879905221
603619,XD中曼石,2026-09-09,23.976110328848225,24.194420122024592,23.197788457523778,23.49203209180497,40941033.0,1018103495.0,0.08855208132900715,25.26,25.49,24.44,24.75,2026-09-08,24.9,0.9491730138103018
603626,科森科技,2026-09-09,41.92518044763679,42.19997095618872,39.17727536211753,39.43243797720146,67647142.0,1386912634.0,0.12191317004232034,21.36,21.5,19.96,20.09,2026-09-08,21.69,1.9627893467994753
603628,清源股份,2026-09-09,10.970404050402145,11.042106037659675,10.837243216923873,11.031862896622885,10835711.0,115860936.0,0.0398117528435603,10.71,10.78,10.58,10.77,2026-09-08,10.76,1.024314103679005
603629,利通电子,2026-09-09,223.98175467465583,226.72926419866494,214.66411368019013,217.53108014002575,22725101.0,2511753997.0,0.06299868819156175,112.5,113.88,107.82,109.26,2026-09-08,108.99,1.9909489304413852
603630,拉芳家化,2026-09-09,21.035595007366553,21.177248845799994,20.468979653632772,20.52564118900615,5940886.0,86486671.0,0.026379951953019783,14.85,14.95,14.45,14.49,2026-09-08,14.92,1.416538384334448
603633,徕木股份,2026-09-09,18.25474014563754,18.475341235010806,18.14443960095091,18.227165009465885,4348586.0,28873419.0,0.010188556186033692,6.62,6.7,6.58,6.61,2026-09-08,6.65,2.7575136171657917
603636,南威软件,2026-09-09,32.81983365788645,32.91228389354247,31.98778153698229,32.311357361778356,8575870.0,59844685.0,0.014776797628600938,7.1,7.12,6.92,6.99,2026-09-08,7.09,4.622511782800909
603637,镇海股份,2026-09-09,38.05478897818333,38.95351881235095,37.92639900187367,38.003432987659465,4759450.0,71120853.0,0.019940224615803304,14.82,15.17,14.77,14.8,2026-09-08,14.88,2.567799526193207
603638,艾迪精密,2026-09-09,85.28433150791808,85.37638151494227,82.93705632880106,83.48935637094624,8659335.0,157721408.0,0.009832398674468617,18.53,18.55,18.02,18.14,2026-09-08,18.52,4.602500351209826
603639,海利尔,2026-09-09,37.5328911756381,38.073905823214865,37.26238385184971,37.60051800658519,3553400.0,39703601.0,0.010454917609105866,11.1,11.26,11.02,11.12,2026-09-08,11.13,3.3813415473547836
603648,畅联股份,2026-09-09,11.62493591103767,11.76934505278969,11.564765435307661,11.588833625599666,1987400.0,19238692.0,0.0054838018966217525,9.66,9.78,9.61,9.63,2026-09-08,9.68,1.2034095146001729
603650,彤程新材,2026-09-09,70.7489112436835,77.42020119652747,70.7489112436835,77.42020119652747,33495164.0,2156858320.0,0.05450029060821747,59.6,65.22,59.6,65.22,2026-09-08,59.29,1.1870622691893205
603655,朗博科技,2026-09-09,31.82512460958003,32.5982891601739,31.553472199911912,31.616161217527633,1152800.0,35268637.0,0.010875471698113207,30.46,31.2,30.2,30.26,2026-09-08,30.6,1.044816960261984
603656,泰禾智能,2026-09-09,35.360619177351865,36.01205257612864,35.279190002504755,35.38097647106363,1135900.0,19876161.0,0.006208957758851689,17.37,17.69,17.33,17.38,2026-09-08,17.48,2.0357293711774243
603657,春光科技,2026-09-09,43.23726284422214,44.26940936493464,42.26962548105417,43.78559068335065,3620100.0,97413980.0,0.026777858281730054,26.81,27.45,26.21,27.15,2026-09-08,26.8,1.6127289386132837
603658,安图生物,2026-09-09,49.874722271394134,50.09123269365755,49.28705112525058,49.58088669832236,1897255.0,60853270.0,0.0033202183493733334,32.25,32.39,31.87,32.06,2026-09-08,32.23,1.54650301616726
603659,璞泰来,2026-09-09,94.30035948877064,94.38554499869727,93.10776234979792,94.00221020402746,20895777.0,459792165.0,0.00974532749734523,22.14,22.16,21.86,22.07,2026-09-08,22.22,4.259275496331104
603660,苏州科达,2026-09-09,19.637290990835265,19.896990668231865,19.177822330825894,19.297683720393554,15899400.0,155030107.0,0.027820828002323234,9.83,9.96,9.6,9.66,2026-09-08,9.93,1.9976898261276972
603661,恒林股份,2026-09-09,48.29415616449015,48.458523651436124,46.261976325885364,46.57576880096405,3037200.0,96268004.0,0.021839827730269153,32.32,32.43,30.96,31.17,2026-09-08,32.5,1.4942498813270466
603662,柯力传感,2026-09-09,120.53930913780245,121.02146637435366,118.34549371149444,118.82765094804564,2487398.0,123229635.0,0.008857312855340586,50.0,50.2,49.09,49.29,2026-09-08,49.95,2.410786182756049
603663,三祥新材,2026-09-09,110.11778028852095,119.90045325264924,109.58823388875332,116.86252916977179,42817280.0,1807469018.0,0.07218419984497888,39.51,43.02,39.32,41.93,2026-09-08,39.11,2.787086314566463
603665,康隆达,2026-09-09,36.62793343998217,37.137110990044704,35.970930149578905,36.578658193201925,2570800.0,57185290.0,0.01605067618280881,22.3,22.61,21.9,22.27,2026-09-08,22.33,1.6425082260081691
603666,亿嘉和,2026-09-09,76.67786210766509,77.90208031109744,75.8418106516625,76.17025943794924,3226855.0,83027955.0,0.015700133342791786,25.68,26.09,25.4,25.51,2026-09-08,25.71,2.9858980571520672
603667,五洲新春,2026-09-09,75.75085522541748,76.19644849144935,73.76053863714179,74.20613190317367,8607929.0,433003587.0,0.02350590903504089,51.0,51.3,49.66,49.96,2026-09-08,50.97,1.4853108867728917
603668,天马科技,2026-09-09,19.090346906872,20.011949860996854,18.82703177712204,19.031832433594232,24128113.0,318821677.0,0.04770318088967012,13.05,13.68,12.87,13.01,2026-09-08,13.06,1.4628618319442146
603669,灵康药业,2026-09-09,17.70586962407686,17.738719103898898,17.24597690656837,17.37737482585651,11226900.0,59628532.0,0.015760787329865036,5.39,5.4,5.25,5.29,2026-09-08,5.35,3.2849479822034993
603676,卫信康,2026-09-09,10.293589164394163,10.32708240462538,10.170780616879698,10.248931510752538,909400.0,8331110.0,0.002089798844796702,9.22,9.25,9.11,9.18,2026-09-08,9.24,1.1164413410405816
603677,奇精机械,2026-09-09,39.36041655977672,39.97629789997237,38.716540613208544,39.024481283306365,1505440.0,21075420.0,0.00781637195658493,14.06,14.28,13.83,13.94,2026-09-08,14.06,2.7994606372529676
603678,火炬电子,2026-09-09,117.01471026166732,120.12626097045622,116.14755678544746,117.14223283169964,15379419.0,710652345.0,0.03233914660425365,45.88,47.1,45.54,45.93,2026-09-08,45.77,2.5504514006466286
603679,华体科技,2026-09-09,35.39595767188752,35.95649620589578,33.905745471719214,34.47995567728865,22947109.0,581428802.0,0.1291440010791608,25.89,26.3,24.8,25.22,2026-09-08,26.15,1.3671671561177103
603680,今创集团,2026-09-09,20.547441960523297,20.957570542569673,20.547441960523297,20.711493393341847,3574560.0,36184527.0,0.004561023865337655,10.02,10.22,10.02,10.1,2026-09-08,10.07,2.050642910231866
603681,永冠新材,2026-09-09,19.683947720231757,19.975481778622463,19.64075748935906,19.835113528286197,4850447.0,89172917.0,0.020402160612627573,18.23,18.5,18.19,18.37,2026-09-08,18.26,1.0797557718174304
603682,锦和商管,2026-09-09,14.683391114533,14.724947881838284,14.253971185711752,14.392493743396027,8033800.0,83907897.0,0.017002751322751322,10.6,10.63,10.29,10.39,2026-09-08,10.53,1.385225576842736
603683,晶华新材,2026-09-09,31.711895162246677,31.82920180279753,30.753890931081397,30.929850891907673,14904200.0,237789527.0,0.05167297989745929,16.22,16.28,15.73,15.82,2026-09-08,16.22,1.955110675847514
603685,晨丰科技,2026-09-09,49.41242638868669,50.0213823477022,48.85566665472966,49.62121128892058,1923300.0,54722931.0,0.009546535967724578,28.4,28.75,28.08,28.52,2026-09-08,28.42,1.7398741686157286
603686,福龙马,2026-09-09,43.846284459240955,44.45929358707434,43.717229906012875,44.0721299273901,14608057.0,199523454.0,0.03516366847333591,13.59,13.78,13.55,13.66,2026-09-08,13.76,3.226363830702057
603687,大胜达,2026-09-09,14.47799196487606,15.183118708263443,14.47799196487606,15.045756355655511,23133186.0,377980288.0,0.04205790157640758,15.81,16.58,15.81,16.43,2026-09-08,15.92,0.915749017386215
603688,石英股份,2026-09-09,126.86151332244526,133.0309890229684,126.03357502497246,127.10188250558254,17860146.0,862214633.0,0.03297186976604115,47.5,49.81,47.19,47.59,2026-09-08,46.86,2.6707687015251635
603689,皖天然气,2026-09-09,13.525022917396358,13.73124944218512,13.507837373663962,13.610950636058343,5006330.0,39646986.0,0.009564140726003206,7.87,7.99,7.86,7.92,2026-09-08,7.89,1.7185543732396897
603690,至纯科技,2026-09-09,29.982689189114772,30.282766145135934,29.082458321051277,29.270006418564503,12683769.0,299950691.0,0.03311998182597984,23.98,24.22,23.26,23.41,2026-09-08,23.8,1.250320650088189
603693,江苏新能,2026-09-09,14.861025013997963,15.096499001895818,14.78253368469868,15.057253337246177,5851510.0,66995312.0,0.006563845563606275,11.36,11.54,11.3,11.51,2026-09-08,11.37,1.3081888216547504
603696,安记食品,2026-09-09,34.433610515914,34.62826066015319,31.00776797730412,32.11727379946755,42708846.0,704300600.0,0.18158522959183673,17.69,17.79,15.93,16.5,2026-09-08,17.7,1.9465014423919724
603697,有友食品,2026-09-09,17.10232074401867,17.32136524615881,16.866426664790826,17.136019898194075,5802680.0,58955030.0,0.013567423918129066,10.15,10.28,10.01,10.17,2026-09-08,10.19,1.6849577087703123
603698,航天工程,2026-09-09,32.286478129833895,32.91080229256549,32.108099797624874,32.53918076713002,8032575.0,176135024.0,0.014986426985578088,21.72,22.14,21.6,21.89,2026-09-08,21.72,1.4864861017418922
603699,纽威股份,2026-09-09,57.70939539549325,58.73756644182685,57.66985035524965,58.38166107963445,3815678.0,168582280.0,0.005010282305673648,43.78,44.56,43.75,44.29,2026-09-08,44.02,1.318168008119992
603700,宁水集团,2026-09-09,19.097097877002494,19.1435628353407,18.678913251958647,18.709889890850782,3296684.0,40228877.0,0.016486557886562548,12.33,12.36,12.06,12.08,2026-09-08,12.29,1.5488319446068528
603701,德宏股份,2026-09-09,73.27120911394269,73.41834005593856,71.72633422298605,72.90338175895302,3972366.0,78287206.0,0.015198718653335781,19.92,19.96,19.5,19.82,2026-09-08,19.92,3.678273549896721
603703,盛洋科技,2026-09-09,34.05106765363523,35.753621036317,34.05106765363523,34.68535224718334,14208380.0,148964161.0,0.034238535385572755,10.2,10.71,10.2,10.39,2026-09-08,10.24,3.33833996604267
603706,东方环宇,2026-09-09,25.890943556621203,25.890943556621203,25.55789450639621,25.67373765430056,1007400.0,17879658.0,0.005319387280509667,17.88,17.88,17.65,17.73,2026-09-08,17.81,1.448039348804318
603707,健友股份,2026-09-09,29.90932011839476,29.94771462432338,29.602164070965802,29.64055857689442,7226002.0,55857637.0,0.0044725017411247625,7.79,7.8,7.71,7.72,2026-09-08,7.84,3.8394505928619718
603708,家家悦,2026-09-09,18.65195021558657,18.804835053419247,18.346180539921217,18.671060820315656,8009663.0,78121245.0,0.012547669933989194,9.76,9.84,9.6,9.77,2026-09-08,9.8,1.9110604729084602
603709,中源家居,2026-09-09,18.998080559478314,19.221587389589825,18.7298723633445,18.759673274026035,2386031.0,30213853.0,0.014670443377524794,12.75,12.9,12.57,12.59,2026-09-08,12.69,1.4900455340767305
603711,香飘飘,2026-09-09,11.510616330396475,11.577705684528679,11.328516654894782,11.443526976264273,3679600.0,43900027.0,0.008912159905404575,12.01,12.08,11.82,11.94,2026-09-08,12.08,0.9584193447457515
603712,七一二,2026-09-09,11.41685166476981,11.580361756009141,11.349523980141852,11.41685166476981,6309800.0,75122726.0,0.008173316062176165,11.87,12.04,11.8,11.87,2026-09-08,11.9,0.9618240661137162
603713,密尔克卫,2026-09-09,75.52725330580927,75.87675992657059,74.12922682276398,75.22284431353327,1831579.0,121798834.0,0.010523380310764106,66.99,67.3,65.75,66.72,2026-09-08,66.61,1.1274407121332926
603716,塞力医疗,2026-09-09,58.794883909421216,59.84298132241262,58.15250162403938,58.93012228529108,10504433.0,183018295.0,0.04652286273703748,17.39,17.7,17.2,17.43,2026-09-08,17.65,3.380959396746476
603717,天域生物,2026-09-09,8.976332768328032,9.09781697120766,8.841350320684,8.908841544506016,8500967.0,56347273.0,0.029298904579980082,6.65,6.74,6.55,6.6,2026-09-08,6.69,1.3498244764403056
603719,良品铺子,2026-09-09,9.701186588299601,9.701186588299601,9.352988465489247,9.382004975723442,5429800.0,52943231.0,0.01364328260927466,10.03,10.03,9.67,9.7,2026-09-08,9.99,0.9672170078065405
603721,中广天择,2026-09-09,24.953801664743082,25.217398161201636,23.836654608323496,24.062594462430834,14572800.0,281079207.0,0.11209846153846154,19.88,20.09,18.99,19.17,2026-09-08,20.35,1.2552214117073985
603722,阿科力,2026-09-09,33.06748610735325,33.06748610735325,32.20887628166298,32.3079466461657,893900.0,26425999.0,0.009281860703329542,30.04,30.04,29.26,29.35,2026-09-08,29.88,1.1007818278080308
603725,天安新材,2026-09-09,22.427106981999284,22.594629723228035,22.0083001289274,22.15488252750256,7189400.0,76515712.0,0.023582807557939824,10.71,10.79,10.51,10.58,2026-09-08,10.73,2.09403426535941
603726,朗迪集团,2026-09-09,61.688470521730295,63.53527712362825,61.63717033834424,63.253126115004946,3844008.0,93741222.0,0.020821832328264928,24.05,24.77,24.03,24.66,2026-09-08,24.15,2.565009169302715
603727,博迈科,2026-09-09,18.965813976176136,18.965813976176136,18.451835277634775,18.65742675705132,2221000.0,40351411.0,0.00788373455892406,18.45,18.45,17.95,18.15,2026-09-08,18.27,1.0279573970827174
603728,鸣志电器,2026-09-09,57.712061483039086,57.86271545879802,56.275054329646146,56.645894885360455,4882027.0,239802340.0,0.011654884126216779,49.8,49.93,48.56,48.88,2026-09-08,49.99,1.1588767366072106
603730,岱美股份,2026-09-09,75.54178790469024,76.20852919246332,73.74158642770293,73.80826055648023,10493000.0,117428263.0,0.004883659527061599,11.33,11.43,11.06,11.07,2026-09-08,11.35,6.667412877730825
603733,仙鹤股份,2026-09-09,21.302391191849903,21.71810241236596,21.234978561495947,21.628218905227353,6524964.0,124507974.0,0.007984017389567246,18.96,19.33,18.9,19.25,2026-09-08,19.0,1.1235438392325898
603737,三棵树,2026-09-09,189.46289476496608,189.943358572485,182.2559376521821,183.37701986972627,9251760.0,212625496.0,0.010449467895045153,23.66,23.72,22.76,22.9,2026-09-08,23.6,8.007730125315558
603738,泰晶科技,2026-09-09,191.1801481087912,197.23418613223626,188.84350185412822,190.06493057815658,29273024.0,1062884965.0,0.07585896046612467,36.0,37.14,35.56,35.79,2026-09-08,35.46,5.310559669688645
603739,蔚蓝生物,2026-09-09,19.43952413232409,19.62868117852186,19.308569254187177,19.454074674339303,5368120.0,71715326.0,0.021215445039381393,13.36,13.49,13.27,13.37,2026-09-08,13.59,1.4550542015212644
603755,日辰股份,2026-09-09,25.01781010437597,25.251986173995714,24.793391370990385,24.959266086971034,1136040.0,29113857.0,0.011520105410120529,25.64,25.88,25.41,25.58,2026-09-08,25.74,0.9757336234155995
603757,大元泵业,2026-09-09,161.73254022916242,162.87957952156785,153.7032651823246,155.35500176338837,10926099.0,748771915.0,0.05857013959127644,70.5,71.0,67.0,67.72,2026-09-08,71.27,2.2940785848108147
603758,秦安股份,2026-09-09,14.854953497711648,14.854953497711648,14.4993828022877,14.538890657334806,7395201.0,82163257.0,0.01707441000414187,11.28,11.28,11.01,11.04,2026-09-08,11.3,1.3169285015701817
603759,海天股份,2026-09-09,12.29871968604985,12.29871968604985,12.153268336280535,12.201752119536973,2489816.0,18793606.0,0.005392013167013167,7.61,7.61,7.52,7.55,2026-09-08,7.61,1.6161261085479435
603766,隆鑫通用,2026-09-09,49.65108223216403,50.17080744743441,49.200653712263026,49.82432397058749,7482950.0,107636979.0,0.0036439237895249128,14.33,14.48,14.2,14.38,2026-09-08,14.35,3.4648347684692276
603767,中马传动,2026-09-09,23.27153850963677,23.403388586178618,22.92543205871441,22.991357096985336,2548200.0,35700826.0,0.008256448223852717,14.12,14.2,13.91,13.95,2026-09-08,14.16,1.6481259567731423
603768,常青股份,2026-09-09,11.567644012114833,11.567644012114833,11.259173505125105,11.345930835215965,2159824.0,25478234.0,0.009076574232001358,12.0,12.0,11.68,11.77,2026-09-08,11.78,0.9639703343429028
603773,沃格光电,2026-09-09,212.1611803887249,216.5271223655785,201.3289243488556,202.98090239415157,19133759.0,1689901017.0,0.08516056353253672,89.9,91.75,85.31,86.01,2026-09-08,86.7,2.3599686361370953
603776,永安行,2026-09-09,50.00161292194627,51.32798203348939,49.6762771021338,50.1267420834126,2472881.0,49744947.0,0.008807792997372865,19.98,20.51,19.85,20.03,2026-09-08,19.98,2.50258322932664
603777,来伊份,2026-09-09,19.896073758419206,21.26678447664015,19.522243562540766,20.256058391487333,15062940.0,221890969.0,0.045041422036468506,14.37,15.36,14.1,14.63,2026-09-08,14.38,1.38455628103126
603778,国晟科技,2026-09-09,66.52394095254061,66.95914430456659,65.15615898903044,65.34267471132728,51886600.0,550251250.0,0.08071248899650554,10.7,10.77,10.48,10.51,2026-09-08,10.68,6.2171907432280955
603779,威龙股份,2026-09-09,13.741427484438214,13.880542048397656,13.184969228600444,13.277712271240073,30341468.0,263658003.0,0.09136718975776743,8.89,8.98,8.53,8.59,2026-09-08,8.85,1.545717377327133
603786,科博达,2026-09-09,40.95304675582712,41.025621775394406,40.22729656015423,40.43465375891792,1376567.0,53763520.0,0.0034085530833090055,39.5,39.57,38.8,39.0,2026-09-08,39.46,1.036785993818408
603787,新日股份,2026-09-09,11.979847216201637,11.991213295154393,11.763891716099332,11.854820347721356,1557323.0,16250761.0,0.006766739176407932,10.54,10.55,10.35,10.43,2026-09-08,10.47,1.1366078952752978
603788,XD宁波高,2026-09-09,29.331130573277065,29.331130573277065,28.927296166833393,29.054822821499815,973500.0,13311572.0,0.004364197445742603,13.8,13.8,13.61,13.67,2026-09-08,13.78,2.125444244440367
603790,雅运股份,2026-09-09,29.84581357391813,31.042734946222737,29.84581357391813,30.733852011434447,2643850.0,62835227.0,0.01381610576923077,23.19,24.12,23.19,23.88,2026-09-08,23.18,1.2870122282845247
603797,联泰环保,2026-09-09,9.536762919544476,9.90959932997934,9.497516981603962,9.772238547187548,15111944.0,75197849.0,0.02620847724246117,4.86,5.05,4.84,4.98,2026-09-08,4.91,1.962296897025612
603798,康普顿,2026-09-09,37.029273242856895,37.33404092386806,36.29275134707991,37.18165708336248,3809280.0,55100478.0,0.01485390991954951,14.58,14.7,14.29,14.64,2026-09-08,14.58,2.5397306750930655
603799,华友钴业,2026-09-09,90.03790857420778,90.96173873321702,89.2562061319692,90.46429172451973,44421482.0,1688286625.0,0.02353322347498975,38.01,38.4,37.68,38.19,2026-09-08,37.98,2.3687952795108598
603800,洪田股份,2026-09-09,65.55898262297667,68.68407402262115,65.00416567159051,65.55898262297667,7411176.0,435845987.0,0.03563065384615385,57.9,60.66,57.41,57.9,2026-09-08,57.4,1.132279492624813
603801,志邦家居,2026-09-09,20.621233615980245,20.68537431151984,20.10810805166347,20.17224874720307,10524900.0,66480770.0,0.024231297490470406,6.43,6.45,6.27,6.29,2026-09-08,6.44,3.20703477697982
603803,瑞斯康达,2026-09-09,11.717639516282873,11.890856796088793,11.340637201411164,11.422151215437479,16583093.0,189132589.0,0.039029735857723485,11.5,11.67,11.13,11.21,2026-09-08,11.39,1.0189251753289454
603806,福斯特,2026-09-09,98.8922813530856,100.46091754006558,98.48307191300385,99.98350652663689,18082458.0,265058063.0,0.006931475914320452,14.5,14.73,14.44,14.66,2026-09-08,14.45,6.820157334695558
603808,歌力思,2026-09-09,19.146690948082487,19.385752923597703,19.081492227487423,19.342287109867666,2119700.0,18754042.0,0.005827622575251463,8.81,8.92,8.78,8.9,2026-09-08,8.92,2.1732906865019848
603809,XD豪能股,2026-09-09,69.84494876932995,70.00404888042183,69.04944821387062,69.20854832496248,5827181.0,50876207.0,0.006331904675659062,8.78,8.8,8.68,8.7,2026-09-08,8.78,7.955005554593389
603810,丰山集团,2026-09-09,26.043179181737482,26.043179181737482,25.490375850049656,25.55179844245942,2196980.0,27638013.0,0.013287474577191824,12.72,12.72,12.45,12.48,2026-09-08,12.68,2.0474197469919404
603811,诚意药业,2026-09-09,33.446451245403466,33.63098339020569,33.12351999199957,33.16965302820013,4098037.0,29625862.0,0.00894326504982973,7.25,7.29,7.18,7.19,2026-09-08,7.32,4.6133036200556505
603815,交建股份,2026-09-09,6.065688956543374,6.120631791294674,5.966791853991037,6.087666090443895,6965900.0,38186772.0,0.011254850926947464,5.52,5.57,5.43,5.54,2026-09-08,5.53,1.0988566950259737
603816,顾家家居,2026-09-09,52.500564482994065,54.28412024504699,52.066108592237576,53.75819995623652,5853982.0,136283620.0,0.007175049661019779,22.96,23.74,22.77,23.51,2026-09-08,23.05,2.2866099513499156
603817,海峡环保,2026-09-09,6.266220645094255,6.318613794300728,6.161434346681307,6.2871779047768435,10786200.0,64308295.0,0.018920368335378007,5.98,6.03,5.88,6.0,2026-09-08,5.98,1.047862984129474
603818,曲美家居,2026-09-09,6.506446547272781,6.701462656319104,6.488717810086753,6.630547707574988,19073800.0,71316230.0,0.027782347567585467,3.67,3.78,3.66,3.74,2026-09-08,3.67,1.7728737186029377
603819,神力股份,2026-09-09,26.86786784696933,27.760218530292587,26.705622268183287,27.208583562420028,6213074.0,104351540.0,0.028535657299554883,16.56,17.11,16.46,16.77,2026-09-08,16.63,1.6224557878604668
603823,百合花,2026-09-09,155.44222594444224,157.48720910747969,135.15693318925494,137.2254219058905,45247054.0,2746988786.0,0.10867090210243588,66.13,67.0,57.5,58.38,2026-09-08,63.84,2.3505553598131295
603826,坤彩科技,2026-09-09,29.366170879996105,29.900414599057072,28.521721130512653,29.624675905348187,21352183.0,361375442.0,0.025068309148116842,17.04,17.35,16.55,17.19,2026-09-08,17.03,1.7233668356805227
603829,洛凯股份,2026-09-09,16.417702707379572,16.655340946693435,16.23172495487307,16.438366902102516,2619800.0,41559430.0,0.014064820008448234,15.89,16.12,15.71,15.91,2026-09-08,15.88,1.0332097361472354
603833,欧派家居,2026-09-09,48.460724031311635,48.47615738291397,47.34952271594398,47.55015628677425,3003200.0,92641755.0,0.004958007441788891,31.4,31.41,30.68,30.81,2026-09-08,31.41,1.5433351602328547
603836,海程邦达,2026-09-09,10.406115608309895,10.515308846592266,10.35151898916871,10.471631551279316,2595180.0,24818543.0,0.009304077062788076,9.53,9.63,9.48,9.59,2026-09-08,9.54,1.0919323828237035
603839,安正时尚,2026-09-09,14.313349481969993,14.474173633452802,14.011804197939725,14.09221627368113,4199092.0,29539526.0,0.01084991274267072,7.12,7.2,6.97,7.01,2026-09-08,7.14,2.0103018935351114
603848,好太太,2026-09-09,15.5600823944604,15.571172973501355,15.216274444190784,15.360451971723203,1713100.0,23674179.0,0.004257137877175153,14.03,14.04,13.72,13.85,2026-09-08,13.98,1.1090579040955382
603855,华荣股份,2026-09-09,21.90939062878955,22.089186331487706,21.79380767705502,21.973603379753175,1487500.0,25395230.0,0.0044332516224210765,17.06,17.2,16.97,17.11,2026-09-08,17.03,1.284255019272541
603856,东宏股份,2026-09-09,17.230050638089004,17.24451751519907,17.027514358548075,17.12878249831854,1889200.0,22378028.0,0.006697959263842798,11.91,11.92,11.77,11.84,2026-09-08,11.91,1.4466877110066334
603858,步长制药,2026-09-09,34.845863070148276,34.9635855805204,34.61041804940403,34.798774065999424,3545784.0,52428855.0,0.0033623080862114395,14.8,14.85,14.7,14.78,2026-09-08,14.84,2.354450207442451
603859,能科科技,2026-09-09,57.42177757421736,57.465610992212945,55.82916338704442,56.22366414900468,6227500.0,240847178.0,0.025449769141884987,39.3,39.33,38.21,38.48,2026-09-08,39.43,1.4611139331861924
603860,中公高科,2026-09-09,27.523075111991634,27.523075111991634,27.04556144264368,27.208119287528092,1002421.0,26835158.0,0.015033308338332333,27.09,27.09,26.62,26.78,2026-09-08,26.97,1.0159865305275613
603861,白云电器,2026-09-09,13.000378100321015,13.055793181737556,12.878464921204618,12.978212067754397,4531500.0,53006726.0,0.008572864022450458,11.73,11.78,11.62,11.71,2026-09-08,11.74,1.1083016283308622
603863,松炀资源,2026-09-09,12.297869783481609,12.297869783481609,12.048069303504638,12.134538700419744,2487200.0,31418733.0,0.012153432689958466,12.8,12.8,12.54,12.63,2026-09-08,12.79,0.9607710768345007
603866,XD桃李面,2026-09-09,18.737609947738786,18.820519726268607,18.488880612149337,18.571790390679155,12539742.0,56365011.0,0.007838714664887537,4.52,4.54,4.46,4.48,2026-09-08,4.56,4.1454889264908825
603867,新化股份,2026-09-09,41.64435040926551,42.14789320833179,41.208853934397375,41.39938364215219,5223400.0,159536395.0,0.02421752921550677,30.6,30.97,30.28,30.42,2026-09-08,30.56,1.3609264839629251
603868,飞科电器,2026-09-09,40.131460797357896,40.3344011806568,39.192861524600474,39.33238303811847,1283400.0,40017918.0,0.0029462809917355373,31.64,31.8,30.9,31.01,2026-09-08,31.58,1.2683773956181383
603871,嘉友国际,2026-09-09,214.10463815787867,218.9671991380434,211.369447606536,216.23200858670074,9366765.0,133452598.0,0.006847007104248897,14.09,14.41,13.91,14.23,2026-09-08,14.15,15.19550306301481
603876,鼎胜新材,2026-09-09,39.71778002187349,40.17636884742724,39.319007130087606,39.996921046123596,11412148.0,227654693.0,0.012280803454969201,19.92,20.15,19.72,20.06,2026-09-08,19.8,1.993864458929392
603877,太平鸟,2026-09-09,16.63553599213658,16.648512229259932,16.35005877542285,16.505773620903067,1734100.0,22001088.0,0.00369489228284214,12.82,12.83,12.6,12.72,2026-09-08,12.8,1.2976237123351466
603878,武进不锈,2026-09-09,19.396670721361314,19.5458758807564,19.17286298226868,19.508574590907628,8792700.0,45627730.0,0.015669072831447955,5.2,5.24,5.14,5.23,2026-09-08,5.2,3.7301289848771755
603879,永悦科技,2026-09-09,14.443723777719788,14.60302955467993,14.098561260972804,14.204765112279567,5148582.0,27766650.0,0.014327707421881912,5.44,5.5,5.31,5.35,2026-09-08,5.47,2.6550962826690783
603880,南卫股份,2026-09-09,27.29808065264793,27.816226039661228,26.507227167206583,26.643581216420607,9343716.0,92640896.0,0.032326499263082877,10.01,10.2,9.72,9.77,2026-09-08,10.02,2.7270809842805126
603881,数据港,2026-09-09,72.75716900455706,73.43548878044064,72.25580221368658,73.02259848207672,18239414.0,450802381.0,0.021158126839108768,24.67,24.9,24.5,24.76,2026-09-08,24.75,2.9492164168851662
603882,金域医学,2026-09-09,27.64139964949589,28.12303009793408,27.49481646953645,27.892685100854948,5252249.0,139688002.0,0.011414593170206376,26.4,26.86,26.26,26.64,2026-09-08,26.51,1.0470227139960566
603883,老百姓,2026-09-09,34.61833274053218,34.79677775465864,34.28693485715448,34.43988772640573,9816368.0,133102589.0,0.012935161811727408,13.58,13.65,13.45,13.51,2026-09-08,13.58,2.5492144875207794
603885,吉祥航空,2026-09-09,31.560327561025648,31.810063090687574,31.43545979619469,31.685195325856615,8750594.0,88701073.0,0.004034381164997706,10.11,10.19,10.07,10.15,2026-09-08,10.18,3.1216941207740505
603886,元祖股份,2026-09-09,21.29739864820796,21.378997876745153,20.90572235122942,20.97100173405918,2778700.0,35918006.0,0.011577916666666667,13.05,13.1,12.81,12.85,2026-09-08,13.05,1.631984570743905
603887,城地香江,2026-09-09,21.110839733463166,21.110839733463166,20.408608058337578,20.496387017728274,25084894.0,235564030.0,0.0416672227718253,9.62,9.62,9.3,9.34,2026-09-08,9.6,2.1944739847674812
603888,新华网,2026-09-09,60.744809504940925,60.95548514484245,58.77850353252664,59.83188173203429,39001593.0,661775501.0,0.05254778121105118,17.3,17.36,16.74,17.04,2026-09-08,17.72,3.5112606650254867
603889,新澳股份,2026-09-09,61.63191773214752,62.32552452334532,61.33465767877704,61.92917778551801,5596996.0,34869051.0,0.0059407431032805795,6.22,6.29,6.19,6.25,2026-09-08,6.25,9.908668445682881
603890,春秋电子,2026-09-09,53.49882072856684,54.02792994456366,52.64636699168309,52.9991064690143,28773446.0,520459325.0,0.05708832795055734,18.2,18.38,17.91,18.03,2026-09-08,18.26,2.9394956444267497
603893,瑞芯微,2026-09-09,160.68527990238843,164.30707510018829,158.55981323701292,159.2909737699021,8439412.0,1600761385.0,0.019947105760470804,189.0,193.26,186.5,187.36,2026-09-08,188.59,0.8501866661502033
603895,天永智能,2026-09-09,36.562566000697096,37.29011344282385,35.91438737043872,36.12603753542105,918900.0,25310614.0,0.008502035529237601,27.64,28.19,27.15,27.31,2026-09-08,27.55,1.3228135311395477
603896,寿仙谷,2026-09-09,20.476688301277242,20.638772905245133,20.260575495986714,20.40915304962395,1623100.0,24584931.0,0.008187387803000563,15.16,15.28,15.0,15.11,2026-09-08,15.15,1.350705033065781
603897,XD长城科,2026-09-09,42.092572479831354,42.092572479831354,40.422447829825146,40.62612156763078,9422697.0,284267884.0,0.04564471100323011,31.0,31.0,29.77,29.92,2026-09-08,30.75,1.3578249187042373
603898,好莱客,2026-09-09,41.362386032475925,41.50236026608836,40.41755995559196,40.592527747607505,1976400.0,23071693.0,0.006582964427191065,11.82,11.86,11.55,11.6,2026-09-08,11.79,3.499355840310992
603899,晨光股份,2026-09-09,53.385738843181066,54.087884750749424,52.91009161547347,53.566937787069676,5356600.0,127218765.0,0.0058491232152179775,23.57,23.88,23.36,23.65,2026-09-08,23.57,2.2649867986075973
603900,莱绅通灵,2026-09-09,9.997116677326694,11.116196902400578,9.803142771647222,11.116196902400578,38954826.0,274873571.0,0.11366243445451592,6.7,7.45,6.57,7.45,2026-09-08,6.77,1.4921069667651783
603901,永创智能,2026-09-09,42.61285015909369,42.87374516006773,42.004095156820924,42.395437658281985,6698818.0,65309280.0,0.011775053689788711,9.8,9.86,9.66,9.75,2026-09-08,9.84,4.34825001623405
603903,中持股份,2026-09-09,29.909302861147975,31.979150810016346,29.909302861147975,31.296100986889783,13690768.0,206539197.0,0.05362210513667034,14.45,15.45,14.45,15.12,2026-09-08,14.45,2.069847948868372
603906,龙蟠科技,2026-09-09,36.16877274476817,36.70008768715595,35.91295443917406,36.32619939436455,9792940.0,180359955.0,0.017394317633976492,18.38,18.65,18.25,18.46,2026-09-08,18.41,1.9678331199547427
603908,牧高笛,2026-09-09,33.22758137368124,33.24432070938586,32.49105060267772,32.993230673816484,1273270.0,24990921.0,0.013672406112823063,19.85,19.86,19.41,19.71,2026-09-08,19.75,1.6739335704625307
603909,建发合诚,2026-09-09,25.857431734495428,26.012421335301596,25.46995773248001,25.6766105335549,2003176.0,19981699.0,0.007684627576128481,10.01,10.07,9.86,9.94,2026-09-08,10.02,2.583160013436107
603912,佳力图,2026-09-09,25.570830215669954,25.599179251385774,24.777057215626986,25.17394371564847,18639040.0,164942923.0,0.0343686823664772,9.02,9.03,8.74,8.88,2026-09-08,9.02,2.8349035715820348
603915,国茂股份,2026-09-09,18.673803956835087,18.729463581147563,18.381590929194598,18.437250553507074,4148400.0,55176616.0,0.006317689310769396,13.42,13.46,13.21,13.25,2026-09-08,13.42,1.3914906078118545
603916,XD苏博特,2026-09-09,15.324983469824202,15.394014926895483,15.11788909861036,15.13169539002462,6727161.0,74254080.0,0.01600455916558703,11.1,11.15,10.95,10.96,2026-09-08,11.15,1.3806291414256038
603917,合力科技,2026-09-09,19.598431611785255,19.885167992352706,19.22567431704757,19.311695231217808,2881100.0,39181800.0,0.014134124803767661,13.67,13.87,13.41,13.47,2026-09-08,13.74,1.4336819028372536
603918,金桥信息,2026-09-09,39.21600751023672,39.21600751023672,38.070761273212106,38.348396724612016,7615900.0,84322357.0,0.020859334463568413,11.3,11.3,10.97,11.05,2026-09-08,11.3,3.4704431424988247
603919,金徽酒,2026-09-09,31.408397029623952,31.42595342818718,30.565689898588765,30.776366681347564,4626595.0,81563198.0,0.009120756667906536,17.89,17.9,17.41,17.53,2026-09-08,17.94,1.7556398563233064
603920,世运电路,2026-09-09,67.42434948957448,70.58139951629462,66.58815786087564,68.85782085305823,33654036.0,1360015588.0,0.04670329561673636,39.51,41.36,39.02,40.35,2026-09-08,39.43,1.7065135279568333
603926,铁流股份,2026-09-09,35.29347223050712,35.72103632140533,34.22456200326158,34.49664824292408,6919400.0,123525696.0,0.029975054736401965,18.16,18.38,17.61,17.75,2026-09-08,18.18,1.9434731404464272
603927,中科软,2026-09-09,29.75050917435144,29.75050917435144,29.2836680888766,29.368548286235658,4780980.0,66353939.0,0.005753008278783211,14.02,14.02,13.8,13.84,2026-09-08,14.0,2.122004933976565
603928,兴业股份,2026-09-09,19.370258682130835,20.518626241315577,19.370258682130835,19.72490160482024,16467560.0,193859127.0,0.04833392035315112,11.47,12.15,11.47,11.68,2026-09-08,11.49,1.6887758223305
603929,亚翔集成,2026-09-09,194.22924701292683,203.05840654631325,193.99625530301802,195.77434993126948,4862300.0,787593531.0,0.02278918260217473,158.39,165.59,158.2,159.65,2026-09-08,158.39,1.226272157414779
603931,格林达,2026-09-09,75.19658268874852,77.55901237606544,74.55025758561464,75.04057318109551,3271682.0,111474241.0,0.016394610940417536,33.74,34.8,33.45,33.67,2026-09-08,33.79,2.2287072521857887
603933,睿能科技,2026-09-09,37.56534151958712,38.03711974903249,37.30979497863755,37.584998945814014,2063500.0,39604787.0,0.009942442484945704,19.11,19.35,18.98,19.12,2026-09-08,19.14,1.9657426226890173
603936,博敏电子,2026-09-09,35.70681849769208,37.59467189182816,35.62562050224537,36.863889932807744,60520708.0,1098963104.0,0.09600396513945815,17.59,18.52,17.55,18.16,2026-09-08,17.55,2.0299498861678273
603937,丽岛新材,2026-09-09,12.799494897991162,13.036922290702634,12.734741972706216,12.993753673846003,3570693.0,42724530.0,0.01709348923769892,11.86,12.08,11.8,12.04,2026-09-08,11.86,1.079215421415781
603938,三孚股份,2026-09-09,122.33866373916737,127.55900356161958,121.60781616402409,122.96510451786165,55662040.0,2661988529.0,0.14547432387738624,46.87,48.87,46.59,47.11,2026-09-08,44.43,2.6101699112261016
603939,益丰药房,2026-09-09,145.3414842008956,148.04850962725374,144.696954337477,147.01726184578396,5454068.0,124214918.0,0.004498599309200931,22.55,22.97,22.45,22.81,2026-09-08,22.64,6.445298634186058
603948,建业股份,2026-09-09,24.690734920573444,24.912951534858607,24.493209041208857,24.616662715811728,667300.0,13352757.0,0.004106735312391626,20.0,20.18,19.84,19.94,2026-09-08,20.09,1.2345367460286722
603949,雪龙集团,2026-09-09,21.501768866938683,21.634952569486824,21.14661232681031,21.294594218530467,1752800.0,25297125.0,0.008338515807172374,14.53,14.62,14.29,14.39,2026-09-08,14.6,1.4798189172015612
603950,XD长源东,2026-09-09,102.76577319996021,107.32271651759783,100.688343158096,102.66525239148291,7432805.0,459784803.0,0.022950049526227905,61.34,64.06,60.1,61.28,2026-09-08,61.95,1.6753468079550082
603955,大千生态,2026-09-09,30.186664547231416,30.471061117662938,29.672042181688663,30.33563417936221,2229400.0,49535975.0,0.01642646625405246,22.29,22.5,21.91,22.4,2026-09-08,22.2,1.3542693830072416
603956,威派格,2026-09-09,6.897947026073311,7.101142364825858,6.812391093966975,6.8872525345600195,22913298.0,148565127.0,0.04020537860851038,6.45,6.64,6.37,6.44,2026-09-08,6.43,1.0694491513291955
603958,哈森股份,2026-09-09,23.127677579544436,23.127677579544436,21.627503898709122,21.690011135410593,18146618.0,320916728.0,0.08272528264040846,18.5,18.5,17.3,17.35,2026-09-08,18.96,1.250144734029429
603960,克来机电,2026-09-09,47.15810828902809,47.541747467849966,46.39082993138433,46.83349052233265,3614975.0,57442852.0,0.013787200431429848,15.98,16.11,15.72,15.87,2026-09-08,16.05,2.9510706063221583
603966,法兰泰克,2026-09-09,26.629762467999775,26.809208306732927,26.522094964759884,26.629762467999775,3974380.0,29509097.0,0.007647493773757302,7.42,7.47,7.39,7.42,2026-09-08,7.46,3.5889167746630424
603967,中创物流,2026-09-09,20.097872661851586,20.30277875526044,19.961268599579018,20.132023677419728,2654680.0,31314423.0,0.007657729812014543,11.77,11.89,11.69,11.79,2026-09-08,11.78,1.7075507784071018
603968,醋化股份,2026-09-09,26.792585228263306,27.20255277901081,26.62377506030845,26.937279657938895,3214303.0,35888216.0,0.015719400430359937,11.11,11.28,11.04,11.17,2026-09-08,11.12,2.41157382792649
603969,银龙股份,2026-09-09,35.837977095499255,36.014085091054525,35.39770710661105,35.70589609883279,6135762.0,49689740.0,0.0072053721091961545,8.14,8.18,8.04,8.11,2026-09-08,8.14,4.402699888881972
603970,中农立华,2026-09-09,27.215027087420193,27.58186822760446,26.939896232281995,27.03160651732806,6020057.0,71504691.0,0.022396034222215082,11.87,12.03,11.75,11.79,2026-09-08,11.9,2.2927571261516593
603976,正川股份,2026-09-09,48.38970586532372,49.063503986210584,46.6845840900182,47.11086453384458,8792238.0,303577780.0,0.05123248043876285,35.19,35.68,33.95,34.26,2026-09-08,35.7,1.3750982058915522
603977,国泰集团,2026-09-09,24.939752040226054,25.189149560628312,24.752703899924356,25.085233927127373,8498400.0,102237855.0,0.013679697047057173,12.0,12.12,11.91,12.07,2026-09-08,11.99,2.0783126700188377
603978,深圳新星,2026-09-09,39.27166629862029,39.78050787953717,38.27215605039071,38.944553853745155,13512430.0,288329619.0,0.06401134499610527,21.61,21.89,21.06,21.43,2026-09-08,21.6,1.8172913604174128
603979,金诚信,2026-09-09,111.44902493965981,117.12022848722224,111.44902493965981,116.45717732618883,7740650.0,630798508.0,0.012409012624036021,79.0,83.02,79.0,82.55,2026-09-08,80.4,1.4107471511349343
603980,吉华集团,2026-09-09,11.421856363588274,11.882894836597698,11.228517649100453,11.54083403404232,58514860.0,455352410.0,0.08645386509908436,7.68,7.99,7.55,7.76,2026-09-08,7.71,1.4872208806755567
603982,泉峰汽车,2026-09-09,6.141139740532319,6.18934334917072,6.083295410166237,6.112217575349278,3408976.0,21680363.0,0.0100395829172723,6.37,6.42,6.31,6.34,2026-09-08,6.39,0.9640721727680249
603983,丸美生物,2026-09-09,34.62605110035571,34.666431334875085,33.919396996266826,34.13139322749349,4077390.0,138550172.0,0.010168054862842892,34.3,34.34,33.6,33.81,2026-09-08,34.3,1.0095058629841316
603985,恒润股份,2026-09-09,73.05105966536779,74.10488337663969,71.91293005719415,72.46091838705554,7033260.0,121685383.0,0.015953572243532572,17.33,17.58,17.06,17.19,2026-09-08,17.31,4.215294845087582
603986,兆易创新,2026-09-09,2431.6700057157373,2449.5646029372865,2369.319492748667,2380.979038673509,22904691.0,8816384418.0,0.03414949327901696,390.0,392.87,380.0,381.87,2026-09-08,385.96,6.235051296707018
603987,XD康德莱,2026-09-09,17.8645405097059,18.00465455291928,17.771131147563647,17.887892850241464,2575100.0,19732444.0,0.0058954985507023395,7.65,7.71,7.61,7.66,2026-09-08,7.7,2.3352340535563267
603988,中电电机,2026-09-09,55.85330398900463,55.91058942899335,54.707595189230176,54.93673694918506,2956200.0,56828492.0,0.012568877551020409,19.5,19.52,19.1,19.18,2026-09-08,19.25,2.8642719994361348
603989,艾华集团,2026-09-09,68.94658710572399,69.10739547215135,66.13244069324547,67.64001912850182,39309234.0,1317066570.0,0.09857376949778758,34.3,34.38,32.9,33.65,2026-09-08,34.29,2.0101045803418076
603990,麦迪科技,2026-09-09,60.074191689344445,61.96629221499309,59.42378213365272,60.72460124503616,9915652.0,203267097.0,0.032484194661049653,20.32,20.96,20.1,20.54,2026-09-08,20.41,2.956407071326006
603991,领先股份,2026-09-09,180.0314929652485,186.49525471808715,176.61188902379388,183.05535639122328,4558106.0,816201108.0,0.050907798515863335,177.42,183.79,174.05,180.4,2026-09-08,177.42,1.0147192704613264
603992,松霖科技,2026-09-09,22.243590311414742,22.409587254037238,22.022261054584742,22.143992145841246,3220177.0,64602777.0,0.007268336429278844,20.1,20.25,19.9,20.01,2026-09-08,20.3,1.1066462841499871
603993,洛阳钼业,2026-09-09,68.96465232113898,70.27549048563793,68.27282106765342,69.5108348896802,196181897.0,3732174148.0,0.011235534633584445,18.94,19.3,18.75,19.09,2026-09-08,18.94,3.6412171236081825
603995,甬金股份,2026-09-09,38.289079143322525,39.45797017327544,37.957366824011565,38.5891998131753,3296200.0,80584988.0,0.009065218621063529,24.24,24.98,24.03,24.43,2026-09-08,24.3,1.579582472909345
603997,继峰股份,2026-09-09,20.829805033678003,21.08424076291674,20.43967024884527,20.863729797576504,22135100.0,271894069.0,0.01739818541432266,12.28,12.43,12.05,12.3,2026-09-08,12.29,1.6962381949249188
603998,方盛制药,2026-09-09,49.04868265100326,49.13818754635181,48.287891040540615,48.511653278911986,8227600.0,89434826.0,0.018738212890658808,10.96,10.98,10.79,10.84,2026-09-08,11.05,4.475244767427305
603999,读者传媒,2026-09-09,17.482179915118262,17.482179915118262,15.873243027325785,16.13739684472455,66618802.0,457589258.0,0.1156576423611111,7.28,7.28,6.61,6.72,2026-09-08,7.29,2.401398339988772
605001,威奥股份,2026-09-09,9.093300345307341,9.093300345307341,8.908880837524196,8.937253069490833,5218859.0,33069373.0,0.013283392638068041,6.41,6.41,6.28,6.3,2026-09-08,6.33,1.4186115983318783
605003,众望布艺,2026-09-09,34.51765121114853,34.791383576026796,32.51940494753725,32.847883785391154,1934245.0,46893252.0,0.017584045454545453,25.22,25.42,23.76,24.0,2026-09-08,25.47,1.368661824391298
605005,合兴股份,2026-09-09,16.760783243932885,16.988821111197275,16.719321813521173,16.80224467434459,1771200.0,28793168.0,0.004416957605985037,16.17,16.39,16.13,16.21,2026-09-08,16.15,1.0365357602926952
605006,山东玻纤,2026-09-09,19.058158710779193,20.21096882584563,18.800616025498393,20.039273702325097,75192729.0,1196175733.0,0.11504372549415844,15.54,16.48,15.33,16.34,2026-09-08,15.43,1.2263937394323805
605007,XD五洲特,2026-09-09,14.35967297690074,14.671204865213163,14.242848518783582,14.515438921056951,4106600.0,61031390.0,0.00865317769028566,14.75,15.07,14.63,14.91,2026-09-08,14.78,0.9735371509763213
605008,长鸿高科,2026-09-09,19.720431272484102,20.182300848063928,19.53848265180114,19.66444708150473,3997542.0,56453293.0,0.006188505574567378,14.09,14.42,13.96,14.05,2026-09-08,14.13,1.3996047744843223
605009,豪悦护理,2026-09-09,61.33849660430715,61.60403122164181,60.4694742203028,61.31435709364036,1696846.0,42949899.0,0.007893869118369206,25.41,25.52,25.05,25.4,2026-09-08,25.12,2.4139510666787545
605011,杭州热电,2026-09-09,16.202517130449404,17.33602655932858,16.088213658629655,16.707357464319962,9021060.0,157798239.0,0.022547013246688327,17.01,18.2,16.89,17.54,2026-09-08,17.04,0.9525289318312407
605016,百龙创园,2026-09-09,63.54828486213247,64.62345619996017,61.90723387281649,63.6331668098557,5760999.0,129380564.0,0.01371626194203065,22.46,22.84,21.88,22.49,2026-09-08,22.64,2.8293982574413388
605018,长华集团,2026-09-09,13.58836913783282,13.669321124185869,13.322384039815669,13.438029734605735,2693700.0,31285527.0,0.005730474414674118,11.75,11.82,11.52,11.62,2026-09-08,11.74,1.1564569479006657
605020,永和股份,2026-09-09,41.90534068304352,42.538312845025374,41.80199828925056,42.099107671405314,6305817.0,205787264.0,0.012538310287435147,32.44,32.93,32.36,32.59,2026-09-08,32.61,1.2917799224119457
605028,世茂能源,2026-09-09,28.207543404084944,28.967231341197298,28.02037391233262,28.559862447383427,1569000.0,40776074.0,0.00980625,25.62,26.31,25.45,25.94,2026-09-08,25.61,1.100997010307765
605033,美邦股份,2026-09-09,18.974341857406053,19.27844738498954,18.790035477052424,18.863758029193875,4019466.0,82705778.0,0.029729778106508876,20.59,20.92,20.39,20.47,2026-09-08,20.72,0.9215319017681424
605050,福然德,2026-09-09,11.551955996794275,11.706423412224188,11.419555354997206,11.551955996794275,1971700.0,20613801.0,0.004000777705571781,10.47,10.61,10.35,10.47,2026-09-08,10.47,1.1033386816422421
605055,迎丰股份,2026-09-09,9.292608432691958,9.292608432691958,8.959027617159427,8.987620258490786,2917700.0,27815371.0,0.006631136363636363,9.75,9.75,9.4,9.43,2026-09-08,9.68,0.9530880443786623
605056,咸亨国际,2026-09-09,15.43386280029631,15.69128038144701,15.321942112839483,15.366710387822216,3781500.0,52252618.0,0.009374228420310505,13.79,14.02,13.69,13.73,2026-09-08,13.84,1.1192068745682604
605058,澳弘电子,2026-09-09,29.97512196968366,31.27387075519855,29.892002047410706,30.795931202129072,3519816.0,104246277.0,0.024626993491417046,28.85,30.1,28.77,29.64,2026-09-08,28.73,1.038999028411912
605060,联德股份,2026-09-09,42.35238550939159,43.21927774053327,41.77793885020132,42.28971860111629,2663500.0,108301729.0,0.011149763064918538,40.55,41.38,40.0,40.49,2026-09-08,40.01,1.044448471255033
605066,天正电气,2026-09-09,9.995028237373278,10.138634964921744,9.89450352808935,9.980667564618432,5578225.0,38834653.0,0.011102422834879767,6.96,7.06,6.89,6.95,2026-09-08,6.96,1.4360672754846664
605068,明新旭腾,2026-09-09,17.863496108740435,18.463604353534752,17.07431266353147,17.17296059418259,9447006.0,200511286.0,0.05824348740103908,21.73,22.46,20.77,20.89,2026-09-08,21.82,0.822066088759339
605069,正和生态,2026-09-09,13.744925783186574,13.848465713756719,13.499018448082483,13.589615887331359,3041789.0,32043226.0,0.014368544765736747,10.62,10.7,10.43,10.5,2026-09-08,10.62,1.2942491321267962
605077,华康股份,2026-09-09,35.31298788262364,37.146028475004094,34.504293503632255,37.146028475004094,33990280.0,457738082.0,0.11351673697488329,13.1,13.78,12.8,13.78,2026-09-08,12.53,2.69564792997127
605080,浙江自然,2026-09-09,32.51107306976951,33.28741624738864,32.44297279103099,32.98777502093915,1927500.0,46515414.0,0.013733405913166399,23.87,24.44,23.82,24.22,2026-09-08,24.0,1.3620055747704025
605086,龙高股份,2026-09-09,35.44703854299718,35.750128041939746,34.92745654480992,35.15838187733759,1142100.0,27843849.0,0.006373325892857143,24.56,24.77,24.2,24.36,2026-09-08,24.7,1.4432833282979307
605088,冠盛股份,2026-09-09,22.69178360703708,22.702154623310868,22.090264663157672,22.235458890990635,8951000.0,192082621.0,0.04448942195278263,21.88,21.89,21.3,21.44,2026-09-08,21.87,1.0371016273782945
605089,味知香,2026-09-09,32.35005778990158,32.84306629050967,31.407541538739046,32.19055503970484,2057709.0,45573472.0,0.014910934782608696,22.31,22.65,21.66,22.2,2026-09-08,22.31,1.4500250017885064
605090,九丰能源,2026-09-09,51.249272595612275,51.86377226702249,51.00347272704819,51.66405987381418,7197046.0,241162671.0,0.010195968780831647,33.36,33.76,33.2,33.63,2026-09-08,33.43,1.5362491785255479
605098,行动教育,2026-09-09,95.9364059964574,96.73255874331596,94.63833086570973,95.65948330189791,798200.0,44191329.0,0.006693439305800953,55.43,55.89,54.68,55.27,2026-09-08,55.3,1.7307668409968862
605099,共创草坪,2026-09-09,31.79581478824498,31.891075218702436,31.097238298223616,31.26659017459243,1462998.0,43364116.0,0.0036381551493309804,30.04,30.13,29.38,29.54,2026-09-08,30.17,1.0584492273050925
605100,华丰股份,2026-09-09,107.79881526384517,110.08892666550499,105.24697684485277,105.41055623068561,3334704.0,109335745.0,0.014016968131790531,32.95,33.65,32.17,32.22,2026-09-08,33.12,3.271587716656909
605108,同庆楼,2026-09-09,18.077710238049118,18.15799614584208,17.71642365298078,17.90375743783103,3270343.0,43685249.0,0.012578242307692307,13.51,13.57,13.24,13.38,2026-09-08,13.61,1.3380984632160708
605111,新洁能,2026-09-09,196.4092839868971,199.23866645133268,192.32637764581278,193.22175184341899,7743541.0,422108633.0,0.0186441941115588,54.84,55.63,53.7,53.95,2026-09-08,54.17,3.581496790424819
605116,奥锐特,2026-09-09,20.876579243030513,20.876579243030513,20.426607860849906,20.44753676234668,1950800.0,38372754.0,0.004802758550098107,19.95,19.95,19.52,19.54,2026-09-08,19.94,1.0464450748386223
605117,德业股份,2026-09-09,667.0848664236346,676.6814395665788,664.3781406653683,674.2207797863367,9062554.0,742276894.0,0.007117475537659184,81.33,82.5,81.0,82.2,2026-09-08,81.33,8.202199267473683
605118,力鼎光电,2026-09-09,31.25950471796277,31.806318211571448,30.70357766612728,30.894962388890317,5889619.0,201731813.0,0.014404677787601638,34.3,34.9,33.69,33.9,2026-09-08,34.33,0.9113558226811304
605122,四方新材,2026-09-09,16.450851254836223,16.450851254836223,16.058842473907507,16.20753545977702,1813288.0,21753663.0,0.010520718985344117,12.17,12.17,11.88,11.99,2026-09-08,12.11,1.3517544169955813
605123,派克新材,2026-09-09,79.2311554277264,81.90741656706504,79.12252490177539,81.27538441607732,1726200.0,141394262.0,0.014245995647205436,80.23,82.94,80.12,82.3,2026-09-08,80.3,0.9875502359183149
605128,上海沿浦,2026-09-09,78.83745926996723,79.4735017005438,76.73851924906451,76.83392561365099,5030012.0,122960321.0,0.016019822849654516,24.79,24.99,24.13,24.16,2026-09-08,24.85,3.1802121528829055
605133,嵘泰股份,2026-09-09,37.340616292114944,37.868398854547664,36.66622746233981,36.79817310294799,3332600.0,84656698.0,0.011812782867340329,25.47,25.83,25.01,25.1,2026-09-08,25.46,1.4660626734242226
605136,丽人丽妆,2026-09-09,7.955409353172198,7.955409353172198,7.767274672522854,7.812068644106032,8043100.0,70125478.0,0.020084727880666786,8.88,8.88,8.67,8.72,2026-09-08,8.87,0.8958794316635357
605138,盛泰集团,2026-09-09,6.095755054495859,6.173161467886282,6.018348641105435,6.1441340628648735,4645500.0,29341242.0,0.008361657311258198,6.3,6.38,6.22,6.35,2026-09-08,6.31,0.9675801673802951
605151,西上海,2026-09-09,20.007981371864012,21.539793265042906,19.095189353325907,20.96274083953031,3001400.0,59294823.0,0.022306249149134837,19.07,20.53,18.2,19.98,2026-09-08,19.07,1.0491862282047202
605155,西大门,2026-09-09,27.572913669601938,28.438093771103773,27.49768061729743,27.760996300363207,2478196.0,36789001.0,0.013222096385706213,14.66,15.12,14.62,14.76,2026-09-08,14.72,1.8808263076126834
605158,华达新材,2026-09-09,11.124092306026055,11.124092306026055,10.948590849741663,11.056591745916673,3329610.0,27246812.0,0.0065105197293809395,8.24,8.24,8.11,8.19,2026-09-08,8.24,1.350011202187628
605162,新中港,2026-09-09,8.981679913550039,9.996458417162234,8.75914076802105,9.996458417162234,64742636.0,697972963.0,0.14619662486022153,10.09,11.23,9.84,11.23,2026-09-08,10.21,0.8901565821159603
605166,聚合顺,2026-09-09,9.264416990558278,9.402217243278251,9.232616932238285,9.285617029438274,3088300.0,27099158.0,0.009812413770034157,8.74,8.87,8.71,8.76,2026-09-08,8.75,1.060001943999803
605167,利柏特,2026-09-09,17.017015687430856,17.068582401635194,16.779808802090912,17.00670234458999,4719447.0,77534264.0,0.009255494633798296,16.5,16.55,16.27,16.49,2026-09-08,16.48,1.0313342840867186
605168,三人行,2026-09-09,176.34187661141067,177.49590452597363,159.1276268858467,159.1276268858467,7435871.0,377822396.0,0.035271688212068456,55.01,55.37,49.64,49.64,2026-09-08,55.15,3.2056330960081927
605169,洪通燃气,2026-09-09,25.650846511625033,25.768962458723845,25.119324749680384,25.2964986703286,3246266.0,41874155.0,0.011475770644796381,13.03,13.09,12.76,12.85,2026-09-08,13.03,1.9685991183135099
605177,东亚药业,2026-09-09,21.129656278562955,21.683722820978605,20.237515235690296,21.392603112251738,13364019.0,297649440.0,0.11758681163540788,22.5,23.09,21.55,22.78,2026-09-08,22.06,0.939095834602798
605178,时空科技,2026-09-09,93.24249584426242,93.65085713993072,88.76413363510002,90.73787989749682,2874200.0,191675977.0,0.02900888171174808,68.5,68.8,65.21,66.66,2026-09-08,67.72,1.361204318894342
605179,一鸣食品,2026-09-09,25.92145200879669,26.35191655479115,24.461615722380706,24.75171139468132,21349071.0,576472431.0,0.05323957855361596,27.7,28.16,26.14,26.45,2026-09-08,28.3,0.9357924912922994
605180,华生科技,2026-09-09,23.04916188442267,23.532952388743386,22.807266632262312,23.06644011671984,1427867.0,19026082.0,0.008448917159763314,13.34,13.62,13.2,13.35,2026-09-08,13.35,1.7278232297168419
605183,确成股份,2026-09-09,17.994989594417557,17.994989594417557,17.389388983066965,17.60567491569218,3079740.0,50174275.0,0.007467313591055556,16.64,16.64,16.08,16.28,2026-09-08,16.6,1.0814296631260552
605186,健麾信息,2026-09-09,26.628178443152674,26.95329602162362,26.187696562643648,26.50232647729295,1362500.0,34454092.0,0.010018382352941177,25.39,25.7,24.97,25.27,2026-09-08,25.71,1.0487663821643431
605188,国光连锁,2026-09-09,11.591415291120963,12.67613106631466,11.35388628925373,12.161484895602321,33729010.0,511552993.0,0.0664288380126697,14.64,16.01,14.34,15.36,2026-09-08,14.87,0.7917633395574428
605189,富春染织,2026-09-09,22.51296391257919,22.594120956243856,22.237029964119312,22.577889547510924,5988552.0,82622578.0,0.02513716932175091,13.87,13.92,13.7,13.91,2026-09-08,13.9,1.6231408732933805
605196,华通线缆,2026-09-09,29.086137137414642,29.602506839715485,28.68272330749211,29.1587516268007,7592400.0,274960732.0,0.014964801259499992,36.05,36.69,35.55,36.14,2026-09-08,35.95,0.8068276598450664
605198,安德利,2026-09-09,64.69923352484619,70.0779431905072,64.69923352484619,70.0779431905072,3951800.0,302336883.0,0.014607298104503652,71.09,77.0,71.09,77.0,2026-09-08,70.0,0.9101031583182753
605208,永茂泰,2026-09-09,28.473319952535793,28.839350452602222,28.33846661040606,28.704497110472484,5142981.0,76431038.0,0.015587625022731406,14.78,14.97,14.71,14.9,2026-09-08,14.91,1.926476316139093
605218,伟时电子,2026-09-09,14.839337116134557,15.001848679350267,14.52447096240412,14.534627935105101,3439729.0,49766591.0,0.014166064503148473,14.61,14.77,14.3,14.31,2026-09-08,14.76,1.01569727009819
605222,起帆电缆,2026-09-09,21.19780741823652,22.857761734516068,21.0737878428823,22.35214346576425,18753927.0,435300845.0,0.045419168963872665,22.22,23.96,22.09,23.43,2026-09-08,22.08,0.9539967334939928
605228,神通科技,2026-09-09,11.430460851812962,11.505379602714356,11.269920671309968,11.291326028710369,3281400.0,34858886.0,0.006877294279696783,10.68,10.75,10.53,10.55,2026-09-08,10.74,1.0702678700199402
605255,天普股份,2026-09-09,80.68404931999854,82.29348837400808,79.16194416814453,80.92109848299218,631300.0,40874450.0,0.004708383054892602,64.67,65.96,63.45,64.86,2026-09-08,64.67,1.24762717365082
605258,协和电子,2026-09-09,32.29098735850548,34.09081288340579,32.29098735850548,33.42381871829568,3797880.0,119498317.0,0.04315772727272727,30.5,32.2,30.5,31.57,2026-09-08,30.46,1.0587208970001798
605259,绿田机械,2026-09-09,39.32677329714932,39.45721035617801,39.02242015941572,39.30503378731121,685624.0,12368101.0,0.003975092764378478,18.09,18.15,17.95,18.08,2026-09-08,18.04,2.173950983811461
605266,健之佳,2026-09-09,50.77149617236243,50.77149617236243,50.21151643516726,50.42928633296538,1203680.0,19534988.0,0.007788644977659541,16.32,16.32,16.14,16.21,2026-09-08,16.25,3.1109985399731883
605268,王力安防,2026-09-09,10.262015243409483,10.356258240542834,10.230600911031697,10.31437246403912,2732100.0,26855801.0,0.006201566224038134,9.8,9.89,9.77,9.85,2026-09-08,9.8,1.0471444125928042
605277,新亚电子,2026-09-09,38.83516941978168,42.43624876597962,38.83516941978168,40.85930552287333,37558490.0,661669871.0,0.09725237731031326,16.5,18.03,16.5,17.36,2026-09-08,16.39,2.35364663150192
605286,同力天启,2026-09-09,27.114057382213744,27.114057382213744,26.19963862244981,26.312656671409396,3315100.0,85380321.0,0.019732738095238095,26.39,26.39,25.5,25.61,2026-09-08,26.28,1.027436808723522
605287,德才股份,2026-09-09,51.48113954361309,53.04747469935577,51.120743844061685,52.67321762674468,3023344.0,113060097.0,0.021595314285714286,37.14,38.27,36.88,38.0,2026-09-08,37.42,1.3861373059669653
605288,凯迪股份,2026-09-09,83.290575578205,84.9732134686738,80.72950173021208,80.77899107993176,1828300.0,121482352.0,0.018603259389133594,67.32,68.68,65.25,65.29,2026-09-08,67.66,1.237233742991756
605289,罗曼股份,2026-09-09,186.17508626464667,192.74376370341946,185.405612621819,187.9204776983777,2852780.0,287092923.0,0.018708731212539156,99.2,102.7,98.79,100.13,2026-09-08,98.64,1.8767649825065187
605296,神农集团,2026-09-09,42.779972274861976,42.779972274861976,41.65760349106968,41.94114928908037,3033660.0,108012473.0,0.005856662661230864,36.21,36.21,35.26,35.5,2026-09-08,35.9,1.1814408250445174
605298,必得科技,2026-09-09,76.67873601915166,77.02288080573045,74.3516617479998,74.67941868759866,678519.0,31184855.0,0.0036430354736350407,46.79,47.0,45.37,45.57,2026-09-08,46.79,1.638784697994265
605299,舒华体育,2026-09-09,13.599967766766554,13.640234140613384,12.90537281790875,13.006038752525823,22525599.0,293253066.0,0.055255941807171985,13.51,13.55,12.82,12.92,2026-09-08,13.57,1.0066593461707294
605300,佳禾食品,2026-09-09,11.421830391606086,11.577866325917645,11.047344149258345,11.161770501086822,20664213.0,223494772.0,0.045475961273709654,10.98,11.13,10.62,10.73,2026-09-08,11.28,1.040239562077057
605303,园林股份,2026-09-09,26.15417283382152,26.339517365714745,25.07299639777772,25.484873135318214,2565600.0,63656933.0,0.015911940236598195,25.4,25.58,24.35,24.75,2026-09-08,25.2,1.029691843851241
605305,中际联合,2026-09-09,64.53317380102595,64.87729674789465,64.02711064386608,64.55341632731235,2237700.0,71200703.0,0.01052936194240542,31.88,32.05,31.63,31.89,2026-09-08,31.88,2.024252628639459
605318,法狮龙,2026-09-09,84.19989028342958,86.62540152616211,83.87504502770646,84.65467364144193,743700.0,58443960.0,0.0059151018013119455,77.76,80.0,77.46,78.18,2026-09-08,77.76,1.0828175190770264
605319,无锡振华,2026-09-09,38.90618640920218,40.608427911536204,38.90618640920218,40.40906629414574,4211420.0,109997328.0,0.012096500860888546,25.37,26.48,25.37,26.35,2026-09-08,25.48,1.5335509030036332
605333,沪光股份,2026-09-09,17.63706949962504,17.736545356926925,17.08000469873446,17.099899870194836,2732758.0,47486954.0,0.005889051825370569,17.73,17.83,17.17,17.19,2026-09-08,17.73,0.9947585730188967
605337,李子园,2026-09-09,24.93253700111826,24.93253700111826,24.42162435765272,24.625989415038937,3381700.0,32666435.0,0.008724344629821596,9.76,9.76,9.56,9.64,2026-09-08,9.76,2.5545632173276904
605338,巴比食品,2026-09-09,20.731595620021658,20.93516167520533,20.06732743994861,20.367319521271924,2965900.0,56217833.0,0.012380270172984252,19.35,19.54,18.73,19.01,2026-09-08,19.53,1.0714002904403956
605339,南侨食品,2026-09-09,14.104593297330574,14.246756224733474,13.860885421782745,13.911657895855209,2200067.0,30346493.0,0.005185283192782185,13.89,14.03,13.65,13.7,2026-09-08,13.95,1.0154494814492854
605358,立昂微,2026-09-09,65.27768714784766,66.34755897996202,64.9675793704232,65.32420331446133,19546250.0,825771856.0,0.02531243961525465,42.1,42.79,41.9,42.13,2026-09-08,41.91,1.550538887122272
605365,立达信,2026-09-09,15.798574304834823,15.809036936824779,15.285905337326938,15.390531657226507,8881399.0,131117493.0,0.01769157610212372,15.1,15.11,14.61,14.71,2026-09-08,15.07,1.0462631989956837
605366,宏柏新材,2026-09-09,15.632580546229848,16.746401910148727,15.632580546229848,16.082017236933957,28027552.0,232758610.0,0.03626623631632251,8.0,8.57,8.0,8.23,2026-09-08,8.04,1.954072568278731
605368,蓝天燃气,2026-09-09,13.083575409192783,13.196041673455184,13.064831031815714,13.15855291870105,2552400.0,17879049.0,0.0035716089080129704,6.98,7.04,6.97,7.02,2026-09-08,7.02,1.8744377377067023
605369,拱东医疗,2026-09-09,48.487840625314355,48.57447762464488,47.73698663111652,48.02577662888492,1019978.0,16952114.0,0.0046404183083391445,16.79,16.82,16.53,16.63,2026-09-08,16.79,2.887899977684
605376,博迁新材,2026-09-09,125.82198531910188,128.0142960469821,122.51039358669205,123.43541921027021,7542587.0,1017115671.0,0.028832519113149848,136.02,138.39,132.44,133.44,2026-09-08,134.88,0.9250256235781641
605377,华旺科技,2026-09-09,24.503766478770117,24.717373409469236,24.259644272256843,24.62582758202676,5433000.0,43600465.0,0.00975981709876411,8.03,8.1,7.95,8.07,2026-09-08,8.22,3.051527581415955
605378,野马电池,2026-09-09,31.07553793421252,31.07553793421252,30.493275946548582,30.66579801696753,1133292.0,16131918.0,0.004336359712626614,14.41,14.41,14.14,14.22,2026-09-08,14.35,2.156525880236816
605388,均瑶健康,2026-09-09,8.418462536209274,8.677492152708021,8.237141804660151,8.314850689609775,12204040.0,78758424.0,0.020323672237728234,6.5,6.7,6.36,6.42,2026-09-08,6.52,1.2951480824937345
605389,长龄液压,2026-09-09,135.64992757665735,139.0946815601968,134.44732115636842,137.28058034993046,822364.0,55429817.0,0.004397734062449381,66.55,68.24,65.96,67.35,2026-09-08,66.18,2.0383159665913952
605398,新炬网络,2026-09-09,62.50749267198506,63.516869276770954,57.82989377175774,59.307030266566365,13106504.0,316489154.0,0.0805481542826122,25.39,25.8,23.49,24.09,2026-09-08,25.38,2.461894158014378
605399,晨光新材,2026-09-09,19.627021296271796,19.998937289827335,19.542494934100084,19.728452930877854,2939000.0,34391426.0,0.00944881472576331,11.61,11.83,11.56,11.67,2026-09-08,11.61,1.6905272434342633
605488,福莱新材,2026-09-09,63.40024866904421,65.0253549098952,62.682669289967144,63.505775048320245,7083648.0,213556873.0,0.02380038622715831,30.04,30.81,29.7,30.09,2026-09-08,29.97,2.1105275855207792
605499,东鹏饮料,2026-09-09,199.60160380076172,199.60160380076172,194.78530059474852,195.40192072839037,6698158.0,790579731.0,0.009908270044728171,119.77,119.77,116.88,117.25,2026-09-08,120.2,1.6665409017346726
605500,森林包装,2026-09-09,16.822006135169858,16.822006135169858,16.622272553090003,16.799813514938762,2514256.0,18937900.0,0.0060672200772200775,7.58,7.58,7.49,7.57,2026-09-08,7.57,2.2192620231094797
605507,国邦医药,2026-09-09,24.515374811490567,24.910529144364368,24.43634394491581,24.799885931159704,3037301.0,47587421.0,0.003882264640419944,15.51,15.76,15.46,15.69,2026-09-08,15.51,1.580617331495201
605555,德昌股份,2026-09-09,35.05868205141206,35.08617905694258,33.98629883572181,34.09628685784389,3168800.0,39608508.0,0.00654617366150911,12.75,12.76,12.36,12.4,2026-09-08,12.72,2.7497005530519267
605566,福莱蒽特,2026-09-09,26.17540710791948,26.372780016094094,25.49869999417793,25.799458711396394,2833218.0,78066874.0,0.021248072596370182,27.85,28.06,27.13,27.45,2026-09-08,27.96,0.9398709913077011
605567,春雪食品,2026-09-09,9.16064420928674,10.11507292159241,9.085787055380417,9.544287123056666,14892308.0,150661048.0,0.07446154,9.79,10.81,9.71,10.2,2026-09-08,9.83,0.935714423829085
605580,恒盛能源,2026-09-09,35.086452058663426,38.80461266370261,34.08313887952587,35.41105338132558,31663881.0,768443678.0,0.11308528928571429,23.78,26.3,23.1,24.0,2026-09-08,25.05,1.4754605575552324
605588,冠石科技,2026-09-09,43.7773442668039,44.64004647482062,43.1734527211922,43.537704764577036,957040.0,43842255.0,0.013092281087707216,45.67,46.57,45.04,45.42,2026-09-08,45.35,0.9585580089074645
605589,圣泉集团,2026-09-09,42.248470953677085,42.99313036913848,41.777583382135326,42.20466745864994,16526973.0,640290568.0,0.019537299716727723,38.58,39.26,38.15,38.54,2026-09-08,38.47,1.0950873756785144
605598,上海港湾,2026-09-09,37.91691833892467,38.463229078231606,37.79879709799344,37.97597895939028,2314400.0,59711176.0,0.00960855640453233,25.68,26.05,25.6,25.72,2026-09-08,25.69,1.4765155116403688
605599,菜百股份,2026-09-09,15.746654538095298,15.852407758633209,15.429394876481556,15.683202605772548,6420841.0,94904007.0,0.008255366764132379,14.89,14.99,14.59,14.83,2026-09-08,15.0,1.0575322053791334
