code,name,date,open,high,low,close,volume,amount,turnover,raw_open,raw_high,raw_low,raw_close,raw_prev_date,raw_prev_close,scale
000001,平安银行,2026-07-30,1613.5153412980171,1662.1496689612552,1599.2111272794177,1660.7192475593954,277770773.0,3194072443.0,0.014313948739177943,11.28,11.62,11.18,11.61,2026-07-29,11.28,143.04214018599444
000002,万  科Ａ,2026-07-30,519.6017005605818,541.9158840202387,519.6017005605818,530.7587922904103,211866620.0,708739129.0,0.021803850817121762,3.26,3.4,3.26,3.33,2026-07-29,3.28,159.3870247118349
000006,深振业Ａ,2026-07-30,333.1881430531794,341.4532752839559,327.50586464452044,329.0555769377911,22256808.0,143913463.0,0.01648658494410505,6.45,6.61,6.34,6.37,2026-07-29,6.51,51.657076442353386
000007,全新好,2026-07-30,106.29096204168998,106.63907654619332,100.60509180146857,101.06924447413972,7523900.0,67022149.0,0.02171725351117872,9.16,9.19,8.67,8.71,2026-07-29,9.16,11.603816816778382
000008,神州高铁,2026-07-30,62.93123713404127,63.73121048744011,62.13126378064245,62.664579349575,28288268.0,66796143.0,0.010414276678833457,2.36,2.39,2.33,2.35,2026-07-29,2.37,26.66577844662766
000009,中国宝安,2026-07-30,64.75577656497175,71.67241523832013,64.6555354247783,71.67241523832013,56205002.0,390363861.0,0.021818538619412714,6.46,7.15,6.45,7.15,2026-07-29,6.5,10.024114019345472
000011,深物业A,2026-07-30,35.380169875403034,37.92354537350646,34.42640406361425,36.28851826758283,32788025.0,262751153.0,0.06227834404835781,7.79,8.35,7.58,7.99,2026-07-29,7.82,4.541741960898977
000012,南  玻Ａ,2026-07-30,143.9943775466374,146.9557015064654,143.62421205165887,145.4750395265514,27475426.0,107928034.0,0.014022963939592983,3.89,3.97,3.88,3.93,2026-07-29,3.9,37.01654949785023
000014,沙河股份,2026-07-30,112.66843772730859,118.30185961367401,111.76709022549012,112.44310085185397,12734608.0,129687874.0,0.0526122977237604,10.0,10.5,9.92,9.98,2026-07-29,9.99,11.266843772730859
000017,深中华A,2026-07-30,19.196117863153912,19.484540335221332,18.619272919019068,18.651319860359894,10074870.0,60000274.0,0.02285473755820295,5.99,6.08,5.81,5.82,2026-07-29,5.99,3.204694134082456
000019,深粮控股,2026-07-30,38.37811063728553,39.27062483815264,38.37811063728553,38.760616723371434,6815930.0,41561444.0,0.016376321664841643,6.02,6.16,6.02,6.08,2026-07-29,6.04,6.375101434765039
000020,深华发Ａ,2026-07-30,24.737154988195226,25.86813386411466,24.616838086501673,24.953725411243628,5347655.0,56060285.0,0.029518082733583476,10.28,10.75,10.23,10.37,2026-07-29,10.36,2.406338033871131
000021,深科技,2026-07-30,606.2717990249763,620.8599690920715,568.9386326167114,571.2915632726945,159265784.0,5981223823.0,0.10117537683282868,38.65,39.58,36.27,36.42,2026-07-29,40.15,15.686204373220605
000025,特  力Ａ,2026-07-30,39.78810449068285,43.73056600381446,39.50849729116997,43.73056600381446,14636510.0,223174738.0,0.03726404756759487,14.23,15.64,14.13,15.64,2026-07-29,14.22,2.7960719951288016
000026,飞亚达,2026-07-30,164.84006781013798,178.03552039281317,164.42770991692936,167.0049467494831,10404293.0,171953243.0,0.02853925850538599,15.99,17.27,15.95,16.2,2026-07-29,16.1,10.308947330215007
000027,深圳能源,2026-07-30,152.03914580422045,153.93667024483474,150.61600247375972,153.46228913468116,27566552.0,177149093.0,0.0057944697589929475,6.41,6.49,6.35,6.47,2026-07-29,6.43,23.719055507678696
000028,国药一致,2026-07-30,115.58418776700483,117.65118387496962,115.47245824765538,117.31599531692127,2951073.0,61735620.0,0.005611918507260519,20.69,21.06,20.67,21.0,2026-07-29,20.77,5.586475967472442
000029,深深房Ａ,2026-07-30,44.393489873883055,44.925679562680855,42.70822252602336,43.240412214821156,6642574.0,131336436.0,0.007449671399412332,20.02,20.26,19.26,19.5,2026-07-29,20.13,2.2174570366574953
000030,富奥股份,2026-07-30,17.898917758436088,18.236633187840543,17.856703329760535,18.067775473138315,12287043.0,52549174.0,0.007353521074945883,4.24,4.32,4.23,4.28,2026-07-29,4.24,4.221442867555681
000031,大悦城,2026-07-30,40.37228525049569,41.66864303376849,40.00189731241775,40.55747921953466,29954976.0,66037216.0,0.006988531634956206,2.18,2.25,2.16,2.19,2026-07-29,2.19,18.519396903897107
000032,深桑达Ａ,2026-07-30,61.6868833246238,62.600763077581185,55.83805290569651,56.249298794527334,88064847.0,1124051064.0,0.07247066025797406,13.5,13.7,12.22,12.31,2026-07-29,13.57,4.569398764786948
000034,神州数码,2026-07-30,108.87069284636507,109.08416479312265,99.56331596773464,99.60601035708615,52986566.0,1274800045.0,0.06239969458698807,25.5,25.55,23.32,23.33,2026-07-29,25.32,4.269438935151571
000035,中国天楹,2026-07-30,22.90051293709979,23.451226675066117,22.67104887961382,22.992298560094177,54655214.0,274720471.0,0.023629314998874797,4.99,5.11,4.94,5.01,2026-07-29,4.98,4.589281149719397
000036,华联控股,2026-07-30,42.703880542546095,43.45874711779312,41.19414739205204,41.62549972076462,32059539.0,125435197.0,0.022851010613412832,3.96,4.03,3.82,3.86,2026-07-29,4.01,10.78380821781467
000037,深南电A,2026-07-30,49.141682837120975,50.16771797328064,47.73763475606037,48.601664344405364,23096189.0,208864074.0,0.0681488155419101,9.1,9.29,8.84,9.0,2026-07-29,9.27,5.400184927156151
000039,中集集团,2026-07-30,421.1839670567597,433.84383196251196,418.2624597708168,423.618556461712,44990958.0,393811504.0,0.019549325800931806,8.65,8.91,8.59,8.7,2026-07-29,8.7,48.69178809904736
000042,中洲控股,2026-07-30,109.31734925546245,111.20445516122876,108.10420974461267,108.64338286054593,5355261.0,43504129.0,0.00806342494466927,8.11,8.25,8.02,8.06,2026-07-29,8.08,13.479327898330759
000045,深纺织Ａ,2026-07-30,30.387441805142906,31.09041101619774,30.387441805142906,30.419394951099946,11651409.0,111912096.0,0.025494205639170656,9.51,9.73,9.51,9.52,2026-07-29,9.58,3.195314595703776
000048,京基智农,2026-07-30,199.49298450332785,205.29479389604208,182.42227609784177,190.79027041425653,18416100.0,316443733.0,0.034793131152256435,17.88,18.4,16.35,17.1,2026-07-29,18.11,11.157325755219679
000049,德赛电池,2026-07-30,235.4145945512113,238.00051564676983,228.03993068610015,233.11599802182604,11252921.0,275281552.0,0.02926372121755764,24.58,24.85,23.81,24.34,2026-07-29,24.81,9.577485539105425
000050,深天马Ａ,2026-07-30,53.49707484301204,53.826287611276726,52.34483015408563,53.08555888268118,36431545.0,235574752.0,0.014956973486011969,6.5,6.54,6.36,6.45,2026-07-29,6.57,8.230319206617237
000055,方大集团,2026-07-30,34.34507432224174,35.16038765926826,33.835503486600174,34.0393318208568,10790000.0,36479699.0,0.01596497638694915,3.37,3.45,3.32,3.34,2026-07-29,3.4,10.191416712831378
000058,深 赛 格,2026-07-30,30.21310727827984,31.03960565367351,29.708024937761483,30.304940431101357,13670951.0,90340160.0,0.013882811674448424,6.58,6.76,6.47,6.6,2026-07-29,6.48,4.5916576410759635
000059,华锦股份,2026-07-30,8.049517850598157,8.242846881944402,8.014367117626112,8.190120782486336,21678100.0,100543258.0,0.013553785155053262,4.58,4.69,4.56,4.66,2026-07-29,4.62,1.7575366486022177
000060,中金岭南,2026-07-30,254.39091030101315,257.22647777252126,249.12485642535523,252.36550496422166,92053523.0,575824841.0,0.020727564578062487,6.28,6.35,6.15,6.23,2026-07-29,6.29,40.50810673583012
000061,农 产 品,2026-07-30,134.17641235400848,137.62272431515595,133.02764170029266,135.55493713846747,24859969.0,146811679.0,0.013854875387479157,5.84,5.99,5.79,5.9,2026-07-29,5.88,22.97541307431652
000062,深圳华强,2026-07-30,176.56202022926308,178.136986606895,170.2621547187354,172.08579999809868,19770077.0,415240981.0,0.01892054315543897,21.3,21.49,20.54,20.76,2026-07-29,21.53,8.289296724378548
000063,中兴通讯,2026-07-30,577.1482917142781,583.6484799434252,565.5163759358043,569.6217579752655,128022171.0,4295358740.0,0.03178605028269451,33.74,34.12,33.06,33.3,2026-07-29,34.08,17.105758497755723
000065,北方国际,2026-07-30,163.71789263057832,166.5467115097244,161.5962784712188,163.36429027068507,14044213.0,130211140.0,0.014404878191555242,9.26,9.42,9.14,9.24,2026-07-29,9.28,17.680117994662886
000066,中国长城,2026-07-30,161.22431295830393,162.63649672144237,154.28107612287332,154.75180404391946,143936890.0,1927442300.0,0.044623985747883524,13.7,13.82,13.11,13.15,2026-07-29,13.89,11.768198026153572
000068,华控赛格,2026-07-30,6.250994658195136,6.38688584641677,6.092454938603231,6.115103469973503,12975000.0,35735472.0,0.01288901142428728,2.76,2.82,2.69,2.7,2026-07-29,2.76,2.2648531370272234
000069,华侨城Ａ,2026-07-30,79.34988207911195,82.59812286597618,79.34988207911195,80.74198527348234,62519001.0,109409853.0,0.009062561223955361,1.71,1.78,1.71,1.74,2026-07-29,1.72,46.40343981234617
000070,特发信息,2026-07-30,46.38500496340801,47.52261188893462,44.036397117159495,44.69694307391689,42287802.0,524243976.0,0.049359714327027994,12.64,12.95,12.0,12.18,2026-07-29,12.72,3.6696997597632914
000088,盐 田 港,2026-07-30,39.29641652930605,40.10020686740549,39.29641652930605,39.92158679227227,32968033.0,146803473.0,0.010423403190246795,4.4,4.49,4.4,4.47,2026-07-29,4.4,8.931003756660465
000089,深圳机场,2026-07-30,49.27838599463217,50.39160254571573,49.20417155789327,50.243173672237916,16851243.0,113504845.0,0.008217178922997451,6.64,6.79,6.63,6.77,2026-07-29,6.64,7.421443673890387
000090,天健集团,2026-07-30,31.57603995435116,32.05885402093145,31.479477141035098,31.769165580983277,15550012.0,51305865.0,0.008322495392142927,3.27,3.32,3.26,3.29,2026-07-29,3.29,9.656281331605859
000096,广聚能源,2026-07-30,21.48442509151858,21.878634726225346,21.2873202741652,21.48442509151858,6395401.0,49019098.0,0.01251918574605362,7.63,7.77,7.56,7.63,2026-07-29,7.58,2.815783105048307
000099,中信海直,2026-07-30,55.59719702022181,57.33955932000085,55.47839959069143,56.983167031409685,10660700.0,153217581.0,0.01374208607877877,14.04,14.48,14.01,14.39,2026-07-29,14.15,3.9599143176796168
000100,TCL科技,2026-07-30,18.896560073797847,19.013446012398656,18.31213038079379,18.390054339860995,720687986.0,3441265144.0,0.035828421283267124,4.85,4.88,4.7,4.72,2026-07-29,4.93,3.8961979533603808
000151,中成股份,2026-07-30,25.75731963629783,26.332749117534267,25.729918232429426,25.976530867245042,7127550.0,67656077.0,0.023146303796654027,9.4,9.61,9.39,9.48,2026-07-29,9.46,2.7401403868401943
000153,丰原药业,2026-07-30,45.221816159455074,45.97551309544599,44.88683974345911,45.13807205545608,7454280.0,40461255.0,0.016244915588528624,5.4,5.49,5.36,5.39,2026-07-29,5.42,8.374410399899087
000155,川能动力,2026-07-30,19.89782927679607,20.64538960933757,19.500190802039953,19.500190802039953,62686259.0,788288862.0,0.033954790348149085,12.51,12.98,12.26,12.26,2026-07-29,12.63,1.590553899024466
000156,华数传媒,2026-07-30,13.365176523459873,13.681980707719662,13.365176523459873,13.56317913862224,11142290.0,76391312.0,0.00655476682195426,6.75,6.91,6.75,6.85,2026-07-29,6.78,1.9800261516236848
000157,中联重科,2026-07-30,715.8022306883981,731.8558427223068,713.9135704491147,729.9671824830234,59823774.0,458378081.0,0.008462032511392046,7.58,7.75,7.56,7.73,2026-07-29,7.61,94.43301196416861
000158,常山北明,2026-07-30,36.9380692954583,37.87395070278582,36.58711376771047,36.616360061689456,26175078.0,333346750.0,0.01648396426220191,12.63,12.95,12.51,12.52,2026-07-29,12.73,2.924629397898519
000159,国际实业,2026-07-30,16.80383705281821,17.09026609349125,16.581058910072514,16.612884359036183,10007689.0,52922395.0,0.020820355704071498,5.28,5.37,5.21,5.22,2026-07-29,5.27,3.182544896367085
000166,申万宏源,2026-07-30,7.265159231408147,7.343111583676474,7.233978290500815,7.327521113222809,84631901.0,396119510.0,0.0037554912704322453,4.66,4.71,4.64,4.7,2026-07-29,4.67,1.559047045366555
000301,东方盛虹,2026-07-30,26.487391831024148,27.12803767180788,25.93511093379679,26.2885707080223,23557723.0,282193475.0,0.0035648294849592965,11.99,12.28,11.74,11.9,2026-07-29,11.97,2.2091235889094367
000333,美的集团,2026-07-30,478.692761483058,492.39170385856437,475.88695400855664,489.3658330527296,46149832.0,4071773624.0,0.006705602885506837,87.01,89.5,86.5,88.95,2026-07-29,87.01,5.501583283335915
000338,潍柴动力,2026-07-30,592.4380788649244,598.6742691687656,564.1525014153583,578.1839295990013,103180631.0,2684248438.0,0.02081768748234516,26.6,26.88,25.33,25.96,2026-07-29,27.29,22.272108228004672
000400,许继电气,2026-07-30,182.88991695294203,186.75548983437804,181.7624581958565,184.9032361620233,25000991.0,574141202.0,0.024711831459725404,22.71,23.19,22.57,22.96,2026-07-29,22.63,8.053276836325056
000401,金隅冀东,2026-07-30,26.722266092137936,27.163956440768313,26.648651034032873,26.943111266453126,7376200.0,27024050.0,0.002803194884231434,3.63,3.69,3.62,3.66,2026-07-29,3.64,7.361505810506318
000402,金 融 街,2026-07-30,88.63726053312412,91.20114823449549,88.63726053312412,90.10233921962204,51288219.0,125923543.0,0.017160976114843584,2.42,2.49,2.42,2.46,2026-07-29,2.44,36.62696716244798
000403,派林生物,2026-07-30,106.31535360199219,110.39635634852536,106.31535360199219,109.03602209968096,11641135.0,121032947.0,0.012375182842906996,10.16,10.55,10.16,10.42,2026-07-29,10.21,10.464109606495294
000404,长虹华意,2026-07-30,35.134414305616936,35.864480057421964,34.72375232022661,35.043156086641304,14879146.0,114954471.0,0.02147905194343836,7.7,7.86,7.61,7.68,2026-07-29,7.74,4.56291094878142
000407,胜利股份,2026-07-30,49.86124370671975,50.75848973743193,49.34853168916993,49.9894217111072,13461000.0,52600520.0,0.015370390406386249,3.89,3.96,3.85,3.9,2026-07-29,3.91,12.817800438745437
000408,藏格矿业,2026-07-30,549.2077951406544,557.7891669397271,540.6264233415817,547.8347756528028,10944079.0,877048723.0,0.006975646108405956,80.0,81.25,78.75,79.8,2026-07-29,79.6,6.8650974392581805
000409,云鼎科技,2026-07-30,20.10236494333712,20.457112559984246,20.00776557889789,20.126014784446927,6094400.0,52209619.0,0.010321200732291766,8.5,8.65,8.46,8.51,2026-07-29,8.54,2.3649841109808376
000410,沈阳机床,2026-07-30,13.963884726346139,14.339724273846137,13.934973991923062,13.963884726346139,16116300.0,78791634.0,0.008176636274848896,4.83,4.96,4.82,4.83,2026-07-29,4.86,2.891073442307689
000411,英特集团,2026-07-30,32.000177724668994,32.51300108564126,31.795048380280097,32.342059965317176,3474887.0,32730545.0,0.006164033154700288,9.36,9.51,9.3,9.46,2026-07-29,9.4,3.4188224064817305
000415,渤海租赁,2026-07-30,100.47566452988826,102.759202360113,99.10554183175341,100.70401831291073,60652800.0,267576052.0,0.01124675849009844,4.4,4.5,4.34,4.41,2026-07-29,4.43,22.83537830224733
000417,合百集团,2026-07-30,113.00233072145637,118.36447998240422,111.8107419968013,112.00934011757714,50778167.0,292774846.0,0.06518148613995375,5.69,5.96,5.63,5.64,2026-07-29,5.74,19.8598120775846
000419,通程控股,2026-07-30,82.19856205778856,84.78885287893738,82.19856205778856,83.5800504957346,7956200.0,38632208.0,0.014636596526428902,4.76,4.91,4.76,4.84,2026-07-29,4.8,17.26860547432533
000420,吉林化纤,2026-07-30,25.122552473869252,25.594021287051785,24.987847098674244,25.39196322425927,42408557.0,159577615.0,0.017253027685245816,3.73,3.8,3.71,3.77,2026-07-29,3.75,6.73526875975047
000421,南京公用,2026-07-30,58.44951374920901,59.539989751992756,57.904275747817124,58.44951374920901,6694001.0,35950312.0,0.011656005854413511,5.36,5.46,5.31,5.36,2026-07-29,5.37,10.9047600278375
000422,湖北宜化,2026-07-30,185.25634948382603,190.81403996834084,185.25634948382603,187.1089129786643,25517515.0,337433436.0,0.024121901114335417,13.0,13.39,13.0,13.13,2026-07-29,13.12,14.250488421832772
000423,东阿阿胶,2026-07-30,632.8715693976679,655.1044182110804,630.0483505007267,649.8108827793155,11310075.0,621403747.0,0.017707953360841813,53.8,55.69,53.56,55.24,2026-07-29,53.8,11.763412070588624
000425,徐工机械,2026-07-30,433.77889056015914,452.65989137695175,429.42173652551463,444.913839759806,148956944.0,1350774442.0,0.01654975032930629,8.96,9.35,8.87,9.19,2026-07-29,9.0,48.412822607160614
000426,兴业银锡,2026-07-30,507.76249170488654,516.7330139463984,479.1496190379953,487.19215622004043,65048834.0,2097067240.0,0.036642988836586864,32.83,33.41,30.98,31.5,2026-07-29,32.35,15.466417657779061
000428,华天酒店,2026-07-30,53.257140837453136,53.257140837453136,43.901156636278934,45.94028139807331,108656162.0,452627130.0,0.10663793248969994,4.44,4.44,3.66,3.83,2026-07-29,4.04,11.994851539966922
000429,粤高速Ａ,2026-07-30,75.85828344073825,76.16623317053828,72.83011109770472,73.18938578247142,13136465.0,189977622.0,0.010079155660838493,14.78,14.84,14.19,14.26,2026-07-29,14.7,5.132495496667
000430,张家界,2026-07-30,33.00465588099993,33.792983648858204,32.79443514290439,33.05721106552381,7730400.0,49020301.0,0.020861596793099988,6.28,6.43,6.24,6.29,2026-07-29,6.28,5.255518452388523
000498,山东路桥,2026-07-30,15.769437718276688,16.05385643463839,15.737835638680943,16.022254355042648,11365600.0,57312511.0,0.007841872161174369,4.99,5.08,4.98,5.07,2026-07-29,5.0,3.1602079595744863
000501,武商集团,2026-07-30,59.7305235528732,61.860713408539155,59.7305235528732,61.09384506049941,13869830.0,99586725.0,0.018052766216775762,7.01,7.26,7.01,7.17,2026-07-29,7.05,8.520759422663795
000503,国新健康,2026-07-30,69.6726440698887,71.52408496125636,69.08797852524627,69.7700883273291,28771350.0,207880664.0,0.029381441770320184,7.15,7.34,7.09,7.16,2026-07-29,7.2,9.744425744040377
000505,京粮控股,2026-07-30,18.196101824298403,18.659275325280543,18.163018002799678,18.295353288794576,7154301.0,39831094.0,0.011313288210783328,5.5,5.64,5.49,5.53,2026-07-29,5.53,3.3083821498724366
000506,招金黄金,2026-07-30,35.21722919331147,37.58296672690797,34.57202804778515,35.486063003947436,115718720.0,1563182195.0,0.12460197334517449,13.1,13.98,12.86,13.2,2026-07-29,12.71,2.6883381063596543
000507,珠海港,2026-07-30,28.329173966799935,28.782440750268734,28.159198922999135,28.612465706467933,11760300.0,59318072.0,0.01303290512374098,5.0,5.08,4.97,5.05,2026-07-29,5.02,5.665834793359987
000509,华塑控股,2026-07-30,30.967838859380162,31.608552766815613,30.006767998226987,30.32712495194471,29816800.0,85772855.0,0.02778502535559685,2.9,2.96,2.81,2.84,2026-07-29,2.92,10.678565123924194
000510,新金路,2026-07-30,167.03495540920053,168.645485282292,149.54920250135035,149.54920250135035,53213591.0,713113901.0,0.0877228476494679,14.52,14.66,13.0,13.0,2026-07-29,14.44,11.50378480779618
000513,丽珠集团,2026-07-30,312.98991773844307,318.054479514146,310.96409302816187,314.1041213290978,6695149.0,207886153.0,0.011784333839498664,30.9,31.4,30.7,31.01,2026-07-29,30.92,10.129123551405925
000514,渝 开 发,2026-07-30,19.33036899156883,19.94894079929903,19.227273690280462,19.433464292857195,10812600.0,41071330.0,0.012814614923375564,3.75,3.87,3.73,3.77,2026-07-29,3.78,5.1547650644183545
000516,国际医学,2026-07-30,188.12000133196827,192.13203927506711,186.33687335725767,188.12000133196827,25430607.0,107920318.0,0.011534079078546193,4.22,4.31,4.18,4.22,2026-07-29,4.21,44.578199367764995
000517,荣安地产,2026-07-30,27.42635607122415,28.45853076207667,27.13144901669486,27.72126312575344,61431200.0,115901467.0,0.024651498742359116,1.86,1.93,1.84,1.88,2026-07-29,1.89,14.745352726464596
000518,四环生物,2026-07-30,30.32410444249418,30.578928849573963,29.30480681417505,29.30480681417505,35152800.0,123384513.0,0.03414432373642824,3.57,3.6,3.45,3.45,2026-07-29,3.58,8.494146902659434
000519,中兵红箭,2026-07-30,114.83210415967203,117.06105226341836,114.58444325925578,115.5750868609208,47775040.0,670883101.0,0.03430737269841544,13.91,14.18,13.88,14.0,2026-07-29,14.03,8.255363347208629
000520,凤凰航运,2026-07-30,27.41333899672083,27.771215484928675,25.981833043889456,26.124983639172594,21391027.0,79807688.0,0.021135635499544846,3.83,3.88,3.63,3.65,2026-07-29,3.82,7.157529764156875
000521,长虹美菱,2026-07-30,32.141407988028995,32.6661656694662,32.01021856766969,32.20700269820864,10307942.0,50746605.0,0.011777411788825933,4.9,4.98,4.88,4.91,2026-07-29,4.91,6.5594710179651
000523,红棉股份,2026-07-30,18.414482019484606,19.85618523809194,18.414482019484606,18.873205770859666,51359658.0,149138684.0,0.038757321403734266,2.81,3.03,2.81,2.88,2026-07-29,2.83,6.553196448215162
000524,岭南控股,2026-07-30,43.29135458787454,45.182018450054954,43.29135458787454,43.43679026958073,17214366.0,157278184.0,0.025694336161802563,8.93,9.32,8.93,8.96,2026-07-29,8.95,4.847856056872849
000525,红太阳,2026-07-30,38.67088851639838,39.49718955307356,38.34036810172831,38.50562830906335,26233480.0,123569974.0,0.02359635162446773,4.68,4.78,4.64,4.66,2026-07-29,4.68,8.263010366751791
000526,学大教育,2026-07-30,77.72086827953582,84.26138897629174,77.46574158569074,84.26138897629174,6231329.0,220878672.0,0.05129784305481782,33.51,36.33,33.4,36.33,2026-07-29,33.03,2.3193335804099022
000528,柳    工,2026-07-30,130.79550757884093,133.18993334687462,130.79550757884093,132.5913269048662,31096980.0,274934084.0,0.015281050400257021,8.74,8.9,8.74,8.86,2026-07-29,8.79,14.965161050210632
000529,广弘控股,2026-07-30,16.54794310320402,16.902288779932153,16.441639400185576,16.618812238549648,3595200.0,16941243.0,0.006308648113720794,4.67,4.77,4.64,4.69,2026-07-29,4.68,3.5434567672813744
000530,冰山冷热,2026-07-30,53.14407301782413,53.80424783792132,52.5939273344098,52.81398560777553,10741980.0,52031986.0,0.017899817739623906,4.83,4.89,4.78,4.8,2026-07-29,4.85,11.002913668286569
000531,穗恒运Ａ,2026-07-30,95.57230611552652,97.05788600333261,95.07711281959114,95.90243497948342,9781360.0,56994089.0,0.01075175434120977,5.79,5.88,5.76,5.81,2026-07-29,5.83,16.506443197845684
000532,华金资本,2026-07-30,47.563459401888295,48.86595262441404,47.15923736731134,47.473632283093416,5377400.0,57602998.0,0.015652463908385483,10.59,10.88,10.5,10.57,2026-07-29,10.6,4.491355939743937
000533,顺钠股份,2026-07-30,24.99746876224233,26.039029960669097,23.695517264208878,23.695517264208878,140420355.0,1585978247.0,0.20502243093322495,11.52,12.0,10.92,10.92,2026-07-29,12.13,2.1699191633890913
000534,万泽股份,2026-07-30,109.06928484058072,110.40858534514656,103.41911083694357,104.59099877843869,17849045.0,451302087.0,0.03551779874113052,26.06,26.38,24.71,24.99,2026-07-29,26.22,4.185314076768255
000536,华映科技,2026-07-30,11.454909440755664,11.602714723862189,11.270152836872507,11.417958119979032,40661729.0,125940678.0,0.01471607480578043,3.1,3.14,3.05,3.09,2026-07-29,3.13,3.6951320776631174
000537,绿发电力,2026-07-30,52.66395653722553,53.843518146096194,52.31702665226357,53.01088642218749,20694642.0,158283931.0,0.010066868615614462,7.59,7.76,7.54,7.64,2026-07-29,7.63,6.9385976992392004
000538,云南白药,2026-07-30,1649.4193271116224,1678.345355010477,1649.1014586731735,1676.7560128182324,14517155.0,763130526.0,0.008188212397401038,51.89,52.8,51.88,52.75,2026-07-29,51.89,31.7868438448954
000539,粤电力Ａ,2026-07-30,97.20301051675564,99.80666258416875,94.07862803585994,94.59935844934256,87910467.0,488485174.0,0.03440201835362074,5.6,5.75,5.42,5.45,2026-07-29,5.65,17.357680449420652
000541,佛山照明,2026-07-30,163.4054699581096,168.71946898113757,163.4054699581096,165.73034453068433,8924889.0,44675982.0,0.007306097505778622,4.92,5.08,4.92,4.99,2026-07-29,4.95,33.212493893924716
000543,皖能电力,2026-07-30,47.47794996349855,48.50222045763495,47.357447552423686,48.0804620188729,33314289.0,265430195.0,0.014696205344370626,7.88,8.05,7.86,7.98,2026-07-29,7.91,6.025120553743471
000544,中原环保,2026-07-30,30.699155494567147,31.033295962535227,30.53208526058311,30.99152840403922,5420429.0,40021567.0,0.005561213979225655,7.35,7.43,7.31,7.42,2026-07-29,7.35,4.176755849600973
000545,金浦钛业,2026-07-30,12.213952434354296,12.511853713240987,12.015351581763168,12.164302221206515,31875700.0,78728122.0,0.032347878882653724,2.46,2.52,2.42,2.45,2026-07-29,2.48,4.965021314778169
000546,金圆股份,2026-07-30,8.713351721763635,8.954273889185671,8.592890638052618,8.612967485337787,17271100.0,75235646.0,0.024789681275899637,4.34,4.46,4.28,4.29,2026-07-29,4.33,2.0076847285169666
000547,航天发展,2026-07-30,162.9918094416318,164.49457080527804,157.78994318285632,158.9459134625842,50466875.0,702154994.0,0.03175772834857814,14.1,14.23,13.65,13.75,2026-07-29,14.18,11.55970279727885
000548,湖南投资,2026-07-30,16.134208752766238,16.478303252232816,16.057743308440333,16.210674197092146,9101105.0,38862657.0,0.0182308027900182,4.22,4.31,4.2,4.24,2026-07-29,4.22,3.8232722162953174
000550,江铃汽车,2026-07-30,64.94666777966447,67.13500315611525,64.67312585760811,66.82238381662228,4829980.0,82086106.0,0.009315956026653851,16.62,17.18,16.55,17.1,2026-07-29,16.66,3.9077417436621213
000551,创元科技,2026-07-30,127.83321359073518,129.03540682199602,120.21932312608325,120.72023697244194,22749048.0,281144582.0,0.04694908546804486,12.76,12.88,12.0,12.05,2026-07-29,12.87,10.018276927173604
000552,甘肃能化,2026-07-30,20.190856107805814,20.501484663310517,19.880227552301108,20.268513246681987,63188300.0,164554470.0,0.016959598028107654,2.6,2.64,2.56,2.61,2026-07-29,2.61,7.76571388761762
000553,安道麦A,2026-07-30,21.738983144900143,22.444255498837745,21.656009926789835,22.195335844506822,8788647.0,46951892.0,0.004036911575473642,5.24,5.41,5.22,5.35,2026-07-29,5.26,4.148660905515294
000554,泰山石油,2026-07-30,37.61890006654374,38.43543433155399,36.91901355367781,37.61890006654374,29928568.0,192712821.0,0.08329576518289566,6.45,6.59,6.33,6.45,2026-07-29,6.34,5.832387607216083
000555,神州信息,2026-07-30,33.24403641590607,34.90316577492541,32.90606562055029,34.565194979569625,48611498.0,541921478.0,0.049876793086124346,10.82,11.36,10.71,11.25,2026-07-29,10.82,3.0724617759617443
000557,西部创业,2026-07-30,27.889358890587527,28.42422330766729,27.736540485707597,27.889358890587527,8659720.0,31789611.0,0.005939792706795896,3.65,3.72,3.63,3.65,2026-07-29,3.67,7.640920243996583
000558,天府文旅,2026-07-30,24.402651813900967,25.13767144684979,24.255647887311202,24.402651813900967,30115333.0,101402263.0,0.023369048418090517,3.32,3.42,3.3,3.32,2026-07-29,3.33,7.350196329488243
000559,万向钱潮,2026-07-30,455.54134526897957,467.4732046399164,452.5583804262454,456.3936209383323,33584225.0,361851844.0,0.01013297834096817,10.69,10.97,10.62,10.71,2026-07-29,10.77,42.61378346763139
000560,我爱我家,2026-07-30,11.339659564053644,11.646136849568606,11.186420921296161,11.339659564053644,70574316.0,157972720.0,0.030180133279274757,2.22,2.28,2.19,2.22,2026-07-29,2.24,5.107954758582722
000561,烽火电子,2026-07-30,18.65004179222027,19.182176136835253,18.59936233082837,19.030137752659545,13613200.0,102137670.0,0.01753719329879589,7.36,7.57,7.34,7.51,2026-07-29,7.39,2.5339730695951457
000563,陕国投Ａ,2026-07-30,58.64409465860844,59.59921020679425,58.45307154897128,59.40818709715708,52462455.0,162516175.0,0.010258654494923062,3.07,3.12,3.06,3.11,2026-07-29,3.07,19.102310963716103
000564,供销大集,2026-07-30,16.675215146299504,17.51497418244408,16.675215146299504,16.795180722891587,303471936.0,432423682.0,0.0201042966588367,1.39,1.46,1.39,1.4,2026-07-29,1.4,11.996557659208277
000565,渝三峡Ａ,2026-07-30,42.83269328952519,43.675554874828904,42.29632682615009,42.44957438711441,8622600.0,48326787.0,0.019886426928970267,5.59,5.7,5.52,5.54,2026-07-29,5.59,7.662378048215597
000566,海南海药,2026-07-30,53.341184127660554,58.23487074487712,52.851815465938905,58.23487074487712,365539447.0,2127007156.0,0.2818920354292447,5.45,5.95,5.4,5.95,2026-07-29,5.41,9.78737323443313
000567,海德股份,2026-07-30,94.90670837947727,99.33568810385287,93.79946344838336,96.1721311578703,41639755.0,255772205.0,0.021369722237543808,6.0,6.28,5.93,6.08,2026-07-29,6.0,15.817784729912878
000568,泸州老窖,2026-07-30,3251.890188574867,3398.58091679121,3241.5702378460787,3337.029782087368,19763082.0,1793155538.0,0.013434584693664363,88.23,92.21,87.95,90.54,2026-07-29,88.23,36.85696688852847
000570,苏常柴Ａ,2026-07-30,29.134133138380033,29.609792454925014,28.717931236403174,29.074675723811907,11068700.0,54410978.0,0.019918749777203672,4.9,4.98,4.83,4.89,2026-07-29,4.92,5.945741456812251
000571,新大洲A,2026-07-30,62.704588198796074,64.83206529839809,59.90527622563553,60.57711109919407,22067816.0,122962450.0,0.027110600513776454,5.6,5.79,5.35,5.41,2026-07-29,5.65,11.197247892642157
000572,海马汽车,2026-07-30,16.65861236435722,17.41989303692193,16.38992506815791,16.972080876589747,94395093.0,359222353.0,0.05747901763547141,3.72,3.89,3.66,3.79,2026-07-29,3.72,4.478121603321833
000573,粤宏远Ａ,2026-07-30,30.442410069852336,30.86758339485027,29.507028754856876,29.592063419856462,17507800.0,61956464.0,0.02765998910912614,3.58,3.63,3.47,3.48,2026-07-29,3.6,8.503466499958753
000576,甘化科工,2026-07-30,42.00960340686243,42.70449910231429,41.31470771141057,41.441052383310904,11106121.0,74024979.0,0.02560103804185902,6.65,6.76,6.54,6.56,2026-07-29,6.69,6.317233595016907
000581,威孚高科,2026-07-30,114.68100878897394,117.28739535235971,114.35521046855072,116.76611803968257,10815963.0,192670108.0,0.013623744562007262,17.6,18.0,17.55,17.92,2026-07-29,17.61,6.515966408464428
000582,北部湾港,2026-07-30,65.47683325507516,67.12840512725363,64.83751511100608,66.6489165192018,43502162.0,539231564.0,0.020169319999481485,12.29,12.6,12.17,12.51,2026-07-29,12.32,5.327651200575684
000586,汇源通信,2026-07-30,41.19851092288262,41.97952534796096,39.71458351523376,40.18319217028077,5743610.0,59843389.0,0.030041372456718448,10.55,10.75,10.17,10.29,2026-07-29,10.6,3.905072125391717
000589,贵州轮胎,2026-07-30,34.55538145518845,35.03200740629451,34.39650613815311,34.79369443074148,25884151.0,113278015.0,0.016763144593808864,4.35,4.41,4.33,4.38,2026-07-29,4.36,7.943765851767462
000590,古汉医药,2026-07-30,41.83837405559672,42.5615064466811,40.90863240991679,41.425155546405634,3405600.0,27526383.0,0.014228028734484985,8.1,8.24,7.92,8.02,2026-07-29,8.08,5.165231364888483
000591,太阳能,2026-07-30,68.78145792912828,69.69854403484999,68.32291487626742,69.24000098198914,49770992.0,224948788.0,0.01275068982713567,4.5,4.56,4.47,4.53,2026-07-29,4.52,15.284768428695173
000592,平潭发展,2026-07-30,37.011577296769566,38.502411408548376,36.039294180392076,36.10411305481725,127577113.0,729272643.0,0.06661668634671745,5.71,5.94,5.56,5.57,2026-07-29,5.76,6.481887442516562
000593,德龙汇能,2026-07-30,111.57539578111545,117.76655163869243,103.16349923549457,103.49997509731942,20979921.0,341917021.0,0.05852414510428522,16.58,17.5,15.33,15.38,2026-07-29,16.67,6.729517236496711
000596,古井贡酒,2026-07-30,335.25387943145614,364.987002981385,332.56092903549484,341.56202350966686,11934647.0,1132395884.0,0.029208631913852177,90.88,98.94,90.15,92.59,2026-07-29,90.91,3.6889731451524663
000597,东北制药,2026-07-30,23.41722825079005,23.671211203618576,22.85846575456729,23.16324529796152,12221762.0,55993276.0,0.00867281407159652,4.61,4.66,4.5,4.56,2026-07-29,4.61,5.0796590565705095
000598,兴蓉环境,2026-07-30,222.47727982449874,226.4337841168633,219.43381498421834,225.21639818075116,29574797.0,216575068.0,0.009912425686973002,7.31,7.44,7.21,7.4,2026-07-29,7.33,30.434648402804207
000599,青岛双星,2026-07-30,28.35609819435998,28.85032212803074,28.17076421923344,28.541432169486516,11514900.0,53222784.0,0.014098575095880448,4.59,4.67,4.56,4.62,2026-07-29,4.59,6.177799170884527
000600,建投能源,2026-07-30,64.04310616143209,64.92645934986565,62.350012550267806,62.86530191018736,32609761.0,280862579.0,0.029915815599050995,8.7,8.82,8.47,8.54,2026-07-29,8.78,7.361276570279552
000601,韶能股份,2026-07-30,74.40490849395611,75.79782409758711,72.19945878820701,72.3155350885096,49186884.0,311118858.0,0.04692800342868802,6.41,6.53,6.22,6.23,2026-07-29,6.41,11.607630030258363
000603,盛达资源,2026-07-30,96.16195934543265,96.91914012768017,90.44524443946402,91.12670714348677,55686828.0,1374390253.0,0.08352401624511513,25.4,25.6,23.89,24.07,2026-07-29,25.0,3.785903911237506
000605,渤海股份,2026-07-30,19.691051196949104,20.118343447154146,19.37058200929532,19.51301275936367,4071080.0,22622326.0,0.011543969153169666,5.53,5.65,5.44,5.48,2026-07-29,5.54,3.5607687517086983
000607,华媒控股,2026-07-30,12.912154292889632,13.327457501140467,12.87439945577592,12.912154292889632,13928101.0,48264942.0,0.015737372518998278,3.42,3.53,3.41,3.42,2026-07-29,3.44,3.7754837113712374
000608,阳光股份,2026-07-30,70.76507819323253,71.93668544808737,65.37568482090025,66.07864917381315,26250200.0,152601670.0,0.035214957755539594,6.04,6.14,5.58,5.64,2026-07-29,6.03,11.716072548548432
000612,焦作万方,2026-07-30,114.60729312472073,116.78338096886098,112.43120528058044,113.57106081798726,33550687.0,371238471.0,0.02814184201808108,11.06,11.27,10.85,10.96,2026-07-29,11.01,10.362323067334604
000617,中油资本,2026-07-30,54.75863532120197,56.705955211714134,54.602849729960994,55.84913445988878,114158489.0,818617547.0,0.009030040730375659,7.03,7.28,7.01,7.17,2026-07-29,7.05,7.789279562048645
000619,海螺新材,2026-07-30,40.95589517723116,42.0779744971553,40.58186873725644,41.51693483719323,8248300.0,36628110.0,0.022911944444444443,4.38,4.5,4.34,4.44,2026-07-29,4.38,9.350660999367845
000620,盈新发展,2026-07-30,8.684662537700172,8.816748659946562,8.42049029320739,8.453511823768988,181566155.0,472091223.0,0.038864708311591875,2.63,2.67,2.55,2.56,2026-07-29,2.67,3.302153056159761
000623,吉林敖东,2026-07-30,445.56312714918096,451.9564170530875,442.1205864316928,449.9892509288086,13582380.0,247513833.0,0.011404502505629752,18.12,18.38,17.98,18.3,2026-07-29,18.24,24.589576553486808
000625,长安汽车,2026-07-30,112.980754366241,118.85575359328554,112.52883134877604,117.95190755835561,194857312.0,1514489977.0,0.023569907262848036,7.5,7.89,7.47,7.83,2026-07-29,7.52,15.064100582165468
000626,远大控股,2026-07-30,75.67292232331992,76.31603497762576,72.99328626371228,73.85076980278673,10077700.0,70289857.0,0.020006888029865014,7.06,7.12,6.81,6.89,2026-07-29,6.98,10.718544238430585
000628,高新发展,2026-07-30,112.0348884425726,113.42298590400316,106.29741893532632,106.97604436091459,8684103.0,306420657.0,0.04517356908343869,36.32,36.77,34.46,34.68,2026-07-29,36.43,3.084661025401228
000629,钒钛股份,2026-07-30,24.745776903271725,25.150119663129104,24.503171247357294,24.745776903271725,100492215.0,308373832.0,0.01081672849530192,3.06,3.11,3.03,3.06,2026-07-29,3.08,8.086855197147623
000630,铜陵有色,2026-07-30,196.98585411470575,198.262909895028,193.15468677373903,194.43174255406126,199811772.0,1224565870.0,0.01793161249256182,6.17,6.21,6.05,6.09,2026-07-29,6.15,31.92639450805604
000631,顺发恒能,2026-07-30,62.791002075626956,63.86988527280267,61.71211887845123,62.14367215732152,10821669.0,31442129.0,0.004705073304377726,2.91,2.96,2.86,2.88,2026-07-29,2.92,21.577663943514416
000633,合金投资,2026-07-30,36.59926186617032,37.26470299100978,35.71200703305104,36.081696546850736,8207200.0,40400016.0,0.021311734340329916,4.95,5.04,4.83,4.88,2026-07-29,4.94,7.393790275994004
000635,英 力 特,2026-07-30,27.389433800984968,27.746299387968488,26.854135420509692,27.077176412374396,3963400.0,24289893.0,0.010804759795201468,6.14,6.22,6.02,6.07,2026-07-29,6.14,4.460819837293969
000636,风华高科,2026-07-30,879.4514270943292,944.3215857807611,838.0718551188615,912.5189453105327,267362250.0,13157269979.0,0.2310797763102632,48.67,52.26,46.38,50.5,2026-07-29,47.51,18.069682085357083
000637,茂化实华,2026-07-30,61.89176469521544,63.0819909393542,60.36147380989418,60.70153845107668,10434900.0,37775265.0,0.028620971204846506,3.64,3.71,3.55,3.57,2026-07-29,3.59,17.00323205912512
000650,仁和药业,2026-07-30,148.40390766784378,150.5863180747238,147.58550376526375,149.7679141721438,15058500.0,82388036.0,0.0113103952403928,5.44,5.52,5.41,5.49,2026-07-29,5.47,27.280130086000693
000651,格力电器,2026-07-30,10134.495853670756,10348.879419806097,10085.772315912722,10346.443242918196,67071653.0,2822839433.0,0.012146240117080974,41.6,42.48,41.4,42.47,2026-07-29,41.65,243.6176887901624
000652,泰达股份,2026-07-30,99.02697205521326,100.43360518099753,98.1829921797427,98.7456454300564,12781356.0,45141669.0,0.008765024722187967,3.52,3.57,3.49,3.51,2026-07-29,3.53,28.132662515685585
000655,金岭矿业,2026-07-30,41.30892522359475,42.30282417634289,41.30892522359475,41.805874699968825,5534835.0,37286731.0,0.009296927573666574,6.65,6.81,6.65,6.73,2026-07-29,6.68,6.211868454675902
000657,中钨高新,2026-07-30,326.02089176532843,332.2845611715103,294.3924620905486,300.15999926653785,67726245.0,3364472912.0,0.04661809484779631,52.57,53.58,47.47,48.4,2026-07-29,52.54,6.201652877407807
000659,珠海中富,2026-07-30,47.076859183058296,49.06094137085003,46.17500364315297,46.35537475113403,45957514.0,120535261.0,0.035745060218128843,2.61,2.72,2.56,2.57,2026-07-29,2.64,18.037110798106628
000661,长春高新,2026-07-30,649.4340216247582,657.594951796709,638.5527813954903,643.9934015101242,9424792.0,764736365.0,0.023584705750767324,81.17,82.19,79.81,80.49,2026-07-29,81.15,8.000911933285181
000663,永安林业,2026-07-30,20.568256254445213,21.101963502564548,20.280875428534802,20.404038639639264,5114502.0,25748216.0,0.01669762334196044,5.01,5.14,4.94,4.97,2026-07-29,5.03,4.105440370148745
000665,湖北广电,2026-07-30,22.645891577953606,23.18365681331398,22.526388192317963,22.586139885135783,14025777.0,53607586.0,0.01233447632051568,3.79,3.88,3.77,3.78,2026-07-29,3.81,5.9751692817819535
000668,荣丰控股,2026-07-30,74.35652318504329,74.39216868992587,65.26691943998766,67.76210478176765,7597309.0,146930865.0,0.051738022440326804,20.86,20.87,18.31,19.01,2026-07-29,20.3,3.564550488257109
000670,盈方微,2026-07-30,68.73682185065792,75.76554949854474,66.2560944455214,72.35454931648202,85529400.0,585578979.0,0.10299162149394321,6.65,7.33,6.41,7.0,2026-07-29,6.71,10.33636418806886
000672,上峰水泥,2026-07-30,134.1466024307822,137.24229325610796,126.40737536746785,129.39987649861607,28618387.0,362373755.0,0.029521891195177365,13.0,13.3,12.25,12.54,2026-07-29,13.2,10.318969417752477
000676,智度股份,2026-07-30,84.42383704258407,88.76563437620268,81.40870000534892,82.13233289428535,155787809.0,1095046007.0,0.12373651989643711,7.0,7.36,6.75,6.81,2026-07-29,7.17,12.060548148940581
000678,襄阳轴承,2026-07-30,35.72295250562072,36.51974698529999,35.41308798574544,35.900017945549436,8983893.0,73025797.0,0.019546698014803132,8.07,8.25,8.0,8.11,2026-07-29,8.1,4.42663599821818
000679,大连友谊,2026-07-30,32.43652684879533,33.30847649526832,31.506447225890803,31.564577202322333,7760800.0,43222825.0,0.021775533108866443,5.58,5.73,5.42,5.43,2026-07-29,5.62,5.812997643153285
000680,山推股份,2026-07-30,57.644761363004484,59.18881747094211,57.54182428914198,58.15944673231703,23715250.0,269422058.0,0.018038820157098266,11.2,11.5,11.18,11.3,2026-07-29,11.29,5.146853693125401
000681,视觉中国,2026-07-30,88.05299468172284,90.71651943188172,87.16515309833656,87.4262829758031,29577044.0,504123671.0,0.04374428497119029,16.86,17.37,16.69,16.74,2026-07-29,16.87,5.222597549331129
000682,东方电子,2026-07-30,192.52503870329275,195.763475014534,191.55350780992038,192.36311688773068,18734343.0,224006722.0,0.013974603323463397,11.89,12.09,11.83,11.88,2026-07-29,11.99,16.192181556206286
000683,博源化工,2026-07-30,51.27935421062743,52.749144617938406,51.03438914274226,51.524319278512586,92062364.0,582471207.0,0.027546163433911922,6.28,6.46,6.25,6.31,2026-07-29,6.31,8.165502262838762
000685,中山公用,2026-07-30,191.62138297812328,194.75700560867438,191.09877920636478,193.8859993224102,17217014.0,191073854.0,0.013811377694112911,11.0,11.18,10.97,11.13,2026-07-29,11.06,17.420125725283935
000686,东北证券,2026-07-30,119.06089109276267,120.8468044591541,118.46558663729886,120.5491522314222,22655603.0,182621432.0,0.009680008025284285,8.0,8.12,7.96,8.1,2026-07-29,8.04,14.882611386595334
000688,国城矿业,2026-07-30,139.4203626772674,140.86164830108478,131.15699176738113,132.55023453707125,19135692.0,538874229.0,0.016147399561967396,29.02,29.32,27.3,27.59,2026-07-29,28.93,4.8042854127245835
000690,宝新能源,2026-07-30,266.8528961766705,273.29602445457806,262.55747732473213,266.3159688201782,112040128.0,557766606.0,0.05152530076089409,4.97,5.09,4.89,4.96,2026-07-29,5.09,53.69273564922948
000691,亚太实业,2026-07-30,37.528605066605486,37.96406356421378,35.54924825929507,36.02429389304957,13697506.0,126993890.0,0.04237172023386024,9.48,9.59,8.98,9.1,2026-07-29,9.49,3.958713614620832
000692,惠天热电,2026-07-30,46.420320263735526,47.4212975200964,45.04397653623933,45.294220850329545,12696902.0,46806446.0,0.02382904694697424,3.71,3.79,3.6,3.62,2026-07-29,3.75,12.512215704510924
000695,滨海能源,2026-07-30,33.54331576685595,34.06095952869014,32.71508574792123,32.97390762883833,5159800.0,66361388.0,0.023262129403008768,12.96,13.16,12.64,12.74,2026-07-29,12.99,2.5882188091709835
000697,炼石航空,2026-07-30,34.3255840621846,34.44673318240408,32.629496379111956,32.83141157947775,8404700.0,69444621.0,0.012868787995936007,8.5,8.53,8.08,8.13,2026-07-29,8.46,4.038304007315836
000700,模塑科技,2026-07-30,204.58630771169928,205.18803214614547,188.54032279313466,190.34549609647317,56228669.0,548856613.0,0.06125024664483048,10.2,10.23,9.4,9.49,2026-07-29,10.27,20.057481148205813
000701,厦门信达,2026-07-30,8.199491639086773,8.458422954005302,8.130443288441832,8.164967463764302,13484901.0,64992926.0,0.02019463726803887,4.75,4.9,4.71,4.73,2026-07-29,4.78,1.726208766123531
000702,正虹科技,2026-07-30,13.156164822938447,13.503081948086924,13.022735159419803,13.209536688345906,7511288.0,37332634.0,0.028170720064452554,4.93,5.06,4.88,4.95,2026-07-29,4.89,2.6685932703729103
000703,恒逸石化,2026-07-30,145.1585251222413,153.76883093220016,142.53799726703642,150.21240027156497,90198162.0,1427403566.0,0.023721439527062786,15.51,16.43,15.23,16.05,2026-07-29,15.6,9.359028054303113
000705,浙江震元,2026-07-30,36.81016918975991,37.55554644749648,36.523485629092,36.867505901893495,4126500.0,26666460.0,0.014634775583226218,6.42,6.55,6.37,6.43,2026-07-29,6.46,5.7336712133582415
000707,双环科技,2026-07-30,14.350142421598084,14.777034530249743,14.284466712574751,14.48149383964475,8901400.0,39408130.0,0.01616368619671371,4.37,4.5,4.35,4.41,2026-07-29,4.38,3.28378545116661
000708,中信特钢,2026-07-30,66.08309254801415,67.47289978613385,65.76926510714841,67.20390483682037,14969786.0,223343240.0,0.0029659960857707224,14.74,15.05,14.67,14.99,2026-07-29,14.75,4.483249155224841
000709,河钢股份,2026-07-30,24.147989438695397,24.714843650871348,24.03461859626021,24.374731123565777,94267602.0,202876537.0,0.009120836050842216,2.13,2.18,2.12,2.15,2026-07-29,2.13,11.337084243518966
000710,贝瑞基因,2026-07-30,27.944372723072156,28.428557398966976,27.494772666884117,27.56394190629766,6815700.0,55058694.0,0.02068309893666318,8.08,8.22,7.95,7.97,2026-07-29,8.08,3.4584619706772473
000712,锦龙股份,2026-07-30,110.53942013989705,114.23286138562152,110.4075115239783,113.3095010741904,25693597.0,220436056.0,0.02868440118880142,8.38,8.66,8.37,8.59,2026-07-29,8.48,13.190861591873155
000713,国投丰乐,2026-07-30,36.39398189616521,37.29737860989981,36.39398189616521,36.97473692642316,6230040.0,35729301.0,0.010146397405483495,5.64,5.78,5.64,5.73,2026-07-29,5.67,6.452833669532838
000715,中兴商业,2026-07-30,32.01705945895859,32.829331580538934,31.746302085098478,31.881680772028535,8549555.0,40750417.0,0.0175789112651177,4.73,4.85,4.69,4.71,2026-07-29,4.73,6.768934346502873
000716,黑芝麻,2026-07-30,17.97035120249171,18.634472877366402,17.97035120249171,18.204747087741605,29329786.0,137522060.0,0.039865194744861276,4.6,4.77,4.6,4.66,2026-07-29,4.63,3.9065980874981983
000717,中南股份,2026-07-30,11.640542837289665,11.958012187397564,11.587631278938348,11.7463659539923,21919443.0,49026602.0,0.009044312611298391,2.2,2.26,2.19,2.22,2026-07-29,2.2,5.291155835131666
000718,苏宁环球,2026-07-30,18.19014694890365,18.681772542117262,17.993496711618207,18.09182183026093,24233120.0,45105781.0,0.010620038487253115,1.85,1.9,1.83,1.84,2026-07-29,1.86,9.832511864272243
000719,中原传媒,2026-07-30,58.29162961150615,59.53090047726259,57.92443824387462,58.934214504861345,5508696.0,70793865.0,0.008257088042667048,12.7,12.97,12.62,12.84,2026-07-29,12.8,4.589892095394186
000720,新能泰山,2026-07-30,25.448713743388257,26.106870133303467,24.3517864268629,24.498043402399617,49824000.0,171068150.0,0.03965200807517155,3.48,3.57,3.33,3.35,2026-07-29,3.47,7.312848776835706
000721,西安饮食,2026-07-30,29.02919896643828,31.88529757442656,29.02919896643828,31.88529757442656,29140400.0,193167643.0,0.05687481942883054,6.2,6.81,6.2,6.81,2026-07-29,6.19,4.682128865554561
000722,湖南发展,2026-07-30,54.301831857514536,55.511419201993775,52.27145310071009,52.53065038881279,24779730.0,308164733.0,0.053386379088674746,12.57,12.85,12.1,12.16,2026-07-29,12.59,4.319954801711578
000723,美锦能源,2026-07-30,23.98567622005744,24.455983596921314,23.78411591568721,24.052862988180852,45771433.0,164308338.0,0.010414015857979598,3.57,3.64,3.54,3.58,2026-07-29,3.57,6.71867681234102
000725,京东方Ａ,2026-07-30,31.11401274353195,31.44560080118949,29.23501375013926,29.62186648407305,2198719866.0,11990208094.0,0.062168448784294804,5.63,5.69,5.29,5.36,2026-07-29,5.71,5.526467627625569
000726,鲁  泰Ａ,2026-07-30,51.99555842813943,52.60933399137211,51.82019398150153,52.43396954473421,5582100.0,33262849.0,0.009472604139718578,5.93,6.0,5.91,5.98,2026-07-29,5.96,8.768222331895352
000727,冠捷科技,2026-07-30,13.114169598687953,13.406896598658665,13.05562419869381,13.05562419869381,80446796.0,181738725.0,0.017760372317090673,2.24,2.29,2.23,2.23,2026-07-29,2.25,5.854539999414264
000728,国元证券,2026-07-30,22.3084096028869,22.615265305815196,22.185667321715584,22.431151884058217,31062815.0,227227897.0,0.007118330899486195,7.27,7.37,7.23,7.31,2026-07-29,7.29,3.06855702928293
000729,燕京啤酒,2026-07-30,106.08609871444048,108.91950590712781,105.33607916343502,106.91945377111323,29642500.0,381667523.0,0.011811611911054905,12.73,13.07,12.64,12.83,2026-07-29,12.77,8.333550566727453
000731,四川美丰,2026-07-30,81.32302097533311,82.2928014639657,80.35324048670051,80.49178055650516,6839468.0,40053744.0,0.012461999333486266,5.87,5.94,5.8,5.81,2026-07-29,5.87,13.854006980465606
000733,振华科技,2026-07-30,92.13526231522516,95.34076348921411,90.07458298908941,93.44035922177781,20953287.0,848656515.0,0.03781535146920572,40.24,41.64,39.34,40.81,2026-07-29,40.39,2.2896436957063906
000735,罗 牛 山,2026-07-30,30.477448027700405,31.43926098320969,30.357221408261744,31.319034363771028,32039891.0,166132703.0,0.027839047809849433,5.07,5.23,5.05,5.21,2026-07-29,5.08,6.011330971933019
000736,中交地产,2026-07-30,17.779469043201086,18.942611877803024,17.530224150072097,17.945632305287077,35045776.0,154945139.0,0.04690918351998989,4.28,4.56,4.22,4.32,2026-07-29,4.4,4.154081552149786
000737,北方铜业,2026-07-30,52.553702043525554,52.632023507077754,50.713147650048874,50.83062984537718,39605366.0,521936211.0,0.020795247875331276,13.42,13.44,12.95,12.98,2026-07-29,13.26,3.916073177609952
000738,航发控制,2026-07-30,33.289337807602585,33.633273326006304,32.99970789736787,33.235032199433576,11501888.0,211828719.0,0.008745459183851492,18.39,18.58,18.23,18.36,2026-07-29,18.43,1.8101869389669702
000739,普洛药业,2026-07-30,264.801864089475,266.2110660754373,253.7844667446782,256.47476144515184,16062291.0,323214354.0,0.01387096050212962,20.67,20.78,19.81,20.02,2026-07-29,20.66,12.81092714511248
000750,国海证券,2026-07-30,51.86313421453079,52.543752773776596,51.590886790832464,52.13538163822911,57843486.0,221712378.0,0.009979546308157816,3.81,3.86,3.79,3.83,2026-07-29,3.83,13.612371184916217
000751,锌业股份,2026-07-30,15.168431239290106,15.442972981177709,14.7566186264587,14.893889497402501,41395580.0,181639908.0,0.02936130039236262,4.42,4.5,4.3,4.34,2026-07-29,4.46,3.4317717735950466
000753,漳州发展,2026-07-30,52.10076568759643,53.33858085512033,51.875708384410274,52.21329433918951,24941355.0,116734621.0,0.025155654232353976,4.63,4.74,4.61,4.64,2026-07-29,4.65,11.252865159308085
000755,山西高速,2026-07-30,13.279423002054756,13.42160097852215,13.13724502558736,13.279423002054756,3941848.0,18429104.0,0.002686444904932699,4.67,4.72,4.62,4.67,2026-07-29,4.67,2.8435595293479135
000756,新华制药,2026-07-30,28.900177341551185,29.26196159398592,28.559674515730258,28.75120735525453,8179694.0,110996517.0,0.016395480650403225,13.58,13.75,13.42,13.51,2026-07-29,13.67,2.128142661380794
000757,浩物股份,2026-07-30,18.33507465726424,18.634830646211338,18.085277999808323,18.23515599428187,12561400.0,46176576.0,0.02357991455092041,3.67,3.73,3.62,3.65,2026-07-29,3.68,4.995933149118321
000758,中色股份,2026-07-30,98.92954030900307,100.9554012027028,98.2542533444365,99.60482727356965,27121128.0,160150969.0,0.013678520206052385,5.86,5.98,5.82,5.9,2026-07-29,5.88,16.882174114164346
000759,中百集团,2026-07-30,47.332362340188205,49.527486390747654,45.68601930226861,45.68601930226861,112098903.0,773877803.0,0.1709590864290137,6.9,7.22,6.66,6.66,2026-07-29,7.14,6.85976265799829
000761,本钢板材,2026-07-30,5.351378943850198,5.53670808476276,5.328212801236128,5.39771122907834,15179800.0,35625278.0,0.004093366550572246,2.31,2.39,2.3,2.33,2026-07-29,2.32,2.3166142614070124
000762,西藏矿业,2026-07-30,128.0170091106772,130.83120087668135,127.21295432039032,128.76363141594362,15337223.0,344764511.0,0.029449317972967532,22.29,22.78,22.15,22.42,2026-07-29,22.38,5.743248502049225
000766,通化金马,2026-07-30,55.525144838261596,57.42692349938859,55.083660506214244,56.204351502949805,18049860.0,298518330.0,0.01868500670855432,16.35,16.91,16.22,16.55,2026-07-29,16.36,3.396033323441076
000767,晋控电力,2026-07-30,37.0548644238259,37.55425612765104,35.65656765311548,35.85632433464554,156741714.0,571488228.0,0.05382158325010652,3.71,3.76,3.57,3.59,2026-07-29,3.76,9.987834076502937
000768,中航西飞,2026-07-30,177.2739990822489,179.65465710349733,176.93390507921342,178.2092575905965,18781644.0,393963284.0,0.006764713021587408,20.85,21.13,20.81,20.96,2026-07-29,20.98,8.502350075887238
000776,广发证券,2026-07-30,138.30200467225438,140.8895070983022,134.93825151839226,137.1376285805329,72514528.0,1548953002.0,0.012282168420391771,21.38,21.78,20.86,21.2,2026-07-29,21.68,6.468756065119476
000777,中核科技,2026-07-30,128.4414254787998,130.1629597363828,126.27079532793431,127.76778163887602,9782892.0,167845672.0,0.025515429693382132,17.16,17.39,16.87,17.07,2026-07-29,17.26,7.484931554708613
000778,新兴铸管,2026-07-30,60.46470706022967,61.89300722700675,60.46470706022967,61.09950713435282,65338545.0,252157744.0,0.016781354264334546,3.81,3.9,3.81,3.85,2026-07-29,3.83,15.870001853078653
000779,甘咨询,2026-07-30,33.077019694279905,34.215736765722326,32.42632422488424,32.42632422488424,76721615.0,941542101.0,0.16507330282661317,12.2,12.62,11.96,11.96,2026-07-29,12.2,2.7112311224819594
000782,恒申新材,2026-07-30,22.866543849029096,23.110546603515687,21.68138761295137,22.06482051285887,12180868.0,77641564.0,0.02306372684330863,6.56,6.63,6.22,6.33,2026-07-29,6.59,3.485753635522728
000783,长江证券,2026-07-30,56.38723826852658,57.78197561085762,56.25440614068553,56.91856677989079,91843700.0,788346861.0,0.016608044932430066,8.49,8.7,8.47,8.57,2026-07-29,8.6,6.6416063920526005
000785,居然智家,2026-07-30,15.608304483544464,16.24393679282908,15.53767867140173,15.961433544258139,87799125.0,197971401.0,0.015126091662422042,2.21,2.3,2.2,2.26,2026-07-29,2.25,7.062581214273513
000786,北新建材,2026-07-30,246.59056512788212,250.8421265956042,244.16110143204094,247.92677016059477,18013955.0,366879408.0,0.010662250006886916,20.3,20.65,20.1,20.41,2026-07-29,20.36,12.147318479206016
000788,北大医药,2026-07-30,20.785033881338265,21.104803633358852,20.345350472309953,20.505235348320248,13084300.0,67711991.0,0.021953986696950863,5.2,5.28,5.09,5.13,2026-07-29,5.2,3.9971219002573584
000789,万年青,2026-07-30,28.062375573859622,28.758712436734548,27.923108201284634,28.340910319009595,8421919.0,34336207.0,0.01056145660917312,4.03,4.13,4.01,4.07,2026-07-29,4.03,6.9633686287492855
000790,华神科技,2026-07-30,47.896813984695626,48.66521207001159,47.384548594484976,47.76874763714296,14451814.0,54237720.0,0.023211491788080643,3.74,3.8,3.7,3.73,2026-07-29,3.75,12.80663475526621
000791,甘肃能源,2026-07-30,31.710856208245218,32.480340586223065,31.18436689699721,31.508360319303677,29979229.0,235648213.0,0.015488080673603726,7.83,8.02,7.7,7.78,2026-07-29,7.81,4.049917778830807
000792,盐湖股份,2026-07-30,204.61319266033806,209.5061168326505,202.61154186257386,206.5407082433702,78663403.0,2190461545.0,0.014865921919435884,27.6,28.26,27.33,27.86,2026-07-29,27.62,7.413521473200654
000795,英洛华,2026-07-30,38.74760256059164,39.54122815520617,38.65423484357816,39.16775728715227,12767752.0,107243628.0,0.011438085670107375,8.3,8.47,8.28,8.39,2026-07-29,8.37,4.668385850673691
000796,凯撒旅业,2026-07-30,15.25635922164248,15.869885731896199,15.174555686941984,15.25635922164248,42078800.0,160281992.0,0.03162008086743179,3.73,3.88,3.71,3.73,2026-07-29,3.73,4.0901767350247935
000797,中国武夷,2026-07-30,16.39927589941094,16.82339510370605,16.25790283131257,16.39927589941094,22071404.0,51712635.0,0.014053604459558841,2.32,2.38,2.3,2.32,2026-07-29,2.33,7.06865340491851
000798,中水渔业,2026-07-30,17.65439555634196,18.152979256264327,17.65439555634196,17.835698719950095,7118000.0,56343848.0,0.019456794506717667,7.79,8.01,7.79,7.87,2026-07-29,7.86,2.266289545101664
000799,酒鬼酒,2026-07-30,83.97213025504082,91.96019833034632,83.92883449311505,88.12852339991524,21342127.0,874271852.0,0.06568865272057653,38.79,42.48,38.77,40.71,2026-07-29,39.04,2.1647880962887553
000800,一汽解放,2026-07-30,17.201213785326576,17.58045314437315,17.201213785326576,17.553364618726963,18782037.0,121064311.0,0.0038168369496250107,6.35,6.49,6.35,6.48,2026-07-29,6.37,2.7088525646183585
000801,四川九洲,2026-07-30,172.99467988434876,178.81220009284894,171.76993878782238,176.82199581099363,17628894.0,203541743.0,0.017351817693756173,11.3,11.68,11.22,11.55,2026-07-29,11.33,15.309263706579534
000802,北京文化,2026-07-30,12.386762225041092,12.988676501961246,11.974926140832563,12.196684032329465,91860072.0,362205860.0,0.12837794930585716,3.91,4.1,3.78,3.85,2026-07-29,4.07,3.1679698785271335
000803,山高环能,2026-07-30,37.2458894217221,38.03835515409916,36.96286594587315,37.13268003138251,9184936.0,60776540.0,0.019976468274124207,6.58,6.72,6.53,6.56,2026-07-29,6.6,5.660469516979042
000807,云铝股份,2026-07-30,188.80513754783226,196.20646973968093,188.5916375807597,188.5916375807597,94357211.0,2537737569.0,0.027208580660266872,26.53,27.57,26.5,26.5,2026-07-29,26.15,7.116665569085272
000809,和展能源,2026-07-30,9.151541333992645,9.325856407021076,8.948173748792808,9.035331285307024,15166000.0,47644145.0,0.018387681985386817,3.15,3.21,3.08,3.11,2026-07-29,3.16,2.9052512171405223
000810,创维数字,2026-07-30,53.91523453655022,54.78390104358379,52.872834728109936,53.27821243139226,23886199.0,222171983.0,0.021507352955245362,9.31,9.46,9.13,9.2,2026-07-29,9.36,5.791110046890464
000811,冰轮环境,2026-07-30,887.1846660751002,898.845362671925,812.8477252703409,812.8477252703409,46631613.0,1612299746.0,0.047661302993834455,36.52,37.0,33.46,33.46,2026-07-29,37.18,24.29311791005203
000812,陕西金叶,2026-07-30,24.676088134085745,27.261905752927067,24.528327127294812,25.784295685017742,41130840.0,144331329.0,0.05442822768251336,3.34,3.69,3.32,3.49,2026-07-29,3.37,7.388050339546631
000813,德展健康,2026-07-30,13.677979527113198,13.884595532054485,13.388717120195397,13.512686723160169,25598749.0,84581015.0,0.012208713637848222,3.31,3.36,3.24,3.27,2026-07-29,3.32,4.13232009882574
000815,美利云,2026-07-30,50.35526127694313,51.58593976029001,46.834153394034,47.176008528297025,84303664.0,1200633538.0,0.1212543451270928,14.73,15.09,13.7,13.8,2026-07-29,15.0,3.418551342630219
000816,智慧农业,2026-07-30,19.0876304909035,19.533256105477122,18.86481768361669,18.939088619378957,32073435.0,83086968.0,0.02228081477488598,2.57,2.63,2.54,2.55,2026-07-29,2.57,7.427093576227043
000818,航锦科技,2026-07-30,25.7691038942514,26.18641731764009,25.1014024168295,25.14313375916837,19982769.0,245053716.0,0.030359194350008858,12.35,12.55,12.03,12.05,2026-07-29,12.47,2.086567116943433
000819,岳阳兴长,2026-07-30,95.78672290903279,100.70092820545919,95.14223696851785,96.83401256236955,7050956.0,86284662.0,0.019263848855341298,11.89,12.5,11.81,12.02,2026-07-29,11.89,8.056074256436736
000822,山东海化,2026-07-30,10.223783609193976,10.418522344607194,10.126414241487366,10.248125951120628,12772005.0,53886966.0,0.01426893107736512,4.2,4.28,4.16,4.21,2026-07-29,4.22,2.434234192665232
000823,超声电子,2026-07-30,41.44860428074517,42.122304505122614,38.657560494038655,39.17085590308813,56000858.0,701271988.0,0.09412982034975426,12.92,13.13,12.05,12.21,2026-07-29,13.12,3.208096306559224
000825,太钢不锈,2026-07-30,28.55725882228429,29.271190292841396,28.55725882228429,28.79523597913666,35584350.0,129594299.0,0.006246980692270431,3.6,3.69,3.6,3.63,2026-07-29,3.61,7.932571895078969
000828,东莞控股,2026-07-30,44.618660285608904,45.3347069902927,44.529154447523425,45.06618947603627,7795337.0,78417766.0,0.0074989991120799305,9.97,10.13,9.95,10.07,2026-07-29,10.0,4.475291904273711
000829,天音控股,2026-07-30,145.0114019685763,146.01263144131678,140.67274092003433,141.6739703927748,24237426.0,208545273.0,0.02366636445916694,8.69,8.75,8.43,8.49,2026-07-29,8.58,16.687157879007632
000830,鲁西化工,2026-07-30,110.78272662405408,112.5137067275549,108.87864851020313,110.17688358782877,28556794.0,364415379.0,0.014996927905183298,12.8,13.0,12.58,12.73,2026-07-29,12.84,8.654900517504224
000831,中国稀土,2026-07-30,196.75272348982492,199.5575841181914,193.1641518035325,195.51528497731027,17130910.0,815516861.0,0.016142644289483858,47.7,48.38,46.83,47.4,2026-07-29,48.03,4.124795041715407
000833,粤桂股份,2026-07-30,39.76181024790489,40.31806355189112,38.58749771726728,38.58749771726728,18685262.0,355991709.0,0.04118399506551906,19.3,19.57,18.73,18.73,2026-07-29,19.4,2.0601974221712376
000837,秦川机床,2026-07-30,37.6965673094906,38.47593050740172,37.28637615269527,37.450452615413404,12952780.0,119526059.0,0.01285759092140073,9.19,9.38,9.09,9.13,2026-07-29,9.26,4.101911567953275
000839,国安股份,2026-07-30,56.723490626823384,59.08696940294102,55.21945867838488,57.79779916142231,187442650.0,503338376.0,0.0478191208404836,2.64,2.75,2.57,2.69,2026-07-29,2.82,21.486170691978554
000848,承德露露,2026-07-30,274.75731662534145,284.0816599497309,272.27082507217096,282.8384141731456,37328124.0,336869471.0,0.036916721325708925,8.84,9.14,8.76,9.1,2026-07-29,8.87,31.08114441463139
000850,华茂股份,2026-07-30,40.7283950668738,41.34085213554859,40.21801417631147,40.4221665325364,6715200.0,26850743.0,0.007118269422094288,3.99,4.05,3.94,3.96,2026-07-29,4.01,10.207617811246566
000852,石化机械,2026-07-30,28.64409316547669,29.08477152186864,28.368669192731723,28.589008370927697,10452863.0,54530882.0,0.01100001620295315,5.2,5.28,5.15,5.19,2026-07-29,5.2,5.508479454899363
000856,冀东装备,2026-07-30,14.387858544197933,14.465108791415103,14.020919869916375,14.29129573517647,4392600.0,32498588.0,0.019350660792951543,7.45,7.49,7.26,7.4,2026-07-29,7.36,1.9312561804292527
000858,五 粮 液,2026-07-30,1568.8924150667845,1647.0236751513355,1567.0122510540548,1641.1742760006205,72903867.0,5681290332.0,0.01878233040984503,75.1,78.84,75.01,78.56,2026-07-29,75.17,20.89071125255372
000859,国风新材,2026-07-30,31.95041154924396,35.65600051758411,31.744545495447284,34.46197740556339,77479430.0,646554232.0,0.08647979079049774,7.76,8.66,7.71,8.37,2026-07-29,7.87,4.1173210759335
000860,顺鑫农业,2026-07-30,32.05254259726972,33.38313707778368,31.9046987661015,32.91003681804539,16852691.0,187571390.0,0.022719656239649673,10.84,11.29,10.79,11.13,2026-07-29,10.84,2.9568766233643653
000862,银星能源,2026-07-30,15.430838944515507,15.649716092664663,14.856286430623973,15.075163578773129,49929703.0,278354414.0,0.07951006343185935,5.64,5.72,5.43,5.51,2026-07-29,5.73,2.735964351864452
000863,三湘印象,2026-07-30,27.516906941268196,28.23724481931187,25.860129821767757,26.148264972985224,17501200.0,65175213.0,0.01504553194811919,3.82,3.92,3.59,3.63,2026-07-29,3.85,7.203378780436701
000868,安凯客车,2026-07-30,17.961192480855072,18.358124911371206,17.762726265597003,18.060425588484105,12084100.0,44090501.0,0.012863165449092016,3.62,3.7,3.58,3.64,2026-07-29,3.6,4.961655381451677
000869,张  裕Ａ,2026-07-30,87.68281970266862,90.10165610825949,87.43085757708626,89.69851670732768,1768181.0,31391161.0,0.003886175334348024,17.4,17.88,17.35,17.8,2026-07-29,17.46,5.039242511647623
000875,电投绿能,2026-07-30,7.588126039993432,7.876647942654778,7.501569469195028,7.847795752388644,80163118.0,431121124.0,0.023983847791626222,5.26,5.46,5.2,5.44,2026-07-29,5.32,1.442609513306736
000876,新 希 望,2026-07-30,124.2354455855461,128.02201214185447,123.87482019923102,126.21888521027907,37095511.0,259357743.0,0.008243434915757642,6.89,7.1,6.87,7.0,2026-07-29,6.9,18.03126931575415
000877,天山股份,2026-07-30,28.843924576093865,29.538029712951737,28.766801783109656,29.460906919967528,17664900.0,67170391.0,0.002484343486600412,3.74,3.83,3.73,3.82,2026-07-29,3.74,7.712279298420819
000878,云南铜业,2026-07-30,48.472017028672916,49.22061960826632,47.75460622322924,48.72155122187072,33801426.0,527242642.0,0.01687017115778509,15.54,15.78,15.31,15.62,2026-07-29,15.53,3.1191774149725173
000880,潍柴重机,2026-07-30,120.46031895098612,121.97448497131974,118.49751114684993,119.11439359957845,8119740.0,174013022.0,0.03576555719412862,21.48,21.75,21.13,21.24,2026-07-29,21.61,5.608022297531942
000881,中广核技,2026-07-30,32.00772703140839,32.51337832732322,31.95716190181691,32.10885729059135,7426400.0,47294365.0,0.008217477211900762,6.33,6.43,6.32,6.35,2026-07-29,6.37,5.056512959148245
000882,华联股份,2026-07-30,4.051555901149875,4.166493657210864,3.9940870231193806,4.022821462134628,75464800.0,107283291.0,0.027588857862423863,1.41,1.45,1.39,1.4,2026-07-29,1.41,2.8734439015247344
000883,湖北能源,2026-07-30,27.967649232006018,28.323925018400995,27.848890636541025,28.2645457206685,27546610.0,130408937.0,0.004251292030263269,4.71,4.77,4.69,4.76,2026-07-29,4.72,5.937929773249685
000885,城发环境,2026-07-30,27.844938043060964,28.2817213849129,27.757581374690577,28.2598822178203,5378815.0,69193012.0,0.008377195393418206,12.75,12.95,12.71,12.94,2026-07-29,12.77,2.1839167092596834
000886,海南高速,2026-07-30,14.283894051667147,14.566432615326496,14.126928182967507,14.346680399147003,15725452.0,72051722.0,0.016082028394435417,4.55,4.64,4.5,4.57,2026-07-29,4.54,3.1393173739927795
000887,中鼎股份,2026-07-30,160.6115306938316,163.9576042499531,158.6038865601587,160.6115306938316,20549827.0,346071724.0,0.015634728040114544,16.8,17.15,16.59,16.8,2026-07-29,17.02,9.56021016034712
000888,峨眉山Ａ,2026-07-30,62.96437761508018,65.06319020224953,62.8332018283821,63.226729188476355,10863300.0,106006804.0,0.020616872039746697,9.6,9.92,9.58,9.64,2026-07-29,9.61,6.558789334904186
000889,中嘉博创,2026-07-30,18.178662181116138,18.228330657020827,17.085955711212982,17.13562418711767,51440200.0,181988605.0,0.05913719267912084,3.66,3.67,3.44,3.45,2026-07-29,3.67,4.96684759046889
000890,法尔胜,2026-07-30,24.319371524484858,24.830589544519075,22.968295328680142,23.187388765837664,16055200.0,104304535.0,0.03827304576126757,6.66,6.8,6.29,6.35,2026-07-29,6.65,3.6515572859586873
000892,欢瑞世纪,2026-07-30,8.524396909396252,9.038800171170163,8.083479827875756,8.205956794964782,136858799.0,478041835.0,0.19253204901053095,3.48,3.69,3.3,3.35,2026-07-29,3.51,2.449539341780532
000893,亚钾国际,2026-07-30,98.51725882602302,104.53139381249535,98.24996393773536,99.85373326746131,21438529.0,1141524849.0,0.02640842817578248,51.6,54.75,51.46,52.3,2026-07-29,51.33,1.9092492020547096
000895,双汇发展,2026-07-30,781.8752011533775,806.1775385645147,780.0750280118118,805.5774808506595,16669098.0,444324396.0,0.004811804297283275,26.06,26.87,26.0,26.85,2026-07-29,26.07,30.002885692761993
000897,津滨发展,2026-07-30,11.186205050580355,11.507647724447608,11.121916515806905,11.186205050580355,26497500.0,46467572.0,0.016384389213905934,1.74,1.79,1.73,1.74,2026-07-29,1.75,6.428853477345032
000898,鞍钢股份,2026-07-30,6.521687259247194,6.680752802155664,6.489874150665502,6.585313476410581,38448890.0,79654534.0,0.004831795256830293,2.05,2.1,2.04,2.07,2026-07-29,2.05,3.1813108581693634
000899,赣能股份,2026-07-30,40.37909442689117,41.43082897940554,40.11616078876258,40.679590013323846,20717769.0,224669600.0,0.02123423311401502,10.75,11.03,10.68,10.83,2026-07-29,10.95,3.756194830408481
000900,现代投资,2026-07-30,59.77544167637825,60.414751213024005,59.61561429221681,60.09509644470113,12395961.0,46557985.0,0.008167390071337554,3.74,3.78,3.73,3.76,2026-07-29,3.74,15.982738416143917
000901,航天科技,2026-07-30,91.50729058353872,92.75006293599564,89.87206380399014,90.72238172935539,13840650.0,193428899.0,0.017339970901111747,13.99,14.18,13.74,13.87,2026-07-29,14.05,6.540907118194333
000902,新洋丰,2026-07-30,52.21431644212933,53.35436701946839,52.02430801257282,52.860345102621466,9929689.0,138102157.0,0.008689039546463714,13.74,14.04,13.69,13.91,2026-07-29,13.76,3.8001685911302276
000905,厦门港务,2026-07-30,24.150099938398743,24.55116921376954,24.006860911480604,24.150099938398743,11129000.0,94271826.0,0.015002542498900831,8.43,8.57,8.38,8.43,2026-07-29,8.48,2.86478053836284
000906,浙商中拓,2026-07-30,30.2296972217025,30.735398476340645,30.11731916511625,30.398264306581883,5658268.0,30700816.0,0.008068949153316981,5.38,5.47,5.36,5.41,2026-07-29,5.41,5.6189028293127325
000910,大亚圣象,2026-07-30,14.056576480719272,14.362154230300128,13.973237094469951,14.084356276135717,5224600.0,26698703.0,0.009548211652085872,5.06,5.17,5.03,5.07,2026-07-29,5.05,2.7779795416441253
000912,泸天化,2026-07-30,8.006384329656766,8.160777415903592,7.9181597089442946,7.9622720193005305,20636574.0,75143418.0,0.013161080357142857,3.63,3.7,3.59,3.61,2026-07-29,3.64,2.2056155178117813
000913,钱江摩托,2026-07-30,35.45251559168635,38.41990676455878,35.14015862612083,37.98260701276705,14132080.0,168751801.0,0.027171711816325498,11.35,12.3,11.25,12.16,2026-07-29,11.36,3.123569655655185
000915,华特达因,2026-07-30,99.74574673768903,102.17284104606296,99.2759865489715,100.95929389187599,3608901.0,93315189.0,0.015410639145502095,25.48,26.1,25.36,25.79,2026-07-29,25.52,3.9146682393127565
000917,电广传媒,2026-07-30,53.772870537841115,55.84412184744685,53.693207025933205,54.25085160928859,31089550.0,213888176.0,0.021933291924644757,6.75,7.01,6.74,6.81,2026-07-29,6.78,7.9663511907912765
000919,金陵药业,2026-07-30,24.35676449527648,24.709193563536108,24.043494212379034,24.23928813918994,10966600.0,68280267.0,0.017637804511147787,6.22,6.31,6.14,6.19,2026-07-29,6.25,3.915878536218084
000920,沃顿科技,2026-07-30,38.49914617409528,38.67147896807064,35.98308738205503,36.189886734825464,19872700.0,213648224.0,0.042049847890160356,11.17,11.22,10.44,10.5,2026-07-29,11.25,3.446655879507187
000921,海信家电,2026-07-30,41.62155334046624,42.941874518940246,41.27575493658019,42.67466666139193,14951222.0,402507008.0,0.016185128954748336,26.48,27.32,26.26,27.15,2026-07-29,26.49,1.5718109267547673
000922,佳电股份,2026-07-30,37.02049104282958,38.376170996510666,36.98573001837622,37.64618948299008,12624462.0,137157707.0,0.01790883672611872,10.65,11.04,10.64,10.83,2026-07-29,10.76,3.476102445336111
000923,河钢资源,2026-07-30,26.63285815330615,27.07673912252792,25.92264860255132,26.171221945315512,13862064.0,207027242.0,0.02207681813662724,15.0,15.25,14.6,14.74,2026-07-29,15.0,1.7755238768870767
000925,众合科技,2026-07-30,25.58698923116883,25.58698923116883,24.64335558576402,24.715942789256697,20251450.0,139382903.0,0.03017414353786494,7.05,7.05,6.79,6.81,2026-07-29,6.93,3.6293601746338764
000926,福星股份,2026-07-30,10.102604001302137,10.392630910430428,10.00592836492604,10.00592836492604,26366980.0,55508728.0,0.016759996650032184,2.09,2.15,2.07,2.07,2026-07-29,2.11,4.833781818804851
000927,中国铁物,2026-07-30,3.9638490388978207,4.0431260196757774,3.94799364274223,4.011415227364594,42684369.0,107732037.0,0.0070548587934792266,2.5,2.55,2.49,2.53,2026-07-29,2.5,1.5855396155591284
000928,中钢国际,2026-07-30,13.19017955324009,13.396679428828977,13.164367068791478,13.319241975483143,17243946.0,88687913.0,0.012019810826502938,5.11,5.19,5.1,5.16,2026-07-29,5.13,2.581248444861074
000930,中粮科技,2026-07-30,28.568224307194416,29.307057694449444,28.506654858256496,29.183918796573607,19516146.0,91877912.0,0.010513193193810937,4.64,4.76,4.63,4.74,2026-07-29,4.66,6.1569448937919
000931,中 关 村,2026-07-30,8.491124024472528,8.613298470867818,7.656265307438059,7.717352530635704,28115128.0,109927053.0,0.03743544934262319,4.17,4.23,3.76,3.79,2026-07-29,4.18,2.036240773254803
000932,华菱钢铁,2026-07-30,9.655828014223061,9.928171881290892,9.63106948085326,9.853896281181484,104096879.0,413330347.0,0.015190838492239357,3.9,4.01,3.89,3.98,2026-07-29,3.92,2.4758533369802724
000933,神火股份,2026-07-30,389.81193654429603,401.1194583677184,388.9192374529732,392.1924674544902,67433988.0,1784969502.0,0.0300030718650195,26.2,26.96,26.14,26.36,2026-07-29,25.75,14.878318188713589
000935,四川双马,2026-07-30,59.29131777179637,60.294912460138576,55.197707858821566,56.51822718558763,8259585.0,179319226.0,0.010818900499457893,22.45,22.83,20.9,21.4,2026-07-29,22.5,2.6410386535321324
000936,华西股份,2026-07-30,33.96867618205384,34.44140129790747,33.69854754442319,34.17127266027682,13111028.0,66263864.0,0.014799881940292369,5.03,5.1,4.99,5.06,2026-07-29,5.03,6.753215940766171
000937,冀中能源,2026-07-30,62.11419986790957,62.63289882296518,61.20647669656224,61.59550091285396,18485830.0,88331114.0,0.004894660974469053,4.79,4.83,4.72,4.75,2026-07-29,4.78,12.967473876390306
000938,紫光股份,2026-07-30,256.39330609478117,263.35255297449663,246.1375738509899,246.1375738509899,253945439.0,8755283400.0,0.08878985534477367,35.0,35.95,33.6,33.6,2026-07-29,37.33,7.325523031279461
000948,南天信息,2026-07-30,36.633578354641514,40.446927940482055,35.89633076804567,39.09954442015173,55988900.0,866775948.0,0.14387511758308716,14.41,15.91,14.12,15.38,2026-07-29,14.46,2.5422330572270306
000949,新乡化纤,2026-07-30,26.599996835515732,26.960064474575166,26.104903831809008,26.50997992575087,30634856.0,180666516.0,0.018494340243149755,5.91,5.99,5.8,5.89,2026-07-29,5.97,4.500845488242932
000950,重药控股,2026-07-30,13.39119440286197,13.613968431745072,13.26743105348247,13.465452412489672,23570500.0,128041239.0,0.0137615608554583,5.41,5.5,5.36,5.44,2026-07-29,5.43,2.475266987590013
000951,中国重汽,2026-07-30,115.04624282722106,118.98242870134426,114.19921548721989,118.13540136134307,13580108.0,318737623.0,0.011616909028035657,23.09,23.88,22.92,23.71,2026-07-29,23.23,4.982513764712909
000952,广济药业,2026-07-30,14.241900945269636,14.65848305701427,14.05964627138136,14.163791799317519,7778800.0,42875720.0,0.022613149944373384,5.47,5.63,5.4,5.44,2026-07-29,5.51,2.6036381984039556
000953,中哲精化,2026-07-30,14.065903126635074,14.354569049010047,13.855964273998731,13.882206630578272,5797800.0,31077255.0,0.01583569660397125,5.36,5.47,5.28,5.29,2026-07-29,5.38,2.624235657954305
000955,欣龙控股,2026-07-30,9.614957784070558,9.86340630562277,9.316819558207905,9.416198966828789,11870800.0,45648082.0,0.022051859710767646,3.87,3.97,3.75,3.79,2026-07-29,3.86,2.484485215522108
000957,中通客车,2026-07-30,52.665651843932686,54.18631551603853,52.36151910951151,53.67942762533658,15397339.0,162464417.0,0.02596936546563928,10.39,10.69,10.33,10.59,2026-07-29,10.4,5.068878907019507
000958,电投产融,2026-07-30,26.4586030799296,26.751502745021075,26.360969858232444,26.4586030799296,15114433.0,82158260.0,0.002807590185278777,5.42,5.48,5.4,5.42,2026-07-29,5.43,4.88166108485786
000959,首钢股份,2026-07-30,8.960840792236388,9.309964459466377,8.914290969939056,9.053940436831052,41701585.0,163742980.0,0.005596320731767849,3.85,4.0,3.83,3.89,2026-07-29,3.92,2.327491114866594
000960,锡业股份,2026-07-30,109.09089080122514,111.54084218540737,104.05487962262833,107.04926464773996,48557552.0,1533408759.0,0.02951051967902955,32.06,32.78,30.58,31.46,2026-07-29,32.0,3.4027102558086444
000962,东方钽业,2026-07-30,158.62221298487788,161.94229493112118,144.03504443383034,144.98868499285766,25403231.0,1074522271.0,0.05048560176767756,44.91,45.85,40.78,41.05,2026-07-29,45.31,3.532002070471563
000963,华东医药,2026-07-30,390.75634111220023,399.45468432188966,389.55195512932016,394.6371403903693,18277760.0,538257567.0,0.010426482278342909,29.2,29.85,29.11,29.49,2026-07-29,29.25,13.382066476445214
000965,天保基建,2026-07-30,8.678073158329829,8.902023433383501,8.650079373948119,8.734060727093247,13704720.0,42986541.0,0.01234847584595309,3.1,3.18,3.09,3.12,2026-07-29,3.13,2.7993784381709124
000966,长源电力,2026-07-30,16.923898152558532,17.041697907680753,16.649032057273363,16.766831812395576,46281272.0,198274832.0,0.013295261836573263,4.31,4.34,4.24,4.27,2026-07-29,4.31,3.926658504073906
000967,盈峰环境,2026-07-30,43.42040718807346,44.23200358411221,41.159531513394064,41.39141619797657,95744457.0,699079069.0,0.02851516263707429,7.49,7.63,7.1,7.14,2026-07-29,7.51,5.797117114562544
000968,蓝焰控股,2026-07-30,12.888382199814293,13.259270896211827,12.647304547155898,12.944015504273924,50780557.0,354078642.0,0.05248621952109155,6.95,7.15,6.82,6.98,2026-07-29,6.86,1.854443481987668
000969,安泰科技,2026-07-30,112.16787449436855,113.51162582815986,107.85372547535438,108.7024105282752,28534009.0,445455787.0,0.027400981931844884,15.86,16.05,15.25,15.37,2026-07-29,15.96,7.0723754410068445
000970,中科三环,2026-07-30,228.24716375307167,232.31668682773886,215.50778717150487,215.68472295735995,60262181.0,756975136.0,0.04956889319808802,12.9,13.13,12.18,12.19,2026-07-29,12.86,17.69357858550943
000973,佛塑科技,2026-07-30,50.16696695959086,51.43546286150548,49.83961317845161,49.92145162373642,31327733.0,387266537.0,0.044206834665462456,12.26,12.57,12.18,12.2,2026-07-29,12.38,4.09192226424069
000975,山金国际,2026-07-30,228.9979217997389,240.84607514502972,227.5044570923493,230.69051513478044,95785376.0,2242544270.0,0.0379613028686037,23.0,24.19,22.85,23.17,2026-07-29,22.45,9.956431382597343
000977,浪潮信息,2026-07-30,513.6459440190115,524.7862666351652,477.70263897444016,484.0084819647158,91621151.0,6495033070.0,0.06246193377465109,73.31,74.9,68.18,69.08,2026-07-29,74.94,7.006492211417426
000978,桂林旅游,2026-07-30,17.788914768918406,18.434108568827366,17.69674422607427,17.942532340325304,15749818.0,92778162.0,0.033644812417322256,5.79,6.0,5.76,5.84,2026-07-29,5.8,3.0723514281378943
000980,众泰汽车,2026-07-30,3.3741260425464534,3.5387175568170126,3.3329781639788143,3.394699981830273,149188400.0,248745040.0,0.029586191789830667,1.64,1.72,1.62,1.65,2026-07-29,1.64,2.057393928381984
000981,山子高科,2026-07-30,14.558468997181178,15.129389350011813,14.501376961898115,14.615561032464242,238017523.0,616085856.0,0.02501930135624116,2.55,2.65,2.54,2.56,2026-07-29,2.57,5.709203528306345
000983,山西焦煤,2026-07-30,73.02004295694059,74.14515918123858,72.68250808965118,73.35757782422998,70415978.0,459953497.0,0.012403585777857952,6.49,6.59,6.46,6.52,2026-07-29,6.5,11.251162242980058
000985,大庆华科,2026-07-30,24.841781435926837,25.26016933379508,24.179333930968788,24.65002031607056,1866800.0,26502851.0,0.014399932119454333,14.25,14.49,13.87,14.14,2026-07-29,14.24,1.7432829077843395
000987,越秀资本,2026-07-30,66.39565639856922,67.77173217885044,66.05163745349891,66.99768955244225,36414544.0,283719029.0,0.007263522983037337,7.72,7.88,7.68,7.79,2026-07-29,7.76,8.60047362675767
000988,华工科技,2026-07-30,1007.4645539353742,1025.8643248928715,927.492365081,936.4352705184428,73503993.0,6868311593.0,0.07313934531107441,98.01,99.8,90.23,91.1,2026-07-29,100.26,10.279201652233182
000989,九芝堂,2026-07-30,51.671372761902596,53.05234486244342,50.86580570325378,50.923346207442975,40475770.0,365146731.0,0.0583095169118822,8.98,9.22,8.84,8.85,2026-07-29,9.01,5.7540504189201105
000990,诚志股份,2026-07-30,21.017140334764413,21.47051470254053,20.628533733813452,21.04952421817699,43059311.0,279862394.0,0.02530916781984167,6.49,6.63,6.37,6.5,2026-07-29,9.08,3.238388341257999
000993,闽东电力,2026-07-30,18.105718437989406,18.37514877188806,17.818326081830847,17.979984282170037,11566366.0,116645845.0,0.02525675128600694,10.08,10.23,9.92,10.01,2026-07-29,10.2,1.7962022259910126
000995,皇台酒业,2026-07-30,16.757226283179882,18.499314164104526,16.67426971742157,17.337922243488098,28976154.0,306518327.0,0.16333059388528137,10.1,11.15,10.05,10.45,2026-07-29,10.15,1.6591313151663252
000997,新 大 陆,2026-07-30,210.53852922400674,226.80741557313453,209.46191174502036,220.94583152087523,43887331.0,812634174.0,0.04356324740495726,17.6,18.96,17.51,18.47,2026-07-29,17.61,11.9624164331822
000998,隆平高科,2026-07-30,96.49579927449224,98.83509137811629,96.49579927449224,98.60116216775388,17929848.0,150379488.0,0.013640979171997381,8.25,8.45,8.25,8.43,2026-07-29,8.27,11.696460518120272
000999,华润三九,2026-07-30,98.60035705439712,101.32843017447925,98.60035705439712,101.01665038932701,20187673.0,521476446.0,0.012141544363289557,25.3,26.0,25.3,25.92,2026-07-29,25.47,3.897247314403048
001201,东瑞股份,2026-07-30,19.022049160710285,19.394035899853066,18.76842183856748,18.937506719996016,3604700.0,40685159.0,0.017894655349915918,11.25,11.47,11.1,11.2,2026-07-29,11.26,1.6908488142853586
001202,炬申股份,2026-07-30,15.864174690465408,15.993783960812348,15.747526347153164,15.786409128257244,3070678.0,37599548.0,0.026284660539013596,12.24,12.34,12.15,12.18,2026-07-29,12.32,1.296092703469396
001203,大中矿业,2026-07-30,27.779451194506514,28.070444323367788,26.657049126041603,26.989612701883058,13401705.0,351998460.0,0.010261967549535424,26.73,27.01,25.65,25.97,2026-07-29,26.76,1.039261174504546
001205,盛航股份,2026-07-30,18.239607426640244,19.258272294241284,18.18454446082397,18.418562065543128,6652378.0,91091371.0,0.03995798307238875,13.25,13.99,13.21,13.38,2026-07-29,13.26,1.3765741454068108
001206,依依股份,2026-07-30,42.178036451417825,43.167397800278245,39.62652560435675,39.62652560435675,11444912.0,182614998.0,0.10709745984956008,16.2,16.58,15.22,15.22,2026-07-29,16.36,2.6035824970011006
001207,联科科技,2026-07-30,23.61509805261845,24.316221071724527,23.423882683771335,23.69477112297141,3423080.0,51241842.0,0.011697954780529695,14.82,15.26,14.7,14.87,2026-07-29,14.82,1.5934614070592745
001208,华菱线缆,2026-07-30,14.243614569355373,14.305543328352568,13.572719680219068,13.583041140051934,19039100.0,255857966.0,0.05973357247301938,13.8,13.86,13.15,13.16,2026-07-29,13.88,1.032145983286621
001209,洪兴股份,2026-07-30,23.547615782238758,24.015549172783246,23.124966268198577,23.547615782238758,1749200.0,27388482.0,0.018202889076971998,15.6,15.91,15.32,15.6,2026-07-29,15.6,1.5094625501435102
001210,金房能源,2026-07-30,32.473542379007256,33.19889641840089,31.357613087632433,31.506403659815746,4699635.0,81341362.0,0.03522439543890798,17.46,17.85,16.86,16.94,2026-07-29,17.58,1.8598821522913662
001211,双枪科技,2026-07-30,19.711424568028473,20.01451646223464,18.89621188706017,19.199303781266337,3008884.0,55924639.0,0.03223569817061092,18.86,19.15,18.08,18.37,2026-07-29,18.81,1.0451444627798767
001212,中旗新材,2026-07-30,64.21781013409111,65.07560723363575,60.72813557003456,60.72813557003456,5447460.0,174209960.0,0.03133448365143019,32.94,33.38,31.15,31.15,2026-07-29,33.26,1.9495388626014305
001213,中铁特货,2026-07-30,3.676819569351148,3.72860576046877,3.6664623311276237,3.7078912840217213,8155164.0,29135515.0,0.0018349119001834912,3.55,3.6,3.54,3.58,2026-07-29,3.56,1.035723822352436
001215,千味央厨,2026-07-30,32.86082209180327,33.045548761900854,31.300907988757018,31.352220952673015,2292271.0,71724314.0,0.023655646619486593,32.02,32.2,30.5,30.55,2026-07-29,31.72,1.0262592783199023
001216,华瓷股份,2026-07-30,14.760102107207478,15.06806250884817,14.551128977522724,14.705109178343069,3055900.0,41257474.0,0.012444961061167034,13.42,13.7,13.23,13.37,2026-07-29,13.53,1.0998585772881877
001217,华尔泰,2026-07-30,9.943125603398997,10.360390853899876,9.892239597240353,10.0856064206432,8251400.0,82443288.0,0.02514349647941228,9.77,10.18,9.72,9.91,2026-07-29,9.76,1.0177201231728759
001218,丽臣实业,2026-07-30,33.94445564277609,34.496269831116614,33.439939813436176,33.83409280510798,1833100.0,39504750.0,0.015309186948632087,21.53,21.88,21.21,21.46,2026-07-29,21.7,1.5766119666872311
001219,青岛食品,2026-07-30,28.69522132494492,29.371225726588623,28.5786688419029,28.928326291028956,3626441.0,45184077.0,0.019066712233336402,12.31,12.6,12.26,12.41,2026-07-29,12.41,2.331049660840367
001220,世盟股份,2026-07-30,28.83290440198415,29.337529702087508,28.793325947074084,29.040691290262004,970303.0,28563641.0,0.042917338533467374,29.14,29.65,29.1,29.35,2026-07-29,29.13,0.9894613727516867
001221,悍高集团,2026-07-30,36.92600295670143,39.9930399204386,36.533272613783865,38.964460450892595,4663741.0,194379020.0,0.060670847654456274,39.49,42.77,39.07,41.67,2026-07-29,39.66,0.935072245041819
001222,源飞宠物,2026-07-30,20.04105080944765,20.844989810399703,20.026694755859218,20.170255291743516,7488840.0,106842652.0,0.06627369159207472,13.96,14.52,13.95,14.05,2026-07-29,14.03,1.4356053588429547
001223,欧克科技,2026-07-30,64.09258179577809,64.09258179577809,60.22284100810846,60.24299590804424,2047348.0,62826977.0,0.02931701673091353,31.8,31.8,29.88,29.89,2026-07-29,31.5,2.015489993577927
001225,和泰机电,2026-07-30,44.00459891440793,48.43057193352785,43.48324369661686,48.43057193352785,1832300.0,77704473.0,0.08709158086357983,39.67,43.66,39.2,43.66,2026-07-29,39.69,1.1092664208320626
001226,拓山重工,2026-07-30,40.63010509263151,40.87425194346355,37.435850460912356,37.486714388169034,860636.0,32837113.0,0.025367737219392568,39.94,40.18,36.8,36.85,2026-07-29,39.93,1.017278545133488
001227,兰州银行,2026-07-30,2.5575829286710907,2.6162430875855653,2.545850896888196,2.6045110558026705,118008128.0,260481425.0,0.027980587346200785,2.18,2.23,2.17,2.22,2026-07-29,2.18,1.1732031782894912
001228,永泰运,2026-07-30,28.371941420166692,28.98289746888203,28.371941420166692,28.78996397981403,861800.0,23097451.0,0.010790762150979792,26.47,27.04,26.47,26.86,2026-07-29,26.71,1.0718527170444538
001229,魅视科技,2026-07-30,36.476983890593935,36.74001377154717,33.131243804868845,33.131243804868845,5095900.0,166368010.0,0.06909582019710729,34.67,34.92,31.49,31.49,2026-07-29,34.99,1.05211952381292
001230,劲旅环境,2026-07-30,23.26812823371314,23.47022546793763,22.163330019952582,22.244168913642383,4864099.0,81977698.0,0.04422761453123256,17.27,17.42,16.45,16.51,2026-07-29,17.27,1.3473148948299443
001231,农心科技,2026-07-30,18.49076631790389,19.03340785436508,18.429335200568662,18.777444865468294,1774600.0,32541468.0,0.0348213853852805,18.06,18.59,18.0,18.34,2026-07-29,18.03,1.023851955587148
001233,海安集团,2026-07-30,42.341223072750736,43.87681374552086,42.05757893574224,43.53448461464854,1978957.0,87355722.0,0.052473956879788834,43.29,44.86,43.0,44.51,2026-07-29,43.34,0.9780832310637732
001234,泰慕士,2026-07-30,21.406908137064327,22.1615321667794,21.295934015047408,21.52897967128294,1490000.0,29102168.0,0.016286733963305662,19.29,19.97,19.19,19.4,2026-07-29,19.29,1.1097412201692238
001236,弘业期货,2026-07-30,7.289539728019683,7.514284250465331,7.250453724116093,7.445883743634047,15415841.0,117306426.0,0.02033543449943998,7.46,7.69,7.42,7.62,2026-07-29,7.52,0.9771500975897699
001237,惠康科技,2026-07-30,53.99994211344276,54.97337560505131,53.12897530516143,53.36464867681402,1969391.0,103663962.0,0.056500729228241384,52.7,53.65,51.85,52.08,2026-07-29,52.85,1.0246668332721587
001238,浙江正特,2026-07-30,34.58983833423974,35.09448374553544,34.04193760197583,34.87820714069443,491120.0,11841502.0,0.0033839103167303403,23.99,24.34,23.61,24.19,2026-07-29,23.81,1.4418440322734365
001239,永达股份,2026-07-30,11.207113820540444,11.420292616039855,10.943178168969746,11.034540509898065,4484604.0,49306767.0,0.03933863157894737,11.04,11.25,10.78,10.87,2026-07-29,11.04,1.015137121425765
001255,博菲电气,2026-07-30,23.37075042005642,23.735918395369804,22.83314201195617,23.076587328831756,1183500.0,27183570.0,0.015316862199645844,23.04,23.4,22.51,22.75,2026-07-29,23.04,1.0143554869816156
001256,炜冈科技,2026-07-30,23.905690041168555,23.97960339376934,23.018729809959122,23.039847910702203,2505690.0,55440869.0,0.02343681646827681,22.64,22.71,21.8,21.82,2026-07-29,22.7,1.0559050371540881
001257,盛龙股份,2026-07-30,22.742519665149448,23.860064730593585,22.274487971074553,22.455969648368903,12877525.0,308568565.0,0.09403223214933248,23.81,24.98,23.32,23.51,2026-07-29,23.91,0.9551667226018248
001258,立新能源,2026-07-30,12.219050745012312,12.848048293911681,11.559118890429371,12.734622506405238,186889464.0,2245060921.0,0.20024080308678882,11.85,12.46,11.21,12.35,2026-07-29,11.61,1.0311435227858492
001259,利仁科技,2026-07-30,44.811334732177635,45.84577058867959,40.748241316432825,41.5587271421457,1690298.0,67441132.0,0.035551915269945326,42.02,42.99,38.21,38.97,2026-07-29,41.82,1.0664287180432563
001260,坤泰股份,2026-07-30,16.175494262963998,16.41567268003835,15.601154569960112,15.872660606652857,1260000.0,19357175.0,0.010956521739130434,15.49,15.72,14.94,15.2,2026-07-29,15.46,1.0442539872797933
001266,宏英智能,2026-07-30,45.865943062023284,45.865943062023284,42.95715164194073,43.30200835669279,2662200.0,78421452.0,0.04578345190820877,30.59,30.59,28.65,28.88,2026-07-29,30.72,1.4993770206611077
001267,汇绿生态,2026-07-30,32.85593391228653,33.68927684208751,30.122569102539323,30.122569102539323,37194354.0,1035829668.0,0.0611189765536961,29.57,30.32,27.11,27.11,2026-07-29,30.12,1.111123906401303
001268,联合精密,2026-07-30,19.06648812791409,19.19820825315011,17.81514693817189,17.81514693817189,3104040.0,51908267.0,0.032903523522329385,17.37,17.49,16.23,16.23,2026-07-29,17.25,1.097667710300178
001269,欧晶科技,2026-07-30,25.6818765082091,27.324824837017093,25.552170061197945,26.849234531309513,5331140.0,98883737.0,0.027706847074475453,17.82,18.96,17.73,18.63,2026-07-29,17.77,1.441182744568412
001270,铖昌科技,2026-07-30,179.25610759986904,182.57287325773032,165.61213978003036,165.9325091901647,8553867.0,777514477.0,0.04176626469258868,95.12,96.88,87.88,88.05,2026-07-29,95.22,1.8845259419666633
001277,速达股份,2026-07-30,27.43069371054035,28.098982725227426,26.957750715531034,27.440975079997077,1047300.0,28165979.0,0.022992574076956165,26.68,27.33,26.22,26.69,2026-07-29,26.68,1.028136945672427
001278,一彬科技,2026-07-30,14.735026198312918,14.745188285346236,14.01351801894725,14.186273498513678,2546800.0,36094597.0,0.029853169014464224,14.5,14.51,13.79,13.96,2026-07-29,14.1,1.0162087033319254
001279,强邦新材,2026-07-30,23.90137237456755,25.896529305834417,23.90137237456755,25.04580249250235,2550602.0,63131524.0,0.06376505,23.6,25.57,23.6,24.73,2026-07-29,23.74,1.0127700158715063
001280,中国铀业,2026-07-30,55.785786828340946,56.17306005921538,54.40266814664655,55.07578590507115,4885088.0,293604032.0,0.028119292472863485,60.5,60.92,59.0,59.73,2026-07-29,60.6,0.9220791211296024
001282,三联锻造,2026-07-30,30.435392814703285,31.347238804491333,30.192233884093138,30.41512957048577,3219596.0,48749883.0,0.021080698133665778,15.02,15.47,14.9,15.01,2026-07-29,15.1,2.0263244217512173
001283,豪鹏科技,2026-07-30,57.41622953269453,57.41622953269453,54.90155403607801,55.04637827933865,2434620.0,103784499.0,0.023545898912771774,43.61,43.61,41.7,41.81,2026-07-29,43.85,1.3165840296421585
001285,瑞立科密,2026-07-30,40.79652123005228,41.94902295480126,40.79652123005228,41.60225252434581,1373480.0,55888465.0,0.03309847971299935,40.0,41.13,40.0,40.79,2026-07-29,40.23,1.019913030751307
001286,陕西能源,2026-07-30,11.564374174977402,11.719600673970387,11.497848532551837,11.641987424473895,25001300.0,261812870.0,0.01851948148148148,10.43,10.57,10.37,10.5,2026-07-29,10.48,1.1087607070927519
001287,中电港,2026-07-30,21.226386383572844,21.50311860585989,20.580677864903077,20.877908770322495,22529373.0,462478629.0,0.029647809085619842,20.71,20.98,20.08,20.37,2026-07-29,20.99,1.0249341566186791
001288,运机集团,2026-07-30,36.18027070583286,36.40799860956745,34.956233223259446,35.966775796081684,3140764.0,78481537.0,0.020680203035725046,25.42,25.58,24.56,25.27,2026-07-29,25.59,1.4232993983411826
001289,龙源电力,2026-07-30,17.02767904804249,17.247593722094695,16.912485647348472,17.1952330854156,5712923.0,93417155.0,0.0011330816337886637,16.26,16.47,16.15,16.42,2026-07-29,16.27,1.0472127335819488
001296,长江材料,2026-07-30,33.12175284626012,33.47060688443021,32.210856191038225,32.52094866941164,1969412.0,33412838.0,0.02554470899975317,17.09,17.27,16.62,16.78,2026-07-29,16.98,1.938077989833828
001298,好上好,2026-07-30,73.16836580768074,73.90465124977061,71.78783060376223,71.87986628402346,6887064.0,108842018.0,0.01690411204916266,15.9,16.06,15.6,15.62,2026-07-29,16.09,4.601784013061682
001299,美能能源,2026-07-30,18.021729078010175,18.246532351332547,17.534655319145035,17.834393016908198,2390437.0,22810396.0,0.008450498162306698,9.62,9.74,9.36,9.52,2026-07-29,9.61,1.8733606110197687
001300,三柏硕,2026-07-30,10.171219628865076,10.270937468363755,9.722489351121029,9.772348270870369,2814310.0,28117412.0,0.011544659822298933,10.2,10.3,9.75,9.8,2026-07-29,10.15,0.9971783949867722
001301,尚太科技,2026-07-30,55.86188482570172,58.0947289171105,54.36312646297529,57.605338431322274,6550440.0,361254585.0,0.02518538020675739,54.79,56.98,53.32,56.5,2026-07-29,55.15,1.0195635120588014
001306,夏厦精密,2026-07-30,48.615225545182554,49.434871075975934,47.64189647736541,48.3488407476747,675100.0,32017195.0,0.04355483870967742,47.45,48.25,46.5,47.19,2026-07-29,47.41,1.0245569134917292
001308,康冠科技,2026-07-30,32.60167408870503,33.097952499891406,32.39171014551079,32.716199875901886,2418887.0,41570366.0,0.004964501173234775,17.08,17.34,16.97,17.14,2026-07-29,17.25,1.9087631199476014
001309,德明利,2026-07-30,1043.5504417380341,1132.7370781607515,1022.2629769064315,1132.7370781607515,30638735.0,11365746076.0,0.18565582422185517,359.33,390.04,352.0,390.04,2026-07-29,354.58,2.9041561843932713
001311,多利科技,2026-07-30,46.67607325728205,46.67607325728205,44.78263697272113,45.01214440115275,5666423.0,89933465.0,0.03199009178336947,16.27,16.27,15.61,15.69,2026-07-29,16.0,2.868842855395332
001312,福恩股份,2026-07-30,17.594975578769375,17.936625590007615,17.48444175160406,17.605024108511675,2757100.0,48562411.0,0.04823455257007275,17.51,17.85,17.4,17.52,2026-07-29,17.51,1.0048529742301184
001313,粤海饲料,2026-07-30,7.154522185708474,7.306746062000144,7.144373927289029,7.205263477805698,13655300.0,97175727.0,0.01953119717382248,7.05,7.2,7.04,7.1,2026-07-29,7.1,1.0148258419444645
001314,亿道信息,2026-07-30,53.80575810438358,54.20138867868052,49.985097129744574,50.34681651195892,7050858.0,322463921.0,0.05681621940646653,47.6,47.95,44.22,44.54,2026-07-29,48.02,1.130373069419823
001316,润贝航科,2026-07-30,52.400649696290785,53.224559282710445,50.732232783790955,50.93821018039587,1842560.0,46228924.0,0.012267318516208917,25.44,25.84,24.63,24.73,2026-07-29,25.52,2.059773966049166
001317,三羊马,2026-07-30,51.689106357819455,52.24987511731616,49.57392594919151,50.04615227297821,7212852.0,373081905.0,0.0843791755783008,52.54,53.11,50.39,50.87,2026-07-29,52.5,0.9838048412222964
001318,阳光乳业,2026-07-30,10.747142227489919,10.967449064595325,10.153271623118817,10.201164413793906,16333055.0,179100304.0,0.05778339701408052,11.22,11.45,10.6,10.65,2026-07-29,11.1,0.9578558135017752
001319,铭科精技,2026-07-30,19.14524622063141,19.70647301802824,19.028765187209427,19.293494808623027,1914300.0,35061864.0,0.030163284005289562,18.08,18.61,17.97,18.22,2026-07-29,18.24,1.0589184856543923
001322,箭牌家居,2026-07-30,6.352849764420701,6.500345447176737,6.33177895259841,6.437133011709865,4492800.0,27383340.0,0.005718853763653488,6.03,6.17,6.01,6.11,2026-07-29,6.08,1.0535405911145441
001323,慕思股份,2026-07-30,20.51301180357749,21.552401452331853,19.855926393445422,21.229832250994292,9751249.0,170295405.0,0.03132951144472913,17.17,18.04,16.62,17.77,2026-07-29,17.17,1.1947007456946703
001324,长青科技,2026-07-30,19.69368114792735,19.923771952629636,18.98249138793847,19.463590343225064,1753000.0,32577136.0,0.012702898550724638,18.83,19.05,18.15,18.61,2026-07-29,18.95,1.0458672941012932
001325,元创股份,2026-07-30,34.722597934281325,36.03005994330428,34.722597934281325,35.53102864215048,1040400.0,37100735.0,0.05308163265306123,34.79,36.1,34.79,35.6,2026-07-29,35.09,0.9980626023075978
001326,联域股份,2026-07-30,50.16824873724223,50.8579632229244,47.194561692415846,47.68075387084754,1489140.0,64055935.0,0.06200273144444996,44.37,44.98,41.74,42.17,2026-07-29,44.15,1.1306794847248645
001328,登康口腔,2026-07-30,31.5758484209625,32.54044728170263,31.20182029128776,31.32977728301859,3358600.0,108946844.0,0.020768392171751995,32.08,33.06,31.7,31.83,2026-07-29,32.08,0.9842845517756391
001330,博纳影业,2026-07-30,4.713181464554778,4.862018773961772,4.534576693266387,4.574266642441585,70479665.0,332177698.0,0.060609560401085914,4.75,4.9,4.57,4.61,2026-07-29,4.8,0.9922487293799533
001331,胜通能源,2026-07-30,100.63600236602356,104.73135031093432,94.71470310809528,96.77541958992936,10294289.0,389632547.0,0.03601490234809242,38.58,40.15,36.31,37.1,2026-07-29,38.7,2.6085018757393357
001332,锡装股份,2026-07-30,65.13125518877928,65.6538730839751,63.389195538126536,63.7811589595234,1405440.0,41644311.0,0.02091276051429642,29.91,30.15,29.11,29.29,2026-07-29,29.91,2.1775745633159236
001333,光华股份,2026-07-30,19.258215644308866,19.48377199039391,18.807102952138777,19.000436963068815,1412449.0,25084163.0,0.0110347578125,17.93,18.14,17.51,17.69,2026-07-29,17.93,1.0740778385002157
001335,信凯科技,2026-07-30,30.280241078214488,30.58365030745511,29.531831646087607,29.69364990168261,815157.0,24227406.0,0.03191184006595671,29.94,30.24,29.2,29.36,2026-07-29,29.94,1.0113640974687537
001336,楚环科技,2026-07-30,16.539581325719876,16.9263530736444,16.03067113108234,16.46833389847062,1789330.0,28935468.0,0.027828416898808613,16.25,16.63,15.75,16.18,2026-07-29,16.22,1.0178203892750692
001337,四川黄金,2026-07-30,38.521832664091015,40.06193107837073,37.67913730533418,37.68882345888311,24577847.0,984974467.0,0.058518683333333335,39.77,41.36,38.9,38.91,2026-07-29,38.99,0.9686153548929095
001338,永顺泰,2026-07-30,8.866215056448201,9.082213335085571,8.84564379181607,8.927928850344593,5303100.0,46264577.0,0.010569611514049383,8.62,8.83,8.6,8.68,2026-07-29,8.66,1.0285632316065199
001339,智微智能,2026-07-30,73.66870827749321,74.13264419663967,67.23834065397446,68.36041822586364,10949253.0,710179404.0,0.06762986524148115,68.28,68.71,62.32,63.36,2026-07-29,68.64,1.0789207422011307
001356,富岭股份,2026-07-30,8.41431661164626,8.534235613237417,8.284404359922505,8.35435711085068,4691300.0,39548599.0,0.02216049863838089,8.42,8.54,8.29,8.36,2026-07-29,8.42,0.9993250132596508
001358,兴欣新材,2026-07-30,35.217691886517144,39.35441722438947,33.70459436360411,33.70459436360411,11630982.0,302572509.0,0.22816446416637312,25.37,28.35,24.28,24.28,2026-07-29,26.98,1.3881628650578297
001359,平安电工,2026-07-30,86.07204256599951,88.31208783782758,78.85411891233132,78.85411891233132,5965020.0,427592429.0,0.09893927172646876,76.08,78.06,69.7,69.7,2026-07-29,77.44,1.1313359958727591
001360,南矿集团,2026-07-30,14.500232647307431,14.807224164187618,14.131842827051209,14.213707231552592,3046076.0,43033789.0,0.02427454820383424,14.17,14.47,13.81,13.89,2026-07-29,14.23,1.0233050562672852
001365,天海电子,2026-07-30,37.50013003809037,38.31285861351995,36.32271556342957,36.46858992312206,5870268.0,209061122.0,0.1020815938664527,35.99,36.77,34.86,35.0,2026-07-29,36.22,1.0419597120892017
001366,播恩集团,2026-07-30,10.992327778059149,11.29880531833961,10.83908900791892,10.982111860049802,3421900.0,37094240.0,0.021296365446850884,10.76,11.06,10.61,10.75,2026-07-29,10.73,1.0215918009348652
001367,海森药业,2026-07-30,39.115312726415056,39.6187554755519,38.086538412961495,38.239760119220534,1182642.0,20953251.0,0.009722712592764299,17.87,18.1,17.4,17.47,2026-07-29,17.95,2.188881517986293
001368,通达创智,2026-07-30,22.634386859966998,23.04405902032839,22.07677753058621,22.30437317523143,1446700.0,28613624.0,0.013385381034018881,19.89,20.25,19.4,19.6,2026-07-29,19.96,1.1379782232260933
001369,双欣材料,2026-07-30,13.019454291950943,13.27554111909396,12.927263034179456,13.162862915151031,11315660.0,145126872.0,0.05454554227598634,12.71,12.96,12.62,12.85,2026-07-29,12.79,1.0243473085720647
001373,翔腾新材,2026-07-30,25.481595406550618,26.133142392575085,24.6569812523634,25.13546107022512,1872600.0,46689618.0,0.04462770470558465,25.03,25.67,24.22,24.69,2026-07-29,25.02,1.0180421656632288
001376,百通能源,2026-07-30,10.90367161956265,11.217164424437765,10.90367161956265,10.923264919867345,34086464.0,384679316.0,0.1592516122674735,11.13,11.45,11.13,11.15,2026-07-29,11.36,0.9796650152347394
001378,德冠新材,2026-07-30,23.495303400701165,23.76917503543326,22.889902944977578,23.149360283144826,3805270.0,61588662.0,0.04511724321404481,16.3,16.49,15.88,16.06,2026-07-29,16.36,1.441429656484734
001379,腾达科技,2026-07-30,15.273229961578625,15.427505011695581,14.944109854662452,15.088099901438278,1688600.0,24989724.0,0.02509150576152891,14.85,15.0,14.53,14.67,2026-07-29,14.84,1.0285003341130388
001380,华纬科技,2026-07-30,35.0634132726576,35.915882693234046,34.99611305524366,35.28774733070403,1590132.0,25204506.0,0.006832448937645608,15.63,16.01,15.6,15.73,2026-07-29,15.72,2.2433405804643374
001382,新亚电缆,2026-07-30,17.13331183790941,17.386417580969432,16.558956497888584,16.607630679246277,8158704.0,141162247.0,0.1295032380952381,17.6,17.86,17.01,17.06,2026-07-29,18.02,0.9734836271539437
001386,马可波罗,2026-07-30,14.76923331888584,15.135740114860875,14.729610962564214,15.036684224056811,4716606.0,71410301.0,0.0438579430701079,14.91,15.28,14.87,15.18,2026-07-29,14.98,0.9905589080406332
001387,雪祺电气,2026-07-30,15.450360151627585,15.869032498393716,15.220765638884867,15.355821234615878,3630194.0,41722473.0,0.031161914888842807,11.44,11.75,11.27,11.37,2026-07-29,11.48,1.3505559573101036
001388,信通电子,2026-07-30,23.369193670991624,23.794715406142558,22.081127878102322,22.36864256401511,8483107.0,168086834.0,0.06780054203304046,20.32,20.69,19.2,19.45,2026-07-29,20.69,1.1500587436511627
001389,广合科技,2026-07-30,159.44894635905112,161.7064365961621,143.9971927943596,143.9971927943596,8887800.0,1199143160.0,0.05833539767488303,145.5,147.56,131.4,131.4,2026-07-29,146.0,1.095869047141245
001390,古麒绒材,2026-07-30,17.44149220068517,17.510043826403752,17.13790642964573,17.21625114475268,879278.0,15569543.0,0.007402622932877586,17.81,17.88,17.5,17.58,2026-07-29,17.7,0.9793089388368988
001391,国货航,2026-07-30,4.29150790839113,4.361046230980801,4.261705770138414,4.321310046643846,29563800.0,128291362.0,0.01945813787362079,4.32,4.39,4.29,4.35,2026-07-29,4.34,0.9934046084238726
001393,维通利,2026-07-30,42.97255609008069,43.975884506846526,42.40065889252416,42.81202354339816,2836022.0,121951663.0,0.05903437374642698,42.83,43.83,42.26,42.67,2026-07-29,43.02,1.0033284167658345
001395,亚联机械,2026-07-30,30.5533155200267,31.501296422395573,29.84505392630283,30.073876902736696,4210608.0,118555350.0,0.08096311038043322,28.04,28.91,27.39,27.6,2026-07-29,28.24,1.0896332211136484
001396,誉帆科技,2026-07-30,31.93982715157803,33.08268349033506,31.538824927452758,31.999977485196823,1369686.0,44312275.0,0.06029226884719405,31.86,33.0,31.46,31.92,2026-07-29,31.81,1.0025055603131836
001400,江顺科技,2026-07-30,96.76547072642867,98.13045436746386,90.57853400564966,90.80108568625323,1569065.0,98586814.0,0.03393930545191049,65.22,66.14,61.05,61.2,2026-07-29,65.52,1.4836778706904121
001696,宗申动力,2026-07-30,419.9985268701713,424.376551820173,396.0653238101615,403.3620320601645,54474502.0,761675396.0,0.061112197186154446,14.39,14.54,13.57,13.82,2026-07-29,14.54,29.1868330000119
001872,招商港口,2026-07-30,100.86138866638937,103.37593852233813,100.1629025952925,103.37593852233813,3572985.0,78438113.0,0.0015519515991652445,21.66,22.2,21.51,22.2,2026-07-29,21.65,4.656573807312529
001896,豫能控股,2026-07-30,17.49767087351334,17.766658896165353,15.924090940999074,15.924090940999074,107021893.0,1321985959.0,0.07014235322960728,13.01,13.21,11.84,11.84,2026-07-29,13.16,1.344940113260057
001914,招商积余,2026-07-30,91.61367264133999,93.53705361392059,91.30998090882724,92.62597841638241,6049000.0,55320897.0,0.005740635680812601,9.05,9.24,9.02,9.15,2026-07-29,9.07,10.123057750424307
001965,招商公路,2026-07-30,14.129708672328789,14.343998092951784,14.062743228384102,14.330605004162846,19257177.0,204829248.0,0.0028339820153613533,10.55,10.71,10.5,10.7,2026-07-29,10.56,1.339308878893724
001979,招商蛇口,2026-07-30,9.129019537806071,9.346377145849074,8.873304704814306,8.975590638011012,88851503.0,631737552.0,0.010017403746688587,7.14,7.31,6.94,7.02,2026-07-29,7.15,1.2785741649588336
002001,新 和 成,2026-07-30,1364.4637318768098,1397.5004988509415,1357.6753551013032,1381.208394589726,29049508.0,884830821.0,0.009565671234578042,30.15,30.88,30.0,30.52,2026-07-29,30.3,45.25584517004344
002003,伟星股份,2026-07-30,286.87524215222714,293.00164008119765,286.34251189753405,289.53889342569255,20356940.0,221872936.0,0.01991676226616804,10.77,11.0,10.75,10.87,2026-07-29,10.83,26.636512734654332
002004,华邦健康,2026-07-30,105.44768188566907,107.6394350888354,105.44768188566907,107.1523788214651,21108000.0,92560514.0,0.011207852503093614,4.33,4.42,4.33,4.4,2026-07-29,4.35,24.352813368514795
002006,精工科技,2026-07-30,106.85125667614304,108.87495471925182,105.07040239820734,106.20367330234824,8404437.0,111099104.0,0.016168801591647637,13.2,13.45,12.98,13.12,2026-07-29,13.31,8.09479217243508
002007,华兰生物,2026-07-30,586.93313143068,601.1402874108477,586.93313143068,598.4764456645663,14770370.0,197912549.0,0.009386695815188034,13.22,13.54,13.22,13.48,2026-07-29,13.26,44.3973624380242
002008,大族激光,2026-07-30,1200.1681226836336,1222.6679067528037,1103.4325241107947,1103.4325241107947,53839385.0,4528444977.0,0.05627453129589636,89.08,90.75,81.9,81.9,2026-07-29,91.0,13.472924592317396
002009,天奇股份,2026-07-30,89.34419879075054,90.4931443967553,86.93688418769298,87.37457775188527,11476800.0,185452010.0,0.03241598306243419,16.33,16.54,15.89,15.97,2026-07-29,16.5,5.471169552403586
002010,传化智联,2026-07-30,43.300794985001446,44.314217846352534,43.20866563396953,44.129959144288705,24455900.0,116588284.0,0.008869429590919974,4.7,4.81,4.69,4.79,2026-07-29,4.72,9.212935103191796
002011,盾安环境,2026-07-30,64.23652281742694,65.21350415305321,63.74803214961381,64.35864548438023,10939536.0,115711940.0,0.010305582894822387,10.52,10.68,10.44,10.54,2026-07-29,10.52,6.106133347664159
002012,凯恩股份,2026-07-30,30.51430472829322,31.073174778261958,29.56422564334636,29.78777366333386,14478400.0,78516179.0,0.030961529961146043,5.46,5.56,5.29,5.33,2026-07-29,5.46,5.588700499687403
002014,永新股份,2026-07-30,159.7950741561586,164.07793658733104,159.64738924473886,163.19182711881263,4129820.0,45522612.0,0.006852262870040956,10.82,11.11,10.81,11.05,2026-07-29,10.8,14.768491141973993
002015,协鑫能科,2026-07-30,69.38949484680421,71.01812452670787,67.41539826510281,67.6621603378155,50822764.0,708927832.0,0.03130782565710545,14.06,14.39,13.66,13.71,2026-07-29,14.17,4.9352414542535
002016,世荣兆业,2026-07-30,30.10589770570523,30.96402305598662,29.96287681399167,30.391939489132362,10696943.0,45568536.0,0.013220863612325126,4.21,4.33,4.19,4.25,2026-07-29,4.22,7.151044585678203
002017,东信和平,2026-07-30,115.14140729669667,118.61475291650653,114.35990453223945,116.18341098263964,15555068.0,209729461.0,0.02681511218023403,13.26,13.66,13.17,13.38,2026-07-29,13.3,8.683364049524636
002019,亿帆医药,2026-07-30,150.1589616845909,153.1148467571222,149.41999041645806,151.19352145997686,8909283.0,91188196.0,0.01057458686313053,10.16,10.36,10.11,10.23,2026-07-29,10.24,14.779425362656584
002020,京新药业,2026-07-30,177.91938901064873,181.40547283016073,174.6915336222117,175.59533313097407,13345025.0,183490467.0,0.018433161168575147,13.78,14.05,13.53,13.6,2026-07-29,13.88,12.911421553748093
002021,中捷资源,2026-07-30,28.671722153996463,29.346350910561085,27.997093397431843,28.109531523525945,33925502.0,85991823.0,0.028379142283687243,2.55,2.61,2.49,2.5,2026-07-29,2.56,11.243812609410378
002022,科华生物,2026-07-30,66.30389518527183,67.89201243521846,66.17155208110961,66.83326760192071,5242310.0,26586411.0,0.010192620800432374,5.01,5.13,5.0,5.05,2026-07-29,5.05,13.234310416221923
002023,海特高新,2026-07-30,94.67747938979072,96.55641503368953,92.90292905944183,94.88625001689059,21910250.0,198894054.0,0.029843959918610743,9.07,9.25,8.9,9.09,2026-07-29,9.1,10.438531354993463
002025,航天电器,2026-07-30,396.8522290340506,399.1292500203116,357.62241032789774,371.8700559276448,19114377.0,1100888758.0,0.04211409058496118,61.0,61.35,54.97,57.16,2026-07-29,61.08,6.505774246459846
002026,山东威达,2026-07-30,37.61268967494595,38.26984869290492,37.14881272109255,37.14881272109255,6327522.0,61680339.0,0.014364607089667986,9.73,9.9,9.61,9.61,2026-07-29,9.8,3.865641282111608
002027,分众传媒,2026-07-30,87.36872619227145,90.41460838980018,87.36872619227145,90.09398921111296,216088177.0,1206991180.0,0.01496227590669452,5.45,5.64,5.45,5.62,2026-07-29,5.47,16.030958934361735
002028,思源电气,2026-07-30,3313.6803274575423,3331.7549474254924,3093.3707929593043,3094.7765967345895,10944929.0,1730813932.0,0.017918846013722855,165.0,165.9,154.03,154.1,2026-07-29,165.66,20.082911075500256
002029,七 匹 狼,2026-07-30,85.25557143002321,87.90985447578981,84.51237217720856,85.36174275185387,21488070.0,174295920.0,0.03229317337688586,8.03,8.28,7.96,8.04,2026-07-29,8.05,10.617132183066403
002030,达安基因,2026-07-30,156.64039517621583,157.50422088490816,152.8971504385489,153.76097614724125,21879781.0,117783872.0,0.01559004087162505,5.44,5.47,5.31,5.34,2026-07-29,5.45,28.794190289745554
002031,巨轮智能,2026-07-30,71.11304165935047,72.92869378682326,70.81043297143835,71.11304165935047,51104200.0,242663030.0,0.023235643756327015,4.7,4.82,4.68,4.7,2026-07-29,4.77,15.130434395606484
002032,苏 泊 尔,2026-07-30,465.9666519841591,486.9893334922816,462.6073575163663,486.9893334922816,4457782.0,196456575.0,0.005575823167146239,43.0,44.94,42.69,44.94,2026-07-29,42.74,10.836433767073467
002033,丽江股份,2026-07-30,55.22812037461872,56.25801539325963,55.09938349728861,55.292488813283775,17478800.0,151381478.0,0.03180970052130051,8.58,8.74,8.56,8.59,2026-07-29,8.58,6.436843866505678
002034,旺能环境,2026-07-30,54.782551467143925,56.10167806054542,54.74375362616153,55.28692339991508,7435434.0,106310094.0,0.0144504350488283,14.12,14.46,14.11,14.25,2026-07-29,14.2,3.879784098239655
002035,华帝股份,2026-07-30,90.976833876038,93.06171965236388,90.976833876038,92.30357937006356,10148000.0,49410828.0,0.012976357058259192,4.8,4.91,4.8,4.87,2026-07-29,4.83,18.953507057507917
002036,联创电子,2026-07-30,51.42105346017336,56.385844828741824,48.79680659393003,48.79680659393003,115051656.0,856771366.0,0.10900537062820322,7.25,7.95,6.88,6.88,2026-07-22,7.23,7.092559097954946
002037,保利联合,2026-07-30,25.82995497253484,25.98508983723475,25.01549693286032,25.325766662260136,22118910.0,144523232.0,0.0457112238442915,6.66,6.7,6.45,6.53,2026-07-29,6.72,3.8783716174977236
002038,双鹭药业,2026-07-30,124.95560372469173,128.3947487813346,122.89211669070599,123.35066936492504,34326701.0,187541754.0,0.040293749308525445,5.45,5.6,5.36,5.38,2026-07-29,5.49,22.92763371095261
002039,黔源电力,2026-07-30,73.56389027567486,75.26692950701911,73.48984509170337,74.19327433943252,9002874.0,180684294.0,0.021056550490776052,19.87,20.33,19.85,20.04,2026-07-29,19.9,3.702259198574477
002040,南 京 港,2026-07-30,25.075204315583157,25.480145503288224,24.91945770492736,25.106353637714317,6066718.0,49082886.0,0.012481021336101435,8.05,8.18,8.0,8.06,2026-07-29,8.09,3.11493221311592
002041,登海种业,2026-07-30,114.45381657106661,117.68165628634934,114.3193232495965,116.47121639311831,15785411.0,136675451.0,0.017937967045454545,8.51,8.75,8.5,8.66,2026-07-29,8.53,13.449332147011352
002042,华孚时尚,2026-07-30,28.378139851043247,28.844629821197383,28.067146537607154,28.300391522684226,24468700.0,89608960.0,0.01438758643884821,3.65,3.71,3.61,3.64,2026-07-29,3.68,7.774832835902259
002043,兔 宝 宝,2026-07-30,119.14544322809687,122.65229954091797,117.91804351860947,119.05777182027633,16310232.0,223168502.0,0.02019784627249269,13.59,13.99,13.45,13.58,2026-07-29,13.73,8.76714078205275
002044,美年健康,2026-07-30,44.19685203193739,45.56881639656516,43.80486221347231,44.09885457732112,73928369.0,336783717.0,0.019082092256217344,4.51,4.65,4.47,4.5,2026-07-29,4.55,9.799745461626916
002045,国光电器,2026-07-30,46.38052202247976,47.19421539129519,44.102180589796546,44.26491926355963,54726603.0,454726666.0,0.09742599046912079,8.55,8.7,8.13,8.16,2026-07-29,8.48,5.424622458769562
002046,国机精工,2026-07-30,271.95938991654526,275.4773912331592,243.09985369211907,243.09985369211907,15556303.0,662665382.0,0.02934166188746968,45.61,46.2,40.77,40.77,2026-07-29,45.3,5.9627140959558265
002047,宝鹰股份,2026-07-30,10.935765025703382,11.108253433048864,10.349304440728755,10.45279748513604,26395200.0,81918740.0,0.017409256612784786,3.17,3.22,3.0,3.03,2026-07-29,3.19,3.4497681469095847
002048,宁波华翔,2026-07-30,156.60923843750575,158.59820170866126,152.2854052393416,152.97721855104788,17815311.0,319165744.0,0.02515681601362515,18.11,18.34,17.61,17.69,2026-07-29,18.21,8.647666396328313
002049,紫光国微,2026-07-30,390.4623700713499,400.6928251823896,386.5650538385728,393.99431290730405,23908445.0,1544530001.0,0.02835711269637457,64.12,65.8,63.48,64.7,2026-07-29,64.86,6.0895566137141275
002050,三花智控,2026-07-30,540.8375944108155,549.6366352174991,534.01075240563,537.9551500086261,47521928.0,1695794691.0,0.012874925150736282,35.65,36.23,35.2,35.46,2026-07-29,36.02,15.170760011523578
002051,中工国际,2026-07-30,49.681488652746204,50.916508709650635,49.34466500086317,50.35513595651226,32171268.0,288071064.0,0.026232024774220944,8.85,9.07,8.79,8.97,2026-07-29,9.03,5.613727531383752
002052,同洲电子,2026-07-30,59.34311847903847,59.94797472627669,56.58766224161993,56.58766224161993,10408100.0,89633845.0,0.015097612313359682,8.83,8.92,8.42,8.42,2026-07-29,8.83,6.720624969313531
002053,云南能投,2026-07-30,21.551896310959926,21.86883596259169,21.325510845508667,21.5292577644148,7787100.0,74325306.0,0.008457593126177125,9.52,9.66,9.42,9.51,2026-07-29,9.55,2.2638546545125973
002054,德美化工,2026-07-30,23.911156938590764,24.434758915348226,23.213020969580818,23.56208895408579,22707953.0,154375230.0,0.05913339584243764,6.85,7.0,6.65,6.75,2026-07-29,6.9,3.4906798450497467
002056,横店东磁,2026-07-30,216.8230810543864,221.54803923716966,207.58316283027696,211.57312751796056,37468836.0,762850932.0,0.02305729672732785,20.65,21.1,19.77,20.15,2026-07-29,20.88,10.499907072851641
002057,中钢天源,2026-07-30,49.14168736958334,50.13570380183786,48.39617504539244,49.203813396599244,25904260.0,205404152.0,0.03438707249463517,7.91,8.07,7.79,7.92,2026-07-29,7.99,6.212602701590813
002059,云南旅游,2026-07-30,9.098334797482364,9.392507285160777,9.098334797482364,9.224408720773111,13995000.0,61925501.0,0.014236362463497108,4.33,4.47,4.33,4.39,2026-07-29,4.35,2.1012320548458114
002060,广东建工,2026-07-30,14.966107484696197,15.240714961479615,14.966107484696197,15.194947048682378,15568000.0,51574362.0,0.009961513926417866,3.27,3.33,3.27,3.32,2026-07-29,3.29,4.576791279723608
002061,浙江交科,2026-07-30,13.186887209264933,13.369531076429269,13.150358435832066,13.296473529563533,17068089.0,62132760.0,0.0065668270236835065,3.61,3.66,3.6,3.64,2026-07-29,3.63,3.652877343286685
002062,宏润建设,2026-07-30,79.91533892709971,81.0937152383572,78.09421190061084,79.27258821186834,14487500.0,107304866.0,0.012881201772958387,7.46,7.57,7.29,7.4,2026-07-29,7.49,10.712511920522749
002063,远光软件,2026-07-30,99.29907699211034,101.13794878826053,98.9313026328803,99.11518981249532,28023049.0,152480679.0,0.015839729771551177,5.4,5.5,5.38,5.39,2026-07-29,5.42,18.388717961501914
002064,华峰化学,2026-07-30,129.60452135240163,136.13136775144343,127.62315726697823,129.9541738380646,60975867.0,686311672.0,0.012313405309124647,11.12,11.68,10.95,11.15,2026-07-29,11.22,11.655082855431802
002065,东华软件,2026-07-30,216.18678783670026,221.85932745923756,215.24136456627735,216.81707001698217,41535990.0,288021191.0,0.014283737670264859,6.86,7.04,6.83,6.88,2026-07-29,6.92,31.514109014096245
002066,瑞泰科技,2026-07-30,67.54476353806322,67.7090260953056,65.31079275956697,65.63931787405171,3406900.0,68479658.0,0.01474848484848485,20.56,20.61,19.88,19.98,2026-07-29,20.56,3.2852511448474333
002067,景兴纸业,2026-07-30,11.228352752985296,11.281068024126073,10.964776397281417,10.964776397281417,56913164.0,239974610.0,0.0425485945426624,4.26,4.28,4.16,4.16,2026-07-29,4.28,2.635763557038802
002068,黑猫股份,2026-07-30,46.85871471374207,49.10536541919546,46.794524693586254,46.85871471374207,31860910.0,236162237.0,0.043349396492748396,7.3,7.65,7.29,7.3,2026-07-29,7.36,6.419002015581105
002069,獐子岛,2026-07-30,20.47586949854789,21.072254047049288,20.409604548714405,20.740929297881845,9295701.0,29136667.0,0.013088551174320309,3.09,3.18,3.08,3.13,2026-07-29,3.11,6.626494983348833
002072,凯瑞德,2026-07-30,7.265018030139946,7.418196121136874,7.19937027685555,7.297841906782145,6375999.0,42465620.0,0.01734815599629746,6.64,6.78,6.58,6.67,2026-07-29,6.69,1.0941292214066185
002073,软控股份,2026-07-30,53.74784563122053,55.54891982344838,53.65305225268222,55.35933306637176,27595221.0,159677067.0,0.027213930618551277,5.67,5.86,5.66,5.84,2026-07-29,5.65,9.479337853830781
002074,国轩高科,2026-07-30,123.6764881269395,128.18990558273478,123.45524217322404,126.90667905118515,40286851.0,1154177255.0,0.02319685795217597,27.95,28.97,27.9,28.68,2026-07-29,28.29,4.424919074309106
002075,沙钢股份,2026-07-30,10.6637798516315,10.95754789162135,10.60502624363353,10.781287067627439,35115928.0,129203607.0,0.0160067358612225,3.63,3.73,3.61,3.67,2026-07-29,3.63,2.937680399898485
002077,大港股份,2026-07-30,17.526851260070995,17.678994066148,16.963922877586075,17.11606568366308,29409126.0,334473984.0,0.05067493987013972,11.52,11.62,11.15,11.25,2026-07-29,11.61,1.5214280607700517
002078,太阳纸业,2026-07-30,134.11737167431139,136.41705225857598,133.0135249938644,134.85326946127606,18669800.0,273621269.0,0.006722152350614885,14.58,14.83,14.46,14.66,2026-07-29,14.52,9.198722337058394
002079,苏州固锝,2026-07-30,45.93192004338015,45.93192004338015,44.29878510850441,44.502926975363884,43116077.0,380668279.0,0.05315592471172782,9.0,9.0,8.68,8.72,2026-07-29,9.01,5.103546671486684
002080,中材科技,2026-07-30,277.07040082703026,283.87787106549,257.5386871521971,269.3086123308425,68750608.0,2930889802.0,0.0409687395228217,43.55,44.62,40.48,42.33,2026-07-29,43.62,6.362121718186688
002081,金 螳 螂,2026-07-30,119.82760060579118,122.39762957320761,115.65130353373948,117.25757163837474,106464069.0,393765689.0,0.040262583410231076,3.73,3.81,3.6,3.65,2026-07-29,3.73,32.12536209270541
002083,孚日股份,2026-07-30,30.590943836249462,31.82099927022453,29.735253099571153,30.109617796867916,116898969.0,1339629255.0,0.12348843383606507,11.44,11.9,11.12,11.26,2026-07-29,11.88,2.6740335521197083
002084,海鸥住工,2026-07-30,11.343442727701845,11.64108408207303,11.078872634927457,11.145015158121055,15188909.0,52105324.0,0.02356545602249657,3.43,3.52,3.35,3.37,2026-07-29,3.44,3.307126159679838
002085,万丰奥威,2026-07-30,83.53936452171972,86.1398116663647,83.37683657517941,85.73349180001392,32998762.0,346724325.0,0.0155412803383296,10.28,10.6,10.26,10.55,2026-07-29,10.35,8.126397327015537
002086,东方海洋,2026-07-30,7.2559365048128,7.417179538253085,7.135004229732587,7.175314988092658,34324600.0,62112817.0,0.021706774570157742,1.8,1.84,1.77,1.78,2026-07-29,1.8,4.031075836007111
002088,鲁阳节能,2026-07-30,49.937406158904935,51.124729102543235,49.65803605451945,50.21677626329042,3661800.0,26433667.0,0.007237264743759273,7.15,7.32,7.11,7.19,2026-07-29,7.21,6.984252609637053
002090,金智科技,2026-07-30,53.86754854943414,57.40459963825598,53.69359521719701,55.4331285395684,21860494.0,211600057.0,0.05489983779825223,9.29,9.9,9.26,9.56,2026-07-29,9.26,5.798444407904644
002091,江苏国泰,2026-07-30,64.38705883053099,66.29790057646933,64.05473852688954,66.04866034873824,15982012.0,126166447.0,0.009973970645922472,7.75,7.98,7.71,7.95,2026-07-29,7.74,8.308007591036256
002092,中泰化学,2026-07-30,14.977881827878466,15.247753572524921,14.77547801939362,14.977881827878466,56640200.0,251567001.0,0.021991535453725154,4.44,4.52,4.38,4.44,2026-07-29,4.44,3.3733968080807353
002093,国脉科技,2026-07-30,83.21230484632122,85.43459191936837,82.84192366748002,84.32344838284479,16394600.0,112221245.0,0.01627255583126551,6.74,6.92,6.71,6.83,2026-07-29,6.76,12.346039294706411
002094,青岛金王,2026-07-30,23.738153448558165,24.519013759366,23.477866678288887,23.84226815666588,26324700.0,122097334.0,0.03812667780204284,4.56,4.71,4.51,4.58,2026-07-29,4.56,5.205735405385563
002095,生 意 宝,2026-07-30,61.295225836316654,63.41351672918936,61.16001577932478,62.24169623525978,3886932.0,54068645.0,0.015442201247026246,13.6,14.07,13.57,13.81,2026-07-29,13.6,4.507001899729166
002096,易普力,2026-07-30,47.43365137560272,48.74564598811939,47.383190044352084,48.29149400686362,8488980.0,81171622.0,0.006843530653225908,9.4,9.66,9.39,9.57,2026-07-29,9.38,5.046133125064119
002097,山河智能,2026-07-30,34.7765883241892,35.458482212898794,34.5817614988436,34.922708443198395,17680196.0,127151301.0,0.016483044125696754,7.14,7.28,7.1,7.17,2026-07-29,7.15,4.870670633639944
002098,浔兴股份,2026-07-30,15.698967826731607,16.010550394285058,15.555160487860785,15.627064157296195,2638300.0,17372250.0,0.007369553072625698,6.55,6.68,6.49,6.52,2026-07-29,6.56,2.396788981180398
002099,海翔药业,2026-07-30,37.86914680964404,38.499132616089135,37.44915627201397,38.009143655520724,16302223.0,88340456.0,0.010082747953304537,5.41,5.5,5.35,5.43,2026-07-29,5.47,6.999842293834388
002100,天康生物,2026-07-30,87.52174715152904,90.64306481028542,87.27204173882853,89.8939485721839,21304034.0,152292314.0,0.015604475633927424,7.01,7.26,6.99,7.2,2026-07-29,7.03,12.485270635025541
002101,广东鸿图,2026-07-30,37.90644427689999,39.11945049376078,37.863122626297816,38.85952059014776,6461963.0,57827290.0,0.009758145515528324,8.75,9.03,8.74,8.97,2026-07-29,8.76,4.332165060217141
002103,广博股份,2026-07-30,14.79493039433004,15.48031854358814,14.79493039433004,15.173075580127612,11795600.0,76068825.0,0.030390410889093736,6.26,6.55,6.26,6.42,2026-07-29,6.34,2.3634074112348307
002104,恒宝股份,2026-07-30,71.37713342694087,74.30652528930783,70.94844193488717,72.30596499305722,38576054.0,393507286.0,0.06432541643687043,9.99,10.4,9.93,10.12,2026-07-29,10.08,7.144858200894983
002105,信隆健康,2026-07-30,8.99176357041394,9.163690216119752,8.81983692470813,8.99176357041394,8056701.0,42176410.0,0.022105192327043322,5.23,5.33,5.13,5.23,2026-07-29,5.25,1.7192664570581149
002106,莱宝高科,2026-07-30,38.3139301750509,39.026379289876225,37.680642072983936,38.47225220056764,22002903.0,213500568.0,0.031214109839700858,9.68,9.86,9.52,9.72,2026-07-29,9.81,3.958050637918481
002107,沃华医药,2026-07-30,51.95651910784546,53.07850373974246,51.09345400638623,51.352373536824004,10472160.0,63037865.0,0.018327312116327314,6.02,6.15,5.92,5.95,2026-07-29,6.04,8.630651014592269
002108,沧州明珠,2026-07-30,81.02148644166546,82.90570705658793,80.83306438017323,81.5867526261422,25111873.0,109254271.0,0.015237803602317756,4.3,4.4,4.29,4.33,2026-07-29,4.33,18.842206149224527
002110,三钢闽光,2026-07-30,7.461757304015566,7.798739891938849,7.437687119163902,7.702459152532197,40700753.0,130210468.0,0.016755650789216668,3.1,3.24,3.09,3.2,2026-07-29,3.1,2.4070184851663115
002111,威海广泰,2026-07-30,50.149741626798345,51.00063862152663,49.61793100509317,50.41564693765094,8359080.0,79203928.0,0.01710292109797444,9.43,9.59,9.33,9.48,2026-07-29,9.5,5.3181062170517865
002112,三变科技,2026-07-30,50.8339034867231,53.664999596750995,49.76437828960145,52.15508167140278,45142087.0,738076506.0,0.17224544795482297,16.16,17.06,15.82,16.58,2026-07-29,16.19,3.1456623444754395
002114,罗平锌电,2026-07-30,11.64760089895619,11.91722129013573,11.449879278757859,11.503803356993767,7233500.0,46829468.0,0.022367672443197314,6.48,6.63,6.37,6.4,2026-07-29,6.48,1.797469274530276
002115,三维通信,2026-07-30,68.28544236541852,70.86712260607707,65.57467811272706,65.89738814280938,61094243.0,641639352.0,0.08186655435678866,10.58,10.98,10.16,10.21,2026-07-29,10.7,6.454200601646363
002116,中国海诚,2026-07-30,34.18503330683842,34.62392817097757,33.89243673074565,34.233799402853876,3497120.0,24609152.0,0.006333607221204738,7.01,7.1,6.95,7.02,2026-07-29,6.99,4.876609601546137
002117,东港股份,2026-07-30,54.37917333868197,55.910981038363154,54.37917333868197,54.866566697671445,7364900.0,58557499.0,0.01406710756553642,7.81,8.03,7.81,7.88,2026-07-29,7.87,6.962762271278102
002119,康强电子,2026-07-30,84.69703946907795,85.68332231587945,78.36839120210172,78.90262774411919,36285464.0,720041737.0,0.09668801227870093,20.61,20.85,19.07,19.2,2026-07-29,20.94,4.109511861672875
002120,韵达股份,2026-07-30,45.15379331262011,45.94828820961636,45.021377496454065,45.617248669201246,34413953.0,236612242.0,0.012224641158150345,6.82,6.94,6.8,6.89,2026-07-29,6.83,6.620790808302068
002121,科陆电子,2026-07-30,74.954211584323,76.93470904488439,74.34482775030412,75.56359541834189,30953750.0,153690247.0,0.021927003874766784,4.92,5.05,4.88,4.96,2026-07-29,4.94,15.234595850472155
002123,梦网科技,2026-07-30,63.55987163843063,64.6410845217089,61.01129841356038,61.16575739688585,28526000.0,231023454.0,0.0395901884498938,8.23,8.37,7.9,7.92,2026-07-29,8.24,7.722949166273466
002124,天邦食品,2026-07-30,35.30247420180855,36.436039887187725,35.14053624675438,35.464412156862714,57216201.0,126300901.0,0.02901181980212541,2.18,2.25,2.17,2.19,2026-07-29,2.19,16.193795505416766
002125,湘潭电化,2026-07-30,52.46886652972666,53.508711944023474,52.29555896067719,53.032116129137435,19306767.0,236349152.0,0.030668887453230237,12.11,12.35,12.07,12.24,2026-07-29,12.22,4.3326892262367185
002126,银轮股份,2026-07-30,235.50989221071472,240.33220891838226,220.6209893757911,223.51437940039162,32613584.0,1222725620.0,0.041015765947708324,39.07,39.87,36.6,37.08,2026-07-29,39.71,6.027895884584456
002127,南极电商,2026-07-30,32.88603823369454,33.74862284310292,32.67039208134245,32.88603823369454,43726464.0,134440581.0,0.021920960883367792,3.05,3.13,3.03,3.05,2026-07-29,3.07,10.782307617604769
002128,电投能源,2026-07-30,91.52066283863209,93.8778579621355,91.21320260513164,92.57969253180029,17429743.0,470665822.0,0.00777567322884113,26.79,27.48,26.7,27.1,2026-07-29,26.76,3.416224816671597
002129,TCL中环,2026-07-30,47.801779554290334,50.27041605709407,47.801779554290334,49.65325693139313,141391569.0,1239226417.0,0.03500086081507022,8.52,8.96,8.52,8.85,2026-07-29,8.62,5.610537506372105
002130,沃尔核材,2026-07-30,326.34683635696916,349.51343276502564,324.7352470416261,344.27576749016066,59850800.0,1018314062.0,0.05218246861739024,16.2,17.35,16.12,17.09,2026-07-29,16.48,20.14486644178822
002131,利欧股份,2026-07-30,184.75678406657238,204.77968677329454,183.84665212535776,192.9479715375042,918200445.0,3973950197.0,0.15682870251027772,4.06,4.5,4.04,4.24,2026-07-29,4.09,45.50659706073212
002132,恒星科技,2026-07-30,23.859655408121984,24.039051313446205,22.245092260203954,22.304890895312028,76897108.0,295623499.0,0.05495844398963363,3.99,4.02,3.72,3.73,2026-07-29,4.01,5.979863510807514
002133,广宇集团,2026-07-30,8.107353226335357,8.36888074976553,8.041971345477814,8.107353226335357,11099250.0,27800326.0,0.014417040672028817,2.48,2.56,2.46,2.48,2026-07-29,2.5,3.2690940428771604
002134,天津普林,2026-07-30,24.182731058210987,24.384569189108937,22.668945076476337,22.845553441012047,10222516.0,189358805.0,0.04127677470986692,19.17,19.33,17.97,18.11,2026-07-29,19.39,1.2614883181122059
002135,东南网架,2026-07-30,20.372983550911474,20.89006435169603,19.890374803512554,20.028263017055103,13740200.0,81298777.0,0.013162723973468949,5.91,6.06,5.77,5.81,2026-07-29,5.91,3.4472053385637014
002136,安 纳 达,2026-07-30,25.59418642531197,25.85249612851108,24.69010246411508,25.465031573712412,7230700.0,85212576.0,0.033716511041717884,11.89,12.01,11.47,11.83,2026-07-29,11.93,2.152580859992596
002137,实益达,2026-07-30,24.536922348857303,24.989376236141197,24.014860171222043,24.67613892956004,25213800.0,177176908.0,0.06359764426141185,7.05,7.18,6.9,7.09,2026-07-29,7.14,3.480414517568412
002138,顺络电子,2026-07-30,283.9423062000136,292.83416622123394,259.0583695734641,266.09222899323544,52311024.0,2142911470.0,0.06914876602067124,42.79,44.13,39.04,40.1,2026-07-29,43.15,6.63571643374652
002139,拓邦股份,2026-07-30,171.35661724834418,173.63203708923132,170.13139118017423,170.6564880665328,14092784.0,138343495.0,0.013157424691749506,9.79,9.92,9.72,9.75,2026-07-29,9.79,17.503229545285414
002140,东华科技,2026-07-30,82.07452432211646,83.84256963064279,81.88841428964001,82.91201946826051,6699320.0,59781498.0,0.009474207652224518,8.82,9.01,8.8,8.91,2026-07-29,8.83,9.305501623822728
002141,贤丰控股,2026-07-30,44.534469303069095,45.160735277643504,39.45475639818777,39.45475639818777,330051077.0,1929020329.0,0.3195271938866427,6.4,6.49,5.67,5.67,2026-07-29,6.3,6.958510828604545
002142,宁波银行,2026-07-30,77.87173484746803,80.65898061594883,77.8228357988982,80.43893489738456,36001180.0,1172332294.0,0.005455185337005593,31.85,32.99,31.83,32.9,2026-07-29,31.92,2.444952428491932
002144,宏达高科,2026-07-30,11.666494883903818,11.855617394686455,11.548293314664672,11.69013519775165,5208000.0,51693159.0,0.03783737710371966,9.87,10.03,9.77,9.89,2026-07-29,9.87,1.182015692391471
002145,钛能化学,2026-07-30,21.17258412615548,21.494775623727413,21.034502055767515,21.17258412615548,43054997.0,198818431.0,0.011310991243277703,4.6,4.67,4.57,4.6,2026-07-29,4.63,4.602735679599018
002146,荣盛发展,2026-07-30,13.253814317912699,13.612025515694121,13.134410585318891,13.253814317912699,112610234.0,125889035.0,0.028789369632664954,1.11,1.14,1.1,1.11,2026-07-29,1.11,11.94037325938081
002148,北纬科技,2026-07-30,63.78012422345288,65.33827058070337,62.32585429001911,62.4297307138358,19015700.0,116575514.0,0.04217130553060404,6.14,6.29,6.0,6.01,2026-07-29,6.17,10.38764238166985
002149,西部材料,2026-07-30,111.84225631473605,117.43786638676785,108.10019207906475,109.32423178232173,27503986.0,886042321.0,0.05634454645417447,31.98,33.58,30.91,31.26,2026-07-29,32.19,3.4972562950198887
002150,正泰电源,2026-07-30,131.31734936839155,131.31734936839155,123.36441500034874,123.36441500034874,9614194.0,193732945.0,0.026817499028471043,20.97,20.97,19.7,19.7,2026-07-29,20.99,6.262153045702982
002151,北斗星通,2026-07-30,165.52851617845832,167.9618862621144,163.8073519729455,166.1813715667563,14732662.0,412357786.0,0.03327045893591816,27.89,28.3,27.6,28.0,2026-07-29,28.05,5.93504898452701
002152,广电运通,2026-07-30,178.1787410418673,182.72411708885372,177.81511095810836,180.1787065025413,32549652.0,323693246.0,0.01311357717335029,9.8,10.05,9.78,9.91,2026-07-29,9.87,18.18150418794564
002153,石基信息,2026-07-30,357.7849873120411,374.8866596615474,356.4348552844485,370.38621956957206,41346069.0,340107157.0,0.025845108444521352,7.95,8.33,7.92,8.23,2026-07-29,7.95,45.00440091975359
002154,报 喜 鸟,2026-07-30,59.51739056893357,61.08363768916866,59.360765856910064,60.770388265121646,30294227.0,116945511.0,0.025678006343265967,3.8,3.9,3.79,3.88,2026-07-29,3.82,15.66247120235094
002155,湖南黄金,2026-07-30,78.45462362253704,79.71562322029285,76.0689487078639,76.47792155037929,54834931.0,1256332489.0,0.03509411086626098,23.02,23.39,22.32,22.44,2026-07-29,22.81,3.4081070209616438
002156,通富微电,2026-07-30,177.35849096414344,178.4039970513727,162.31482004234445,162.31482004234445,161022815.0,9191320254.0,0.10611392745385562,61.07,61.43,55.89,55.89,2026-07-29,62.1,2.9041835756368664
002157,正邦科技,2026-07-30,46.522516025641025,47.810336538461534,46.522516025641025,46.84447115384615,107295998.0,313903293.0,0.013777673950136706,2.89,2.97,2.89,2.91,2026-07-29,2.9,16.09775641025641
002158,汉钟精机,2026-07-30,116.65464180438204,117.56636233431077,108.35798498203052,108.99618935298064,14842791.0,364831443.0,0.027818054519821493,25.59,25.79,23.77,23.91,2026-07-29,25.8,4.55860264964369
002159,三特索道,2026-07-30,20.13190150993251,20.745295384063265,20.10044541382324,20.477918567134473,4846029.0,63221603.0,0.034996311868655164,12.8,13.19,12.78,13.02,2026-07-29,12.83,1.5728048054634773
002160,常铝股份,2026-07-30,7.83135304170989,7.977149507911936,7.727212708708429,7.748040775308722,19497000.0,73392036.0,0.01891572930441306,3.76,3.83,3.71,3.72,2026-07-29,3.76,2.082806660029226
002161,远 望 谷,2026-07-30,58.110249417636375,59.20666921796914,56.355977737103956,56.57526169717051,19817100.0,104622718.0,0.02679400956734795,5.3,5.4,5.14,5.16,2026-07-29,5.36,10.964198003327619
002162,悦心健康,2026-07-30,8.672350120853832,8.804416366349068,8.628328039022087,8.694361161769706,17570374.0,69661778.0,0.01912954432508556,3.94,4.0,3.92,3.95,2026-07-29,3.96,2.201104091587267
002163,海南发展,2026-07-30,36.21802570018608,37.77677617335865,35.94295208727328,36.126334495881814,29103400.0,233621110.0,0.03621858097928393,7.9,8.24,7.84,7.88,2026-07-29,7.95,4.584560215213428
002164,宁波东力,2026-07-30,31.776694857326348,32.58230120582194,31.239623958329283,31.478322135661312,8919403.0,95049820.0,0.018590798481612877,10.65,10.92,10.47,10.55,2026-07-29,10.86,2.9837272166503612
002165,红 宝 丽,2026-07-30,50.35789476607324,51.376017055278446,49.0265040801895,49.33977247686802,72075184.0,460511074.0,0.09906095321509706,6.43,6.56,6.26,6.3,2026-07-29,6.55,7.831709916963178
002166,莱茵生物,2026-07-30,49.62711944243718,50.22866028416369,48.649615574631596,48.95038599549485,14262150.0,93715121.0,0.019310088606202865,6.6,6.68,6.47,6.51,2026-07-29,6.61,7.519260521581391
002167,东方锆业,2026-07-30,118.4066945650097,121.80297524353671,108.68098171286418,109.83880467145293,83617206.0,1228600147.0,0.11020927554654157,15.34,15.78,14.08,14.23,2026-07-29,15.44,7.718819723925013
002169,智光电气,2026-07-30,89.86754637644785,91.18067947418591,84.86122644132153,85.35365135297332,24508600.0,262108380.0,0.03230452218746027,10.95,11.11,10.34,10.4,2026-07-29,11.03,8.207081860862818
002170,芭田股份,2026-07-30,102.14727771392725,104.44073990784962,101.88264746078237,103.4704289796517,17951840.0,210646603.0,0.02275626318835098,11.58,11.84,11.55,11.73,2026-07-29,11.65,8.821008438162975
002171,楚江新材,2026-07-30,51.23329704457917,52.41560389945408,50.72659410677564,51.40219802384702,44825961.0,411264695.0,0.027777659453716585,9.1,9.31,9.01,9.13,2026-07-29,9.17,5.6300326422614475
002172,澳洋健康,2026-07-30,9.582753488429509,9.734379334765418,9.400802472826417,9.522103149895145,14772700.0,46597590.0,0.019307167192628732,3.16,3.21,3.1,3.14,2026-07-29,3.16,3.032516926718199
002173,创新医疗,2026-07-30,69.46743927954378,73.66715562845575,64.64809264964481,65.57753807112533,97350789.0,1958464908.0,0.23131118489148128,20.18,21.4,18.78,19.05,2026-07-29,20.48,3.4423904499278386
002174,游族网络,2026-07-30,35.64653737088842,36.81475870190957,34.73090443576374,34.88877218319903,30028520.0,340108924.0,0.030664531765436587,11.29,11.66,11.0,11.05,2026-07-29,11.4,3.1573549487057946
002176,江特电机,2026-07-30,103.78077241046121,105.68617214871938,103.01861251515794,103.653745761244,54498134.0,447179815.0,0.03206224135868462,8.17,8.32,8.11,8.16,2026-07-29,8.21,12.702664921721079
002177,御银股份,2026-07-30,50.6892802358959,54.116669290992064,50.59908578707758,51.501030275260774,56583352.0,325908004.0,0.08383725321405736,5.62,6.0,5.61,5.71,2026-07-29,5.6,9.01944488183201
002178,延华智能,2026-07-30,28.91064766859666,29.56621791051495,28.517305523445682,28.582862547637514,12110300.0,53832520.0,0.017014029994792318,4.41,4.51,4.35,4.36,2026-07-29,4.43,6.555702419182916
002179,中航光电,2026-07-30,492.64211378640266,499.88467711539573,485.5473578722871,493.3811508607898,26453752.0,881503682.0,0.012618474702752857,33.33,33.82,32.85,33.38,2026-07-29,33.67,14.780741487740855
002180,奔图科技,2026-07-30,79.53367664792316,79.58155965613986,76.03821704810476,77.57047331103885,15902582.0,257099015.0,0.011690603657962899,16.61,16.62,15.88,16.2,2026-07-29,16.79,4.788300821669065
002181,粤 传 媒,2026-07-30,18.803367473181684,19.426301119532486,18.272720292956922,18.480364841740524,33255157.0,270976978.0,0.02931165219960933,8.15,8.42,7.92,8.01,2026-07-29,8.19,2.3071616531511268
002182,宝武镁业,2026-07-30,54.88891188335903,55.77496908453475,53.629777965898796,54.236027629861134,16068217.0,188357113.0,0.018565128048924805,11.77,11.96,11.5,11.63,2026-07-29,11.82,4.663458953556417
002183,怡 亚 通,2026-07-30,69.53516212979729,71.22738952676139,68.91980671271945,69.53516212979729,50098983.0,228122183.0,0.019291142468756583,4.52,4.63,4.48,4.52,2026-07-29,4.54,15.383885426946303
002184,海得控制,2026-07-30,30.884394288545757,31.532545270466972,30.787171641257576,30.819579190353636,6925697.0,66667303.0,0.02789365625638947,9.53,9.73,9.5,9.51,2026-07-29,9.62,3.2407549096060606
002185,华天科技,2026-07-30,182.11470260991027,184.34786879764678,166.4825392957549,166.4825392957549,399613735.0,6187454592.0,0.12026952092048568,16.31,16.51,14.91,14.91,2026-07-29,16.57,11.16583093868242
002186,全 聚 德,2026-07-30,21.624245668494964,22.258870269635583,21.389199519924368,21.624245668494964,8715185.0,81454968.0,0.02840658373645706,9.2,9.47,9.1,9.2,2026-07-29,9.12,2.3504614857059747
002187,广百股份,2026-07-30,12.601108259279828,13.110979691736237,12.43115111512769,12.649667443323295,22715800.0,120062699.0,0.03240972170491709,5.19,5.4,5.12,5.21,2026-07-29,5.17,2.427959202173377
002188,中天服务,2026-07-30,9.249949485447187,9.484620508333796,9.015278462560579,9.191281729725535,10357400.0,49220380.0,0.04024432307009842,4.73,4.85,4.61,4.7,2026-07-29,4.74,1.9555918573884117
002189,中光学,2026-07-30,20.080504358682578,20.666005025728396,19.668485370761445,19.679327975706737,4265800.0,79201492.0,0.01633405303411774,18.52,19.06,18.14,18.15,2026-07-29,18.73,1.0842604945292968
002190,成飞集成,2026-07-30,59.881319550217086,61.12115303870176,59.24821308801215,59.459248575413795,6363820.0,145242384.0,0.01773989255180611,22.7,23.17,22.46,22.54,2026-07-29,22.73,2.6379435925205765
002191,劲嘉股份,2026-07-30,28.891083527294978,30.211374978811147,28.813419324264615,29.20174033941643,16846562.0,63863207.0,0.012009963223220475,3.72,3.89,3.71,3.76,2026-07-29,3.75,7.766420303036284
002192,融捷股份,2026-07-30,193.21364770906501,194.16295474525268,185.50052804004048,186.2125083171812,15704094.0,1003386022.0,0.06060603955560093,65.13,65.45,62.53,62.77,2026-07-29,65.54,2.966584488086366
002194,武汉凡谷,2026-07-30,33.94490292995092,34.60972245738084,33.43651152662217,33.90579589892563,15269594.0,133206971.0,0.029888874828151526,8.68,8.85,8.55,8.67,2026-07-29,8.8,3.9107031025289083
002195,岩山科技,2026-07-30,208.77973419962228,218.63083276916305,208.46195682641127,209.73306631925524,326842292.0,2202136772.0,0.058200139955468556,6.57,6.88,6.56,6.6,2026-07-29,6.69,31.77773732109928
002196,方正电机,2026-07-30,28.442298119834646,29.557682359828163,28.163452059836267,28.637490361833514,27622528.0,285845979.0,0.056555977522403614,10.2,10.6,10.1,10.27,2026-07-29,10.25,2.788460599983789
002197,证通电子,2026-07-30,24.670500638945025,24.745373175026803,22.76125096885975,22.873559772982414,65636300.0,412220904.0,0.1229144167135337,6.59,6.61,6.08,6.11,2026-07-29,6.62,3.7436268040887746
002200,交投生态,2026-07-30,13.420251199928968,13.747076191099232,13.032146522914278,13.113852770706844,2785600.0,18245075.0,0.014232143031402524,6.57,6.73,6.38,6.42,2026-07-29,6.52,2.04265619481415
002201,九鼎新材,2026-07-30,57.07908596250299,58.282334151435855,55.951040785378424,56.47746186803655,15476898.0,117354560.0,0.025708144279833756,7.59,7.75,7.44,7.51,2026-07-29,7.63,7.520301180830433
002202,金风科技,2026-07-30,151.00848228273745,153.94475832712402,149.58229106117824,151.09237588400566,82168361.0,1489224969.0,0.024429385126889896,18.0,18.35,17.83,18.01,2026-07-29,18.08,8.389360126818747
002203,海亮股份,2026-07-30,65.94524694348684,66.5121115303936,60.91904760624686,65.18942749427781,50382407.0,852948892.0,0.022775402143632266,17.45,17.6,16.12,17.25,2026-07-29,17.76,3.7790972460450907
002204,大连重工,2026-07-30,26.346796178201117,26.789186412536584,26.297641707719396,26.641723001091428,25055809.0,135554541.0,0.012973075373885682,5.36,5.45,5.35,5.42,2026-07-29,5.37,4.91544704817185
002205,国统股份,2026-07-30,20.414147761667216,20.83723890698674,19.991056616347684,20.244911303539403,2320700.0,22434298.0,0.012487406858860628,9.65,9.85,9.45,9.57,2026-07-29,9.65,2.115455726597639
002206,海 利 得,2026-07-30,69.25148170647628,69.90234149695068,68.34027799981212,68.73079387409676,8378878.0,44524389.0,0.007927254495139,5.32,5.37,5.25,5.28,2026-07-29,5.33,13.017195809488022
002208,合肥城建,2026-07-30,65.7102465517023,65.93644361384241,60.50771412247975,60.56426338801478,77388162.0,860270219.0,0.09636512824567506,11.62,11.66,10.7,10.71,2026-07-29,11.88,5.65492655350278
002209,达 意 隆,2026-07-30,16.576942888779307,16.84155136681616,16.20337797860963,16.29676920615205,3479500.0,37045291.0,0.02204324812427448,10.65,10.82,10.41,10.47,2026-07-29,10.66,1.5565204590403103
002210,飞马国际,2026-07-30,23.00518081797219,23.520992047074703,22.69569408051068,22.69569408051068,60722184.0,135709222.0,0.022868572005972414,2.23,2.28,2.2,2.2,2026-07-29,2.24,10.316224582050308
002212,天融信,2026-07-30,18.961454130285993,19.464332008936324,18.162765734782525,18.60648151006223,146405358.0,929103157.0,0.1254712424339271,6.41,6.58,6.14,6.29,2026-07-29,6.6,2.958105168531356
002213,大为股份,2026-07-30,50.541242381685,53.63638883411988,48.157402877946346,49.15707750854643,16155100.0,421998613.0,0.07815046533536991,26.29,27.9,25.05,25.57,2026-07-29,26.75,1.9224512126924689
002215,诺 普 信,2026-07-30,79.90484663103106,83.15015873349886,79.37857980360387,81.7467805270263,22668501.0,211670629.0,0.028052923821904777,9.11,9.48,9.05,9.32,2026-07-29,9.11,8.771113790453466
002216,三全食品,2026-07-30,135.89583594782056,138.43499581231646,134.0676408453835,136.20053513156006,10682514.0,143457187.0,0.016942860465513635,13.38,13.63,13.2,13.41,2026-07-29,13.37,10.156639457983598
002217,合力泰,2026-07-30,8.079117180513903,8.249802754750112,7.965326797689763,8.022221989101833,132265100.0,187813638.0,0.018169974194786286,1.42,1.45,1.4,1.41,2026-07-29,1.43,5.689519141206974
002218,拓日新能,2026-07-30,23.018248207873192,23.360103379277245,22.049658555561695,22.16361027936305,94923763.0,377346315.0,0.06840475479838837,4.04,4.1,3.87,3.89,2026-07-29,4.06,5.6975861900676215
002219,新里程,2026-07-30,46.76243950032248,47.207796066992216,45.20369151697839,45.42636980031326,96282453.0,199318490.0,0.02942733397512302,2.1,2.12,2.03,2.04,2026-07-29,2.11,22.267828333486893
002221,东华能源,2026-07-30,23.065540762656145,23.777181766222668,22.898095820640492,23.316708175679626,26011867.0,145297070.0,0.017805494908691478,5.51,5.68,5.47,5.57,2026-07-29,5.51,4.186123550391315
002222,福晶科技,2026-07-30,173.19479516550618,178.53560382699754,164.0391231743781,164.0391231743781,45822368.0,2236929997.0,0.09787931268793774,49.94,51.48,47.3,47.3,2026-07-29,52.56,3.468057572397
002223,鱼跃医疗,2026-07-30,266.93812239296,271.9601131181532,266.16550843523794,270.31830845799385,11713994.0,326785847.0,0.012431366925567686,27.64,28.16,27.56,27.99,2026-07-29,27.71,9.657674471525326
002224,三 力 士,2026-07-30,24.695152801147415,25.0540939755827,24.47978809648625,24.47978809648625,10082500.0,34775242.0,0.012503404581269015,3.44,3.49,3.41,3.41,2026-07-29,3.45,7.178823488705644
002225,濮耐股份,2026-07-30,7.015082615526691,7.313173944798364,6.856100573248467,6.975337104957135,26932923.0,95593426.0,0.02839162531331813,3.53,3.68,3.45,3.51,2026-07-29,3.55,1.9872755284778163
002226,江南化工,2026-07-30,64.38546344946408,65.83085140445205,64.12266563946626,65.30525578445642,26032828.0,128928481.0,0.00982772104106043,4.9,5.01,4.88,4.97,2026-07-29,4.88,13.139890499890628
002228,合兴包装,2026-07-30,36.074032600885076,37.0296361134913,36.074032600885076,36.31293347903663,21459586.0,65855291.0,0.01774514245489328,3.02,3.1,3.02,3.04,2026-07-29,3.04,11.945043907577839
002229,鸿博股份,2026-07-30,49.59691950910772,51.38098136195332,49.342053530129775,49.494973117516544,30100400.0,297484963.0,0.06103624421297154,9.73,10.08,9.68,9.71,2026-07-29,10.02,5.097319579558861
002230,科大讯飞,2026-07-30,550.6154530520708,562.5131738969146,549.2319971398798,551.5838721906047,32333927.0,1301438250.0,0.014764573112688176,39.8,40.66,39.7,39.87,2026-07-29,40.07,13.83455912191133
002232,启明信息,2026-07-30,44.08270904225352,45.36139530888886,43.954840415589985,44.3064791389147,4554491.0,63897235.0,0.011147982434543778,13.79,14.19,13.75,13.86,2026-07-29,13.88,3.1967156665883625
002233,塔牌集团,2026-07-30,27.582662310087578,28.49118214902327,27.437299135857867,28.418500561908417,12315055.0,94984468.0,0.010493191355978817,7.59,7.84,7.55,7.82,2026-07-29,7.61,3.634079355742764
002234,民和股份,2026-07-30,15.069923401095368,15.331629740911785,14.91726136953579,15.02630567779263,4582700.0,31810226.0,0.015204275548319636,6.91,7.03,6.84,6.89,2026-07-29,6.9,2.1808861651368114
002235,安妮股份,2026-07-30,36.19042952833582,37.6882977731668,35.03078959685376,35.27238124924585,30299269.0,227136427.0,0.05473348375565486,7.49,7.8,7.25,7.3,2026-07-29,7.5,4.831833047841898
002236,大华股份,2026-07-30,799.3127263553358,803.726109506991,789.9955841462858,792.4474636749832,48911268.0,793028328.0,0.020455320322147762,16.3,16.39,16.11,16.16,2026-07-29,16.42,49.03759057394698
002237,恒邦股份,2026-07-30,108.18816978636725,110.22178200039671,105.42245717528719,106.47993552658251,23332204.0,309372305.0,0.019568152333241735,13.3,13.55,12.96,13.09,2026-07-29,13.21,8.134448856117839
002238,天威视讯,2026-07-30,19.816245428407225,20.424935561020416,19.816245428407225,19.98532602079978,5358600.0,31967917.0,0.006676890959664581,5.86,6.04,5.86,5.91,2026-07-29,5.91,3.381611847851062
002239,奥特佳,2026-07-30,23.062280138977385,23.60705840997685,22.971483760477472,23.153076517477295,58858752.0,150920583.0,0.01802082397573686,2.54,2.6,2.53,2.55,2026-07-29,2.55,9.079637849991096
002240,盛新锂能,2026-07-30,46.8582372307113,47.588621946811756,45.17023699794581,45.365006255572595,48045795.0,1367262628.0,0.05262935257617136,28.87,29.32,27.83,27.95,2026-07-29,29.08,1.6230771468898961
002241,歌尔股份,2026-07-30,571.0688588530508,573.9874390516184,559.637753075328,560.8538281580643,95696724.0,2218961247.0,0.030421339958899476,23.48,23.6,23.01,23.06,2026-07-29,23.69,24.32150165472959
002242,九阳股份,2026-07-30,51.166277126634,52.23341133673944,50.941617292927596,51.72792671090002,12207984.0,112426125.0,0.016027586705789975,9.11,9.3,9.07,9.21,2026-07-29,9.16,5.616495842660154
002243,力合科创,2026-07-30,12.574363975660157,12.868071747354408,12.500937032736594,12.666147654314612,14006512.0,96905262.0,0.01163194093947153,6.85,7.01,6.81,6.9,2026-07-29,6.91,1.835673573089074
002244,滨江集团,2026-07-30,57.657379381841,59.36574617834,57.16927458284129,57.779405581590936,30574308.0,291696659.0,0.011087492635761868,9.45,9.73,9.37,9.47,2026-07-29,9.45,6.1013099874964025
002245,蔚蓝锂芯,2026-07-30,337.48192741695334,342.39153167412593,313.36082824040955,322.7531146454354,85470406.0,1307421741.0,0.05319956359659803,15.81,16.04,14.68,15.12,2026-07-29,16.05,21.346105465967952
002246,北化股份,2026-07-30,31.676548705276044,31.81803204936909,30.623283810361162,31.094894957337978,17213607.0,341180685.0,0.031352488381637976,20.15,20.24,19.48,19.78,2026-07-29,20.28,1.572037156589382
002247,聚力文化,2026-07-30,13.57350810007952,13.959484633731071,13.316190410978487,13.444849255529004,25696900.0,54699796.0,0.03993049875175566,2.11,2.17,2.07,2.09,2026-07-29,2.12,6.43294222752584
002248,华东数控,2026-07-30,17.243999585787122,17.38617626081717,16.81746956069698,16.8377805142727,8673700.0,73031706.0,0.028207558091888144,8.49,8.56,8.28,8.29,2026-07-29,8.4,2.031095357572099
002249,大洋电机,2026-07-30,101.14836693148551,103.26149437434385,100.58486628005662,102.13449307148608,43628990.0,316520332.0,0.023408915654111007,7.18,7.33,7.14,7.25,2026-07-29,7.23,14.087516285722216
002250,联化科技,2026-07-30,97.22132255849678,100.26543441942819,96.90422757298309,98.29944550924331,12014322.0,186555213.0,0.013424187101667142,15.33,15.81,15.28,15.5,2026-07-29,15.63,6.341899710273762
002251,步步高,2026-07-30,17.736058714702295,18.60594715302557,17.542750172852678,17.591077308315086,144272834.0,537535753.0,0.06702657503736986,3.67,3.85,3.63,3.64,2026-07-29,3.7,4.832713546240408
002252,上海莱士,2026-07-30,124.42399149116152,126.59839134246336,123.94079152420554,126.11519137550738,48667270.0,252555011.0,0.007386968767095016,5.15,5.24,5.13,5.22,2026-07-29,5.15,24.15999834779835
002254,泰和新材,2026-07-30,74.76101615240329,76.13457812895663,72.0138921992966,72.7987847573271,25779886.0,291368848.0,0.03030884919743999,11.43,11.64,11.01,11.13,2026-07-29,11.5,6.540771316920673
002255,海陆重工,2026-07-30,34.648673069418535,35.32064733500726,34.480679503021356,34.73266985261712,15007100.0,124853298.0,0.023523123716841707,8.25,8.41,8.21,8.27,2026-07-29,8.3,4.199839159929519
002256,兆新股份,2026-07-30,48.37625032654841,48.81603442042612,46.910303346956034,47.05689804491527,59885600.0,194479725.0,0.029729536271548885,3.3,3.33,3.2,3.21,2026-07-29,3.32,14.65946979592376
002258,利尔化学,2026-07-30,82.00158744172123,82.00158744172123,77.94712081913922,82.00158744172123,36862243.0,593390689.0,0.046126900357861524,16.18,16.18,15.38,16.18,2026-07-29,14.71,5.068083278227517
002259,升达林业,2026-07-30,9.28289463066145,9.28289463066145,8.80230880509587,8.928778759192076,14790743.0,52843612.0,0.01965995915450562,3.67,3.67,3.48,3.53,2026-07-29,3.65,2.529399081924101
002261,拓维信息,2026-07-30,260.24544528230155,263.34837174528286,245.43147378161672,246.1321345958383,61354927.0,1555853559.0,0.05353340335347371,26.0,26.31,24.52,24.59,2026-07-29,26.26,10.009440203165445
002262,恩华药业,2026-07-30,189.61294133992183,193.93017588773424,189.09487319418432,190.64907763139678,13395060.0,297262316.0,0.01515661816708245,21.96,22.46,21.9,22.08,2026-07-29,22.0,8.634469095624855
002263,大东南,2026-07-30,12.886865919220577,13.064615793968448,12.664678575785741,12.753553513159675,49072500.0,141900834.0,0.02612539090926369,2.9,2.94,2.85,2.87,2026-07-29,2.92,4.443746868696751
002264,新 华 都,2026-07-30,30.345149649755893,31.216302271279986,30.103162810443646,30.1515601783061,19289300.0,122132005.0,0.02963445493558265,6.27,6.45,6.22,6.23,2026-07-29,6.27,4.839736786244959
002265,建设工业,2026-07-30,18.206564324058743,19.153265807794693,18.106911536297066,18.216529602834914,24344638.0,453774853.0,0.02356600752016857,18.27,19.22,18.17,18.28,2026-07-29,18.45,0.9965278776167895
002266,浙富控股,2026-07-30,53.025691470279334,53.83790118645428,52.21348175410437,53.025691470279334,84873201.0,388221658.0,0.017526423797713193,4.57,4.64,4.5,4.57,2026-07-29,4.6,11.602995945356527
002267,陕天然气,2026-07-30,23.177441351257336,23.52669046750916,23.082191592279564,23.494940547849904,6924300.0,50959777.0,0.006226466047004572,7.3,7.41,7.27,7.4,2026-07-29,7.29,3.1749919659256625
002268,电科网安,2026-07-30,122.41171070506897,126.24797514311958,122.32452287693145,122.93483767389405,12988980.0,185577854.0,0.015366946004118384,14.04,14.48,14.03,14.1,2026-07-29,14.2,8.718782813751352
002269,美邦服饰,2026-07-30,5.968579475444465,6.186410843161416,5.968579475444465,6.012145748987854,74309077.0,103996837.0,0.03170548925327472,1.37,1.42,1.37,1.38,2026-07-29,1.38,4.356627354339025
002270,华明装备,2026-07-30,52.294831528586634,55.50146401884233,52.05433409181745,54.88685945820998,40786167.0,829206415.0,0.04550955507111685,19.57,20.77,19.48,20.54,2026-07-29,19.89,2.672193741879746
002271,东方雨虹,2026-07-30,495.2588127117009,508.2808849712961,491.8982779350312,501.55981541795666,45520906.0,542500473.0,0.023777016763560085,11.79,12.1,11.71,11.94,2026-07-29,11.85,42.00668470837158
002272,川润股份,2026-07-30,50.49063508771849,50.49063508771849,45.6907271076814,45.6907271076814,38068513.0,490738877.0,0.0932747507775025,13.78,13.78,12.47,12.47,2026-07-29,13.85,3.6640518931580908
002273,水晶光电,2026-07-30,409.16597201251795,414.7880998722319,375.27703463590865,385.5842690453843,65513445.0,1635447087.0,0.0480981461933917,26.2,26.56,24.03,24.69,2026-07-29,26.35,15.617021832538853
002274,华昌化工,2026-07-30,20.440151452362617,20.886930719080926,20.32845663568304,20.477383057922474,17141999.0,94867614.0,0.018277992111588353,5.49,5.61,5.46,5.5,2026-07-29,5.55,3.7231605559859045
002275,桂林三金,2026-07-30,28.23915915664631,28.62423859969149,28.13219264468932,28.3889122733861,1796035.0,23839339.0,0.0031802228416276082,13.2,13.38,13.15,13.27,2026-07-29,13.22,2.139330239139872
002276,万马股份,2026-07-30,37.724934750106456,39.203600534281485,37.724934750106456,38.6348829249834,27421109.0,279204342.0,0.027228044574648943,9.95,10.34,9.95,10.19,2026-07-29,10.06,3.7914507286539156
002277,友阿股份,2026-07-30,34.51864592666662,35.630158675646946,34.02464026045315,34.45689521838994,32487287.0,183207684.0,0.02330219539500412,5.59,5.77,5.51,5.58,2026-07-29,5.74,6.175070827668448
002278,神开股份,2026-07-30,17.17437585974551,17.465466976012383,16.860893119150415,16.97285124079152,9403300.0,71917048.0,0.02620755534336248,7.67,7.8,7.53,7.58,2026-07-29,7.67,2.2391624328221003
002279,久其软件,2026-07-30,63.06704492268003,67.66768041855943,62.300272340033466,65.17566952495808,105619598.0,722092122.0,0.13277145560225112,6.58,7.06,6.5,6.8,2026-07-29,6.67,9.584657283082072
002281,光迅科技,2026-07-30,566.385330143442,566.385330143442,513.525845727936,513.525845727936,39462888.0,6146684424.0,0.05059603096236127,168.01,168.01,152.33,152.33,2026-07-29,169.26,3.3711405877236
002282,博深股份,2026-07-30,13.583545170253412,13.77352482298423,13.488555343888004,13.607292626844766,3932400.0,22592933.0,0.0077866972771814215,5.72,5.8,5.68,5.73,2026-07-29,5.73,2.374745659135212
002283,天润工业,2026-07-30,39.100863036217056,39.54019857594983,37.929301596929655,38.612712436513974,36210651.0,287665473.0,0.036108589025969015,8.01,8.1,7.77,7.91,2026-07-29,8.11,4.881505997030843
002284,亚太股份,2026-07-30,62.5712674502524,63.363308810382165,61.58121575009017,61.84522953680009,21441581.0,203196132.0,0.029284242310832296,9.48,9.6,9.33,9.37,2026-07-29,9.51,6.600344667748143
002285,世联行,2026-07-30,30.075268972475254,31.08741744751048,29.49689841531227,29.78608369389376,37691796.0,78800031.0,0.019082149793569404,2.08,2.15,2.04,2.06,2026-07-29,2.09,14.459263929074641
002286,保龄宝,2026-07-30,27.80844394637349,28.577985791430365,27.5635897229463,27.66852724727224,22630933.0,181766420.0,0.061216044375912715,7.95,8.17,7.88,7.91,2026-07-29,8.15,3.4979174775312565
002287,奇正藏药,2026-07-30,34.940739573903954,35.68415956483808,34.75488457617042,35.31244956937101,2552345.0,53283854.0,0.004470383745561432,20.68,21.12,20.57,20.9,2026-07-29,20.68,1.6895908884866515
002290,禾盛新材,2026-07-30,145.57753330159198,148.24694908171006,130.5047714724403,131.5293957112735,11369836.0,579511504.0,0.04597089831156119,53.99,54.98,48.4,48.78,2026-07-29,53.5,2.6963795758768656
002291,遥望科技,2026-07-30,8.61723660583081,8.879424332174546,8.564799060562063,8.59975742407456,33588236.0,167946730.0,0.03864602395003427,4.93,5.08,4.9,4.92,2026-07-29,4.93,1.7479181756249107
002292,奥飞娱乐,2026-07-30,65.41105916332921,66.46476891441134,64.03313102729874,64.76262239343252,64731045.0,519637791.0,0.0635937670747994,8.07,8.2,7.9,7.99,2026-07-29,8.08,8.1054596237087
002293,罗莱生活,2026-07-30,124.25339613033105,125.91010807873548,123.14892149806145,124.58473852001192,5685707.0,64106130.0,0.006848271336296841,11.25,11.4,11.15,11.28,2026-07-29,11.29,11.044746322696094
002294,信立泰,2026-07-30,407.0330944372133,420.7699972899134,404.6817326876521,410.25074735766555,21475752.0,713925320.0,0.01926826862368215,32.89,34.0,32.7,33.15,2026-07-29,33.08,12.375588155585689
002295,精艺股份,2026-07-30,12.97886341342636,13.205144967334167,12.63944108256465,12.784907795791097,2869700.0,22877707.0,0.011459227639192259,8.03,8.17,7.82,7.91,2026-07-29,8.03,1.6162968136271931
002296,辉煌科技,2026-07-30,47.03352113036782,47.34812662287863,46.03727040408354,46.24700739909076,8059967.0,71802394.0,0.023205873781958358,8.97,9.03,8.78,8.82,2026-07-29,8.98,5.2434248751803585
002297,博云新材,2026-07-30,51.78815497909658,53.106165130644044,47.89841770257847,48.28417677132406,40140460.0,620039594.0,0.07004034631926555,16.11,16.52,14.9,15.02,2026-07-29,16.2,3.21465890621332
002298,中电鑫龙,2026-07-30,26.190204766677276,26.801309544566415,25.258997486084304,25.6373004438252,143584391.0,1285099290.0,0.21730287204666368,9.0,9.21,8.68,8.81,2026-07-29,8.77,2.9100227518530306
002299,圣农发展,2026-07-30,42.48329859833263,43.706775947671865,42.24901570165065,43.47249305098988,10984608.0,182637098.0,0.00901412307543779,16.32,16.79,16.23,16.7,2026-07-29,16.37,2.60314329646646
002300,太阳电缆,2026-07-30,54.46118139033648,56.17037681200182,53.91734648344296,54.15041858639732,51161912.0,362265020.0,0.07083243165305485,7.01,7.23,6.94,6.97,2026-07-29,7.27,7.769070098478813
002301,齐心集团,2026-07-30,35.625031154054525,36.046006411414105,33.46753296008667,33.83588631027631,25315564.0,166388346.0,0.035258925802949266,6.77,6.85,6.36,6.43,2026-07-29,6.82,5.26219071699476
002302,西部建设,2026-07-30,20.14963704925183,20.68105604835298,20.10535213266007,20.54820129857769,9458402.0,43827413.0,0.007492668239042975,4.55,4.67,4.54,4.64,2026-07-29,4.56,4.428491659176227
002303,美盈森,2026-07-30,58.99998464663455,61.25391664437115,56.34829994341502,56.87863688405893,73685966.0,325520432.0,0.07620995929802356,4.45,4.62,4.25,4.29,2026-07-29,4.44,13.258423516097652
002304,洋河股份,2026-07-30,199.12649828310737,212.34569608837683,199.07717291816235,209.33684882672966,18118634.0,766613784.0,0.012027694801005519,40.37,43.05,40.36,42.44,2026-07-29,40.49,4.932536494503527
002307,北新路桥,2026-07-30,12.256213221906462,12.461854383347845,12.132828525041633,12.256213221906462,21513300.0,64334905.0,0.01320544827578913,2.98,3.03,2.95,2.98,2026-07-29,3.0,4.112823228827672
002309,中利集团,2026-07-30,12.394888879432083,12.858249211373469,12.201822074456505,12.31766215744185,293270662.0,949222186.0,0.12188467817207,3.21,3.33,3.16,3.19,2026-07-29,3.28,3.861336099511552
002310,东方新能,2026-07-30,124.77246997848249,128.1577695515421,118.96909928180888,120.4199419559773,340987817.0,868183939.0,0.0775146815938235,2.58,2.65,2.46,2.49,2026-07-29,2.62,48.36142247228003
002311,海大集团,2026-07-30,347.9629755871987,362.63479394109567,347.9629755871987,359.496046731058,8576153.0,419834614.0,0.005184980692542856,47.67,49.68,47.67,49.25,2026-07-29,48.18,7.29941211636666
002312,川发龙蟒,2026-07-30,157.12427113908254,161.45743449183902,156.5590759191578,159.3850520187816,23537700.0,199278888.0,0.012494670414756014,8.34,8.57,8.31,8.46,2026-07-29,8.34,18.83984066415858
002313,日海智能,2026-07-30,20.64433420582466,21.173676108538114,20.14145939824688,20.247327778789572,8853000.0,68877117.0,0.023647496047899202,7.8,8.0,7.61,7.65,2026-07-29,7.88,2.6467095135672642
002314,南山控股,2026-07-30,4.9192798271179194,5.013428723330702,4.848668154958332,4.9192798271179194,22496400.0,47119989.0,0.016809381991531275,2.09,2.13,2.06,2.09,2026-07-29,2.09,2.3537224053195787
002315,焦点科技,2026-07-30,133.4571847052275,140.35556801007024,133.19186227042584,137.1186343054902,12764408.0,331502301.0,0.048549881661163946,25.15,26.45,25.1,25.84,2026-07-29,25.31,5.306448696032902
002316,亚联发展,2026-07-30,13.211257933100066,13.502682740447861,12.822691523303005,13.081735796501045,12056230.0,49012881.0,0.035377818859398155,4.08,4.17,3.96,4.04,2026-07-29,4.09,3.2380534149755063
002317,众生药业,2026-07-30,296.91607322688753,302.59976528712656,280.77438777580863,284.07092917074726,30712684.0,781222443.0,0.040325606739087576,26.12,26.62,24.7,24.99,2026-07-29,26.19,11.367384120478082
002318,久立特材,2026-07-30,130.9947939462584,134.88572841990964,130.73539831468165,132.42146991993053,9837389.0,201142499.0,0.01031145722508921,20.2,20.8,20.16,20.42,2026-07-29,20.32,6.484890789418733
002319,乐通股份,2026-07-30,20.427956509897697,20.63001344867018,19.195409183385575,19.801579999703016,9755100.0,95669042.0,0.04656983391281271,10.11,10.21,9.5,9.8,2026-07-29,10.15,2.020569387724797
002320,海峡股份,2026-07-30,91.96123573570486,95.17080845485692,91.6821424557786,93.35670213533619,24640552.0,165636054.0,0.011020920558687308,6.59,6.82,6.57,6.69,2026-07-29,6.6,13.954663996313332
002321,华英农业,2026-07-30,3.796599971406061,3.8986591104223525,3.7557763157995443,3.7557763157995443,25356503.0,47425397.0,0.011938842515801922,1.86,1.91,1.84,1.84,2026-07-29,1.86,2.041182780325839
002322,理工能科,2026-07-30,62.03421921935118,62.98221110809007,61.67872226107409,62.2712171915359,3885500.0,40953330.0,0.01105721223294264,10.47,10.63,10.41,10.51,2026-07-29,10.47,5.924949304618068
002324,普利特,2026-07-30,74.74325044536039,76.00438515478716,73.73434267781896,74.49102350347502,25255889.0,224922903.0,0.03253467869200876,8.89,9.04,8.77,8.86,2026-07-29,8.93,8.407564729511854
002326,永太科技,2026-07-30,114.06793931080465,115.10160400605179,111.93980611470754,111.93980611470754,33659358.0,627152579.0,0.04146420381089023,18.76,18.93,18.41,18.41,2026-07-29,18.86,6.080380560277432
002327,富安娜,2026-07-30,91.5798717618188,93.27057708665237,91.2980875410132,92.98879286584676,5467474.0,35955689.0,0.011135762115803968,6.5,6.62,6.48,6.6,2026-07-29,6.5,14.089211040279814
002328,新朋股份,2026-07-30,21.28221186637278,21.543343300316003,20.759948998486333,20.890514715457947,22692600.0,146815959.0,0.03975639463043924,6.52,6.6,6.36,6.4,2026-07-29,6.57,3.264142924290304
002329,皇氏集团,2026-07-30,18.447652235914216,18.95694324856216,17.31589443002991,17.485658100912556,46732400.0,150022039.0,0.07172023863168901,3.26,3.35,3.06,3.09,2026-07-29,3.29,5.6587890294215395
002330,得利斯,2026-07-30,7.666344168471036,7.829025211833817,7.585003646789645,7.605338777209994,11369500.0,43124998.0,0.017900518774179655,3.77,3.85,3.73,3.74,2026-07-29,3.76,2.0335130420347576
002331,皖通科技,2026-07-30,36.439827430637486,36.716725815368775,34.833816799196015,34.889196476142274,10240135.0,66076014.0,0.025467993327354332,6.58,6.63,6.29,6.3,2026-07-29,6.6,5.537967694625758
002332,仙琚制药,2026-07-30,24.83733609168543,25.219901694993382,24.807907968354048,25.102189201667855,9989550.0,84966649.0,0.010146066148621756,8.44,8.57,8.43,8.53,2026-07-29,8.47,2.942812333138084
002333,罗普斯金,2026-07-30,18.44984312592507,18.834214857715175,18.414900241216877,18.48478601063326,7128900.0,38013052.0,0.0106958721454792,5.28,5.39,5.27,5.29,2026-07-29,5.32,3.494288470819142
002334,英威腾,2026-07-30,78.16330122961722,79.26075787714694,77.55360309210072,77.79748234710732,11726884.0,75376523.0,0.015954681692625317,6.41,6.5,6.36,6.38,2026-07-29,6.45,12.1939627503303
002335,科华数据,2026-07-30,245.82398847363302,248.67337084793226,237.27584135073536,239.2617745207015,18006785.0,505303774.0,0.027293979672877042,28.47,28.8,27.48,27.71,2026-07-29,28.8,8.634492043330981
002337,赛象科技,2026-07-30,23.344341632869693,23.880993164659806,22.915020407437606,23.07601586697464,8391503.0,36526608.0,0.014271347777268864,4.35,4.45,4.27,4.3,2026-07-29,4.35,5.366515317901079
002338,奥普光电,2026-07-30,141.53805187319935,148.71883894994937,141.53805187319935,145.3653749344113,11746114.0,467118993.0,0.04894214166666667,38.83,40.8,38.83,39.88,2026-07-29,39.94,3.6450695821066024
002339,积成电子,2026-07-30,39.48277601323255,40.704465285090656,39.03852536892051,39.20511936053752,22393590.0,160394606.0,0.046778007171905424,7.11,7.33,7.03,7.06,2026-07-29,7.17,5.553133053900499
002340,格林美,2026-07-30,161.7406905244479,163.93295892011062,161.2535197698562,163.20220278822305,113711486.0,761167450.0,0.02240186995214338,6.64,6.73,6.62,6.7,2026-07-29,6.69,24.358537729585528
002342,巨力索具,2026-07-30,18.450922792375774,18.858677992207284,17.584442992733816,17.737351192670634,63665147.0,451983064.0,0.06668672239156166,7.24,7.4,6.9,6.96,2026-07-29,7.27,2.54846999894693
002343,慈文传媒,2026-07-30,15.229507620356207,15.768886015243822,15.102595056853238,15.166051338604724,12452180.0,60408573.0,0.026288153355827015,4.8,4.97,4.76,4.78,2026-07-29,4.81,3.17281408757421
002344,海宁皮城,2026-07-30,16.997578757092263,17.363118085201773,16.860501509051197,17.13465600513333,11056800.0,41512866.0,0.008629562235969213,3.72,3.8,3.69,3.75,2026-07-29,3.73,4.569241601368888
002345,潮宏基,2026-07-30,85.31461386211282,88.592869877433,84.19520936907666,85.55448625347772,30215200.0,327346136.0,0.034841071139236617,10.67,11.08,10.53,10.7,2026-07-29,10.66,7.995746378829693
002346,柘中股份,2026-07-30,41.52486137126802,42.006235603149705,39.27000312719062,39.44735152841019,5974700.0,95004646.0,0.015237170821533228,16.39,16.58,15.5,15.57,2026-07-29,16.5,2.5335485888510076
002347,泰尔股份,2026-07-30,21.648833146524723,22.160532839078943,21.333941028029816,21.45202557246541,13356700.0,73723667.0,0.02707167186566119,5.5,5.63,5.42,5.45,2026-07-29,5.51,3.936151481186313
002348,高乐股份,2026-07-30,66.48019103600333,67.3514032169187,60.78380369924901,61.99009748820875,19498500.0,184532507.0,0.021580285414678033,9.92,10.05,9.07,9.25,2026-07-29,9.94,6.701632160887432
002349,精华制药,2026-07-30,55.126724417509855,56.11259728339677,54.79810012888088,55.126724417509855,9364700.0,63238631.0,0.011501989186904392,6.71,6.83,6.67,6.71,2026-07-29,6.74,8.21560721572427
002350,北京科锐,2026-07-30,71.34069146838964,72.45618202439857,66.37168808253165,67.84210745181616,16539819.0,223306101.0,0.03117485022445695,14.07,14.29,13.09,13.38,2026-07-29,14.07,5.070411618222433
002351,漫步者,2026-07-30,78.38420192118095,79.53353039509855,77.84784863335273,79.15042090379268,8884789.0,91505818.0,0.017051479658814532,10.23,10.38,10.16,10.33,2026-07-29,10.23,7.662189826117394
002352,顺丰控股,2026-07-30,130.66285034519512,132.61921896539386,130.36187055747226,132.13012681034417,27322641.0,956498144.0,0.005693266263768223,34.73,35.25,34.65,35.12,2026-07-29,34.74,3.762247346535996
002353,杰瑞股份,2026-07-30,1225.6416786466068,1236.8781065156575,1095.1597488184057,1095.1597488184057,25584813.0,3285938564.0,0.03702370959400004,140.71,142.0,125.73,125.73,2026-07-29,139.7,8.710409200814489
002354,天娱数科,2026-07-30,18.60164393069753,19.455489881614795,17.930764969262537,18.05274296225072,210066873.0,1283438982.0,0.1292167539259557,6.1,6.38,5.88,5.92,2026-07-29,6.19,3.049449824704513
002355,兴民智通,2026-07-30,9.088696076720924,9.425314449932811,8.962464186766466,9.025580131743695,14213200.0,62069905.0,0.02299250533816407,4.32,4.48,4.26,4.29,2026-07-29,4.35,2.103864832574288
002356,赫美集团,2026-07-30,14.112524597742597,14.38496715754458,13.78559352598022,13.894570549901013,19146170.0,49622700.0,0.014601497424488715,2.59,2.64,2.53,2.55,2026-07-29,2.6,5.448851196039613
002357,富临运业,2026-07-30,38.56111111900398,38.878673210572245,37.47232680505563,38.15281700127335,7302503.0,61417688.0,0.02329512114137491,8.5,8.57,8.26,8.41,2026-07-29,8.54,4.536601308118115
002358,森源电气,2026-07-30,48.10256674926315,49.037422286792996,47.337684945829636,47.76261928107048,32642313.0,184501637.0,0.03510848379825263,5.66,5.77,5.57,5.62,2026-07-29,5.67,8.49868670481681
002361,神剑股份,2026-07-30,96.12529914930913,97.47479039006618,90.93494822332052,91.35017629739961,56787937.0,512032992.0,0.07019357737226116,9.26,9.39,8.76,8.8,2026-07-29,9.26,10.380701851977229
002362,汉王科技,2026-07-30,29.41226988358137,30.186799610427872,29.13423357138006,29.173953044551677,4207500.0,62917538.0,0.020267933457708196,14.81,15.2,14.67,14.69,2026-07-29,14.93,1.9859736585807812
002363,隆基机械,2026-07-30,18.09583279821608,18.29981158982238,17.746154869748135,17.86271417923745,5343400.0,33043711.0,0.01285218288929006,6.21,6.28,6.09,6.13,2026-07-29,6.21,2.913982737232863
002364,中恒电气,2026-07-30,247.20517623512612,252.77038448277628,231.67755816143563,234.97545934522833,31760666.0,1115728043.0,0.05690810537995456,35.98,36.79,33.72,34.2,2026-07-29,36.18,6.870627466234746
002365,永安药业,2026-07-30,44.001344402499,45.42074260903122,43.03199928584284,43.10123822274685,22143993.0,281286658.0,0.09027735087112759,12.71,13.12,12.43,12.45,2026-07-29,12.69,3.4619468452005506
002366,融发核电,2026-07-30,13.396899728464689,13.77427718560454,13.32614145525097,13.37331363739345,62175944.0,356006544.0,0.03360213725263504,5.68,5.84,5.65,5.67,2026-07-29,5.78,2.358609107124065
002367,康力电梯,2026-07-30,50.67838862295824,52.415933375745375,50.19573730273959,50.48532809487078,12742400.0,67467299.0,0.016036734451936086,5.25,5.43,5.2,5.23,2026-07-29,5.28,9.653026404372998
002368,太极股份,2026-07-30,78.57448207027177,80.04422058381641,77.72655600476524,77.83961281349944,8366800.0,116698164.0,0.013460667156084434,13.9,14.16,13.75,13.77,2026-07-29,13.93,5.652840436710199
002369,卓翼科技,2026-07-30,22.423848836855996,23.00306264445006,22.175614347887112,22.258359177543404,44140579.0,241146988.0,0.07795885835090739,5.42,5.56,5.36,5.38,2026-07-29,5.61,4.137241482814759
002370,亚太药业,2026-07-30,17.095843346490206,17.633448483172288,16.95248197670832,17.095843346490206,24105576.0,116049319.0,0.03232946300589924,4.77,4.92,4.73,4.77,2026-07-29,4.77,3.584034244547213
002371,北方华创,2026-07-30,4383.1561502683235,4533.809625087887,4099.17594276489,4255.689933306823,16329609.0,11114290064.0,0.022520186486282557,688.08,711.73,643.5,668.07,2026-07-29,706.39,6.370125785182425
002372,伟星新材,2026-07-30,84.11071676472855,86.23765443004353,83.62732184079334,85.46422255174717,14659550.0,129308524.0,0.009966666839672286,8.7,8.92,8.65,8.84,2026-07-29,8.72,9.667898478704432
002373,千方科技,2026-07-30,31.54851230746092,32.376557249913965,31.465707813215616,32.0867415200554,24255103.0,188119178.0,0.017606857159319797,7.62,7.82,7.6,7.75,2026-07-29,7.65,4.140224712265213
002374,中锐股份,2026-07-30,20.458593226326304,20.861057355368786,19.989051742443404,20.123206452124233,25062500.0,76389654.0,0.02309462367545929,3.05,3.11,2.98,3.0,2026-07-29,3.06,6.707735484041411
002375,亚厦股份,2026-07-30,22.016117371857657,22.45770138791211,21.889950510127814,22.016117371857657,12812400.0,45102440.0,0.009626171350128028,3.49,3.56,3.47,3.49,2026-07-29,3.52,6.308343086492165
002376,新北洋,2026-07-30,32.57855613959066,33.051470664197616,32.47346402301133,32.47346402301133,8928001.0,55748872.0,0.011342424223502495,6.2,6.29,6.18,6.18,2026-07-29,6.23,5.254605828966235
002377,国创高新,2026-07-30,10.936448008817214,11.194789300364077,10.635049835345873,10.721163599194828,22395900.0,56610782.0,0.025670928489660946,2.54,2.6,2.47,2.49,2026-07-29,2.55,4.305688192447722
002378,章源钨业,2026-07-30,63.44330392060856,64.9087063209487,60.62743264152358,61.431967292690715,28187099.0,614273164.0,0.023585135142872672,22.08,22.59,21.1,21.38,2026-07-29,22.18,2.873338039882634
002379,宏桥控股,2026-07-30,152.36802684095403,164.2427878222266,152.21959232868812,155.85623787920284,85247627.0,1818987511.0,0.07501724390848369,20.53,22.13,20.51,21.0,2026-07-29,20.52,7.421725613295373
002380,科远智慧,2026-07-30,93.54677624176306,94.724772683326,88.90408438383851,89.28520087963828,7200400.0,189529699.0,0.05063430358037071,27.0,27.34,25.66,25.77,2026-07-29,27.3,3.4646954163615944
002381,双箭股份,2026-07-30,33.249798795426436,33.7683141762518,32.73128341460107,33.249798795426436,4742600.0,24368916.0,0.01472735939433556,5.13,5.21,5.05,5.13,2026-07-29,5.13,6.481442260317044
002382,蓝帆医疗,2026-07-30,39.48989026339602,40.59450257845605,39.35181372401352,39.42085199370477,32992508.0,191107041.0,0.03306550913830681,5.72,5.88,5.7,5.71,2026-07-29,5.82,6.903826969125179
002383,合众思壮,2026-07-30,32.55108735556596,33.03261231644712,32.0214098985967,32.262172379037274,9788485.0,66225202.0,0.013221245026095776,6.76,6.86,6.65,6.7,2026-07-29,6.77,4.815249608811533
002384,东山精密,2026-07-30,1522.0522358489686,1525.8990401518724,1383.1398582441063,1383.1398582441063,106029846.0,17487070725.0,0.07648285693060586,178.05,178.5,161.8,161.8,2026-07-29,179.78,8.548454006453067
002385,大北农,2026-07-30,31.786125982319298,32.53028277789199,31.786125982319298,32.10505032327902,59037701.0,178931244.0,0.017045197250894,2.99,3.06,2.99,3.02,2026-07-29,3.0,10.63081136532418
002386,天原股份,2026-07-30,14.197792730610809,14.470350706242078,14.173014732826145,14.396016712888095,15790210.0,91556769.0,0.012133206509637364,5.73,5.84,5.72,5.81,2026-07-29,5.77,2.4777997784661094
002387,维信诺,2026-07-30,24.11571607461359,24.529719784049018,23.80521329253702,23.874213910776255,20873280.0,145945682.0,0.014962963956673254,6.99,7.11,6.9,6.92,2026-07-29,7.2,3.450030911961887
002388,新亚制程,2026-07-30,21.47657236448929,21.820886149891923,19.15245431302151,19.15245431302151,105589899.0,491477579.0,0.20862273212089472,4.99,5.07,4.45,4.45,2026-07-29,4.94,4.3039223175329235
002389,航天彩虹,2026-07-30,115.93603341163612,118.38671379269509,115.55900566070397,117.38130645687603,22479667.0,419577802.0,0.022827531738517686,18.45,18.84,18.39,18.68,2026-07-29,18.64,6.2837958488691665
002390,信邦制药,2026-07-30,33.08582103730359,33.75647957184353,32.862268192456945,33.197597459726914,19969654.0,59467430.0,0.010358829111849122,2.96,3.02,2.94,2.97,2026-07-29,2.97,11.177642242332293
002391,长青股份,2026-07-30,32.79190851592308,33.619665429917255,32.79190851592308,33.428644603610906,9046700.0,47340194.0,0.019493068140038972,5.15,5.28,5.15,5.25,2026-07-29,5.15,6.367360876878268
002392,北京利尔,2026-07-30,62.25963449690691,62.867469143320236,60.95713168316409,61.391299287745035,12335708.0,87843783.0,0.010656770370235064,7.17,7.24,7.02,7.07,2026-07-29,7.2,8.683352091618817
002393,力生制药,2026-07-30,31.05890455290119,31.73362497416253,30.47124483115744,30.710661754830817,2915072.0,41640031.0,0.00970988438118335,14.27,14.58,14.0,14.11,2026-07-29,14.29,2.176517487939817
002394,联发股份,2026-07-30,47.21732437528574,49.40974827040093,47.05690311466756,48.50069446023122,6184000.0,56222982.0,0.01913832324012704,8.83,9.24,8.8,9.07,2026-07-29,8.91,5.347375353939495
002395,双象股份,2026-07-30,39.49383881363431,40.12707336001326,38.6606354631357,38.993916803335146,3022103.0,35761168.0,0.011268693181452932,11.85,12.04,11.6,11.7,2026-07-29,11.86,3.332813401994457
002396,星网锐捷,2026-07-30,114.93310045309512,117.10986371925222,105.52948314329642,106.35665318443613,83080219.0,2093259494.0,0.10968914976987533,26.4,26.9,24.24,24.43,2026-07-29,26.32,4.353526532314209
002397,梦洁股份,2026-07-30,44.336686710256046,45.38298020194351,43.42117990502952,43.81353996441232,14841379.0,50368550.0,0.022908732843111627,3.39,3.47,3.32,3.35,2026-07-29,3.42,13.078668646093229
002398,垒知集团,2026-07-30,26.005096050287676,26.47066042970459,25.60604086793032,25.805568459108997,16713647.0,65620764.0,0.02786812893030473,3.91,3.98,3.85,3.88,2026-07-29,3.89,6.6509197059559275
002399,海普瑞,2026-07-30,36.85161727900223,37.500816754383614,36.35517062135764,36.58429984796283,4859577.0,46932684.0,0.0038963841890325064,9.65,9.82,9.52,9.58,2026-07-29,9.7,3.81882044341992
002400,省广集团,2026-07-30,115.87548289023255,121.99370838683683,115.13387979973506,116.8024867533544,91517039.0,586119872.0,0.053017561619375056,6.25,6.58,6.21,6.3,2026-07-29,6.32,18.540077262437208
002401,中远海科,2026-07-30,88.04378420115445,90.43953343111784,87.9689170377181,89.01705732582708,4189700.0,50074101.0,0.011282362468588556,11.76,12.08,11.75,11.89,2026-07-29,11.81,7.486716343635583
002402,和而泰,2026-07-30,251.03257180554246,253.43057022902423,244.21720786512049,245.6055227418731,28491103.0,561116607.0,0.034809832918403116,19.89,20.08,19.35,19.46,2026-07-29,20.03,12.621044334114753
002403,爱仕达,2026-07-30,12.727479589714653,13.578965900294154,12.533280957477224,12.578096026455091,10615400.0,92810237.0,0.03572266812236018,8.52,9.09,8.39,8.42,2026-07-29,8.48,1.4938356325956166
002404,嘉欣丝绸,2026-07-30,35.94304864646539,36.44487131517695,35.629409478520664,35.94304864646539,7823200.0,45009009.0,0.017136670274913595,5.73,5.81,5.68,5.73,2026-07-29,5.74,6.2727833588944835
002405,四维图新,2026-07-30,25.484079504059448,26.476450201258025,25.484079504059448,26.039807094490648,51254298.0,337372386.0,0.021757030793882866,6.42,6.67,6.42,6.56,2026-07-29,6.49,3.9694827887943065
002406,远东传动,2026-07-30,27.41155064047987,28.091527090476273,27.369052112355096,27.539046224854197,13134200.0,85824424.0,0.021809894878737718,6.45,6.61,6.44,6.48,2026-07-29,6.5,4.249852812477499
002407,多氟多,2026-07-30,286.7029443133033,298.3716174045919,278.0426010033625,278.5895700545166,145775625.0,4628052702.0,0.13513166270341637,31.45,32.73,30.5,30.56,2026-07-29,31.99,9.116150852569262
002408,齐翔腾达,2026-07-30,46.600381075655,47.150779277335964,46.233448941201026,46.600381075655,25921657.0,131879995.0,0.009422325438879275,5.08,5.14,5.04,5.08,2026-07-29,5.06,9.17330336134941
002409,雅克科技,2026-07-30,506.1592720543623,512.8971176246515,468.4341773130986,468.4341773130986,38835609.0,5473875384.0,0.12192413058650407,147.99,149.96,136.96,136.96,2026-07-29,152.18,3.4202261778117595
002410,广联达,2026-07-30,165.65162098737883,170.64335510195386,164.9121048222566,169.34920181298995,37620843.0,344114897.0,0.023960513118494592,8.96,9.23,8.92,9.16,2026-07-29,8.96,18.48790412805567
002412,汉森制药,2026-07-30,48.44043330846562,48.86534939011883,46.245033553257386,46.45749159408398,46012600.0,307579185.0,0.0924235454810232,6.84,6.9,6.53,6.56,2026-07-29,6.91,7.08193469422012
002413,雷科防务,2026-07-30,39.398380698897896,39.94905692213535,38.49727415178206,38.69752005114113,38378912.0,300023812.0,0.029626376782759964,7.87,7.98,7.69,7.73,2026-07-29,7.93,5.006147483976861
002414,高德红外,2026-07-30,199.33586529364916,200.79620130312642,182.83406838655586,182.83406838655586,139229603.0,1837189381.0,0.04096660205501378,13.65,13.75,12.52,12.52,2026-07-29,13.91,14.603360094772832
002415,海康威视,2026-07-30,864.3105656995969,876.4531698819458,853.1393698518358,865.0391219505376,98817495.0,3517549179.0,0.010923775296597054,35.59,36.09,35.13,35.62,2026-07-29,35.74,24.28520836469786
002416,爱施德,2026-07-30,34.72410989172103,36.72812462838909,34.5783633654179,36.2908850494797,36983404.0,365938623.0,0.030217561846240554,9.53,10.08,9.49,9.96,2026-07-29,9.53,3.6436631575782825
002418,康盛股份,2026-07-30,16.847147678857965,17.144450284955457,16.450744204061305,16.450744204061305,35459900.0,119819348.0,0.031203794813129387,3.4,3.46,3.32,3.32,2026-07-29,3.41,4.955043434958225
002419,天虹股份,2026-07-30,20.111386681327886,20.561305846458264,20.06639476481485,20.156378597840927,14371907.0,64909681.0,0.012593241400364642,4.47,4.57,4.46,4.48,2026-07-29,4.48,4.499191651303778
002420,毅昌科技,2026-07-30,5.355650090982898,5.42719503494641,5.243222321897379,5.284105147019386,6716900.0,35057482.0,0.016596941343504968,5.24,5.31,5.13,5.17,2026-07-29,5.25,1.0220706280501715
002421,达实智能,2026-07-30,51.20692959777111,52.669984729136,49.378110683565005,49.743874466406226,164480000.0,458776120.0,0.08210136421110269,2.8,2.88,2.7,2.72,2026-07-29,2.82,18.28818914206111
002422,科伦药业,2026-07-30,316.6222785518062,320.92098926248144,306.46842739038357,317.14108846516353,36068635.0,1530663847.0,0.027774697979136988,42.72,43.3,41.35,42.79,2026-07-29,43.04,7.411570190819433
002423,中粮资本,2026-07-30,9.86235444340483,10.08895120851588,9.829983476960392,10.013418953478862,18373349.0,170345687.0,0.007974178440152422,9.14,9.35,9.11,9.28,2026-07-29,9.18,1.0790322148145326
002425,凯撒文化,2026-07-30,11.788581687050106,12.976237304775303,11.700607196848239,12.360415873362237,78608884.0,223528898.0,0.08542717513404081,2.68,2.95,2.66,2.81,2026-07-29,2.68,4.398724510093323
002426,胜利精密,2026-07-30,13.18906318299744,13.921788915386188,13.136725630683957,13.398413392251369,133528341.0,343529138.0,0.039243033350229425,2.52,2.66,2.51,2.56,2026-07-29,2.54,5.233755231348191
002427,尤夫股份,2026-07-30,8.29281502261437,8.471368456115636,8.193618670669222,8.233297211447281,13063737.0,54842417.0,0.013269170483189121,4.18,4.27,4.13,4.15,2026-07-29,4.21,1.9839270389029593
002428,云南锗业,2026-07-30,368.1250849742952,381.38335732342966,337.44799455977056,342.8289670194611,62478640.0,4000733970.0,0.09567416785263438,66.36,68.75,60.83,61.8,2026-07-29,66.98,5.547394288340795
002429,兆驰股份,2026-07-30,71.57953450710527,73.61911418776906,68.4716035651414,69.05434061675963,77043933.0,558512412.0,0.017028794980227982,7.37,7.58,7.05,7.11,2026-07-29,7.46,9.712284193637078
002430,杭氧股份,2026-07-30,55.80621933657675,56.52972261233185,55.058599284963144,55.661518681425726,11599567.0,268725933.0,0.011861253218489702,23.14,23.44,22.83,23.08,2026-07-29,23.35,2.411677585850335
002432,九安医疗,2026-07-30,227.9725436234506,229.61528695250192,205.84579674235098,208.66192816358185,40482080.0,2593454793.0,0.08700728210094251,68.0,68.49,61.4,62.24,2026-07-29,66.81,3.352537406227215
002434,万里扬,2026-07-30,41.86421832149322,42.706094741121056,41.48154722166238,41.78768410152705,14775602.0,81230627.0,0.011267729173414,5.47,5.58,5.42,5.46,2026-07-29,5.51,7.653421996616676
002436,兴森科技,2026-07-30,404.30074117375403,408.90253822776424,364.0678869301219,364.0678869301219,124420397.0,3548588001.0,0.08196712738543153,30.75,31.1,27.69,27.69,2026-07-29,30.77,13.14799158288631
002437,誉衡药业,2026-07-30,45.56494920606057,46.67628943059863,44.771134759961946,45.08866053840139,71847619.0,206352485.0,0.034210645551414884,2.87,2.94,2.82,2.84,2026-07-29,2.88,15.876288921972323
002438,江苏神通,2026-07-30,53.098400403099376,53.81766160377881,52.252210755241215,52.50606764959866,5600700.0,70040964.0,0.011944830303698573,12.55,12.72,12.35,12.41,2026-07-29,12.58,4.230948239290787
002439,启明星辰,2026-07-30,107.50284871170751,109.7918227297982,105.84531580205564,106.00317607916534,39176575.0,535747018.0,0.05376971995883372,13.62,13.91,13.41,13.43,2026-07-29,13.79,7.893013855485133
002440,闰土股份,2026-07-30,70.48945611584755,74.41425879490365,68.23923591318871,71.37907805643358,102524961.0,1380883076.0,0.10833617541769765,13.47,14.22,13.04,13.64,2026-07-29,13.64,5.233070238741465
002441,众业达,2026-07-30,45.556273075408996,45.90270861210412,44.863402002018745,45.32531605094558,4871442.0,38323504.0,0.0122227864310998,7.89,7.95,7.77,7.85,2026-07-29,7.9,5.773925611585424
002442,龙星科技,2026-07-30,12.830696458996867,13.156210956899534,12.61368679372842,12.695065418204086,10588700.0,50201080.0,0.02154316997902103,4.73,4.85,4.65,4.68,2026-07-29,4.73,2.712620815855574
002443,金洲管道,2026-07-30,34.92464119104341,35.632872191115275,34.260674628476046,34.61479012851198,13282301.0,104745524.0,0.02551660835748538,7.89,8.05,7.74,7.82,2026-07-29,7.91,4.426443750449102
002444,巨星科技,2026-07-30,135.17009559380074,138.48798966856452,134.85194136745355,136.39726189542571,9648600.0,290247012.0,0.008414019148733017,29.74,30.47,29.67,30.01,2026-07-29,29.91,4.545060376388728
002445,中南文化,2026-07-30,20.309438895639012,20.659601635218998,19.74917851231104,19.74917851231104,50085070.0,144007802.0,0.02116593144398068,2.9,2.95,2.82,2.82,2026-07-29,2.92,7.00325479159966
002446,盛路通信,2026-07-30,38.347986838823644,38.800915817234944,36.98919990358973,37.14017622972683,27499501.0,206744382.0,0.03243717557635561,7.62,7.71,7.35,7.38,2026-07-29,7.7,5.032544204570032
002448,中原内配,2026-07-30,75.24496332220058,76.18240057289245,72.3076599366994,73.18260137067847,23986780.0,283336091.0,0.04132021899630971,12.04,12.19,11.57,11.71,2026-07-29,12.21,6.249581671279118
002449,国星光电,2026-07-30,19.504917053638618,19.788510354903153,19.315854852795592,19.410385953217105,8070470.0,50059842.0,0.013048937623758914,6.19,6.28,6.13,6.16,2026-07-29,6.26,3.1510366807170627
002451,摩恩电气,2026-07-30,22.17344981389395,22.450233514760864,21.09706875496706,21.220083733130135,28953411.0,205039864.0,0.0659307228298368,7.21,7.3,6.86,6.9,2026-07-29,7.05,3.075374454076831
002452,长高电气,2026-07-30,61.66709878345095,61.951541121013,60.187998628128334,60.52932943320279,12651395.0,135695156.0,0.024554071536115,10.84,10.89,10.58,10.64,2026-07-29,10.88,5.688846751240863
002453,华软科技,2026-07-30,16.985189866030563,17.400475681825935,16.652961213394267,16.736018376553343,12759495.0,52207196.0,0.021172301474874266,4.09,4.19,4.01,4.03,2026-07-29,4.12,4.152858157953683
002454,松芝股份,2026-07-30,20.929461808695685,21.230295962003428,20.75755657823412,20.972438116311075,8207962.0,40161357.0,0.009355360028689539,4.87,4.94,4.83,4.88,2026-07-29,4.86,4.297630761539155
002455,百川股份,2026-07-30,41.60287799515202,41.92045721648906,40.014981888466835,40.205529421269055,40685544.0,262317101.0,0.061569017606162534,6.55,6.6,6.3,6.33,2026-07-29,6.5,6.351584426740767
002456,欧菲光,2026-07-30,145.1595262811594,148.27008755861283,144.12267252200826,145.7816385366501,74605500.0,526148025.0,0.022487690630960917,7.0,7.15,6.95,7.03,2026-07-29,7.05,20.73707518302277
002457,青龙管业,2026-07-30,29.83102509264464,30.035747813868674,28.8951497956205,28.95364200168451,23083999.0,232254193.0,0.06926508484557682,10.2,10.27,9.88,9.9,2026-07-29,10.26,2.9246103032004553
002458,益生股份,2026-07-30,91.55822794630927,93.83633551369375,90.79885875718111,91.88367188450707,42058092.0,357374443.0,0.04352102622856201,8.44,8.65,8.37,8.47,2026-07-29,8.56,10.848131273259392
002459,晶澳科技,2026-07-30,18.87977275329535,19.85987024595276,18.828188674734434,19.369821499624052,51138813.0,385049718.0,0.0154648608936467,7.32,7.7,7.3,7.51,2026-07-29,7.39,2.5792039280458128
002460,赣锋锂业,2026-07-30,691.0383141636138,707.9371896716569,689.3623926256261,697.3230199310678,45390024.0,2276956374.0,0.03747469289257728,49.48,50.69,49.36,49.93,2026-07-29,49.92,13.966012816564549
002461,珠江啤酒,2026-07-30,19.096825161384878,19.4695530922041,18.943348954576965,19.44762791980297,10275993.0,90541744.0,0.00464277810223632,8.71,8.88,8.64,8.87,2026-07-29,8.72,2.1925172401130744
002462,嘉事堂,2026-07-30,21.67676060645805,21.993073851359153,21.509300653275112,21.881433882570526,3134400.0,36714198.0,0.010753749937141992,11.65,11.82,11.56,11.76,2026-07-29,11.66,1.8606661464770857
002463,沪电股份,2026-07-30,366.160719838285,367.53105551371857,332.8510218815924,339.2459217002823,81221121.0,7964445491.0,0.04224083527283198,104.21,104.6,94.73,96.55,2026-07-29,105.25,3.513681219060407
002465,海格通信,2026-07-30,70.21318144012437,71.2845931609808,69.14176971926794,69.64176185566761,54087276.0,531848892.0,0.021827982317494676,9.83,9.98,9.68,9.75,2026-07-29,9.93,7.142744805709499
002466,天齐锂业,2026-07-30,370.2761532550659,374.89447726721875,364.199411133812,368.33159577626463,42558903.0,1946504963.0,0.02883933794137433,45.7,46.27,44.95,45.46,2026-07-29,46.08,8.102322828338421
002467,二六三,2026-07-30,52.91274126554335,55.1320394643189,52.2119102554037,52.328715423760315,56661650.0,259301405.0,0.04145543541881378,4.53,4.72,4.47,4.48,2026-07-29,4.57,11.680516835660784
002468,申通快递,2026-07-30,31.819440051691544,32.50226065365917,31.705636618030272,32.047046919014086,20438900.0,289202569.0,0.0139599846062806,13.98,14.28,13.93,14.08,2026-07-29,14.03,2.2760686732254323
002469,三维化学,2026-07-30,59.100009791921686,61.20321298736374,58.99484963214959,59.83613091032641,8812250.0,50420510.0,0.014010272497617991,5.62,5.82,5.61,5.69,2026-07-29,5.61,10.516015977210264
002470,金正大,2026-07-30,7.770894035026474,7.934491804184926,7.6072962658680225,7.648195708157636,87810100.0,166685488.0,0.026724637103572802,1.9,1.94,1.86,1.87,2026-07-29,1.9,4.089944228961302
002471,中超控股,2026-07-30,36.35712597389119,37.061721438501486,35.72299005574193,35.79344960220296,40949099.0,210771457.0,0.03046688863884278,5.16,5.26,5.07,5.08,2026-07-29,5.22,7.0459546461029445
002472,双环传动,2026-07-30,189.14945340820665,190.78779737458117,183.65307365004696,188.62095535453744,26053334.0,924284536.0,0.03480295922644009,35.79,36.1,34.75,35.69,2026-07-29,36.2,5.284980536691999
002474,榕基软件,2026-07-30,39.086512970090396,39.65851072087221,38.133183385454046,38.133183385454046,27853868.0,170270731.0,0.05267052623655032,6.15,6.24,6.0,6.0,2026-07-29,6.06,6.355530564242341
002475,立讯精密,2026-07-30,2091.255160440852,2108.6368444666805,1943.3404375543903,1988.6691429550801,166062981.0,9834310136.0,0.022670481510435384,61.36,61.87,57.02,58.35,2026-07-29,62.35,34.08173338397738
002476,宝莫股份,2026-07-30,22.752408572735575,23.171807809099366,22.17573462273537,22.38543424091726,10579900.0,45785424.0,0.017287418300653595,4.34,4.42,4.23,4.27,2026-07-29,4.33,5.242490454547368
002478,常宝股份,2026-07-30,17.390129526859084,17.866955659047157,17.193789354781643,17.502323910903336,18690761.0,116649409.0,0.025861549641932574,6.2,6.37,6.13,6.24,2026-07-29,6.23,2.804859601106304
002479,富春环保,2026-07-30,24.636300558396623,25.14189627881148,24.360521074533974,24.45244756915486,18917527.0,101432139.0,0.021918806890418162,5.36,5.47,5.3,5.32,2026-07-29,5.39,4.596324731044146
002480,新筑股份,2026-07-30,21.114442148223777,21.436186028577662,20.832916252914124,20.95357020804683,6865700.0,36011775.0,0.008944024596459758,5.25,5.33,5.18,5.21,2026-07-29,5.29,4.021798504423576
002481,双塔食品,2026-07-30,78.10566681467856,79.60409687347335,77.73105929997986,78.2929705720279,10443050.0,43933895.0,0.009339557051515152,4.17,4.25,4.15,4.18,2026-07-29,4.17,18.730375734934906
002482,广田集团,2026-07-30,10.430400218963623,10.68072982421875,10.263513815460204,10.263513815460204,60697800.0,76189855.0,0.016213275928541982,1.25,1.28,1.23,1.23,2026-07-29,1.25,8.344320175170898
002483,润邦股份,2026-07-30,17.688734479901886,17.931045911133413,17.48103896741771,17.65411856115452,10892593.0,55692229.0,0.012304527725142443,5.11,5.18,5.05,5.1,2026-07-29,5.14,3.4615918747361807
002484,江海股份,2026-07-30,317.37484021689386,328.18553495523463,288.5985464930978,289.85196037580397,60484567.0,3475364726.0,0.07371920975293418,60.77,62.84,55.26,55.5,2026-07-29,61.4,5.222557844609081
002486,嘉麟杰,2026-07-30,9.291581124441967,9.498982488826831,9.167140305811046,9.291581124441967,30750400.0,69261140.0,0.037480467750152964,2.24,2.29,2.21,2.24,2026-07-29,2.25,4.148027287697306
002487,大金重工,2026-07-30,193.51876560280917,198.8969546220436,189.67720201764178,191.11778836207952,28326704.0,1145714538.0,0.044897438751793084,40.3,41.42,39.5,39.8,2026-07-29,40.4,4.801954481459285
002488,金固股份,2026-07-30,52.30361102654954,53.7548094827775,50.73147936563591,50.912879172664404,20001158.0,171914177.0,0.021738404343232143,8.65,8.89,8.39,8.42,2026-07-29,8.72,6.046660234283183
002489,浙江永强,2026-07-30,33.14015435370397,33.890497471146325,32.89003998122318,33.26521153994437,21911300.0,58558209.0,0.011453766038293851,2.65,2.71,2.63,2.66,2026-07-29,2.66,12.505718624039234
002490,山东墨龙,2026-07-30,14.794635175550132,15.300767431555794,14.658368798933223,14.989301427860003,72177661.0,553879740.0,0.13323745574298257,7.6,7.86,7.53,7.7,2026-07-29,7.39,1.9466625230987016
002491,通鼎互联,2026-07-30,67.37214914271149,69.80950334377887,61.807623513859554,63.4631848579808,120966186.0,1720689338.0,0.10282140818326846,14.65,15.18,13.44,13.8,2026-07-29,14.83,4.598781511447884
002492,恒基达鑫,2026-07-30,18.473694304493943,18.824238788450188,17.947877578559584,18.1231498205377,7495100.0,39226651.0,0.01883973300721801,5.27,5.37,5.12,5.17,2026-07-29,5.28,3.5054448395624185
002493,荣盛石化,2026-07-30,174.0380856140333,181.2178746245132,173.03291515256612,179.63832104220762,62048616.0,771797663.0,0.0066446957718602016,12.12,12.62,12.05,12.51,2026-07-29,12.16,14.359578020959843
002494,华斯股份,2026-07-30,11.85167423615967,12.097446282531644,11.68782620524502,11.824366231007229,11178900.0,48756191.0,0.03898205156000076,4.34,4.43,4.28,4.33,2026-07-29,4.37,2.7308005152441637
002495,佳隆股份,2026-07-30,20.945567042305697,21.52205053888292,20.753405876779958,20.945567042305697,24855630.0,54780368.0,0.03581925038032616,2.18,2.24,2.16,2.18,2026-07-29,2.18,9.608058276287016
002497,雅化集团,2026-07-30,119.34627519554417,121.57263307087086,117.05245193005604,118.53669051360717,30912116.0,546437940.0,0.029173723401816096,17.69,18.02,17.35,17.57,2026-07-29,17.81,6.746539016141558
002498,汉缆股份,2026-07-30,53.569389870075504,56.0182762641361,52.268418973230816,53.26327907081793,260140382.0,1832834416.0,0.07819547155882116,7.0,7.32,6.83,6.96,2026-07-29,7.19,7.6527699814393575
002500,山西证券,2026-07-30,6.750738411701375,6.8645149017862295,6.750738411701375,6.826589405091279,26964719.0,145438255.0,0.007511541792272165,5.34,5.43,5.34,5.4,2026-07-29,5.37,1.2641832231650516
002506,协鑫集成,2026-07-30,23.67425375603093,24.428811644669366,23.296974811711717,23.485614283871325,231003407.0,582757634.0,0.03952534540295518,2.51,2.59,2.47,2.49,2026-07-29,2.55,9.431973607980451
002507,涪陵榨菜,2026-07-30,95.04886674271053,97.9339925460306,94.96872435928498,97.69356539575391,22573781.0,273460263.0,0.019566109248572137,11.86,12.22,11.85,12.19,2026-07-29,11.86,8.014238342555695
002508,老板电器,2026-07-30,131.82533672398208,133.74862431144444,131.26437784430556,132.54656956928045,8471022.0,139962076.0,0.009073971168993113,16.45,16.69,16.38,16.54,2026-07-29,16.45,8.013698281093136
002510,天汽模,2026-07-30,24.17747093669122,24.915382976051635,23.960437983938153,23.960437983938153,23449400.0,131799876.0,0.02333629026126333,5.57,5.74,5.52,5.52,2026-07-29,5.59,4.34065905506126
002511,中顺洁柔,2026-07-30,60.22497969381397,62.64064277973458,60.22497969381397,62.47404532553316,20995800.0,155470829.0,0.016597418752847468,7.23,7.52,7.23,7.5,2026-07-29,7.22,8.329872710071088
002513,蓝丰生化,2026-07-30,14.109698758486944,14.377604431116442,13.663189304104444,13.901327679775111,9728900.0,45918479.0,0.033659203486427695,4.74,4.83,4.59,4.67,2026-07-29,4.69,2.9767296958833214
002515,金字火腿,2026-07-30,79.0083750748024,81.17142857108661,72.29152474423562,72.40536966509269,128933508.0,853724853.0,0.11701559550644894,6.94,7.13,6.35,6.36,2026-07-29,7.06,11.384492085706396
002516,旷达科技,2026-07-30,51.22039624809671,51.90857815546077,50.43390263968064,50.925461144940684,11548500.0,60204239.0,0.007907230689305066,5.21,5.28,5.13,5.18,2026-07-29,5.22,9.831170105200904
002517,恺英网络,2026-07-30,105.91565393422133,107.75873375906276,101.36939036627912,101.36939036627912,149663093.0,2548799565.0,0.0792251065761449,17.24,17.54,16.5,16.5,2026-07-29,16.69,6.143599416138128
002518,科士达,2026-07-30,191.89879585799414,193.19000851836515,179.90896401169206,182.79882091823666,12815265.0,386142992.0,0.02267577265106648,31.21,31.42,29.26,29.73,2026-07-29,31.36,6.14863171605236
002519,银河电子,2026-07-30,61.87184704635264,62.706342093220584,60.56049768698871,60.56049768698871,29097249.0,150107548.0,0.026035372759348956,5.19,5.26,5.08,5.08,2026-07-29,5.21,11.921357812399352
002520,日发精机,2026-07-30,49.4605606121544,49.91184309949158,48.10671315014287,48.10671315014287,30364238.0,164211073.0,0.04232302459127285,5.48,5.53,5.33,5.33,2026-07-29,5.52,9.025649746743504
002521,齐峰新材,2026-07-30,25.861554734254362,26.16760863643489,25.55550083207384,25.746784520936668,3261300.0,22042556.0,0.007780308869172794,6.76,6.84,6.68,6.73,2026-07-29,6.79,3.8256737772565628
002522,浙江众成,2026-07-30,43.46047345100522,44.27876688418314,42.91494449555327,43.915080913881845,32642900.0,157079849.0,0.036068710486303036,4.78,4.87,4.72,4.83,2026-07-29,4.84,9.092149257532473
002523,天桥起重,2026-07-30,25.201051607303135,25.582885722565308,24.971951138145837,24.971951138145837,21624548.0,71484875.0,0.015319797453124555,3.3,3.35,3.27,3.27,2026-07-29,3.32,7.636682305243375
002524,光正眼科,2026-07-30,16.69711533790111,16.880097423795917,16.14816908021669,16.4226422090589,11991400.0,43233197.0,0.023478088066086308,3.65,3.69,3.53,3.59,2026-07-29,3.61,4.574552147370167
002526,山东矿机,2026-07-30,15.666674031933391,16.026827457954848,15.546622889926239,15.666674031933391,22991020.0,60407678.0,0.012981323479959344,2.61,2.67,2.59,2.61,2026-07-29,2.63,6.002557100357621
002527,新时达,2026-07-30,29.518983113540383,29.853160280863484,28.906324973448037,29.12910975166344,8410033.0,88688670.0,0.015901330592597553,10.6,10.72,10.38,10.46,2026-07-29,10.65,2.784809727692489
002530,金财互联,2026-07-30,23.750895785463495,24.225236072191727,23.5476070911514,23.64925143830745,16017400.0,113302076.0,0.023042529600941292,7.01,7.15,6.95,6.98,2026-07-29,7.01,3.38814490520164
002531,天顺风能,2026-07-30,52.61352718404772,53.85441225914318,51.53809345229831,52.11717315400953,41082835.0,261676198.0,0.022992597388725215,6.36,6.51,6.23,6.3,2026-07-29,6.45,8.2725671673031
002532,天山铝业,2026-07-30,109.40276082440732,113.632890317997,108.82215481548326,108.90509853104385,117197228.0,1568495466.0,0.02853696028405517,13.19,13.7,13.12,13.13,2026-07-29,13.04,8.294371556058175
002533,金杯电工,2026-07-30,66.89490422747535,68.01968580298157,66.42131198515695,66.42131198515695,13220046.0,150113410.0,0.02073259732733003,11.3,11.49,11.22,11.22,2026-07-29,11.34,5.919903028980119
002534,西子洁能,2026-07-30,31.400943548281752,34.55354823918494,31.400943548281752,34.55354823918494,23448423.0,313071088.0,0.02840983929215308,12.55,13.81,12.55,13.81,2026-07-29,12.55,2.50206721500253
002535,林州重机,2026-07-30,7.836314751405004,8.080111210337604,7.731830554719604,7.871142816966803,14653330.0,33381318.0,0.019634676746172253,2.25,2.32,2.22,2.26,2026-07-29,2.26,3.4828065561800017
002536,飞龙股份,2026-07-30,246.77271231791323,252.40086189709373,227.78543846287582,227.78543846287582,27875623.0,1061314082.0,0.051204202710290386,39.9,40.81,36.83,36.83,2026-07-29,40.92,6.184779757341184
002537,海联金汇,2026-07-30,39.34151906143627,40.583882821271104,39.272498852556566,40.0317211502334,29331330.0,170465240.0,0.025054143174365228,5.7,5.88,5.69,5.8,2026-07-29,5.72,6.902020887971276
002539,云图控股,2026-07-30,74.51958630964903,77.57680010696797,74.51958630964903,76.6214207953058,33292938.0,398066210.0,0.037416471712752496,11.7,12.18,11.7,12.03,2026-07-29,11.79,6.3691954110811135
002540,亚太科技,2026-07-30,51.54514842193437,52.48613490428205,51.231486261151815,51.96336463631112,10575529.0,52549932.0,0.012322899400492443,4.93,5.02,4.9,4.97,2026-07-29,4.94,10.455405359418737
002541,鸿路钢构,2026-07-30,94.20875024020536,96.01068317760999,92.03719003358955,93.23847865852595,7793150.0,157918000.0,0.01570629391806546,20.39,20.78,19.92,20.18,2026-07-29,20.58,4.6203408651400375
002543,万和电气,2026-07-30,38.94048901374485,39.706338268175536,38.70484308930464,39.588515305955426,5011600.0,33476534.0,0.007574762529056018,6.61,6.74,6.57,6.72,2026-07-29,6.6,5.891148111005272
002544,普天科技,2026-07-30,98.25471569550182,99.83437350411117,96.35912632517058,96.99098944861431,11379427.0,176631907.0,0.016722933402651866,15.55,15.8,15.25,15.35,2026-07-29,15.66,6.318631234437415
002545,东方铁塔,2026-07-30,104.53065490034696,109.65794968185132,103.42801086131378,105.13710912181521,25879213.0,502293121.0,0.02289864098166564,18.96,19.89,18.76,19.07,2026-07-29,18.96,5.513220195165979
002546,新联电子,2026-07-30,95.1768444440769,97.10994642203306,93.47116622823324,94.3808612766832,37407900.0,312213405.0,0.046687969923761015,8.37,8.54,8.22,8.3,2026-07-29,8.53,11.371188105624482
002548,金新农,2026-07-30,18.360190792083745,19.042001590728766,18.214088478088385,18.311490020751958,29136927.0,110966071.0,0.03621871910906695,3.77,3.91,3.74,3.76,2026-07-29,3.8,4.870077133178713
002549,凯美特气,2026-07-30,118.28864973563401,119.74339100832437,113.92442591756296,114.0153472471061,34617083.0,443740419.0,0.04999870977437812,13.01,13.17,12.53,12.54,2026-07-29,13.18,9.092132954314682
002550,千红制药,2026-07-30,74.01627923851802,74.87944284479812,72.50574292752785,73.15311563223793,14880348.0,101403082.0,0.015809299598748536,6.86,6.94,6.72,6.78,2026-07-29,6.86,10.789545078501169
002551,尚荣医疗,2026-07-30,24.058304724102946,24.71970141754908,23.644931790699115,23.892955550741416,12661603.0,37027026.0,0.020716572384027247,2.91,2.99,2.86,2.89,2026-07-29,2.91,8.267458668076614
002552,宝鼎科技,2026-07-30,126.38793153332655,129.25793849406065,113.68815073207831,114.2980272112343,19927900.0,655338289.0,0.05407794338573733,35.23,36.03,31.69,31.86,2026-07-29,35.21,3.5875087009175863
002553,南方精工,2026-07-30,72.24274468670654,74.81245305475717,71.75789405122529,72.7275953221878,8496211.0,128725703.0,0.03316116846017647,14.9,15.43,14.8,15.0,2026-07-29,14.97,4.848506354812519
002554,惠博普,2026-07-30,19.72485161455581,20.146022823407538,19.2334852042288,19.514266010129948,22535720.0,63106613.0,0.016900046337719105,2.81,2.87,2.74,2.78,2026-07-29,2.81,7.019520147528758
002555,三七互娱,2026-07-30,284.1653787663615,294.48506883735047,284.1653787663615,288.35307908502375,63135857.0,1221392053.0,0.03977415506252676,19.0,19.69,19.0,19.28,2026-07-29,19.18,14.956072566650608
002556,辉隆股份,2026-07-30,29.763529761033233,30.45134242357812,29.763529761033233,30.263757151974968,9504000.0,45921191.0,0.010175142171997347,4.76,4.87,4.76,4.84,2026-07-29,4.78,6.252842386771688
002557,洽洽食品,2026-07-30,74.27226335999175,76.03807651119972,73.80378231987537,74.99300342170929,11417784.0,237640845.0,0.02264225494822151,20.61,21.1,20.48,20.81,2026-07-29,20.71,3.603700308587664
002558,巨人网络,2026-07-30,124.45527415752527,131.0869939172513,121.66995185844033,122.37733529947778,177111990.0,5025691134.0,0.09318976418561721,28.15,29.65,27.52,27.68,2026-07-29,26.98,4.421146506484024
002559,亚威股份,2026-07-30,71.3822628863411,72.43557664062307,68.38436989338464,68.95153883799803,31036650.0,268776298.0,0.06158004274913863,8.81,8.94,8.44,8.51,2026-07-29,8.92,8.102413494476854
002560,通达股份,2026-07-30,37.31238324171906,37.677594170675526,36.21675045484966,36.4602244074873,35845373.0,216848591.0,0.05659663956035045,6.13,6.19,5.95,5.99,2026-07-29,6.14,6.086848815941119
002561,徐家汇,2026-07-30,9.414910604482985,9.705494265115176,9.385852238419766,9.618319166925518,6086787.0,40289052.0,0.014686790269713798,6.48,6.68,6.46,6.62,2026-07-29,6.49,1.4529183031609545
002562,兄弟科技,2026-07-30,30.71036746988923,31.34284643379999,30.499541148585642,30.850918350758285,16338077.0,71971290.0,0.020083207712875195,4.37,4.46,4.34,4.39,2026-07-29,4.39,7.027544043452913
002563,森马服饰,2026-07-30,45.24924145824037,46.93600410579228,44.66254140691797,46.64265408013108,30721312.0,193395175.0,0.013919356784270044,6.17,6.4,6.09,6.36,2026-07-29,6.15,7.3337506415300435
002564,天沃科技,2026-07-30,14.109058392505242,14.465839179442158,13.979319924528182,14.044189158516714,13720700.0,59965650.0,0.015974651858753786,4.35,4.46,4.31,4.33,2026-07-29,4.35,3.2434616994264927
002565,顺灏股份,2026-07-30,74.04521623939102,75.45225122731294,71.05526689005694,71.31908595029229,40595080.0,337162622.0,0.038298864963696784,8.42,8.58,8.08,8.11,2026-07-29,8.44,8.793968674511998
002566,益盛药业,2026-07-30,21.607566814201576,22.236270902210503,21.276669925775824,21.574477125359,16228000.0,106536443.0,0.07001150711685003,6.53,6.72,6.43,6.52,2026-07-29,6.53,3.3089688842575153
002567,唐人神,2026-07-30,18.573317762215744,18.93648319332052,18.469556210471524,18.573317762215744,14243985.0,51354563.0,0.009949234536108464,3.58,3.65,3.56,3.58,2026-07-29,3.58,5.188077587211102
002568,百润股份,2026-07-30,156.36271749445507,162.72157670434427,156.36271749445507,161.17262381988408,29703004.0,585029058.0,0.03897476906737317,19.18,19.96,19.18,19.77,2026-07-29,19.59,8.152383602422058
002570,贝因美,2026-07-30,10.656138337074836,11.133653970104133,10.605873533598068,10.832065149243522,46795389.0,203472881.0,0.04332925112742131,4.24,4.43,4.22,4.31,2026-07-29,4.28,2.5132401738384047
002571,德力股份,2026-07-30,41.69263865561785,42.45359939957245,40.89162734619196,41.01177904260584,5213700.0,54090341.0,0.017477679678572406,10.41,10.6,10.21,10.24,2026-07-29,10.4,4.005056547129477
002572,索菲亚,2026-07-30,201.17625048933837,210.29935952315722,199.3048435080422,210.0654336504952,19661050.0,174347066.0,0.030179812650167632,8.6,8.99,8.52,8.98,2026-07-29,8.62,23.39258726620214
002573,清新环境,2026-07-30,26.63945023711321,27.143666960844058,26.555414116491402,26.807522478356827,8940503.0,28593038.0,0.0063273056514475115,3.17,3.23,3.16,3.19,2026-07-29,3.19,8.403612062180823
002574,明牌珠宝,2026-07-30,10.185547910338368,10.466528542347701,10.115302752336035,10.232378015673257,7829456.0,34483988.0,0.014828515151515152,4.35,4.47,4.32,4.37,2026-07-29,4.37,2.3415052667444525
002575,群兴玩具,2026-07-30,19.407354598065833,19.76823515877367,18.886082677043404,19.487550278223132,37324700.0,180056378.0,0.06387655510498857,4.84,4.93,4.71,4.86,2026-07-29,4.85,4.009784007864842
002576,通达动力,2026-07-30,19.57032179178172,20.032282177424637,19.416334996567414,19.458331395262224,3457000.0,48763436.0,0.021335874991300092,13.98,14.31,13.87,13.9,2026-07-29,14.08,1.3998799564936852
002577,雷柏科技,2026-07-30,42.0853959795724,42.699615272247236,39.765011985023,40.03799833732293,6435934.0,115666594.0,0.022930363804142186,18.5,18.77,17.48,17.6,2026-07-29,18.77,2.2748862691660756
002578,闽发铝业,2026-07-30,15.294317299685082,15.76410861605766,15.137720194227553,15.242118264532571,21212800.0,62647531.0,0.0246327475910788,2.93,3.02,2.9,2.92,2026-07-29,2.95,5.219903515250881
002579,中京电子,2026-07-30,54.172706800695714,54.83740258966131,49.85218417241936,50.13705379626177,58127579.0,633843599.0,0.09963386005291143,11.41,11.55,10.5,10.56,2026-07-29,11.55,4.74782706403994
002580,圣阳股份,2026-07-30,72.34799678358146,77.57703214981659,69.26520727662195,75.54785424650146,138233163.0,2614184589.0,0.3055965196883398,18.54,19.88,17.75,19.36,2026-07-29,18.61,3.902265198682927
002582,好想你,2026-07-30,55.30635447907262,59.111078765270044,54.534381435496336,55.63720006917674,56146092.0,577745053.0,0.16310179185729773,10.03,10.72,9.89,10.09,2026-07-29,10.33,5.514093168402056
002583,海能达,2026-07-30,45.6128777989228,46.573743873993045,45.38679166361215,45.66939933275046,22552800.0,183624016.0,0.01758135970497791,8.07,8.24,8.03,8.08,2026-07-29,8.1,5.652153382766146
002584,西陇科学,2026-07-30,19.71978344108225,19.911503557870546,19.00768015015428,19.117234502604738,36361250.0,257814288.0,0.07762423326636239,7.2,7.27,6.94,6.98,2026-07-29,7.28,2.7388588112614234
002585,双星新材,2026-07-30,32.31596508367118,35.42484273729018,32.31596508367118,35.42484273729018,128213394.0,1088433865.0,0.14458688508814865,7.9,8.66,7.9,8.66,2026-07-29,7.87,4.090628491603947
002587,奥拓电子,2026-07-30,41.14348909020562,41.92568470028558,40.75239128516564,41.06526952919762,14891035.0,78668055.0,0.02795321854499674,5.26,5.36,5.21,5.25,2026-07-29,5.31,7.8219561007995475
002588,史丹利,2026-07-30,89.01675207777251,91.44448167989357,89.01675207777251,91.24217087971681,13484085.0,120974081.0,0.0157040655745655,8.8,9.04,8.8,9.02,2026-07-29,8.84,10.115540008837785
002589,瑞康医药,2026-07-30,26.143084781334476,26.81342028854818,25.7600359200695,25.95156035070199,30267231.0,82863668.0,0.022164190342513747,2.73,2.8,2.69,2.71,2026-07-29,2.74,9.57622153162435
002590,万安科技,2026-07-30,43.956784991096946,44.866565944071716,43.3821864944813,44.05255140719955,7133293.0,65836837.0,0.014411948806892495,9.18,9.37,9.06,9.2,2026-07-29,9.18,4.788320805130386
002591,恒大高新,2026-07-30,20.01359313065754,20.432725971090157,19.489677080116767,19.664315763630356,10577400.0,60544560.0,0.047323535812513216,5.73,5.85,5.58,5.63,2026-07-29,5.74,3.4927736702718217
002593,日上集团,2026-07-30,14.857824831694604,15.138161149273747,14.752698712602424,14.857824831694604,11872630.0,50676195.0,0.021182048711705845,4.24,4.32,4.21,4.24,2026-07-29,4.26,3.5042039697392933
002594,比亚迪,2026-07-30,303.10046778946725,308.6566710548873,302.55762034399515,307.1877897318452,48036113.0,4604080480.0,0.013777297942545109,94.92,96.66,94.75,96.2,2026-07-29,94.85,3.1932202674827983
002595,豪迈科技,2026-07-30,350.57337406870977,383.1947892096015,349.71866450169955,376.07220948451595,9947684.0,513672412.0,0.008635302623932379,49.22,53.8,49.1,52.8,2026-07-29,49.37,7.12257972508553
002596,海南瑞泽,2026-07-30,14.886738366997918,15.229525105711685,14.641890696488085,14.69086023059005,23397200.0,71278544.0,0.020407051334170857,3.04,3.11,2.99,3.0,2026-07-29,3.05,4.896953410196684
002597,金禾实业,2026-07-30,113.43687931221612,115.96472063393682,111.17235479484134,112.85758234265514,15014886.0,325641390.0,0.026469757955575244,21.54,22.02,21.11,21.43,2026-07-29,21.54,5.266336086918112
002599,盛通股份,2026-07-30,21.576800204638776,21.936413541382755,21.037380199522804,21.145264200546,10550610.0,63007888.0,0.02552333812723418,6.0,6.1,5.85,5.88,2026-07-29,5.99,3.596133367439796
002600,领益智造,2026-07-30,53.35668141306002,54.67957434065656,53.26848855122026,53.84174215317876,121673544.0,1489981536.0,0.01689931301390668,12.1,12.4,12.08,12.21,2026-07-29,12.23,4.409643091988432
002601,龙佰集团,2026-07-30,197.10179243991527,199.5982566384908,194.12981125113487,199.47937739093962,18364936.0,304604079.0,0.009239741526504381,16.58,16.79,16.33,16.78,2026-07-29,16.67,11.88792475512155
002602,世纪华通,2026-07-30,129.046810424341,133.65219845435468,125.59276940183076,126.55222524141695,165495495.0,2226390805.0,0.024348932190449972,13.45,13.93,13.09,13.19,2026-07-29,13.55,9.594558395861785
002603,以岭药业,2026-07-30,69.92278368740007,71.05871338629285,69.03928281048346,69.96485515772942,27443216.0,456214326.0,0.019936460936659302,16.62,16.89,16.41,16.63,2026-07-29,16.72,4.207147032936225
002605,姚记科技,2026-07-30,87.10546293941185,91.41180043304568,86.61610640604435,87.98630469947331,13040119.0,237862467.0,0.038553719034897814,17.8,18.68,17.7,17.98,2026-07-29,17.78,4.893565333674823
002606,大连电瓷,2026-07-30,62.12441117429901,64.56991631030388,60.708592411348825,63.23990474510825,52746886.0,771430839.0,0.12518780971082374,14.48,15.05,14.15,14.74,2026-07-29,14.66,4.290359887727832
002607,中公教育,2026-07-30,15.306223713684416,16.06022488184621,14.929223129603521,15.306223713684416,455035785.0,942960048.0,0.08208545011723489,2.03,2.13,1.98,2.03,2026-07-29,2.08,7.54001168161794
002608,江苏国信,2026-07-30,19.937036164365782,20.15612447386431,19.82749200961652,20.101352396489677,21142069.0,154487094.0,0.005595982789250335,7.28,7.36,7.24,7.34,2026-07-29,7.3,2.7386038687315635
002609,捷顺科技,2026-07-30,43.618918029111576,44.373972535607514,43.212350217921454,43.27043133380576,5076300.0,38313886.0,0.011062853439566946,7.51,7.64,7.44,7.45,2026-07-29,7.54,5.808111588430303
002611,东方精工,2026-07-30,107.85101058355224,110.38948856802516,107.3707579918952,107.64518804427064,40064855.0,634667899.0,0.039906728578679836,15.72,16.09,15.65,15.69,2026-07-29,15.94,6.860751309386274
002612,朗姿股份,2026-07-30,36.29715373787982,39.9779918634113,36.04153997916236,39.87574635992431,36318832.0,553308717.0,0.142729475477028,14.2,15.64,14.1,15.6,2026-07-29,14.22,2.5561375871746352
002613,北玻股份,2026-07-30,12.256777628013502,12.448289778451214,12.103567907663335,12.180172767838418,23975663.0,76954042.0,0.030989444626551496,3.2,3.25,3.16,3.18,2026-07-29,3.21,3.8302430087542194
002614,奥佳华,2026-07-30,26.96036662701334,27.422214449317636,26.787173693649226,27.018097604801376,6335500.0,29744726.0,0.014357557563239635,4.67,4.75,4.64,4.68,2026-07-29,4.67,5.773097778803713
002615,哈尔斯,2026-07-30,36.72393098503211,37.239555601046604,35.80726500100635,36.03643149701279,8131406.0,51774042.0,0.026914258330701372,6.41,6.5,6.25,6.29,2026-07-29,6.41,5.729162400161016
002616,长青集团,2026-07-30,22.96661543730579,23.309400742340202,22.672799461562004,22.868676778724527,8261500.0,38766368.0,0.014062599971442786,4.69,4.76,4.63,4.67,2026-07-29,4.72,4.896932929063068
002617,露笑科技,2026-07-30,47.21899412189207,48.16971212434627,46.74363512066497,47.29822062209658,84300598.0,505064805.0,0.044897538716918144,5.96,6.08,5.9,5.97,2026-07-29,6.05,7.922650020451689
002622,皓宸医疗,2026-07-30,12.51748454760032,12.972665803876692,12.232996262427584,12.460586890565772,26618200.0,58932841.0,0.03168926703495133,2.2,2.28,2.15,2.19,2026-07-29,2.22,5.6897657034546905
002623,亚玛顿,2026-07-30,15.663525969804873,16.08136284588038,15.545674543219475,15.588529607432347,3350000.0,49459049.0,0.017390298802605772,14.62,15.01,14.51,14.55,2026-07-29,14.73,1.0713766053218108
002624,完美世界,2026-07-30,38.52280401252811,40.353664726993564,38.44807500377442,38.52280401252811,72532369.0,763426061.0,0.03968433429441953,10.31,10.8,10.29,10.31,2026-07-29,10.4,3.736450437684589
002625,光启技术,2026-07-30,195.5624753335612,196.94454229704928,190.97652586380534,192.86116263219816,26064772.0,806671241.0,0.012097422982604052,31.13,31.35,30.4,30.7,2026-07-29,31.12,6.282122561309387
002626,金达威,2026-07-30,115.20624613400511,118.53831399037547,114.206625777094,117.8719004191014,4696300.0,66107531.0,0.007700606783481126,13.83,14.23,13.71,14.15,2026-07-29,13.83,8.330169640925893
002627,三峡旅游,2026-07-30,20.859352166154643,22.15454069934725,20.68893262231351,21.541030341519175,20080300.0,127535517.0,0.02876182161960142,6.12,6.5,6.07,6.32,2026-07-29,6.13,3.408390876822654
002628,成都路桥,2026-07-30,17.32442848308003,17.51735084926132,16.86141480424493,16.899999277481186,21823050.0,96567844.0,0.02895130008206241,4.49,4.54,4.37,4.38,2026-07-29,4.53,3.8584473236258416
002629,仁智股份,2026-07-30,15.62629169949274,15.9495942863788,14.871918996758607,15.087454054682647,14403700.0,61696511.0,0.039761328784812006,4.35,4.44,4.14,4.2,2026-07-29,4.27,3.59225096540063
002631,德尔未来,2026-07-30,27.60239510793246,27.900109693071943,25.858638252115462,26.198883492274874,27153323.0,171371944.0,0.03421656882522036,6.49,6.56,6.08,6.16,2026-07-29,6.45,4.253065501992674
002632,道明光学,2026-07-30,57.16535537025327,58.25214919858508,56.36837322947662,56.51327907325419,17932410.0,141520228.0,0.03121797666034689,7.89,8.04,7.78,7.8,2026-07-29,7.94,7.245292188878742
002633,申科股份,2026-07-30,21.13391881524707,21.607066251409318,20.187623942922578,20.503055567030742,2501600.0,33146528.0,0.016736643758864998,13.4,13.7,12.8,13.0,2026-07-29,13.4,1.5771581205408263
002635,安洁科技,2026-07-30,71.95203237314627,73.11084987842388,67.47478292093732,68.10686519654328,32222187.0,424934211.0,0.08146520801119586,13.66,13.88,12.81,12.93,2026-07-29,13.7,5.2673522967164175
002636,金安国纪,2026-07-30,169.29948461771107,176.47770753521814,153.90862237973735,153.90862237973735,55811595.0,2854507624.0,0.0770542690243469,54.01,56.3,49.1,49.1,2026-07-29,54.56,3.1345951604834488
002637,赞宇科技,2026-07-30,45.16996182707995,46.4658213876929,44.1055057594336,44.42947064958683,10925100.0,106777605.0,0.02349611881865409,9.76,10.04,9.53,9.6,2026-07-29,9.76,4.628069859331962
002638,勤上股份,2026-07-30,17.786326327617214,18.14616529956323,17.272270653408626,17.426487355671203,19010425.0,65186264.0,0.014053896615248933,3.46,3.53,3.36,3.39,2026-07-29,3.47,5.1405567420859
002639,雪人集团,2026-07-30,36.38719270350658,36.90570257438639,35.83818225198678,35.96018457454674,23697407.0,282867561.0,0.035925103819750615,11.93,12.1,11.75,11.79,2026-07-29,11.93,3.050058063998875
002640,跨境通,2026-07-30,41.902172637254665,42.39513937416354,40.66975579498247,40.79299747920969,126926760.0,427346045.0,0.08198015554867279,3.4,3.44,3.3,3.31,2026-07-29,3.45,12.32416842272196
002641,公元股份,2026-07-30,24.998869098700112,25.263407396040854,24.800465375694557,25.131138247370483,7816550.0,29620339.0,0.0068929337359053666,3.78,3.82,3.75,3.8,2026-07-29,3.79,6.6134574335185485
002642,荣联科技,2026-07-30,35.22163400951735,36.59326926997143,35.02568611516677,35.76049071898145,38861101.0,285200655.0,0.05873980866174898,7.19,7.47,7.15,7.3,2026-07-29,7.25,4.898697358764583
002643,万润股份,2026-07-30,81.14530208494276,82.4151816167885,78.73253097443586,79.24048278717416,21856324.0,276189598.0,0.024225184381500564,12.78,12.98,12.4,12.48,2026-07-29,12.94,6.349397659228698
002644,佛慈制药,2026-07-30,44.65964862390536,45.64949742000235,44.48496942459413,44.60142222413495,4804000.0,37180179.0,0.009407488784056617,7.67,7.84,7.64,7.66,2026-07-29,7.71,5.822639977041116
002645,华宏科技,2026-07-30,94.84212157099371,96.14132871580185,87.44228957230392,89.02393305293991,36412426.0,586086942.0,0.0535308792745694,16.79,17.02,15.48,15.76,2026-07-29,16.82,5.648726716557101
002646,天佑德酒,2026-07-30,7.328485964336074,7.778962612818501,7.2955242583495545,7.5372434355840285,12797999.0,88209469.0,0.026895451807889065,6.67,7.08,6.64,6.86,2026-07-29,6.69,1.098723532883969
002647,仁东控股,2026-07-30,38.11962017962119,38.99737459165194,37.65984405903365,37.743439717322296,20168900.0,184508048.0,0.019865129257139163,9.12,9.33,9.01,9.03,2026-07-29,9.2,4.179782914432148
002648,卫星化学,2026-07-30,310.76904058118686,316.73580616034565,308.2828882565374,315.36842238178843,51299042.0,1295024014.0,0.015238172849130389,25.0,25.48,24.8,25.37,2026-07-29,25.04,12.430761623247474
002649,博彦科技,2026-07-30,46.48853665523932,47.69671331407605,45.700595355997976,45.85818361584625,11684900.0,103307267.0,0.02178534871247562,8.85,9.08,8.7,8.73,2026-07-29,8.79,5.252941994942296
002651,利君股份,2026-07-30,23.95212316369384,24.888972831113417,23.920894841446522,24.35809135290899,10515300.0,82419765.0,0.018595890588834516,7.67,7.97,7.66,7.8,2026-07-29,7.7,3.122832224731922
002652,扬子新材,2026-07-30,18.061558160137373,18.363422641922398,17.20627546174647,17.25658620871064,16179227.0,57010170.0,0.03159610322147231,3.59,3.65,3.42,3.43,2026-07-29,3.59,5.031074696417096
002653,海思科,2026-07-30,215.13979226805094,217.4709238111564,201.65977073618026,202.8760132804092,11927360.0,732349827.0,0.02221994807008176,63.68,64.37,59.69,60.05,2026-07-29,63.92,3.378451511747031
002654,万润科技,2026-07-30,73.60728176224902,75.17757043984366,71.44813483055638,72.42956525405305,44688542.0,500477630.0,0.05287067282311336,11.25,11.49,10.92,11.07,2026-07-29,11.39,6.542869489977691
002655,共达电声,2026-07-30,76.52344111458484,78.74530020757877,69.56379424976564,69.56379424976564,25726400.0,567479194.0,0.07070355345378712,23.42,24.1,21.29,21.29,2026-07-29,23.66,3.267439842638123
002657,中科金财,2026-07-30,53.21841945991059,58.503304170165606,53.033633281230344,55.546725311281676,30577413.0,470582898.0,0.09096970184879878,14.4,15.83,14.35,15.03,2026-07-29,14.39,3.6957235736049023
002658,雪迪龙,2026-07-30,42.2853265493698,42.70105307443383,42.10715803862807,42.40410555653095,4575588.0,32710530.0,0.01276095736090171,7.12,7.19,7.09,7.14,2026-07-29,7.18,5.938950358057556
002659,凯文教育,2026-07-30,8.203665323838258,8.71639440657815,8.14450427582981,8.282546721182857,31362600.0,133860959.0,0.05242148706186165,4.16,4.42,4.13,4.2,2026-07-29,4.15,1.972034933614966
002660,茂硕电源,2026-07-30,17.599715923988214,17.930745063624357,17.434201354170145,17.654887447260904,4714700.0,30277570.0,0.013746013657497108,6.38,6.5,6.32,6.4,2026-07-29,6.42,2.7585761636345163
002661,克明食品,2026-07-30,27.53426806945515,28.92984056064671,27.3456771922671,28.364067929082562,6109399.0,46071434.0,0.019808866102208028,7.3,7.67,7.25,7.52,2026-07-29,7.27,3.7718175437609793
002662,峰璟股份,2026-07-30,16.138046345289347,16.393395179866708,15.984837044542928,16.138046345289347,11502900.0,36485277.0,0.007668696625577483,3.16,3.21,3.13,3.16,2026-07-29,3.18,5.106976691547262
002663,普邦股份,2026-07-30,12.089587658170672,12.566808223624777,11.930514136352636,12.010050897261655,38021323.0,58475313.0,0.022272252729746846,1.52,1.58,1.5,1.51,2026-07-29,1.54,7.953676090901758
002664,信质集团,2026-07-30,49.58879718434615,50.1966598595091,48.66100678541322,49.20488391582218,4140310.0,63962245.0,0.010284540297882769,15.5,15.69,15.21,15.38,2026-07-29,15.59,3.1992772376997514
002666,德联集团,2026-07-30,19.191496820588767,19.730033721166514,19.142538920536246,19.43628632085138,11132000.0,44419129.0,0.022234298134962027,3.92,4.03,3.91,3.97,2026-07-29,3.95,4.895790005252237
002668,TCL智家,2026-07-30,54.802822790900564,56.14704297256416,54.544318909811416,54.95792511955406,19715590.0,210810373.0,0.01818594425885897,10.6,10.86,10.55,10.63,2026-07-29,10.59,5.170077621783072
002669,康达新材,2026-07-30,25.41821635274948,25.864149972973152,24.61553583634686,24.9722827325258,13367147.0,151824567.0,0.044157122574225896,11.4,11.6,11.04,11.2,2026-07-29,11.39,2.229668101118375
002670,国盛证券,2026-07-30,26.821681570296573,28.275185059288084,26.79897057828108,27.639277282854298,41038367.0,500726761.0,0.02528003879166871,11.81,12.45,11.8,12.17,2026-07-29,11.91,2.271099201549244
002671,龙泉股份,2026-07-30,15.105639420999067,15.435817331840576,14.899278226723123,15.064367182143878,10793200.0,39712780.0,0.0195743142334639,3.66,3.74,3.61,3.65,2026-07-29,3.67,4.1272238855188705
002672,东江环保,2026-07-30,21.202317277340136,21.69827791540657,20.954336958306918,21.078327117823527,8161800.0,28039145.0,0.009017384779387657,3.42,3.5,3.38,3.4,2026-07-29,3.42,6.199507975830449
002673,西部证券,2026-07-30,17.634983288767717,17.952730735412178,17.634983288767717,17.92625178152514,38805786.0,261411122.0,0.008682196357790935,6.66,6.78,6.66,6.77,2026-07-29,6.69,2.647895388703861
002674,兴业科技,2026-07-30,35.47460341046446,37.789191382651886,33.616634834150744,34.05750873361501,29193695.0,665097572.0,0.09978578952111249,22.53,24.0,21.35,21.63,2026-07-29,22.14,1.5745496409438287
002675,东诚药业,2026-07-30,66.55292106170725,67.54937929667372,66.02846935909332,67.07737276432117,6171853.0,78596252.0,0.008302375420797667,12.69,12.88,12.59,12.79,2026-07-29,12.71,5.244517026139263
002676,顺威股份,2026-07-30,22.841431239635924,23.317294390461676,22.55591334914048,22.79384492455335,9505539.0,45876790.0,0.013202569169001121,4.8,4.9,4.74,4.79,2026-07-29,4.83,4.758631508257484
002677,浙江美大,2026-07-30,33.28450906303892,33.800547963241065,31.99441181253353,32.20082737261439,12313930.0,78091780.0,0.022327670122301534,6.45,6.55,6.2,6.24,2026-07-29,6.43,5.160389002021537
002678,珠江钢琴,2026-07-30,11.83978432119883,12.03163267825529,11.593122147840521,11.647935964142366,7732330.0,33363889.0,0.005695695003240073,4.32,4.39,4.23,4.25,2026-07-29,4.32,2.7406908150923215
002679,福建金森,2026-07-30,14.901811183902868,15.221897820311282,14.72398527478708,14.830680820256552,3238900.0,27287303.0,0.013738356605982457,8.38,8.56,8.28,8.34,2026-07-29,8.38,1.77825909115786
002681,奋达科技,2026-07-30,46.093739275711926,47.05402551062259,45.026754570255626,45.34684998189252,40618684.0,175201916.0,0.025883893868064785,4.32,4.41,4.22,4.25,2026-07-29,4.38,10.669847054562945
002682,龙洲股份,2026-07-30,10.79518979861766,11.207416616703295,10.589076389574839,10.666368917965896,23234930.0,97984901.0,0.041316194125876095,4.19,4.35,4.11,4.14,2026-07-29,4.19,2.5764176130352405
002683,广东宏大,2026-07-30,80.00075953866313,82.31125078887723,79.94299725740778,80.66502577309969,9975703.0,280227924.0,0.01496596887744617,27.7,28.5,27.68,27.93,2026-07-29,27.84,2.888114062767622
002685,华东重机,2026-07-30,15.110159047170121,15.3726907680669,14.760116752641084,14.847627326273344,29864074.0,154090710.0,0.029640126071220574,5.18,5.27,5.06,5.09,2026-07-29,5.23,2.917019121075313
002686,亿利达,2026-07-30,26.50162675640482,27.743144406254416,26.50162675640482,27.743144406254416,20657200.0,118797584.0,0.039518001893057916,5.55,5.81,5.55,5.81,2026-07-29,5.28,4.775067884036905
002687,乔治白,2026-07-30,37.324915422229935,37.477886387075145,34.95386546712927,35.10683643197447,28998858.0,136832270.0,0.07014831003514213,4.88,4.9,4.57,4.59,2026-07-29,4.95,7.648548242260233
002688,金河生物,2026-07-30,31.52273626636572,32.15445442801634,31.333220817870533,31.7122517148609,8741100.0,43993970.0,0.011694348462180737,4.99,5.09,4.96,5.02,2026-07-29,5.0,6.317181616506156
002690,美亚光电,2026-07-30,93.05320171949629,95.3140851372334,92.93420785540485,94.8381096808677,9485331.0,150392441.0,0.021868348765466433,15.64,16.02,15.62,15.94,2026-07-29,15.7,5.949693204571374
002692,远程股份,2026-07-30,16.065966287472474,16.571980973692078,15.68645527280777,15.770791053844372,15407399.0,58753073.0,0.021466725086636378,3.81,3.93,3.72,3.74,2026-07-29,3.84,4.2167890518300455
002693,双成药业,2026-07-30,29.675976288028004,30.981578098559556,29.4289705400896,29.78183589428732,15856567.0,135204998.0,0.038582182643526454,8.41,8.78,8.34,8.44,2026-07-29,8.5,3.5286535419771705
002695,煌上煌,2026-07-30,38.65355445832432,40.16377781097268,37.18414795304483,37.51068273199583,17853300.0,166863381.0,0.03490687757050431,9.47,9.84,9.11,9.19,2026-07-29,9.37,4.081684736887468
002696,百洋股份,2026-07-30,18.652887968420195,18.97697289451244,18.076736988700652,18.292793606095483,8458860.0,43635480.0,0.02530631060081395,5.18,5.27,5.02,5.08,2026-07-29,5.17,3.6009436232471423
002697,红旗连锁,2026-07-30,39.333772029912,40.5257045156669,39.333772029912,39.75946220339589,25489500.0,119817481.0,0.022254958733878425,4.62,4.76,4.62,4.67,2026-07-29,4.63,8.51380346967792
002698,博实股份,2026-07-30,40.009841955731645,40.845245068901285,39.11476719162132,40.03967778120199,18388758.0,248315469.0,0.021784057725373385,13.41,13.69,13.11,13.42,2026-07-29,13.38,2.9835825470344255
002700,万憬能源,2026-07-30,35.503676852655474,35.87937713681056,34.12610914408683,34.43919271421607,8575500.0,47639098.0,0.03992581466575109,5.67,5.73,5.45,5.5,2026-07-29,5.64,6.2616714025847395
002701,奥瑞金,2026-07-30,50.01376560056101,50.82206888299432,49.81168977995268,50.61999306238599,29676540.0,148102837.0,0.011604339524985522,4.95,5.03,4.93,5.01,2026-07-29,4.95,10.103791030416366
002702,海欣食品,2026-07-30,31.91621797511397,34.65189380155231,31.91621797511397,34.65189380155231,35998670.0,172610373.0,0.07847228436354718,4.55,4.94,4.55,4.94,2026-07-29,4.49,7.014553401123949
002703,浙江世宝,2026-07-30,33.61400675383989,36.98046977963861,33.360889233103144,36.98046977963861,49031243.0,703339421.0,0.08366419953459313,13.28,14.61,13.18,14.61,2026-07-29,13.28,2.5311752073674616
002705,新宝股份,2026-07-30,25.407371257791826,26.290338112971387,25.230777886755913,26.003373885038027,10631750.0,125073246.0,0.013164120809630692,11.51,11.91,11.43,11.78,2026-07-29,11.5,2.207417137948899
002706,良信股份,2026-07-30,118.08348070919939,120.09398265089972,115.93894530471903,117.94944724641937,19099848.0,168251625.0,0.02088827745898841,8.81,8.96,8.65,8.8,2026-07-29,8.89,13.4033462780022
002707,众信旅游,2026-07-30,61.67733383391028,63.24950116693154,60.95171814174664,61.07265409044058,21560744.0,110798416.0,0.02492606422604047,5.1,5.23,5.04,5.05,2026-07-29,5.08,12.093594869394174
002708,光洋股份,2026-07-30,30.512848558332244,30.63802947549463,28.854201405930596,28.948087093802386,17941924.0,170220641.0,0.034726984425675074,9.75,9.79,9.22,9.25,2026-07-29,9.82,3.1295229290597173
002709,天赐材料,2026-07-30,557.3929028485969,562.3953411934442,538.4442727544782,540.8696974065253,59454438.0,2156664733.0,0.03939960494085696,36.77,37.1,35.52,35.68,2026-07-29,36.79,15.158904075294993
002712,思美传媒,2026-07-30,22.836151077326175,25.198511533601295,22.67866038024117,23.41361696663787,27300886.0,123529468.0,0.05047304903098099,4.35,4.8,4.32,4.46,2026-07-29,4.37,5.2496899028336035
002714,牧原股份,2026-07-30,786.6761850179124,817.5103212022143,782.213349517553,809.8017871561389,79358299.0,3151523635.0,0.024190921237311386,38.78,40.3,38.56,39.92,2026-07-29,38.88,20.28561591072492
002715,登云股份,2026-07-30,19.2031957936325,19.657530078970808,18.476260937091205,18.930595222429513,3215100.0,40265649.0,0.023297826086956522,12.68,12.98,12.2,12.5,2026-07-29,12.83,1.514447617794361
002716,湖南白银,2026-07-30,28.557332904523964,29.027263699155366,27.472877224605327,27.72591688325301,129376716.0,1012688505.0,0.05570638153431096,7.9,8.03,7.6,7.67,2026-07-29,7.8,3.614852266395438
002718,友邦吊顶,2026-07-30,240.83723042957757,242.5407132789575,218.6332125997287,224.0373650874168,2057166.0,159765351.0,0.021889210079707323,82.0,82.58,74.44,76.28,2026-07-29,81.95,2.9370393954826532
002721,金一文化,2026-07-30,7.137515809273316,7.350122663166564,7.10714340157428,7.228633032370422,43902100.0,105178058.0,0.016508405291512054,2.35,2.42,2.34,2.38,2026-07-29,2.36,3.037240769903539
002722,物产金轮,2026-07-30,13.533872030415445,13.869145491119378,13.489168902321587,13.701508760767412,3478349.0,42712539.0,0.015643082266666566,12.11,12.41,12.07,12.26,2026-07-29,12.19,1.1175782023464447
002723,小崧股份,2026-07-30,18.708858768507945,18.991469928153077,18.058853101324132,18.143636449217674,8156340.0,53409011.0,0.02572573504556932,6.62,6.72,6.39,6.42,2026-07-29,6.65,2.826111596451351
002724,海洋王,2026-07-30,10.413562033631765,10.634273367677908,10.373432700168829,10.513885367289102,6490580.0,34051278.0,0.01143160377610218,5.19,5.3,5.17,5.24,2026-07-29,5.23,2.0064666731467753
002725,跃岭股份,2026-07-30,30.334541972786944,30.613352101213295,28.968372343497826,29.27506348476681,6325620.0,67286716.0,0.025407827764842187,10.88,10.98,10.39,10.5,2026-07-29,10.93,2.788101284263506
002727,一心堂,2026-07-30,26.55262028381174,27.103885756832053,26.345895731429124,26.828253020321895,9786552.0,113950856.0,0.024907529205370333,11.56,11.8,11.47,11.68,2026-07-29,11.59,2.2969394709179705
002728,特一药业,2026-07-30,46.015429920679765,47.233329676923304,45.432956124215465,45.64476477747521,16617146.0,144761960.0,0.03314751763280043,8.69,8.92,8.58,8.62,2026-07-29,8.75,5.295216331493644
002729,好利科技,2026-07-30,37.225983325671336,37.53880671496269,35.917812788634755,36.34439013766842,4768200.0,61476815.0,0.027175259341150594,13.09,13.2,12.63,12.78,2026-07-29,13.19,2.8438489935577795
002730,电光科技,2026-07-30,51.17709956068825,51.98709681992216,47.37256697943804,47.59347532286547,10243500.0,204464608.0,0.029602934867936838,20.85,21.18,19.3,19.39,2026-07-29,21.1,2.4545371491936807
002732,燕塘乳业,2026-07-30,14.278465197545943,15.049083982301699,14.278465197545943,14.564695031883796,5068400.0,67651317.0,0.03237225492344703,12.97,13.67,12.97,13.23,2026-07-29,13.07,1.100883978222509
002733,雄韬股份,2026-07-30,44.93608492798334,45.23902482637424,42.31060580859555,42.487320749323565,14877619.0,255345808.0,0.040333751881956724,17.8,17.92,16.76,16.83,2026-07-29,17.95,2.5244991532574907
002734,利民股份,2026-07-30,48.71646097226734,49.92977660402947,47.87081674406949,48.20172100727734,10787360.0,143223067.0,0.02475178234878632,13.25,13.58,13.02,13.11,2026-07-29,13.31,3.676714035642818
002735,王子新材,2026-07-30,36.136959413307345,36.87581917826344,34.860747092019544,34.995085231102465,14354180.0,152373197.0,0.05035505922957985,10.76,10.98,10.38,10.42,2026-07-29,10.8,3.3584534770731733
002736,国信证券,2026-07-30,13.27147600209804,13.506600576938359,13.258413525718023,13.480475624178323,33989670.0,348790147.0,0.0035360124550124954,10.16,10.34,10.15,10.32,2026-07-29,10.21,1.3062476380017756
002737,葵花药业,2026-07-30,76.85671667574616,78.49677906249866,76.17807017088306,77.25259380358297,6462998.0,88332805.0,0.011066783082251584,13.59,13.88,13.47,13.66,2026-07-29,13.72,5.655387540525839
002738,中矿资源,2026-07-30,144.9258964673963,147.22678183399208,139.846019684003,141.369982719021,20130434.0,965430505.0,0.028303769345557256,48.5,49.27,46.8,47.31,2026-07-29,48.7,2.9881628137607485
002739,儒意电影,2026-07-30,26.34352127243382,27.015082649019615,25.85511299855324,26.03826610125845,80799730.0,697882914.0,0.038477666093629445,8.63,8.85,8.47,8.53,2026-07-29,8.72,3.0525517117536287
002741,光华科技,2026-07-30,69.5934633522532,70.37577863115439,64.57360697930378,65.48630813802185,26003456.0,533099365.0,0.060469413525458815,21.35,21.59,19.81,20.09,2026-07-29,21.59,3.259646995421695
002742,三圣股份,2026-07-30,16.6613842889051,17.289204566458046,16.564796553896954,16.902853626425465,9177800.0,32222745.0,0.01751621850046783,3.45,3.58,3.43,3.5,2026-07-29,3.47,4.829386750407275
002743,富煌钢构,2026-07-30,7.5901316460182615,7.758801238152,7.379294655851087,7.442545752901239,8862123.0,31836620.0,0.020392809112070982,3.6,3.68,3.5,3.53,2026-07-29,3.61,2.108369901671739
002745,木林森,2026-07-30,25.068322640503375,25.68788194530669,23.85303323492764,24.091325275236606,60202459.0,617150252.0,0.05657652581099316,10.52,10.78,10.01,10.11,2026-07-29,10.55,2.3829204030896745
002746,仙坛股份,2026-07-30,28.895949382771153,29.52098655744008,28.751710034770632,29.040188730771675,13526686.0,81896164.0,0.019060362296735068,6.01,6.14,5.98,6.04,2026-07-29,6.0,4.807978266684052
002747,埃斯顿,2026-07-30,187.72280247616,189.50770781117922,172.02794521995645,172.02794521995645,84871043.0,2449273298.0,0.10847461781629443,30.5,30.79,27.95,27.95,2026-07-29,31.06,6.154845982824918
002748,世龙实业,2026-07-30,22.148795547049463,22.402892627895152,21.809999439255208,21.93704797967805,4508100.0,46969924.0,0.01878375,10.46,10.58,10.3,10.36,2026-07-29,10.52,2.1174756737140976
002749,国光股份,2026-07-30,86.43667863620396,90.65310198431149,86.43667863620396,89.79065175401675,6354927.0,59128313.0,0.011675001739971859,9.02,9.46,9.02,9.37,2026-07-29,9.02,9.582780336607978
002752,昇兴股份,2026-07-30,12.639785755806642,12.746902584245682,12.33985863617733,12.46839883030418,12017592.0,70464355.0,0.012319079051377675,5.9,5.95,5.76,5.82,2026-07-29,5.93,2.1423365687807867
002753,永东股份,2026-07-30,23.45283177522335,23.80287404052519,23.141683094955045,23.413938190189807,2815400.0,17028422.0,0.009518274591930853,6.03,6.12,5.95,6.02,2026-07-29,6.02,3.889358503353789
002755,奥赛康,2026-07-30,23.51436396702496,23.91199348837358,22.77332713178436,23.026364099915295,9445016.0,121485494.0,0.010176169165057055,13.01,13.23,12.6,12.74,2026-07-29,13.08,1.8074069152209808
002756,永兴材料,2026-07-30,140.41896357046002,142.4021973807854,136.81308391532303,137.59435784060273,11917510.0,552338629.0,0.030788398763338467,46.73,47.39,45.53,45.79,2026-07-29,46.94,3.004899712614167
002757,南兴股份,2026-07-30,44.31562124497926,46.74043825649699,42.754819490439104,42.81056241024411,22128250.0,352775082.0,0.07845416521586186,15.9,16.77,15.34,15.36,2026-07-29,15.73,2.7871459902502678
002758,浙农股份,2026-07-30,35.3541485441224,35.714445599349126,35.21903714841238,35.48925993983243,4963000.0,39147058.0,0.009576499872114265,7.85,7.93,7.82,7.88,2026-07-29,7.87,4.503713190334064
002759,天际股份,2026-07-30,38.723323442194825,40.554831983379714,38.200035287570564,38.22619969530178,44906919.0,679341006.0,0.08964498396323661,14.8,15.5,14.6,14.61,2026-07-29,14.89,2.6164407731212718
002760,凤形股份,2026-07-30,16.591050957934506,16.920810976974195,16.106715929969955,16.384950946034696,3939633.0,62963371.0,0.03648189839407836,16.1,16.42,15.63,15.9,2026-07-29,16.13,1.0305000594990374
002761,浙江建投,2026-07-30,22.304206146046273,23.318033698139285,22.21204000494691,23.01081322780807,20834629.0,155060573.0,0.01925941833455822,7.26,7.59,7.23,7.49,2026-07-29,7.26,3.072204703312159
002763,汇洁股份,2026-07-30,20.790772754618406,21.261951740558768,20.614080634890772,20.761324067997133,8505003.0,60505657.0,0.02801253366937383,7.06,7.22,7.0,7.05,2026-07-29,7.04,2.944868662127253
002765,蓝黛科技,2026-07-30,13.367248191719327,13.594161355467648,13.181591966834334,13.264105844560996,10419400.0,67725051.0,0.01748631818198143,6.48,6.59,6.39,6.43,2026-07-29,6.48,2.0628469431665626
002766,索菱股份,2026-07-30,7.637561600778953,8.200329297678454,7.597363908143274,7.657660447096792,29508033.0,114902158.0,0.034432657432350466,3.8,4.08,3.78,3.81,2026-07-29,3.82,2.009884631783935
002767,先锋电子,2026-07-30,24.144537745682776,24.42012536738366,22.919703871456637,23.593362502281014,4015900.0,61925967.0,0.030840681939783746,15.77,15.95,14.97,15.41,2026-07-29,15.86,1.5310423427826745
002768,国恩股份,2026-07-30,143.03518998562163,143.0950874688652,131.38512949474918,132.04400181042834,12638132.0,568441132.0,0.04887376783597875,47.76,47.78,43.87,44.09,2026-07-29,47.76,2.9948741621780073
002769,普路通,2026-07-30,33.656877881557136,34.42764607731799,33.040263324948455,33.24580151048468,6480900.0,42509526.0,0.017374590503858298,6.55,6.7,6.43,6.47,2026-07-29,6.55,5.13845463840567
002771,真视通,2026-07-30,31.146945211792602,32.08916049477682,30.581616042002068,30.71621822528553,7848183.0,91098650.0,0.04497148391348567,11.57,11.92,11.36,11.41,2026-07-29,11.71,2.692043665669196
002772,众兴菌业,2026-07-30,25.094459357243664,25.73854222327361,24.524693744986404,24.57423858083486,17796689.0,180465200.0,0.04788733861799903,10.13,10.39,9.9,9.92,2026-07-29,10.17,2.477241792422869
002773,康弘药业,2026-07-30,46.7939295611732,47.68338302061136,46.251579890784086,46.555295706201996,5581200.0,120604525.0,0.00812669905318059,21.57,21.98,21.32,21.46,2026-07-29,21.64,2.1693986815564767
002774,快意电梯,2026-07-30,19.820808433291457,20.982027513221663,17.978874720298716,17.978874720298716,15122850.0,217386880.0,0.053671247518594055,14.85,15.72,13.47,13.47,2026-07-29,14.97,1.3347345746324213
002775,文科股份,2026-07-30,17.27965585264868,17.597965302565896,16.05189083153943,16.370200281456647,29981955.0,110177140.0,0.05162021261516318,3.8,3.87,3.53,3.6,2026-07-29,3.83,4.547277855960179
002777,久远银海,2026-07-30,65.60699036374575,67.32526868279623,65.60699036374575,66.38802596331416,9229998.0,118365801.0,0.022817641044466645,12.6,12.93,12.6,12.75,2026-07-29,12.6,5.206903997122679
002778,中晟高科,2026-07-30,21.21083358222292,21.70819105932332,20.099093339292615,20.347772077842816,5041585.0,71237417.0,0.04084611898330972,14.5,14.84,13.74,13.91,2026-07-29,14.5,1.462816109118822
002779,中坚科技,2026-07-30,125.70429920074469,128.2254621333423,119.55620011949784,121.98890119481133,2251540.0,125713359.0,0.013579172603114312,56.84,57.98,54.06,55.16,2026-07-29,57.31,2.211546432103179
002780,三夫户外,2026-07-30,24.911172085934552,25.676160835030185,24.6169456439747,24.6169456439747,7492200.0,96046477.0,0.057344807734276276,12.7,13.09,12.55,12.55,2026-07-29,12.73,1.961509613065713
002782,可立克,2026-07-30,37.99122186710631,38.265923399044894,35.98590068395464,36.28807236908709,13813900.0,185606016.0,0.028196454822273686,13.83,13.93,13.1,13.21,2026-07-29,13.99,2.7470153193858504
002783,凯龙股份,2026-07-30,31.983096159564035,33.3065346213391,31.850752313386526,32.07132539034904,8865934.0,65367527.0,0.019227098458783263,7.25,7.55,7.22,7.27,2026-07-29,7.26,4.411461539250212
002785,万里石,2026-07-30,33.17562294717479,33.26634935450526,30.927624187764284,31.028431307020362,5127858.0,161921359.0,0.02650123977607424,32.91,33.0,30.68,30.78,2026-07-29,33.0,1.0080711925607655
002786,银宝山新,2026-07-30,22.709224223574857,23.205600709336053,22.36796538961403,22.49205951105433,7172700.0,52607663.0,0.014516344472508257,7.32,7.48,7.21,7.25,2026-07-29,7.41,3.102353036007494
002787,华源控股,2026-07-30,45.283617941140044,46.16499293526007,41.28169904891935,42.73477674192806,21269606.0,384791980.0,0.08573576421958827,19.01,19.38,17.33,17.94,2026-07-29,19.25,2.38209457870279
002788,鹭燕医药,2026-07-30,33.65838555738147,35.38706396969411,33.38722031623439,33.8278638330984,22381300.0,225837170.0,0.05861639305815527,9.93,10.44,9.85,9.98,2026-07-29,9.97,3.389565514338517
002790,瑞尔特,2026-07-30,17.89043290462956,18.27725307554047,17.66478780493153,17.729257833416682,4641412.0,25865846.0,0.017803822437882987,5.55,5.67,5.48,5.5,2026-07-29,5.54,3.2235014242575786
002791,坚朗五金,2026-07-30,21.83173261209018,22.114527075977357,21.449960085842488,21.506518978619926,10330566.0,159112114.0,0.047452230004461735,15.44,15.64,15.17,15.21,2026-07-29,15.38,1.4139723194358924
002792,通宇通讯,2026-07-30,75.95381072476573,77.33071370164808,71.75905979519393,72.20735378766726,15527447.0,358679554.0,0.04596306019052817,23.72,24.15,22.41,22.55,2026-07-29,23.97,3.202099946238016
002793,罗欣药业,2026-07-30,15.420226774033312,15.682698719123241,14.895282883853454,14.928091876989694,43996668.0,203928567.0,0.040515062090549385,4.7,4.78,4.54,4.55,2026-07-29,4.76,3.2808993136241087
002795,永和智控,2026-07-30,23.993929891710124,24.35323998992209,23.155539662548872,23.51484976076084,22382600.0,133016415.0,0.0515218890328687,6.01,6.1,5.8,5.89,2026-07-29,6.07,3.992334424577392
002796,世嘉科技,2026-07-30,62.27797121186933,62.89312304130305,56.667786527433854,57.87348411312393,11428038.0,273963688.0,0.05018720383999517,25.31,25.56,23.03,23.52,2026-07-29,25.5,2.460607317734861
002797,第一创业,2026-07-30,10.929451488493521,11.08124942583371,10.895718613529034,11.013783675904737,50642551.0,330361914.0,0.01205086403007805,6.48,6.57,6.46,6.53,2026-07-29,6.53,1.6866437482243088
002798,帝欧水华,2026-07-30,15.201129071458533,15.889482086015148,14.627501559328023,14.713545686147599,14503973.0,77499840.0,0.028067723517763286,5.3,5.54,5.1,5.13,2026-07-29,5.3,2.8681375606525537
002799,环球印务,2026-07-30,16.16974950174245,16.506619283028755,15.962445020950883,16.143836441643508,4748244.0,29733636.0,0.014836667558237489,6.24,6.37,6.16,6.23,2026-07-29,6.25,2.5913060098946237
002800,天顺股份,2026-07-30,25.03059447383289,25.434639582369336,23.899268169930835,24.727560642430554,3691600.0,45076781.0,0.024969754036018213,12.39,12.59,11.83,12.24,2026-07-29,12.24,2.0202255426822346
002801,微光股份,2026-07-30,119.81367764067988,120.82979658822252,117.6489024915673,118.75337960846147,951920.0,25687127.0,0.008220188303036112,27.12,27.35,26.63,26.88,2026-07-29,27.23,4.417908467576692
002802,洪汇新材,2026-07-30,22.525481123806923,22.956590810386963,22.15903789021389,22.633258545451934,2510174.0,26380091.0,0.01676991060192878,10.45,10.65,10.28,10.5,2026-07-29,10.45,2.155548432900184
002803,吉宏股份,2026-07-30,63.35329441036475,64.29418492140977,60.46092728381895,60.80940525087265,9274951.0,165196231.0,0.031169582053452563,18.18,18.45,17.35,17.45,2026-07-29,18.22,3.484779670537115
002805,丰元股份,2026-07-30,37.332151228572684,37.85035344342853,36.23097152200403,36.29574679886101,15964802.0,272892297.0,0.05725941499383474,17.29,17.53,16.78,16.81,2026-07-29,17.34,2.15917589523266
002806,华锋股份,2026-07-30,21.865358119503213,22.491075839934144,20.63130372643109,21.031067825595297,10731681.0,131360061.0,0.061639101465646454,12.58,12.94,11.87,12.1,2026-07-29,12.82,1.738104778974818
002807,江阴银行,2026-07-30,7.482678499539694,7.649371832450231,7.4641570181051895,7.630850351015727,58586043.0,240575372.0,0.021670210524194856,4.04,4.13,4.03,4.12,2026-07-29,4.05,1.8521481434504192
002809,红墙股份,2026-07-30,20.92344808236721,21.31401911323806,20.588672913049333,20.756060497708273,5366100.0,40305471.0,0.03157081269570627,7.5,7.64,7.38,7.44,2026-07-29,7.54,2.789793077648961
002810,山东赫达,2026-07-30,67.70237746849406,69.57625157577169,67.32066237256711,67.52887060670909,6795336.0,134108600.0,0.02104071514260165,19.51,20.05,19.4,19.46,2026-07-29,19.59,3.4701372356993363
002811,郑中设计,2026-07-30,19.316937081692352,19.97141236269425,18.94011798050944,19.01944831760058,5044300.0,49487385.0,0.017850434555440452,9.74,10.07,9.55,9.59,2026-07-29,9.76,1.9832584272784755
002812,恩捷股份,2026-07-30,199.1724220201923,206.68836247378448,196.91763988411466,199.81127695874764,21758018.0,1169259766.0,0.026449952032483966,53.0,55.0,52.4,53.17,2026-07-29,53.36,3.7579702267960813
002813,路畅科技,2026-07-30,19.5573498845742,20.399671389503883,19.354030900625656,19.654168448359222,2814800.0,57849405.0,0.02348483378919258,20.2,21.07,19.99,20.3,2026-07-29,20.33,0.968185637850208
002815,崇达技术,2026-07-30,28.215393389847357,28.617751940861226,26.90772809905229,27.108907374559223,37311600.0,410050087.0,0.04801130208873252,11.22,11.38,10.7,10.78,2026-07-29,11.39,2.514740943836663
002817,黄山胶囊,2026-07-30,22.27891208659532,22.611985523105883,21.908830490472475,22.315920246207607,6965100.0,42041277.0,0.02401433226487466,6.02,6.11,5.92,6.03,2026-07-29,6.02,3.7008159612284586
002818,富森美,2026-07-30,30.604362463333167,31.41860696923836,30.604362463333167,31.362452175727658,6950865.0,77266858.0,0.023298867568575268,10.9,11.19,10.9,11.17,2026-07-29,10.93,2.807739675535153
002819,东方中科,2026-07-30,27.075073689119606,27.578732676800563,26.70753875216323,26.734763562308146,2199500.0,43900627.0,0.009251645714034109,19.89,20.26,19.62,19.64,2026-07-29,20.12,1.3612405072458322
002820,桂发祥,2026-07-30,15.452929104329273,16.044514557279236,15.399148608606552,15.488782768144425,10269720.0,90070341.0,0.051126634992346605,8.62,8.95,8.59,8.64,2026-07-29,8.7,1.7926831907574565
002821,凯莱英,2026-07-30,488.73692576408837,488.73692576408837,449.07296520598095,460.17130711095217,11585464.0,1712528370.0,0.03654214931992154,155.01,155.01,142.43,145.95,2026-07-29,155.01,3.15293804118501
002823,凯中精密,2026-07-30,28.951876750446292,29.314341561093507,28.136330926490057,28.453487635806372,5391271.0,68375289.0,0.024630198174225175,12.78,12.94,12.42,12.56,2026-07-29,12.76,2.2654050665450933
002824,和胜股份,2026-07-30,43.7017223462544,44.16843976936974,39.7134098214506,39.98919738965512,20069014.0,390019868.0,0.08873179499534278,20.6,20.82,18.72,18.85,2026-07-29,20.73,2.1214428323424466
002825,纳尔股份,2026-07-30,24.62186633619489,24.935121633093043,24.245959979917107,24.46523868774581,3193579.0,25050859.0,0.012444433287746828,7.86,7.96,7.74,7.81,2026-07-29,7.86,3.132552968981538
002826,易明医药,2026-07-30,16.84575222342098,16.96185703197839,16.265228180633915,16.3707780065952,2869200.0,45039769.0,0.015531915235693158,15.96,16.07,15.41,15.51,2026-07-29,15.99,1.0554982596128433
002827,高争民爆,2026-07-30,48.58397545060439,48.58397545060439,48.58397545060439,48.58397545060439,1662200.0,52276190.0,0.00602249158940861,31.45,31.45,31.45,31.45,2026-07-29,28.59,1.5448004912751794
002829,星网宇达,2026-07-30,48.70050835472242,48.79694500492979,44.36085909539072,44.72249653366837,19733309.0,381027237.0,0.13511104402413476,20.2,20.24,18.4,18.55,2026-07-29,20.44,2.4109162551842784
002830,名雕股份,2026-07-30,26.860326520986785,27.60960021092133,25.906705461070096,26.042937041058195,4207760.0,49560054.0,0.045325390883777045,11.83,12.16,11.41,11.47,2026-07-29,11.96,2.2705263331349776
002831,裕同科技,2026-07-30,68.04771332870133,68.72819046198836,65.22111600581682,66.37269269291792,12525671.0,319179062.0,0.017537504555639072,26.0,26.26,24.92,25.36,2026-07-29,26.26,2.61721974341159
002832,比音勒芬,2026-07-30,144.79437773184185,157.1327457591166,144.25003796593268,156.04406622729823,26952758.0,671434230.0,0.06921287239815375,23.94,25.98,23.85,25.8,2026-07-29,24.28,6.04821962121311
002833,弘亚数控,2026-07-30,68.23431384669306,68.31012975096716,65.99774467060702,67.09707528258151,13027440.0,231703145.0,0.044452147206071324,18.0,18.02,17.41,17.7,2026-07-29,18.14,3.79079521370517
002835,同为股份,2026-07-30,25.209229790233618,25.689821692647087,24.92524366608021,25.012624011973564,3049000.0,35299655.0,0.023953718995175035,11.54,11.76,11.41,11.45,2026-07-29,11.57,2.184508647333936
002836,新宏泽,2026-07-30,31.051622397387643,31.83503488906485,30.446258199273437,30.80235478639944,2866300.0,25073888.0,0.012440538194444444,8.72,8.94,8.55,8.65,2026-07-29,8.71,3.5609658712600507
002837,英维克,2026-07-30,773.3605871917644,788.060955006305,714.5591159336016,714.5591159336016,46515545.0,2252530601.0,0.041147516309728106,51.03,52.0,47.15,47.15,2026-07-29,52.39,15.155018365505866
002838,道恩股份,2026-07-30,133.67987804063569,135.08978300434552,127.30919635276163,130.28566238726017,5189853.0,129783909.0,0.012338234859337426,25.6,25.87,24.38,24.95,2026-07-29,25.89,5.2218702359623315
002839,张家港行,2026-07-30,7.294726969558114,7.489686264958331,7.278480361608096,7.489686264958331,45207487.0,206998260.0,0.018512332390724504,4.49,4.61,4.48,4.61,2026-07-29,4.49,1.624660795001807
002840,华统股份,2026-07-30,17.577433582662245,18.163348035417656,17.460250692111163,17.811799363764408,17239900.0,131722941.0,0.02164110418379337,7.5,7.75,7.45,7.6,2026-07-29,7.52,2.343657811021633
002841,视源股份,2026-07-30,80.2172971585808,81.18729869848606,76.55691398912697,77.32559445471227,14113118.0,604309780.0,0.02707056925169727,43.83,44.36,41.83,42.25,2026-07-29,44.62,1.8301915847269177
002842,翔鹭钨业,2026-07-30,85.2293799546847,88.46736432693075,79.85151025817173,81.03407846368768,29048879.0,860549540.0,0.10820466268792639,30.27,31.42,28.36,28.78,2026-07-29,30.29,2.8156385845617677
002843,泰嘉股份,2026-07-30,28.017246953027243,28.123979322372108,25.544613729871188,25.63355737099191,14015667.0,208321200.0,0.056018612274414015,15.75,15.81,14.36,14.41,2026-07-29,15.84,1.7788728224144281
002845,同兴达,2026-07-30,36.04930693844763,36.31788621199566,34.9153055612448,35.1540426932875,9660946.0,114948482.0,0.03860759308780912,12.08,12.17,11.7,11.78,2026-07-29,12.23,2.984214150533744
002846,英联股份,2026-07-30,25.980216573513154,28.472196530564414,25.847664448138087,28.472196530564414,11898096.0,124513908.0,0.04573454594478363,9.8,10.74,9.75,10.74,2026-07-29,9.76,2.651042507501342
002847,盐津铺子,2026-07-30,119.09586741622304,121.60171007417725,116.59002475826885,119.02752625282429,7581905.0,397501130.0,0.03109392837222492,52.28,53.38,51.18,52.25,2026-07-29,52.49,2.2780387799583597
002848,高斯贝尔,2026-07-30,11.730630347772932,11.972001342583075,11.344436756076703,11.354091595869109,4992000.0,59785092.0,0.03017757234379284,12.15,12.4,11.75,11.76,2026-07-29,12.23,0.9654839792405705
002849,威星智能,2026-07-30,29.595125079910968,29.872113291601995,27.869275453220695,28.27410437799989,5258570.0,71020950.0,0.024028567884797323,13.89,14.02,13.08,13.27,2026-07-29,14.0,2.130678551469472
002850,科达利,2026-07-30,287.7523224752417,289.415630697642,272.78254847363957,283.7603827414812,5188442.0,877802962.0,0.02474682843443279,173.0,174.0,164.0,170.6,2026-07-29,174.24,1.6633082224002413
002851,麦格米特,2026-07-30,279.8331418944485,281.61568556178554,253.6716921885319,253.6716921885319,37249389.0,3731284049.0,0.08076602320054105,106.75,107.43,96.77,96.77,2026-07-29,107.52,2.6213877460838266
002852,道道全,2026-07-30,25.1760599563338,25.639220060655312,24.977562768767434,25.27530855011698,3722300.0,28546576.0,0.013024099009324532,7.61,7.75,7.55,7.64,2026-07-29,7.59,3.3082864594393953
002853,皮阿诺,2026-07-30,52.15687323865105,52.667687976555364,47.80150547336164,48.55428508711536,2115221.0,38890894.0,0.016434668741802706,19.4,19.59,17.78,18.06,2026-07-29,19.4,2.6884986205490233
002855,捷荣技术,2026-07-30,9.488276732874635,9.708468808954002,9.40820688702759,9.448241809951112,4009309.0,38353567.0,0.016282963372629716,9.48,9.7,9.4,9.44,2026-07-29,9.54,1.0008730730880415
002857,三晖电气,2026-07-30,24.635772728380278,25.39868698061399,23.761600147695816,23.777494194617354,3746962.0,57776252.0,0.029139927899916904,15.5,15.98,14.95,14.96,2026-07-29,15.5,1.5894046921535663
002858,力盛体育,2026-07-30,21.25031404001316,21.81672866056498,21.074530192255693,21.25031404001316,6201300.0,68127154.0,0.04206769208777554,10.88,11.17,10.79,10.88,2026-07-29,10.88,1.9531538639717976
002859,洁美科技,2026-07-30,258.56477542542945,275.64062549542933,242.65909782215547,258.86815347235836,34155125.0,2060517837.0,0.07974296732873362,59.66,63.6,55.99,59.73,2026-07-29,59.59,4.333972098984738
002860,星帅尔,2026-07-30,75.87125038201987,77.32565134780938,70.2960466798267,70.2960466798267,20747581.0,381111162.0,0.06031751913534026,18.78,19.14,17.4,17.4,2026-07-29,19.33,4.0400026827486615
002861,瀛通通讯,2026-07-30,20.305407842700845,20.5154637859012,19.661236283553094,19.703247472193166,8361299.0,119359088.0,0.055679576528045394,14.5,14.65,14.04,14.07,2026-07-29,14.49,1.4003729546690238
002862,实丰文化,2026-07-30,26.538899881205555,27.530236219180548,26.24976011596285,26.29106579671181,3769730.0,49154504.0,0.0293187404625606,12.85,13.33,12.71,12.73,2026-07-29,12.88,2.065284037447903
002863,今飞凯达,2026-07-30,7.478852828679483,7.654825836413117,7.443658227132756,7.478852828679483,9441666.0,40533431.0,0.01574966642037356,4.25,4.35,4.23,4.25,2026-07-29,4.3,1.759730077336349
002864,盘龙药业,2026-07-30,27.652835228580884,27.907144942686905,27.01036858241831,27.104061634983683,3144150.0,64329546.0,0.03188898958075962,20.66,20.85,20.18,20.25,2026-07-29,20.65,1.3384721795053671
002865,钧达股份,2026-07-30,60.20862792996671,61.412506859558825,57.74214426933896,58.035773276556554,9249077.0,371917689.0,0.040421609125804385,41.01,41.83,39.33,39.53,2026-07-29,41.5,1.468145036087947
002866,传艺科技,2026-07-30,26.833072155499448,28.450408011447358,26.557389907326506,26.99848150440321,18808996.0,279667914.0,0.10379524247625603,14.6,15.48,14.45,14.69,2026-07-29,14.61,1.8378816544862635
002867,周大生,2026-07-30,38.52865673601839,39.676450857783834,38.497635273267974,39.52134354403175,9435555.0,119612696.0,0.008743937490153108,12.42,12.79,12.41,12.74,2026-07-29,12.45,3.1021462750417386
002868,绿康生化,2026-07-30,31.924929240022003,32.35345178015652,30.410816264880015,30.46795260356462,1955400.0,42642999.0,0.01827433870145693,22.35,22.65,21.29,21.33,2026-07-29,22.2,1.4284084671150783
002869,金溢科技,2026-07-30,26.73485617781824,27.729482000982745,25.94601500772226,25.997461170989386,4523253.0,70248530.0,0.028715929975496518,15.59,16.17,15.13,15.16,2026-07-29,15.67,1.714872108904313
002870,香山股份,2026-07-30,40.28044599071985,40.48996716622424,38.761417468312985,39.149031642996114,2950200.0,111104426.0,0.0227406229154718,38.45,38.65,37.0,37.37,2026-07-29,38.59,1.0476058775219725
002871,伟隆股份,2026-07-30,64.68976326722577,65.3588235207976,60.2154228214642,60.549952948250116,3554797.0,52795441.0,0.023815082893648636,15.47,15.63,14.4,14.48,2026-07-29,15.63,4.181626584823903
002873,新天药业,2026-07-30,27.234747516166255,27.627900039365507,26.55566588518573,26.770112716021686,6751948.0,51239461.0,0.028169437870366083,7.62,7.73,7.43,7.49,2026-07-29,7.63,3.5741138472659126
002875,安奈儿,2026-07-30,21.13138509069626,21.723203124537836,20.78325683549533,20.905101724815655,4479366.0,54407382.0,0.021088239373342064,12.14,12.48,11.94,12.01,2026-07-29,12.28,1.7406412760046341
002876,三利谱,2026-07-30,50.57592493377488,50.931961456094896,48.88943614383796,49.03934625849902,3320425.0,88360735.0,0.022293466692432467,26.99,27.18,26.09,26.17,2026-07-29,27.11,1.8738764332632412
002877,智能自控,2026-07-30,19.628992361042943,19.856574881170978,19.259170765834885,19.458305470946915,5436020.0,37395561.0,0.02260161680295469,6.9,6.98,6.77,6.84,2026-07-29,6.89,2.8447815016004263
002878,元隆雅图,2026-07-30,37.67126641281182,38.66345779666668,36.93512441833886,37.4792293707754,7470600.0,88575285.0,0.03166872927144512,11.77,12.08,11.54,11.71,2026-07-29,11.76,3.2006173672737317
002879,长缆科技,2026-07-30,26.723987086399394,28.64591766453086,24.61901550082684,24.61901550082684,38842894.0,674579169.0,0.2832373580966427,17.52,18.78,16.14,16.14,2026-07-29,17.93,1.5253417286757645
002880,卫光生物,2026-07-30,43.717485896650345,45.15994101506775,43.3624200213476,43.82844398268246,1583010.0,31589344.0,0.006979761904761904,19.7,20.35,19.54,19.75,2026-07-29,19.68,2.2191617206421497
002881,美格智能,2026-07-30,79.80625314372165,80.8911668623693,73.62224494743,73.62224494743,13047054.0,458507436.0,0.07169110410876738,36.78,37.28,33.93,33.93,2026-07-29,37.7,2.169827437295314
002882,金龙羽,2026-07-30,22.11760016997393,23.23530202501635,22.11760016997393,23.23530202501635,15523715.0,331261467.0,0.06290442739974929,20.58,21.62,20.58,21.62,2026-07-29,19.65,1.0747133221561678
002884,凌霄泵业,2026-07-30,102.63404236992189,103.44661395993954,101.75896527297981,102.44652584914859,2131500.0,34979712.0,0.007805619729805955,16.42,16.55,16.28,16.39,2026-07-29,16.47,6.250550692443476
002885,京泉华,2026-07-30,76.23856701385051,76.5530825543367,69.50793444744623,70.29422329866168,16255640.0,374090199.0,0.06851524087975501,24.24,24.34,22.1,22.35,2026-07-29,24.38,3.14515540486182
002886,沃特股份,2026-07-30,46.94175591511575,47.80505257562363,45.32307467666349,45.86263508948091,9148040.0,157081412.0,0.04375416267764815,17.4,17.72,16.8,17.0,2026-07-29,17.63,2.6978020640871123
002887,绿茵生态,2026-07-30,45.35813407736495,46.30015139984397,42.90888903891948,43.6625028969027,4523300.0,42907599.0,0.020822504438747724,9.63,9.83,9.11,9.27,2026-07-29,9.68,4.710086612395114
002888,惠威科技,2026-07-30,30.96626579242724,31.613029571636158,30.241106403617234,30.319502013218315,2926100.0,46035916.0,0.03905475246459633,15.8,16.13,15.43,15.47,2026-07-29,15.9,1.9598902400270404
002889,东方嘉盛,2026-07-30,31.887915676043445,35.07670724364779,31.887915676043445,34.328034440818946,19315333.0,232730659.0,0.07686637595719473,11.5,12.65,11.5,12.38,2026-07-29,12.78,2.77286223269943
002890,弘宇股份,2026-07-30,37.03229795896127,37.639837522792114,35.01637122443169,35.40298731050586,2097564.0,27460299.0,0.012989885662149049,13.41,13.63,12.68,12.82,2026-07-29,13.41,2.761543471958335
002891,中宠股份,2026-07-30,80.66235311548121,88.66467214088395,80.48338751427413,83.21900456129677,29818164.0,989277049.0,0.09263241004489668,31.55,34.68,31.48,32.55,2026-07-29,31.6,2.5566514458155694
002892,科力尔,2026-07-30,79.51852672565516,81.7584852249694,79.51852672565516,80.46620147536503,7296936.0,68479659.0,0.014561140449218416,9.23,9.49,9.23,9.34,2026-07-29,9.33,8.615224997362423
002893,京能热力,2026-07-30,16.58247431820637,16.861758096197214,16.53010860983309,16.66975049882851,6154600.0,58914611.0,0.03035132629220306,9.5,9.66,9.47,9.55,2026-07-29,9.54,1.7455236124427758
002895,川恒股份,2026-07-30,43.716899227744264,44.53799067596029,43.19438648797043,44.10256339281543,8669100.0,305017418.0,0.014459135103544152,35.14,35.8,34.72,35.45,2026-07-29,35.16,1.2440779518424663
002896,中大力德,2026-07-30,144.04812079391166,145.1047084769966,137.37987852733124,139.25825663059334,6921249.0,416913036.0,0.035218578090761746,61.35,61.8,58.51,59.31,2026-07-29,62.15,2.347972629077615
002897,意华股份,2026-07-30,88.30427205329501,89.46038551738941,80.55342685739451,80.55342685739451,13153907.0,668855451.0,0.07132463145349668,54.23,54.94,49.47,49.47,2026-07-29,54.97,1.628328822668173
002899,英派斯,2026-07-30,17.933590728069824,18.30636761399038,17.248487262053672,17.98396598292395,3703400.0,65203714.0,0.025057346234201708,17.8,18.17,17.12,17.85,2026-07-29,17.95,1.0075050970825743
002900,哈三联,2026-07-30,21.084653709508203,22.333202844933624,19.95920096771627,20.328490148616748,31042913.0,372445040.0,0.1926666497023381,11.99,12.7,11.35,11.56,2026-07-29,11.8,1.7585199090498917
002901,大博医疗,2026-07-30,47.6786434499053,48.34352781650317,46.659869017215016,47.4105449149868,2047900.0,90861150.0,0.007100600587236554,44.46,45.08,43.51,44.21,2026-07-29,44.44,1.0723941396739833
002902,铭普光磁,2026-07-30,32.45733549171318,32.45733549171318,30.095416711799782,30.247798568568392,12295313.0,250408784.0,0.06921787637350076,21.3,21.3,19.75,19.85,2026-07-29,21.27,1.523818567686065
002903,宇环数控,2026-07-30,39.03055457203606,39.49254280866573,34.008295354481206,34.4255750520822,27856699.0,676705060.0,0.26115904474551127,26.19,26.5,22.82,23.1,2026-07-29,25.25,1.4902846342892728
002905,金逸影视,2026-07-30,16.964430323141418,17.358412994580494,16.524096749180096,16.593623102963463,4982200.0,36399012.0,0.014257669413919413,7.32,7.49,7.13,7.16,2026-07-29,7.32,2.3175451261122153
002906,华阳集团,2026-07-30,26.7352569440748,27.608464932974012,26.53043037877745,27.10178869250163,6114299.0,154249257.0,0.011654884381604702,24.8,25.61,24.61,25.14,2026-07-29,24.98,1.0780345541965644
002907,华森制药,2026-07-30,12.878182272907374,13.197305894378301,12.692884686246837,12.826710721057225,4588400.0,57598868.0,0.013663406704602464,12.51,12.82,12.33,12.46,2026-07-29,12.61,1.0294310370029875
002908,德生科技,2026-07-30,20.459243556553197,21.02148231077909,20.459243556553197,20.521714529244964,5594800.0,37181585.0,0.017384083139940016,6.55,6.73,6.55,6.57,2026-07-29,6.59,3.1235486345882744
002909,集泰股份,2026-07-30,14.827109379487577,15.078416318122962,14.51297570619335,14.60721580818162,6842900.0,32263017.0,0.017988846867623066,4.72,4.8,4.62,4.65,2026-07-29,4.71,3.1413367329422837
002910,庄园牧场,2026-07-30,8.740110635148474,8.750214809293153,8.204589405480416,8.234901927914457,16753700.0,139029706.0,0.09793937225665907,8.65,8.66,8.12,8.15,2026-07-29,8.52,1.0104174144680316
002911,佛燃能源,2026-07-30,33.524909300204705,34.49964234593753,33.377222475093674,34.440567615893116,7984237.0,92385007.0,0.006301497661237076,11.35,11.68,11.3,11.66,2026-07-29,11.4,2.953736502220679
002912,中新赛克,2026-07-30,50.43105013652784,52.118540020416035,50.12674868205619,50.34805883076284,2713456.0,50148849.0,0.016726833696317982,18.23,18.84,18.12,18.2,2026-07-29,18.48,2.766376858833123
002913,奥士康,2026-07-30,91.82374746267911,94.3946303822239,85.3169110468401,86.70473279986871,8601397.0,338291852.0,0.028160775605665767,40.36,41.49,37.5,38.11,2026-07-29,40.78,2.275117627915736
002915,中欣氟材,2026-07-30,36.11269002369204,36.52410041636701,35.67842349809067,35.74699189686984,5040647.0,79590440.0,0.017497742985420853,15.8,15.98,15.61,15.64,2026-07-29,15.88,2.2856132926387365
002916,深南电路,2026-07-30,773.4529062841095,784.0888112953717,703.4785451751316,703.7011571404835,13925098.0,4077951977.0,0.02094599888735035,312.7,317.0,284.41,284.5,2026-07-29,316.01,2.4734662816888697
002917,金奥博,2026-07-30,25.695023437681012,25.898347065278884,25.161298915236603,25.440868903183674,3206500.0,32283236.0,0.012306907868346031,10.11,10.19,9.9,10.01,2026-07-29,10.1,2.541545344973394
002918,蒙娜丽莎,2026-07-30,26.52781659160418,26.61348230718525,25.49982800463136,25.69971467432052,13407975.0,122546741.0,0.06259413764099322,9.29,9.32,8.93,9.0,2026-07-29,9.38,2.85552385270228
002919,名臣健康,2026-07-30,55.41987952987468,55.86106656838563,51.44919618327619,51.65282097028125,4391134.0,68641889.0,0.016619976844775328,16.33,16.46,15.16,15.22,2026-07-29,16.15,3.3937464500841816
002920,德赛西威,2026-07-30,91.61909153771875,95.57187417169214,91.14903090016514,95.01634796367426,15944243.0,1407407766.0,0.026724204781563846,85.76,89.46,85.32,88.94,2026-07-29,85.85,1.0683196308036234
002921,联诚精密,2026-07-30,29.386000291680197,30.99361292468981,28.5025374933596,29.386000291680197,11599648.0,236988178.0,0.09030960238978916,20.29,21.4,19.68,20.29,2026-07-29,20.1,1.4482996693780286
002922,伊戈尔,2026-07-30,46.083354719757196,46.447725814087356,43.87795072775882,44.35738637819325,14033058.0,329296960.0,0.03722295988936681,24.03,24.22,22.88,23.13,2026-07-29,24.03,1.9177426017377108
002923,润都股份,2026-07-30,40.37402455645444,40.95466728737181,39.05790103304174,39.36757715619767,7907100.0,81374392.0,0.03063760046682015,10.43,10.58,10.09,10.17,2026-07-29,10.47,3.8709515394491314
002925,盈趣科技,2026-07-30,46.58937396730296,46.96208895904139,44.31167124001259,44.394496793732245,13769301.0,303118767.0,0.018835013265159652,22.5,22.68,21.4,21.44,2026-07-29,22.8,2.070638842991243
002926,华西证券,2026-07-30,8.783620658647575,8.93213598379379,8.751795946116244,8.889703033752015,16199746.0,135144847.0,0.0061713318095238095,8.28,8.42,8.25,8.38,2026-07-29,8.32,1.0608237510443932
002927,泰永长征,2026-07-30,37.196393232365786,37.937255460208235,35.68912180330701,36.09787337728905,6532432.0,93827043.0,0.029597265085466215,14.56,14.85,13.97,14.13,2026-07-29,14.71,2.55469733738776
002928,华夏航空,2026-07-30,14.41057377822007,14.864450117691568,14.41057377822007,14.68289958190297,30128286.0,194893207.0,0.02357022318449523,6.35,6.55,6.35,6.47,2026-07-29,6.43,2.2693816973574914
002929,润建股份,2026-07-30,51.42219056952067,52.522836771779254,47.48187716543497,47.9991808804965,13791634.0,619711962.0,0.06368217826755766,46.72,47.72,43.14,43.61,2026-07-29,47.26,1.1006462022585761
002930,宏川智慧,2026-07-30,17.053692557953234,17.297027053429378,16.668412940116003,16.708968689362028,8825648.0,73746472.0,0.02036290041571668,8.41,8.53,8.22,8.24,2026-07-29,8.44,2.027787462301217
002931,锋龙股份,2026-07-30,106.63899080356758,106.98490041229093,99.8690456042679,100.85735877204887,10498029.0,438039890.0,0.05182270534922281,43.16,43.3,40.42,40.82,2026-07-29,43.55,2.4707829194524464
002933,新兴装备,2026-07-30,25.85245188879439,26.26064849756483,25.538454497432515,25.59078739599283,1113600.0,27572854.0,0.009538845883421375,24.7,25.09,24.4,24.45,2026-07-29,24.77,1.0466579712062507
002935,天奥电子,2026-07-30,62.721545980887036,63.975976900504776,61.09078578538397,61.258043241333006,5272174.0,78387614.0,0.01273891084689128,15.0,15.3,14.61,14.65,2026-07-29,15.2,4.181436398725802
002936,郑州银行,2026-07-30,2.5116913958446125,2.5671983880179745,2.5116913958446125,2.5671983880179745,108162310.0,198517510.0,0.015387360509106785,1.81,1.85,1.81,1.85,2026-07-29,1.82,1.3876748043340401
002937,兴瑞科技,2026-07-30,55.937783340683644,56.19712399097926,50.07269478784449,50.07269478784449,14247263.0,368849096.0,0.045202900372936554,28.04,28.17,25.1,25.1,2026-07-29,27.89,1.9949280791969917
002938,鹏鼎控股,2026-07-30,99.5257707121255,100.80419297697514,90.86356377739669,90.86356377739669,33908236.0,2654321762.0,0.014673641421502537,83.3,84.37,76.05,76.05,2026-07-29,84.5,1.1947871634108704
002939,长城证券,2026-07-30,9.063188095014041,9.217736978485657,9.052148889051782,9.173580154636625,24801139.0,205496387.0,0.006884119384077335,8.21,8.35,8.2,8.31,2026-07-29,8.26,1.1039205962258272
002940,昂利康,2026-07-30,56.01720114861755,57.184226172547085,54.43004711607339,54.64011162038071,8307847.0,197924527.0,0.04484067256461548,24.0,24.5,23.32,23.41,2026-07-29,24.06,2.3340500478590647
002941,新疆交建,2026-07-30,10.58256220614612,10.908492899694412,10.51126486693243,10.75571288709365,16772360.0,177599488.0,0.022983669836435704,10.39,10.71,10.32,10.56,2026-07-29,10.43,1.0185334173384137
002942,新农股份,2026-07-30,21.05187624441411,21.68534767794092,20.875093518778726,21.213927076246552,1464100.0,21183671.0,0.010551457387891414,14.29,14.72,14.17,14.4,2026-07-29,14.37,1.4731893802948994
002943,宇晶股份,2026-07-30,50.153634673549945,50.93534205067931,45.9253084063502,46.618185399714854,11922394.0,320875708.0,0.06313081201798951,28.23,28.67,25.85,26.24,2026-07-29,28.26,1.7766076752940114
002945,华林证券,2026-07-30,13.75475030867953,14.649522993119582,13.678599441918672,13.992721767307202,48873655.0,725760935.0,0.018101353703703704,14.45,15.39,14.37,14.7,2026-07-29,14.37,0.9518858345106941
002946,新乳业,2026-07-30,17.34218923240177,18.795099916756282,17.146406941602226,18.341709348588918,18080200.0,320618741.0,0.021252951672315792,16.83,18.24,16.64,17.8,2026-07-29,16.94,1.0304331094712875
002947,恒铭达,2026-07-30,96.12819553705174,97.19668233442542,87.79399851753706,89.23645569399153,8169437.0,417131195.0,0.04119658393950275,53.98,54.58,49.3,50.11,2026-07-29,54.58,1.7808113289561271
002948,青岛银行,2026-07-30,8.106941069223646,8.245758553285697,8.079177572411238,8.190231559660877,43206823.0,254090697.0,0.012267017014433373,5.84,5.94,5.82,5.9,2026-07-29,5.86,1.3881748406204875
002949,华阳国际,2026-07-30,11.896503831562182,12.152211692834246,11.726031924047474,11.93303352602962,2954400.0,29035606.0,0.019451385983344692,9.77,9.98,9.63,9.8,2026-07-29,9.77,1.2176564822479203
002950,奥美医疗,2026-07-30,14.810729400788158,15.265444777128149,14.648331052095307,14.794489565918875,11111800.0,102670177.0,0.02586393576885977,9.12,9.4,9.02,9.11,2026-07-29,9.11,1.6239834869285263
002951,金时科技,2026-07-30,15.421193849634735,15.9075545787386,15.172082256679095,15.18394471348651,8617700.0,112202762.0,0.021483857533731585,13.0,13.41,12.79,12.8,2026-07-29,13.13,1.1862456807411335
002952,亚世光电,2026-07-30,47.56120596454129,47.56120596454129,45.064620921863884,45.34201925993915,3137650.0,57284505.0,0.023834169450465858,18.86,18.86,17.87,17.98,2026-07-29,18.64,2.521803073411521
002953,日丰股份,2026-07-30,21.605829113065028,21.742286981147544,20.87805381662494,21.03725466272121,11581977.0,108508068.0,0.04117468707460086,9.5,9.56,9.18,9.25,2026-07-29,9.59,2.274297801375266
002955,鸿合科技,2026-07-30,60.58334727123532,62.45214425977201,57.47504207601614,58.90524385295748,8130137.0,254667346.0,0.041555163892951365,31.77,32.75,30.14,30.89,2026-07-29,32.5,1.9069357025884583
002956,西麦食品,2026-07-30,71.453834771316,73.75623611394728,68.63537795533631,69.74688205177901,13061355.0,232539106.0,0.04179489611567494,18.0,18.58,17.29,17.57,2026-07-29,18.24,3.969657487295333
002957,科瑞技术,2026-07-30,34.57004342057847,34.732011413178554,31.11810057828938,31.128223577826883,17344117.0,551723703.0,0.04142584414774881,34.15,34.31,30.74,30.75,2026-07-29,34.16,1.0122999537504678
002958,青农商行,2026-07-30,3.675312686415156,3.8061490603652106,3.663418470601515,3.782360628737928,113229384.0,357482158.0,0.020815906221155252,3.09,3.2,3.08,3.18,2026-07-29,3.09,1.1894215813641282
002959,小熊电器,2026-07-30,49.00892738212848,50.0825391720271,49.00892738212848,49.93745649771647,1203560.0,41270821.0,0.008609501425629456,33.78,34.52,33.78,34.42,2026-07-29,33.98,1.450826743106231
002960,青鸟智控,2026-07-30,33.16883356261994,33.809158534871294,32.95539190520282,33.553028545970754,10335868.0,81067356.0,0.010675113157618776,7.77,7.92,7.72,7.86,2026-07-29,7.82,4.268833148342335
002961,瑞达期货,2026-07-30,20.960157898708204,21.581118917536877,20.698700627622447,21.2869794875654,6943659.0,135954646.0,0.014559037545674593,19.24,19.81,19.0,19.54,2026-07-29,19.32,1.089405296190655
002962,五方光电,2026-07-30,19.184724485967198,19.361320276214595,18.558612138726428,18.638882952475242,8916201.0,105080877.0,0.042623722592939166,11.95,12.06,11.56,11.61,2026-07-29,12.03,1.6054162749763345
002963,豪尔赛,2026-07-30,13.338042666970777,13.632109749392182,12.382324649101218,12.6238797525188,5695100.0,70009218.0,0.04630386667166203,12.7,12.98,11.79,12.02,2026-07-29,12.92,1.0502395800764392
002965,祥鑫科技,2026-07-30,49.09728341573626,50.13107285283693,45.57931339097577,45.57931339097577,14774410.0,451064222.0,0.07759028916259063,31.82,32.49,29.54,29.54,2026-07-29,32.82,1.5429693091054764
002966,苏州银行,2026-07-30,11.569136009195521,12.015713032469655,11.555180477218205,11.973846436537706,73924331.0,628009105.0,0.016818258799007068,8.29,8.61,8.28,8.58,2026-07-29,8.34,1.3955531977316673
002967,广电计量,2026-07-30,28.902601258760537,29.474415312441057,28.694668875603984,29.05855054612795,4379800.0,73473909.0,0.008003630071472518,16.68,17.01,16.56,16.77,2026-07-29,16.73,1.732769859637922
002968,新大正,2026-07-30,29.573263240793494,30.30909088067106,29.012632658029634,29.573263240793494,4230345.0,35857033.0,0.019859706326220257,8.44,8.65,8.28,8.44,2026-07-29,8.44,3.503941142274111
002969,嘉美包装,2026-07-30,13.320565452129992,14.443986634839751,12.65721199186328,12.65721199186328,126016668.0,1583865514.0,0.11536935040454982,12.45,13.5,11.83,11.83,2026-07-29,13.14,1.0699249359140557
002970,锐明技术,2026-07-30,102.9329451722135,103.38047971644052,96.95835900678284,97.74154445918012,3594440.0,159487557.0,0.02844007227419887,46.0,46.2,43.33,43.68,2026-07-29,46.2,2.237672721135076
002971,和远气体,2026-07-30,49.20124049436419,49.626216380495514,44.773265938866935,44.82810153707744,15313600.0,517957312.0,0.09511284234173115,35.89,36.2,32.66,32.7,2026-07-29,36.25,1.3708899552623068
002972,科安达,2026-07-30,21.184725034348563,21.30345447809591,19.18328583975038,19.556435520099193,12499314.0,146073075.0,0.0928307172758497,12.49,12.56,11.31,11.53,2026-07-29,12.56,1.696134910676426
002973,侨银股份,2026-07-30,9.536667957634231,9.684687194227225,9.177192668765535,9.251202287062032,7929800.0,70405859.0,0.024963712141331744,9.02,9.16,8.68,8.75,2026-07-29,9.08,1.057280261378518
002975,博杰股份,2026-07-30,217.58681387158614,221.9476115467845,196.34916285600966,196.34916285600966,9573578.0,687036640.0,0.06970001078745125,76.84,78.38,69.34,69.34,2026-07-29,77.04,2.8316868020768626
002976,瑞玛精密,2026-07-30,24.64495864086828,25.741450444805213,23.679001575495263,23.83564326177197,6680819.0,124495768.0,0.05488252111354354,18.88,19.72,18.14,18.26,2026-07-29,18.95,1.3053473856392097
002978,安宁股份,2026-07-30,30.154955578561125,30.497625528317503,29.857974955438934,30.303445890122223,2426400.0,64300359.0,0.0065706317813562795,26.4,26.7,26.14,26.53,2026-07-29,26.4,1.1422331658545881
002979,雷赛智能,2026-07-30,87.93538058705998,87.93538058705998,78.91442344062882,79.06603616577894,15435137.0,831816175.0,0.06928278007428593,58.0,58.0,52.05,52.15,2026-07-29,57.65,1.5161272515010342
002980,华盛昌,2026-07-30,131.66029972925833,132.10585065896817,117.94104401860945,117.94104401860945,7824800.0,517639030.0,0.07725371075100188,70.92,71.16,63.53,63.53,2026-07-29,70.59,1.856462207124342
002981,朝阳科技,2026-07-30,31.88861504308901,32.542886359762555,31.689488990188366,32.08774109598965,2383400.0,53649545.0,0.019602771072195498,22.42,22.88,22.28,22.56,2026-07-29,22.62,1.4223289492903215
002982,湘佳股份,2026-07-30,23.30483176124715,23.83264153981198,22.980025743668794,23.203329880753913,3580892.0,41298247.0,0.027526002364125217,11.48,11.74,11.32,11.43,2026-07-29,11.47,2.0300376098647344
002983,芯瑞达,2026-07-30,31.015185710925017,31.08283060887687,29.76375509881572,29.96668979267128,1950267.0,35067240.0,0.01521773385155602,18.34,18.38,17.6,17.72,2026-07-29,18.34,1.6911224487963477
002984,森麒麟,2026-07-30,21.045516508187205,21.852701590439853,21.030840415782613,21.603208019561762,13812613.0,202868063.0,0.01934755903085968,14.34,14.89,14.33,14.72,2026-07-29,14.36,1.4676092404593588
002985,北摩高科,2026-07-30,58.07059723003515,58.91717410060698,57.704509934652734,58.29940178964916,4215135.0,107563563.0,0.012736877137590863,25.38,25.75,25.22,25.48,2026-07-29,25.45,2.2880455961400767
002986,宇新股份,2026-07-30,34.398528683365626,35.09579615667709,33.701261210054156,34.224211815037755,5692797.0,67275408.0,0.018860473247715902,11.84,12.08,11.6,11.78,2026-07-29,11.83,2.9052811387977724
002987,京北方,2026-07-30,70.62117072122437,74.4791791217357,70.49039077544431,72.84442979948514,28981959.0,322613790.0,0.028583918417590223,10.8,11.39,10.78,11.14,2026-07-29,10.91,6.538997289002256
002988,豪美新材,2026-07-30,20.498062689353855,20.940985651988136,20.10664239679333,20.158145066867085,3496984.0,69510354.0,0.01399888335076243,19.9,20.33,19.52,19.57,2026-07-29,20.09,1.0300534014750682
002989,中天精装,2026-07-30,27.84433062030926,28.20379069783063,26.10233178309031,26.282061821851,7072780.0,137458876.0,0.03575090931346374,20.14,20.4,18.88,19.01,2026-07-29,20.33,1.38253875969758
002990,盛视科技,2026-07-30,95.79177524745585,97.37340542024226,86.55413815132646,86.55413815132646,9483300.0,370682007.0,0.06871032268318863,41.79,42.48,37.76,37.76,2026-07-29,41.95,2.292217641719451
002991,甘源食品,2026-07-30,48.57050782904573,50.35795751560651,48.46738573174414,49.326736542590666,1652600.0,71629876.0,0.033095881166921595,42.39,43.95,42.3,43.05,2026-07-29,42.4,1.1458010811287032
002992,宝明科技,2026-07-30,44.749406201690924,44.89857088902989,42.03732097734602,42.15936481244154,1960299.0,62383307.0,0.01254710993180009,33.0,33.11,31.0,31.09,2026-07-29,32.95,1.3560426121724523
002993,奥海科技,2026-07-30,51.410973019270834,52.52192950191643,48.26813560126025,48.604346115745095,7062822.0,240016674.0,0.02962009999935709,35.17,35.93,33.02,33.25,2026-07-29,35.4,1.4617848455863187
002995,天地在线,2026-07-30,47.95948835077586,52.902552180794466,47.81237335583482,48.842178320422036,22231491.0,377460975.0,0.19775878973973454,16.3,17.98,16.25,16.6,2026-07-29,16.43,2.9422998988206044
002996,顺博合金,2026-07-30,8.07439572650531,8.219051024537166,7.995492836669754,8.048094763226793,5972920.0,36813592.0,0.01303057003730578,6.14,6.25,6.08,6.12,2026-07-29,6.17,1.3150481639259464
002997,瑞鹄模具,2026-07-30,27.664303275635522,27.99075679735029,26.95874243838102,27.03245774973597,2899159.0,75555623.0,0.013850280185260628,26.27,26.58,25.6,25.67,2026-07-29,26.2,1.0530758764992585
002998,优彩资源,2026-07-30,8.408451144122065,8.534120930243454,8.27135683198964,8.4198756701331,12609080.0,92881915.0,0.04661481249930798,7.36,7.47,7.24,7.37,2026-07-29,7.36,1.1424526011035414
002999,天禾股份,2026-07-30,8.368939364246392,8.520550584613176,8.30829487609968,8.368939364246392,6278100.0,34867003.0,0.01827452170410548,5.52,5.62,5.48,5.52,2026-07-29,5.51,1.5161122036678247
003000,劲仔食品,2026-07-30,11.592805451618101,12.063079635032798,11.516249189201755,11.866220674533624,10523901.0,114454979.0,0.034161822119919735,10.6,11.03,10.53,10.85,2026-07-29,10.6,1.0936608916620851
003001,中岩大地,2026-07-30,36.97595296511882,37.85134866063888,33.28406677096903,33.28406677096903,25961934.0,475167886.0,0.22700629454852467,19.43,19.89,17.49,17.49,2026-07-29,19.43,1.9030341206957706
003002,壶化股份,2026-07-30,17.030362729014826,17.521623192351793,16.877526140421104,16.986695132273763,2742871.0,43223967.0,0.015000885301681416,15.6,16.05,15.46,15.56,2026-07-29,15.71,1.0916899185265914
003003,天元股份,2026-07-30,10.475034499883428,10.66606856371109,10.273387432509786,10.443195489245484,3486500.0,34465302.0,0.02959769755126062,9.87,10.05,9.68,9.84,2026-07-29,9.87,1.0613003545981183
003004,声迅股份,2026-07-30,64.22033353475517,64.661710397537,58.20657377935283,59.03415539706875,2195622.0,118284227.0,0.031939656126118425,58.2,58.6,52.75,53.5,2026-07-29,58.61,1.103442156954556
003005,竞业达,2026-07-30,24.90502829533118,25.577586342586443,24.497417357600717,24.517797904487242,3115160.0,38259243.0,0.024533028919939224,12.22,12.55,12.02,12.03,2026-07-29,12.24,2.038054688652306
003006,百亚股份,2026-07-30,15.972765852330188,16.976640801149824,15.950457520134197,16.497011658935996,9260200.0,137395649.0,0.021607055872038036,14.32,15.22,14.3,14.79,2026-07-29,14.33,1.1154166097995941
003007,直真科技,2026-07-30,44.082105495957336,44.98256313871013,42.469345538788176,42.738138864983036,1642700.0,53409899.0,0.0226305692715774,32.8,33.47,31.6,31.8,2026-07-29,33.09,1.3439666309743092
003008,开普检测,2026-07-30,27.022546137296633,27.381805421202888,26.55394707133195,26.78824660431429,1206750.0,20834713.0,0.015526251336730792,17.3,17.53,17.0,17.15,2026-07-29,17.23,1.5619968865489382
003009,中天火箭,2026-07-30,49.44325917526483,49.7068159938963,46.73389507973326,46.73389507973326,4957346.0,225924393.0,0.030101567696448343,46.9,47.15,44.33,44.33,2026-07-29,47.2,1.0542272745259025
003010,若羽臣,2026-07-30,73.06313223502464,77.24786271907404,72.41280249763858,75.49479994872902,16699889.0,444723326.0,0.07384685533811644,25.84,27.32,25.61,26.7,2026-07-29,25.83,2.827520597330675
003011,海象新材,2026-07-30,27.14443595579594,27.772779380698623,26.39042384591272,26.61034404462866,2419700.0,41665040.0,0.03148801735647313,17.28,17.68,16.8,16.94,2026-07-29,17.28,1.5708585622567095
003012,东鹏控股,2026-07-30,5.515274899315751,5.714340023070248,5.4801457598296635,5.67921088358416,13947882.0,67282625.0,0.012293352801604549,4.71,4.88,4.68,4.85,2026-07-29,4.73,1.1709713162029196
003013,地铁设计,2026-07-30,20.25733589437048,20.425446565693058,18.480165940388957,19.212648151151612,6355268.0,104365609.0,0.015790411718952086,16.87,17.01,15.39,16.0,2026-07-29,17.1,1.2007905094469757
003015,日久光电,2026-07-30,11.52722604838755,11.703719461568605,11.119085030406366,11.21836257532071,9346340.0,96241585.0,0.03783287493843628,10.45,10.61,10.08,10.17,2026-07-29,10.55,1.103083832381584
003016,欣贺股份,2026-07-30,7.713117129068233,7.865503941648608,7.666228879043501,7.724839191574415,3481400.0,23065613.0,0.008472974882703911,6.58,6.71,6.54,6.59,2026-07-29,6.58,1.1722062506182724
003017,大洋生物,2026-07-30,32.065233903765055,32.68907113924687,31.472588530057337,31.550568184492565,1598344.0,32820240.0,0.01922343779019129,20.56,20.96,20.18,20.23,2026-07-29,20.66,1.5595930887045262
003018,金富科技,2026-07-30,38.3110199848218,38.53806595478799,34.475138071182435,34.475138071182435,14548071.0,434956429.0,0.05113349807930823,32.06,32.25,28.85,28.85,2026-07-29,32.05,1.1949787892957515
003019,宸展光电,2026-07-30,33.89346234771574,34.26320920969082,32.19878923032995,32.291225945823726,5336145.0,114395347.0,0.031197296614894728,22.0,22.24,20.9,20.96,2026-07-29,22.24,1.54061192489617
003020,立方制药,2026-07-30,44.538968559376734,45.67544284825511,43.2942586239385,43.72720121017788,10613712.0,174528240.0,0.06297135499860262,16.46,16.88,16.0,16.16,2026-07-29,16.63,2.705891163996156
003021,兆威机电,2026-07-30,172.92806380525366,174.502874082307,168.2731098980813,168.43522272071914,2434435.0,179507440.0,0.011738677382925927,74.67,75.35,72.66,72.73,2026-07-29,75.35,2.3158974662549037
003022,联泓新科,2026-07-30,25.389525670627677,25.618624362984722,24.86394631757328,25.241285340279003,9944899.0,186796263.0,0.007452534339849096,18.84,19.01,18.45,18.73,2026-07-29,18.95,1.34763936680614
003023,彩虹集团,2026-07-30,28.417656106541486,28.989439931622808,27.96022904647643,28.13176419400083,3382087.0,67313190.0,0.03217348646808647,19.88,20.28,19.56,19.68,2026-07-29,19.8,1.4294595627032942
003025,思进智能,2026-07-30,44.382146865782055,45.532937190737506,43.7300323483073,43.7300323483073,6401800.0,74471490.0,0.02827451255991142,11.57,11.87,11.4,11.4,2026-07-29,11.56,3.8359677498515174
003026,中晶科技,2026-07-30,36.59291103041345,36.59291103041345,33.85087851881533,34.05966272020605,9518237.0,238689772.0,0.06584241231682052,26.29,26.29,24.32,24.47,2026-07-29,26.28,1.3918946759381303
003027,同兴科技,2026-07-30,24.705769616257733,25.335936401760712,23.914021603702714,24.30181654862762,3080500.0,46911803.0,0.029376993735171317,15.29,15.68,14.8,15.04,2026-07-29,15.29,1.6158122705204536
003028,振邦智能,2026-07-30,29.533048533335,29.978830397989114,28.934029152706035,29.059405302140004,837890.0,17736528.0,0.01185240908146694,21.2,21.52,20.77,20.86,2026-07-29,21.2,1.3930683270441038
003029,吉大正元,2026-07-30,16.337455123267105,16.78283803864737,16.337455123267105,16.38806681819668,3340900.0,54758092.0,0.018971713373544006,16.14,16.58,16.14,16.19,2026-07-29,16.35,1.0122338985915182
003030,祖名股份,2026-07-30,24.459243984225882,25.21999332586533,23.663915127057372,23.71002114776279,4175600.0,88179422.0,0.051576771801256006,21.22,21.88,20.53,20.57,2026-07-29,21.31,1.152650517635527
003031,中瓷电子,2026-07-30,282.7704318712807,284.1852946469054,257.24515240899007,263.0489772641036,10003735.0,928687635.0,0.029409196166463234,97.93,98.42,89.09,91.1,2026-07-29,98.55,2.88747505229532
003033,征和工业,2026-07-30,65.43010860557288,66.84944032064658,59.67693959256424,59.72027796554359,1861700.0,107058119.0,0.023056923788500897,60.39,61.7,55.08,55.12,2026-07-29,61.2,1.0834593244837372
003035,南网能源,2026-07-30,5.2318654931734505,5.3466413358024845,5.136218957649256,5.203171532516192,31942557.0,174918382.0,0.008432835049956417,5.47,5.59,5.37,5.44,2026-07-29,5.52,0.9564653552419471
003036,泰坦股份,2026-07-30,54.23950658774887,55.27585352543969,49.346984998185214,49.346984998185214,6170102.0,262853958.0,0.028486041112618675,45.01,45.87,40.95,40.95,2026-07-29,45.5,1.2050545787102616
003037,三和管桩,2026-07-30,5.725765114384485,5.799442239018108,5.631037382712682,5.66261329326995,3353200.0,18211270.0,0.005597298839594753,5.44,5.51,5.35,5.38,2026-07-29,5.47,1.0525303519089126
003038,鑫铂股份,2026-07-30,17.323940171346056,17.719228488747802,17.18644858268458,17.409872414259482,4278960.0,43574041.0,0.02609567009690616,10.08,10.31,10.0,10.13,2026-07-29,10.11,1.718644858268458
003039,顺控发展,2026-07-30,12.050266121261833,12.320824773379975,12.050266121261833,12.320824773379975,4430300.0,52067762.0,0.007174357286296401,11.58,11.84,11.58,11.84,2026-07-29,11.58,1.0406102004543898
003040,楚天龙,2026-07-30,11.140841927730747,11.554615072678965,11.089120284612221,11.31669551433374,15962969.0,175545930.0,0.03494135927575639,10.77,11.17,10.72,10.94,2026-07-29,10.81,1.034432862370543
003041,真爱美家,2026-07-30,57.73755287797584,63.59964100049633,57.35210050827585,57.78573442418832,3736342.0,140008039.0,0.027307770454469044,35.95,39.6,35.71,35.98,2026-07-29,36.24,1.6060515404165738
003042,中农联合,2026-07-30,15.751140128219502,16.333078802907416,15.738208157670883,15.867527863157084,3717889.0,46088256.0,0.03015295213148929,12.18,12.63,12.17,12.27,2026-07-29,12.22,1.2931970548620282
003043,华亚智能,2026-07-30,92.43236782328042,92.74249399747579,82.34588320540207,82.34588320540207,6985369.0,402054706.0,0.07429884580473653,62.59,62.8,55.76,55.76,2026-07-29,61.96,1.4767913056922897
003816,中国广核,2026-07-30,4.631613807563397,4.734032786109025,4.620233921058327,4.734032786109025,91810102.0,378059912.0,0.0023340455122996236,4.07,4.16,4.06,4.16,2026-07-29,4.08,1.1379886505069772
600000,浦发银行,2026-07-30,151.2804404985148,158.79545158159436,151.1170706923609,158.63208177544047,161746160.0,1544913226.0,0.00485639059864168,9.26,9.72,9.25,9.71,2026-07-29,9.28,16.336980615390367
600004,白云机场,2026-07-30,20.656227353946456,20.99917876595323,20.57708472040643,20.920036132413202,11621350.0,91780857.0,0.004910322484714586,7.83,7.96,7.8,7.93,2026-07-29,7.84,2.638087784667491
600006,东风股份,2026-07-30,21.137748487692598,21.587487817217973,21.02531365531126,21.55000953975753,21186661.0,121154617.0,0.0105933305,5.64,5.76,5.61,5.75,2026-07-29,5.65,3.7478277460447873
600007,中国国贸,2026-07-30,41.22246233822059,41.724111350802104,40.72081332563907,41.0043540718808,2936500.0,55390380.0,0.00291526945110318,18.9,19.13,18.67,18.8,2026-07-29,18.96,2.181082663397915
600008,首创环保,2026-07-30,29.397631577711834,29.698631218439257,29.096631936984405,29.49796479128764,78048560.0,228958326.0,0.010632463167377886,2.93,2.96,2.9,2.94,2026-07-29,2.93,10.03332135758083
600009,上海机场,2026-07-30,73.38196854766352,75.22104006837324,73.38196854766352,75.19089135491899,18474569.0,457572224.0,0.007448765690369483,24.34,24.95,24.34,24.94,2026-07-29,24.37,3.014871345425781
600010,包钢股份,2026-07-30,18.37862893600936,18.79823233637487,18.37862893600936,18.462549616082462,370947289.0,822756688.0,0.011844459394374875,2.19,2.24,2.19,2.2,2026-07-29,2.2,8.39206800731021
600011,华能国际,2026-07-30,37.56864101975512,37.986650933744045,37.20288234501481,37.46413854125789,109871431.0,789609598.0,0.009990391800585917,7.19,7.27,7.12,7.17,2026-07-29,7.2,5.22512392486163
600012,皖通高速,2026-07-30,57.1038652860202,57.16600224498213,54.929071722352404,56.420358737438896,8880300.0,160241850.0,0.007618651338366506,18.38,18.4,17.68,18.16,2026-07-29,18.34,3.1068479480968554
600015,华夏银行,2026-07-30,41.824770951876204,43.17395711161414,41.76344430825174,43.11263046798969,146830902.0,1018045220.0,0.009542390632788646,6.82,7.04,6.81,7.03,2026-07-29,7.09,6.13266436244519
600016,民生银行,2026-07-30,133.85162309681127,136.4835370341081,133.47563539148314,136.4835370341081,332018321.0,1199004683.0,0.009362618222427415,3.56,3.63,3.55,3.63,2026-07-29,3.56,37.59877053281215
600017,日照港,2026-07-30,9.888100654848156,10.0324524892255,9.85201269625382,10.0324524892255,36161964.0,99790547.0,0.011757488103941038,2.74,2.78,2.73,2.78,2026-07-29,2.74,3.6087958594336333
600018,上港集团,2026-07-30,8.712766516484757,8.898144527473795,8.695913970031208,8.881291981020246,74907670.0,391762584.0,0.0032222900829355127,5.17,5.28,5.16,5.27,2026-07-29,5.17,1.6852546453548853
600019,宝钢股份,2026-07-30,20.24461203157031,20.807882742759663,20.178344889077444,20.741615600266798,132994460.0,825922980.0,0.00621060359301936,6.11,6.28,6.09,6.26,2026-07-29,6.11,3.3133571246432583
600020,中原高速,2026-07-30,17.69935732882483,17.931024309568613,17.653023932676074,17.8383575172711,9760699.0,37531652.0,0.004343161581460989,3.82,3.87,3.81,3.85,2026-07-29,3.82,4.63333961487561
600021,上海电力,2026-07-30,33.4400333642022,33.9904865883043,32.59141797704481,32.75196683407459,42422520.0,611821954.0,0.015033446874179497,14.58,14.82,14.21,14.28,2026-07-29,14.56,2.293555100425391
600022,山东钢铁,2026-07-30,7.989999771118163,8.221593967382459,7.932101222052091,8.10579686925031,144372166.0,201821051.0,0.01349417666556712,1.38,1.42,1.37,1.4,2026-07-29,1.38,5.789854906607365
600023,浙能电力,2026-07-30,9.993551100734802,10.03243651357813,9.818566742939835,9.857452155783163,79231601.0,404199836.0,0.0059089551923472376,5.14,5.16,5.05,5.07,2026-07-29,5.42,1.944270642166304
600025,华能水电,2026-07-30,12.433748110096616,12.607127067807127,12.396595476301508,12.557590222746983,33129370.0,335020187.0,0.0017781762865352242,10.04,10.18,10.01,10.14,2026-07-29,10.0,1.238421126503647
600026,中远海能,2026-07-30,28.38294318691154,30.61768204911722,28.38294318691154,29.64988175446122,84786553.0,1437087866.0,0.022149093826361217,16.13,17.4,16.13,16.85,2026-07-29,16.12,1.759636899374553
600027,华电国际,2026-07-30,10.5794932987615,10.71312900358796,10.557220681290422,10.690856386116883,84681040.0,404282205.0,0.009188802623536127,4.75,4.81,4.74,4.8,2026-07-29,4.75,2.227261747107684
600028,中国石化,2026-07-30,23.40409778236338,23.764854588257222,23.359003181626644,23.764854588257222,294092497.0,1540030946.0,0.0031037975085724773,5.19,5.27,5.18,5.27,2026-07-29,5.17,4.509460073673098
600029,南方航空,2026-07-30,8.636389320021575,8.787610144691214,8.619587006169393,8.703598575430304,85137593.0,441896497.0,0.006317264119918035,5.14,5.23,5.13,5.18,2026-07-29,5.18,1.6802313852182054
600030,中信证券,2026-07-30,185.2587283468892,187.3550081584523,184.14507969699628,186.63441197322746,133149340.0,3777281722.0,0.010934897762454026,28.28,28.6,28.11,28.49,2026-07-29,28.5,6.5508744111346955
600031,三一重工,2026-07-30,1043.0583343522605,1070.8047136897098,1037.9201159564366,1070.2908918501273,102573268.0,2114095355.0,0.012103911615131623,20.3,20.84,20.2,20.83,2026-07-29,20.4,51.38218395823944
600032,浙江新能,2026-07-30,7.024592786103006,7.0816260157601345,6.786954329198303,6.882009711960185,30508135.0,222217567.0,0.012687007969646384,7.39,7.45,7.14,7.24,2026-07-29,7.37,0.95055382761881
600033,福建高速,2026-07-30,31.640870330039032,31.990493206614047,31.466058891751523,31.90308748747029,24040698.0,87485242.0,0.008759910362920858,3.62,3.66,3.6,3.65,2026-07-29,3.62,8.740571914375423
600035,楚天高速,2026-07-30,12.957584215449025,13.068649223010015,12.846519207888033,12.994605884636021,17704400.0,62033266.0,0.010995730176321016,3.5,3.53,3.47,3.51,2026-07-29,3.5,3.7021669186997213
600036,招商银行,2026-07-30,254.96056101884244,260.6820662963707,254.2534086811704,260.6820662963707,137457952.0,5517774480.0,0.006663353642407546,39.66,40.55,39.55,40.55,2026-07-29,39.66,6.4286576152002635
600037,歌华有线,2026-07-30,37.71910203732448,38.889118496384775,37.663386967845426,38.72197328794759,18816480.0,130227892.0,0.013519743499530992,6.77,6.98,6.76,6.95,2026-07-29,6.83,5.571506947906128
600038,中直股份,2026-07-30,81.45602941183982,82.9259126493467,81.45602941183982,82.80342237955446,6920241.0,186381974.0,0.010345158668211313,26.6,27.08,26.6,27.04,2026-07-29,26.73,3.062256744806008
600039,四川路桥,2026-07-30,121.29926007081157,124.72966900946574,121.1620437132654,122.80864000381939,18997521.0,169966876.0,0.002184730373769797,8.84,9.09,8.83,8.95,2026-07-29,8.83,13.721635754616694
600048,保利发展,2026-07-30,127.44355841526135,132.34523373892526,127.44355841526135,129.8943960770933,195652524.0,1040729556.0,0.01634463462780306,5.2,5.4,5.2,5.3,2026-07-29,5.24,24.508376618319488
600050,中国联通,2026-07-30,8.18063272579757,8.291682038817449,8.162124506960925,8.291682038817449,202121224.0,899646718.0,0.006522057292262496,4.42,4.48,4.41,4.48,2026-07-29,4.42,1.8508218836646089
600051,宁波联合,2026-07-30,29.421535985052117,29.927930752436836,29.11769912462129,29.269617554836703,4556800.0,26605686.0,0.014657745753988677,5.81,5.91,5.75,5.78,2026-07-29,5.82,5.0639476738471805
600052,东望时代,2026-07-30,14.265984806701214,14.579522934321021,13.834869881223979,13.834869881223979,12609300.0,45562423.0,0.014936482528976093,3.64,3.72,3.53,3.53,2026-07-29,3.64,3.919226595247586
600054,黄山旅游,2026-07-30,51.40236436277857,52.42483453997669,51.40236436277857,51.774171699941526,8668800.0,97058139.0,0.016888369374634716,11.06,11.28,11.06,11.14,2026-07-29,11.07,4.647591714536941
600055,万东医疗,2026-07-30,159.43408675785807,165.64004750283496,158.99080384750258,164.31019877176846,8077673.0,89464027.0,0.011489290877493032,10.79,11.21,10.76,11.12,2026-07-29,10.85,14.776097011849682
600056,中国医药,2026-07-30,134.09792461365254,135.65555626175197,132.681895842653,134.94754187625222,14726957.0,139735721.0,0.009848491954344396,9.47,9.58,9.37,9.53,2026-07-29,9.48,14.160287709994986
600057,厦门象屿,2026-07-30,83.16069700263871,85.18900668562989,82.78038893707787,85.06223733044295,26648830.0,177187560.0,0.012735340768457075,6.56,6.72,6.53,6.71,2026-07-29,6.57,12.676935518694926
600058,五矿发展,2026-07-30,44.18312813912794,46.208188178837965,44.18312813912794,44.27517632275112,14192287.0,139694682.0,0.01324017649451401,9.6,10.04,9.6,9.62,2026-07-29,9.85,4.60240918115916
600059,古越龙山,2026-07-30,68.36133189779221,70.42247758315278,68.27545082756886,69.993072232036,15723582.0,127770561.0,0.017249424465343006,7.96,8.2,7.95,8.15,2026-07-29,7.97,8.588107022335706
600060,海信视像,2026-07-30,186.68668199321516,191.10731380726216,183.2861959824098,189.27105136142725,16608510.0,458397215.0,0.012774119029125605,27.45,28.1,26.95,27.83,2026-07-29,27.69,6.800972021610753
600061,国投资本,2026-07-30,66.13171192247772,67.16019888861268,66.13171192247772,66.95450149538568,42238244.0,274297933.0,0.0066058176617750635,6.43,6.53,6.43,6.51,2026-07-29,6.47,10.284869661349568
600062,华润双鹤,2026-07-30,142.53518555264995,143.91734492770595,138.21593750559995,140.20279160724294,25473165.0,416206742.0,0.024535293872046983,16.5,16.66,16.0,16.23,2026-07-29,16.89,8.638496094099997
600063,皖维高新,2026-07-30,89.20162074687758,91.16044012138671,86.94144454552088,87.99619343948734,66121039.0,389434532.0,0.031956325413782516,5.92,6.05,5.77,5.84,2026-07-29,5.94,15.06784134237797
600064,南京高科,2026-07-30,232.73528906903925,237.23984305102067,232.73528906903925,236.9395394522219,20325092.0,159601656.0,0.011746301987865684,7.75,7.9,7.75,7.89,2026-07-29,7.77,30.030359879876034
600066,宇通客车,2026-07-30,2131.779863484665,2256.5959707333022,2116.5906017559946,2232.161071430659,25132410.0,837330988.0,0.011351896989269791,32.28,34.17,32.05,33.8,2026-07-29,32.35,66.04026838552245
600067,冠城新材,2026-07-30,62.93632354888217,64.59254258964222,61.98991266844786,62.463118108665014,18489800.0,49215724.0,0.013286064048033489,2.66,2.73,2.62,2.64,2026-07-29,2.68,23.66027201085796
600071,凤凰光学,2026-07-30,86.87368426671638,88.04212655678654,85.5883977476392,85.70524197664622,2455400.0,36516053.0,0.008720268803049418,14.87,15.07,14.65,14.67,2026-07-29,14.93,5.842211450350799
600072,中船科技,2026-07-30,37.23980924056862,38.479758493861695,36.95048774813357,37.73578894188585,33288025.0,304747235.0,0.030727294729317716,9.01,9.31,8.94,9.13,2026-07-29,9.03,4.133164177643576
600073,光明肉业,2026-07-30,17.086663365745835,17.450209394804258,17.020564087735217,17.318010838783014,10537781.0,55234304.0,0.011237549116937641,5.17,5.28,5.15,5.24,2026-07-29,5.16,3.3049639005311096
600075,新疆天业,2026-07-30,50.75658647762792,51.75181366346376,50.3142632839231,50.86716727605412,18467400.0,85207485.0,0.010813578130739602,4.59,4.68,4.55,4.6,2026-07-29,4.58,11.058079842620462
600076,康欣新材,2026-07-30,10.159737895415276,10.825375895459725,10.124704316465568,10.229805053314692,34141909.0,101514053.0,0.025392939966063583,2.9,3.09,2.89,2.92,2026-07-29,2.88,3.503357894970785
600078,澄星股份,2026-07-30,64.82562567311582,65.16220732250895,62.73881944687845,62.94076843651432,17370598.0,164864924.0,0.026216887262456107,9.63,9.68,9.32,9.35,2026-07-29,9.59,6.731632987862494
600081,东风科技,2026-07-30,101.19815605217231,103.69174511300612,101.19815605217231,102.96444830359626,2954821.0,29248208.0,0.00534300393053732,9.74,9.98,9.74,9.91,2026-07-29,9.79,10.389954420140894
600085,同仁堂,2026-07-30,308.5644492342706,317.26479871055557,307.49180340842724,313.21258114625846,12644322.0,332113293.0,0.009219537856811365,25.89,26.62,25.8,26.28,2026-07-29,25.88,11.91828695381501
600088,中视传媒,2026-07-30,40.67976337226428,41.47527874487745,40.354325265286164,40.426644844614636,4657095.0,52720430.0,0.011709881963176856,11.25,11.47,11.16,11.18,2026-07-29,11.27,3.6159789664234916
600089,特变电工,2026-07-30,1150.4887536627348,1170.7418564166999,1145.4254779742434,1167.366339291039,88720873.0,1829043161.0,0.017558779972327503,20.45,20.81,20.36,20.75,2026-07-29,20.65,56.25861876101393
600094,大名城,2026-07-30,14.088165804827664,15.123516572636522,14.051188991691633,14.679794815004154,31825327.0,126972635.0,0.014967961014752897,3.81,4.09,3.8,3.97,2026-07-29,3.83,3.6976813136030615
600095,湘财股份,2026-07-30,29.17261102974918,29.74396401074657,28.903739038691583,29.27343802639578,47045277.0,410759072.0,0.016454070606303658,8.68,8.85,8.6,8.71,2026-07-29,8.77,3.3608998882199517
600096,云天化,2026-07-30,85.80733754823363,88.41546330957813,85.80733754823363,88.00975485781343,29766668.0,900266523.0,0.016328480169326764,29.61,30.51,29.61,30.37,2026-07-29,29.89,2.897917512604986
600097,开创国际,2026-07-30,12.70723481712714,12.978279976338134,12.499964989495204,12.659403318442848,3733600.0,29829364.0,0.015496195411340624,7.97,8.14,7.84,7.94,2026-07-29,7.98,1.5943832894764292
600098,广州发展,2026-07-30,39.761626258125666,40.44717153843818,39.63698166170521,40.32252694201772,24372745.0,156783265.0,0.006951991914146107,6.38,6.49,6.36,6.47,2026-07-29,6.39,6.232229821022831
600099,林海股份,2026-07-30,22.599265905181056,22.987951068169426,22.43268654961461,22.904661390386202,3913300.0,32119110.0,0.017859163928441037,8.14,8.28,8.08,8.25,2026-07-29,8.14,2.7763225927740853
600100,同方股份,2026-07-30,139.29173563352072,140.89509374153246,137.88879728901043,139.09131587001926,26970412.0,187839803.0,0.008050153840164114,6.95,7.03,6.88,6.94,2026-07-29,6.98,20.041976350146864
600101,明星电力,2026-07-30,79.26491231473251,79.94907308686955,77.79885351729604,78.2875397831082,15413617.0,124396260.0,0.02813409900456569,8.11,8.18,7.96,8.01,2026-07-29,8.2,9.77372531624322
600103,青山纸业,2026-07-30,14.669731863872231,14.993328890281175,14.346134837463284,14.507933350667756,71755850.0,195055907.0,0.03243452871411854,2.72,2.78,2.66,2.69,2026-07-29,2.74,5.3932837734824375
600104,上汽集团,2026-07-30,116.45387253145225,120.55892555204147,115.91373397611157,120.45089784097334,84867447.0,936096754.0,0.007382809764311367,10.78,11.16,10.73,11.15,2026-07-29,10.77,10.802771106813752
600105,永鼎股份,2026-07-30,436.476264040014,443.70051758265646,408.6300503847378,432.9298123008987,288798103.0,9430959643.0,0.19753702448526217,33.23,33.78,31.11,32.96,2026-07-29,30.71,13.135006441168041
600106,重庆路桥,2026-07-30,36.68591915584865,37.27626728019564,36.09557103150166,36.4329128168428,14421539.0,62741523.0,0.010851216739507957,4.35,4.42,4.28,4.32,2026-07-29,4.36,8.433544633528426
600108,亚盛集团,2026-07-30,32.33419835172742,32.978733867044255,31.79708542229674,31.79708542229674,72435115.0,217984650.0,0.03720507084191474,3.01,3.07,2.96,2.96,2026-07-29,3.02,10.742258588613764
600109,国金证券,2026-07-30,77.88049329925633,79.8751043034282,77.88049329925633,79.14979121100207,34383891.0,299277379.0,0.009279488480933448,8.59,8.81,8.59,8.73,2026-07-29,8.66,9.066413655326697
600110,诺德股份,2026-07-30,133.2541843684979,134.1882090252864,122.82424236769255,124.84796245740105,121575606.0,999512751.0,0.07006508875121732,8.56,8.62,7.89,8.02,2026-07-29,8.66,15.567077613142276
600111,北方稀土,2026-07-30,788.2391215066859,795.4910020009974,777.5627418900607,788.6420037563698,37192230.0,1451088549.0,0.01028811967071221,39.13,39.49,38.6,39.15,2026-07-29,39.35,20.144112484198462
600113,浙江东日,2026-07-30,149.45820321590674,149.80810536390385,144.20967099595018,144.80950324965949,7051637.0,206880779.0,0.017139287651426305,29.9,29.97,28.85,28.97,2026-07-29,29.36,4.998602114244373
600114,东睦股份,2026-07-30,179.59253626532697,181.2677095534606,171.6354631466922,174.28782085290376,17913751.0,451659141.0,0.02906267229483181,25.73,25.97,24.59,24.97,2026-07-29,25.77,6.9798887005568195
600115,中国东航,2026-07-30,4.964164065197087,5.073266572124496,4.950526251831161,5.032353132026717,171822495.0,632753507.0,0.010092384688008766,3.64,3.72,3.63,3.69,2026-07-29,3.67,1.3637813365926064
600116,三峡水利,2026-07-30,42.72080791203188,43.639534963903536,42.58956119033593,43.639534963903536,24420617.0,161133689.0,0.012771334688905657,6.51,6.65,6.49,6.65,2026-07-29,6.57,6.562336084797524
600117,西宁特钢,2026-07-30,6.059322033898306,6.3310405107547325,6.0321501862126645,6.195181272326519,18805057.0,42979190.0,0.005777079404605476,2.23,2.33,2.22,2.28,2026-07-29,2.23,2.717184768564263
600118,中国卫星,2026-07-30,1006.6398514888293,1010.6629125807917,957.6634555866796,958.3631183852816,29767809.0,1665702357.0,0.025173854134397607,57.55,57.78,54.75,54.79,2026-07-29,57.69,17.491569965053507
600120,浙江东方,2026-07-30,431.5050722428275,439.11986763534804,430.65898386588077,433.197248996721,53471357.0,275554286.0,0.015656042267971626,5.1,5.19,5.09,5.12,2026-07-29,5.14,84.60883769467206
600121,郑州煤电,2026-07-30,17.155369962514424,17.836138611820555,16.70152419631034,16.837677926171565,69689020.0,264811303.0,0.0571965950979877,3.78,3.93,3.68,3.71,2026-07-29,3.78,4.538457662040853
600123,兰花科创,2026-07-30,82.78770996347336,83.99805660036625,81.57736332658048,83.63495260929838,28039845.0,192602365.0,0.019032774429360955,6.84,6.94,6.74,6.91,2026-07-29,6.86,12.103466368928855
600125,铁龙物流,2026-07-30,99.04712232755939,99.76355720877139,98.33068744634738,99.58444848846838,11323927.0,62721196.0,0.00867386998680039,5.53,5.57,5.49,5.56,2026-07-29,5.51,17.91087203030007
600126,杭钢股份,2026-07-30,36.624211962634405,37.80563815497745,36.15164148569718,36.26978410493149,75903786.0,474303996.0,0.022475432714763398,6.2,6.4,6.12,6.14,2026-07-29,6.28,5.907130961715226
600127,金健米业,2026-07-30,31.2447087270208,31.86621287891452,31.018707217241264,31.13170797213103,14733741.0,81907771.0,0.022957504320407454,5.53,5.64,5.49,5.51,2026-07-29,5.56,5.65003774448839
600128,苏豪弘业,2026-07-30,24.59245872488767,25.169595957023237,24.432142827072237,24.848964161392367,4126200.0,32104137.0,0.016721002563141418,7.67,7.85,7.62,7.75,2026-07-29,7.67,3.2063179563086925
600129,太极集团,2026-07-30,45.33014333773148,46.96261152224142,44.30985072241276,44.65966533337918,27691506.0,433842957.0,0.050218702888806616,15.55,16.11,15.2,15.32,2026-07-29,15.66,2.915121758053471
600130,波导股份,2026-07-30,22.950397872697636,23.436120578998118,22.16109847495936,22.28252915153448,25015800.0,93822680.0,0.0333544,3.78,3.86,3.65,3.67,2026-07-29,3.83,6.071533828755989
600131,国网信通,2026-07-30,82.15713276753408,83.96161759576157,82.15713276753408,83.32474059756362,8993600.0,141221495.0,0.007520328855110565,15.48,15.82,15.48,15.7,2026-07-29,15.55,5.307308318316155
600132,重庆啤酒,2026-07-30,280.17383640976954,290.20175029428407,278.958331696495,287.77074086773507,6581877.0,310720570.0,0.013599728717740761,46.1,47.75,45.9,47.35,2026-07-29,46.1,6.077523566372441
600133,东湖高新,2026-07-30,37.57002276812108,40.62374383055457,37.57002276812108,37.75509677190493,32337315.0,270547362.0,0.030328367713691066,8.12,8.78,8.12,8.16,2026-07-29,8.18,4.626850094596192
600135,乐凯胶片,2026-07-30,20.59723590107962,20.950331373669556,20.097017314910545,20.214715805773857,6950646.0,48427250.0,0.012562004016507295,7.0,7.12,6.83,6.87,2026-07-29,7.0,2.942462271582803
600137,浪莎股份,2026-07-30,26.20870623506543,26.735434192286597,26.20870623506543,26.703511285788345,2653000.0,44061467.0,0.027289300779607905,16.42,16.75,16.42,16.73,2026-07-29,16.42,1.5961453249126327
600138,中青旅,2026-07-30,38.10196318366848,38.96546376573462,38.047994397289344,38.37180711556415,11422681.0,81673746.0,0.015780671142793988,7.06,7.22,7.05,7.11,2026-07-29,7.06,5.396878637913383
600141,兴发集团,2026-07-30,111.18280764593281,114.6572703848682,109.79302255035866,111.53025391982635,30233878.0,881376144.0,0.025158421620029535,28.8,29.7,28.44,28.89,2026-07-29,29.14,3.860514154372667
600143,金发科技,2026-07-30,302.5805288999243,309.9145444896039,300.6946391768638,303.8377887152979,29427059.0,428266521.0,0.011168501710276866,14.44,14.79,14.35,14.5,2026-07-29,14.55,20.954330256227443
600148,长春一东,2026-07-30,40.852106658453046,42.04777807284679,40.709764823406175,41.25066379658429,1868878.0,27153215.0,0.01320608310906612,14.35,14.77,14.3,14.49,2026-07-29,14.35,2.8468367009374944
600149,廊坊发展,2026-07-30,13.035155839764403,13.320389009124673,12.721399353468104,12.864015938148238,10793100.0,49222642.0,0.028390940656565656,4.57,4.67,4.46,4.51,2026-07-29,4.58,2.852331693602714
600150,中国船舶,2026-07-30,111.88034357818128,112.20341705082978,110.87881581297087,111.88034357818128,78007559.0,2691536763.0,0.012848252372752908,34.63,34.73,34.32,34.63,2026-07-29,34.73,3.2307347264851654
600151,航天机电,2026-07-30,46.17532761202326,47.68155644340425,46.034118659081294,46.50481516888785,33502200.0,333650704.0,0.023358651963578846,9.81,10.13,9.78,9.88,2026-07-29,9.89,4.706965098065572
600152,维科技术,2026-07-30,23.530289040707437,23.775715784287176,22.79400880996822,22.91672218175809,21994500.0,166755994.0,0.04157126707122159,7.67,7.75,7.43,7.47,2026-07-29,7.7,3.0678342947467323
600153,建发股份,2026-07-30,202.90241112550305,207.4213957830866,202.67646189262388,205.16190345429484,20251897.0,183900509.0,0.006984524138510066,8.98,9.18,8.97,9.08,2026-07-29,8.98,22.594923287917933
600155,华创云信,2026-07-30,16.865292905226188,17.29552996913502,16.693198079662658,17.20948255635325,43397485.0,258416659.0,0.019605444869897567,5.88,6.03,5.82,6.0,2026-07-29,5.91,2.868247092725542
600156,华升股份,2026-07-30,14.186033975480797,14.454056209835358,13.420256163039188,13.515978389594387,12624600.0,91321726.0,0.03139583188711053,7.41,7.55,7.01,7.06,2026-07-29,7.39,1.914444531104021
600157,永泰能源,2026-07-30,78.68207659953352,80.16664408254358,77.69236494419347,78.1872207718635,460827152.0,732593938.0,0.021121648805870342,1.59,1.62,1.57,1.58,2026-07-29,1.6,49.48558276700221
600158,中体产业,2026-07-30,44.409495775626205,45.74178064889499,44.21916936515923,44.21916936515923,56529136.0,400241113.0,0.05891439933876377,7.0,7.21,6.97,6.97,2026-07-29,7.06,6.344213682232315
600159,大龙地产,2026-07-30,11.953854040108702,12.210374513072408,11.697333567144995,11.85124585092322,18742600.0,43710863.0,0.022581357851869183,2.33,2.38,2.28,2.31,2026-07-29,2.33,5.130409459274121
600160,巨化股份,2026-07-30,451.6485650195001,469.6217428315726,450.8368731183097,459.3016600878664,47893223.0,1908390421.0,0.01773989907312324,38.95,40.5,38.88,39.61,2026-07-29,39.11,11.59559858843389
600161,天坛生物,2026-07-30,234.81957152940072,242.35187534750497,234.81957152940072,241.59864496569458,15980600.0,203799383.0,0.008081739034073217,12.47,12.87,12.47,12.83,2026-07-29,12.56,18.830759545260683
600162,香江控股,2026-07-30,27.399920515053186,29.88142275037876,27.193128662109388,29.88142275037876,116894467.0,332022321.0,0.03576462598853508,2.65,2.89,2.63,2.89,2026-07-29,2.63,10.339592647189882
600163,中闽能源,2026-07-30,12.523529596020845,12.807081209515658,12.452641692647143,12.594417499394549,20528105.0,109745905.0,0.010787255179423662,5.3,5.42,5.27,5.33,2026-07-29,5.34,2.3629301124567634
600166,福田汽车,2026-07-30,78.84991912557676,80.35182234701631,78.34928471843024,78.84991912557676,144309805.0,457061456.0,0.018226917714239673,3.15,3.21,3.13,3.15,2026-07-29,3.17,25.031720357325955
600167,联美控股,2026-07-30,25.534361343062834,26.109658912317286,25.490107683889416,26.021151593970448,9569177.0,55910982.0,0.004228834138538206,5.77,5.9,5.76,5.88,2026-07-29,5.8,4.425365917341913
600168,武汉控股,2026-07-30,14.055572143909037,14.220543647945528,13.956589241487144,14.088566444716335,6040933.0,25833219.0,0.0060810829304535985,4.26,4.31,4.23,4.27,2026-07-29,4.26,3.299430080729821
600170,上海建工,2026-07-30,43.05296512648993,43.60257744725363,42.68655691264746,43.05296512648993,126283316.0,297450736.0,0.014211588153663716,2.35,2.38,2.33,2.35,2026-07-29,2.35,18.320410692123374
600171,上海贝岭,2026-07-30,64.62779804849404,65.66184281726994,63.679923677116136,65.00120310388533,13626133.0,307588429.0,0.01922088460393014,22.5,22.86,22.17,22.63,2026-07-29,22.72,2.8723465799330685
600172,黄河旋风,2026-07-30,99.92667564750272,102.88017344989196,92.346031288037,93.7243302624853,130946814.0,1283152646.0,0.10260233029312503,10.15,10.45,9.38,9.52,2026-07-29,10.37,9.84499267463081
600173,卧龙新能,2026-07-30,15.225462330062065,16.273772851148305,15.225462330062065,15.400180750243106,11806300.0,73634446.0,0.016856119630486468,6.1,6.52,6.1,6.17,2026-07-29,6.13,2.4959774311577156
600176,中国巨石,2026-07-30,799.6916541866383,829.4674072680557,756.0914443174199,779.0613109802277,291862125.0,10944888680.0,0.07348753104045035,37.6,39.0,35.55,36.63,2026-07-29,38.39,21.268395058155274
600177,雅戈尔,2026-07-30,430.6707058487735,433.41034138216264,425.19143478199516,431.76656006212914,32950049.0,258529832.0,0.007316636805850873,7.86,7.91,7.76,7.88,2026-07-29,7.88,54.792710667782885
600178,东安动力,2026-07-30,20.334857516019696,21.165699498288124,19.919436524885487,19.940207574442194,18229965.0,178976671.0,0.03908016427017371,9.79,10.19,9.59,9.6,2026-07-29,9.91,2.077104955671062
600179,安通控股,2026-07-30,9.460470898508293,9.788959471373163,9.438571660317299,9.548067851272258,38717490.0,170546106.0,0.01002452051298802,4.32,4.47,4.31,4.36,2026-07-29,4.34,2.1899238190991417
600182,S佳通,2026-07-30,16.984873011190196,17.142749445066478,16.81384020782422,16.932247533231433,1358000.0,17498839.0,0.007988235294117647,12.91,13.03,12.78,12.87,2026-07-29,12.91,1.3156369489690314
600183,生益科技,2026-07-30,1630.1696735569708,1689.632053078144,1513.8842368432404,1553.7845802817299,81098342.0,8252309373.0,0.03362636278011098,105.0,108.83,97.51,100.08,2026-07-29,108.18,15.525425462447341
600184,光电股份,2026-07-30,56.249712133287815,57.505909178448086,53.35348005694607,54.01647294189177,15579647.0,246204560.0,0.026735734722565026,16.12,16.48,15.29,15.48,2026-07-29,16.4,3.489436236556316
600185,珠免集团,2026-07-30,33.79728786413003,34.93572282376388,33.79728786413003,34.08189660403849,25817700.0,124653635.0,0.013696350466657318,4.75,4.91,4.75,4.79,2026-07-29,4.79,7.115218497711584
600186,莲花控股,2026-07-30,43.04715112953093,43.96959008230659,39.357395318428274,39.869861403303645,164210224.0,1325389575.0,0.09223799585165052,8.4,8.58,7.68,7.78,2026-07-29,8.39,5.124660848753682
600188,兖矿能源,2026-07-30,178.7163020454359,188.4223692716205,178.00393013892693,180.4972318117083,60091173.0,1229165234.0,0.010080124910992925,20.07,21.16,19.99,20.27,2026-07-29,20.0,8.904648831362028
600189,泉阳泉,2026-07-30,19.33454118522588,19.93111889360592,19.33454118522588,19.415892690914067,13807770.0,100083808.0,0.01930622517061056,7.13,7.35,7.13,7.16,2026-07-29,7.19,2.7117168562729144
600191,华资实业,2026-07-30,24.6980616313072,25.952566349087885,24.6980616313072,25.769617744411537,19062168.0,185079488.0,0.039308950533270645,9.45,9.93,9.45,9.86,2026-07-29,9.5,2.6135514953764236
600192,长城电工,2026-07-30,11.477155379983952,12.27664762781565,11.441622391191432,11.86801825670167,18643630.0,124566017.0,0.04220422050580874,6.46,6.91,6.44,6.68,2026-07-29,6.5,1.7766494396259986
600195,中牧股份,2026-07-30,42.42366993921043,43.282716215238054,42.159348008125,42.687991870295846,6534794.0,42275815.0,0.006399456627385332,6.42,6.55,6.38,6.46,2026-07-29,6.42,6.60804827713558
600196,复星医药,2026-07-30,331.64337813497724,335.53320055445784,328.6179606976034,333.8043905902443,20371793.0,470383643.0,0.00961619091854308,23.02,23.29,22.81,23.17,2026-07-29,23.0,14.406749701780072
600197,伊力特,2026-07-30,42.80278478884267,45.28837957480893,42.80278478884267,44.27729017034808,19555661.0,205920198.0,0.04132862618693128,10.16,10.75,10.16,10.51,2026-07-29,10.21,4.212872518586877
600198,大唐电信,2026-07-30,12.67905721515399,12.880312091585006,12.45950644086561,12.60587362372453,18107110.0,125362220.0,0.013907686720616458,6.93,7.04,6.81,6.89,2026-07-29,7.02,1.8295897857365067
600199,金种子酒,2026-07-30,33.89237792715189,37.371995394339486,33.89237792715189,36.51338848685164,84981069.0,671834391.0,0.12919045197457504,7.5,8.27,7.5,8.08,2026-07-29,7.52,4.518983723620252
600201,生物股份,2026-07-30,183.27733019318765,187.06927495580535,182.48734170097566,185.17330257449652,13652400.0,159663749.0,0.012316700332199967,11.6,11.84,11.55,11.72,2026-07-29,11.55,15.799769844240316
600202,哈空调,2026-07-30,22.42512441991625,22.966081368642303,21.982523280049485,22.37594651548661,8084101.0,36923555.0,0.021088555403794982,4.56,4.67,4.47,4.55,2026-07-29,4.57,4.91779044296409
600203,福日电子,2026-07-30,16.478942455254508,16.795169495973678,16.197851752393024,16.232988090250707,19123978.0,179200814.0,0.03225018947345387,9.38,9.56,9.22,9.24,2026-07-29,9.43,1.7568168928842758
600206,有研新材,2026-07-30,178.92203061293537,181.35353513152143,164.56239072015364,164.56239072015364,94663438.0,3494803749.0,0.11182217873545622,39.0,39.53,35.87,35.87,2026-07-29,39.86,4.587744374690651
600207,安彩高科,2026-07-30,6.427129379164743,6.50456467288962,6.24128467422504,6.2722587917149895,19598514.0,80582939.0,0.01799163511705934,4.15,4.2,4.03,4.05,2026-07-29,4.15,1.5487058744975284
600208,衢州发展,2026-07-30,19.649907817670652,19.995856898967673,19.23476892011423,19.511528185151846,105661057.0,299696922.0,0.012419058635658732,2.84,2.89,2.78,2.82,2026-07-29,2.86,6.918981625940371
600210,紫江企业,2026-07-30,65.10887302099843,66.15395926531622,64.89985577213486,65.94494201645264,18173043.0,114238281.0,0.01198167717183149,6.23,6.33,6.21,6.31,2026-07-29,6.25,10.450862443177916
600211,西藏药业,2026-07-30,130.34655004768354,134.45734794669065,129.86695695946605,132.8815420854046,4091113.0,158180931.0,0.012692737667414633,38.05,39.25,37.91,38.79,2026-07-29,38.17,3.4256649158392523
600212,绿能慧充,2026-07-30,13.85019405764279,14.04029476039475,13.60577886839027,13.76872232789195,9723300.0,49467457.0,0.018305086978079886,5.1,5.17,5.01,5.07,2026-07-29,5.1,2.715724325027998
600215,派斯林,2026-07-30,13.1163825782088,13.495597720776061,12.893314847286883,13.00484871274784,11765108.0,69618790.0,0.025750818240333276,5.88,6.05,5.78,5.83,2026-07-29,5.78,2.2306773092191836
600216,浙江医药,2026-07-30,78.80598169914141,80.18393808189077,78.08419502246319,79.39653443460543,15710248.0,189604465.0,0.016512951228517637,12.01,12.22,11.9,12.1,2026-07-29,12.05,6.561697060711192
600217,中再资环,2026-07-30,13.9452747680669,14.080665785232599,13.809883750901204,13.855014089956434,14907800.0,46067920.0,0.008993314009325033,3.09,3.12,3.06,3.07,2026-07-29,3.08,4.513033905523269
600218,全柴动力,2026-07-30,15.880392135022266,16.22375196496869,15.81601216690731,15.923312113765567,7532793.0,56306444.0,0.017292916438765453,7.4,7.56,7.37,7.42,2026-07-29,7.41,2.145998937165171
600219,南山铝业,2026-07-30,37.73590066756316,38.80700701838918,37.32393668647622,38.0654718524327,232156049.0,1074140800.0,0.020216133953607916,4.58,4.71,4.53,4.62,2026-07-29,4.59,8.23927962173868
600221,海航控股,2026-07-30,4.331113880371332,4.3952785304509066,4.299031555331544,4.331113880371332,300872437.0,408703743.0,0.00702226213106533,1.35,1.37,1.34,1.35,2026-07-29,1.35,3.208232503978764
600222,太龙药业,2026-07-30,28.773416373311623,29.150910174127663,27.976485016033312,28.018428771679538,11162134.0,75647466.0,0.019955074519089327,6.86,6.95,6.67,6.68,2026-07-29,6.89,4.1943755646226855
600223,福瑞达,2026-07-30,10.723963701142674,10.936894388349478,10.685249030741435,10.801393041945147,8428300.0,47073731.0,0.008290929455314029,5.54,5.65,5.52,5.58,2026-07-29,5.52,1.9357335200618544
600226,亨通股份,2026-07-30,160.78645737340392,163.28411108017525,151.42025597301145,152.3568761130507,133670085.0,668672754.0,0.04494046826325716,5.15,5.23,4.85,4.88,2026-07-29,5.17,31.220671334641537
600227,赤天化,2026-07-30,16.997079885573605,17.902249820308295,16.242771606628033,16.443920481013517,294968568.0,1006553784.0,0.23087712389072745,3.38,3.56,3.23,3.27,2026-07-29,3.38,5.0287218596371615
600229,城市传媒,2026-07-30,8.32533982690745,8.546216189662138,8.308349337464781,8.393301784678123,5766500.0,28669849.0,0.0087277615606236,4.9,5.03,4.89,4.94,2026-07-29,4.91,1.6990489442668264
600230,沧州大化,2026-07-30,29.375096128615628,29.83102888449215,29.00600770719178,29.309962877776126,17176162.0,232593225.0,0.04149222119382425,13.53,13.74,13.36,13.5,2026-07-29,13.58,2.17110836131675
600231,凌钢股份,2026-07-30,15.18429457650022,16.352317236231006,15.094446679597851,15.453838267207324,32319040.0,56359874.0,0.01139445401369033,1.69,1.82,1.68,1.72,2026-07-29,1.69,8.984789690236816
600232,金鹰股份,2026-07-30,19.558044588404684,20.07003528443622,19.18258474464822,19.35324830999207,6384700.0,36642768.0,0.01750582772670863,5.73,5.88,5.62,5.67,2026-07-29,5.75,3.413271306876908
600233,圆通速递,2026-07-30,100.11285089603064,103.00912878767345,99.83961713266811,101.15113919680826,22694890.0,421031460.0,0.006628148670120374,18.32,18.85,18.27,18.51,2026-07-29,18.27,5.4646752672505805
600234,科新发展,2026-07-30,42.42393975488714,43.32055249720399,38.979059218617095,39.09703457944826,3786240.0,65021913.0,0.014422619102512621,17.98,18.36,16.52,16.57,2026-07-29,18.11,2.359507216623311
600235,民丰特纸,2026-07-30,11.525326887689378,11.680177728790772,11.326232949130445,11.59169153387569,4206600.0,21947537.0,0.011974380871050384,5.21,5.28,5.12,5.24,2026-07-29,5.2,2.21215487287704
600236,桂冠电力,2026-07-30,77.04837395858443,79.27963908679682,73.283114054726,74.6079277246021,54586103.0,595104779.0,0.0069250807778015715,11.05,11.37,10.51,10.7,2026-07-29,10.92,6.972703525663749
600237,铜峰电子,2026-07-30,33.68141017121661,34.481343662783004,32.92357844236424,33.68141017121661,35862256.0,286855687.0,0.05741490414919783,8.0,8.19,7.82,8.0,2026-07-29,8.1,4.2101762714020765
600241,时代万恒,2026-07-30,16.83071594056225,17.098256222854424,16.490210126735846,16.563175658270076,15141800.0,104712623.0,0.051449851116428434,6.92,7.03,6.78,6.81,2026-07-29,7.11,2.4321843844743136
600246,万通发展,2026-07-30,148.2457143941323,149.4018768114176,134.88561534994707,134.88561534994707,135159232.0,1468089825.0,0.07149721752047938,11.54,11.63,10.5,10.5,2026-07-29,11.67,12.846249080947342
600248,陕建股份,2026-07-30,12.45212149710113,12.708866270237236,12.409330701578446,12.623284679191867,17698744.0,52098632.0,0.004776035936166503,2.91,2.97,2.9,2.95,2026-07-29,2.91,4.2790795522684295
600249,两面针,2026-07-30,16.465240962064495,16.765214987689152,16.365249620189612,16.465240962064495,9102350.0,45284374.0,0.01654972727272727,4.94,5.03,4.91,4.94,2026-07-29,4.95,3.3330447291628533
600250,南京商旅,2026-07-30,21.646584455440443,22.628108505503302,21.51394607029681,22.07102728790006,13898500.0,116546570.0,0.044433765833283574,8.16,8.53,8.11,8.32,2026-07-29,8.14,2.652767702872603
600251,冠农股份,2026-07-30,85.5596585463192,87.22280525672281,84.35849703324993,84.63568815165053,12807102.0,118744408.0,0.0164828928838142,9.26,9.44,9.13,9.16,2026-07-29,9.3,9.239703946686738
600252,中恒集团,2026-07-30,85.6462380517746,87.20344237998869,84.47833480561404,85.25693696972108,40370126.0,88999474.0,0.012678410342847172,2.2,2.24,2.17,2.19,2026-07-29,2.2,38.93010820535209
600255,鑫科材料,2026-07-30,42.00623645130106,42.960923643376084,41.597084797554615,41.86985256671891,64950543.0,201067438.0,0.03596082966571233,3.08,3.15,3.05,3.07,2026-07-29,3.11,13.63838845821463
600256,广汇能源,2026-07-30,317.7499274849007,318.3245204821609,309.1310325259974,315.4515554958598,99263265.0,543032259.0,0.015529289576218037,5.53,5.54,5.38,5.49,2026-07-29,5.46,57.45929972602182
600257,大湖股份,2026-07-30,33.20791673453682,35.655512191066435,33.07561427742712,33.67097533442081,33733959.0,174492368.0,0.07009840436520878,5.02,5.39,5.0,5.09,2026-07-29,5.01,6.615122855485424
600258,首旅酒店,2026-07-30,30.77825983194727,31.731457772952975,30.77825983194727,31.179606333423354,19404269.0,242706801.0,0.017377946154881176,12.27,12.65,12.27,12.43,2026-07-29,12.31,2.5084156342255315
600259,中稀有色,2026-07-30,75.43365254353567,76.53875183421432,72.5752707243765,73.37221732823129,7844801.0,547855944.0,0.023317371204518565,70.99,72.03,68.3,69.05,2026-07-29,71.13,1.0625954718063908
600261,阳光照明,2026-07-30,74.14667053681849,74.63770809004245,73.41011420698256,73.9011517602065,7486000.0,22585743.0,0.005607268168864545,3.02,3.04,2.99,3.01,2026-07-29,3.02,24.551877661198176
600262,北方股份,2026-07-30,20.46283789303425,20.877725265231902,20.448020486884335,20.685098985282995,4551619.0,63589405.0,0.019124449579831934,13.81,14.09,13.8,13.96,2026-07-29,13.88,1.4817406149916184
600266,城建发展,2026-07-30,27.16091946500618,27.821769087025796,27.028749540602256,27.227004427208144,39650976.0,164403003.0,0.01910205951086229,4.11,4.21,4.09,4.12,2026-07-29,4.13,6.608496220196151
600267,海正药业,2026-07-30,82.09569959085746,82.51313535148894,79.38236714675286,80.1476660412439,33591140.0,390132427.0,0.02846050509356446,11.8,11.86,11.41,11.52,2026-07-29,11.84,6.95726267719131
600268,国电南自,2026-07-30,120.09803602583276,122.28163668084788,119.66131589482974,121.18983635334033,20642691.0,228963804.0,0.020327704077846925,11.0,11.2,10.96,11.1,2026-07-29,11.13,10.918003275075705
600269,赣粤高速,2026-07-30,56.94670844246209,57.914249605319455,56.80848827633961,57.63780927307449,24672818.0,102474228.0,0.010564675815433687,4.12,4.19,4.11,4.17,2026-07-29,4.1,13.82201661224808
600271,航天信息,2026-07-30,134.4592116878368,137.0373381656272,133.86425942373134,135.45079879467926,17499618.0,119954569.0,0.009444526464901265,6.78,6.91,6.75,6.83,2026-07-29,6.81,19.831742136849087
600272,开开实业,2026-07-30,13.535591152324344,13.769635956110932,13.353556304934774,13.39256377223254,2593400.0,27058908.0,0.01620875,10.41,10.59,10.27,10.3,2026-07-29,10.41,1.3002489099254892
600273,嘉化能源,2026-07-30,15.290127628838825,15.597246404740897,15.26819057341725,15.50949818305459,15752760.0,111225186.0,0.012013002682368285,6.97,7.11,6.96,7.07,2026-07-29,7.0,2.193705542157651
600276,恒瑞医药,2026-07-30,3472.0317021471087,3513.1436408959366,3423.8536489258263,3510.5741447241353,73587887.0,3975428219.0,0.011535955599190621,54.05,54.69,53.3,54.65,2026-07-29,53.89,64.23740429504365
600278,东方创业,2026-07-30,14.509524600154304,14.719132499674993,14.393075767087254,14.625973433221352,4598677.0,28839993.0,0.005344075880971863,6.23,6.32,6.18,6.28,2026-07-29,6.24,2.3289766613409797
600279,重庆港,2026-07-30,10.41171182800329,10.558700700869219,10.338217391570325,10.41171182800329,8998217.0,38358204.0,0.00758149180652055,4.25,4.31,4.22,4.25,2026-07-29,4.25,2.44981454776548
600280,中央商场,2026-07-30,31.03904500807294,32.971879312604955,30.811652736951523,30.925348872512235,57659245.0,160771462.0,0.05110118522730507,2.73,2.9,2.71,2.72,2026-07-29,2.76,11.369613556070673
600281,华阳新材,2026-07-30,7.658680208400498,7.847783423422734,7.583038922391604,7.639769886898275,10912705.0,44549150.0,0.02121435077943171,4.05,4.15,4.01,4.04,2026-07-29,4.06,1.8910321502223453
600282,南钢股份,2026-07-30,44.562546282441154,45.71426219033725,44.562546282441154,45.537075127584,34697300.0,177126197.0,0.0056280272161581555,5.03,5.16,5.03,5.14,2026-07-29,5.06,8.859353137662257
600283,钱江水利,2026-07-30,19.052649339473316,19.125834932326605,18.88188295614897,19.02825414185555,2316523.0,18069992.0,0.004130563761097497,7.81,7.84,7.74,7.8,2026-07-29,7.8,2.439519761776353
600284,浦东建设,2026-07-30,20.522683307027513,20.887711270986504,20.441565981703295,20.644359295013846,13873022.0,70788444.0,0.01429831096123085,5.06,5.15,5.04,5.09,2026-07-29,5.07,4.0558662662109715
600285,羚锐制药,2026-07-30,192.07018838681702,196.9972062628267,191.7361532765791,196.07860970967235,12499398.0,291489054.0,0.022064621222959074,23.0,23.59,22.96,23.48,2026-07-29,23.13,8.350877755948567
600287,苏豪时尚,2026-07-30,22.908497408717828,23.378147697279246,22.543213850947843,22.856314043322115,3177100.0,14004734.0,0.007273645962303224,4.39,4.48,4.32,4.38,2026-07-29,4.39,5.2183365395712595
600288,大恒科技,2026-07-30,45.99356849831066,46.31877554829872,44.135242498378915,44.135242498378915,41975744.0,408289637.0,0.09609831501831502,9.9,9.97,9.5,9.5,2026-07-29,10.02,4.645814999829359
600292,电投水电,2026-07-30,52.66792552316605,53.84580245179916,52.331389257842304,52.75205958949699,11149606.0,140615074.0,0.02538134005340236,12.52,12.8,12.44,12.54,2026-07-29,12.46,4.206703316546809
600293,三峡新材,2026-07-30,8.89380093058163,9.126971741495757,8.793870583047006,8.82718069889188,33411251.0,89694649.0,0.028799201543976596,2.67,2.74,2.64,2.65,2026-07-29,2.69,3.331011584487502
600295,鄂尔多斯,2026-07-30,110.4985712142847,111.62610765524678,108.85063333903241,110.1516369247579,11431535.0,145361507.0,0.005786430656298018,12.74,12.87,12.55,12.7,2026-07-29,12.55,8.673357238169913
600298,安琪酵母,2026-07-30,333.7644199943264,350.8677708696575,330.77548488989953,341.9839915315,29251243.0,1213094628.0,0.03412614702979029,40.2,42.26,39.84,41.19,2026-07-29,40.05,8.302597512296675
600299,安迪苏,2026-07-30,25.90936463465419,26.533686674043444,25.753284124806875,26.159093450409895,31556928.0,263931338.0,0.01024649020811299,8.3,8.5,8.25,8.38,2026-07-29,8.31,3.1216101969462877
600300,维维股份,2026-07-30,25.420503827916374,25.98361625448414,25.34005919554955,25.822726989750493,32832300.0,105163306.0,0.020302667511894346,3.16,3.23,3.15,3.21,2026-07-29,3.17,8.044463236682397
600301,华锡有色,2026-07-30,68.94157233493452,69.62268184474952,64.37315489105332,66.05101002498786,9806193.0,394610159.0,0.035615409395486235,41.5,41.91,38.75,39.76,2026-07-29,41.06,1.661242706865892
600303,曙光股份,2026-07-30,18.145993373167205,18.973947443425786,18.145993373167205,18.35298189073185,50243101.0,134987093.0,0.07415822207225133,2.63,2.75,2.63,2.66,2026-07-29,2.64,6.899617252154831
600305,恒顺醋业,2026-07-30,69.45739756429816,71.16866677965044,69.35673466927743,71.16866677965044,14044989.0,98705355.0,0.01273390709682985,6.9,7.07,6.89,7.07,2026-07-29,6.92,10.066289502072197
600307,酒钢宏兴,2026-07-30,6.005143856462056,6.334192834898334,5.964012734157522,6.087406101071126,66514900.0,99572625.0,0.010619687732513474,1.46,1.54,1.45,1.48,2026-07-29,1.46,4.1131122304534635
600308,华泰股份,2026-07-30,35.05396121953806,35.49213573478229,34.834873961915946,35.38259210597123,9873160.0,31745112.0,0.006508902446770764,3.2,3.24,3.18,3.23,2026-07-29,3.2,10.954362881105643
600309,万华化学,2026-07-30,3060.485235682659,3160.3689075687275,3058.4215234536077,3159.956165122918,43719598.0,3314329353.0,0.013965818324909488,74.15,76.57,74.1,76.56,2026-07-29,74.49,41.27424458102035
600310,广西能源,2026-07-30,44.19347856942342,44.5961526338373,42.482113795664425,42.884787860078305,67910521.0,292721277.0,0.04633282678544805,4.39,4.43,4.22,4.26,2026-07-29,4.42,10.06685161034702
600312,平高电气,2026-07-30,127.70133909797677,132.2667598011731,127.50567821069694,127.57089850645687,38851528.0,774698156.0,0.028632115762580304,19.58,20.28,19.55,19.56,2026-07-29,19.76,6.522029575994728
600313,农发种业,2026-07-30,22.671895434688658,23.163871465821146,22.58989942949991,22.835887445066152,21384102.0,119296068.0,0.019759867324840707,5.53,5.65,5.51,5.57,2026-07-29,5.54,4.09980025943737
600315,上海家化,2026-07-30,103.30422000622356,106.63661419997271,102.8523699460542,105.2810640194646,8450529.0,157733224.0,0.012570964603302003,18.29,18.88,18.21,18.64,2026-07-29,18.22,5.648125752117199
600316,洪都航空,2026-07-30,106.44793892020061,109.7446151051783,105.49363791928602,107.09859869355148,8466544.0,210218673.0,0.011806404497919294,24.54,25.3,24.32,24.69,2026-07-29,24.58,4.337731822339063
600318,新力金融,2026-07-30,20.420630737465203,20.899239270374544,20.356816266410625,20.51635244404707,12040384.0,77971022.0,0.02348300198496031,6.4,6.55,6.38,6.43,2026-07-29,6.43,3.190723552728938
600319,亚星化学,2026-07-30,7.997488822978114,8.381841335727524,7.982706034026213,8.160099501449016,6466100.0,35945561.0,0.01667769795326904,5.41,5.67,5.4,5.52,2026-07-29,5.45,1.4782788951900394
600320,振华重工,2026-07-30,60.067811039646266,61.6188578035808,60.067811039646266,60.772832295980145,44626181.0,192735072.0,0.013481391297587075,4.26,4.37,4.26,4.31,2026-07-29,4.27,14.100425126677528
600322,津投城开,2026-07-30,7.57845768485525,8.089702846135168,7.518311195292907,7.638604174417594,30984500.0,79629524.0,0.028022519670796782,2.52,2.69,2.5,2.54,2026-07-29,2.54,3.007324478117163
600323,瀚蓝环境,2026-07-30,121.24322471824924,123.72946835233061,120.03895045799106,122.68058431920252,6937111.0,217389868.0,0.008508168617542446,31.21,31.85,30.9,31.58,2026-07-29,31.2,3.884755678252138
600325,华发股份,2026-07-30,27.05090673402143,28.13294300338229,26.942703107085347,27.375517614829686,73019299.0,186598986.0,0.026531708976219977,2.5,2.6,2.49,2.53,2026-07-29,2.51,10.820362693608573
600326,西藏天路,2026-07-30,68.22162852892043,72.95085646529103,67.51727543201417,72.24650336838477,111762014.0,789755190.0,0.08202930815170358,6.78,7.25,6.71,7.18,2026-07-29,6.81,10.06218709866083
600327,大东方,2026-07-30,63.75617696556671,65.1808960039034,63.043817446398364,63.22190732619045,12337500.0,44434557.0,0.013944151903389788,3.58,3.66,3.54,3.55,2026-07-29,3.6,17.808987979208577
600328,中盐化工,2026-07-30,27.808156662673326,28.507732930916678,27.808156662673326,28.24539183032542,16290563.0,105069577.0,0.01110990731040961,6.36,6.52,6.36,6.46,2026-07-29,6.4,4.372351676520963
600329,达仁堂,2026-07-30,140.00365763642517,143.39321987393865,138.89836560245342,141.10894967039695,4169400.0,159723128.0,0.007352280475530562,38.0,38.92,37.7,38.3,2026-07-29,38.1,3.684306779905926
600330,天通股份,2026-07-30,92.95690440906222,94.76139229276558,84.50158975399499,84.50158975399499,95663476.0,1619838914.0,0.07755862391957126,18.03,18.38,16.39,16.39,2026-07-29,18.21,5.155679667723916
600331,宏达股份,2026-07-30,101.6302825113849,105.02334440763146,99.44902843522641,99.77217718724988,57281711.0,724374522.0,0.02818981840551181,12.58,13.0,12.31,12.35,2026-07-29,12.57,8.078718800587035
600332,白云山,2026-07-30,37.614257090503536,38.076096536362385,37.39188994990484,37.97346554839375,12557400.0,277444088.0,0.008931987227694999,21.99,22.26,21.86,22.2,2026-07-29,21.98,1.7105164661438625
600333,长春燃气,2026-07-30,15.24718084759719,15.43215531195279,15.088631306720965,15.115056230200334,9962176.0,57479228.0,0.016357428717006975,5.77,5.84,5.71,5.72,2026-07-29,5.76,2.6424923479371216
600335,国机汽车,2026-07-30,29.531487058971194,30.742739457874308,29.531487058971194,30.39666734390199,14592953.0,76689239.0,0.009810672886377672,5.12,5.33,5.12,5.27,2026-07-29,5.14,5.767868566205311
600336,澳柯玛,2026-07-30,19.67323422382059,20.433712185413654,19.540977187021795,20.03694107501727,8566000.0,52189943.0,0.010734137177353418,5.95,6.18,5.91,6.06,2026-07-29,5.97,3.306425919969847
600338,西藏珠峰,2026-07-30,23.45512556762024,23.894909172013115,22.942044695828542,23.143612181175282,38417187.0,491631381.0,0.042022270528935965,12.8,13.04,12.52,12.63,2026-07-29,12.82,1.832431684970331
600339,中油工程,2026-07-30,14.04816413208196,14.25536419302712,13.799524058947766,14.006724119892926,67222533.0,227296436.0,0.012040257462151496,3.39,3.44,3.33,3.38,2026-07-29,3.35,4.144001218903233
600343,航天动力,2026-07-30,54.40039495386327,54.958984291666766,51.85571019275842,52.22810308462742,24333080.0,416329063.0,0.03812729233461025,17.53,17.71,16.71,16.83,2026-07-29,17.7,3.1032740989083436
600345,长江通信,2026-07-30,88.94039346304888,91.70278768408268,84.24214817373155,85.6124697164491,8754841.0,351904228.0,0.04138244513073798,40.89,42.16,38.73,39.36,2026-07-29,41.16,2.175113559869134
600346,恒力石化,2026-07-30,183.47463763971166,186.99876033147083,181.93283396206704,186.337987326766,33306682.0,559852469.0,0.004731667828639587,16.66,16.98,16.52,16.92,2026-07-29,16.66,11.0128834117474
600348,华阳股份,2026-07-30,149.80283185404585,150.66475838945465,146.872281633656,149.11329062571883,23202050.0,200480485.0,0.006431614691614691,8.69,8.74,8.52,8.65,2026-07-29,8.64,17.23853070817559
600350,山东高速,2026-07-30,36.82469336877979,37.083566432883686,35.206736718130415,35.2390958511434,20240686.0,224756868.0,0.004186656216790453,11.38,11.46,10.88,10.89,2026-07-29,11.36,3.235913301298751
600351,亚宝药业,2026-07-30,53.78297076063561,54.361282274190835,52.29588401149361,52.956811455556725,16237907.0,104728444.0,0.023465181966187326,6.51,6.58,6.33,6.41,2026-07-29,6.52,8.26159305078888
600352,浙江龙盛,2026-07-30,279.8948309002109,287.89784337139827,274.62969111653496,278.2099861694346,87149051.0,1160431506.0,0.02678763026652928,13.29,13.67,13.04,13.21,2026-07-29,13.55,21.060559134703603
600353,旭光电子,2026-07-30,285.8988328018903,286.8439529103263,254.70986922350227,254.70986922350227,39186973.0,875508630.0,0.047280942799178695,24.2,24.28,21.56,21.56,2026-07-29,23.96,11.814001355450014
600354,敦煌种业,2026-07-30,16.95573900030179,17.718453903429552,16.92640381171995,17.161085320374646,33216680.0,195507211.0,0.06293396949098798,5.78,6.04,5.77,5.85,2026-07-29,5.81,2.9335188581837004
600356,恒丰纸业,2026-07-30,17.354266789656457,18.358413044152304,17.288778990450204,17.9654862489148,13421945.0,110219376.0,0.04492981316478914,7.95,8.41,7.92,8.23,2026-07-29,7.9,2.1829266402083594
600358,国旅联合,2026-07-30,17.425747181551042,17.713776060584944,17.173721912396378,17.20972552227562,6951600.0,33590641.0,0.013767271324684565,4.84,4.92,4.77,4.78,2026-07-29,4.84,3.6003609879237692
600359,新农开发,2026-07-30,9.222723159193752,9.444957452186372,9.159227646910145,9.20684928112285,6500860.0,38136834.0,0.017039689518166125,5.81,5.95,5.77,5.8,2026-07-29,5.81,1.5873878070901466
600360,华微电子,2026-07-30,83.097837087074,83.78318007335915,77.10108595707898,77.44375745022154,75019419.0,697598754.0,0.07812119739367172,9.7,9.78,9.0,9.04,2026-07-29,9.82,8.566787328564331
600361,创新新材,2026-07-30,20.78790034604876,21.121396073525478,20.73231772480264,20.84348296729488,50479600.0,190341890.0,0.013523749981331358,3.74,3.8,3.73,3.75,2026-07-29,3.74,5.558262124611968
600362,江西铜业,2026-07-30,74.05165009580541,75.03189720575918,71.71281488609117,72.4694968657046,40870733.0,1745398363.0,0.01969439060688766,43.06,43.63,41.7,42.14,2026-07-29,42.85,1.719731771848709
600363,联创光电,2026-07-30,85.55135998689634,87.70338723114877,84.5250085319452,85.1540626494959,13466899.0,349519844.0,0.02986747387297235,25.84,26.49,25.53,25.72,2026-07-29,26.03,3.3108111450037288
600366,宁波韵升,2026-07-30,134.05152239551768,137.25790655585206,130.1052034289523,131.58507304141432,56053234.0,605024164.0,0.05100194751506147,10.87,11.13,10.55,10.67,2026-07-29,10.92,12.332246770516806
600367,红星发展,2026-07-30,132.10237796367747,135.61033768598335,119.68604684130526,124.3940980475579,27034916.0,735601503.0,0.0839663596578674,28.62,29.38,25.93,26.95,2026-07-29,28.62,4.61573647671829
600368,五洲交通,2026-07-30,21.599012775185667,21.87951943460366,21.599012775185667,21.711215438952866,13284477.0,51499663.0,0.008253002304797384,3.85,3.9,3.85,3.87,2026-07-29,3.85,5.610133188359914
600369,西南证券,2026-07-30,20.901606637435727,21.15404150020669,20.75014571977315,21.053067555098306,46595930.0,193785186.0,0.007012063930103189,4.14,4.19,4.11,4.17,2026-07-29,4.16,5.048697255419258
600371,万向德农,2026-07-30,28.41979208458233,28.894894991771398,28.031071524154914,28.63574795148645,4973988.0,32919628.0,0.01700055369850091,6.58,6.69,6.49,6.63,2026-07-29,6.54,4.319117338082421
600372,中航机载,2026-07-30,34.674382440582114,35.077212620856976,34.58142162974946,34.98425181002432,29642901.0,333652247.0,0.006125962851990083,11.19,11.32,11.16,11.29,2026-07-29,11.24,3.0986936944219945
600373,中文传媒,2026-07-30,41.21964100614133,42.62741563066801,41.163330021160256,42.40217169074374,15046898.0,112749094.0,0.011167700025103708,7.32,7.57,7.31,7.53,2026-07-29,7.32,5.631098498106739
600375,汉马科技,2026-07-30,15.566839400084197,15.99816240613187,15.566839400084197,15.841317676659989,33045947.0,133799173.0,0.022592649702147916,3.97,4.08,3.97,4.04,2026-07-29,3.98,3.9211182367970268
600376,首开股份,2026-07-30,36.647889923307076,37.95674313485376,36.647889923307076,37.151295004671184,92928662.0,343668511.0,0.03602493183229207,3.64,3.77,3.64,3.69,2026-07-29,3.69,10.068101627282164
600377,宁沪高速,2026-07-30,44.483075243788385,45.09638609467598,43.83368728402505,44.69953789704283,15760275.0,194865990.0,0.004145059560745745,12.33,12.5,12.15,12.39,2026-07-29,12.34,3.607710887574078
600378,昊华科技,2026-07-30,166.71365549507166,167.06250992414763,151.51910702865268,156.05421460663996,51650188.0,2110149349.0,0.04815574862079524,43.01,43.1,39.09,40.26,2026-07-29,43.16,3.87616032306607
600379,宝光股份,2026-07-30,32.486634616046786,32.96437924275336,29.676372106008138,29.676372106008138,20518100.0,224774565.0,0.06213810665051847,11.56,11.73,10.56,10.56,2026-07-29,11.73,2.8102625100386494
600380,健康元,2026-07-30,119.73871330489169,121.49957673584598,118.21263166473132,120.20827688647951,15231786.0,155696708.0,0.00832586723256364,10.2,10.35,10.07,10.24,2026-07-29,10.2,11.739089539695264
600382,广东明珠,2026-07-30,45.90966876268216,49.699038247855924,45.90966876268216,46.05541374288115,28700154.0,187315678.0,0.04133038548172788,6.3,6.82,6.3,6.32,2026-07-29,6.28,7.287249009949549
600383,金地集团,2026-07-30,40.814836235702536,42.07901257928625,40.63423961519058,41.35662609723842,94432736.0,216673951.0,0.020917263905730617,2.26,2.33,2.25,2.29,2026-07-29,2.27,18.059662051195815
600386,北巴传媒,2026-07-30,19.329723112571997,19.93949355776354,19.329723112571997,19.51265424612946,9852772.0,31807483.0,0.012218219246031746,3.17,3.27,3.17,3.2,2026-07-29,3.19,6.097704451915456
600388,龙净环保,2026-07-30,162.42433153696302,166.53518357248794,160.6886384552969,164.61678595590965,13414040.0,241399138.0,0.010561851228520535,17.78,18.23,17.59,18.02,2026-07-29,17.79,9.135226745610968
600389,江山股份,2026-07-30,107.38753540397886,114.58844885672382,106.50046635545232,111.8750611788779,20468662.0,438541536.0,0.047529692325554394,20.58,21.96,20.41,21.44,2026-07-29,20.32,5.218053226626767
600390,五矿资本,2026-07-30,33.30145013244364,34.04298039855068,33.30145013244364,33.705921186683845,40250062.0,201305332.0,0.008948305080679796,4.94,5.05,4.94,5.0,2026-07-29,4.97,6.741184237336769
600391,航发科技,2026-07-30,63.65842342489989,64.72773932946396,62.31609069363859,62.520853313661505,7927300.0,220942115.0,0.024012707721333983,27.98,28.45,27.39,27.48,2026-07-29,28.18,2.275140222476765
600392,盛和资源,2026-07-30,205.36080464738788,210.13427537855864,200.1810810880324,203.93891974874128,58894087.0,1189139974.0,0.033599494672196806,20.22,20.69,19.71,20.08,2026-07-29,20.55,10.15632070461859
600395,盘江股份,2026-07-30,30.117750359711756,30.61148397216605,29.68573344881425,30.364617165938903,29611600.0,145016480.0,0.013794492033874643,4.88,4.96,4.81,4.92,2026-07-29,4.87,6.171670155678639
600396,华电辽能,2026-07-30,97.40421339589065,100.53835527802971,89.35377052216089,89.35377052216089,269390001.0,4110500901.0,0.1829216772071206,15.85,16.36,14.54,14.54,2026-07-29,16.16,6.145376239488369
600397,江钨装备,2026-07-30,57.8319513415043,59.21301286607754,52.30770524321135,53.25718504135545,75617484.0,965018933.0,0.07638439231217249,13.4,13.72,12.12,12.34,2026-07-29,13.37,4.315817264291366
600398,海澜之家,2026-07-30,73.58318520186232,75.37789703605408,73.46353774624953,75.2582495804413,43951660.0,274505488.0,0.00915131419810047,6.15,6.3,6.14,6.29,2026-07-29,6.16,11.964745561278425
600399,抚顺特钢,2026-07-30,14.030037290841832,14.438679153681887,13.99598380227183,14.200304733691855,37088600.0,155692283.0,0.018806652806652807,4.12,4.24,4.11,4.17,2026-07-29,4.13,3.405348857000445
600400,红豆股份,2026-07-30,32.302306777338984,33.38305310074437,31.221560453933588,32.18222385251616,59387380.0,159793659.0,0.025917827326090413,2.69,2.78,2.6,2.68,2026-07-29,2.73,12.00829248228215
600403,大有能源,2026-07-30,31.98784419279642,35.41511321345318,31.98784419279642,32.84466144796061,135949810.0,793427462.0,0.05686343683271557,5.6,6.2,5.6,5.75,2026-07-29,5.64,5.712115034427932
600405,动力源,2026-07-30,28.288326854906593,28.920076089879693,28.00754941714077,28.288326854906593,11330204.0,45987936.0,0.018488343614375225,4.03,4.12,3.99,4.03,2026-07-29,4.03,7.019435944145556
600406,国电南瑞,2026-07-30,1227.193708696488,1251.8609189215433,1223.0825069923123,1249.8053180694553,75921057.0,1828389776.0,0.009480442920356427,23.88,24.36,23.8,24.32,2026-07-29,23.93,51.390021302198
600408,安泰集团,2026-07-30,10.37374838766954,10.685740820381406,10.13975406313564,10.25675122540259,40004300.0,106703984.0,0.03973410806515693,2.66,2.74,2.6,2.63,2026-07-29,2.68,3.899905408898323
600409,三友化工,2026-07-30,49.07654918971712,49.07654918971712,47.48409479123072,47.701247663751595,30948465.0,205836405.0,0.01499187312011721,6.78,6.78,6.56,6.59,2026-07-29,6.66,7.2384290840290735
600410,华胜天成,2026-07-30,170.80101184115057,178.132079367465,165.52778783099455,165.78501827051437,61521901.0,816909902.0,0.05610779692216711,13.28,13.85,12.87,12.89,2026-07-29,13.33,12.861521975990254
600415,小商品城,2026-07-30,499.0643655461636,520.6931582744885,489.85210197669187,515.0856934930708,158466648.0,2019610020.0,0.0288985021350073,12.46,13.0,12.23,12.86,2026-07-29,12.65,40.05331986726834
600416,湘电股份,2026-07-30,30.77855454836504,31.662800314395415,30.67652619074615,31.084639621221708,16589537.0,152594815.0,0.01124118107104333,9.05,9.31,9.02,9.14,2026-07-29,9.08,3.4009452539629876
600418,江淮汽车,2026-07-30,153.83386624117819,169.08553391718502,152.5166767600685,169.08553391718502,76768219.0,1807543036.0,0.03515012584483418,22.19,24.39,22.0,24.39,2026-07-29,22.17,6.9325762163667495
600419,天润乳业,2026-07-30,27.407918448853135,28.333861639692763,26.235057073789598,26.698028669209414,30218707.0,268619457.0,0.0957758755969387,8.88,9.18,8.5,8.65,2026-07-29,8.83,3.086477302798776
600420,XD国药现,2026-07-30,86.27890177025644,88.06603667458856,86.08033122533065,87.76818085719988,9364000.0,82242133.0,0.006981949495285429,8.69,8.87,8.67,8.84,2026-07-29,8.7,9.92852724628958
600422,昆药集团,2026-07-30,97.11745717486359,98.82877800613872,95.83396655140726,97.2244147268183,11432477.0,104182324.0,0.015102831093704366,9.08,9.24,8.96,9.09,2026-07-29,9.24,10.695755195469559
600425,青松建化,2026-07-30,22.28753991513639,22.67740941802507,22.157583414173494,22.352518165617834,14857272.0,51329377.0,0.009258576480623785,3.43,3.49,3.41,3.44,2026-07-29,3.43,6.497825048144719
600426,华鲁恒升,2026-07-30,263.33382104455393,272.7211841095681,263.33382104455393,267.4788904498849,43393383.0,956636495.0,0.015781827979787534,21.6,22.37,21.6,21.94,2026-07-29,21.59,12.191380603914533
600428,中远海特,2026-07-30,76.73147293414551,80.14640678861703,75.54669996422683,76.52239535121869,67477762.0,749817568.0,0.027595043486583218,11.01,11.5,10.84,10.98,2026-07-29,11.24,6.9692527642275675
600429,三元股份,2026-07-30,6.331705211840177,6.345205649392074,6.007694710594624,6.129198648561705,47587775.0,218188851.0,0.0317769283326301,4.69,4.7,4.45,4.54,2026-07-29,4.69,1.350043755189803
600433,冠豪高新,2026-07-30,23.2666141268935,23.761648470018894,22.91301816751822,23.12517574314339,34211912.0,112819772.0,0.019546545119752328,3.29,3.36,3.24,3.27,2026-07-29,3.31,7.071919187505624
600435,北方导航,2026-07-30,140.34575288883553,142.33930051509742,139.14962431307842,140.47865606391966,17102198.0,181270129.0,0.011308301895704441,10.56,10.71,10.47,10.57,2026-07-29,10.59,13.290317508412455
600436,片仔癀,2026-07-30,954.9452425229935,994.0979270479386,951.0018066715601,970.3668934419917,8843717.0,1229162144.0,0.014658486204960073,135.61,141.17,135.05,137.8,2026-07-29,136.39,7.0418497347024065
600438,通威股份,2026-07-30,135.82370770855576,144.98169850851968,135.7047727631017,139.03495123581584,74891774.0,885226908.0,0.016635256489432208,11.42,12.19,11.41,11.69,2026-07-29,11.54,11.893494545407686
600439,瑞贝卡,2026-07-30,33.752286684927654,34.53722358457714,33.595299304997766,33.909274064857556,15113961.0,32773748.0,0.013351727386175568,2.15,2.2,2.14,2.16,2026-07-29,2.16,15.698737992989608
600444,国机通用,2026-07-30,27.526462642126763,28.090885377690878,27.24425127434471,27.61329690913663,2615750.0,33449583.0,0.017864468555161533,12.68,12.94,12.55,12.72,2026-07-29,12.65,2.1708566752465903
600446,金证股份,2026-07-30,176.6270673719053,185.65913331705954,176.12528593050783,183.4847470710039,30627868.0,335532772.0,0.032538963348164286,10.56,11.1,10.53,10.97,2026-07-29,10.59,16.72604804658194
600448,华纺股份,2026-07-30,5.624918561988051,5.777532631499354,5.559512532197492,5.668522581848424,14998242.0,39024696.0,0.023813549980915012,2.58,2.65,2.55,2.6,2026-07-29,2.57,2.1802009930186244
600449,宁夏建材,2026-07-30,53.036077408748085,54.78355936620271,51.507030695975274,51.94390118533894,6960711.0,84323098.0,0.014556643590232505,12.14,12.54,11.79,11.89,2026-07-29,11.94,4.36870489363658
600452,涪陵电力,2026-07-30,123.25140911178813,125.3872643155602,122.87449348759304,123.50268619458484,26007104.0,256359240.0,0.0169257396519626,9.81,9.98,9.78,9.83,2026-07-29,9.88,12.56385413983569
600455,博通股份,2026-07-30,24.08678540423922,24.616041558516564,23.81652694248057,24.289479250558202,2045700.0,44161894.0,0.032753210157225654,21.39,21.86,21.15,21.57,2026-07-29,21.39,1.1260769239943533
600456,XD宝钛股,2026-07-30,79.45345706237289,81.24756738313616,78.9693320551828,80.33627325195482,7613603.0,214805373.0,0.015935456103557014,27.9,28.53,27.73,28.21,2026-07-29,27.89,2.8477941599416807
600458,时代新材,2026-07-30,97.40736089230118,98.63151084965504,95.3962573909341,97.31992160963306,19991466.0,222598448.0,0.023000665756590502,11.14,11.28,10.91,11.13,2026-07-29,11.18,8.743928266813391
600459,贵研铂业,2026-07-30,105.00007496976934,106.92080804848464,102.90472979298903,105.00007496976934,17819120.0,322081203.0,0.023455276052234388,18.04,18.37,17.68,18.04,2026-07-29,18.12,5.820403268834221
600460,士兰微,2026-07-30,443.1226805518236,447.4773256673786,411.7392036845477,416.9948098584934,96457436.0,2739513492.0,0.05796470644571238,29.51,29.8,27.42,27.77,2026-07-29,29.9,15.016017639844918
600461,洪城环境,2026-07-30,53.08508599763174,53.5988126363185,52.17179419552195,52.97092452236801,10920210.0,101192946.0,0.00850379789909957,9.3,9.39,9.14,9.28,2026-07-29,9.31,5.708073763186208
600463,空港股份,2026-07-30,21.907104567812908,22.871017168796676,21.848685622298742,21.965523513327074,3533500.0,26963212.0,0.011778333333333333,7.5,7.83,7.48,7.52,2026-07-29,7.57,2.9209472757083876
600467,好当家,2026-07-30,20.0752427730713,20.445293331100263,19.98273013356406,20.0752427730713,26962702.0,59018905.0,0.018455035674115806,2.17,2.21,2.16,2.17,2026-07-29,2.17,9.251263950724102
600468,百利电气,2026-07-30,73.53843449705273,74.83999970938994,73.01780841211784,73.14796493335156,28380610.0,161190383.0,0.026091466786155783,5.65,5.75,5.61,5.62,2026-07-29,5.75,13.015652123372163
600469,风神股份,2026-07-30,14.868431093674289,15.270280582692514,14.868431093674289,15.011948768323657,6972200.0,36661271.0,0.009558148844817817,5.18,5.32,5.18,5.23,2026-07-29,5.23,2.8703534929873147
600470,六国化工,2026-07-30,13.034549977062243,13.488965480849732,12.914966949749745,12.914966949749745,27344651.0,150968860.0,0.052424560966257666,5.45,5.64,5.4,5.4,2026-07-29,5.51,2.3916605462499527
600475,华光环能,2026-07-30,62.80119854131361,68.96544902544255,62.708503045311666,68.96544902544255,23468618.0,338659827.0,0.024890203847809007,13.55,14.88,13.53,14.88,2026-07-29,13.53,4.634774800096945
600477,杭萧钢构,2026-07-30,81.53954591290248,83.60383821449494,81.19549719597039,81.53954591290248,35703933.0,85549116.0,0.01513540090453334,2.37,2.43,2.36,2.37,2026-07-29,2.38,34.404871693207795
600478,科力远,2026-07-30,51.009352207383444,52.33294817284449,50.80572205885098,51.72205772724709,30373217.0,154268557.0,0.01793073842738763,5.01,5.14,4.99,5.08,2026-07-29,5.03,10.181507426623442
600479,千金药业,2026-07-30,156.15671567151836,158.59666435388584,155.50606268955372,157.4580216354477,5275150.0,51030740.0,0.01260468409190757,9.6,9.75,9.56,9.68,2026-07-29,9.63,16.266324549116497
600480,凌云股份,2026-07-30,35.037807708730774,36.220690623228094,34.91544051067933,35.8127999630566,17781690.0,155783333.0,0.014657029157714494,8.59,8.88,8.56,8.78,2026-07-29,8.65,4.078906601714875
600481,双良节能,2026-07-30,40.552593113497174,41.77528436315035,40.246920301083875,40.75637498843937,47779888.0,192799482.0,0.023146913169086777,3.98,4.1,3.95,4.0,2026-07-29,4.0,10.189093747109842
600482,中国动力,2026-07-30,79.88950780536511,79.88950780536511,75.06132954024818,76.29644491039437,24758198.0,676789842.0,0.010915127364154122,28.46,28.46,26.74,27.18,2026-07-29,28.53,2.807080386695893
600483,福能股份,2026-07-30,42.131435718646316,42.51271567990103,41.25449180776046,41.78828375351707,11915853.0,130780629.0,0.004286052023812533,11.05,11.15,10.82,10.96,2026-07-29,11.08,3.8127996125471775
600486,扬农化工,2026-07-30,282.1450175122584,297.5756034257607,280.49709086130184,290.93395965069334,6934435.0,404763545.0,0.01715968856134114,56.5,59.59,56.17,58.26,2026-07-29,56.12,4.993717124110768
600487,亨通光电,2026-07-30,598.1219590247964,607.7496766750949,548.7799060670163,568.0353413676135,176301508.0,8468141359.0,0.07185286285544625,49.7,50.5,45.6,47.2,2026-07-29,49.75,12.034647062873166
600488,津药药业,2026-07-30,39.17209413252333,40.29343270501922,37.22844060686377,37.37795241652989,104497400.0,539642834.0,0.09570352117492632,5.24,5.39,4.98,5.0,2026-07-29,5.24,7.475590483305978
600489,中金黄金,2026-07-30,271.83703494329495,280.4472577695532,267.53192353016584,269.3769712786497,94572804.0,2105066321.0,0.019510358111084664,22.1,22.8,21.75,21.9,2026-07-29,21.74,12.300318323226016
600490,鹏欣资源,2026-07-30,87.60305950737454,89.59705934441645,85.87492631527155,85.87492631527155,49735900.0,328491472.0,0.024960035232704264,6.59,6.74,6.46,6.46,2026-07-29,6.51,13.293332246946061
600493,凤竹纺织,2026-07-30,14.769259176980686,15.09565164498026,14.442866708981112,14.633262315314198,6217050.0,33794598.0,0.022856801470588235,5.43,5.55,5.31,5.38,2026-07-29,5.47,2.7199372333297767
600495,晋西车轴,2026-07-30,29.30759494617195,29.686246043667712,29.00467406817534,29.156134507173647,7765380.0,30052495.0,0.006427279074839834,3.87,3.92,3.83,3.85,2026-07-29,3.88,7.5730219499152325
600496,精工钢构,2026-07-30,34.533425802057224,35.265953016040264,34.42877905720251,34.533425802057224,27347858.0,91021878.0,0.013741774897896783,3.3,3.37,3.29,3.3,2026-07-29,3.31,10.464674485471887
600497,驰宏锌锗,2026-07-30,215.12983154882608,218.70737863666687,210.121265625849,212.7448001569322,99980082.0,897575486.0,0.019835820398322893,9.02,9.17,8.81,8.92,2026-07-29,9.08,23.85031391893859
600498,烽火通信,2026-07-30,131.2268560997103,134.42939331119987,121.00188789435211,123.66423810631329,70236226.0,2300395983.0,0.05523359618430345,34.01,34.84,31.36,32.05,2026-07-29,34.56,3.8584785680596974
600499,科达制造,2026-07-30,494.6995606254662,508.0698190207491,489.64857412058154,498.8591965706653,43350107.0,727454741.0,0.02260341660795394,16.65,17.1,16.48,16.79,2026-07-29,16.65,29.711685322850823
600500,中化国际,2026-07-30,43.116442509726454,44.049698841105815,41.80988364579535,41.90320927893329,85323050.0,390875630.0,0.023778084364945586,4.62,4.72,4.48,4.49,2026-07-29,4.69,9.332563313793605
600501,航天晨光,2026-07-30,65.36876091193406,66.2681138861026,64.13806736833502,64.37473920364252,6651100.0,91655491.0,0.015546338893405282,13.81,14.0,13.55,13.6,2026-07-29,13.83,4.733436706150186
600502,安徽建工,2026-07-30,78.31351739863344,79.47004613658794,77.81786222522436,78.64395418090615,26645358.0,126982205.0,0.015522767951238725,4.74,4.81,4.71,4.76,2026-07-29,4.75,16.521839113635746
600503,华丽家族,2026-07-30,6.035917242505557,6.183856390606183,5.917565924025056,5.976741583265307,28730378.0,58650106.0,0.017930822759924858,2.04,2.09,2.0,2.02,2026-07-29,2.04,2.958782962012528
600505,西昌电力,2026-07-30,35.52942730930635,35.91491838318671,34.85481793001572,35.01543921079921,8706253.0,95812752.0,0.023881045348255123,11.06,11.18,10.85,10.9,2026-07-29,11.1,3.212425615669652
600506,统一股份,2026-07-30,23.23450690615997,23.615672140711812,22.62132805057658,22.770479664096865,5156310.0,71987487.0,0.020656256277676206,14.02,14.25,13.65,13.74,2026-07-29,13.94,1.6572401502253904
600507,方大特钢,2026-07-30,114.54320316872958,117.31847901643009,112.77711853837471,114.54320316872958,37717380.0,171491653.0,0.01630536808663649,4.54,4.65,4.47,4.54,2026-07-29,4.56,25.229780433640876
600508,上海能源,2026-07-30,32.691592654457004,33.30122608391075,32.42487802907099,33.03451145852473,8088235.0,69887608.0,0.007993865815277485,8.58,8.74,8.51,8.67,2026-07-29,8.58,3.810208934085898
600509,天富能源,2026-07-30,49.50109273890295,50.22230071258233,48.71432040397998,49.43552837765937,27237171.0,205424759.0,0.01981753666099575,7.55,7.66,7.43,7.54,2026-07-29,7.66,6.556436124358006
600510,黑牡丹,2026-07-30,39.45148693702888,40.52456738171606,38.82026314603642,39.45148693702888,7609600.0,47814220.0,0.0073734615249902696,6.25,6.42,6.15,6.25,2026-07-29,6.28,6.312237909924621
600511,国药股份,2026-07-30,171.27621988416627,174.11437050184335,170.59753169298259,173.49738123713095,6228397.0,174368959.0,0.011255872867084798,27.76,28.22,27.65,28.12,2026-07-29,27.75,6.169892647124144
600512,腾达建设,2026-07-30,13.037044555105266,13.300419192582142,13.037044555105266,13.168731873843704,25907790.0,51800821.0,0.01632084272110938,1.98,2.02,1.98,2.0,2026-07-29,2.0,6.584365936921852
600513,联环药业,2026-07-30,108.6311517919966,119.9379515173823,107.55772143832075,119.9379515173823,32039176.0,525693641.0,0.11223847351469982,15.18,16.76,15.03,16.76,2026-07-29,15.24,7.156202357839039
600515,海南机场,2026-07-30,9.284546594318012,9.575699623408124,9.252196257752445,9.446298277145852,123073164.0,360522814.0,0.013412488691869163,2.87,2.96,2.86,2.92,2026-07-29,2.88,3.2350336565567988
600516,方大炭素,2026-07-30,68.7779710646921,69.58082675805426,68.24273393578399,69.04558962914615,37415208.0,192691215.0,0.009293463334303408,5.14,5.2,5.1,5.16,2026-07-29,5.15,13.380928222702742
600517,国网英大,2026-07-30,111.75947880209179,114.20352307012958,111.75947880209179,113.7591513850318,27438338.0,140055288.0,0.004798224414568153,5.03,5.14,5.03,5.12,2026-07-29,5.05,22.218584254889024
600518,康美药业,2026-07-30,59.766085613213,61.10413230604613,59.766085613213,60.21210117749071,142266573.0,192734492.0,0.010292500948102742,1.34,1.37,1.34,1.35,2026-07-29,1.35,44.601556427770895
600519,贵州茅台,2026-07-30,11497.544475870085,11836.474358378726,11488.85396606217,11834.388636024827,7187261.0,9712135434.0,0.005749433472383376,1323.0,1362.0,1322.0,1361.76,2026-07-29,1321.0,8.690509807913896
600520,三佳科技,2026-07-30,55.17266912806414,55.74973660871238,51.05792709213758,51.48445523000802,15715398.0,329967801.0,0.09919458435902291,21.99,22.22,20.35,20.52,2026-07-29,22.2,2.508989046296687
600521,华海药业,2026-07-30,299.8576320445736,309.23968065455716,297.09820598281374,300.22555551947494,36954944.0,608378676.0,0.024681843245064106,16.3,16.81,16.15,16.32,2026-07-29,16.27,18.396173745065866
600522,中天科技,2026-07-30,285.2579538207804,289.65706551438393,264.14221769148344,270.7897642507065,219671160.0,6194856280.0,0.0643640200995265,29.18,29.63,27.02,27.7,2026-07-29,29.34,9.775803763563413
600523,贵航股份,2026-07-30,23.915913438266518,24.215397148584707,23.466687872789244,23.659213115136648,3855180.0,42932539.0,0.009541470939521481,11.18,11.32,10.97,11.06,2026-07-29,11.16,2.13916935941561
600526,菲达环保,2026-07-30,17.21909013734162,17.53796217692202,17.179231132394065,17.338667152184268,7112500.0,30988718.0,0.008147126952478302,4.32,4.4,4.31,4.35,2026-07-29,4.33,3.985900494755004
600527,江南高纤,2026-07-30,61.40331268666978,62.85150402361953,60.82403615188988,61.40331268666978,46003600.0,98193895.0,0.02656463715451176,2.12,2.17,2.1,2.12,2026-07-29,2.14,28.963826738995177
600528,中铁工业,2026-07-30,34.25743253530762,34.82680814531273,34.2099845678072,34.68446424281145,14427201.0,104944981.0,0.006494200304836675,7.22,7.34,7.21,7.31,2026-07-29,7.24,4.744796750042607
600529,山东药玻,2026-07-30,172.6939455092265,176.57074836759685,172.6939455092265,176.39453005585275,15485532.0,307794792.0,0.023335145676746626,19.6,20.04,19.6,20.02,2026-07-29,19.67,8.810915587205432
600530,交大昂立,2026-07-30,30.86079707216702,32.31232740480474,30.797687057704515,31.49189721679212,12020153.0,60416785.0,0.01551147602333144,4.89,5.12,4.88,4.99,2026-07-29,4.92,6.311001446250925
600531,豫光金铅,2026-07-30,130.16857566536453,131.61985481086174,126.48455937294857,127.71256480375388,37190289.0,430399651.0,0.030754516005090566,11.66,11.79,11.33,11.44,2026-07-29,11.61,11.163685734593871
600533,栖霞建设,2026-07-30,19.357728899131825,19.944326744560062,19.16219628398908,19.357728899131825,12222200.0,24514851.0,0.011640190476190476,1.98,2.04,1.96,1.98,2026-07-29,1.99,9.776630757137285
600535,天士力,2026-07-30,213.20361185440464,215.61572059945763,210.38948498517618,212.80159373022917,17778996.0,282308539.0,0.011900663302317135,15.91,16.09,15.7,15.88,2026-07-29,15.95,13.400604139183196
600536,中国软件,2026-07-30,273.83901524624093,282.8979618753699,269.1801284084032,269.6977825014963,23105191.0,738928511.0,0.027386984595182615,31.74,32.79,31.2,31.26,2026-07-29,31.87,8.627568218218052
600538,国发股份,2026-07-30,15.095876358679782,15.289413235073114,14.483009583434237,14.483009583434237,11109000.0,51480033.0,0.021192359804995037,4.68,4.74,4.49,4.49,2026-07-29,4.68,3.225614606555509
600539,狮头股份,2026-07-30,18.01902656258413,20.231889473778672,17.070656743500756,19.441581291209193,37036903.0,510098589.0,0.16103001304347825,13.68,15.36,12.96,14.76,2026-07-29,14.4,1.3171803042824657
600540,新赛股份,2026-07-30,11.698835861123229,11.86740698304143,11.429122066054106,11.530264739205027,19114500.0,66006340.0,0.03287797989105038,3.47,3.52,3.39,3.42,2026-07-29,3.46,3.3714224383640428
600545,卓郎智能,2026-07-30,16.873557130861574,17.18356999153357,15.85494344579644,16.032093651894726,78239363.0,290455621.0,0.043760181309393166,3.81,3.88,3.58,3.62,2026-07-29,3.84,4.428755152457106
600546,山煤国际,2026-07-30,136.70333958114978,138.8818788573434,134.41587334114647,135.83192387067234,19701235.0,246270009.0,0.009937791107953592,12.55,12.75,12.34,12.47,2026-07-29,12.49,10.89269638096811
600547,山东黄金,2026-07-30,574.3905633117582,589.8588908695256,568.4094766560881,571.0906534327679,80047105.0,2245625126.0,0.022146454464818038,27.85,28.6,27.56,27.69,2026-07-29,27.33,20.624436743689703
600548,深高速,2026-07-30,25.98617667120856,26.379448262274586,25.804666706101166,26.379448262274586,3995263.0,34521485.0,0.00233037940372839,8.59,8.72,8.53,8.72,2026-07-29,8.59,3.025166085123232
600549,厦门钨业,2026-07-30,686.6196561487434,697.7853823416584,641.6667325149291,652.5424398456906,51258710.0,2352144620.0,0.032986456717365456,47.35,48.12,44.25,45.0,2026-07-29,47.37,14.500943107682014
600550,保变电气,2026-07-30,83.2655811225055,85.84968536423843,82.90667775559815,83.33736179588696,52542346.0,614246518.0,0.02853192148296289,11.6,11.96,11.55,11.61,2026-07-29,11.85,7.1780673381470255
600551,时代出版,2026-07-30,41.190689294110115,42.52529189274108,41.06936178514366,41.8579905934256,7309320.0,50482047.0,0.010779829694671823,6.79,7.01,6.77,6.9,2026-07-29,6.8,6.0663754483225505
600552,凯盛科技,2026-07-30,133.9900223065141,135.6136258931364,124.84657052922009,126.55562693619093,71557326.0,1079177712.0,0.07575355044995045,15.68,15.87,14.61,14.81,2026-07-29,15.67,8.545282034854216
600556,天下秀,2026-07-30,20.042132276072042,20.901727114097707,19.996890442491743,20.13261594323264,45516445.0,205524249.0,0.02517853927312715,4.43,4.62,4.42,4.45,2026-07-29,4.46,4.5241833580298065
600557,康缘药业,2026-07-30,113.60920587313595,114.94683388577099,111.11230024955054,113.2525050697666,7711229.0,97894314.0,0.013620257988180087,12.74,12.89,12.46,12.7,2026-07-29,12.76,8.91752008423359
600558,大西洋,2026-07-30,34.320865446187305,35.05736470468918,34.173565594486924,34.46816529788768,13657540.0,64241657.0,0.015215537537587072,4.66,4.76,4.64,4.68,2026-07-29,4.69,7.364992585018735
600559,老白干酒,2026-07-30,87.47896000703308,92.89153780011036,87.1863882344343,91.50182188026619,33752184.0,421480071.0,0.03689781722964836,11.96,12.7,11.92,12.51,2026-07-29,12.0,7.31429431496932
600560,金自天正,2026-07-30,49.48831276344746,50.7137376509233,49.064127225475055,49.58257621633022,2567600.0,27189032.0,0.011480669184043498,10.5,10.76,10.41,10.52,2026-07-29,10.56,4.713172644137853
600561,江西长运,2026-07-30,14.044198091792051,14.374003135043528,13.796844309353443,14.09916559900063,5348600.0,27468759.0,0.018801533200598432,5.11,5.23,5.02,5.13,2026-07-29,5.1,2.7483753604289727
600562,国睿科技,2026-07-30,176.1712703576913,178.1562987560878,172.13031968952694,172.48478904638347,9697848.0,238164379.0,0.007809145046747058,24.85,25.13,24.28,24.33,2026-07-29,24.84,7.0893871371304344
600563,法拉电子,2026-07-30,408.9806031058358,411.57252144534226,391.47008502149606,402.65150018378534,4954404.0,659608580.0,0.022019573333333334,135.7,136.56,129.89,133.6,2026-07-29,135.7,3.0138585343097706
600566,济川药业,2026-07-30,68.37450439868758,69.18878952736566,67.71289773163663,68.52718286031471,5892410.0,158389259.0,0.006414405604502817,26.87,27.19,26.61,26.93,2026-07-29,26.92,2.5446410271190016
600567,山鹰国际,2026-07-30,5.596172858861869,5.6803258341831,5.596172858861869,5.596172858861869,68010862.0,91024899.0,0.010782618388201826,1.33,1.35,1.33,1.33,2026-07-29,1.33,4.207648766061555
600569,安阳钢铁,2026-07-30,4.836118653182584,5.300604625522154,4.808795948927315,5.027377582969466,58582874.0,109493090.0,0.020394944239563603,1.77,1.94,1.76,1.84,2026-07-29,1.76,2.7322704255268837
600570,恒生电子,2026-07-30,948.1344424746769,992.5095947869765,946.8163686436187,977.571424701648,50882648.0,1131678177.0,0.026870173104225306,21.58,22.59,21.55,22.25,2026-07-29,21.87,43.935794368613394
600571,信雅达,2026-07-30,118.56147756654734,123.5162855842538,118.08959108867053,119.74119376123934,14483458.0,149381706.0,0.03164042406631964,10.05,10.47,10.01,10.15,2026-07-29,10.08,11.797161946920133
600572,康恩贝,2026-07-30,73.4365292272585,74.2864890562777,72.75656136404315,73.4365292272585,43423765.0,187755819.0,0.017151407481287732,4.32,4.37,4.28,4.32,2026-07-29,4.34,16.999196580383913
600573,惠泉啤酒,2026-07-30,12.684860643634275,13.106372108427935,12.645343943809868,12.777066276557886,12277771.0,120088626.0,0.049111084,9.63,9.95,9.6,9.7,2026-07-29,9.67,1.3172233274801946
600575,淮河能源,2026-07-30,62.40409690137662,65.31507518249039,62.222160758807,64.76926675478155,88990890.0,310887081.0,0.022898845062535703,3.43,3.59,3.42,3.56,2026-07-29,3.43,18.193614256961112
600576,祥源文旅,2026-07-30,16.867463413930285,17.265425345656407,16.53072639477741,16.683788676210536,10294260.0,56846084.0,0.015588150496196957,5.51,5.64,5.4,5.45,2026-07-29,5.54,3.0612456286624834
600577,精达股份,2026-07-30,194.53685543645878,201.82873221319352,193.4951587540681,198.18279382482615,79178296.0,603140615.0,0.03666129342747926,7.47,7.75,7.43,7.61,2026-07-29,7.54,26.042417059766905
600578,京能电力,2026-07-30,33.03276179311209,33.967132758973825,31.38387185335608,31.71364984130728,226003882.0,1343586861.0,0.03375902556599016,6.01,6.18,5.71,5.77,2026-07-29,5.95,5.496299799186704
600579,中化装备,2026-07-30,13.790703139982925,13.829010648705099,13.46508931584444,13.484243070205528,6312600.0,44862159.0,0.012788878227798672,7.2,7.22,7.03,7.04,2026-07-29,7.2,1.9153754361087396
600580,卧龙电驱,2026-07-30,264.05052976151313,266.7596665237722,258.3613425607692,260.16743373560854,30632113.0,889170188.0,0.01966581512884203,29.24,29.54,28.61,28.81,2026-07-29,29.63,9.030455874196756
600582,天地科技,2026-07-30,222.70451485713815,226.3479425030627,222.2490864013976,225.4370855915816,19129300.0,94368254.0,0.004622179322275145,4.89,4.97,4.88,4.95,2026-07-29,4.92,45.542845574056884
600583,海油工程,2026-07-30,120.69081247690562,121.9770378318993,117.90399087441935,121.33392515440246,40634000.0,228933462.0,0.009190395667861806,5.63,5.69,5.5,5.66,2026-07-29,5.55,21.437089249894427
600584,长电科技,2026-07-30,363.3259886125929,370.22918239623215,334.8308503628338,334.8308503628338,159793915.0,10647381356.0,0.08929954951691267,70.0,71.33,64.51,64.51,2026-07-29,71.68,5.190371265894184
600585,海螺水泥,2026-07-30,108.31723747426246,110.2061484274921,108.02209513782032,110.02906302562681,32595310.0,604101403.0,0.008195006270187438,18.35,18.67,18.3,18.64,2026-07-29,18.34,5.90284672884264
600586,金晶科技,2026-07-30,56.51950349852479,57.88801447911862,56.10895020434664,57.61431228299985,23523460.0,98543507.0,0.016596933814714727,4.13,4.23,4.1,4.21,2026-07-29,4.11,13.685109805938206
600587,新华医疗,2026-07-30,99.20285944534729,100.8215541216117,98.50913315551968,100.20490853065382,6820998.0,88365345.0,0.011243813220186043,12.87,13.08,12.78,13.0,2026-07-29,12.89,7.708069886973371
600588,用友网络,2026-07-30,523.520357581458,555.7039861213017,521.3747823454685,540.1485656603772,90983883.0,923638992.0,0.02662685162135574,9.76,10.36,9.72,10.07,2026-07-29,9.73,53.63938089973955
600589,大位科技,2026-07-30,39.266095435576,39.597454890728535,37.88543103910708,37.88543103910708,54116500.0,377846054.0,0.03660304505761697,7.11,7.17,6.86,6.86,2026-07-29,7.12,5.522657585875668
600590,泰豪科技,2026-07-30,34.97488558961483,35.45881482418812,34.18300138758581,34.44696278826215,24999004.0,197084086.0,0.029634788026831074,7.95,8.06,7.77,7.83,2026-07-29,8.04,4.399356677938972
600592,龙溪股份,2026-07-30,46.807027831275754,48.03786627913048,46.349859264929705,46.45535970331726,7140210.0,95613104.0,0.017870469739838715,13.31,13.66,13.18,13.21,2026-07-29,13.44,3.516681279584955
600593,大连圣亚,2026-07-30,69.6579503519663,71.0886417835751,68.39448259418191,68.48738463519547,5143546.0,193532763.0,0.039934363354037265,37.49,38.26,36.81,36.86,2026-07-29,37.49,1.8580408202711738
600594,益佰制药,2026-07-30,56.75723546856002,58.180118808997456,55.33435212812258,55.49245027706007,40269163.0,144239563.0,0.05133793493294632,3.59,3.68,3.5,3.51,2026-07-29,3.61,15.809814893749309
600595,中孚实业,2026-07-30,50.86247175875482,53.02027359094443,50.70834305645557,51.09366481220371,108401698.0,727495035.0,0.027046972150448968,6.6,6.88,6.58,6.63,2026-07-29,6.52,7.7064351149628525
600596,新安股份,2026-07-30,129.23989604860293,135.3819901182395,128.98397546236805,131.7991019109515,48434853.0,500444036.0,0.03588838093258161,10.1,10.58,10.08,10.3,2026-07-29,10.25,12.796029311742863
600597,光明乳业,2026-07-30,17.961979262279268,18.374305902446366,17.807356772216604,18.296994657415034,17299815.0,122267753.0,0.012550145230926858,6.97,7.13,6.91,7.1,2026-07-29,7.0,2.5770415010443712
600598,北大荒,2026-07-30,34.80116954546825,36.200068075187644,34.71552269670992,35.429246436362675,23371991.0,291411163.0,0.013147468721265725,12.19,12.68,12.16,12.41,2026-07-29,12.2,2.854894958611013
600600,青岛啤酒,2026-07-30,102.25195712309976,105.9772168675343,101.79318129250437,105.42668587081984,14620165.0,835140227.0,0.020617162782323985,55.72,57.75,55.47,57.45,2026-07-29,55.56,1.8351033223815463
600601,方正科技,2026-07-30,51031.5316537786,51682.30570249841,47072.656190733076,47072.656190733076,214013668.0,1923506853.0,0.05131861316976002,9.41,9.53,8.68,8.68,2026-07-29,9.59,5423.117072665101
600602,云赛智联,2026-07-30,9291.368522150166,9495.756533636228,8843.924497005004,8849.448497315436,42118036.0,698553398.0,0.03920498815701891,16.82,17.19,16.01,16.02,2026-07-29,16.94,552.4000310434105
600603,广汇物流,2026-07-30,802.3105333007301,816.7017536289943,782.5226053493667,798.7127282186641,11215288.0,49875045.0,0.00953727380900365,4.46,4.54,4.35,4.44,2026-07-29,4.46,179.8902541033027
600604,市北高新,2026-07-30,222.9453371123067,228.2159124577513,222.9453371123067,223.9994521813956,11473201.0,49167123.0,0.008151736714666114,4.23,4.33,4.23,4.25,2026-07-29,4.27,52.705753454446025
600605,汇通能源,2026-07-30,1434.1825313608508,1461.5910882543278,1289.3938503800919,1299.5230996668115,6600800.0,150583259.0,0.031998847560593735,24.07,24.53,21.64,21.81,2026-07-29,24.04,59.58381933364565
600606,绿地控股,2026-07-30,202.82309391147632,209.16131559620996,201.2385384902929,202.82309391147632,128772615.0,166930997.0,0.009162559747042222,1.28,1.32,1.27,1.28,2026-07-29,1.29,158.45554211834087
600609,金杯汽车,2026-07-30,89.52709738352485,91.7308413191193,89.52709738352485,90.35350135937276,16098800.0,53077552.0,0.012340419601156762,3.25,3.33,3.25,3.28,2026-07-29,3.27,27.54679919493072
600610,中毅达,2026-07-30,502.55526344181993,518.2367798345067,498.8215690626087,509.2759133244,20424299.0,140048759.0,0.028818300278384463,6.73,6.94,6.68,6.82,2026-07-29,6.76,74.67388758422287
600611,大众交通,2026-07-30,3974.764340373544,4073.149596323384,3945.248763588592,3984.602865968528,57743782.0,235096520.0,0.03693672204150228,4.04,4.14,4.01,4.05,2026-07-29,4.03,983.852559498402
600612,老凤祥,2026-07-30,6154.04854524753,6386.015494632388,6154.04854524753,6354.85575516278,3297218.0,120523624.0,0.01039772270555139,35.55,36.89,35.55,36.71,2026-07-29,35.54,173.10966372004305
600613,神奇制药,2026-07-30,145.27540947159372,148.56353602341989,143.4818858978703,145.27540947159372,7721700.0,37698227.0,0.016109697810259015,4.86,4.97,4.8,4.86,2026-07-29,4.88,29.892059562056318
600615,鑫源智造,2026-07-30,889.4461226322717,908.9605294798619,867.8775676954613,875.0670860077314,2206700.0,19087694.0,0.009795972362457637,8.66,8.85,8.45,8.52,2026-07-29,8.6,102.70740446100135
600616,金枫酒业,2026-07-30,1526.7345130305312,1583.5608596693844,1522.9460899212738,1557.0418979045862,10571150.0,43552325.0,0.015801303114423893,4.03,4.18,4.02,4.11,2026-07-29,4.04,378.8423109256901
600617,国新能源,2026-07-30,220.051289139949,232.64458580759668,212.76043317446877,214.08604335001064,175222600.0,587311792.0,0.09868678522096631,3.32,3.51,3.21,3.23,2026-07-29,3.42,66.28050877709308
600618,氯碱化工,2026-07-30,281.44185398064104,287.12481449371165,277.923830805883,285.5011114899772,11748394.0,123440602.0,0.01566786831327862,10.4,10.61,10.27,10.55,2026-07-29,10.36,27.06171672890779
600619,海立股份,2026-07-30,778.312724297224,896.8838033893792,778.312724297224,865.8729057806617,57959194.0,808512498.0,0.07344278371139774,12.8,14.75,12.8,14.24,2026-07-29,13.42,60.80568158572062
600620,天宸股份,2026-07-30,1744.8997662702661,1779.1134871775264,1702.1326151361911,1714.9627604764135,6220202.0,25355151.0,0.00905840879540134,4.08,4.16,3.98,4.01,2026-07-29,4.05,427.6715113407515
600621,华鑫股份,2026-07-30,5145.866801043305,5251.523381749136,5134.127180964878,5212.39131482105,11249000.0,150015038.0,0.010603268458020614,13.15,13.42,13.12,13.32,2026-07-29,13.2,391.32066928085965
600622,光大嘉宝,2026-07-30,590.599772296542,607.718606276152,587.7466332999404,593.4529112931438,29426779.0,61674173.0,0.019621968021263703,2.07,2.13,2.06,2.08,2026-07-29,2.08,285.31389966016525
600623,华谊集团,2026-07-30,253.1965097900991,257.5619668554457,252.5728730664782,255.37923832277238,14599601.0,119539120.0,0.007782159222955068,8.12,8.26,8.1,8.19,2026-07-29,8.11,31.18183618104669
600626,申达股份,2026-07-30,38.164744048416686,38.94589378040183,37.82996559185163,38.38792968612673,12538000.0,43233516.0,0.009493129378655292,3.42,3.49,3.39,3.44,2026-07-29,3.41,11.159281885501956
600628,新世界,2026-07-30,293.6676127875416,300.5198570859176,292.6887207449165,296.11484289410447,8001073.0,48648418.0,0.012368801160008278,6.0,6.14,5.98,6.05,2026-07-29,6.01,48.944602131256936
600629,华建集团,2026-07-30,124.63068467845265,139.21087695654086,124.63068467845265,139.21087695654086,38960038.0,525348734.0,0.033884043062826524,12.48,13.94,12.48,13.94,2026-07-29,12.67,9.986433067183706
600630,龙头股份,2026-07-30,19.661113388029115,20.034425667548653,19.50556660489597,19.72333210128237,12959836.0,82486758.0,0.03050366540894964,6.32,6.44,6.27,6.34,2026-07-29,6.38,3.1109356626628344
600633,浙数文化,2026-07-30,87.80640879868093,90.24081210189485,87.38668409123026,87.97429868166121,24763510.0,262096203.0,0.01952843507758904,10.46,10.75,10.41,10.48,2026-07-29,10.54,8.394494149013473
600635,大众公用,2026-07-30,746.7006395668298,763.0756535924182,740.1506339565944,749.9756423719475,40279173.0,184765699.0,0.016652601138128192,4.56,4.66,4.52,4.58,2026-07-29,4.56,163.75014025588374
600637,东方明珠,2026-07-30,46.89475580650643,48.497487966981964,46.89475580650643,47.54772076077424,50889310.0,410500244.0,0.01513706914842311,7.9,8.17,7.9,8.01,2026-07-29,7.99,5.936045038798282
600638,新黄浦,2026-07-30,95.3419120946512,101.67166559471102,95.3419120946512,96.92435046966617,21504300.0,106031942.0,0.03193406984867908,4.82,5.14,4.82,4.9,2026-07-29,4.88,19.78047968768697
600639,浦东金桥,2026-07-30,74.56979808525166,76.70488244188135,74.0953348948895,76.3094964499129,8130310.0,77989502.0,0.009562407705187011,9.43,9.7,9.37,9.65,2026-07-29,9.42,7.907719839369212
600640,国脉文化,2026-07-30,103.71995784800778,106.88094703956612,102.9297105501182,104.80654788260595,7786644.0,82995381.0,0.009837193883090388,10.5,10.82,10.42,10.61,2026-07-29,10.5,9.878091223619789
600641,先导基电,2026-07-30,784.4772218374094,788.756188501977,707.455821875191,707.455821875191,59215879.0,1519221502.0,0.06362988952687014,27.5,27.65,24.8,24.8,2026-07-29,27.55,28.52644443045125
600642,申能股份,2026-07-30,123.86246430847936,125.44859598181262,121.41116990423704,123.28568915454,28629706.0,244561247.0,0.00585018370897526,8.59,8.7,8.42,8.55,2026-07-29,8.64,14.41937884848421
600643,爱建集团,2026-07-30,37.25854982527482,38.39621546879466,37.25854982527482,38.206604528208025,18571491.0,74566399.0,0.01167759987502035,3.93,4.05,3.93,4.03,2026-07-29,3.96,9.480547029332016
600644,乐山电力,2026-07-30,98.42160532848443,99.5423482463036,92.1046907007763,92.71600501958677,53903967.0,504979314.0,0.09320772367561564,9.66,9.77,9.04,9.1,2026-07-29,9.72,10.188571980174371
600645,中源协和,2026-07-30,378.4964289580286,389.281542256295,374.2230821794702,378.08944355054683,7992773.0,149483136.0,0.017086966202729068,18.6,19.13,18.39,18.58,2026-07-29,18.68,20.34927037408756
600648,外高桥,2026-07-30,69.26247066046037,73.5309717593027,69.18193290387843,72.48398092373759,7441458.0,66272693.0,0.0065403846828394,8.6,9.13,8.59,9.0,2026-07-29,8.61,8.053775658193066
600649,城投控股,2026-07-30,86.43712481644964,88.79235982507224,86.43712481644964,87.8502658216232,24433721.0,91010497.0,0.00975592473845071,3.67,3.77,3.67,3.73,2026-07-29,3.69,23.55235008622606
600650,锦江在线,2026-07-30,46.45081947770727,47.78060601754291,46.175691228086094,47.45962305965155,4750923.0,49089890.0,0.012164384698051894,10.13,10.42,10.07,10.35,2026-07-29,10.15,4.585470827019473
600651,飞乐音响,2026-07-30,30584.407431391443,31504.239233839304,30584.407431391443,30871.8548696564,19020385.0,102835398.0,0.007586825869594441,5.32,5.48,5.32,5.37,2026-07-29,5.38,5748.948765299143
600653,申华控股,2026-07-30,17586.72407758013,17904.556440427965,17480.779956630853,17480.779956630853,20536497.0,34271540.0,0.010551122419719785,1.66,1.69,1.65,1.65,2026-07-29,1.67,10594.41209492779
600654,中安科,2026-07-30,6687.455383154501,6943.769004111641,6524.346715272683,6547.647953541515,93964737.0,270584883.0,0.040546926156541346,2.87,2.98,2.8,2.81,2026-07-29,2.9,2330.123826883101
600655,豫园股份,2026-07-30,1337.2997851622904,1375.6770416901265,1337.2997851622904,1369.7728483781516,17696081.0,81730389.0,0.0045493008612785355,4.53,4.66,4.53,4.64,2026-07-29,4.55,295.2096655987396
600657,信达地产,2026-07-30,40.59260004827063,41.71571546462595,40.27170992931197,41.23438028618796,17674900.0,45448812.0,0.006197634089679754,2.53,2.6,2.51,2.57,2026-07-29,2.54,16.044505947933057
600658,电子城,2026-07-30,27.377246417875778,28.5239373673156,27.30557823353579,27.520582786555753,12461800.0,48393082.0,0.011140681752990897,3.82,3.98,3.81,3.84,2026-07-29,3.88,7.166818433998895
600660,福耀玻璃,2026-07-30,5277.261020185581,5366.706122222625,5250.427489574468,5348.817101815216,18461326.0,1098631715.0,0.00921690063734294,59.0,60.0,58.7,59.8,2026-07-29,59.1,89.44510203704375
600661,昂立教育,2026-07-30,40.9171506443112,44.255261821721014,40.51253110765546,42.68736111718004,18597612.0,157026952.0,0.06490206922150057,8.09,8.75,8.01,8.44,2026-07-29,8.15,5.057744208196687
600662,外服控股,2026-07-30,301.3268516160784,308.82593615856,299.9633816992636,306.78073128333773,17504327.0,78635080.0,0.007688254939457792,4.42,4.53,4.4,4.5,2026-07-29,4.42,68.17349584074172
600663,陆家嘴,2026-07-30,107.65978870576508,118.5402992664541,107.37345948048379,118.5402992664541,53222896.0,427785195.0,0.016865726004446385,7.52,8.28,7.5,8.28,2026-07-29,7.53,14.316461264064506
600664,哈药股份,2026-07-30,59.23498301681469,62.88191294135738,57.46677456855156,61.445243577143586,401525162.0,2213505593.0,0.15942965553810678,5.36,5.69,5.2,5.56,2026-07-29,5.36,11.05130280164453
600665,天地源,2026-07-30,15.85021367977843,16.350746743350378,15.572139755571788,15.683369325254445,12532860.0,35884975.0,0.014503568296653618,2.85,2.94,2.8,2.82,2026-07-29,2.84,5.561478484132782
600666,奥瑞德,2026-07-30,65.07969059543561,66.47710726466276,63.08338106796827,63.08338106796827,103910480.0,335062068.0,0.041528917901927385,3.26,3.33,3.16,3.16,2026-07-29,3.28,19.963095274673503
600667,太极实业,2026-07-30,103.01546732186566,106.1945796665167,95.74019099468345,95.74019099468345,323765542.0,5245313862.0,0.1547975199379412,16.85,17.37,15.66,15.66,2026-07-29,17.4,6.113677585867397
600668,尖峰集团,2026-07-30,76.19330557798988,77.78287384456824,76.19330557798988,76.61719044907744,4603710.0,33467570.0,0.011149681223272834,7.19,7.34,7.19,7.23,2026-07-29,7.23,10.597121777189134
600671,天目药业,2026-07-30,58.829024690299576,59.65881151715693,55.82462411029888,56.59718425944192,3658409.0,73724900.0,0.030043467084109748,20.56,20.85,19.51,19.78,2026-07-29,20.66,2.86133388571496
600673,东阳光,2026-07-30,434.2889380273715,435.52976356459254,397.21927510289225,399.85602936948703,43333311.0,1151321423.0,0.014436939767246412,28.0,28.08,25.61,25.78,2026-07-29,28.02,15.510319215263268
600674,川投能源,2026-07-30,366.91207977054785,371.20741527001826,366.2338689022104,368.26850150722265,28288161.0,461041858.0,0.005803167721653222,16.23,16.42,16.2,16.29,2026-07-29,16.21,22.60702894458089
600675,中华企业,2026-07-30,152.25394956431063,155.6830925725158,151.56812096266955,154.99726397087474,31819113.0,71474663.0,0.0052627192839789245,2.22,2.27,2.21,2.26,2026-07-29,2.22,68.58286016410388
600676,交运股份,2026-07-30,98.43619026498305,100.78690525638564,97.70159183016975,97.70159183016975,12275090.0,82717782.0,0.0119350259733041,6.7,6.86,6.65,6.65,2026-07-29,6.74,14.691968696266127
600679,上海凤凰,2026-07-30,24.11814024090724,24.11814024090724,23.48875244756415,23.58945449449904,3706300.0,35097342.0,0.010783712338841903,9.58,9.58,9.33,9.37,2026-07-29,9.34,2.5175511733723632
600681,百川能源,2026-07-30,35.93585676343914,36.56447233364507,35.62154897833617,35.831087501738146,19414580.0,66848697.0,0.014490560448427935,3.43,3.49,3.4,3.42,2026-07-29,3.44,10.476926170098874
600682,南京新百,2026-07-30,74.03500894888899,75.78175144677566,73.49754971877,74.57246817900796,12402000.0,68869685.0,0.010654087478416872,5.51,5.64,5.47,5.55,2026-07-29,5.54,13.436480752974408
600683,京投发展,2026-07-30,51.407324352444235,51.931220651577426,48.067485445470155,48.91881693156159,17441800.0,132647514.0,0.023545258483296166,7.85,7.93,7.34,7.47,2026-07-29,7.85,6.548703739164871
600684,珠江股份,2026-07-30,46.23104033743562,47.17728970106735,45.69032641536035,45.82550489587918,16142040.0,55510990.0,0.018913629608236816,3.42,3.49,3.38,3.39,2026-07-29,3.44,13.517848051881762
600685,中船防务,2026-07-30,52.85881619740262,53.74449323955254,52.43610670001287,52.89907424477307,12131694.0,320163755.0,0.014768899945618473,26.26,26.7,26.05,26.28,2026-07-29,26.44,2.012902368522567
600686,金龙汽车,2026-07-30,150.33613364614544,161.69199610181994,147.8842997068521,158.72398659635957,44975682.0,549773129.0,0.06272344190035622,11.65,12.53,11.46,12.3,2026-07-29,11.66,12.904389154175574
600688,上海石化,2026-07-30,11.095471317567002,11.37187095892988,11.016499991463323,11.174442643670682,74202802.0,210233709.0,0.010124804240140645,2.81,2.88,2.79,2.83,2026-07-29,2.82,3.9485663051839865
600689,上海三毛,2026-07-30,24.123889684122606,24.621289471424102,23.65135988618618,24.19849965221783,3167424.0,30839632.0,0.020810366508880115,9.7,9.9,9.51,9.73,2026-07-29,9.7,2.486998936507485
600690,海尔智家,2026-07-30,1078.7989944357266,1101.7821034476183,1074.1085640251365,1091.46315654432,54642138.0,1265926267.0,0.008738507873061381,23.0,23.49,22.9,23.27,2026-07-29,22.98,46.90430410590116
600691,潞化科技,2026-07-30,23.68880393901833,24.376860484964922,23.492216354462165,23.590510146740247,34326700.0,83537215.0,0.014449782366788469,2.41,2.48,2.39,2.4,2026-07-29,2.42,9.829379227808436
600692,亚通股份,2026-07-30,75.26872653683935,77.68807846123777,75.134318096595,76.61281093928291,7328003.0,41784771.0,0.028736081500513173,5.6,5.78,5.59,5.7,2026-07-29,5.62,13.440844024435599
600693,东百集团,2026-07-30,109.74929780991191,122.75837405893165,108.56665451454649,108.68491884408301,183167882.0,1779082435.0,0.2107915249185542,9.28,10.38,9.18,9.19,2026-07-29,9.47,11.826432953654301
600694,大商股份,2026-07-30,129.47306156058585,132.24876343359978,129.47306156058585,131.35337573262754,4697423.0,68840804.0,0.01240100905503393,14.46,14.77,14.46,14.67,2026-07-29,14.53,8.953877009722396
600697,欧亚集团,2026-07-30,34.92215710130434,35.83377967623799,34.711782660935036,35.09746913494543,3921750.0,39595580.0,0.025240382178677963,9.96,10.22,9.9,10.01,2026-07-29,9.93,3.506240672821721
600698,湖南天雁,2026-07-30,38.96416491847006,41.47412646229789,38.48607700536,38.9044039293313,51801463.0,344018480.0,0.062377451262396716,6.52,6.94,6.44,6.51,2026-07-29,6.54,5.976098913875776
600699,均胜电子,2026-07-30,91.06647536865027,93.46296156256211,90.0264907939338,90.5238747209721,26746828.0,542285981.0,0.01916414138771228,20.14,20.67,19.91,20.02,2026-07-29,20.31,4.521672063984621
600702,舍得酒业,2026-07-30,118.3281595365874,130.8590767264502,118.3281595365874,130.8590767264502,14192917.0,522266237.0,0.0427560777707267,33.9,37.49,33.9,37.49,2026-07-29,34.08,3.4905061810202778
600703,三安光电,2026-07-30,259.066757094931,262.2863108285051,251.3398281343531,253.48619729006919,132469130.0,1582956077.0,0.026552141262387367,12.07,12.22,11.71,11.81,2026-07-29,12.25,21.46369155716081
600704,物产中大,2026-07-30,123.2657617289785,125.50695739677812,123.2657617289785,125.00891391504486,50042512.0,250243393.0,0.009677194192523053,4.95,5.04,4.95,5.02,2026-07-29,4.97,24.902174086662324
600706,曲江文旅,2026-07-30,21.127322415404354,22.526096864975955,20.98161674357398,21.56443943089548,15062600.0,113749833.0,0.05929452832544291,7.25,7.73,7.2,7.4,2026-07-29,7.25,2.914113436607497
600707,彩虹股份,2026-07-30,19.835643744817293,20.076075790209018,18.393051472466944,18.585397108780324,105553427.0,835798623.0,0.029421166072931042,8.25,8.35,7.65,7.73,2026-07-29,8.29,2.4043204539172476
600708,光明地产,2026-07-30,38.976208461476695,39.48404179647965,37.07183345521562,37.70662512396932,20448544.0,61513268.0,0.009189209664738074,3.07,3.11,2.92,2.97,2026-07-29,3.06,12.695833375073843
600710,苏美达,2026-07-30,86.22495970263604,88.73332216671272,85.83302806762406,87.71429991568156,11312657.0,125738105.0,0.008657097302404495,11.0,11.32,10.95,11.19,2026-07-29,11.08,7.83863270023964
600711,盛屯矿业,2026-07-30,100.43175537788265,101.8396771822455,93.9553150778136,95.08165252130387,121786070.0,1264279290.0,0.039405168844526856,10.7,10.85,10.01,10.13,2026-07-29,10.74,9.38614536241894
600712,南宁百货,2026-07-30,28.957820626162253,32.14134424679742,28.896599018073108,32.14134424679742,20040800.0,103381080.0,0.037205719127664454,4.73,5.25,4.72,5.25,2026-07-29,4.77,6.122160808913795
600713,南京医药,2026-07-30,85.11066934037035,86.12590595278033,84.43384493209703,85.27987544243868,10479000.0,52806085.0,0.008124429057085415,5.03,5.09,4.99,5.04,2026-07-29,5.05,16.92061020683307
600714,金瑞矿业,2026-07-30,34.93589670522628,35.64618978582952,33.278546183818705,33.54161769515324,10190800.0,132573802.0,0.03536307793112447,13.28,13.55,12.65,12.75,2026-07-29,13.29,2.630715113345352
600715,文投控股,2026-07-30,6.7879225503244704,7.4490838376937365,6.7879225503244704,6.964232226956275,55707198.0,89456956.0,0.019461898491769228,1.54,1.69,1.54,1.58,2026-07-29,1.55,4.4077419157951105
600716,凤凰股份,2026-07-30,15.508135708476988,15.83122186907026,15.185049547883718,15.185049547883718,6491023.0,21729318.0,0.0069344047483080136,3.36,3.43,3.29,3.29,2026-07-29,3.37,4.615516579903866
600717,天津港,2026-07-30,148.60585051741174,152.69591979770746,148.60585051741174,152.35508069101613,28860820.0,127826409.0,0.009972636367796632,4.36,4.48,4.36,4.47,2026-07-29,4.37,34.08391066913113
600718,东软集团,2026-07-30,147.61572124013958,150.49251970523363,147.43592133607117,149.05412047268658,11843791.0,98223799.0,0.009899202938956382,8.21,8.37,8.2,8.29,2026-07-29,8.25,17.97999040683795
600719,大连热电,2026-07-30,37.90854087942751,38.821352770291924,36.78094972012443,37.10311862278246,12918410.0,90726491.0,0.031928874867894086,7.06,7.23,6.85,6.91,2026-07-29,7.11,5.3694817109670705
600720,中交设计,2026-07-30,68.41805029725995,69.726234815372,68.28723184544874,69.5954163635608,9857500.0,52192528.0,0.009769091954929941,5.23,5.33,5.22,5.32,2026-07-29,5.24,13.08184518112045
600721,百花医药,2026-07-30,10.374960205197254,10.522331799021078,10.036005539402456,10.094954176931987,16330800.0,113641486.0,0.04246756061833536,7.04,7.14,6.81,6.85,2026-07-29,7.06,1.4737159382382463
600722,金牛化工,2026-07-30,50.11887344268168,54.55115476754469,50.07016705449637,52.992550345614845,120328507.0,1290160334.0,0.17687053784403556,10.29,11.2,10.28,10.88,2026-07-29,10.19,4.870638818530776
600724,宁波富达,2026-07-30,96.78008500305243,100.34984223677158,96.38344531041697,96.97840484937015,8931678.0,44263650.0,0.006181337310142571,4.88,5.06,4.86,4.89,2026-07-29,4.94,19.83198463177304
600725,云维股份,2026-07-30,24.732373666551894,25.36653709389938,23.22623552660162,24.25675109604128,53003280.0,160873579.0,0.043005736447945996,3.12,3.2,2.93,3.06,2026-07-29,3.26,7.927042841843556
600726,华电能源,2026-07-30,19.776964204828733,20.11503196901384,17.98520505464767,18.188045713158733,208001680.0,1158103672.0,0.02782506019962012,5.85,5.95,5.32,5.38,2026-07-29,5.9,3.3806776418510656
600727,鲁北化工,2026-07-30,41.771917349151984,42.517844444672555,41.48502231241331,41.771917349151984,13137700.0,96167819.0,0.024854557646830713,7.28,7.41,7.23,7.28,2026-07-29,7.33,5.737900734773624
600728,佳都科技,2026-07-30,57.53383762179275,59.159793902408644,57.40876406174538,58.65949966221914,35650015.0,167240696.0,0.016716696686504197,4.6,4.73,4.59,4.69,2026-07-29,4.64,12.507356004737556
600729,重百集团,2026-07-30,92.90004218723867,96.1533510576089,92.62893311470782,95.79187229423442,7066100.0,149062547.0,0.03671028468386513,20.56,21.28,20.5,21.2,2026-07-29,20.65,4.518484542180869
600731,湖南海利,2026-07-30,48.760648899793,50.839255602448475,48.760648899793,50.579429764616535,15345004.0,89159188.0,0.028328401463613387,5.63,5.87,5.63,5.84,2026-07-29,5.61,8.660861261064476
600732,爱旭股份,2026-07-30,81.01291137587039,85.47233769013849,80.4048077875611,83.51289279447522,44032202.0,548023141.0,0.020915393608155836,11.99,12.65,11.9,12.36,2026-07-29,12.05,6.7567065367698405
600733,北汽蓝谷,2026-07-30,43.016161128971504,46.798616676518996,42.274503178471996,44.20281384977072,330705073.0,1998595392.0,0.05470769879184794,5.8,6.31,5.7,5.96,2026-07-29,5.74,7.416579504995087
600736,苏州高新,2026-07-30,180.48735977134493,183.89278165382314,178.78464883010582,180.77114492821812,24549330.0,157078344.0,0.021323270429911542,6.36,6.48,6.3,6.37,2026-07-29,6.38,28.378515687318384
600737,中粮糖业,2026-07-30,179.8993028320899,185.01838868503552,177.85166849091163,178.58296646990388,31671172.0,392192362.0,0.014807582691182892,12.3,12.65,12.16,12.21,2026-07-29,12.38,14.625959579844706
600738,丽尚国潮,2026-07-30,29.476085850779693,30.47397417385297,29.399325210543292,29.78312841172532,12653085.0,49509671.0,0.016634214937559812,3.84,3.97,3.83,3.88,2026-07-29,3.85,7.676064023640546
600739,辽宁成大,2026-07-30,339.776537079278,348.3104594059203,339.46046588199493,345.4658186303729,15734899.0,171352067.0,0.010336158684664302,10.75,11.02,10.74,10.93,2026-07-29,10.78,31.60711972830493
600740,山西焦化,2026-07-30,50.4812522906929,51.32027587447173,49.78206597087721,50.621089554656045,25071371.0,90867656.0,0.009785396354445775,3.61,3.67,3.56,3.62,2026-07-29,3.61,13.983726396313823
600741,华域汽车,2026-07-30,940.1667766385457,962.2950230410221,933.9254763711806,960.0254593074349,16161571.0,271536161.0,0.005126224522672963,16.57,16.96,16.46,16.92,2026-07-29,16.57,56.7390933396829
600742,富维股份,2026-07-30,168.3274192785825,172.64933950330285,167.6450108220477,171.73946156125646,9575854.0,72018533.0,0.0128870903031134,7.4,7.59,7.37,7.55,2026-07-29,7.42,22.746948551159797
600743,华远控股,2026-07-30,28.40222876894779,28.796704168516506,27.87626156952283,28.13924516923531,26024500.0,55986969.0,0.011092660289422832,2.16,2.19,2.12,2.14,2026-07-29,2.17,13.149179985623975
600744,华银电力,2026-07-30,27.497833198143795,27.729882423444582,25.33204042866974,25.4867399122036,234200625.0,1596393651.0,0.11530590619094734,7.11,7.17,6.55,6.59,2026-07-29,7.11,3.867487088346525
600746,江苏索普,2026-07-30,53.106443117885064,54.5725719156181,52.373378719018554,53.758055916877524,31229308.0,205712922.0,0.02674101835773998,6.52,6.7,6.43,6.6,2026-07-29,6.51,8.145159987405686
600748,上实发展,2026-07-30,25.03665984112206,25.58843195883274,24.76077378226672,25.58843195883274,18599835.0,67976329.0,0.010083600337331302,3.63,3.71,3.59,3.71,2026-07-29,3.63,6.897151471383488
600749,西藏旅游,2026-07-30,41.17758032734371,42.77551628034511,41.17758032734371,41.79217107849809,9396950.0,128946463.0,0.04140254486323577,13.4,13.92,13.4,13.6,2026-07-29,13.54,3.072953755771919
600750,华润江中,2026-07-30,543.9790918342914,551.6524530229566,534.4392373835184,544.6012562549939,5270520.0,138128369.0,0.008381533141552773,26.23,26.6,25.77,26.26,2026-07-29,26.23,20.73881402341942
600751,海航科技,2026-07-30,13.831400143493982,14.33855148208876,13.831400143493982,14.06192347921888,36859323.0,112856909.0,0.014324374251223886,3.0,3.11,3.0,3.05,2026-07-29,3.01,4.610466714497994
600754,锦江酒店,2026-07-30,64.0914959032681,65.95791492073195,64.05816699224195,64.65808739071248,15724585.0,307018429.0,0.017355210019184244,19.23,19.79,19.22,19.4,2026-07-29,19.23,3.3328911026140453
600755,厦门国贸,2026-07-30,171.04432875946728,173.39545355341184,171.04432875946728,172.21989115643956,15644600.0,91772372.0,0.0073374470497323775,5.82,5.9,5.82,5.86,2026-07-29,5.83,29.38905992430709
600756,浪潮软件,2026-07-30,75.93137273921377,81.77987272826549,74.989665113858,77.66609731223758,51333146.0,815048867.0,0.15838736041048576,15.32,16.5,15.13,15.67,2026-07-29,15.88,4.956355922925181
600757,长江传媒,2026-07-30,69.90711828710252,70.86355896018478,69.64627083080737,70.77660980808639,9740446.0,78844941.0,0.008026756698404743,8.04,8.15,8.01,8.14,2026-07-29,8.04,8.694915209838623
600758,辽宁能源,2026-07-30,8.865772034285479,9.112043479682297,8.7015910706876,8.756318058553559,48843829.0,158491827.0,0.03698207329439802,3.24,3.33,3.18,3.2,2026-07-29,3.27,2.736349393297987
600760,中航沈飞,2026-07-30,428.884338521348,438.15218399744145,428.39136801730046,434.89857867072783,13807329.0,607977770.0,0.004879686191780285,43.5,44.44,43.45,44.11,2026-07-29,43.85,9.859410080950529
600761,安徽合力,2026-07-30,316.415505480116,320.2319205681437,314.68077134919434,318.3237130241299,13031547.0,238535622.0,0.014630799272881932,18.24,18.46,18.14,18.35,2026-07-29,18.2,17.347341309216887
600763,通策医疗,2026-07-30,118.02003862592746,122.57450320377366,117.42597802881708,120.79232141244253,11872915.0,434097751.0,0.026544162486296312,35.76,37.14,35.58,36.6,2026-07-29,35.88,3.300336650613184
600764,中国海防,2026-07-30,154.7185095095305,156.895285076223,153.04406676592086,154.88595378389147,6701051.0,124071697.0,0.009429740919833,18.48,18.74,18.28,18.5,2026-07-29,18.52,8.372213718048187
600765,中航重机,2026-07-30,174.60627550497233,177.72192651770047,174.3466379205783,177.07283255671544,16805501.0,228562044.0,0.010824840124212693,13.45,13.69,13.43,13.64,2026-07-29,13.52,12.981879219700545
600768,宁波富邦,2026-07-30,45.30194722616058,45.939530187121356,44.02678130423902,44.39590828163737,2931500.0,39320095.0,0.02191821585797684,13.5,13.69,13.12,13.23,2026-07-29,13.46,3.3556997945304134
600769,祥龙电业,2026-07-30,78.12674930600404,78.75865683715554,71.63533557690224,71.80767399448901,14344281.0,185954091.0,0.038253741827503115,13.6,13.71,12.47,12.5,2026-07-29,13.6,5.744613919559121
600770,综艺股份,2026-07-30,103.89742097521093,104.94688987395044,101.16880183848824,102.00837695747984,23641248.0,115894752.0,0.018185575384615384,4.95,5.0,4.82,4.86,2026-07-29,4.99,20.989377974790088
600771,广誉远,2026-07-30,106.7331011388664,110.32754921845708,106.43967680583857,108.34693497051936,9008502.0,133181334.0,0.018403810090609995,14.55,15.04,14.51,14.77,2026-07-29,14.64,7.335608325695285
600773,西藏城投,2026-07-30,65.36251858225343,66.33898944809474,62.860311988535045,62.860311988535045,25588900.0,269907192.0,0.02689076629909136,10.71,10.87,10.3,10.3,2026-07-29,10.79,6.102942911508256
600774,汉商集团,2026-07-30,41.65019560812599,43.41282144107176,41.454348293354236,41.780760484640496,5772620.0,37396683.0,0.019576154825761652,6.38,6.65,6.35,6.4,2026-07-29,6.38,6.5282438257250766
600775,南京熊猫,2026-07-30,15.160844523552113,15.836088924389005,15.160844523552113,15.353771495219798,46533339.0,449548326.0,0.06926268290873804,9.43,9.85,9.43,9.55,2026-07-29,9.63,1.6077247638973609
600776,东方通信,2026-07-30,60.34532411947568,60.73781403244788,59.06973190231602,59.364099337045175,14358898.0,175666229.0,0.015019766776919378,12.3,12.38,12.04,12.1,2026-07-29,12.33,4.906123912152494
600778,友好集团,2026-07-30,20.847028381264536,21.258212373005453,20.600317986219984,20.72367318374226,9236200.0,47089614.0,0.029677886676383297,5.07,5.17,5.01,5.04,2026-07-29,5.08,4.111839917409179
600779,水井坊,2026-07-30,192.0349537740757,203.00837970402287,191.48628247757833,198.34467368379532,9584191.0,279300255.0,0.019659750006398934,28.0,29.6,27.92,28.92,2026-07-29,28.06,6.8583912062169885
600780,通宝能源,2026-07-30,69.65802826994135,71.29429067896682,69.30740061086448,69.89178004265929,11426300.0,68569832.0,0.009966223161987756,5.96,6.1,5.93,5.98,2026-07-29,6.02,11.687588635896201
600782,新钢股份,2026-07-30,39.54045748957567,40.63500302561929,39.403639297570216,40.498184833613834,54346200.0,160388281.0,0.017276608291630913,2.89,2.97,2.88,2.96,2026-07-29,2.9,13.681819200545215
600783,鲁信创投,2026-07-30,96.18798359248386,101.02923309780093,95.6146777300121,99.05451290484265,25909264.0,399913413.0,0.034807470275235126,15.1,15.86,15.01,15.55,2026-07-29,15.1,6.37006513857509
600784,鲁银投资,2026-07-30,52.981673828865375,55.16726208069624,52.90630871673327,54.56434118363945,14306297.0,103042981.0,0.021174052818296058,7.03,7.32,7.02,7.24,2026-07-29,7.06,7.536511213209868
600785,新华百货,2026-07-30,38.99443283170987,40.826701362356474,38.43065789920322,38.71254536545655,20193027.0,169905252.0,0.06392549257481371,8.3,8.69,8.18,8.24,2026-07-29,8.4,4.698124437555406
600787,中储股份,2026-07-30,155.14951345527373,158.1524072640855,155.14951345527373,158.1524072640855,19703800.0,92645641.0,0.0090797591772374,4.65,4.74,4.65,4.74,2026-07-29,4.66,33.365486764574996
600789,鲁抗医药,2026-07-30,21.253873839608808,21.513067423018672,20.937081682107863,21.167475978472186,19516931.0,143905466.0,0.019317990527899558,7.38,7.47,7.27,7.35,2026-07-29,7.38,2.879928704554039
600790,轻纺城,2026-07-30,42.389403456344255,43.181728754593685,42.25734923996936,42.65351188909406,14882872.0,48235641.0,0.010153475311998927,3.21,3.27,3.2,3.23,2026-07-29,3.23,13.205421637490423
600791,京能置业,2026-07-30,47.59373585330445,48.89452927694782,45.29821804687498,45.45125256730361,11658400.0,71503454.0,0.025775032025561303,6.22,6.39,5.92,5.94,2026-07-29,6.25,7.6517260214315845
600792,云煤能源,2026-07-30,22.526924658734075,23.04330115520935,22.010548162258793,22.13964228637761,19660000.0,68388210.0,0.017712930871998756,3.49,3.57,3.41,3.43,2026-07-29,3.5,6.454706205940995
600793,宜宾纸业,2026-07-30,31.72727031556518,32.78566645487418,30.890398949599923,31.01346826812422,11011500.0,142008994.0,0.06224562404190268,12.89,13.32,12.55,12.6,2026-07-29,12.99,2.4613863704860495
600794,XD保税科,2026-07-30,67.63942140636667,68.96136449574192,67.41909755813747,68.08006910282508,10678200.0,33093101.0,0.008897371835494688,3.07,3.13,3.06,3.09,2026-07-29,3.08,22.03238482292074
600795,国电电力,2026-07-30,1455.0071969649089,1472.537404157257,1452.0854957661838,1466.6940017598074,154260087.0,774270919.0,0.00864898977101848,4.98,5.04,4.97,5.02,2026-07-29,4.97,292.1701198724716
600796,钱江生化,2026-07-30,42.99180848923285,43.88006899520874,42.81415638803768,43.080634539830434,6804971.0,33216040.0,0.02184736458131062,4.84,4.94,4.82,4.85,2026-07-29,4.85,8.882605059758854
600797,浙大网新,2026-07-30,82.15831925995134,84.20926115043473,81.07252649440133,81.19317013501801,29053256.0,198609157.0,0.02827494928426995,6.81,6.98,6.72,6.73,2026-07-29,6.88,12.064364061666865
600798,宁波海运,2026-07-30,27.078790925538645,27.588109877116175,26.993904433609057,27.078790925538645,12819400.0,41238617.0,0.010624978545469347,3.19,3.25,3.18,3.19,2026-07-29,3.2,8.488649192958823
600800,渤海化学,2026-07-30,37.28488623127857,38.26285046029572,36.18467647363429,36.18467647363429,24322191.0,73878247.0,0.0219172107322344,3.05,3.13,2.96,2.96,2026-07-29,3.07,12.224552862714287
600801,华新建材,2026-07-30,261.0351337619922,264.38321818441494,256.30163509580836,259.41881714427086,13983857.0,314817831.0,0.010422509878006055,22.61,22.9,22.2,22.47,2026-07-29,22.6,11.545118698009386
600802,福建水泥,2026-07-30,16.88439476327802,17.20754107453693,16.56124845201911,16.76321489655593,6437520.0,26957790.0,0.014048101422721827,4.18,4.26,4.1,4.15,2026-07-29,4.18,4.0393288907363685
600803,新奥股份,2026-07-30,131.5740360035075,133.02789275492745,129.02978668852253,130.48364343994248,8385161.0,151260910.0,0.002729787445247485,18.1,18.3,17.75,17.95,2026-07-29,17.86,7.269283757099861
600805,悦达投资,2026-07-30,51.96838090275108,52.951234442283,51.72266751786809,52.09123759519257,6935400.0,29530707.0,0.00815665166958006,4.23,4.31,4.21,4.24,2026-07-29,4.25,12.28566924414919
600807,济高发展,2026-07-30,15.634001268237999,16.152972264694032,15.50425851912399,15.569129893680993,14520200.0,35372440.0,0.01844963068109162,2.41,2.49,2.39,2.4,2026-07-29,2.44,6.487137455700414
600808,马钢股份,2026-07-30,6.2014803662778215,6.416975823021067,6.177536426639684,6.321200064468514,89863712.0,236364232.0,0.015058220290888649,2.59,2.68,2.58,2.64,2026-07-29,2.58,2.394393963813831
600809,山西汾酒,2026-07-30,924.0771140514678,980.3002145943809,918.3106422009128,980.0118910018532,19068535.0,2553979360.0,0.015630405102158806,128.2,136.0,127.4,135.96,2026-07-29,128.21,7.208089813193977
600810,神马股份,2026-07-30,31.626117020616324,32.07506820860615,31.576233555284123,31.775767416612933,10749167.0,68589603.0,0.009945997763070764,6.34,6.43,6.33,6.37,2026-07-29,6.37,4.98834653322024
600812,华北制药,2026-07-30,21.714760429398186,22.076673103221488,21.579043176714446,21.850477682081923,16376019.0,79021006.0,0.009544634335522079,4.8,4.88,4.77,4.83,2026-07-29,4.8,4.523908422791289
600814,杭州解百,2026-07-30,43.67163325040015,45.696593061083306,43.67163325040015,44.48161717467341,9722298.0,64514146.0,0.013226201968677097,6.47,6.77,6.47,6.59,2026-07-29,6.53,6.749866035610533
600815,厦工股份,2026-07-30,18.585522611428928,19.32158291287166,18.156154102254003,18.401507536068248,75543501.0,230777050.0,0.04258144188577826,3.03,3.15,2.96,3.0,2026-07-29,3.05,6.133835845356082
600816,建元信托,2026-07-30,81.21615960836343,83.14987769427684,80.57158691305895,82.18301865132013,69935025.0,177872655.0,0.012787211812129107,2.52,2.58,2.5,2.55,2026-07-29,2.53,32.22863476522358
600817,宇通重工,2026-07-30,47.27191045010642,47.99283283169846,47.16892153845041,47.52938272924643,2580910.0,23896185.0,0.004874314910602042,9.18,9.32,9.16,9.23,2026-07-29,9.2,5.149445582800263
600819,耀皮玻璃,2026-07-30,18.011310950513952,18.83000690281004,17.97719861916828,18.045423281859623,14977176.0,80679818.0,0.018976296254176985,5.28,5.52,5.27,5.29,2026-07-29,5.26,3.4112331345670364
600820,隧道股份,2026-07-30,201.1248708836873,203.98277313425478,200.05315753972445,203.26829757161292,26103372.0,147742654.0,0.008302345481683614,5.63,5.71,5.6,5.69,2026-07-29,5.62,35.723778132093656
600821,金开新能,2026-07-30,31.721728282670526,32.12011733488617,30.327366599915777,30.42696386296969,79570171.0,495511302.0,0.04044587086574711,6.37,6.45,6.09,6.11,2026-07-29,6.41,4.97986315269553
600822,上海物贸,2026-07-30,21.91394773657159,22.512095193401084,21.91394773657159,22.294587027281267,3033910.0,24905821.0,0.007658528389855842,8.06,8.28,8.06,8.2,2026-07-29,8.12,2.7188520764977158
600824,益民集团,2026-07-30,116.31055707762229,119.62424816245485,115.97918796913905,117.30466440307207,9654662.0,34389497.0,0.009159785594994864,3.51,3.61,3.5,3.54,2026-07-29,3.51,33.13691084832544
600825,新华传媒,2026-07-30,62.86473939050883,64.1689870957061,62.21261553791018,62.86473939050883,10578201.0,51300519.0,0.01012376687124843,4.82,4.92,4.77,4.82,2026-07-29,4.84,13.042477051972785
600826,兰生股份,2026-07-30,78.07526822931139,80.58734249666375,77.67333634653501,78.07526822931139,7279584.0,57432233.0,0.010052125347312493,7.77,8.02,7.73,7.77,2026-07-29,7.74,10.048297069409445
600827,百联股份,2026-07-30,70.02917299500764,72.6361640307653,69.9392767523953,72.36647530292831,24168852.0,192951208.0,0.015063637511353424,7.79,8.08,7.78,8.05,2026-07-29,7.81,8.98962426123333
600828,茂业商业,2026-07-30,43.9514310460827,46.92112233298018,43.9514310460827,45.02051990936579,38191068.0,146222317.0,0.02205841881955584,3.7,3.95,3.7,3.79,2026-07-29,3.77,11.878765147589919
600829,人民同泰,2026-07-30,92.02381127009863,95.07432435087537,91.21034111522484,94.66758927343848,30497257.0,280638300.0,0.052591579068418895,9.05,9.35,8.97,9.31,2026-07-29,9.05,10.1683769359225
600830,香溢融通,2026-07-30,91.3340270460151,92.94242500657384,90.30005692851304,91.10425590879241,3957200.0,31598550.0,0.00871010757469293,7.95,8.09,7.86,7.93,2026-07-29,7.99,11.488556861133974
600831,广电网络,2026-07-30,19.34554725937103,19.986128294449543,19.15337294884748,19.28148915586318,13485960.0,41265168.0,0.018969009155045416,3.02,3.12,2.99,3.01,2026-07-29,3.01,6.40581035078511
600833,第一医药,2026-07-30,93.7299260890683,96.08544255622812,92.3558748165584,93.43548653067332,4345900.0,41798849.0,0.019480797719996733,9.55,9.79,9.41,9.52,2026-07-29,9.58,9.814651946499298
600834,申通地铁,2026-07-30,39.20857826502762,40.21801320681018,38.305399632906386,38.41165594256771,6121925.0,44922601.0,0.01282395695329089,7.38,7.57,7.21,7.23,2026-07-29,7.11,5.312815483066073
600835,上海机电,2026-07-30,123.24437117807332,128.56766550451826,123.24437117807332,126.88307869235213,8187323.0,154129699.0,0.010151617294538914,18.29,19.08,18.29,18.83,2026-07-29,18.49,6.738347248664479
600838,上海九百,2026-07-30,86.5904779086773,90.87713523088905,86.10057421471025,86.83542975566083,11171900.0,80859522.0,0.027868301718455137,7.07,7.42,7.03,7.09,2026-07-29,7.11,12.247592349176422
600839,四川长虹,2026-07-30,222.91366098037224,226.22589962792605,220.92631779183992,221.9199893861061,64108030.0,432446355.0,0.01389135529176101,6.73,6.83,6.67,6.7,2026-07-29,6.79,33.12238647553822
600841,动力新科,2026-07-30,16.5172115028532,18.026849113329032,16.339607078091337,17.020424039678478,36951800.0,213453430.0,0.035427548026763296,5.58,6.09,5.52,5.75,2026-07-29,5.61,2.9600737460310396
600843,上工申贝,2026-07-30,19.30874121652246,19.677336863827588,18.911792057886167,18.99685259187966,9748091.0,66362862.0,0.020774976097172444,6.81,6.94,6.67,6.7,2026-07-29,6.82,2.835351133116367
600844,金煤科技,2026-07-30,21.00108371275332,21.0619564191671,19.966247703719098,20.20973852937421,130335996.0,437980352.0,0.15841879542800638,3.45,3.46,3.28,3.32,2026-07-29,3.45,6.087270641377774
600845,宝信软件,2026-07-30,277.7011558429894,284.30186243348487,274.5579622284677,275.6580799935503,19233458.0,341535451.0,0.009012638209279781,17.67,18.09,17.47,17.54,2026-07-29,17.68,15.71596807260834
600846,同济科技,2026-07-30,282.1899798661118,290.8579314660947,276.4113454661231,276.652121899456,7095988.0,83514807.0,0.011357914689482891,11.72,12.08,11.48,11.49,2026-07-29,11.78,24.077643333285987
600847,万里股份,2026-07-30,21.18033373932231,21.198864215034757,20.161157575137953,20.364992807974822,4142100.0,46225814.0,0.027021790440701583,11.43,11.44,10.88,10.99,2026-07-29,11.4,1.8530475712442969
600848,上海临港,2026-07-30,24.45408440675951,25.35227945013575,24.222292137501125,25.265357349163857,14294647.0,122492521.0,0.005971249306511241,8.44,8.75,8.36,8.72,2026-07-29,8.44,2.8974033657298
600850,电科数字,2026-07-30,153.78180392238383,158.80735307017414,152.97771605873737,155.89253456445576,23489241.0,365128876.0,0.02877742389822541,15.3,15.8,15.22,15.51,2026-07-29,15.45,10.051098295580642
600851,海欣股份,2026-07-30,157.43162608111854,164.01700128974048,156.81424715531023,157.43162608111854,10447800.0,81440002.0,0.014152957904940668,7.65,7.97,7.62,7.65,2026-07-29,7.77,20.5792975269436
600853,龙建股份,2026-07-30,10.262649079457232,10.425032767423327,10.197695604270793,10.295125817050451,10354622.0,32897892.0,0.010214720715207366,3.16,3.21,3.14,3.17,2026-07-29,3.17,3.2476737593219087
600854,春兰股份,2026-07-30,28.696038994400404,29.23747369240796,28.49300098264757,28.696038994400404,5630500.0,24032063.0,0.010839171152481857,4.24,4.32,4.21,4.24,2026-07-29,4.27,6.7679337250944345
600855,航天长峰,2026-07-30,19.804583165077716,20.08191258336958,19.445686270817657,19.527253746785853,7765982.0,94158964.0,0.016606762717131678,12.14,12.31,11.92,11.97,2026-07-29,12.22,1.6313495193638974
600857,宁波中百,2026-07-30,98.20623208486563,98.84063926887639,90.21270156633007,93.19441533118062,8102776.0,120134192.0,0.03612151803603317,15.48,15.58,14.22,14.69,2026-07-29,15.49,6.344071840107599
600858,银座股份,2026-07-30,32.562731511760504,33.6086436588192,32.49300403528993,32.771913941172244,8251600.0,39132305.0,0.01594364104901267,4.67,4.82,4.66,4.7,2026-07-29,4.7,6.972747647057924
600859,王府井,2026-07-30,48.17278557593217,49.786455240544676,48.030402958466354,49.45422913312445,26547504.0,275902473.0,0.023622389269681025,10.15,10.49,10.12,10.42,2026-07-29,10.17,4.746087248860312
600860,京城股份,2026-07-30,13.143244185948564,13.543546039327707,13.126564942057767,13.226640405402552,6582610.0,52790134.0,0.014824336362541542,7.88,8.12,7.87,7.93,2026-07-29,7.95,1.667924389079767
600861,北京人力,2026-07-30,34.58540643797603,35.7543474344102,34.48375939480785,35.55105334807382,6011054.0,83681682.0,0.010618122166970995,13.61,14.07,13.57,13.99,2026-07-29,13.56,2.541176079204705
600862,中航高科,2026-07-30,145.27479895181222,149.74841512698956,145.1178299632095,148.33569422956512,18581770.0,350176504.0,0.013338919573349973,18.51,19.08,18.49,18.9,2026-07-29,18.6,7.848449430135721
600863,华能蒙电,2026-07-30,101.88436098903139,107.21304095707697,100.1791833992568,107.21304095707697,221126018.0,1071612280.0,0.033879242972022335,4.78,5.03,4.7,5.03,2026-07-29,4.84,21.314719872182298
600864,哈投股份,2026-07-30,57.278556985429574,58.231435012913614,57.17268164904246,58.019684340139385,31414278.0,171539164.0,0.015098876821536432,5.41,5.5,5.4,5.48,2026-07-29,5.43,10.587533638711566
600865,百大集团,2026-07-30,50.867101834679005,54.59936256101049,50.867101834679005,51.34868386388307,22329400.0,195034102.0,0.0593487700557853,8.45,9.07,8.45,8.53,2026-07-29,8.54,6.01977536505077
600866,星湖科技,2026-07-30,73.65555584312209,74.45442304315596,72.37736832306791,73.17623552310177,19720001.0,90653076.0,0.015703521835671152,4.61,4.66,4.53,4.58,2026-07-29,4.62,15.977344000677242
600867,通化东宝,2026-07-30,332.0366791804812,334.80365150698526,327.29329804933144,329.66498861490635,26338696.0,220766308.0,0.013448108261920475,8.4,8.47,8.28,8.34,2026-07-29,8.43,39.52817609291443
600868,梅雁吉祥,2026-07-30,99.04374269447926,105.34989859637496,98.67279234730894,101.26944477750128,100724030.0,275524567.0,0.05306435218397346,2.67,2.84,2.66,2.73,2026-07-29,2.68,37.095034717033435
600869,远东股份,2026-07-30,166.9480070730544,168.3841189618549,151.0311003055159,153.42462012018336,100594868.0,1326591064.0,0.045326218728097584,13.95,14.07,12.62,12.82,2026-07-29,13.92,11.967599073337235
600871,石化油服,2026-07-30,5.115485290562024,5.299827102834528,5.046357110959834,5.115485290562024,174729648.0,390412045.0,0.012898020867833784,2.22,2.3,2.19,2.22,2026-07-29,2.2,2.3042726534063167
600872,中炬高新,2026-07-30,226.19982117803076,234.37710595585165,224.93291790259374,228.96397377898427,25553745.0,511164087.0,0.03314415614407463,19.64,20.35,19.53,19.88,2026-07-29,19.7,11.517302503973053
600873,梅花生物,2026-07-30,79.43914439285017,80.80207088978632,77.88151411063741,78.75768114438208,35448500.0,288712369.0,0.012641028992633356,8.16,8.3,8.0,8.09,2026-07-29,8.22,9.735189263829676
600874,创业环保,2026-07-30,10.507053346562525,10.5826436584083,10.431463034716751,10.563746080446856,7531102.0,41965757.0,0.006120766666071882,5.56,5.6,5.52,5.59,2026-07-29,5.56,1.8897577961443393
600875,东方电气,2026-07-30,83.6292075434149,84.62558412256601,81.53681672719762,82.73246862217893,42366608.0,1056144629.0,0.018718402972630246,25.18,25.48,24.55,24.91,2026-07-29,25.49,3.3212552638369703
600876,凯盛新能,2026-07-30,9.27609753913061,9.525678638838158,9.26223192248019,9.359291239033126,5128200.0,34828465.0,0.012960638098296859,6.69,6.87,6.68,6.75,2026-07-29,6.73,1.3865616650419446
600877,电科芯片,2026-07-30,56.11553496375528,57.36769979352502,54.95612308433885,55.41988783610542,16826075.0,203270372.0,0.014210497963729005,12.1,12.37,11.85,11.95,2026-07-29,12.25,4.637647517665726
600879,航天电子,2026-07-30,546.8276549569468,552.4650534616576,526.9088469069686,527.2846734739494,76751551.0,1096848104.0,0.02326298502505017,14.55,14.7,14.02,14.03,2026-07-29,14.71,37.58265669807194
600880,博瑞传播,2026-07-30,135.85805831748482,139.81159969709418,134.77981975940955,135.1392326121013,23562501.0,90089992.0,0.02155704530298077,3.78,3.89,3.75,3.76,2026-07-29,3.8,35.94128526917588
600881,亚泰集团,2026-07-30,100.47422487045884,101.00866223679107,91.38878964281098,91.9232270091432,204746805.0,364373031.0,0.06334691843300731,1.88,1.89,1.71,1.72,2026-07-29,1.89,53.44373663322279
600882,妙可蓝多,2026-07-30,53.448775945881145,56.41683325073905,52.97388677710388,53.78119836402523,25882486.0,598985042.0,0.05090431773419849,22.51,23.76,22.31,22.65,2026-07-29,22.78,2.3744458438863236
600883,博闻科技,2026-07-30,35.240368459977084,36.07077478598538,34.56566332009535,35.44797004147916,3924100.0,26783301.0,0.01662134458337569,6.79,6.95,6.66,6.83,2026-07-29,6.8,5.190039537551853
600884,杉杉股份,2026-07-30,428.94640589739083,434.5991879906122,422.9611072104505,424.9562067727639,63311084.0,815640128.0,0.03449988979569182,12.9,13.07,12.72,12.78,2026-07-29,13.07,33.25165937189076
600885,宏发股份,2026-07-30,270.42677533482436,277.9675990908236,256.70889382125125,276.6840546217174,26945078.0,909833772.0,0.01741094405275189,33.71,34.65,32.0,34.49,2026-07-29,33.98,8.022152931914102
600886,国投电力,2026-07-30,813.0796981782133,826.9693645071447,807.737518820932,824.2982748285041,39162462.0,601138008.0,0.00525375870538584,15.22,15.48,15.12,15.43,2026-07-29,15.21,53.421793572812966
600887,伊利股份,2026-07-30,2760.415281225929,2812.1921033452822,2752.2934267758337,2811.1768715390203,97885622.0,2700168052.0,0.01555238560630887,27.19,27.7,27.11,27.69,2026-07-29,27.31,101.52318062618347
600888,新疆众和,2026-07-30,128.2535493428604,131.5202510426232,125.41293916915365,126.40715272995102,65320714.0,589397871.0,0.042058660077414683,9.03,9.26,8.83,8.9,2026-07-29,9.13,14.203050868533822
600893,航发动力,2026-07-30,126.4344484084068,127.64639406554969,124.29572077815463,125.22250275126392,26960173.0,951729973.0,0.01011591405583273,35.47,35.81,34.87,35.13,2026-07-29,35.76,3.564546050420265
600894,广日股份,2026-07-30,36.422296138291955,37.07602965872284,36.09542937807652,36.7491628985074,5443701.0,42907577.0,0.006456427522332784,7.8,7.94,7.73,7.87,2026-07-29,7.8,4.669525145934866
600895,张江高科,2026-07-30,649.5253659913479,724.860810567945,637.0054353740339,701.1161145695905,85325517.0,2697925316.0,0.05509530105630274,30.09,33.58,29.51,32.48,2026-07-29,31.35,21.58608727123124
600897,厦门空港,2026-07-30,111.6837135964077,112.7452017093403,111.00132838095104,112.36609881186438,1517700.0,22432561.0,0.003640144483299515,14.73,14.87,14.64,14.82,2026-07-29,14.74,7.582057949518513
600900,长江电力,2026-07-30,109.33927742094795,111.91642503433597,109.18768050251335,111.76482811590137,193063376.0,5667026325.0,0.00789037347308521,28.85,29.53,28.81,29.49,2026-07-29,28.93,3.7899229608647467
600901,江苏金租,2026-07-30,13.596837983618329,13.701108213554054,13.346589431772594,13.659400121579765,39766581.0,258325706.0,0.006867612068981696,6.52,6.57,6.4,6.55,2026-07-29,6.51,2.085404598714468
600903,贵州燃气,2026-07-30,8.650934006298705,8.807447614965293,8.537105927268458,8.622476986541143,28731113.0,174683226.0,0.02468340252221955,6.08,6.19,6.0,6.06,2026-07-29,6.08,1.4228509878780764
600905,三峡能源,2026-07-30,4.054316734721918,4.117500891626674,4.054316734721918,4.106970198809215,112281583.0,436665223.0,0.003927625476115637,3.85,3.91,3.85,3.9,2026-07-29,3.86,1.0530692817459526
600906,财达证券,2026-07-30,6.696705410496141,6.854151462467053,6.675712603566685,6.791173041678688,40903759.0,264205400.0,0.019255760291487532,6.38,6.53,6.36,6.47,2026-07-29,6.43,1.0496403464727493
600908,无锡银行,2026-07-30,7.319589431018521,7.504561005087581,7.293164920437226,7.478136494506288,32824937.0,185092853.0,0.0164181108711178,5.54,5.68,5.52,5.66,2026-07-29,5.53,1.321225529064715
600909,华安证券,2026-07-30,9.209344816020668,9.414533363690854,9.016226182919317,9.148995243176497,175233941.0,1336203150.0,0.03487791437496725,7.63,7.8,7.47,7.58,2026-07-29,7.72,1.2069914568834428
600916,中国黄金,2026-07-30,8.518103269641317,8.708890826405353,8.473212079814486,8.540548864554735,31462011.0,240711085.0,0.0187273875,7.59,7.76,7.55,7.61,2026-07-29,7.57,1.122279745670793
600917,重庆燃气,2026-07-30,5.59260787714447,5.662370137566231,5.59260787714447,5.639116050758977,4592457.0,22246910.0,0.0029419218636686103,4.81,4.87,4.81,4.85,2026-07-29,4.83,1.1627043403626758
600918,中泰证券,2026-07-30,5.743061717360012,5.835858046724896,5.743061717360012,5.825547343462131,39327607.0,221228254.0,0.008619137283619608,5.57,5.66,5.57,5.65,2026-07-29,5.59,1.0310703262764833
600919,江苏银行,2026-07-30,19.169090272666306,19.54916706255538,19.152565194845042,19.532641984734116,100015370.0,1172993409.0,0.005450035511150779,11.6,11.83,11.59,11.82,2026-07-29,11.62,1.6525077821264058
600925,苏能股份,2026-07-30,4.718234486969254,4.7398282374816985,4.653453235431918,4.685843861200586,7644700.0,33232617.0,0.004759943171482609,4.37,4.39,4.31,4.34,2026-07-29,4.35,1.079687525622255
600926,杭州银行,2026-07-30,41.54372647325648,42.59970464151656,41.54372647325648,42.496682381198504,45774960.0,750479998.0,0.006314656354015121,16.13,16.54,16.13,16.5,2026-07-29,16.2,2.5755565079514247
600927,永安期货,2026-07-30,13.131117201397915,13.446426754646046,13.131117201397915,13.395570375089894,7046500.0,92552590.0,0.0048581653707716515,12.91,13.22,12.91,13.17,2026-07-29,13.0,1.0171275911229989
600928,西安银行,2026-07-30,4.502750209088926,4.589819964513297,4.49031167259973,4.577381428024101,27606110.0,101062397.0,0.006240990340835175,3.62,3.69,3.61,3.68,2026-07-29,3.61,1.2438536489195928
600929,雪天盐业,2026-07-30,5.813177585374039,5.9425989787404365,5.759252004804706,5.867103165943371,22090900.0,119882830.0,0.013469130817146447,5.39,5.51,5.34,5.44,2026-07-29,5.38,1.078511611386649
600930,华电新能,2026-07-30,4.219740318441958,4.269737241646246,4.1897421645193855,4.219740318441958,144659994.0,611418350.0,0.013465266908879866,4.22,4.27,4.19,4.22,2026-07-29,4.23,0.999938464085772
600933,爱柯迪,2026-07-30,15.039830222609638,15.4000656770434,14.927256643099087,15.096117012364914,11357067.0,152930224.0,0.011576876623922084,13.36,13.68,13.26,13.41,2026-07-29,13.37,1.1257357951055118
600935,华塑股份,2026-07-30,2.316171772956709,2.357165963628509,2.316171772956709,2.3264203206246594,12383400.0,28207353.0,0.003530647659937971,2.26,2.3,2.26,2.27,2026-07-29,2.27,1.024854766795004
600936,北投科技,2026-07-30,4.924533880927535,5.222117799658049,4.866936993431307,5.145321949663078,94096351.0,491453730.0,0.056310516737493314,5.13,5.44,5.07,5.36,2026-07-29,5.16,0.9599481249371413
600938,中国海油,2026-07-30,39.20675210602412,39.98893169916175,38.974542539311386,39.78116524473457,61887731.0,2001550896.0,0.02069823779264214,32.08,32.72,31.89,32.55,2026-07-29,31.48,1.2221556142775598
600939,重庆建工,2026-07-30,2.7586221145160987,2.8012263170568876,2.737320013245704,2.7479710638809016,10858600.0,28203767.0,0.005707617876516959,2.59,2.63,2.57,2.58,2026-07-29,2.59,1.0651050635197292
600941,中国移动,2026-07-30,117.51733986592038,120.04680681051124,117.19056662427467,119.45377389048755,20810115.0,2050420411.0,0.02305145736871913,97.1,99.19,96.83,98.7,2026-07-29,97.3,1.2102712653544838
600955,维远股份,2026-07-30,12.534761079051014,12.745682539515814,12.404190651144232,12.454410046492995,3786040.0,47376472.0,0.006883709090909091,12.48,12.69,12.35,12.4,2026-07-29,12.47,1.0043879069752415
600956,新天绿能,2026-07-30,8.119632581812436,8.251838268354836,8.064546879086436,8.185735425083635,7999500.0,59435754.0,0.003406813413120513,7.37,7.49,7.32,7.43,2026-07-29,7.36,1.1017140545200048
600958,东方证券,2026-07-30,11.356745333463813,11.518097999403734,11.31951010286229,11.418804051133012,86321276.0,795057784.0,0.011556526411759367,9.15,9.28,9.12,9.2,2026-07-29,9.23,1.2411743533840232
600959,江苏有线,2026-07-30,4.280894899089298,4.351073503992402,4.266859178108678,4.30896634105054,30943330.0,95153900.0,0.006187777823696964,3.05,3.1,3.04,3.07,2026-07-29,3.06,1.4035720980620652
600960,渤海汽车,2026-07-30,16.82767702182914,17.350817240124346,16.69689196725534,16.784082003637874,10402800.0,40590204.0,0.010944376817633397,3.86,3.98,3.83,3.85,2026-07-29,3.9,4.35950181912672
600961,株冶集团,2026-07-30,33.3980571416029,33.779079294161775,31.258471208003062,31.97655141859479,42713337.0,944526508.0,0.05681382365285229,22.79,23.05,21.33,21.82,2026-07-29,22.66,1.4654698175341334
600962,国投中鲁,2026-07-30,46.22124291348581,46.91542929015894,44.273664467819536,44.292947422727124,7529600.0,176231131.0,0.028715914724838868,23.97,24.33,22.96,22.97,2026-07-29,23.98,1.9282954907586907
600963,岳阳林纸,2026-07-30,15.025312116845551,15.437592022490705,14.979503238440536,15.391783144085688,39992289.0,133392893.0,0.022754335719660925,3.28,3.37,3.27,3.36,2026-07-29,3.28,4.580887840501693
600966,博汇纸业,2026-07-30,34.29405606857862,36.487705710491966,34.14781275911773,35.53712419899618,22294826.0,108771423.0,0.01667720481743944,4.69,4.99,4.67,4.86,2026-07-29,4.71,7.312165473044481
600967,内蒙一机,2026-07-30,65.03332110106017,68.79840811217417,64.8051340094775,66.1742565589735,42141833.0,492732571.0,0.024763171384412384,11.4,12.06,11.36,11.6,2026-07-29,11.48,5.704677289566681
600968,海油发展,2026-07-30,4.213728198008753,4.288973344401767,4.106235131733019,4.170730971498459,63747068.0,248116701.0,0.006271167196325559,3.92,3.99,3.82,3.88,2026-07-29,3.87,1.074930662757335
600969,郴电国际,2026-07-30,16.934662150129633,17.22414355440535,16.624503502691358,16.686535232179015,8112440.0,66127561.0,0.02192252233346626,8.19,8.33,8.04,8.07,2026-07-29,8.23,2.0677243162551444
600970,中材国际,2026-07-30,118.44710553311369,120.69325797685163,118.2973620368645,120.24402748810402,19100179.0,152651003.0,0.007285103687283525,7.91,8.06,7.9,8.03,2026-07-29,7.92,14.974349624919556
600971,恒源煤电,2026-07-30,107.94044146837057,109.59259108268236,106.70132925763671,108.76651627552647,15797172.0,124413140.0,0.013164256421476365,7.84,7.96,7.75,7.9,2026-07-29,7.83,13.767913452598286
600973,宝胜股份,2026-07-30,51.702234012260455,52.32301555271641,50.90408631738851,51.170135549012485,16530975.0,96201586.0,0.012054383738923695,5.83,5.9,5.74,5.77,2026-07-29,5.85,8.868307720799391
600975,新五丰,2026-07-30,34.40453632731317,35.40383821233886,34.3331576212399,34.69005115160623,10974333.0,53582210.0,0.008781842836926415,4.82,4.96,4.81,4.86,2026-07-29,4.85,7.137870607326383
600976,健民集团,2026-07-30,88.2468436813199,89.76943480163024,87.39038617614534,89.54739026325166,3021065.0,84461912.0,0.019707061904022608,27.82,28.3,27.55,28.23,2026-07-29,27.82,3.172064833979867
600977,中国电影,2026-07-30,13.25675805448441,13.91420703117022,13.25675805448441,13.450759391867107,52131119.0,657155089.0,0.027922399035886447,12.3,12.91,12.3,12.48,2026-07-29,12.44,1.0777852076816592
600979,广安爱众,2026-07-30,22.068966589871263,22.51935366313394,21.787474669082087,21.90007143739776,26596108.0,104414936.0,0.021419342919852223,3.92,4.0,3.87,3.89,2026-07-29,3.94,5.629838415783485
600980,北矿科技,2026-07-30,31.993079919321172,33.03966685407618,31.776544691440826,31.884812305381004,3550100.0,63723537.0,0.01875744405184547,17.73,18.31,17.61,17.67,2026-07-29,17.8,1.8044602323362195
600981,苏豪汇鸿,2026-07-30,8.563313017223138,8.787679297150381,8.48852425724739,8.563313017223138,21057280.0,48625578.0,0.009390371171423509,2.29,2.35,2.27,2.29,2026-07-29,2.29,3.7394379987873965
600982,宁波能源,2026-07-30,23.61956567764632,24.04556986822511,23.288229084973928,23.61956567764632,32153600.0,160607040.0,0.028769514378934588,4.99,5.08,4.92,4.99,2026-07-29,5.04,4.733379895319904
600983,惠而浦,2026-07-30,21.107268056374185,21.728864938956264,20.972138299291124,21.728864938956264,4835804.0,38480774.0,0.006309444065346361,7.81,8.04,7.76,8.04,2026-07-29,7.82,2.7025951416612273
600984,建设机械,2026-07-30,9.555375384857212,9.820802478881026,9.434726705755482,9.676024063958945,34160250.0,136764106.0,0.027175064705873345,3.96,4.07,3.91,4.01,2026-07-29,3.97,2.41297358203465
600985,淮北矿业,2026-07-30,70.48050801270283,71.21611670689934,69.33111942802078,70.8023368164138,20323977.0,311182267.0,0.007546240148443162,15.33,15.49,15.08,15.4,2026-07-29,15.34,4.597554338728169
600986,浙文互联,2026-07-30,40.609947884966964,43.62668687070737,40.609947884966964,41.24810420887359,110155376.0,798239536.0,0.07406030454227458,7.0,7.52,7.0,7.11,2026-07-29,7.08,5.801421126423852
600987,航民股份,2026-07-30,53.18493437754914,53.74561892671005,53.10483658481187,53.66552113397278,5629800.0,37639873.0,0.005514984243438846,6.64,6.71,6.63,6.7,2026-07-29,6.67,8.00977927372728
600988,赤峰黄金,2026-07-30,198.04798230002854,203.28385041525001,188.08458277980122,188.94875518716788,77759042.0,2996015622.0,0.04673268241813778,38.96,39.99,37.0,37.17,2026-07-29,37.86,5.08336710215679
600989,宝丰能源,2026-07-30,26.884387309155546,27.430725408579537,26.63398234691955,27.18032044634354,80562535.0,1914212432.0,0.010985760279053531,23.62,24.1,23.4,23.88,2026-07-29,23.26,1.1382043737999807
600990,四创电子,2026-07-30,84.41480985355385,86.14259835932833,83.92115599476114,84.11861753827822,3689883.0,63512217.0,0.013716389801914777,17.1,17.45,17.0,17.04,2026-07-29,17.22,4.936538587927125
600992,贵绳股份,2026-07-30,14.933619597443457,15.175263927499177,14.369782827313445,14.402002071320874,12441600.0,113605114.0,0.05076339303929169,9.27,9.42,8.92,8.94,2026-07-29,9.34,1.6109622003714625
600993,马应龙,2026-07-30,309.24457278328504,317.61281460521894,308.7374066122587,316.5984822631663,7390863.0,183296563.0,0.017175353073685052,24.39,25.05,24.35,24.97,2026-07-29,24.38,12.679154275657442
600995,南网储能,2026-07-30,114.61057445315494,115.95052660966104,113.62794287171714,114.96789502822323,14318252.0,183916029.0,0.004480045680017155,12.83,12.98,12.72,12.87,2026-07-29,12.83,8.933014376707321
600996,贵广网络,2026-07-30,6.912450749161315,7.09927374238189,6.850176418087789,6.881313583624552,17684196.0,118723686.0,0.014183668648392383,6.66,6.84,6.6,6.63,2026-07-29,6.68,1.0379055178920893
600997,开滦股份,2026-07-30,27.344424579602745,27.801010518779787,26.938570411445372,27.344424579602745,9933500.0,53629243.0,0.006256141158940063,5.39,5.48,5.31,5.39,2026-07-29,5.37,5.073177101967114
600998,九州通,2026-07-30,16.455005892024015,16.616329479200726,16.22915286997663,16.616329479200726,37447008.0,191283938.0,0.007426322072762086,5.1,5.15,5.03,5.15,2026-07-29,5.12,3.226471743534121
600999,招商证券,2026-07-30,38.077501746521804,38.62208844198121,37.46756464760727,38.25176948906881,78407978.0,1372513454.0,0.010564257923097849,17.48,17.73,17.2,17.56,2026-07-29,17.68,2.178346781837632
601000,唐山港,2026-07-30,34.70780970514583,35.718016224630325,34.4191792710074,35.4293857904919,63958571.0,310530238.0,0.01079300396040849,4.81,4.95,4.77,4.91,2026-07-29,4.77,7.215760853460671
601001,晋控煤业,2026-07-30,45.57761616280736,46.60777608829536,44.3804032764294,44.71450919820929,19293269.0,314261381.0,0.011527316125948497,16.37,16.74,15.94,16.06,2026-07-29,16.37,2.784216014832459
601002,晋亿实业,2026-07-30,5.761651760141156,5.856885673531918,5.6664178467503925,5.6664178467503925,17464228.0,84403343.0,0.018297865581426577,4.84,4.92,4.76,4.76,2026-07-29,4.89,1.1904239173845363
601003,柳钢股份,2026-07-30,20.045899332606176,21.10359753859796,19.542233520229136,21.10359753859796,37880138.0,155440679.0,0.014780801665932312,3.98,4.19,3.88,4.19,2026-07-29,3.81,5.036658123770396
601005,重庆钢铁,2026-07-30,1.2437126553141988,1.285169743824672,1.2437126553141988,1.2644411995694353,100999174.0,123327317.0,0.012148615492876403,1.2,1.24,1.2,1.22,2026-07-29,1.21,1.0364272127618324
601006,大秦铁路,2026-07-30,12.904467589190206,13.217936437510614,12.878345185163504,13.165691629457214,152921810.0,765247885.0,0.007698869027243359,4.94,5.06,4.93,5.04,2026-07-29,4.93,2.612240402670082
601007,金陵饭店,2026-07-30,10.06555249267187,10.262027241027328,9.959758397403547,10.005098723947114,12876640.0,86238940.0,0.03301702564102564,6.66,6.79,6.59,6.62,2026-07-29,6.59,1.5113442181188994
601008,连云港,2026-07-30,7.6434732997574155,7.748178413452723,7.591120742909761,7.6434732997574155,7782400.0,34233514.0,0.006272901492911382,4.38,4.44,4.35,4.38,2026-07-29,4.38,1.7450852282551177
601009,南京银行,2026-07-30,80.63862559846649,82.81236246242516,80.28802287847314,82.60200083042915,65877195.0,769562881.0,0.005328332324689031,11.5,11.81,11.45,11.78,2026-07-29,11.46,7.012054399866651
601011,宝泰隆,2026-07-30,6.456452268280245,6.6077753683180624,6.3303496849153955,6.380790718261335,27967123.0,71654542.0,0.01459917560232084,2.56,2.62,2.51,2.53,2026-07-29,2.57,2.5220516672969704
601012,隆基绿能,2026-07-30,235.40282519411025,246.15350539982555,235.2174686388393,241.33423496278076,153403152.0,1998593358.0,0.02024305951267457,12.7,13.28,12.69,13.02,2026-07-29,12.81,18.535655527095297
601015,陕西黑猫,2026-07-30,7.56422434229381,7.727648942281638,7.447492485159645,7.517531599440144,41667748.0,135653460.0,0.020400389799422432,3.24,3.31,3.19,3.22,2026-07-29,3.23,2.3346371426832744
601016,节能风电,2026-07-30,9.247750451820139,9.35195045691107,9.039350441638277,9.117500445456475,135769154.0,478182949.0,0.022484825507065556,3.55,3.59,3.47,3.5,2026-07-29,3.58,2.6050001272732786
601018,宁波港,2026-07-30,4.849773574502209,4.934609263852102,4.849773574502209,4.9204699822937865,62872606.0,217711712.0,0.0032317955574091345,3.43,3.49,3.43,3.48,2026-07-29,3.44,1.4139281558315477
601019,山东出版,2026-07-30,10.278610798083275,10.570301104515368,10.278610798083275,10.556411089923362,11828766.0,89114529.0,0.005668103886146916,7.4,7.61,7.4,7.6,2026-07-29,7.44,1.3890014592004425
601020,华钰矿业,2026-07-30,26.269104427276595,27.066804980565617,25.78773340374011,25.966528355339374,26756405.0,513811336.0,0.03263116700665569,19.1,19.68,18.75,18.88,2026-07-29,18.71,1.3753457815328058
601021,春秋航空,2026-07-30,97.9930317569577,101.08328612945856,97.77991076575077,100.80622884088952,9314804.0,437570776.0,0.00952109350556247,45.98,47.43,45.88,47.3,2026-07-29,46.09,2.131209912069546
601022,宁波远洋,2026-07-30,8.415573252566205,8.580786960592045,8.394921539062976,8.549809390337199,6979500.0,57630485.0,0.005333426727459473,8.15,8.31,8.13,8.28,2026-07-29,8.18,1.0325856751614975
601026,道生天合,2026-07-30,15.302098578429373,15.587737751893387,15.23068878506337,15.465320963265953,4903100.0,74219802.0,0.044137998332638526,15.0,15.28,14.93,15.16,2026-07-29,15.13,1.0201399052286249
601033,永兴股份,2026-07-30,15.751856642772001,16.001541482733238,15.686721467129939,15.958118032305196,4985700.0,72839169.0,0.02077375,14.51,14.74,14.45,14.7,2026-07-29,14.52,1.0855862607010338
601038,一拖股份,2026-07-30,15.781945561294343,16.070707408299025,15.53760861382884,15.715308211985569,11227788.0,159498406.0,0.015344686424462363,14.21,14.47,13.99,14.15,2026-07-29,14.3,1.1106224884795455
601058,赛轮轮胎,2026-07-30,77.68410904216337,80.76903756008322,77.40366099507975,80.37641029416615,57351949.0,816724501.0,0.017442275016712014,13.85,14.4,13.8,14.33,2026-07-29,13.85,5.6089609416724455
601059,信达证券,2026-07-30,16.340293040488902,16.479783346932102,16.15098476745885,16.469819753614733,9456615.0,155241529.0,0.002916008325624422,16.4,16.54,16.21,16.53,2026-07-29,16.44,0.9963593317371283
601061,中信金属,2026-07-30,11.98303831297454,12.496890727767616,11.828882588536617,11.849436685128339,22770244.0,268475527.0,0.0046469885714285715,11.66,12.16,11.51,11.53,2026-07-29,11.69,1.0277048295861526
601065,江盐集团,2026-07-30,7.3301089977030625,7.426557800304419,7.3086759304583175,7.426557800304419,6552500.0,45160290.0,0.010194063242356596,6.84,6.93,6.82,6.93,2026-07-29,6.83,1.07165336223729
601066,中信建投,2026-07-30,27.759396303037988,28.255484970458248,27.349583925603863,27.867241665520655,21867212.0,565061266.0,0.003366428484782404,25.74,26.2,25.36,25.84,2026-07-29,25.87,1.0784536248266507
601068,中铝国际,2026-07-30,4.363413385231128,4.480030224034633,4.353695315330836,4.402285664832297,14090900.0,64059519.0,0.005505138060420971,4.49,4.61,4.48,4.53,2026-07-29,4.49,0.9718069900292045
601069,西部黄金,2026-07-30,22.914757436036908,24.144329786263278,22.542159754150127,22.737773537140686,41361515.0,1033025122.0,0.046620890213737824,24.6,25.92,24.2,24.41,2026-07-29,24.06,0.9314942047169474
601077,渝农商行,2026-07-30,9.404393096875634,9.789702070495728,9.361580988695623,9.746889962315718,90257827.0,608349475.0,0.010212191838966793,6.59,6.86,6.56,6.83,2026-07-29,6.58,1.4270702726670157
601083,锦江航运,2026-07-30,11.58045540395628,11.910441666580146,11.549519191835293,11.745448535268213,10935068.0,124946385.0,0.056331485678961464,11.23,11.55,11.2,11.39,2026-07-29,11.31,1.0312070706995797
601086,国芳集团,2026-07-30,9.448106149460367,10.484027959771081,9.448106149460367,9.997269518781708,50313313.0,401500399.0,0.07554551501501501,7.57,8.4,7.57,8.01,2026-07-29,7.73,1.2480985666394144
601088,中国神华,2026-07-30,121.019973393775,123.14454626002127,120.67036013730409,122.90250631323373,36659445.0,1666255214.0,0.0022229919729755423,45.0,45.79,44.87,45.7,2026-07-29,45.03,2.689332742083889
601089,福元医药,2026-07-30,18.816273272846736,19.113546168321786,18.519000377371686,18.783242951127285,2762682.0,47165670.0,0.0057555875,17.09,17.36,16.82,17.06,2026-07-29,17.08,1.1010107239816698
601096,宏盛华源,2026-07-30,4.258277365382351,4.346582656369542,4.219030569388043,4.238653967385198,28426998.0,123858046.0,0.01730213261760747,4.34,4.43,4.3,4.32,2026-07-29,4.34,0.9811698998576845
601098,中南传媒,2026-07-30,17.564128203328202,17.865514578599804,17.44692239072258,17.79853982853945,12493117.0,132405292.0,0.0069560785077951,10.49,10.67,10.42,10.63,2026-07-29,10.42,1.674368751508885
601099,太平洋,2026-07-30,9.740803702043337,9.854068861369422,9.655854832548773,9.76911999187486,108652418.0,375279673.0,0.01594004915590501,3.44,3.48,3.41,3.45,2026-07-29,3.44,2.831628983152133
601100,恒立液压,2026-07-30,372.3350718382413,384.35301574113896,366.436694462586,379.7080435578104,7685972.0,784473197.0,0.005732287938403638,101.0,104.26,99.4,103.0,2026-07-29,102.93,3.686485859784567
601101,昊华能源,2026-07-30,48.88214257902303,49.87533098831414,47.67304364597299,48.493503636256946,21724140.0,245564181.0,0.015086230061695243,11.32,11.55,11.04,11.23,2026-07-29,11.33,4.318210475178713
601106,中国一重,2026-07-30,2.9942316308243733,3.0631777539025657,2.9548338462082633,3.0139305231324283,73185400.0,223723411.0,0.010671874682976533,3.04,3.11,3.0,3.06,2026-07-29,3.04,0.9849446154027544
601107,四川成渝,2026-07-30,8.401278428859852,8.869642383082002,8.357369308151524,8.811096888804233,23484739.0,138917373.0,0.010858789775932381,5.74,6.06,5.71,6.02,2026-07-29,5.75,1.463637356944225
601108,财通证券,2026-07-30,9.69670235447074,9.875169268970202,9.61341779437099,9.768089120270526,42984370.0,352175702.0,0.009256354071997023,8.15,8.3,8.08,8.21,2026-07-29,8.2,1.1897794299964097
601111,中国国航,2026-07-30,6.842755457650762,7.000318905688773,6.831500925648047,6.944046245675198,90457749.0,557909116.0,0.00777254666680067,6.08,6.22,6.07,6.17,2026-07-29,6.12,1.125453200271507
601112,振石股份,2026-07-30,14.950527904303462,15.408197125863772,14.92001662286611,15.286152000114356,6650414.0,99641508.0,0.0363930644062417,14.7,15.15,14.67,15.03,2026-07-29,14.9,1.0170427145784668
601113,华鼎股份,2026-07-30,6.884322750650818,7.006892295172792,6.843466235810161,6.9047510080711465,7570400.0,25706190.0,0.0068563009897876165,3.37,3.43,3.35,3.38,2026-07-29,3.38,2.0428257420328837
601116,三江购物,2026-07-30,12.522830097109043,13.21296602430443,12.472638393313014,12.610665578752092,20373873.0,208344682.0,0.03720043185928092,9.98,10.53,9.94,10.05,2026-07-29,10.08,1.2547925949007057
601117,中国化学,2026-07-30,9.891873543141582,10.046032611346385,9.891873543141582,10.020339433312252,73415900.0,570526233.0,0.012058982865111078,7.7,7.82,7.7,7.8,2026-07-29,7.75,1.284658901706699
601118,海南橡胶,2026-07-30,4.882405151860624,5.0535410025443985,4.852204707622311,4.912605596098937,51224492.0,251545630.0,0.011969939540961485,4.85,5.02,4.82,4.88,2026-07-29,4.85,1.006681474610438
601121,宝地矿业,2026-07-30,6.88584262379978,6.967091504316591,6.804593743282968,6.814749853347569,14480069.0,98148107.0,0.01810008625,6.78,6.86,6.7,6.71,2026-07-29,6.78,1.0156110064601445
601126,四方股份,2026-07-30,134.1605157582889,136.8437260734547,122.42147062943863,123.36059423974666,31684136.0,1200069315.0,0.03840103824404117,40.0,40.8,36.5,36.78,2026-07-29,40.5,3.354012893957223
601127,XD赛力斯,2026-07-30,58.83824170372331,63.44782957835496,58.43211061344739,62.39188874363758,62098630.0,3788821641.0,0.03987830383559812,57.95,62.49,57.55,61.45,2026-07-29,58.0,1.0153277256897897
601128,常熟银行,2026-07-30,9.774519923818984,9.975578086808932,9.774519923818984,9.975578086808932,65628666.0,420455060.0,0.017989430236449205,6.32,6.45,6.32,6.45,2026-07-29,6.33,1.5466012537688265
601133,柏诚股份,2026-07-30,28.124657327091644,28.472815560927984,25.611390076585582,25.611390076585582,14052117.0,342783324.0,0.02679723917658757,25.85,26.17,23.54,23.54,2026-07-29,26.16,1.0879944807385549
601136,首创证券,2026-07-30,14.420071442800559,14.793178186425468,14.389819544668809,14.742758356205885,15764160.0,229374119.0,0.005767374625082381,14.3,14.67,14.27,14.62,2026-07-29,14.38,1.0083966043916475
601137,博威合金,2026-07-30,40.281883123231914,41.45817172456586,39.84977710641537,40.64197147057904,16330990.0,276427653.0,0.01778743336875225,16.78,17.27,16.6,16.93,2026-07-29,16.81,2.4005889823141784
601138,工业富联,2026-07-30,68.55686600485365,69.01391177821935,64.0104633119002,64.70805949230046,152598379.0,8348593165.0,0.007689864409824269,57.0,57.38,53.22,53.8,2026-07-29,57.75,1.202752035172871
601139,深圳燃气,2026-07-30,16.678073716619927,16.806366591363158,16.498463691979403,16.78070801641451,24575732.0,159793220.0,0.008542897147949835,6.5,6.55,6.43,6.54,2026-07-29,6.48,2.5658574948646042
601155,新城控股,2026-07-30,16.931052429662135,17.54051085777113,16.767539192852404,16.84186339140228,17776710.0,204650971.0,0.007881064847659975,11.39,11.8,11.28,11.33,2026-07-29,11.5,1.4864839709975535
601156,东航物流,2026-07-30,19.41538283553021,19.826290408768944,19.27841364445063,19.392554637016943,10595400.0,180873098.0,0.011216864119991687,17.01,17.37,16.89,16.99,2026-07-29,17.02,1.1414099256631516
601158,重庆水务,2026-07-30,7.654720096069709,7.745847716261015,7.654720096069709,7.745847716261015,7761746.0,32865837.0,0.0016170202702013503,4.2,4.25,4.2,4.25,2026-07-29,4.21,1.8225524038261212
601162,天风证券,2026-07-30,4.1701077315775725,4.272094061969415,4.15877591708959,4.181439546065556,166047269.0,616420412.0,0.01931237953213748,3.68,3.77,3.67,3.69,2026-07-29,3.7,1.1331814487982534
601163,三角轮胎,2026-07-30,15.836358251848646,16.274903557284453,15.787630995689113,16.22617630112492,5022706.0,66566747.0,0.0062783825,13.0,13.36,12.96,13.32,2026-07-29,13.03,1.2181814039883574
601166,兴业银行,2026-07-30,106.67389206456745,109.65938312342512,106.44423890619379,109.65938312342512,157630580.0,2983174091.0,0.007448453735808722,18.58,19.1,18.54,19.1,2026-07-29,18.59,5.741328959341629
601168,西部矿业,2026-07-30,49.88475671687222,50.695134921860024,48.47655852459834,48.68911674230005,70982929.0,2652986979.0,0.029787213176668065,37.55,38.16,36.49,36.65,2026-07-29,36.91,1.328488860635745
601169,北京银行,2026-07-30,24.816357686758185,25.301052172827678,24.71941878954428,25.25258272422073,231417398.0,1197992359.0,0.010945351660052545,5.12,5.22,5.1,5.21,2026-07-29,5.12,4.846944860694958
601177,杭齿前进,2026-07-30,13.061468676670426,13.301415784947919,12.904981432141627,12.998873778858908,5062061.0,63576424.0,0.012579158657758814,12.52,12.75,12.37,12.46,2026-07-29,12.65,1.0432482968586603
601179,中国西电,2026-07-30,15.509831773513373,15.787412655365962,15.162855671197637,15.174421541274828,168888790.0,2245298110.0,0.03294823766957966,13.41,13.65,13.11,13.12,2026-07-29,13.67,1.156587007719118
601186,中国铁建,2026-07-30,9.06219179609477,9.162564173583162,9.047852885025,9.14822526251339,52194600.0,332067912.0,0.004537380341921765,6.32,6.39,6.31,6.38,2026-07-29,6.33,1.4338911069770206
601187,厦门银行,2026-07-30,9.47720608618119,9.703452385320794,9.452067608499013,9.665744668797528,18355700.0,140333148.0,0.006970395217827903,7.54,7.72,7.52,7.69,2026-07-29,7.58,1.2569238841089112
601188,龙江交通,2026-07-30,3.7404728727974192,3.7929707376787865,3.7010994741363934,3.7404728727974192,14511100.0,41517200.0,0.011115614257567935,2.85,2.89,2.82,2.85,2026-07-29,2.86,1.3124466220341822
601198,东兴证券,2026-07-30,15.396118306104375,15.58716502961078,15.081453114446768,15.351166135867574,30920136.0,421166287.0,0.00956555518374212,13.7,13.87,13.42,13.66,2026-07-29,13.73,1.1238042559200274
601199,江南水务,2026-07-30,27.870044097962484,28.326099365020053,27.768698483060803,27.971389712864163,10395600.0,57519371.0,0.011115788704344156,5.5,5.59,5.48,5.52,2026-07-29,5.53,5.067280745084088
601200,上海环境,2026-07-30,11.573473796520775,11.788409738456162,11.556940262525746,11.73880913647107,11060798.0,78170481.0,0.0082161264700328,7.0,7.13,6.99,7.1,2026-07-29,7.11,1.653353399502968
601208,东材科技,2026-07-30,125.36044655656194,126.49384237474455,113.13350985131918,114.23256034167808,77225848.0,2631980630.0,0.07644738859939353,36.5,36.83,32.94,33.26,2026-07-29,36.6,3.43453278237156
601211,国泰海通,2026-07-30,25.185917630640645,25.4801768913279,25.025412579356693,25.45342604944724,88501409.0,1672011750.0,0.006557160693408194,18.83,19.05,18.71,19.03,2026-07-29,18.93,1.3375420940329605
601212,白银有色,2026-07-30,4.729796634172546,4.796818043968512,4.557455866125773,4.60532830169432,129169296.0,631253090.0,0.017444055292718964,4.94,5.01,4.76,4.81,2026-07-29,4.9,0.9574487113709607
601216,君正集团,2026-07-30,81.58239974223022,84.77475451475229,81.40504669931234,84.2426953859986,86577465.0,406838345.0,0.01026040371789279,4.6,4.78,4.59,4.75,2026-07-29,4.74,17.73530429178918
601218,吉鑫科技,2026-07-30,11.410179247383143,12.044078094459985,11.38482329350007,11.765162601746173,76293066.0,353468017.0,0.07873109139697121,4.5,4.75,4.49,4.64,2026-07-29,4.57,2.535595388307365
601222,林洋能源,2026-07-30,32.09159242187499,32.48639232864674,31.922392461829958,32.31719236860171,19701560.0,112735168.0,0.009651854525387117,5.69,5.76,5.66,5.73,2026-07-29,5.69,5.639998668167837
601225,陕西煤业,2026-07-30,41.047865388869376,41.54642245836981,40.865061130052545,41.11433966480276,26258160.0,650362100.0,0.0027084228984012378,24.7,25.0,24.59,24.74,2026-07-29,24.64,1.6618568983347926
601226,华电科工,2026-07-30,9.518110757179851,9.821032205063299,9.42245135258508,9.486224288981596,13607042.0,81857340.0,0.011707765036971797,5.97,6.16,5.91,5.95,2026-07-29,5.99,1.5943234099128731
601228,广州港,2026-07-30,3.3386181718293066,3.3929930606213152,3.3277431940709055,3.371243105104512,27558800.0,85345156.0,0.003652818010537816,3.07,3.12,3.06,3.1,2026-07-29,3.08,1.0874977758401652
601229,上海银行,2026-07-30,35.22788093263655,35.86295407776361,35.003737469650524,35.82559683393261,82904079.0,789229416.0,0.005834601519110489,9.43,9.6,9.37,9.59,2026-07-29,9.38,3.7357243831003766
601231,环旭电子,2026-07-30,57.806735722986716,58.25407933563236,53.184185058981754,53.40785686530457,38873191.0,859374835.0,0.016272179848954477,23.26,23.44,21.4,21.49,2026-07-29,23.57,2.485242292475783
601233,桐昆股份,2026-07-30,63.674341734568195,64.56188876414177,62.18555316883189,63.130361297087624,33169225.0,734508820.0,0.013967917222697792,22.24,22.55,21.72,22.05,2026-07-29,22.29,2.8630549341082823
601236,红塔证券,2026-07-30,8.489227598481987,8.634757214455963,8.489227598481987,8.6105022784603,20921598.0,148018962.0,0.004457821474616334,7.0,7.12,7.0,7.1,2026-07-29,7.02,1.212746799783141
601238,广汽集团,2026-07-30,9.334798035119945,9.665695726663376,9.265135363216064,9.596033054759495,39703329.0,217296979.0,0.005377160763854387,5.36,5.55,5.32,5.51,2026-07-29,5.37,1.7415667975970046
601279,英利汽车,2026-07-30,3.066361146116612,3.1356015590934385,3.0564696585484934,3.086144121252848,11495951.0,36042278.0,0.007249371042965801,3.1,3.17,3.09,3.12,2026-07-29,3.1,0.9891487568118102
601288,农业银行,2026-07-30,15.59296458548409,16.044280492444557,15.570398790136068,16.044280492444557,551824458.0,3878708744.0,0.0017285339541692208,6.91,7.11,6.9,7.11,2026-07-29,6.93,2.2565795348023285
601298,青岛港,2026-07-30,11.91659710827062,12.036428811035353,11.850023940067993,12.036428811035353,12045458.0,108207020.0,0.0022339188531316796,8.95,9.04,8.9,9.04,2026-07-29,8.97,1.3314633640525835
601311,骆驼股份,2026-07-30,26.281144381606296,26.81007307356315,26.181970251864385,26.777015030315848,17045780.0,137501887.0,0.014529971789924979,7.95,8.11,7.92,8.1,2026-07-29,7.98,3.3058043247303517
601318,中国平安,2026-07-30,165.74422432173264,171.07894408347542,165.74422432173264,171.07894408347542,105845797.0,5834022322.0,0.009929188628388038,54.06,55.8,54.06,55.8,2026-07-29,54.3,3.065930897553323
601319,中国人保,2026-07-30,8.673680794299827,8.872941028763472,8.638517223512125,8.861219838500904,96176897.0,720258449.0,0.0027093795850202953,7.4,7.57,7.37,7.56,2026-07-29,7.42,1.1721190262567334
601326,秦港股份,2026-07-30,4.304858417790421,4.366532607157046,4.280188742043771,4.341862931410396,22179075.0,77888530.0,0.004661860210246473,3.49,3.54,3.47,3.52,2026-07-29,3.5,1.2334837873324989
601328,交通银行,2026-07-30,18.931526126676303,19.573272775038213,18.904786682994555,19.573272775038213,341889735.0,2470513658.0,0.013113070378212908,7.08,7.32,7.07,7.32,2026-07-29,7.09,2.673944368174619
601330,绿色动力,2026-07-30,8.287272328508681,8.402854927232651,8.25259754889149,8.368180147615462,10737100.0,77457351.0,0.010855478932627428,7.17,7.27,7.14,7.24,2026-07-29,7.19,1.1558259872397045
601333,广深铁路,2026-07-30,4.2233853788105264,4.306196856826419,4.209583465807877,4.29239494382377,88834887.0,274710130.0,0.015716766122864274,3.06,3.12,3.05,3.11,2026-07-29,3.05,1.3801913002648778
601336,新华保险,2026-07-30,81.88450322613714,82.82781270330224,80.99359983103678,82.15963515697698,22293183.0,1397271950.0,0.010689921577867616,62.5,63.22,61.82,62.71,2026-07-29,62.98,1.3101520516181944
601339,百隆东方,2026-07-30,26.98295040146503,27.72871033718391,26.6439686125019,27.627015800494974,12040223.0,96437502.0,0.008029122367827022,7.96,8.18,7.86,8.15,2026-07-29,8.04,3.389817889631285
601360,三六零,2026-07-30,17.99577577258542,18.59563496500494,17.954406173108215,18.22330856971007,100813640.0,892911446.0,0.014402858258013698,8.7,8.99,8.68,8.81,2026-07-29,8.79,2.0684799738603936
601366,利群股份,2026-07-30,3.918805441890765,4.008634792994278,3.8851194352269474,3.896348104114887,8274806.0,29135829.0,0.008621914689195981,3.49,3.57,3.46,3.47,2026-07-29,3.51,1.1228668887939155
601368,绿城水务,2026-07-30,4.996364127550682,5.041478024864909,4.939971755907898,5.0076426018792395,4302900.0,19061562.0,0.004873195018153424,4.43,4.47,4.38,4.44,2026-07-29,4.42,1.1278474328556845
601369,XD陕鼓动,2026-07-30,24.584897386387514,25.110777544385112,24.532309370587758,24.82154345748643,16824800.0,159071943.0,0.009860912349418445,9.35,9.55,9.33,9.44,2026-07-29,9.45,2.6294007899879697
601375,中原证券,2026-07-30,4.360503871490146,4.434410716769641,4.360503871490146,4.392178233752786,52824687.0,220125996.0,0.015322519259280812,4.13,4.2,4.13,4.16,2026-07-29,4.15,1.055812075421343
601377,兴业证券,2026-07-30,17.001706205367313,17.170318167734592,16.945502217911553,17.170318167734592,90334158.0,550031960.0,0.010460200429285162,6.05,6.11,6.03,6.11,2026-07-29,6.09,2.8101993727879857
601388,怡球资源,2026-07-30,16.72229995681635,17.045957375335377,16.506528344470333,16.560471247556837,43562308.0,135176221.0,0.01979005107586992,3.1,3.16,3.06,3.07,2026-07-29,3.09,5.394290308650436
601390,中国中铁,2026-07-30,6.342316707013554,6.508490943878538,6.328468853941472,6.4946430908064565,139507034.0,648469460.0,0.006864179338517618,4.58,4.7,4.57,4.69,2026-07-29,4.6,1.3847853072081995
601398,工商银行,2026-07-30,20.328148885045344,20.89139734281738,20.25134227716734,20.86579514019138,572360496.0,4625457210.0,0.002122902707596032,7.94,8.16,7.91,8.15,2026-07-29,7.95,2.5602202626001693
601399,国机重装,2026-07-30,3.241199794965443,3.2904581505120305,3.2017931105281736,3.260903137184078,81393900.0,268459775.0,0.011283464249973393,3.29,3.34,3.25,3.31,2026-07-29,3.31,0.9851671109317457
601456,国联民生,2026-07-30,9.212749624617363,9.295190337141904,9.171529268355094,9.243664891814067,19175637.0,171932862.0,0.004381018399876912,8.94,9.02,8.9,8.97,2026-07-29,8.95,1.030508906556752
601500,通用股份,2026-07-30,5.174204547232243,5.278998563378718,5.161105295213933,5.252800059342099,15626040.0,62408454.0,0.009871151449591714,3.95,4.03,3.94,4.01,2026-07-29,3.95,1.3099252018309475
601512,中新集团,2026-07-30,9.131501124184274,9.607100141068871,9.107721173340044,9.511980337691952,5506200.0,43683705.0,0.0036735184036186777,7.68,8.08,7.66,8.0,2026-07-29,7.73,1.188997542211494
601515,衢州东峰,2026-07-30,13.941158099131314,14.28118634545159,13.686136914391108,13.771143975971178,17531843.0,57736272.0,0.009109955929279009,3.28,3.36,3.22,3.24,2026-07-29,3.29,4.25035307900345
601518,吉林高速,2026-07-30,4.760059327288452,4.828796646094062,4.74287499758705,4.81161231639266,17082529.0,47599206.0,0.009035730536494634,2.77,2.81,2.76,2.8,2026-07-29,2.78,1.7184329701402357
601519,大智慧,2026-07-30,22.89069028367151,23.72151633902379,22.86204110934902,23.377726247153884,34052291.0,278260327.0,0.017118930101148223,7.99,8.28,7.98,8.16,2026-07-29,8.08,2.8649174322492503
601528,瑞丰银行,2026-07-30,7.352283317493333,7.607362534630856,7.337278657661712,7.5773532149676175,41139997.0,206521618.0,0.022168683273545008,4.9,5.07,4.89,5.05,2026-07-29,4.9,1.5004659831619045
601555,东吴证券,2026-07-30,11.309140756180378,11.505821464983514,11.238897645893543,11.449626976754047,48341592.0,391932794.0,0.009729217782963179,8.05,8.19,8.0,8.15,2026-07-29,8.07,1.4048622057366928
601566,九牧王,2026-07-30,15.471977888025963,15.822774522718674,15.324274041839557,15.324274041839557,8992960.0,75771732.0,0.015649806142885123,8.38,8.57,8.3,8.3,2026-07-29,8.38,1.846298077330067
601567,三星电气,2026-07-30,85.86466479178378,92.32470226828161,85.8108311461463,91.5171975837194,39469367.0,661347805.0,0.028087889961453432,15.95,17.15,15.94,17.0,2026-07-29,16.12,5.3833645637481995
601568,北元化工,2026-07-30,4.9988840671336,5.053367817184103,4.958021254595724,5.039746879671478,20663471.0,76114013.0,0.005201992696972534,3.67,3.71,3.64,3.7,2026-07-29,3.66,1.3620937512625615
601577,长沙银行,2026-07-30,12.5204705960366,12.852050855465535,12.493944175282286,12.82552443471122,27924468.0,266443208.0,0.006945204001222553,9.44,9.69,9.42,9.67,2026-07-29,9.44,1.3263210377157415
601579,会稽山,2026-07-30,15.920350634796268,17.141696511220747,15.920350634796268,16.3596066078963,14298021.0,222160815.0,0.029820880450128363,14.86,16.0,14.86,15.27,2026-07-29,15.04,1.0713560319512967
601588,北辰实业,2026-07-30,2.126190312406828,2.176813891273657,2.1008785229734133,2.1135344176901207,33942400.0,57378902.0,0.0127603007518797,1.68,1.72,1.66,1.67,2026-07-29,1.69,1.265589471670731
601595,上海电影,2026-07-30,21.544624847638154,22.364884211260307,21.506175189968367,21.76250624110029,7529420.0,128830696.0,0.016799241410084785,16.81,17.45,16.78,16.98,2026-07-29,16.9,1.2816552556596166
601598,中国外运,2026-07-30,8.655449486925793,8.939013354672193,8.614940362962022,8.925510313350935,26992202.0,176790917.0,0.00523361276206549,6.41,6.62,6.38,6.61,2026-07-29,6.4,1.3503041321257088
601599,浙文影业,2026-07-30,9.816480374645622,10.047845231960501,9.750376129698513,9.816480374645622,20196100.0,60551865.0,0.017402293167124668,2.97,3.04,2.95,2.97,2026-07-29,2.98,3.3052122473554277
601600,中国铝业,2026-07-30,9.963613598799949,10.297472902634082,9.92188118582068,9.963613598799949,252251912.0,2434851444.0,0.019105159286588857,9.55,9.87,9.51,9.55,2026-07-29,9.52,1.04331032448167
601601,中国太保,2026-07-30,49.31156487571627,51.03173574347382,49.31156487571627,50.8302742904932,67526602.0,2198999413.0,0.009865039159211345,31.82,32.93,31.82,32.8,2026-07-29,31.93,1.5497034844662563
601606,长城军工,2026-07-30,33.13052897926316,36.77671533841568,32.48051246955353,36.20795089241974,82730301.0,2856282319.0,0.11423233471650657,32.62,36.21,31.98,35.65,2026-07-29,33.33,1.015650796421311
601607,上海医药,2026-07-30,242.85861880290594,246.23165517516853,242.41865753695868,245.79169390922127,11628860.0,193935013.0,0.004169234443530583,16.56,16.79,16.53,16.76,2026-07-29,16.6,14.665375531576446
601608,中信重工,2026-07-30,7.349170014155462,7.526452624146055,7.316936812338991,7.397519816880169,45424741.0,209440772.0,0.00991903285438178,4.56,4.67,4.54,4.59,2026-07-29,4.61,1.6116600908235663
601609,金田股份,2026-07-30,10.324262910796351,10.521409639746233,9.981850171041296,10.11674003821753,30304813.0,298488541.0,0.017531032880516717,9.95,10.14,9.62,9.75,2026-07-29,10.07,1.0376143628941057
601611,中国核建,2026-07-30,10.91677858426695,11.125512400409722,10.739354840545593,10.948088656688366,32009086.0,335333030.0,0.010620718907679584,10.46,10.66,10.29,10.49,2026-07-29,10.52,1.0436690807138576
601615,明阳智能,2026-07-30,11.65996847559005,11.951989152975132,11.597392616150389,11.63910985577683,40332790.0,454904730.0,0.01783455615610346,11.18,11.46,11.12,11.16,2026-07-29,11.27,1.0429309906610063
601616,广电电气,2026-07-30,7.9060594467788885,8.32216783871462,7.9060594467788885,8.32216783871462,54199500.0,203887724.0,0.06348959468980502,3.61,3.8,3.61,3.8,2026-07-29,3.45,2.1900441680827947
601618,中国中冶,2026-07-30,3.415697394488423,3.4664884338116706,3.415697394488423,3.4410929141500466,83576058.0,226663818.0,0.004681445182029276,2.69,2.73,2.69,2.71,2026-07-29,2.7,1.269775983081198
601619,嘉泽新能,2026-07-30,5.117907975504928,5.2936301377540245,4.9531684483964,5.052012164661517,52824949.0,245428476.0,0.021696252653426024,4.66,4.82,4.51,4.6,2026-07-29,4.66,1.0982635140568515
601628,中国人寿,2026-07-30,52.53811423936103,53.6278933055296,52.25557892590992,53.466444554986104,38998594.0,1536588661.0,0.001872813783253848,39.05,39.86,38.84,39.74,2026-07-29,39.38,1.3454062545290917
601633,长城汽车,2026-07-30,65.20816376968769,67.17226508805177,64.81534350601487,66.8580088771135,22501422.0,380128815.0,0.003617496767743416,16.6,17.1,16.5,17.02,2026-07-29,16.62,3.9282026367281735
601636,旗滨集团,2026-07-30,22.030198717796704,22.628845422084662,21.2719128923653,21.63110091493807,81227588.0,445408340.0,0.027454239484425397,5.52,5.67,5.33,5.42,2026-07-29,5.58,3.99097802858636
601658,邮储银行,2026-07-30,6.996392831976329,7.133041129475866,6.982728002226375,7.133041129475866,201818429.0,1047169752.0,0.0027826354489796402,5.12,5.22,5.11,5.22,2026-07-29,5.12,1.3664829749953766
601665,齐鲁银行,2026-07-30,7.680496195455164,7.839740933159977,7.655997005039039,7.7907425523277265,70699142.0,447023554.0,0.011488617349694046,6.27,6.4,6.25,6.36,2026-07-29,6.27,1.2249595208062463
601666,平煤股份,2026-07-30,27.75615019803935,28.26888696278146,26.799041570520757,27.20923098231444,41665157.0,335391882.0,0.01687282162048237,8.12,8.27,7.84,7.96,2026-07-29,8.14,3.4182450982807087
601668,中国建筑,2026-07-30,10.92414790154822,11.11249527916112,10.900604479346608,11.11249527916112,337884868.0,1582691952.0,0.008177194464266326,4.64,4.72,4.63,4.72,2026-07-29,4.64,2.3543422201612545
601669,中国电建,2026-07-30,6.343166449878531,6.422456030502014,6.343166449878531,6.396026170294186,124557110.0,602047270.0,0.009528888320256812,4.8,4.86,4.8,4.84,2026-07-29,4.82,1.3214930103913607
601677,明泰铝业,2026-07-30,25.25852116301036,25.836728273970838,24.984633584134343,25.197657256593462,28118924.0,468883034.0,0.022616533406874948,16.6,16.98,16.42,16.56,2026-07-29,16.46,1.5215976604223107
601678,滨化股份,2026-07-30,31.430144807051267,32.52378070805305,29.670817488048396,29.908564423048784,221308845.0,1430007501.0,0.10830759850905715,6.61,6.84,6.24,6.29,2026-07-29,6.57,4.754938700007756
601686,友发集团,2026-07-30,6.297600103353682,6.383365085305971,6.285347963074785,6.371112945027073,8377100.0,43411419.0,0.0056626999304151245,5.14,5.21,5.13,5.2,2026-07-29,5.14,1.2252140278898216
601688,华泰证券,2026-07-30,27.696473188008994,28.070937272173364,27.05849734091415,27.32200910384463,125956709.0,2489385491.0,0.01723838495441223,19.97,20.24,19.51,19.7,2026-07-29,20.16,1.3869040154235852
601689,拓普集团,2026-07-30,107.02656182671464,108.45105022724768,104.4624827057552,104.69989743917738,25133353.0,1121558057.0,0.014462445866138844,45.08,45.68,44.0,44.1,2026-07-29,45.58,2.374147334221709
601696,中银证券,2026-07-30,11.223778366274555,11.524501900720978,11.19467608874748,11.320785958031465,40876038.0,478226291.0,0.014714196544276458,11.57,11.88,11.54,11.67,2026-07-29,11.7,0.9700759175691058
601698,中国卫通,2026-07-30,25.584130666374435,25.75803319389477,25.06242308381342,25.10334132558291,18619333.0,462153711.0,0.004407583869385827,25.01,25.18,24.5,24.54,2026-07-29,25.17,1.0229560442372825
601699,潞安环能,2026-07-30,116.85642341095269,118.98246620205514,112.98398832715893,115.11003111826138,31743507.0,484564664.0,0.010611556252484614,15.39,15.67,14.88,15.16,2026-07-29,15.45,7.593009968223046
601700,风范股份,2026-07-30,30.23178896637326,31.048864343842812,29.85467725369501,30.168937014260216,23508700.0,113746432.0,0.020644170623538485,4.81,4.94,4.75,4.8,2026-07-29,4.86,6.285195211304212
601702,华峰铝业,2026-07-30,15.602395568932334,16.48670072495651,15.551573433528647,16.212261193776595,22284500.0,356539498.0,0.02231729303037884,15.35,16.22,15.3,15.95,2026-07-29,15.3,1.0164427080737677
601717,中创智领,2026-07-30,45.72102060397608,47.16059933835819,45.605854305225506,46.98784989023234,25532611.0,413115879.0,0.016556334058856308,15.88,16.38,15.84,16.32,2026-07-29,15.91,2.8791574687642365
601727,上海电气,2026-07-30,7.7763216040911125,7.92325791347074,7.731110431974304,7.7876243971203145,116681078.0,805686730.0,0.00924892287403635,6.88,7.01,6.84,6.89,2026-07-29,6.97,1.1302793029202198
601728,中国电信,2026-07-30,7.702529872422166,8.062229335063458,7.690126442675915,8.049825905317208,231407056.0,1482283232.0,0.002980907699642404,6.21,6.5,6.2,6.49,2026-07-29,6.24,1.2403429746251475
601766,中国中车,2026-07-30,8.793651237689627,9.050192116584947,8.779398966639887,9.021687574485467,290796811.0,1822581121.0,0.011953272977120366,6.17,6.35,6.16,6.33,2026-07-29,6.17,1.4252271049740075
601777,千里科技,2026-07-30,9.17196419194192,10.065114263067349,9.126161624191896,9.790298856567217,71319815.0,604075396.0,0.01577488086527249,8.01,8.79,7.97,8.55,2026-07-29,8.04,1.1450641937505517
601778,晶科科技,2026-07-30,3.609947876707226,3.670281267404283,3.509392225545465,3.5596700511263455,134227584.0,478395067.0,0.03605317746594389,3.59,3.65,3.49,3.54,2026-07-29,3.61,1.0055565116176117
601788,光大证券,2026-07-30,18.959341050759715,19.20573467590639,18.933404879691647,19.101989991634106,21394691.0,315136634.0,0.005476411641056112,14.62,14.81,14.6,14.73,2026-07-29,14.68,1.2968085534035374
601789,宁波建工,2026-07-30,10.961695048504165,11.087691543314559,10.760100656807536,10.785299955769617,46166337.0,200228634.0,0.0424792021491305,4.35,4.4,4.27,4.28,2026-07-29,4.37,2.519929896207854
601798,蓝科高新,2026-07-30,7.923185941176244,8.201192465428042,7.837645472175691,7.891108265301036,7394699.0,55266385.0,0.020857858533441676,7.41,7.67,7.33,7.38,2026-07-29,7.47,1.0692558625069155
601799,星宇股份,2026-07-30,127.61324818029465,132.4158245721111,126.49039229150377,128.58729184286025,3371259.0,323267887.0,0.011800846598613392,94.33,97.88,93.5,95.05,2026-07-29,94.28,1.3528384202299868
601800,中国交建,2026-07-30,9.016047386434872,9.204183206697557,9.001575400260817,9.175239234349451,50001641.0,314981983.0,0.004265306010142807,6.23,6.36,6.22,6.34,2026-07-29,6.23,1.4471986174052762
601801,皖新传媒,2026-07-30,15.054201606071885,15.488979991806815,14.972680658746587,15.461806342698383,18763326.0,106089343.0,0.009583240537471439,5.54,5.7,5.51,5.69,2026-07-29,5.53,2.7173649108433007
601808,中海油服,2026-07-30,14.506984689217774,14.785296146085262,14.449003135703714,14.715718281868389,32723821.0,413715978.0,0.01105359726908043,12.51,12.75,12.46,12.69,2026-07-29,12.32,1.159631070281197
601811,新华文轩,2026-07-30,16.126473617144818,16.467081508327404,16.047871796102683,16.467081508327404,2517376.0,31422782.0,0.0031788907719737204,12.31,12.57,12.25,12.57,2026-07-29,12.33,1.3100303507022597
601816,京沪高铁,2026-07-30,5.4043151571649615,5.510074749281692,5.393739197953288,5.510074749281692,213437303.0,1102908605.0,0.004362480107550114,5.11,5.21,5.1,5.21,2026-07-29,5.12,1.0575959211673114
601818,光大银行,2026-07-30,6.47860315565079,6.6234920441158245,6.457904743012929,6.602793631477962,356039649.0,1127865543.0,0.007672141358891549,3.13,3.2,3.12,3.19,2026-07-29,3.18,2.069841263786195
601825,沪农商行,2026-07-30,11.092137996260936,11.583057979349041,11.025797458005787,11.569789871698012,43438435.0,372368286.0,0.004633709160110476,8.36,8.73,8.31,8.72,2026-07-29,8.34,1.3268107651029828
601827,三峰环境,2026-07-30,9.082224004967815,9.28405120507821,9.082224004967815,9.28405120507821,10538140.0,86265765.0,0.006302966751125779,8.1,8.28,8.1,8.28,2026-07-29,8.09,1.1212622228355327
601828,美凯龙,2026-07-30,2.662173271261488,2.698311369966395,2.613989139654945,2.638081205458217,39884930.0,88119301.0,0.011041109865727775,2.21,2.24,2.17,2.19,2026-07-29,2.21,1.2046032901635693
601838,成都银行,2026-07-30,25.510858368637578,25.92521990142541,25.427986062080013,25.84234759486785,20627390.0,385001497.0,0.0048667463975354775,18.47,18.77,18.41,18.71,2026-07-29,18.48,1.3812051092927764
601857,中国石油,2026-07-30,19.57204915957728,20.162430898394508,19.57204915957728,20.162430898394508,205253122.0,2283679177.0,0.0012676042993389942,10.94,11.27,10.94,11.27,2026-07-29,10.89,1.789035572173426
601858,中国科传,2026-07-30,20.506008574471394,20.87981602244353,19.91859687051518,20.239003254491298,26233121.0,501574833.0,0.03318547881087919,19.2,19.55,18.65,18.95,2026-07-29,19.2,1.0680212799203852
601860,紫金银行,2026-07-30,3.257621119702533,3.3325089615347756,3.257621119702533,3.3325089615347756,69048723.0,183186541.0,0.019441100614187655,2.61,2.67,2.61,2.67,2026-07-29,2.61,1.2481306972040358
601865,福莱特,2026-07-30,9.796416577329355,10.215835024065168,9.796416577329355,9.976167340216133,23017866.0,231012963.0,0.01210813099032365,9.81,10.23,9.81,9.99,2026-07-29,9.85,0.9986153493709842
601866,中远海发,2026-07-30,2.9260155819860936,2.9739830505432425,2.9140237148468064,2.961991183403956,74039800.0,182131223.0,0.007624772269042748,2.44,2.48,2.43,2.47,2026-07-29,2.44,1.1991867139287269
601868,中国能建,2026-07-30,2.6336647036138827,2.6749770911215514,2.6336647036138827,2.6543208973677173,311832274.0,801688640.0,0.009615926887425168,2.55,2.59,2.55,2.57,2026-07-29,2.56,1.0328096876917188
601869,长飞光纤,2026-07-30,365.59279507727575,378.96022776913213,331.65508974795114,340.88251173232965,14414196.0,3906493873.0,0.035473386346727816,281.7,292.0,255.55,262.66,2026-07-29,281.7,1.2978089992093567
601872,招商轮船,2026-07-30,26.228456040156672,27.44049190153175,26.115332693095,26.616307515796695,105454555.0,1754096952.0,0.013060134021762326,16.23,16.98,16.16,16.47,2026-07-29,16.29,1.6160478151667697
601877,正泰电器,2026-07-30,47.75493188773586,48.91497071901689,47.71626392669315,48.58629305015393,21006290.0,526937820.0,0.009775055030854945,24.7,25.3,24.68,25.13,2026-07-29,24.84,1.933398052135055
601878,浙商证券,2026-07-30,10.377091921937135,10.4981396537943,10.355083243417651,10.465126636015075,26066397.0,247475759.0,0.0056990721401419964,9.43,9.54,9.41,9.51,2026-07-29,9.54,1.1004339259742455
601880,辽港股份,2026-07-30,4.124499982595441,4.179862398469205,4.0968187746585585,4.179862398469205,118903065.0,177946328.0,0.0064575427297782345,1.49,1.51,1.48,1.51,2026-07-29,1.49,2.7681207936882153
601881,中国银河,2026-07-30,14.680360818698654,14.833036571213121,14.6098950867689,14.762570839283367,30452999.0,382440237.0,0.004204230735406267,12.5,12.63,12.44,12.57,2026-07-29,12.58,1.1744288654958923
601882,海天精工,2026-07-30,21.549086291847473,22.134842950068105,21.413911678411946,21.458969882890454,4982300.0,95958051.0,0.00954463601532567,19.13,19.65,19.01,19.05,2026-07-29,19.23,1.1264551119627535
601886,江河集团,2026-07-30,27.12247776174769,27.913681897154564,27.090829596331414,27.312366754245343,4445200.0,38551181.0,0.003923382098705098,8.57,8.82,8.56,8.63,2026-07-29,8.65,3.1648165416275016
601888,中国中免,2026-07-30,124.0883072304929,129.55350553104628,124.0883072304929,126.46164035702803,59956529.0,3496907293.0,0.03070795390203361,56.99,59.5,56.99,58.08,2026-07-29,57.38,2.1773698408579207
601890,亚星锚链,2026-07-30,24.827488322006868,25.177171256119646,24.652646854950486,24.827488322006868,17016920.0,145730884.0,0.017737043985824475,8.52,8.64,8.46,8.52,2026-07-29,8.54,2.9140244509397735
601898,中煤能源,2026-07-30,19.439369544257247,19.885930797248083,19.271909074385686,19.578919935816884,48948503.0,685396283.0,0.005348393887745022,13.93,14.25,13.81,14.03,2026-07-29,13.85,1.3955039155963567
601899,紫金矿业,2026-07-30,65.66794973207914,66.77482599173723,64.42019831210092,65.80882489239926,284297969.0,9237898413.0,0.013799671080475667,32.63,33.18,32.01,32.7,2026-07-29,32.15,2.012502290287439
601900,南方传媒,2026-07-30,16.000985060534717,16.537100539367064,16.000985060534717,16.413381582713445,8441128.0,100486287.0,0.009570764425488558,11.64,12.03,11.64,11.94,2026-07-29,11.7,1.3746550739290992
601901,方正证券,2026-07-30,7.506159372358052,7.591456637953031,7.49549721415868,7.580794479753658,57264139.0,405621490.0,0.0069561994261612215,7.04,7.12,7.03,7.11,2026-07-29,7.08,1.0662158199372234
601908,京运通,2026-07-30,13.03981884964442,13.3371437094083,12.912393909745616,12.997343869678152,34333949.0,106175944.0,0.014219294424997371,3.07,3.14,3.04,3.06,2026-07-29,3.09,4.247497996626847
601916,浙商银行,2026-07-30,4.0359424925298555,4.131387078501845,4.022307551676715,4.117752137648704,222145783.0,666039394.0,0.010311051232973047,2.96,3.03,2.95,3.02,2026-07-29,2.95,1.3634940853141404
601918,新集能源,2026-07-30,16.823366968599256,17.439482137337375,16.56665231495837,16.754909727628352,34274308.0,340275062.0,0.013230555862870075,9.83,10.19,9.68,9.79,2026-07-29,9.83,1.711431024272559
601919,中远海控,2026-07-30,36.14526138403287,36.61165185350426,36.051983290138594,36.61165185350426,80981350.0,1264675058.0,0.006449337920616713,15.5,15.7,15.46,15.7,2026-07-29,15.55,2.3319523473569594
601921,浙版传媒,2026-07-30,8.415696278491806,8.580479142686052,8.392155869321199,8.568708938100748,6885362.0,49857294.0,0.0030984128989155553,7.15,7.29,7.13,7.28,2026-07-29,7.17,1.1770204585303226
601928,凤凰传媒,2026-07-30,15.423657053905023,15.661431828631207,15.376102098959786,15.566321918740732,10959061.0,107408771.0,0.004306283547487131,9.73,9.88,9.7,9.82,2026-07-29,9.75,1.585165164841215
601929,吉视传媒,2026-07-30,4.976491603607431,5.151105344084884,4.932838168488067,4.932838168488067,97764700.0,225014745.0,0.02801450841528557,2.28,2.36,2.26,2.26,2026-07-29,2.3,2.1826717559681716
601933,永辉超市,2026-07-30,28.266751685825042,31.156643231979682,28.266751685825042,29.169842793998367,359753424.0,1185361352.0,0.040308339040961295,3.13,3.45,3.13,3.23,2026-07-29,3.17,9.03091108173324
601939,建设银行,2026-07-30,26.398338028262497,27.318920975525188,26.249054307084766,27.2940403553289,186980940.0,2022561819.0,0.0194900576692522,10.61,10.98,10.55,10.97,2026-07-29,10.63,2.4880620196288876
601949,中国出版,2026-07-30,5.927548004214967,6.108541836404736,5.916235889703106,6.063293378357294,18476601.0,98659017.0,0.009704259985446162,5.24,5.4,5.23,5.36,2026-07-29,5.27,1.1312114511860623
601952,苏垦农发,2026-07-30,12.44076499670881,12.671434310615648,12.425387042448355,12.579166585052912,11198484.0,91559635.0,0.008126621190130624,8.09,8.24,8.08,8.18,2026-07-29,8.1,1.5377954260455884
601956,东贝集团,2026-07-30,5.131062257236258,5.230373139634379,5.131062257236258,5.164165884702298,7453560.0,35061562.0,0.01199060662135803,4.65,4.74,4.65,4.68,2026-07-29,4.67,1.1034542488680124
601958,金钼股份,2026-07-30,32.53810069708342,33.07937138358434,31.239051049481233,31.702997352196302,38995702.0,809584685.0,0.012085678058332779,21.04,21.39,20.2,20.5,2026-07-29,21.12,1.5464876757168928
601963,重庆银行,2026-07-30,13.95566254346494,14.454079062874404,13.95566254346494,14.404237410933458,16010025.0,183608589.0,0.007870984595087378,11.2,11.6,11.2,11.56,2026-07-29,11.3,1.2460412985236555
601965,中国汽研,2026-07-30,27.066774902296014,27.841692793159293,26.992973198404275,27.306630439944172,10699400.0,158594848.0,0.010716485002694702,14.67,15.09,14.63,14.8,2026-07-29,14.67,1.8450425972935252
601966,玲珑轮胎,2026-07-30,12.644635404889494,13.015874700584648,12.633385729262368,12.982125673703269,14804482.0,169733719.0,0.010115787399619,11.24,11.57,11.23,11.54,2026-07-29,11.27,1.1249675627125884
601968,宝钢包装,2026-07-30,4.7099749249303455,4.826926898235614,4.7099749249303455,4.7737669103695834,10755519.0,48314010.0,0.00843054723580516,4.43,4.54,4.43,4.49,2026-07-29,4.45,1.0631997573206198
601969,海南矿业,2026-07-30,9.01316735214645,9.31528469355918,8.982955618005176,9.093731976523177,26460458.0,240223299.0,0.01341483989486241,8.95,9.25,8.92,9.03,2026-07-29,8.86,1.0070578047091006
601975,招商南油,2026-07-30,3.3873227623511895,3.528461210782489,3.3685043025603494,3.4061412221420295,205318857.0,751578324.0,0.043868319776768375,3.6,3.75,3.58,3.62,2026-07-29,3.6,0.940922989541997
601985,中国核电,2026-07-30,10.77512400214812,10.919433698605461,10.751072386071895,10.907407890567349,117843348.0,1064942186.0,0.006240616970511331,8.96,9.08,8.94,9.07,2026-07-29,8.96,1.202580803811174
601988,中国银行,2026-07-30,15.586863609065647,15.977185736170794,15.560842133925304,15.977185736170794,347921111.0,2114628097.0,0.0016507497028354732,5.99,6.14,5.98,6.14,2026-07-29,6.01,2.6021475140343315
601990,南京证券,2026-07-30,8.750183588729952,8.904598593236951,8.750183588729952,8.878862759152453,23478309.0,161283771.0,0.005548165372190554,6.8,6.92,6.8,6.9,2026-07-29,6.84,1.286791704224993
601991,大唐发电,2026-07-30,16.03136470797928,16.320454891237922,15.242936935455706,15.29549878695728,451712476.0,2689174517.0,0.0364399184401926,6.1,6.21,5.8,5.82,2026-07-29,6.17,2.62809257507857
601992,金隅集团,2026-07-30,3.7296164805157375,3.7825188419414926,3.7296164805157375,3.756067661228615,53054578.0,75282177.0,0.006365919186964938,1.41,1.43,1.41,1.42,2026-07-29,1.41,2.645118071287757
601995,中金公司,2026-07-30,35.54976287715597,36.0378603079636,35.265039375851515,35.793811592559784,17503748.0,613700672.0,0.005987170824173156,34.96,35.44,34.68,35.2,2026-07-29,35.12,1.016869647515903
601996,丰林集团,2026-07-30,10.286404561634473,10.470914060497872,10.009640313339375,10.148022437486926,25688941.0,56899225.0,0.022917843354777586,2.23,2.27,2.17,2.2,2026-07-29,2.23,4.612737471584966
601997,贵阳银行,2026-07-30,11.192540219854433,11.429837892360181,11.15299060777014,11.410063086318035,66331734.0,380549635.0,0.01814227036423833,5.66,5.78,5.64,5.77,2026-07-29,5.66,1.977480604214564
601998,中信银行,2026-07-30,15.967325366208172,16.400547372268083,15.9260661275358,16.35928813359571,66534486.0,521741396.0,0.0016322274406637923,7.74,7.95,7.72,7.93,2026-07-29,7.75,2.062961933618627
601999,出版传媒,2026-07-30,6.641441289675775,6.825287415341541,6.641441289675775,6.710383586800437,5565800.0,32655449.0,0.010102834431537224,5.78,5.94,5.78,5.84,2026-07-29,5.82,1.1490382854110337
603000,人民网,2026-07-30,67.76481579572851,70.30008791490921,67.76481579572851,68.53828864564804,17921074.0,288217672.0,0.016208030175112496,15.77,16.36,15.77,15.95,2026-07-29,15.89,4.297071388441884
603001,奥康国际,2026-07-30,9.961478516597255,10.27326188174897,9.743230160991057,9.83676517053657,16447400.0,105876080.0,0.04101800588558033,6.39,6.59,6.25,6.31,2026-07-29,6.45,1.558916825758569
603002,宏昌电子,2026-07-30,25.715307547417755,25.90045776175916,23.370071499093253,23.740371927776067,59644146.0,708343450.0,0.05259260758992127,12.5,12.59,11.36,11.54,2026-07-29,12.53,2.0572246037934203
603004,鼎龙科技,2026-07-30,19.129837182134853,19.367878142546033,18.632115174002386,18.6753953486226,3866900.0,67696971.0,0.0656742527173913,17.68,17.9,17.22,17.26,2026-07-29,17.84,1.082004365505365
603005,晶方科技,2026-07-30,80.70050237656314,82.28723181273566,76.69192274833787,77.41569407010076,44863393.0,1272900911.0,0.06879076873046681,28.99,29.56,27.55,27.81,2026-07-29,29.63,2.7837358529342238
603006,联明股份,2026-07-30,26.334673491097355,26.768481097055354,25.59464875152194,25.62016684599006,3318700.0,33993460.0,0.01305268250186575,10.32,10.49,10.03,10.04,2026-07-29,10.36,2.551809446811759
603007,顺景科技,2026-07-30,22.15456267622267,22.45061473871117,21.217064478342422,21.217064478342422,26292571.0,115639744.0,0.037826191902102374,4.49,4.55,4.3,4.3,2026-07-29,4.53,4.934201041474982
603009,北特科技,2026-07-30,101.35250111949729,102.59018430820213,96.26424801037734,97.74946783682316,7160044.0,256868015.0,0.0206704807414733,36.85,37.3,35.0,35.54,2026-07-29,37.29,2.750407086010781
603010,XD万盛股,2026-07-30,48.3337971453333,49.021473120978285,46.761966343859044,47.302283181865825,10584470.0,102875934.0,0.018543925250500023,9.84,9.98,9.52,9.63,2026-07-29,9.97,4.911971254607042
603011,合锻智能,2026-07-30,38.48691010114245,40.00007066922155,36.05269527423259,36.18427445406555,40642838.0,695963432.0,0.0822039870975693,17.55,18.24,16.44,16.5,2026-07-29,17.71,2.1929863305494273
603012,创力集团,2026-07-30,18.23947457760495,18.58579371515441,18.193298692598354,18.193298692598354,12301100.0,97760810.0,0.01902722351121423,7.9,8.05,7.88,7.88,2026-07-29,7.98,2.3087942503297403
603013,亚普股份,2026-07-30,21.561080699077916,22.05864409982587,21.31867801666225,21.88003159699327,3744300.0,64041531.0,0.007367484971515186,16.9,17.29,16.71,17.15,2026-07-29,16.9,1.2758035916614152
603014,威高血净,2026-07-30,32.8937917137952,33.39559613284127,32.391987294749136,32.61728723799431,1408042.0,45254405.0,0.013874401509379495,32.12,32.61,31.63,31.85,2026-07-29,32.38,1.024090651114421
603015,弘讯科技,2026-07-30,22.028539606401807,22.614165403709013,21.623106362112207,21.758250776875407,4814387.0,47128856.0,0.01191034315556666,9.78,10.04,9.6,9.66,2026-07-29,9.8,2.2524069127200215
603016,新宏泰,2026-07-30,32.07327630737899,32.48537787520508,31.43746245987588,31.555205764969052,2330500.0,63107312.0,0.015729616630669546,27.24,27.59,26.7,26.8,2026-07-29,27.33,1.177433050931681
603017,中衡设计,2026-07-30,45.17702028832988,46.41192744883092,44.71393010314199,44.9197479632255,5486500.0,48486970.0,0.019864926969030007,8.78,9.02,8.69,8.73,2026-07-29,8.87,5.145446502087686
603018,华设集团,2026-07-30,40.699957755198426,41.71355823569187,40.46604995200763,41.08980409384975,7274527.0,38507007.0,0.008880604511522987,5.22,5.35,5.19,5.27,2026-07-29,5.23,7.796926773026518
603019,中科曙光,2026-07-30,357.0106870595482,361.8549074009809,336.38099008827476,338.26021349658913,67066681.0,5557710529.0,0.0458401844572904,85.49,86.65,80.55,81.0,2026-07-29,86.64,4.176052018476409
603020,爱普股份,2026-07-30,22.68693028857836,22.905073849045458,21.693165179783794,21.93554691363613,7639500.0,69899764.0,0.02033741154051243,9.36,9.45,8.95,9.05,2026-07-29,9.35,2.423817338523329
603022,新通联,2026-07-30,20.31665619331391,20.83493823906171,19.979772863577836,20.44622670475086,4081700.0,32264201.0,0.0204085,7.84,8.04,7.71,7.89,2026-07-29,7.85,2.591410228739019
603023,威帝股份,2026-07-30,25.738201849931787,25.950329887156496,24.536142972325084,24.748271009549793,13655317.0,48709713.0,0.024466746295193048,3.64,3.67,3.47,3.5,2026-07-29,3.61,7.070934574157084
603025,大豪科技,2026-07-30,40.38824053692015,41.02308563518013,39.84408759555446,40.29754838002587,8940772.0,119738581.0,0.008060742290250411,13.36,13.57,13.18,13.33,2026-07-29,13.28,3.0230718964760595
603026,石大胜华,2026-07-30,70.69981879003949,71.48668977215152,69.28776264405761,69.81593631698212,10985888.0,715455499.0,0.047210314261888,65.59,66.32,64.28,64.77,2026-07-29,66.43,1.0779054549480025
603027,千禾味业,2026-07-30,61.22131434391937,63.97548658304171,61.14262370851586,62.559055145778785,34731049.0,277544492.0,0.026099076623170826,7.78,8.13,7.77,7.95,2026-07-29,7.79,7.869063540349533
603028,赛福天,2026-07-30,8.511425010692651,8.661226090880842,8.307150810436028,8.402478770555785,3633630.0,22637156.0,0.0127859178718463,6.25,6.36,6.1,6.17,2026-07-29,6.25,1.3618280017108242
603029,天鹅股份,2026-07-30,19.411628480213846,19.938892155873692,19.147996642383923,19.5503820790717,2407400.0,33992453.0,0.019839791663232846,13.99,14.37,13.8,14.09,2026-07-29,13.99,1.387535988578545
603030,全筑股份,2026-07-30,6.75246339586388,6.964582664843897,6.504990915387194,6.575697338380533,43408262.0,82543559.0,0.03296161980902422,1.91,1.97,1.84,1.86,2026-07-29,1.9,3.535321149666953
603031,安孚科技,2026-07-30,117.08029803201491,118.38554104240526,108.88989814181542,111.1414423347388,19954184.0,692274799.0,0.06346945061793544,35.88,36.28,33.37,34.06,2026-07-29,36.11,3.2631075259758893
603032,德新科技,2026-07-30,29.734096852629943,30.154366772808455,28.841023272250595,28.858534518924703,7230407.0,121495316.0,0.031047566660483267,16.98,17.22,16.47,16.48,2026-07-29,17.14,1.7511246674104795
603033,三维股份,2026-07-30,53.21445638809286,53.4204478321758,50.05592091215445,50.53656761501464,11630902.0,87057089.0,0.011486958713594689,7.75,7.78,7.29,7.36,2026-07-29,7.71,6.866381469431337
603035,常熟汽饰,2026-07-30,13.25815306388224,13.624737941224607,13.245933567970829,13.551420965756133,4329200.0,47915274.0,0.011817208970247559,10.85,11.15,10.84,11.09,2026-07-29,10.93,1.2219495911412204
603036,如通股份,2026-07-30,13.051985505648805,13.206316415343975,12.566945503749693,12.600016412970087,4297500.0,50133463.0,0.02086104035064023,11.84,11.98,11.4,11.43,2026-07-29,11.93,1.1023636406797976
603037,凯众股份,2026-07-30,40.749591840643994,41.591525556359784,40.62330178328663,40.87588189800137,5431701.0,53122105.0,0.02040842635164742,9.68,9.88,9.65,9.71,2026-07-29,9.81,4.209668578578925
603038,华立股份,2026-07-30,45.53187612493878,46.44785686844133,43.62358290930849,43.776246366558915,5620000.0,65940582.0,0.020917301379597263,11.93,12.17,11.43,11.47,2026-07-29,12.07,3.8165864312605855
603039,泛微网络,2026-07-30,134.85381458344062,149.4373541409984,134.63418296359788,149.4373541409984,23136321.0,758642596.0,0.07520603701064753,30.7,34.02,30.65,34.02,2026-07-29,30.93,4.392632396854744
603040,新坐标,2026-07-30,131.5515623901713,131.5515623901713,123.23508430803405,127.39332334910267,2205260.0,110471008.0,0.011232676047465149,52.2,52.2,48.9,50.55,2026-07-29,52.2,2.5201448733749294
603041,美思德,2026-07-30,15.468749439149432,15.763836024836017,15.096008488808483,15.360033328633321,2205200.0,21961373.0,0.01204055577178663,9.96,10.15,9.72,9.89,2026-07-29,9.94,1.5530872930872923
603042,华脉科技,2026-07-30,11.521612137964944,11.715338359753733,11.123963577451109,11.144355811323614,9626530.0,107333757.0,0.04611140453794012,11.3,11.49,10.91,10.93,2026-07-29,11.46,1.0196116936252162
603043,广州酒家,2026-07-30,22.61075552119765,23.34118193789104,22.61075552119765,23.03277967306494,6945240.0,98393708.0,0.012348138918856364,13.93,14.38,13.93,14.19,2026-07-29,13.93,1.623169814874203
603045,福达合金,2026-07-30,73.5157455254303,74.95189519125712,67.68044267270234,68.88983186497757,6660418.0,310859855.0,0.049174280172664724,48.63,49.58,44.77,45.57,2026-07-29,48.61,1.5117364903440325
603048,浙江黎明,2026-07-30,20.04368856082585,20.323628345194926,19.159078842219568,19.237461981842912,1974200.0,34740005.0,0.013440904139433552,17.9,18.15,17.11,17.18,2026-07-29,17.87,1.1197591374763045
603049,中策橡胶,2026-07-30,49.87236527823264,51.146993680881195,49.680159407991994,50.76258194039988,3384182.0,169741380.0,0.006701612428566564,49.3,50.56,49.11,50.18,2026-07-29,49.49,1.011609843371859
603050,科林电气,2026-07-30,61.144272506963695,61.546096860788204,59.93879944549014,60.77593351595788,2657796.0,48269780.0,0.006589807889454941,18.26,18.38,17.9,18.15,2026-07-29,18.22,3.348536281870958
603051,鹿山新材,2026-07-30,26.265524293385074,27.488204336206707,25.8235917477869,25.970902596319625,6863712.0,123989673.0,0.04246482102257204,17.83,18.66,17.53,17.63,2026-07-29,18.0,1.4731084853272618
603052,可川科技,2026-07-30,142.3796550132557,142.91447007799664,130.43545190070793,131.62392982235448,3971108.0,180335757.0,0.021134462179181496,47.92,48.1,43.9,44.3,2026-07-29,47.92,2.971194804116354
603053,成都燃气,2026-07-30,10.21843769486595,10.346168166051774,10.113930945713912,10.322944444017988,2770000.0,24553809.0,0.003116246104692369,8.8,8.91,8.71,8.89,2026-07-29,8.78,1.1611861016893124
603055,台华新材,2026-07-30,13.287102900533052,13.629794886244339,13.27152599209163,13.567487252478651,5635100.0,48820743.0,0.006352622756134787,8.53,8.75,8.52,8.71,2026-07-29,8.54,1.5576908441422102
603057,紫燕食品,2026-07-30,24.748468319903814,24.748468319903814,23.367652490896305,23.803140560044827,5551100.0,124674383.0,0.013473543689320388,23.3,23.3,22.0,22.41,2026-07-29,22.45,1.0621660223134683
603058,永吉股份,2026-07-30,10.621643689444147,10.925762861888465,9.686758826004207,9.6980224990577,15639000.0,139847280.0,0.03771491223803347,9.43,9.7,8.6,8.61,2026-07-29,9.55,1.1263673053493264
603059,倍加洁,2026-07-30,31.635321274961672,31.635321274961672,30.216525048084605,30.369908423963206,2338699.0,56297988.0,0.023282521326806617,24.75,24.75,23.64,23.76,2026-07-29,24.28,1.2781947989883504
603060,国检集团,2026-07-30,21.30427073356143,21.82682831759218,21.30427073356143,21.585647894193375,6046115.0,32514088.0,0.007520379751306172,5.3,5.43,5.3,5.37,2026-07-29,5.34,4.019673723313478
603061,金海通,2026-07-30,395.4901942674413,406.06774196997486,361.63014001854367,362.96907010747196,4383642.0,1110499347.0,0.050386689655172415,265.84,272.95,243.08,243.98,2026-07-29,270.09,1.4877000988092137
603062,麦加芯彩,2026-07-30,38.59842322629035,39.827741666135566,38.522270756565426,39.18588513559692,437100.0,15799374.0,0.011790219862919475,35.48,36.61,35.41,36.02,2026-07-29,35.7,1.08789242464178
603063,禾望电气,2026-07-30,30.782549251820175,31.069838857696134,28.72896058759574,28.814083433781207,25077868.0,696670636.0,0.054253710368216405,28.93,29.2,27.0,27.08,2026-07-29,28.96,1.0640355773183607
603065,宿迁联盛,2026-07-30,15.067201095469967,16.44536937399489,15.067201095469967,15.067201095469967,46394531.0,616173002.0,0.11073537452679034,13.01,14.2,13.01,13.01,2026-07-29,14.45,1.158124603802457
603066,音飞储存,2026-07-30,28.5686582020841,28.86083766096905,28.01676366863475,28.244014358878594,3946900.0,34605379.0,0.0134166123025722,8.8,8.89,8.63,8.7,2026-07-29,8.79,3.2464384320550113
603067,振华股份,2026-07-30,90.25881013946075,93.44689207041138,85.14584855208709,85.14584855208709,34264402.0,990517949.0,0.045351753651952646,30.01,31.07,28.31,28.31,2026-07-29,31.46,3.007624463160971
603068,博通集成,2026-07-30,34.52016409218888,34.856946180893154,31.68410439783703,31.68410439783703,18294800.0,675236309.0,0.12052917279604893,38.95,39.33,35.75,35.75,2026-07-29,39.72,0.8862686544849518
603069,海汽集团,2026-07-30,12.619618154730453,13.058561394894989,12.619618154730453,12.719377982040575,3577810.0,46102542.0,0.011322183544303798,12.65,13.09,12.65,12.75,2026-07-29,12.74,0.9975982731012215
603070,万控智造,2026-07-30,11.575668931727655,11.700473987595338,11.346859662636902,11.440463454537664,2244400.0,24880247.0,0.005597007481296758,11.13,11.25,10.91,11.0,2026-07-29,11.07,1.0400421322306967
603071,物产环能,2026-07-30,14.253235189391974,14.336240718781113,14.063508265073946,14.253235189391974,2188100.0,26222820.0,0.0039216463483231845,12.02,12.09,11.86,12.02,2026-07-29,11.95,1.185793276987685
603072,天和磁材,2026-07-30,31.785315948003554,32.35993155505595,31.55345351007013,31.96677350812536,1810567.0,57527719.0,0.014343396973778025,31.53,32.1,31.3,31.71,2026-07-29,31.69,1.0080975562322725
603073,彩蝶实业,2026-07-30,15.76626160368676,16.172718822777732,15.402589355026414,15.787654088902073,1438490.0,21293912.0,0.028265071744462012,14.74,15.12,14.4,14.76,2026-07-29,14.69,1.0696242607657231
603075,热威股份,2026-07-30,22.103475469707853,22.162989404736685,21.436919397384948,21.46072497139648,2472884.0,45299612.0,0.05995587447962867,18.57,18.62,18.01,18.03,2026-07-29,18.34,1.190278700576621
603076,乐惠国际,2026-07-30,27.713793870446246,29.66989369540819,27.65668146679772,28.270639806019354,3498305.0,70671177.0,0.028983148688054374,19.41,20.78,19.37,19.8,2026-07-29,19.55,1.4278100912130987
603077,和邦生物,2026-07-30,32.109231157668674,32.795325840524846,31.834793284526206,32.24645009423991,146818551.0,345121010.0,0.01662403678223079,2.34,2.39,2.32,2.35,2026-07-29,2.36,13.721893657123365
603078,江化微,2026-07-30,172.04689955092974,174.10391993745696,157.64775684523917,158.2191513970523,22771807.0,650719578.0,0.05904981201400959,30.11,30.47,27.59,27.69,2026-07-29,30.58,5.713945518131177
603079,圣达生物,2026-07-30,22.507087960070624,23.049427428987993,22.194199804925994,22.63224322212848,3226900.0,35058492.0,0.017070869272850057,10.79,11.05,10.64,10.85,2026-07-29,10.74,2.085921034297556
603080,新疆火炬,2026-07-30,21.069744771602004,21.27927814502125,20.627396538828037,20.697240996634456,1534800.0,27606254.0,0.010846643109540637,18.1,18.28,17.72,17.78,2026-07-29,18.15,1.1640742967735913
603081,大丰实业,2026-07-30,9.404561092907711,9.515072974140468,9.238793271058572,9.316151587921503,4499200.0,38207598.0,0.010649015532099923,8.51,8.61,8.36,8.43,2026-07-29,8.52,1.1051188123275806
603082,北自科技,2026-07-30,40.279191934751836,42.48627094487522,39.84881152777777,41.12891735364934,6676201.0,251450263.0,0.16461319775426622,36.5,38.5,36.11,37.27,2026-07-29,36.79,1.103539505061694
603083,剑桥科技,2026-07-30,350.7726546018335,359.99695326584765,324.4210770670689,324.4210770670689,24634901.0,3307403665.0,0.08939020442636744,140.7,144.4,130.13,130.13,2026-07-29,144.59,2.493053692976784
603085,天成自控,2026-07-30,24.528462689963124,25.06053346414887,24.156013148033097,24.289030841579535,6769000.0,62541366.0,0.017046084109796023,9.22,9.42,9.08,9.13,2026-07-29,9.28,2.660353870928755
603086,先达股份,2026-07-30,30.67620897847863,31.95924433499295,30.67620897847863,31.609325601398133,11740640.0,63706358.0,0.027001575709039688,5.26,5.48,5.26,5.42,2026-07-29,5.31,5.831978893246888
603087,甘李药业,2026-07-30,93.64543653665433,94.47171980021304,91.89647029545506,93.50772265939456,9344366.0,632346053.0,0.01665195599536572,68.0,68.6,66.73,67.9,2026-07-29,68.11,1.3771387725978579
603088,宁波精达,2026-07-30,60.99694336171477,61.06404670974746,59.923289793191735,60.12459983728981,6567006.0,59200359.0,0.014997552708573357,9.09,9.1,8.93,8.96,2026-07-29,9.12,6.710334803268951
603089,XD正裕工,2026-07-30,18.370813573041204,18.637379187160306,18.082034157745518,18.41524117539439,1878100.0,15555772.0,0.007824332083834313,8.27,8.39,8.14,8.29,2026-07-29,8.27,2.2213801176591543
603090,宏盛股份,2026-07-30,42.522540555531194,42.682571622138035,39.37907317575402,39.779150842271115,3009200.0,106893155.0,0.030092,37.2,37.34,34.45,34.8,2026-07-29,37.3,1.1430790471916987
603091,众鑫股份,2026-07-30,47.22442254244588,48.68913725231853,47.16381365789942,47.57797436896686,589640.0,28008944.0,0.01339534789045648,46.75,48.2,46.69,47.1,2026-07-29,46.72,1.0101480757742434
603092,德力佳,2026-07-30,51.70799489459843,53.50017109172459,51.52771681559758,52.59878069672031,1747105.0,86818812.0,0.05053576551471908,48.76,50.45,48.59,49.6,2026-07-29,48.87,1.0604592882403288
603093,南华期货,2026-07-30,17.208609793198576,17.68857101927268,17.138615447729435,17.51858475170477,9425800.0,164989315.0,0.015450462168354656,17.21,17.69,17.14,17.52,2026-07-29,17.27,0.999919220987715
603095,越剑智能,2026-07-30,28.783129562864413,29.21130834975,27.807833437180577,28.117073672153502,3050200.0,36510229.0,0.01181015777336206,12.1,12.28,11.69,11.82,2026-07-29,12.22,2.3787710382532574
603096,新经典,2026-07-30,20.77458541814267,21.26148976388039,20.50900122955846,20.93688686672191,1229800.0,17472159.0,0.007973566298576382,14.08,14.41,13.9,14.19,2026-07-29,14.08,1.4754677143567239
603097,江苏华辰,2026-07-30,17.617749837369907,18.040575833466786,17.587547980505843,17.869431977903762,4996180.0,88376330.0,0.022237190095239397,17.5,17.92,17.47,17.75,2026-07-29,17.73,1.0067285621354232
603098,森特股份,2026-07-30,12.042080665585555,12.729128836339918,12.042080665585555,12.067064235431168,6381520.0,62989298.0,0.011843950001052154,9.64,10.19,9.64,9.66,2026-07-29,9.66,1.2491784922806592
603099,长白山,2026-07-30,37.50761876247522,38.954056188155775,37.50761876247522,37.866734261264874,9093405.0,350032032.0,0.03338795427423519,37.6,39.05,37.6,37.96,2026-07-29,37.76,0.9975430521934898
603100,川仪股份,2026-07-30,29.788615723308748,30.228841571436462,29.59295979080754,29.870139028517585,4671545.0,85788695.0,0.009132331032498107,18.27,18.54,18.15,18.32,2026-07-29,18.2,1.630466104176724
603101,汇嘉时代,2026-07-30,15.325097074975208,15.746116225386615,14.988281754646081,15.072485584728364,13261801.0,96603079.0,0.028192604166666666,7.28,7.48,7.12,7.16,2026-07-29,7.34,2.105095752057034
603102,百合股份,2026-07-30,34.55437273547894,35.452849848515264,34.258403804125805,34.56494305445585,761899.0,25175613.0,0.011904671875,32.69,33.54,32.41,32.7,2026-07-29,32.69,1.0570318976897812
603103,横店影视,2026-07-30,20.172890625913983,20.896971409327982,19.941184775221505,20.129445778909144,6237079.0,87697402.0,0.00983456165247556,13.93,14.43,13.77,13.9,2026-07-29,13.94,1.448161566827996
603105,芯能科技,2026-07-30,7.648610756021287,7.787871175948846,7.584336716054722,7.605761396043577,8596488.0,61489711.0,0.01719258486869424,7.14,7.27,7.08,7.1,2026-07-29,7.12,1.0712339994427573
603106,恒银科技,2026-07-30,12.885729808040564,13.383544035394285,12.828289704884364,13.00061001435296,9253584.0,63536045.0,0.017777576269883962,6.73,6.99,6.7,6.79,2026-07-29,6.73,1.9146701052066215
603107,上海汽配,2026-07-30,11.927608897217633,12.124673739867315,11.896493395746631,12.031327235454308,1944209.0,22543431.0,0.008911277319123978,11.5,11.69,11.47,11.6,2026-07-29,11.52,1.0371833823667507
603108,润达医疗,2026-07-30,54.026330165969775,55.73963873360094,53.45522731009271,53.969219880382056,15765998.0,150502455.0,0.026076576717119805,9.46,9.76,9.36,9.45,2026-07-29,9.5,5.711028558770589
603109,神驰机电,2026-07-30,24.99991663993973,25.75329666168453,24.99991663993973,25.353543997085247,1375800.0,22749154.0,0.0065875547215213945,16.26,16.75,16.26,16.49,2026-07-29,16.55,1.537510248458778
603110,东方材料,2026-07-30,45.99085103061667,47.85274216121865,45.11340808401114,46.63288245496218,17947784.0,393202469.0,0.08919184753246402,21.49,22.36,21.08,21.79,2026-07-29,21.26,2.1401047478183655
603111,康尼机电,2026-07-30,16.12883683919413,16.410809511208015,15.959653235985801,16.100639571992744,4718706.0,27082093.0,0.005633635463210083,5.72,5.82,5.66,5.71,2026-07-29,5.75,2.819726720138834
603112,华翔股份,2026-07-30,16.33605375907324,16.55775734580352,15.985995464235955,16.242704880449963,4197185.0,58643947.0,0.00785097951130381,14.0,14.19,13.7,13.92,2026-07-29,14.04,1.1668609827909457
603113,金能科技,2026-07-30,4.986026718972809,5.123256812155547,4.963155036775685,5.0203342422684925,8777006.0,38663950.0,0.010344258185643858,4.36,4.48,4.34,4.39,2026-07-29,4.38,1.1435841098561488
603115,海星股份,2026-07-30,92.75531248043458,95.49014594935662,84.76636545052934,84.80678170869075,11541000.0,759609349.0,0.04771169091456296,68.85,70.88,62.92,62.95,2026-07-29,69.91,1.3472086053803136
603116,红蜻蜓,2026-07-30,10.437143572970282,10.652544284607567,10.20216097845688,10.221742861332995,5726660.0,30480798.0,0.009938653330575037,5.33,5.44,5.21,5.22,2026-07-29,5.34,1.958188287611685
603117,万林物流,2026-07-30,5.175737049213297,5.323193945202281,5.146245670015501,5.190482738812196,8757300.0,31121896.0,0.014615041723571783,3.51,3.61,3.49,3.52,2026-07-29,3.51,1.4745689598898284
603118,共进股份,2026-07-30,38.284053426298655,38.937860790315135,36.274201159136865,36.274201159136865,84843970.0,1291276454.0,0.10776897332802833,15.81,16.08,14.98,14.98,2026-07-29,16.64,2.421508755616613
603119,浙江荣泰,2026-07-30,78.76338212517139,79.15612791092703,74.7466638617617,76.04986578722352,11822644.0,506751751.0,0.04460727009620387,44.12,44.34,41.87,42.6,2026-07-29,44.36,1.7852081170709746
603120,肯特催化,2026-07-30,41.63712088862057,41.80645846161257,40.391991675444125,40.50156304620365,2979901.0,122600695.0,0.0786253562005277,41.8,41.97,40.55,40.66,2026-07-29,42.0,0.9961033705411622
603121,华培动力,2026-07-30,22.787207970615352,23.254325424558445,21.97482978984475,22.076377062441075,5604776.0,62282133.0,0.016556034898916938,11.22,11.45,10.82,10.87,2026-07-29,11.24,2.030945451926502
603122,合富中国,2026-07-30,11.116947646581202,11.5096955516616,10.844206045830928,10.898754365980984,13664100.0,139658841.0,0.03432736996868452,10.19,10.55,9.94,9.99,2026-07-29,10.27,1.0909664030010995
603123,翠微股份,2026-07-30,10.026967882101108,10.620743633778604,10.026967882101108,10.251034203488842,48518399.0,446442615.0,0.07438324082680535,8.95,9.48,8.95,9.15,2026-07-29,9.12,1.1203316069386713
603124,XD江南新,2026-07-30,112.54122900064455,113.73208762351472,101.16191327099631,101.19244810748016,6359543.0,659385441.0,0.08194357058174194,110.57,111.74,99.39,99.42,2026-07-29,110.43,1.0178278827950127
603125,常青科技,2026-07-30,43.6813646814534,45.071226284954186,42.843035460294196,42.90921934617518,4406104.0,87000080.0,0.010883666271342341,19.8,20.43,19.42,19.45,2026-07-29,20.21,2.206129529366333
603126,中材节能,2026-07-30,9.927922036662002,10.17947411529364,9.72668037375669,9.776990789483019,9897158.0,58574075.0,0.016211561015561017,5.92,6.07,5.8,5.83,2026-07-29,5.86,1.677013857544257
603127,昭衍新药,2026-07-30,364.33841832226886,364.9189712310455,331.74451930095046,332.15919995007664,55289351.0,2295846687.0,0.08808010009432377,43.93,44.0,40.0,40.05,2026-07-29,43.94,8.293612982523761
603128,华贸物流,2026-07-30,18.133418365920182,18.688169214590776,18.133418365920182,18.653497286548863,14595091.0,77864412.0,0.011149406126441221,5.23,5.39,5.23,5.38,2026-07-29,5.25,3.4671928041912388
603129,春风动力,2026-07-30,338.10096988374346,352.752011912039,332.47722375134384,346.30555341958893,2107423.0,641729779.0,0.013730681926803729,300.0,313.0,295.01,307.28,2026-07-29,303.0,1.1270032329458115
603130,云中马,2026-07-30,37.67399188343261,37.67399188343261,36.14599747994338,36.43373668579525,1176140.0,43487003.0,0.008552862177142434,37.97,37.97,36.43,36.72,2026-07-29,37.7,0.9922041581098925
603131,上海沪工,2026-07-30,40.90354943417283,41.538608070412636,40.210758194638494,40.383956004522084,5173787.0,73216465.0,0.015356711559936294,14.17,14.39,13.93,13.99,2026-07-29,14.25,2.8866301647263817
603132,金徽股份,2026-07-30,17.484454206599406,17.685168604379246,17.216835009559617,17.417549407339457,4749900.0,74409421.0,0.004856748466257669,15.68,15.86,15.44,15.62,2026-07-29,15.45,1.1150799876657784
603135,中重科技,2026-07-30,12.953943169851712,12.998204934668975,12.437555913650334,12.49657160007335,12437300.0,106613353.0,0.019756231426064013,8.78,8.81,8.43,8.47,2026-07-29,8.78,1.475392160575366
603136,天目湖,2026-07-30,30.00094665234402,30.754395084252206,29.966698996348196,30.00094665234402,4059728.0,35990297.0,0.015028976586580424,8.76,8.98,8.75,8.76,2026-07-29,8.76,3.424765599582651
603137,恒尚节能,2026-07-30,33.979178623430315,37.9299093577559,32.676739919806494,37.9299093577559,31652264.0,814847799.0,0.17302622385923389,23.48,26.21,22.58,26.21,2026-07-29,23.83,1.4471541151375773
603138,海量数据,2026-07-30,37.93141520846541,38.432159963692676,36.27269820677509,36.460477489985315,7801600.0,92896576.0,0.02705667922752376,12.12,12.28,11.59,11.65,2026-07-29,11.98,3.1296547201704135
603139,康惠股份,2026-07-30,32.00571093105878,32.414598965949345,30.666602616792186,30.738158022898034,2250400.0,69305262.0,0.022531037244693634,31.31,31.71,30.0,30.07,2026-07-29,31.46,1.0222200872264062
603150,万朗磁塑,2026-07-30,51.65823302971352,51.65823302971352,47.52385172846092,48.56821367174608,1553600.0,70687994.0,0.018174373852110945,47.98,47.98,44.14,45.11,2026-07-29,47.74,1.076661797201199
603151,邦基科技,2026-07-30,13.28590302833877,13.6422725982523,13.207947184920185,13.374995420817152,3108200.0,37481549.0,0.018146703269115574,11.93,12.25,11.86,12.01,2026-07-29,11.93,1.1136549059797796
603153,上海建科,2026-07-30,13.904790469304203,14.388618276859416,13.841682494405696,14.199294352163898,2963200.0,39824853.0,0.0073386466882181135,13.22,13.68,13.16,13.5,2026-07-29,13.16,1.0517995816417702
603155,新亚强,2026-07-30,30.904042711549604,31.225702083247075,29.02357253854899,29.172030710101666,13647372.0,164255586.0,0.02980485786503797,12.49,12.62,11.73,11.79,2026-07-29,12.63,2.4743028592113374
603156,XD养元饮,2026-07-30,147.01415481470644,149.53664969624563,142.4815468244407,147.2112247273267,13506157.0,502861065.0,0.010716811410733308,37.3,37.94,36.15,37.35,2026-07-29,37.35,3.9413982524049986
603158,腾龙股份,2026-07-30,40.34420452242644,40.89248363258398,38.88212689533963,39.01919667287902,14297068.0,124273915.0,0.029131902293291073,8.83,8.95,8.51,8.54,2026-07-29,8.86,4.568992584646256
603159,上海亚虹,2026-07-30,28.479114469990137,29.436791417437433,27.12894697031034,27.207445080756838,2659900.0,46996862.0,0.018999285714285715,18.14,18.75,17.28,17.33,2026-07-29,18.35,1.5699622089299965
603160,汇顶科技,2026-07-30,52.57628055009231,53.36401583301724,52.15211539774811,52.747966445088764,6061073.0,317058533.0,0.013007075766140743,52.06,52.84,51.64,52.23,2026-07-29,52.59,1.0099170293909394
603161,科华控股,2026-07-30,21.747259916383694,21.83424895604923,19.949486429962644,20.137962682571303,6910021.0,98529093.0,0.036225773432329175,15.0,15.06,13.76,13.89,2026-07-29,14.84,1.449817327758913
603162,海通发展,2026-07-30,32.77207773735879,33.28179898304507,31.692668040611387,31.842586054048525,35117500.0,379191379.0,0.08324799056169876,10.93,11.1,10.57,10.62,2026-07-29,11.04,2.998360268742799
603163,圣晖集成,2026-07-30,104.87057524662865,104.87057524662865,90.318846817307,90.318846817307,3607600.0,265104812.0,0.036076,81.22,81.22,69.95,69.95,2026-07-29,77.72,1.2911915199043174
603165,荣晟环保,2026-07-30,36.22769048571303,37.124970745421095,36.19965047759715,36.8726106723782,4146000.0,54368788.0,0.013257511283481923,12.92,13.24,12.91,13.15,2026-07-29,12.98,2.804000811587696
603166,福达股份,2026-07-30,16.588301248891312,16.763585892251353,16.158057124280298,16.41301660553127,7418267.0,76676382.0,0.011578095506831938,10.41,10.52,10.14,10.3,2026-07-29,10.47,1.5934967578185697
603167,渤海轮渡,2026-07-30,13.939149593746878,14.115594525313297,13.90706869709844,14.035392283692197,4431500.0,38757494.0,0.009445916922530797,8.69,8.8,8.67,8.75,2026-07-29,8.71,1.6040448324219654
603168,莎普爱思,2026-07-30,24.173389385177163,24.693755888576277,23.794941019068716,23.984165202122938,7221440.0,37031084.0,0.019385687257583776,5.11,5.22,5.03,5.07,2026-07-29,5.14,4.730604576355609
603169,兰石重装,2026-07-30,10.634216926127733,11.062121332991293,10.58667199203178,10.951183153434073,24951020.0,171739278.0,0.019100648138648115,6.71,6.98,6.68,6.91,2026-07-29,6.7,1.5848311365317038
603170,宝立食品,2026-07-30,13.742764831691447,15.178412513471017,13.720846546473439,14.608537097802792,13170282.0,176561665.0,0.032924881877953054,12.54,13.85,12.52,13.33,2026-07-29,12.59,1.0959142609004344
603171,税友股份,2026-07-30,38.17682385688449,42.55894853077956,38.17682385688449,42.55894853077956,8941174.0,361568662.0,0.022028564389366578,37.2,41.47,37.2,41.47,2026-07-29,37.7,1.0262587058302282
603172,万丰股份,2026-07-30,15.30677430601502,15.938795954779513,15.20802092339557,15.316649644276966,2306759.0,36248787.0,0.017294639376218324,15.5,16.14,15.4,15.51,2026-07-29,15.65,0.9875338261945175
603173,福斯达,2026-07-30,32.94679289487996,33.41390243497751,32.43816250677376,32.54196462679543,738100.0,23405093.0,0.004613125,31.74,32.19,31.25,31.35,2026-07-29,31.85,1.0380212002167601
603175,超颖电子,2026-07-30,75.65144587260862,76.24093765862894,69.00001355367927,69.44213239319451,3802577.0,276030974.0,0.0836204629258235,77.0,77.6,70.23,70.68,2026-07-29,77.57,0.9824863100338781
603176,汇通集团,2026-07-30,4.246903140393855,4.338125403552673,4.155680877235037,4.196224105305623,3481300.0,14590655.0,0.007538275026830568,4.19,4.28,4.1,4.14,2026-07-29,4.19,1.0135807017646432
603177,德创环保,2026-07-30,8.696682657388957,8.81719096211028,8.355242460678536,8.475750765399859,3633900.0,31043003.0,0.01779648566055477,8.66,8.78,8.32,8.44,2026-07-29,8.58,1.0042358726777085
603178,圣龙股份,2026-07-30,16.214331338807504,16.56554429199467,15.980189370016058,16.458229222965258,25991672.0,435318357.0,0.10994232561433746,16.62,16.98,16.38,16.87,2026-07-29,16.63,0.975591536631017
603179,新泉股份,2026-07-30,138.30233948383693,139.25513779506633,130.67995299400172,131.59610521633766,17595047.0,643302688.0,0.024636068690412675,37.74,38.0,35.66,35.91,2026-07-29,37.83,3.664608889343851
603180,金牌家居,2026-07-30,32.87767489354134,34.11661030474247,32.87767489354134,33.313596612297296,1396400.0,20423716.0,0.009052417281948829,14.33,14.87,14.33,14.52,2026-07-29,14.42,2.294324835557665
603181,皇马科技,2026-07-30,40.563979475379256,41.602467700893236,40.0919393728729,40.12340871303999,6977556.0,90515193.0,0.011852481739425854,12.89,13.22,12.74,12.75,2026-07-29,12.87,3.146934016709019
603182,嘉华股份,2026-07-30,12.574294822223436,12.846937814899572,12.432520466031846,12.585200541930481,1706800.0,19780506.0,0.010372531145548465,11.53,11.78,11.4,11.54,2026-07-29,11.53,1.0905719707045478
603183,建研院,2026-07-30,19.617821931253758,19.9035183671458,18.85596476887497,19.046429059469666,21382063.0,86639552.0,0.043008997642057054,4.12,4.18,3.96,4.0,2026-07-29,4.16,4.761607264867417
603185,弘元绿能,2026-07-30,49.948053451658474,55.34978958557972,49.948053451658474,55.34978958557972,18246176.0,272395198.0,0.026871250963897055,13.87,15.37,13.87,15.37,2026-07-29,13.97,3.6011574226141656
603186,华正新材,2026-07-30,138.00814515414692,139.42926764308444,124.27471144639736,124.72800051614468,14387587.0,1524376125.0,0.09176311924679016,112.65,113.81,101.44,101.81,2026-07-29,112.42,1.225105593911646
603187,海容冷链,2026-07-30,54.35276832817302,56.66565208681868,54.21933272671269,55.95399554569694,10550395.0,132444744.0,0.02759269490065368,12.22,12.74,12.19,12.58,2026-07-29,12.28,4.447853382010885
603188,亚邦股份,2026-07-30,8.367161913442926,8.538796003975088,8.152619300277722,8.238436345543803,12976300.0,50370003.0,0.022758650928670396,3.9,3.98,3.8,3.84,2026-07-29,3.93,2.1454261316520324
603190,亚通精工,2026-07-30,16.07450930192368,16.439365219931023,15.90771802512032,16.220451669126618,1782090.0,27712940.0,0.03095958666348516,15.42,15.77,15.26,15.56,2026-07-29,15.54,1.0424454800209908
603191,望变电气,2026-07-30,13.784377104005515,14.149257674405662,13.693156961405478,13.764105961205507,8847613.0,121229754.0,0.026813821707725477,13.6,13.96,13.51,13.58,2026-07-29,13.83,1.0135571400004055
603192,汇得科技,2026-07-30,27.529394091594746,27.70656345951095,25.75770041243271,26.26195169034806,3694900.0,71807112.0,0.026504509292241085,20.2,20.33,18.9,19.27,2026-07-29,20.33,1.3628412916631063
603193,润本股份,2026-07-30,21.644745059415015,22.51369467858861,21.37813551716857,22.07921986900181,6364320.0,142398082.0,0.06158841702056452,21.92,22.8,21.65,22.36,2026-07-29,22.07,0.9874427490609039
603194,中力股份,2026-07-30,35.408940524436936,36.3865816778295,35.28673538026286,36.01996624530729,1843919.0,65228145.0,0.011668385878043445,34.77,35.73,34.65,35.37,2026-07-29,34.81,1.0183762014505877
603195,公牛集团,2026-07-30,136.553443395044,141.90001547349783,136.15494112832695,140.37242345108248,8843615.0,373257061.0,0.004912673605668415,41.12,42.73,41.0,42.27,2026-07-29,41.28,3.320852222642121
603196,璞源材料,2026-07-30,23.019677781944026,23.32410892249873,21.90733322991723,21.90733322991723,2346000.0,45088425.0,0.009899223624904797,19.66,19.92,18.71,18.71,2026-07-29,19.74,1.1708890021334704
603197,保隆科技,2026-07-30,45.94435677739642,46.75181471724522,44.97540724957787,45.476031172284124,3363597.0,95505703.0,0.015929732973989884,28.45,28.95,27.85,28.16,2026-07-29,28.42,1.6149158796975895
603198,迎驾贡酒,2026-07-30,46.356932186814376,50.054267262220364,46.356932186814376,48.600832094646975,13671393.0,524256060.0,0.01708924125,36.36,39.26,36.36,38.12,2026-07-29,36.65,1.2749431294503404
603199,九华旅游,2026-07-30,35.56365448127003,36.17035454220981,35.46437628947988,36.015921799425136,2212000.0,72117958.0,0.019985543910372244,32.24,32.79,32.15,32.65,2026-07-29,32.13,1.1030910198905095
603200,上海洗霸,2026-07-30,85.47392083207956,89.04815568271484,84.52710365310332,85.33189825523313,12079054.0,443451492.0,0.06883432248726226,36.11,37.62,35.71,36.05,2026-07-29,36.3,2.367042947440586
603201,常润股份,2026-07-30,39.1928568496248,41.926042919401276,38.57402226778863,39.01236342992259,7436267.0,115818432.0,0.03948011566387853,15.2,16.26,14.96,15.13,2026-07-29,15.2,2.5784774243174216
603202,天有为,2026-07-30,53.61141757920306,56.08282998980678,53.39871405206093,55.38394697205409,2473226.0,134735397.0,0.04925413392219935,52.93,55.37,52.72,54.68,2026-07-29,52.94,1.0128739387720207
603203,快克智能,2026-07-30,130.5056920462369,131.5019187030784,119.54719882098034,120.16554640108886,11276991.0,406007800.0,0.03456707375423663,37.99,38.28,34.8,34.98,2026-07-29,38.03,3.435264333936217
603205,健尔康,2026-07-30,26.735960039442602,27.047446952523483,26.398515883604976,26.50234485463194,857710.0,17638626.0,0.02074770198355104,20.6,20.84,20.34,20.42,2026-07-29,20.64,1.2978621378370194
603206,XD嘉环科,2026-07-30,13.768391576968877,13.956142371200272,13.518057184660353,13.580640782737483,3218800.0,42365027.0,0.010546527282301203,13.2,13.38,12.96,13.02,2026-07-29,13.27,1.0430599679521877
603207,小方制药,2026-07-30,23.17667711757011,23.577913441245585,22.96550010510934,23.27170677317746,1472007.0,32456733.0,0.026958380597266674,21.95,22.33,21.75,22.04,2026-07-29,21.95,1.0558850623038776
603208,江山欧派,2026-07-30,27.519777102623845,28.09638195620263,26.99559087209768,27.36252123346599,2233169.0,23519257.0,0.012697164494248432,10.5,10.72,10.3,10.44,2026-07-29,10.5,2.6209311526308423
603209,兴通股份,2026-07-30,18.613295998242684,19.120931343649307,18.556892070975284,18.796608761861744,5289400.0,70757833.0,0.016452685075933726,13.2,13.56,13.16,13.33,2026-07-29,13.13,1.410098181685052
603210,泰鸿万立,2026-07-30,13.150756389994786,13.635257941205118,13.150756389994786,13.35839991194207,3175869.0,42994097.0,0.01364923123207014,13.3,13.79,13.3,13.51,2026-07-29,13.4,0.9887786759394576
603211,晋拓股份,2026-07-30,24.61431156535386,24.636278822440296,22.197913285845672,22.197913285845672,11210600.0,233448213.0,0.04124455497998587,22.41,22.43,20.21,20.21,2026-07-29,22.46,1.0983628543219035
603212,赛伍技术,2026-07-30,11.062666495361857,11.103300715730494,10.737592732412747,10.869653948610821,14757529.0,158888811.0,0.033732216842236595,10.89,10.93,10.57,10.7,2026-07-29,10.62,1.0158555092159647
603213,镇洋发展,2026-07-30,15.65857633058489,15.808143922280411,15.578039935056532,15.647071131223695,2409800.0,32884693.0,0.005416575582161341,13.61,13.74,13.54,13.6,2026-07-29,13.67,1.1505199361193894
603214,爱婴室,2026-07-30,19.879762927772568,20.396323696761936,19.754536074684236,20.036296494132984,2905502.0,37262578.0,0.020972291359878093,12.7,13.03,12.62,12.8,2026-07-29,12.77,1.5653356636041393
603215,比依股份,2026-07-30,14.834335615118647,15.051688517904266,14.508306260940213,14.595247422054461,1135000.0,15387459.0,0.006062115155832679,13.65,13.85,13.35,13.43,2026-07-29,13.56,1.086764513928106
603216,梦天家居,2026-07-30,21.69789337518203,22.06007368948704,20.391849211476078,21.083284356967464,4626700.0,89247579.0,0.020776415645067135,19.77,20.1,18.58,19.21,2026-07-29,20.04,1.097516103954579
603217,元利科技,2026-07-30,47.260880392536535,48.79500321156128,47.13716081035712,47.80524655412596,2292500.0,44423655.0,0.011016994765666,19.1,19.72,19.05,19.32,2026-07-29,19.17,2.4743916435883
603218,日月股份,2026-07-30,20.119077017927978,20.770707042800137,20.037623264818958,20.607799536582096,11374315.0,114759011.0,0.011054438247646963,9.88,10.2,9.84,10.12,2026-07-29,9.9,2.0363438277255037
603219,富佳股份,2026-07-30,19.597866207734334,19.880301429302964,18.938850690740868,19.31543098616571,3439799.0,42490971.0,0.006127180263626648,12.49,12.67,12.07,12.31,2026-07-29,12.67,1.569084564270163
603220,中贝通信,2026-07-30,24.310333604206964,24.594269647415167,23.390921654770885,23.404442418733176,13443467.0,237370806.0,0.030956303551071037,17.98,18.19,17.3,17.31,2026-07-29,18.19,1.3520763962295308
603221,爱丽家居,2026-07-30,17.823470355619243,17.823470355619243,17.823470355619243,17.823470355619243,3311951.0,67861876.0,0.01367049572790688,20.49,20.49,20.49,20.49,2026-07-29,18.63,0.8698619012015248
603222,济民健康,2026-07-30,21.661436696711924,22.457162942713587,20.482582998931687,20.629939711154215,23234100.0,169022616.0,0.04424779140263247,7.35,7.62,6.95,7.0,2026-07-29,7.43,2.947134244450602
603223,恒通股份,2026-07-30,42.41028496539646,42.78339597682223,40.21307567588911,40.37890279207834,15826749.0,157318154.0,0.02242313879750732,10.23,10.32,9.7,9.74,2026-07-29,10.23,4.145677904730836
603225,新凤鸣,2026-07-30,39.789231540929144,40.17376633201646,38.57491114802185,39.16183267126038,12474423.0,242816026.0,0.007476225044075509,19.66,19.85,19.06,19.35,2026-07-29,19.62,2.023867321512164
603226,菲林格尔,2026-07-30,188.06601636768264,193.11061068907458,180.6318773677366,190.23430690933355,3475600.0,147240231.0,0.009776878941529362,42.5,43.64,40.82,42.99,2026-07-29,42.95,4.425082738063121
603227,雪峰科技,2026-07-30,17.205274697552976,17.75219733694539,17.159697810936944,17.592678233789268,9603300.0,73919425.0,0.008960871058065043,7.55,7.79,7.53,7.72,2026-07-29,7.55,2.2788443308017188
603228,景旺电子,2026-07-30,158.28804754972714,160.84004289702665,145.37795343985917,145.37795343985917,51598381.0,3616561200.0,0.05255019118797343,73.81,75.0,67.79,67.79,2026-07-29,75.32,2.1445339052936885
603229,奥翔药业,2026-07-30,35.21710031083461,36.026141804461886,34.59842152159021,34.7887842259731,9012621.0,66570700.0,0.010854693472419442,7.4,7.57,7.27,7.31,2026-07-29,7.41,4.759067609572244
603230,内蒙新华,2026-07-30,9.795138394800873,9.960783350744517,9.728880412423415,9.795138394800873,2366700.0,21124426.0,0.0066946139289381455,8.87,9.02,8.81,8.87,2026-07-29,8.87,1.1042997062909665
603231,索宝蛋白,2026-07-30,15.346770870369433,15.638297047011458,15.128126237887914,15.32594757203786,2393206.0,35443093.0,0.022520904196791782,14.74,15.02,14.53,14.72,2026-07-29,14.62,1.041164916578659
603232,格尔软件,2026-07-30,54.5709361037436,56.46164109103363,54.42264551650516,55.27531639312616,13748840.0,206636569.0,0.05944159229229554,14.72,15.23,14.68,14.91,2026-07-29,14.86,3.7072646809608423
603233,大参林,2026-07-30,59.63872607207237,61.678998279801164,59.45039325289741,60.04678051361813,9903812.0,190624576.0,0.008696292481677116,19.0,19.65,18.94,19.13,2026-07-29,18.98,3.1388803195827566
603235,天新药业,2026-07-30,26.144748899313548,26.62809719829245,26.144748899313548,26.320511917124062,276854.0,6664264.0,0.0006324044040385582,23.8,24.24,23.8,23.96,2026-07-29,24.02,1.0985188613156953
603236,移远通信,2026-07-30,192.89579778919966,194.80527134307255,176.95753894156678,176.95753894156678,19770606.0,929679587.0,0.049064323756619156,49.5,49.99,45.41,45.41,2026-07-29,50.46,3.8968848038222155
603237,五芳斋,2026-07-30,29.751822241782353,29.939728487519925,29.229860448066873,29.5847944677934,1328760.0,18869941.0,0.007000587533881668,14.25,14.34,14.0,14.17,2026-07-29,14.24,2.0878471748619196
603238,诺邦股份,2026-07-30,19.025252577701757,19.320981892381056,18.745952669393528,18.959534952217464,2878190.0,33405356.0,0.016214332794393525,11.58,11.76,11.41,11.54,2026-07-29,11.53,1.6429406371072328
603239,浙江仙通,2026-07-30,52.2702098523996,53.45642984172932,51.887558242938404,52.57633113996856,3900200.0,53737001.0,0.014406767139479906,13.66,13.97,13.56,13.74,2026-07-29,13.65,3.8265160946119767
603248,锡华科技,2026-07-30,17.891811419192383,18.55956288818529,17.891811419192383,18.16676790642476,4713733.0,87408491.0,0.06592177092744249,18.22,18.9,18.22,18.5,2026-07-29,18.4,0.9819874544013383
603255,鼎际得,2026-07-30,24.94010636361373,26.86319890249479,24.739784224146952,26.192119735281086,2657700.0,69171139.0,0.043802045934777226,24.9,26.82,24.7,26.15,2026-07-29,24.91,1.0016106973338847
603256,宏和科技,2026-07-30,152.48941050884284,158.03820122753012,142.31283736698805,142.31283736698805,22360210.0,2883036880.0,0.025417200212565823,134.11,138.99,125.16,125.16,2026-07-29,139.07,1.1370472784195274
603257,中国瑞林,2026-07-30,65.61609405987386,66.37466162125969,63.08753552192112,63.89878138618095,1022353.0,62528594.0,0.041058353413654616,62.28,63.0,59.88,60.65,2026-07-29,62.53,1.0535660574803125
603258,电魂网络,2026-07-30,13.618444370589167,13.893350856330873,13.174364662852563,13.216657968351287,11895400.0,151851656.0,0.04928869420843134,12.88,13.14,12.46,12.5,2026-07-29,12.62,1.057332637468103
603259,药明康德,2026-07-30,319.7269056407534,319.8026703103365,306.6196178028742,316.8983579763171,56017288.0,6936511648.0,0.02264898532650958,126.6,126.63,121.41,125.48,2026-07-29,126.5,2.5254889861038974
603260,合盛硅业,2026-07-30,50.10627861793542,51.11083948937641,49.84752809044304,50.669441530712945,10402847.0,346081551.0,0.008799514399061544,32.92,33.58,32.75,33.29,2026-07-29,33.02,1.5220619264257418
603262,技源集团,2026-07-30,20.025033943971927,20.169544498206776,19.271514625461645,19.302481172797684,1964151.0,37382879.0,0.018823123687040713,19.4,19.54,18.67,18.7,2026-07-29,19.43,1.0322182445346355
603266,天龙股份,2026-07-30,31.77398025394923,32.261506301875066,31.244060636638533,31.35004456010067,1982350.0,29631473.0,0.009967230094513587,14.99,15.22,14.74,14.79,2026-07-29,15.09,2.119678469242777
603267,鸿远电子,2026-07-30,67.66730488520957,74.37823023753845,65.74989764168704,72.21756983625559,18399911.0,892092416.0,0.07962541100109653,47.29,51.98,45.95,50.47,2026-07-29,47.31,1.430900928001894
603268,松发股份,2026-07-30,207.76096272490472,215.5941125357491,204.63051038114435,206.35717243622292,6141356.0,914649982.0,0.026329524015181113,148.0,153.58,145.77,147.0,2026-07-29,148.99,1.4037902886817886
603269,海鸥股份,2026-07-30,40.639704174954836,41.527033960434196,37.267850990133255,38.36813992412767,24673560.0,270057425.0,0.05712192989907129,11.45,11.7,10.5,10.81,2026-07-29,11.62,3.549319141917453
603270,金帝股份,2026-07-30,25.62798873477315,25.62798873477315,24.21190128079524,24.329021295785896,3222800.0,74946833.0,0.045573414821713815,24.07,24.07,22.74,22.85,2026-07-29,24.05,1.0647274090059473
603271,永杰新材,2026-07-30,43.61915893030201,44.02304003150851,41.09490204776138,41.468492066377394,3220500.0,135104186.0,0.03405198080070973,43.2,43.6,40.7,41.07,2026-07-29,43.34,1.0097027530162501
603273,天元智能,2026-07-30,13.40917310256515,13.838430168348486,13.40917310256515,13.552258791159597,2638300.0,35162391.0,0.04706341957672713,13.12,13.54,13.12,13.26,2026-07-29,13.22,1.0220406328174658
603275,众辰科技,2026-07-30,35.38295614502513,35.556702607897876,34.514223830661436,34.810614855561994,695587.0,23819614.0,0.016746620272172334,34.62,34.79,33.77,34.06,2026-07-29,34.62,1.022038016898473
603276,恒兴新材,2026-07-30,19.611802180257,19.75581407877691,19.06193856772643,19.114306530824578,2175830.0,32245526.0,0.028764714909356042,14.98,15.09,14.56,14.6,2026-07-29,14.73,1.3091990774537383
603277,银都股份,2026-07-30,19.388338753218722,19.959125554120696,19.388338753218722,19.903888121775346,1595580.0,17179844.0,0.0026167944268271365,10.53,10.84,10.53,10.81,2026-07-29,10.59,1.8412477448450828
603278,大业股份,2026-07-30,12.447654537270319,12.741231295224807,12.05132591403176,12.124720103520382,12054032.0,101184131.0,0.035270521548680656,8.48,8.68,8.21,8.26,2026-07-29,8.55,1.4678837897724433
603279,景津装备,2026-07-30,24.74138190868248,25.330024452234777,24.53903603433638,24.888542544570555,8348100.0,113155353.0,0.014483849868054195,13.45,13.77,13.34,13.53,2026-07-29,13.52,1.839507948600928
603280,南方路机,2026-07-30,25.365288390377685,25.793614924152596,25.072772708775304,25.396629356263652,1027500.0,25033216.0,0.009478199343588341,24.28,24.69,24.0,24.31,2026-07-29,24.28,1.0446988628656377
603281,江瀚新材,2026-07-30,30.67731099224932,31.87724698577014,30.67731099224932,31.545685724402546,3985168.0,79139839.0,0.007683927840119293,19.43,20.19,19.43,19.98,2026-07-29,19.74,1.5788631493694967
603282,亚光股份,2026-07-30,14.27968910605489,14.509333229105481,13.945661290708577,14.217058890677457,1177100.0,16110345.0,0.008796144074129427,13.68,13.9,13.36,13.62,2026-07-29,13.68,1.0438369229572289
603283,赛腾股份,2026-07-30,86.09003824550739,88.02706410603129,78.77238499463925,80.25743815437426,27540119.0,1059806886.0,0.07812218110525178,40.0,40.9,36.6,37.29,2026-07-29,40.5,2.1522509561376846
603284,林平发展,2026-07-30,39.05623116807636,39.594600269390696,38.11653237305497,38.18505207685861,1689010.0,66918848.0,0.09142928349476272,39.9,40.45,38.94,39.01,2026-07-29,40.05,0.9788529114806105
603285,键邦股份,2026-07-30,32.87722603366396,32.964087925430576,29.598189619474226,29.750197930065802,5677242.0,159131457.0,0.09113219013888037,30.28,30.36,27.26,27.4,2026-07-29,30.29,1.0857736470826935
603286,日盈电子,2026-07-30,39.605624533549424,39.8329320260896,36.986176286181575,37.14853878085314,3665150.0,128566367.0,0.03135709823484215,36.59,36.8,34.17,34.32,2026-07-29,36.84,1.0824166311437393
603288,海天味业,2026-07-30,325.6990325473384,337.2075265241704,324.5741421586254,334.5250955972396,29261457.0,1127698145.0,0.005262283591216366,37.64,38.97,37.51,38.66,2026-07-29,37.64,8.653002990099319
603289,泰瑞机器,2026-07-30,11.92899685841874,12.093225851463302,11.675188414622596,11.79462768229137,2894200.0,23020875.0,0.009864420489972603,7.99,8.1,7.82,7.9,2026-07-29,7.98,1.492990845859667
603290,斯达半导,2026-07-30,118.93150621082059,121.07691440973954,114.37798676821708,115.41420433368134,6928024.0,558267541.0,0.028930236471375916,81.49,82.96,78.37,79.08,2026-07-29,82.45,1.4594613598088182
603291,联合水务,2026-07-30,8.031031747873504,8.261061299805123,8.001027893273728,8.071036887339872,2882636.0,23425718.0,0.006811190128163042,8.03,8.26,8.0,8.07,2026-07-29,8.12,1.000128486659216
603293,埃泰克,2026-07-30,34.88444603347212,36.14700649122389,34.88444603347212,35.590286919301846,2424508.0,86899559.0,0.06908116878056625,35.09,36.36,35.09,35.8,2026-07-29,35.36,0.9941420927179287
603296,华勤技术,2026-07-30,108.376788470293,110.46803960703771,100.82724034141577,103.64188023615397,33058807.0,2634475473.0,0.04139615636541634,82.4,83.99,76.66,78.8,2026-07-29,83.65,1.3152522872608372
603297,永新光学,2026-07-30,141.00115538991832,145.78085557262742,137.65536526202197,137.65536526202197,2438400.0,215240109.0,0.022021311470968336,88.5,91.5,86.4,86.4,2026-07-29,93.06,1.5932333942363652
603298,杭叉集团,2026-07-30,64.21197245141401,64.76236078671184,63.248792864642795,64.21197245141401,7521479.0,210285091.0,0.005742410909826651,28.0,28.24,27.58,28.0,2026-07-29,27.98,2.293284730407643
603299,苏盐井神,2026-07-30,11.038799631242712,11.205692930203186,10.93151108191098,11.146088180574445,5895700.0,54837246.0,0.0075536877488724665,9.26,9.4,9.17,9.35,2026-07-29,9.31,1.192094992574807
603300,海南华铁,2026-07-30,26.8483492386853,28.218162975352918,26.8483492386853,27.396274733352346,68516960.0,346529673.0,0.03427239087213968,4.9,5.15,4.9,5.0,2026-07-29,4.95,5.479254946670469
603301,振德医疗,2026-07-30,212.2617388835876,216.33442665281177,209.87596320812497,215.10539069878556,1824400.0,161855282.0,0.006913847581380248,88.08,89.77,87.09,89.26,2026-07-29,88.09,2.40987441965926
603303,得邦照明,2026-07-30,49.60629449925145,51.54649840672745,46.72220760976008,47.79718545038868,3870321.0,71671991.0,0.008114823404794993,18.92,19.66,17.82,18.23,2026-07-29,19.27,2.6218971722648754
603305,旭升集团,2026-07-30,23.321309687692484,23.913865650719156,23.067357132109628,23.575262243275347,20525300.0,228832058.0,0.017759927356633672,11.02,11.3,10.9,11.14,2026-07-29,11.09,2.116271296523819
603306,华懋科技,2026-07-30,139.9063362476251,139.95207221893847,125.75105312613442,125.75105312613442,16244753.0,916759534.0,0.04930186690723309,61.18,61.2,54.99,54.99,2026-07-29,61.1,2.286798565668929
603307,扬州金泉,2026-07-30,23.956258518064683,24.512137787560157,23.635558939509597,23.892118602353666,841765.0,19000125.0,0.008664590838908904,22.41,22.93,22.11,22.35,2026-07-29,22.26,1.0689985951836092
603308,应流股份,2026-07-30,67.62299726268786,68.74562945150814,63.64700826061606,64.69167988076826,18555113.0,778449364.0,0.02732507632725036,43.37,44.09,40.82,41.49,2026-07-29,43.9,1.559211373361491
603309,维力医疗,2026-07-30,37.023702961171416,37.588471311426574,36.86682286387832,37.27471111684038,4338400.0,51415613.0,0.014864079633861237,11.8,11.98,11.75,11.88,2026-07-29,11.84,3.1376019458619844
603310,巍华新材,2026-07-30,15.20920521038814,15.346035430273986,15.15657820273974,15.261832218036542,1440340.0,20886462.0,0.007424050306685222,14.45,14.58,14.4,14.5,2026-07-29,14.48,1.0525401529680374
603311,金海高科,2026-07-30,28.478965087854508,29.411955554176547,26.760897277920016,27.659753946693687,5580371.0,137386678.0,0.02365727730633188,25.03,25.85,23.52,24.31,2026-07-29,25.08,1.1377932516122455
603312,西典新能,2026-07-30,32.10863253126128,33.377330556862645,32.0980600477146,32.41523455411494,684200.0,21217825.0,0.013436895491903888,30.37,31.57,30.36,30.66,2026-07-29,30.65,1.0572483546678062
603313,梦百合,2026-07-30,10.090491959472311,10.324735522817205,9.856248396127418,9.982379545620823,23943800.0,133323080.0,0.04196346013105436,5.6,5.73,5.47,5.54,2026-07-29,5.63,1.8018735641914843
603315,福鞍股份,2026-07-30,25.509531617543384,25.718113233385928,23.757446044465997,23.840878690803013,11090950.0,131046731.0,0.03461959402816521,12.23,12.33,11.39,11.43,2026-07-29,12.19,2.0858161584254606
603316,诚邦股份,2026-07-30,17.20203830917951,17.401234782569514,16.063772746950924,16.334110817980214,12816000.0,149817541.0,0.04849695758786668,12.09,12.23,11.29,11.48,2026-07-29,12.19,1.422831952785733
603317,天味食品,2026-07-30,38.78072047397825,40.32555686648563,38.70081514333131,39.97930043368225,22537616.0,335767087.0,0.021220319809301832,14.56,15.14,14.53,15.01,2026-07-29,14.66,2.66351102156444
603318,水发燃气,2026-07-30,26.726017743033502,27.334810857908984,24.990957365638394,25.204034955844808,55189508.0,469671397.0,0.12022000330389036,8.78,8.98,8.21,8.28,2026-07-29,8.78,3.0439655743773923
603319,美湖股份,2026-07-30,85.2386516933591,85.87059983064088,77.61810062613772,78.54743612214033,17884987.0,389417606.0,0.05273478985877144,22.93,23.1,20.88,21.13,2026-07-29,23.18,3.7173419840104276
603320,迪贝电气,2026-07-30,22.470354121506787,22.66635721041713,21.210334264226034,21.294335588044753,2332200.0,36365587.0,0.01563700552269507,16.05,16.19,15.15,15.21,2026-07-29,15.94,1.4000220636452827
603321,梅轮电梯,2026-07-30,6.549988504196962,6.662338221250083,6.415168843733217,6.516283589081025,3864200.0,22472471.0,0.011214737292021831,5.83,5.93,5.71,5.8,2026-07-29,5.84,1.1234971705312113
603322,超讯通信,2026-07-30,52.37260587160674,52.98634734666462,49.488020938834644,49.733517528857796,4878196.0,121389133.0,0.030955613819320243,25.6,25.9,24.19,24.31,2026-07-29,25.66,2.045804916859638
603323,苏农银行,2026-07-30,8.695442643365325,8.89672603788767,8.675314303913089,8.876597698435436,42613090.0,186845797.0,0.01919166582956733,4.32,4.42,4.31,4.41,2026-07-29,4.32,2.0128339452234547
603324,盛剑科技,2026-07-30,33.734255270811246,34.33713115928881,30.679684102524924,31.054806877577633,7734680.0,183950452.0,0.052374742669230236,25.18,25.63,22.9,23.18,2026-07-29,25.32,1.339724196616809
603325,博隆技术,2026-07-30,65.89442992919888,66.45296248651927,64.80218848377234,65.01318967209338,321300.0,16959755.0,0.00939935406866531,53.09,53.54,52.21,52.38,2026-07-29,53.0,1.2411834607119774
603326,我乐家居,2026-07-30,14.899413987059196,15.290218288359108,14.679586567577994,14.972689793552929,6968300.0,42890703.0,0.02183209168657647,6.1,6.26,6.01,6.13,2026-07-29,6.15,2.4425268831244584
603327,福蓉科技,2026-07-30,23.118993518004377,25.96777944913288,23.118993518004377,24.954269069789085,80055923.0,738337757.0,0.07657487805169204,8.44,9.48,8.44,9.11,2026-07-29,8.62,2.739217241469713
603328,依顿电子,2026-07-30,27.2158476788721,28.424098408233792,27.18564141063806,27.699147970616778,25805836.0,236789918.0,0.025846088413788663,9.01,9.41,9.0,9.17,2026-07-29,9.1,3.020626823404229
603329,上海雅仕,2026-07-30,13.337658926956244,13.675321178271593,13.239174103655934,13.478351531670972,4070033.0,39042862.0,0.019720771356163628,9.48,9.72,9.41,9.58,2026-07-29,9.48,1.406926047147283
603330,天洋新材,2026-07-30,37.58729512275192,38.78506932241473,37.41618452280009,37.75840572270375,20086380.0,133832158.0,0.04642385790404352,6.59,6.8,6.56,6.62,2026-07-29,6.68,5.70368666506099
603331,百达精工,2026-07-30,18.290679281996518,18.30647434182553,17.579901589690955,17.579901589690955,5731300.0,65029440.0,0.028348124004417625,11.58,11.59,11.13,11.13,2026-07-29,11.58,1.5795059829012537
603332,苏州龙杰,2026-07-30,21.263826435930653,21.711485939844984,20.999300365435825,21.263826435930653,2568800.0,26988765.0,0.01187350790754919,10.45,10.67,10.32,10.45,2026-07-29,10.45,2.0348159268833164
603333,尚纬股份,2026-07-30,12.6734022229278,12.95802945961294,12.209010415704677,12.238971177461007,19278001.0,161160997.0,0.031017128497977883,8.46,8.65,8.15,8.17,2026-07-29,8.59,1.4980380878165247
603334,丰倍生物,2026-07-30,30.897141876785835,32.861025658759004,30.819364301262144,31.30547414828521,2761073.0,90047917.0,0.08678061331496226,31.78,33.8,31.7,32.2,2026-07-29,31.79,0.9722196940461244
603335,迪生力,2026-07-30,10.054506900501607,10.176909593203368,9.827187614055484,9.949590306757244,15193300.0,87123784.0,0.035486375397470855,5.75,5.82,5.62,5.69,2026-07-29,5.77,1.74860989573941
603336,宏辉果蔬,2026-07-30,35.504488386617005,39.163846698857284,35.24310565002841,38.684645015111535,34502130.0,291533194.0,0.05667990175663089,8.15,8.99,8.09,8.88,2026-07-29,8.19,4.3563789431431905
603337,杰克科技,2026-07-30,97.7010990480744,100.52225540356591,96.51324374049904,96.98343646641428,2995094.0,119629455.0,0.0064130684117322196,39.48,40.62,39.0,39.19,2026-07-29,39.72,2.474698557448693
603338,浙江鼎力,2026-07-30,414.55566294052124,425.49782711436063,411.64698638798166,418.1568815293798,6148586.0,371221792.0,0.012143007317702221,59.86,61.44,59.44,60.38,2026-07-29,60.48,6.925420363189463
603339,四方科技,2026-07-30,20.196900215094132,20.678966146153993,20.147031325674146,20.529359477894037,7897292.0,96911320.0,0.02552114145766154,12.15,12.44,12.12,12.35,2026-07-29,12.2,1.662296313999517
603341,龙旗科技,2026-07-30,39.22767588856132,39.616172678678225,36.61319749020699,36.6551971431926,14647451.0,523732145.0,0.05502158158559983,37.36,37.73,34.87,34.91,2026-07-29,37.56,1.0499913246402923
603344,星德胜,2026-07-30,22.252748660754328,22.614329999253126,21.7568656822417,22.10811612535481,1523200.0,32671061.0,0.02819123399205419,21.54,21.89,21.06,21.4,2026-07-29,21.66,1.033089538567982
603345,安井食品,2026-07-30,98.39592966495378,102.64244451856203,96.93275226720795,99.94711773324073,8752215.0,797518510.0,0.02984107440612743,89.44,93.3,88.11,90.85,2026-07-29,89.26,1.1001333817637946
603348,文灿股份,2026-07-30,13.993096444344674,15.39032067947298,13.888825979036593,15.39032067947298,5827012.0,83619617.0,0.018529203860354997,13.42,14.76,13.32,14.76,2026-07-29,13.42,1.0427046530808253
603350,安乃达,2026-07-30,28.665594011253997,28.93521020774811,28.406762462619653,28.68716330697353,461564.0,12264902.0,0.010460492470169634,26.58,26.83,26.34,26.6,2026-07-29,26.53,1.0784647859764485
603351,威尔药业,2026-07-30,49.14203197522528,49.33201405760373,48.04435772148313,48.38210364571149,864400.0,19935530.0,0.006382202744772463,23.28,23.37,22.76,22.92,2026-07-29,23.22,2.1109120264272025
603352,至信股份,2026-07-30,24.309428461139667,26.740371307253632,24.131554594350842,26.740371307253632,4397788.0,115861495.0,0.09701002798514663,24.6,27.06,24.42,27.06,2026-07-29,24.6,0.9881881488268157
603353,和顺石油,2026-07-30,38.25556163205871,39.051428393797586,36.01634328547135,36.58289250569225,4902500.0,135679878.0,0.02876750108556608,28.36,28.95,26.7,27.12,2026-07-29,28.1,1.348926714811661
603355,莱克电气,2026-07-30,49.393135089996804,51.02148020285384,47.96380993537785,48.30757168142544,3679786.0,100562505.0,0.006417520072946613,27.3,28.2,26.51,26.7,2026-07-29,27.3,1.8092723476189305
603356,华菱精工,2026-07-30,15.052021488679175,15.329379786840521,14.507972519208844,14.539975399765924,3460250.0,48373075.0,0.025950577471126442,14.11,14.37,13.6,13.63,2026-07-29,14.17,1.0667626852359444
603357,设计总院,2026-07-30,12.67623551151551,12.89108696086323,12.590294931776421,12.719205801385053,3778008.0,22411652.0,0.006739904511882511,5.9,6.0,5.86,5.92,2026-07-29,5.89,2.148514493477205
603358,华达科技,2026-07-30,134.6660767162645,137.34666545408516,117.20874256120757,118.64955900778617,17033312.0,646939795.0,0.03688695298891056,40.19,40.99,34.98,35.41,2026-07-29,37.43,3.3507359222758026
603360,百傲化学,2026-07-30,85.37292703713307,86.94504659025883,82.77551212327313,82.98057119541997,10349244.0,127976297.0,0.014654343480825976,12.49,12.72,12.11,12.14,2026-07-29,12.49,6.835302404894561
603363,傲农生物,2026-07-30,3.6149342206150443,3.6929543836499015,3.575924139097616,3.6019308601092352,24644200.0,68888668.0,0.011480629189350966,2.78,2.84,2.75,2.77,2026-07-29,2.78,1.3003360505809514
603365,水星家纺,2026-07-30,25.786430732305664,26.62501384555138,25.716548806201853,26.05198205150014,2728200.0,51204619.0,0.010447521710143117,18.45,19.05,18.4,18.64,2026-07-29,18.5,1.3976385220761878
603366,日出东方,2026-07-30,17.440044640559098,18.290150213880295,17.208197666016954,17.85221703974513,28634383.0,197626429.0,0.03521855959663572,6.77,7.1,6.68,6.93,2026-07-29,6.69,2.5760774949127176
603367,XD辰欣药,2026-07-30,16.60184181158809,16.802290185733685,16.248109386625277,16.330646952449932,12314800.0,172239147.0,0.027199751943068416,14.08,14.25,13.78,13.85,2026-07-29,14.13,1.1791080832093814
603368,柳药集团,2026-07-30,49.01543899832794,49.58501801832142,48.79393604610825,49.49008818165584,3548301.0,55212750.0,0.008933030124478693,15.49,15.67,15.42,15.64,2026-07-29,15.51,3.164327888852675
603369,今世缘,2026-07-30,77.3456562176647,81.99760510611844,77.00937075584876,79.25127383462166,26464417.0,755826015.0,0.02122587120199131,27.6,29.26,27.48,28.28,2026-07-29,27.62,2.802378848466112
603370,XD华新精,2026-07-30,33.025284216286,33.025284216286,32.1178281201917,32.301358566592796,718814.0,22918404.0,0.02054341240354387,32.39,32.39,31.5,31.68,2026-07-29,32.31,1.0196135911171968
603373,安邦护卫,2026-07-30,33.026912826935714,33.155038719728964,31.54853714085981,31.54853714085981,1591799.0,51815088.0,0.025027439716622163,33.51,33.64,32.01,32.01,2026-07-29,33.6,0.98558379071727
603375,盛景微,2026-07-30,33.09413723904912,33.34057201836565,31.112390888712017,31.235608278370282,2260319.0,70618170.0,0.035438790802184775,32.23,32.47,30.3,30.42,2026-07-29,32.52,1.026811580485545
603376,大明电子,2026-07-30,24.260859002198472,26.691988740048718,24.11963154854742,26.691988740048718,2986555.0,77095135.0,0.09332751056223594,24.05,26.46,23.91,26.46,2026-07-29,24.05,1.0087675260789386
603379,三美股份,2026-07-30,88.43142015041101,90.45211103062522,87.00945249396399,88.2967074250634,9454213.0,560943235.0,0.015486548148253615,59.08,60.43,58.13,58.99,2026-07-29,59.16,1.4968080594179252
603380,易德龙,2026-07-30,36.94963937652297,37.52938075642999,34.334887438574974,34.677999683826066,3949600.0,118734867.0,0.02461711829629796,31.23,31.72,29.02,29.31,2026-07-29,31.5,1.183145673279634
603381,永臻股份,2026-07-30,14.548648496237833,14.893595531713485,14.46748448789062,14.599376001454841,3903900.0,56649217.0,0.027465622312157243,14.34,14.68,14.26,14.39,2026-07-29,14.4,1.0145501043401557
603382,海阳科技,2026-07-30,16.661704386497725,18.468873753805585,16.661704386497725,18.468873753805585,3951786.0,70898214.0,0.03421877890775329,16.78,18.6,16.78,18.6,2026-07-29,16.91,0.9929502018175045
603383,顶点软件,2026-07-30,80.09371709340569,83.43207706637453,79.6360387100148,80.38986192971744,9077943.0,276421833.0,0.04420149935562934,29.75,30.99,29.58,29.86,2026-07-29,29.55,2.692225784652292
603385,惠达卫浴,2026-07-30,7.255166051339874,7.416066911349428,7.065010489510401,7.211283998609995,4328930.0,21574662.0,0.0113720209735717,4.96,5.07,4.83,4.93,2026-07-29,4.98,1.4627350909959422
603386,骏亚科技,2026-07-30,17.931549243709174,18.057827759509944,16.921321117303027,17.158093334429466,8566340.0,94572054.0,0.026251142427909366,11.36,11.44,10.72,10.87,2026-07-29,11.38,1.5784814475096105
603387,基蛋生物,2026-07-30,37.336586496294565,38.40947691285475,36.9932615629953,37.37950211295698,11510519.0,101032061.0,0.022696320964289005,8.7,8.95,8.62,8.71,2026-07-29,8.74,4.291561666240755
603390,通达电气,2026-07-30,9.834967159322593,10.252144981563212,9.834967159322593,9.907973278214701,6195700.0,59712582.0,0.01764784793157891,9.43,9.83,9.43,9.5,2026-07-29,9.57,1.0429445556015475
603391,力聚热能,2026-07-30,56.59053648671444,58.15628255551682,55.449778636587,56.18791606902241,887100.0,44830988.0,0.038993406593406596,50.6,52.0,49.58,50.24,2026-07-29,50.9,1.1183900491445542
603392,万泰生物,2026-07-30,82.83436112645397,87.06780377346183,82.6932463715537,86.47512180288074,7097620.0,215707911.0,0.005613461242065089,29.35,30.85,29.3,30.64,2026-07-29,29.45,2.8222950980052457
603393,新天然气,2026-07-30,68.22120239005856,69.91694929459157,67.82987618132019,68.74297066837642,9015687.0,237742954.0,0.021267358884258257,26.15,26.8,26.0,26.35,2026-07-29,25.97,2.608841391589238
603395,红四方,2026-07-30,29.886554710108953,30.54411048673344,29.796301956454613,29.938127712197147,3719129.0,87045471.0,0.057217369230769234,23.18,23.69,23.11,23.22,2026-07-29,23.2,1.289325052204873
603396,金辰股份,2026-07-30,34.47677642921558,35.44147314376531,34.372886013802535,34.58066684462863,2934104.0,69043941.0,0.021180664243378486,23.23,23.88,23.16,23.3,2026-07-29,23.3,1.4841487916149627
603399,永杉锂业,2026-07-30,20.927680718936994,21.40451395050771,20.02699572597008,21.15285196717872,92400162.0,1443320743.0,0.1803666769642715,15.8,16.16,15.12,15.97,2026-07-29,15.81,1.3245367543631008
603400,华之杰,2026-07-30,42.11393913734766,47.28729819472436,40.594556206982965,42.225795549399045,10757698.0,506935051.0,0.29692729037960863,45.18,50.73,43.55,45.3,2026-07-29,47.14,0.9321367670949017
603402,陕西旅游,2026-07-30,63.37982196265571,65.86835484953299,63.06875535179604,63.96307185801757,2403330.0,159923434.0,0.09562320701264702,65.2,67.76,64.88,65.8,2026-07-29,65.3,0.9720831589364373
603406,天富龙,2026-07-30,27.039409194755546,27.71539442462443,27.039409194755546,27.553965115999027,1291564.0,35238488.0,0.035228434645136315,26.8,27.47,26.8,27.31,2026-07-29,26.91,1.008933178908789
603407,长裕集团,2026-07-30,52.23059328998528,53.44545044404032,47.01579829536808,48.07363309617791,9970376.0,596914206.0,0.2776336105220785,63.2,64.67,56.89,58.17,2026-07-29,62.81,0.8264334381326784
603408,XD建霖家,2026-07-30,13.012186829209385,13.682662104760249,12.813527488305425,13.421921719823802,5093600.0,54752287.0,0.01138048988656599,10.48,11.02,10.32,10.81,2026-07-29,10.5,1.2416208806497504
603409,汇通控股,2026-07-30,16.872538946362816,17.17473367376036,16.771807370563636,16.832246316043147,2128138.0,35848767.0,0.03949919310311598,16.75,17.05,16.65,16.71,2026-07-29,16.84,1.00731575799181
603416,信捷电气,2026-07-30,72.69007884600515,74.44994391280316,71.86370742333477,73.34811534924268,2203705.0,105441685.0,0.015791947493774817,47.5,48.65,46.96,47.93,2026-07-29,48.02,1.5303174493895821
603418,友升股份,2026-07-30,43.94302881550163,44.875001832569275,43.79271058694233,44.263707703094795,1039527.0,45902611.0,0.02513082922184789,43.85,44.78,43.7,44.17,2026-07-29,43.81,1.0021215237286574
603421,鼎信通讯,2026-07-30,8.175885971755829,8.280132240976757,7.833362515744199,7.967393433313966,9928000.0,53681006.0,0.01522254591649525,5.49,5.56,5.26,5.35,2026-07-29,5.51,1.489232417441863
603435,嘉德利,2026-07-30,44.86026285158262,45.86824868790744,42.76600101688832,43.81313193423547,3049527.0,137864243.0,0.08545074356760127,45.84,46.87,43.7,44.77,2026-07-29,46.38,0.978627025558085
603439,三力制药,2026-07-30,11.13296588284646,11.30880739728431,10.726332380708929,10.90217389514678,8560285.0,85642662.0,0.02119720785807028,10.13,10.29,9.76,9.92,2026-07-29,10.18,1.0990094652365705
603444,吉比特,2026-07-30,476.3352734789619,498.8228773110261,473.1554652447899,487.57907539499394,3337886.0,1281103400.0,0.04633307866852285,374.5,392.18,372.0,383.34,2026-07-29,376.43,1.27192329366879
603456,九洲药业,2026-07-30,57.67486946997792,58.45902813034471,55.87130455113428,56.381007680372704,19419039.0,281479174.0,0.02202429186843727,14.71,14.91,14.25,14.38,2026-07-29,14.77,3.9207933018339847
603458,勘设股份,2026-07-30,24.32296913479164,24.78037010303441,22.089776172194625,22.197399929428215,22690710.0,194975556.0,0.07412248598947552,9.04,9.21,8.21,8.25,2026-07-29,9.12,2.6905939308397837
603459,红板科技,2026-07-30,78.75579588523568,79.99455444421699,73.20718983979853,73.20718983979853,17875980.0,1557944615.0,0.22612978938458347,91.55,92.99,85.1,85.1,2026-07-29,94.56,0.8602489992925798
603466,风语筑,2026-07-30,46.284468801973134,47.26924473393001,45.54588685300548,45.69360324279901,34440829.0,323030372.0,0.05790043594616513,9.4,9.6,9.25,9.28,2026-07-29,9.56,4.923879659784376
603477,巨星农牧,2026-07-30,15.112103439546447,15.612774885481386,15.071232301102778,15.224499070266535,13603108.0,204103006.0,0.026669057811782696,14.79,15.28,14.75,14.9,2026-07-29,14.86,1.0217784610917138
603486,科沃斯,2026-07-30,88.56184305426676,91.9489758581886,87.59826217039245,89.90501640754611,8434304.0,521347900.0,0.01471050010958788,60.66,62.98,60.0,61.58,2026-07-29,60.67,1.4599710361732074
603488,展鹏科技,2026-07-30,12.843218930539344,13.232920824210062,12.504347718651761,12.5551784004349,8658400.0,65269628.0,0.029653025626455443,7.58,7.81,7.38,7.41,2026-07-29,7.57,1.6943560594379081
603489,八方股份,2026-07-30,54.501450014112706,55.56967843438931,54.28344421405625,54.741256394174805,2042709.0,51543342.0,0.00870653224747111,25.0,25.49,24.9,25.11,2026-07-29,25.18,2.1800580005645083
603496,恒为科技,2026-07-30,65.51129922311962,65.72194648750265,60.376772153783484,61.00871394693255,20430673.0,490643407.0,0.06380413259963268,24.88,24.96,22.93,23.17,2026-07-29,25.48,2.6330908047877664
603499,翔港科技,2026-07-30,28.875006421193863,29.282413919200124,27.321765335044987,27.754635801676642,11010829.0,120990660.0,0.02599148601909922,11.34,11.5,10.73,10.9,2026-07-29,11.58,2.5462968625391413
603500,祥和实业,2026-07-30,25.79419733803406,26.132381093359893,25.179317782896177,25.394525627194437,6185680.0,51590722.0,0.018597448405713795,8.39,8.5,8.19,8.26,2026-07-29,8.44,3.074397775689399
603501,豪威集团,2026-07-30,126.85042240793597,126.86426013264503,120.194476822879,122.46386367516453,26206251.0,2320292917.0,0.021716173257150407,91.67,91.68,86.86,88.5,2026-07-29,91.69,1.383772470905814
603505,金石资源,2026-07-30,61.05515135275807,62.50702604074605,60.44383569465786,60.90232243823301,10756628.0,173076979.0,0.012780119488637868,15.98,16.36,15.82,15.94,2026-07-29,16.09,3.820722863126287
603506,南都物业,2026-07-30,25.2917385499436,26.00980052770225,24.78643567670603,25.584282318660087,3056500.0,29353918.0,0.016277218828964848,9.51,9.78,9.32,9.62,2026-07-29,9.51,2.6594888065135227
603507,振江股份,2026-07-30,34.082325651950946,34.67826973079439,32.748546046920396,32.86205920479534,9324996.0,222793400.0,0.03946189040673796,24.02,24.44,23.08,23.16,2026-07-29,23.91,1.418914473436759
603508,思维列控,2026-07-30,58.81904893550634,59.93520917567702,58.81904893550634,59.70159424168781,3999172.0,91848685.0,0.010488960814694349,22.66,23.09,22.66,23.0,2026-07-29,22.73,2.595721488769035
603511,爱慕股份,2026-07-30,13.402940168632034,13.633429251497589,13.310744535485812,13.564282526637921,2157200.0,25276915.0,0.005367673812006287,11.63,11.83,11.55,11.77,2026-07-29,11.76,1.1524454143277758
603515,欧普照明,2026-07-30,28.11583525613038,28.479046281165534,27.950739335659854,28.379988728883223,1045500.0,17874306.0,0.001417145675346695,17.03,17.25,16.93,17.19,2026-07-29,16.99,1.6509592047052484
603516,淳中科技,2026-07-30,195.29634996706997,199.22350483053822,184.0880377080903,188.05764829981229,6038585.0,543081033.0,0.029707463602818226,92.0,93.85,86.72,88.59,2026-07-29,92.93,2.122786412685543
603518,锦泓集团,2026-07-30,12.33551595409547,12.71361605996813,12.33551595409547,12.63484520457799,5169140.0,41303202.0,0.015023338701481133,7.83,8.07,7.83,8.02,2026-07-29,7.86,1.5754171078027421
603519,立霸股份,2026-07-30,80.6209159242341,84.7064353122865,78.93223457717244,79.31354972005732,12356532.0,186097466.0,0.04639594586279807,14.8,15.55,14.49,14.56,2026-07-29,14.68,5.447359184069871
603520,司太立,2026-07-30,26.25059758274153,26.37255157848017,25.70180460191767,25.732293100852328,7484380.0,63777677.0,0.01707164989741643,8.61,8.65,8.43,8.44,2026-07-29,8.63,3.0488498934659156
603527,众源新材,2026-07-30,20.76495044830736,20.967425588106675,20.11253055339846,20.157525028909422,7521356.0,68404026.0,0.02372883088432009,9.23,9.32,8.94,8.96,2026-07-29,9.2,2.2497237755479262
603528,多伦科技,2026-07-30,19.466678426718747,19.98492610530028,19.30472602716202,19.369506986984714,11563800.0,70208565.0,0.016380941246436187,6.01,6.17,5.96,5.98,2026-07-29,6.01,3.239047991134567
603529,爱玛科技,2026-07-30,50.63794215052735,52.163181371928786,50.56754649415499,51.74080743369454,7264283.0,159951764.0,0.008570812881756495,21.58,22.23,21.55,22.05,2026-07-29,21.65,2.3465218790791176
603530,神马电力,2026-07-30,47.17155692854156,47.58064981718135,45.16805073033133,45.97574694636373,3231100.0,141957770.0,0.007558751496094037,44.97,45.36,43.06,43.83,2026-07-29,44.97,1.048956124717402
603533,掌阅科技,2026-07-30,21.614582296263674,22.440617288477576,21.33923729885904,21.434549028729876,24531475.0,505881157.0,0.055893488044861384,20.41,21.19,20.15,20.24,2026-07-29,20.59,1.0590192207870492
603535,嘉诚国际,2026-07-30,19.999951768704907,21.29235576022057,19.903021469341233,20.549223465099065,9654294.0,61844931.0,0.018895963237615755,6.19,6.59,6.16,6.36,2026-07-29,6.2,3.231009978789161
603536,惠发食品,2026-07-30,17.35454447273668,18.584076659539168,17.29407567666443,17.415013268808938,14983600.0,133077737.0,0.062293515223280235,8.61,9.22,8.58,8.64,2026-07-29,8.54,2.015626535741775
603538,美诺华,2026-07-30,44.96052760233022,46.86202027167778,42.241570794758466,42.63253190434394,52673073.0,1315956254.0,0.15633705526687555,25.3,26.37,23.77,23.99,2026-07-29,25.06,1.7770959526612733
603551,奥普科技,2026-07-30,12.697460598307385,13.3185320406159,12.697460598307385,13.263325690188475,5042700.0,47806613.0,0.013274327547395104,9.2,9.65,9.2,9.61,2026-07-29,9.21,1.3801587606855854
603556,海兴电力,2026-07-30,37.039280654200816,40.148200195055416,36.50377298209189,40.148200195055416,25223992.0,653582491.0,0.051873022024221935,24.9,26.99,24.54,26.99,2026-07-29,24.54,1.4875213114136874
603558,健盛集团,2026-07-30,64.80284005878869,65.51162112193168,63.84092290166603,65.51162112193168,4646800.0,59439741.0,0.01356183300004723,12.8,12.94,12.61,12.94,2026-07-29,12.74,5.062721879592866
603565,中谷物流,2026-07-30,43.29543871803182,44.58226383812672,43.212417742541824,44.499242862636734,19412985.0,205271791.0,0.009244000798008401,10.43,10.74,10.41,10.72,2026-07-29,10.45,4.151048774499695
603566,普莱柯,2026-07-30,24.523005650580476,25.050382116184355,24.40314736294323,24.642863938217722,2795800.0,28824863.0,0.008078892783554016,10.23,10.45,10.18,10.28,2026-07-29,10.22,2.3971657527449146
603567,珍宝岛,2026-07-30,16.150902774621937,16.82698707681541,15.049135763639972,15.199376719682968,95812232.0,608573053.0,0.10199265088374845,6.45,6.72,6.01,6.07,2026-07-29,6.38,2.5040159340499124
603568,伟明环保,2026-07-30,74.02720617944827,74.94052885309081,73.06581389140348,74.02720617944827,7150516.0,109993361.0,0.0034906832512932424,15.4,15.59,15.2,15.4,2026-07-29,15.45,4.806961440223914
603569,长久物流,2026-07-30,9.53205337874097,9.680991712783797,9.399663748480679,9.53205337874097,4566982.0,26374531.0,0.007567402036069323,5.76,5.85,5.68,5.76,2026-07-29,5.76,1.6548703782536407
603577,汇金通,2026-07-30,20.704414895069426,20.93143698821712,19.796326522478665,19.909837569052506,4958100.0,44402094.0,0.01461966491035684,9.12,9.22,8.72,8.77,2026-07-29,9.15,2.270220931476911
603578,三星新材,2026-07-30,22.71091341400461,23.67775507976154,21.783534673380615,21.901923448779424,4488760.0,51900360.0,0.024888189555037698,11.51,12.0,11.04,11.1,2026-07-29,11.49,1.973146256646795
603579,荣泰健康,2026-07-30,57.46890451376161,58.687442890271164,57.07370287813688,57.501837983397,2277693.0,40044601.0,0.01132885460625571,17.45,17.82,17.33,17.46,2026-07-29,17.49,3.293346963539347
603583,捷昌驱动,2026-07-30,72.97845467263659,74.95908079110063,72.58232944894378,73.86211863318208,3789538.0,91970847.0,0.009913847449746199,23.95,24.6,23.82,24.24,2026-07-29,24.05,3.047117105329294
603585,苏利股份,2026-07-30,20.33377856903069,21.250465307798468,20.187942042408544,20.667119201309884,6027806.0,59993864.0,0.02225958195521573,9.76,10.2,9.69,9.92,2026-07-29,9.66,2.083378951744948
603586,金麒麟,2026-07-30,16.28518755756089,16.517648601205693,16.143128030889066,16.40141807938329,1767200.0,22413215.0,0.00901389921632328,12.61,12.79,12.5,12.7,2026-07-29,12.58,1.2914502424711254
603587,地素时尚,2026-07-30,19.8946471183308,20.290817580427426,19.72239909133226,20.101344750729037,3216640.0,37518588.0,0.006804783234755923,11.55,11.78,11.45,11.67,2026-07-29,11.98,1.7224802699853503
603588,高能环境,2026-07-30,88.34511718349164,89.6720398921765,84.8532153185315,86.73884232560998,51024574.0,636794746.0,0.03349751823530342,12.65,12.84,12.15,12.42,2026-07-29,12.72,6.983803729920288
603589,口子窖,2026-07-30,24.289785116073276,26.55188724138697,24.10436690908035,25.686602275419986,20652934.0,428875797.0,0.034529780364682724,19.65,21.48,19.5,20.78,2026-07-29,19.68,1.2361213799528386
603590,康辰药业,2026-07-30,34.24465355928074,34.44279041690435,32.40638382466169,32.47242944386955,3142900.0,94680522.0,0.0198636767412209,31.11,31.29,29.44,29.5,2026-07-29,31.23,1.1007603201311713
603596,伯特利,2026-07-30,54.2191823914938,56.70119705503495,54.02661228828802,55.37460301072848,23107452.0,601150691.0,0.025742400680481763,25.34,26.5,25.25,25.88,2026-07-29,25.4,2.1396678133975455
603598,引力传媒,2026-07-30,31.840849746308972,33.9187554879107,31.514903747626345,31.616761872214663,13895071.0,222575304.0,0.051577288143520354,15.63,16.65,15.47,15.52,2026-07-29,15.75,2.037162491766409
603599,广信股份,2026-07-30,46.40003758252455,49.089894833685385,46.355206628338536,48.23810670415112,17625100.0,189798196.0,0.019362510774214855,10.35,10.95,10.34,10.76,2026-07-29,10.4,4.483095418601406
603600,XD永艺股,2026-07-30,33.64516000826989,34.387332655511145,33.53913534437829,33.96323399994471,3637300.0,34978021.0,0.011007672141389438,9.52,9.73,9.49,9.61,2026-07-29,9.51,3.53415546305356
603601,再升科技,2026-07-30,114.52398884465369,117.40509548225505,109.33799689697126,110.34638422013174,63000173.0,493534721.0,0.05515005992024425,7.95,8.15,7.59,7.66,2026-07-29,8.0,14.405533188006753
603602,纵横通信,2026-07-30,27.602633611542977,27.602633611542977,26.472240044594074,26.603681157029992,3278450.0,33691782.0,0.014188892743725508,10.5,10.5,10.07,10.12,2026-07-29,10.22,2.6288222487183788
603605,珀莱雅,2026-07-30,126.92228899452375,130.7088755876518,125.08016578705607,126.49246024611463,7329128.0,459191800.0,0.0185090184583361,62.01,63.86,61.11,61.8,2026-07-29,61.13,2.0468035638529876
603606,东方电缆,2026-07-30,204.40417826979672,209.87973871005426,203.44972278021055,204.40417826979672,15429727.0,633491591.0,0.01870704196729847,40.69,41.78,40.5,40.69,2026-07-29,40.97,5.023449945190384
603607,京华激光,2026-07-30,46.82497089062228,47.53030329956752,45.20953214755417,45.20953214755417,4917500.0,99904440.0,0.027546427002948744,20.58,20.89,19.87,19.87,2026-07-29,20.98,2.2752658353072053
603608,天创时尚,2026-07-30,29.671818580393925,30.466922123352102,27.756341863267394,27.882835608738013,18642540.0,299240712.0,0.04386173648991537,16.42,16.86,15.36,15.43,2026-07-29,16.74,1.8070535067231377
603609,禾丰股份,2026-07-30,10.095520183422158,10.308229684855688,10.062795644740076,10.16096926078632,2575200.0,16056284.0,0.0028486198385445152,6.17,6.3,6.15,6.21,2026-07-29,6.19,1.6362269341040774
603610,麒盛科技,2026-07-30,38.16780723700993,38.37301050172504,36.7900138882085,37.22973516974087,7708900.0,98694542.0,0.02183876200279553,13.02,13.09,12.55,12.7,2026-07-29,13.08,2.9314752102158166
603611,诺力股份,2026-07-30,61.03620257030711,62.029558489172864,60.96262065039113,61.73523080950894,2194402.0,36715855.0,0.008518615146643708,16.59,16.86,16.57,16.78,2026-07-29,16.58,3.6790959957991025
603612,索通发展,2026-07-30,26.145443548641396,26.862183955815112,26.05195566944482,26.503813752228258,12706381.0,216497584.0,0.02550947049442093,16.78,17.24,16.72,17.01,2026-07-29,16.9,1.5581313199428721
603613,国联股份,2026-07-30,85.44935479463265,88.02912874764857,85.13254044952544,86.4450570221125,11280640.0,216380176.0,0.01565586121432325,18.88,19.45,18.81,19.1,2026-07-29,18.89,4.5259192158174075
603615,茶花股份,2026-07-30,16.984705296617253,17.5080116888774,16.734428326405883,16.916447941105062,3296700.0,49577482.0,0.013632867422049458,14.93,15.39,14.71,14.87,2026-07-29,15.09,1.1376225918698764
603616,韩建河山,2026-07-30,9.986170693874486,10.066542288996212,9.544126920704992,9.62449851582672,12928400.0,62944698.0,0.033642038756886025,4.97,5.01,4.75,4.79,2026-07-29,4.92,2.0092898780431563
603617,君禾股份,2026-07-30,18.859210678268852,18.980103054411604,18.254748797555106,18.375641173697858,5184100.0,31817774.0,0.01340508650177606,6.24,6.28,6.04,6.08,2026-07-29,6.26,3.0223094035687263
603618,杭电股份,2026-07-30,83.7067046436764,86.50055651084722,76.63136549954251,78.22785228078297,55657624.0,1244848504.0,0.0805027292139849,23.07,23.84,21.12,21.56,2026-07-29,23.1,3.6283790482737928
603619,XD中曼石,2026-07-30,21.921347490226083,22.521932352972005,21.240684645780707,22.521932352972005,61227982.0,1343399066.0,0.13243108061477066,21.9,22.5,21.22,22.5,2026-07-29,21.32,1.0009747712432002
603626,科森科技,2026-07-30,27.490614950847778,27.532810829513704,25.106547806223222,25.507408653549476,27170269.0,336385814.0,0.048966054245020214,13.03,13.05,11.9,12.09,2026-07-29,13.14,2.109793933296069
603628,清源股份,2026-07-30,9.610167882400216,9.72395889069559,9.506721511222603,9.568789333929171,3623500.0,33711324.0,0.01331319065529163,9.29,9.4,9.19,9.25,2026-07-29,9.25,1.0344637117761266
603629,利通电子,2026-07-30,191.9424099540299,197.61226424517355,172.99002987594145,173.02967920664875,36738465.0,3372455590.0,0.10184663650874883,96.82,99.68,87.26,87.28,2026-07-29,96.95,1.9824665353649031
603630,拉芳家化,2026-07-30,22.28802761993353,23.62162061565202,21.22399065526452,21.30911361243804,24429761.0,381553140.0,0.10847808246173324,15.71,16.65,14.96,15.02,2026-07-29,15.19,1.4187159528920132
603633,徕木股份,2026-07-30,16.45484230676803,16.712396360265267,15.99696843388405,16.082819785049796,8729118.0,49857556.0,0.020451960521769154,5.75,5.84,5.59,5.62,2026-07-29,5.79,2.8617117055248746
603636,南威软件,2026-07-30,31.39287967908515,32.8760078529002,31.24456686170365,31.343442073291317,17926800.0,116270412.0,0.03088907547903633,6.35,6.65,6.32,6.34,2026-07-29,6.41,4.943760579383489
603637,镇海股份,2026-07-30,31.131827628967034,31.411790107644798,29.256079021826036,29.70401898771045,6387700.0,68856408.0,0.02676195206974898,11.12,11.22,10.45,10.61,2026-07-29,11.11,2.799624786777611
603638,艾迪精密,2026-07-30,93.26958537784712,94.54725093096832,90.90353805725232,91.56603130701887,9957351.0,194925246.0,0.01130625443796998,19.71,19.98,19.21,19.35,2026-07-29,19.88,4.732094641189605
603639,海利尔,2026-07-30,34.816124552703556,36.41840065867649,34.615840039456934,36.151354641014336,4527666.0,48599596.0,0.01332143158427138,10.43,10.91,10.37,10.83,2026-07-29,10.41,3.338075220776947
603648,畅联股份,2026-07-30,10.759079167683828,11.041889248662946,10.759079167683828,10.820559620070593,2693700.0,23901278.0,0.0074326844967948155,8.75,8.98,8.75,8.8,2026-07-29,8.84,1.2296090477352946
603650,彤程新材,2026-07-30,70.19070228559441,71.40381501088986,64.82874403978855,65.18054673012422,25895756.0,1440777628.0,0.042135223685409964,57.86,58.86,53.44,53.73,2026-07-29,59.08,1.2131127252954443
603655,朗博科技,2026-07-30,26.16953310517382,26.45835727819111,24.446903216106403,24.611945600687715,1161300.0,28488845.0,0.01095566037735849,25.37,25.65,23.7,23.86,2026-07-29,25.31,1.0315149036331817
603656,泰禾智能,2026-07-30,34.919086335214914,36.02632688841609,34.6935373336369,34.73454624301472,2202400.0,37861510.0,0.012038567275371918,17.03,17.57,16.92,16.94,2026-07-29,17.15,2.0504454688910694
603657,春光科技,2026-07-30,34.51599616301665,35.05942549191911,32.52342195704097,32.721032622096416,3525100.0,72056743.0,0.026075143843796198,20.96,21.29,19.75,19.87,2026-07-29,21.1,1.646755542128657
603658,安图生物,2026-07-30,49.66198585266319,50.86067112072321,49.510253540250545,50.754458502034346,3566325.0,118392758.0,0.0062411102908300955,32.73,33.52,32.63,33.45,2026-07-29,32.73,1.5173231241265872
603659,璞泰来,2026-07-30,102.9720293640923,104.89076283050396,101.90606632719692,103.05730640704394,25324400.0,614181734.0,0.011810739159102319,24.15,24.6,23.9,24.17,2026-07-29,24.44,4.263852147581462
603660,苏州科达,2026-07-30,16.712831605083355,18.516223723072276,16.712831605083355,18.516223723072276,34100589.0,294624014.0,0.05966933477659004,7.97,8.83,7.97,8.83,2026-07-29,8.03,2.0969675790568827
603661,恒林股份,2026-07-30,44.23631687200158,44.98344678398471,42.1972748205476,42.337361679044434,2437200.0,67665214.0,0.017525361564668766,28.42,28.9,27.11,27.2,2026-07-29,28.6,1.556520649964869
603662,柯力传感,2026-07-30,124.03055822342202,124.87779656359443,118.6903892914262,119.97408374623288,5194129.0,245720699.0,0.018495643063151674,48.31,48.64,46.23,46.73,2026-07-29,48.66,2.5673889096133724
603663,三祥新材,2026-07-30,109.83324720872317,110.99001108696788,99.42237230452068,99.86728148846095,19598362.0,681099758.0,0.03304021365304475,37.03,37.42,33.52,33.67,2026-07-29,37.0,2.966061226268516
603665,康隆达,2026-07-30,36.21132106514463,36.87033936039152,34.598460500461464,34.96265482151895,2378700.0,48627524.0,0.01485130832271951,20.88,21.26,19.95,20.16,2026-07-29,21.09,1.7342586717023292
603666,亿嘉和,2026-07-30,58.6569265594349,60.474627677607266,57.41627341528552,59.11856493865328,5109154.0,103761276.0,0.024858383493791332,20.33,20.96,19.9,20.49,2026-07-29,20.47,2.8852398701148503
603667,五洲新春,2026-07-30,75.57529081576887,76.28840839624289,72.32832991744031,73.19317464269605,12843930.0,627366016.0,0.035073273749403916,49.81,50.28,47.67,48.24,2026-07-29,50.28,1.5172714478170821
603668,天马科技,2026-07-30,17.093722543248308,17.444199613100558,16.96627633602931,17.26896107817443,7144280.0,76998844.0,0.014124804586519156,10.73,10.95,10.65,10.84,2026-07-29,10.83,1.5930775902374938
603669,灵康药业,2026-07-30,16.33602278740999,16.65017707178326,15.676298790226127,15.83337593241276,28676800.0,147276229.0,0.04025767986720053,5.2,5.3,4.99,5.04,2026-07-29,5.2,3.1415428437326907
603676,卫信康,2026-07-30,9.893448661358084,10.086104591762536,9.802787047050106,9.950112170300569,2328400.0,20453243.0,0.00535065716980937,8.73,8.9,8.65,8.78,2026-07-29,8.71,1.1332701788497233
603677,奇精机械,2026-07-30,37.01059489473982,37.41955174440545,36.07583638121837,36.28031480605119,1904000.0,23902997.0,0.009885729225567082,12.67,12.81,12.35,12.42,2026-07-29,12.69,2.921120354754524
603678,火炬电子,2026-07-30,117.88854692774761,121.23484816673907,107.3284979358484,110.04393910519391,45784553.0,1900120905.0,0.09627368704092276,42.98,44.2,39.13,40.12,2026-07-29,42.2,2.7428698680257706
603679,华体科技,2026-07-30,25.242093612122126,26.01337980582586,24.400690491718056,24.62506465715914,8986000.0,160020573.0,0.05057229621811353,18.0,18.55,17.4,17.56,2026-07-29,18.24,1.4023385340067849
603680,今创集团,2026-07-30,19.871638202350958,20.747408196578387,19.871638202350958,20.538891531286144,8519499.0,83396711.0,0.010870607364184761,9.53,9.95,9.53,9.85,2026-07-29,9.63,2.0851666529224513
603681,永冠新材,2026-07-30,18.763105420256437,18.970613571004325,17.725564666516995,17.725564666516995,8230800.0,136768931.0,0.034620748061037473,17.18,17.37,16.23,16.23,2026-07-29,17.4,1.0921481618309916
603682,锦和商管,2026-07-30,11.820187319101038,12.290780256863846,11.79250538158558,12.083165725497903,12989550.0,112926979.0,0.027491111111111112,8.54,8.88,8.52,8.73,2026-07-29,8.54,1.3840968757729555
603683,晶华新材,2026-07-30,28.49614152992215,28.84191912164854,27.072351446342882,27.133371021353422,34275888.0,469629567.0,0.11891197188489382,14.01,14.18,13.31,13.34,2026-07-29,14.19,2.0339858336846643
603685,晨丰科技,2026-07-30,47.096043736182985,47.91560257092838,44.52301018523814,45.723759175679064,2311900.0,55777865.0,0.011475399835585947,24.71,25.14,23.36,23.99,2026-07-29,25.25,1.9059507784776601
603686,福龙马,2026-07-30,40.97177636570536,41.853943799416726,40.612374818637775,40.77573915821395,11093086.0,139812337.0,0.026702633926620353,12.54,12.81,12.43,12.48,2026-07-29,12.6,3.2672867915235537
603687,大胜达,2026-07-30,12.985874793255519,13.372110619099937,12.432618069748653,12.55788374299549,24320791.0,300862056.0,0.04421705830482577,12.44,12.81,11.91,12.03,2026-07-29,12.5,1.043880610390315
603688,石英股份,2026-07-30,121.30947587899234,123.90071613459192,113.28226421762415,114.9722035147543,17602867.0,733349930.0,0.03249690334182842,43.07,43.99,40.22,40.82,2026-07-29,43.57,2.816565495216911
603689,皖天然气,2026-07-30,13.064789845030989,13.221776638896515,13.01246091374248,13.169447707608004,3323750.0,25047425.0,0.0063497237972832705,7.49,7.58,7.46,7.55,2026-07-29,7.49,1.7442977096169543
603690,至纯科技,2026-07-30,32.0337716195264,32.45348713947793,30.178899805547058,30.178899805547058,49226939.0,1121691412.0,0.12854186520021124,23.66,23.97,22.29,22.29,2026-07-29,24.77,1.3539210321017074
603693,江苏新能,2026-07-30,16.14803472076063,16.454474323547345,15.854918578964648,16.041447032834817,6875315.0,83243481.0,0.007712283814117327,12.12,12.35,11.9,12.04,2026-07-29,12.24,1.3323460990726594
603696,安记食品,2026-07-30,27.861813297009487,28.574557358095777,25.378008235648178,26.393128565074104,23797212.0,301325182.0,0.10117862244897959,12.9,13.23,11.75,12.22,2026-07-29,12.03,2.1598304881402703
603697,有友食品,2026-07-30,17.36386919208365,17.74779393803927,16.92759107167954,17.04974894539269,8793960.0,87547887.0,0.020561427347203412,9.95,10.17,9.7,9.77,2026-07-29,9.92,1.7451124816164474
603698,航天工程,2026-07-30,32.04711876593579,32.64256308793269,31.161586184504507,31.482210050195146,19941642.0,415980641.0,0.03720525009794959,20.99,21.38,20.41,20.62,2026-07-29,21.14,1.5267803128125677
603699,纽威股份,2026-07-30,56.83493174743093,60.99979126049667,56.71440526634543,59.62043264362924,10847952.0,481068001.0,0.01430858807894547,42.44,45.55,42.35,44.52,2026-07-29,43.22,1.339183123172265
603700,宁水集团,2026-07-30,17.433315466270088,17.68415453772721,17.245186162677246,17.57441244396472,3084399.0,34438967.0,0.01542493082708432,11.12,11.28,11.0,11.21,2026-07-29,11.14,1.5677441966070222
603701,德宏股份,2026-07-30,64.20173993939112,66.42186813457414,62.67312708369132,62.85510480460797,4253300.0,75179656.0,0.01627360370324212,17.64,18.25,17.22,17.27,2026-07-29,17.65,3.6395544183328297
603703,盛洋科技,2026-07-30,28.822801451131802,29.399257480154436,28.381982134820372,28.619346382064986,7069220.0,60130719.0,0.017034999001884706,8.5,8.67,8.37,8.44,2026-07-29,8.6,3.390917817780212
603706,东方环宇,2026-07-30,24.01041984408991,24.335764286421753,23.854254511770627,24.049461177169732,922645.0,17079212.0,0.004871854355197381,18.45,18.7,18.33,18.48,2026-07-29,18.55,1.3013777693273665
603707,健友股份,2026-07-30,30.252946546866276,31.081794397465355,30.02689713306653,30.667370472165818,11610219.0,94507664.0,0.00718609331859302,8.03,8.25,7.97,8.14,2026-07-29,8.1,3.7674902299958006
603708,家家悦,2026-07-30,18.38896287497493,18.760654677766972,18.310711969123968,18.54546468667684,4240900.0,40220461.0,0.006643651976750429,9.4,9.59,9.36,9.48,2026-07-29,9.36,1.9562726462739284
603709,中源家居,2026-07-30,16.50211600451288,16.901489576742136,16.022867717837773,16.182617146729477,4326230.0,44573362.0,0.026599701451133325,10.33,10.58,10.03,10.13,2026-07-29,10.35,1.5974942889170263
603711,香飘飘,2026-07-30,11.6135563939884,12.123575339012595,11.47542626304435,11.79418810368447,8534000.0,95119294.0,0.020669739274030506,10.93,11.41,10.8,11.1,2026-07-29,10.93,1.0625394688004026
603712,七一二,2026-07-30,11.556118834737484,11.910290602877424,11.545999641362059,11.6370723817409,10632900.0,123227841.0,0.013773186528497409,11.42,11.77,11.41,11.5,2026-07-29,11.5,1.011919337542687
603713,密尔克卫,2026-07-30,66.85302993128141,68.22928631161905,63.55001461847106,65.67495446971239,3705235.0,222136214.0,0.023214799880315717,60.72,61.97,57.72,59.65,2026-07-29,60.75,1.1010051042701154
603716,塞力医疗,2026-07-30,58.94947497267931,61.622152318183936,57.63195797137422,57.85781802874081,30789542.0,487280449.0,0.13636315603157736,15.66,16.37,15.31,15.37,2026-07-29,15.81,3.7643342894431235
603717,天域生物,2026-07-30,7.651449243796766,7.9755437789852115,7.454174309334235,7.5809939100601476,13497630.0,73629518.0,0.046520092764255706,5.43,5.66,5.29,5.38,2026-07-29,5.37,1.4091066747323695
603719,良品铺子,2026-07-30,9.641859400821009,9.68182565740472,9.062348680357154,9.152272757670511,20996262.0,198456892.0,0.05275662753773148,9.65,9.69,9.07,9.16,2026-07-29,9.45,0.9991564145928505
603721,中广天择,2026-07-30,20.758417071367575,21.49045193030749,20.496976050317603,20.5231201524226,3783100.0,60638862.0,0.029100769230769232,15.88,16.44,15.68,15.7,2026-07-29,16.07,1.3072051052498472
603722,阿科力,2026-07-30,31.682592860516735,32.52362571325836,29.956262268047084,30.321447585684894,2694600.0,75614589.0,0.028156704211481615,28.63,29.39,27.07,27.4,2026-07-29,28.97,1.1066221746600327
603725,天安新材,2026-07-30,20.036585792341075,20.11921088839197,18.26014622724692,18.34277132329781,28839480.0,263236269.0,0.09459981457577188,9.7,9.74,8.84,8.88,2026-07-29,9.82,2.065627401272276
603726,朗迪集团,2026-07-30,58.52091261611245,59.2349047718445,55.82360891668024,55.82360891668024,9183579.0,199151286.0,0.049744678499986185,22.13,22.4,21.11,21.11,2026-07-29,22.48,2.644415391600201
603727,博迈科,2026-07-30,19.00186925253415,19.97990664053223,18.90514028009478,18.99112158892978,6713280.0,120749715.0,0.023829679216449216,17.68,18.59,17.59,17.67,2026-07-29,17.96,1.074766360437452
603728,鸣志电器,2026-07-30,62.66415779664096,63.30686710737574,59.959422780632096,60.61552186867385,6023155.0,276016645.0,0.014379103925325121,46.8,47.28,44.78,45.27,2026-07-29,47.41,1.3389777306974564
603730,岱美股份,2026-07-30,63.2119229903131,63.961202249896566,60.75973632258544,61.44089928584312,15524621.0,140781546.0,0.00722548015349953,9.28,9.39,8.92,9.02,2026-07-29,9.4,6.811629632576843
603733,仙鹤股份,2026-07-30,22.799623268624046,23.117808578917643,21.120921459144025,21.493966305695142,16896480.0,337514108.0,0.020674717920662118,20.78,21.07,19.25,19.59,2026-07-29,20.7,1.097190725150339
603737,三棵树,2026-07-30,205.75958706761665,212.49751869488205,201.5483798005758,206.3491560850024,10704098.0,262843244.0,0.012089821655167993,24.43,25.23,23.93,24.5,2026-07-29,24.59,8.42241453408173
603738,泰晶科技,2026-07-30,156.8794982970508,159.44690911132233,142.43781246677335,145.4866128087208,32979567.0,922803143.0,0.08546420312581679,29.33,29.81,26.63,27.2,2026-07-29,29.49,5.348772529732383
603739,蔚蓝生物,2026-07-30,16.8344119701482,17.104723669936483,16.564100270359912,16.699256120254056,2705240.0,30355179.0,0.010691428384301416,11.21,11.39,11.03,11.12,2026-07-29,11.19,1.5017316654904727
603755,日辰股份,2026-07-30,22.581117557079498,23.3487476156771,22.399871571021734,22.66640978581257,1490200.0,31948565.0,0.01511149350565263,21.18,21.9,21.01,21.26,2026-07-29,21.18,1.066152859163338
603757,大元泵业,2026-07-30,149.15316073071594,150.61544662023275,134.42395377085558,134.42395377085558,8413700.0,438233248.0,0.04510224403779634,56.1,56.65,50.56,50.56,2026-07-29,56.18,2.6587016173033144
603758,秦安股份,2026-07-30,11.85770807614176,12.078497821261596,11.727831755483033,11.831732812010014,2881900.0,26439501.0,0.006653874883311008,9.13,9.3,9.03,9.11,2026-07-29,9.13,1.2987632065872683
603759,海天股份,2026-07-30,11.127721930174006,11.411431554456065,11.127721930174006,11.269576742315037,5214980.0,37318158.0,0.011293702356202357,7.06,7.24,7.06,7.15,2026-07-29,7.06,1.5761645793447603
603766,隆鑫通用,2026-07-30,50.330416611489426,51.92380901625785,49.880110062315744,51.68133625901048,21998733.0,324829006.0,0.010712580802772537,14.53,14.99,14.4,14.92,2026-07-29,14.51,3.46389653210526
603767,中马传动,2026-07-30,23.18850401116676,23.945748336640275,23.053882797749246,23.676505909805247,4251100.0,59644981.0,0.013774031490628792,13.78,14.23,13.7,14.07,2026-07-29,13.91,1.682765167718923
603768,常青股份,2026-07-30,10.430598215342492,10.663250963640094,10.372435028268091,10.430598215342492,2658600.0,28908719.0,0.011172660482149847,10.76,11.0,10.7,10.76,2026-07-29,10.75,0.9693864512400086
603773,沃格光电,2026-07-30,179.36305398322716,182.2516997301488,162.44384317982895,162.44384317982895,15880443.0,1098045922.0,0.07068069975305573,73.89,75.08,66.92,66.92,2026-07-29,74.36,2.427433400774491
603776,永安行,2026-07-30,49.36231868033622,49.984859746194374,47.59845232707145,47.6503307492263,1711168.0,32235872.0,0.0060947589179295445,19.03,19.27,18.35,18.37,2026-07-29,19.14,2.593921107742313
603777,来伊份,2026-07-30,18.357066919615523,18.82423778433628,17.50516710747768,17.62882998343317,8604870.0,114119786.0,0.025730407293592536,13.36,13.7,12.74,12.83,2026-07-29,13.43,1.3740319550610423
603778,国晟科技,2026-07-30,56.98037160601075,60.290165400892924,55.09833199715619,55.163229914702896,53050173.0,466707001.0,0.08252249144336332,8.78,9.29,8.49,8.5,2026-07-29,8.89,6.489791754670929
603779,威龙股份,2026-07-30,10.681774112736408,10.975909921637845,10.31023414359775,10.31023414359775,24588500.0,169453532.0,0.07404329102859705,6.9,7.09,6.66,6.66,2026-07-29,6.88,1.5480832047444069
603786,科博达,2026-07-30,42.75556864873266,44.42407864478077,42.75556864873266,43.85052833363923,2838410.0,119076621.0,0.007028260271527005,41.0,42.6,41.0,42.05,2026-07-29,41.26,1.042818747530065
603787,新日股份,2026-07-30,10.831310349830199,11.090810493628215,10.80874511993472,10.899006039516639,2981200.0,28973868.0,0.012953640852095119,9.6,9.83,9.58,9.66,2026-07-29,9.64,1.128261494773979
603788,XD宁波高,2026-07-30,30.41885857482903,31.040088785160048,30.097532603968162,30.61165415734555,2194400.0,31520859.0,0.009837488315292827,14.2,14.49,14.05,14.29,2026-07-29,14.2,2.142173139072467
603790,雅运股份,2026-07-30,31.957361656484206,31.957361656484206,28.95465653439844,29.340718621523752,6708100.0,142049904.0,0.03505487040133779,22.35,22.35,20.25,20.52,2026-07-29,22.35,1.429859581945602
603797,联泰环保,2026-07-30,8.54550521770633,8.721248255602605,8.457633698758194,8.589440977180399,5279536.0,20684797.0,0.009156240858671425,3.89,3.97,3.85,3.91,2026-07-29,3.91,2.196787973703427
603798,康普顿,2026-07-30,32.02654147949476,32.48677073152469,30.320986016089712,30.72707065023377,5685830.0,65114886.0,0.022171330707606737,11.83,12.0,11.2,11.35,2026-07-29,11.79,2.7072308942937244
603799,华友钴业,2026-07-30,99.98011858889271,101.62979054560942,98.85534225476766,99.80515338136215,51513474.0,2068769580.0,0.027290356850657848,40.0,40.66,39.55,39.93,2026-07-29,40.3,2.4995029647223177
603800,洪田股份,2026-07-30,66.77583388865888,67.62462996629637,60.11336604638106,60.11336604638106,7696916.0,411203306.0,0.03700440384615385,57.43,58.16,51.7,51.7,2026-07-29,57.44,1.162734352928067
603801,志邦家居,2026-07-30,19.02950092221635,19.06148327670747,18.29390676892059,18.45381854137619,14732378.0,85848000.0,0.03391810222045449,5.95,5.96,5.72,5.77,2026-07-29,5.93,3.1982354491119915
603803,瑞斯康达,2026-07-30,10.181773188086582,10.202723338679352,9.197116110226355,9.197116110226355,39268872.0,357679670.0,0.09242266817117613,9.72,9.74,8.78,8.78,2026-07-29,9.76,1.0475075296385372
603806,福斯特,2026-07-30,96.42015872006165,101.10008077071417,96.42015872006165,100.0677450242467,41805457.0,604521758.0,0.016025117729163776,14.01,14.69,14.01,14.54,2026-07-29,14.26,6.88223830978313
603808,歌力思,2026-07-30,17.85622554884964,18.837850513576978,17.762737456970846,18.230177916364816,7728927.0,60624497.0,0.021248888742591197,7.64,8.06,7.6,7.8,2026-07-29,7.65,2.3372022969698483
603809,XD豪能股,2026-07-30,75.4165457056389,75.4165457056389,73.21757515050687,74.03200868944467,17050351.0,155280696.0,0.01852717415479769,9.26,9.26,8.99,9.09,2026-07-29,8.91,8.14433538937785
603810,丰山集团,2026-07-30,22.930785866404644,23.496719338427432,22.532536386092318,22.930785866404644,1938500.0,21316402.0,0.011724171120304397,10.94,11.21,10.75,10.94,2026-07-29,10.94,2.0960498963806806
603811,诚意药业,2026-07-30,31.60684855189515,32.00806383675701,31.250212743129055,31.428530647512105,3331060.0,23610031.0,0.00726946888885723,7.09,7.18,7.01,7.05,2026-07-29,7.13,4.457947609576185
603815,交建股份,2026-07-30,5.725161389145011,5.846503923404346,5.692067970710647,5.780317086535618,13092812.0,68562553.0,0.021154143366190856,5.19,5.3,5.16,5.24,2026-07-29,5.19,1.1031139478121408
603816,顾家家居,2026-07-30,55.564892872966496,56.75820373123013,55.21774789601708,55.99882409415327,9084562.0,234181115.0,0.011134674397463669,25.61,26.16,25.45,25.81,2026-07-29,25.42,2.1696561059338735
603817,海峡环保,2026-07-30,5.910949232602282,6.027682520858341,5.87911288125972,5.942785583944843,8259906.0,46456153.0,0.014488926956258813,5.57,5.68,5.54,5.6,2026-07-29,5.61,1.061211711418722
603818,曲美家居,2026-07-30,6.040714680653863,6.115754614575029,5.890634812811531,5.984434730212988,22917300.0,73377392.0,0.03338067893710883,3.22,3.26,3.14,3.19,2026-07-29,3.22,1.87599834802915
603819,神力股份,2026-07-30,22.442325238321263,23.223898754083695,22.051538480440044,22.181800733067117,6429430.0,78224420.0,0.029529345877978785,12.06,12.48,11.85,11.92,2026-07-29,12.25,1.8608893232438857
603823,百合花,2026-07-30,113.78915834019949,113.78915834019949,113.78915834019949,113.78915834019949,669200.0,33332852.0,0.0016072332065409185,49.81,49.81,49.81,49.81,2026-07-29,55.34,2.2844641304998894
603826,坤彩科技,2026-07-30,28.142998259789643,28.418370062723007,27.11494352883842,27.445389692358457,5716650.0,86192946.0,0.006711573682727529,15.33,15.48,14.77,14.95,2026-07-29,15.33,1.8358120195557497
603829,洛凯股份,2026-07-30,15.180445869578865,15.472169740382158,14.715848593855096,14.813089884122864,3566417.0,49651063.0,0.01914688647227648,14.05,14.32,13.62,13.71,2026-07-29,14.15,1.080458780752944
603833,欧派家居,2026-07-30,54.8430861493931,55.78999479788248,53.5701925563418,54.96727089017859,8226020.0,291330109.0,0.013504032313780442,35.33,35.94,34.51,35.41,2026-07-29,35.33,1.5523092598186556
603836,海程邦达,2026-07-30,9.605664483462302,9.874354399083627,9.560882830858748,9.661641549216746,3926740.0,34099339.0,0.014077902714082434,8.58,8.82,8.54,8.63,2026-07-29,8.59,1.1195413150888465
603839,安正时尚,2026-07-30,12.358786972907472,12.804323180394732,12.223188996715697,12.300673554539568,5540600.0,35798640.0,0.014316196582985415,6.38,6.61,6.31,6.35,2026-07-29,6.4,1.9371139455967825
603848,好太太,2026-07-30,14.81536019868424,14.916374018220724,14.299067343275548,14.388857405085755,2317100.0,30045480.0,0.005758107626643248,13.2,13.29,12.74,12.82,2026-07-29,13.2,1.122375772627594
603855,华荣股份,2026-07-30,22.152401029727915,22.36918293582923,21.949167992757932,22.165949898859246,1504700.0,24688301.0,0.004484513422693777,16.35,16.51,16.2,16.36,2026-07-29,16.25,1.3548869131332058
603856,东宏股份,2026-07-30,16.93681871062753,17.089128231406555,16.830202046082213,16.93681871062753,2617200.0,29153646.0,0.009279006449994373,11.12,11.22,11.05,11.12,2026-07-29,11.13,1.5230952077902455
603858,步长制药,2026-07-30,35.02192188865785,35.83480982417795,34.75095924348449,35.2703043134001,7679149.0,119949448.0,0.007281792906145014,15.51,15.87,15.39,15.62,2026-07-29,15.63,2.2580220431114024
603859,能科科技,2026-07-30,56.40530681192261,59.460594264235084,55.621899772868126,58.77119606986713,11998404.0,441351549.0,0.04903357878298987,36.0,37.95,35.5,37.51,2026-07-29,35.99,1.5668140781089612
603860,中公高科,2026-07-30,24.944852200378772,25.412958267525163,24.601574417804752,24.809621558758707,1308000.0,31433635.0,0.019616076784643072,23.98,24.43,23.65,23.85,2026-07-29,24.0,1.040235704769757
603861,白云电器,2026-07-30,12.939639184675865,13.104126123464116,12.511973143826408,12.57776791934171,11467375.0,133919450.0,0.02169441610271385,11.8,11.95,11.41,11.47,2026-07-29,11.8,1.0965795919216834
603863,松炀资源,2026-07-30,12.536857279013821,12.671869588172433,11.958233096905492,12.247545187959656,4134193.0,52664895.0,0.020201285120938186,13.0,13.14,12.4,12.7,2026-07-29,12.97,0.964373636847217
603866,XD桃李面,2026-07-30,17.657004989315173,18.240019305000104,17.532073350239827,18.11508766592476,19455470.0,84206326.0,0.012161803488562967,4.24,4.38,4.21,4.35,2026-07-29,4.24,4.164387969178106
603867,新化股份,2026-07-30,38.699600083380275,39.43604769690729,37.57326843916249,37.8765115741442,5039474.0,133952542.0,0.02336478324956671,26.8,27.31,26.02,26.23,2026-07-29,27.0,1.4440149284843387
603868,飞科电器,2026-07-30,39.305679665391075,40.60302399421607,39.10015977171582,39.947929333126226,1464017.0,45689939.0,0.00336092056932966,30.6,31.61,30.44,31.1,2026-07-29,30.46,1.2844993354702965
603871,嘉友国际,2026-07-30,196.44794091970113,202.945834350122,196.44794091970113,200.67912733951005,11268838.0,149673555.0,0.008237402544275418,13.0,13.43,13.0,13.28,2026-07-29,13.11,15.11138007074624
603876,鼎胜新材,2026-07-30,42.988202169704685,43.611219592454034,42.17049180234618,43.20236440877478,22606573.0,498182649.0,0.02432731154585565,22.08,22.4,21.66,22.19,2026-07-29,22.17,1.946929446091698
603877,太平鸟,2026-07-30,17.55951866654951,18.03971245122234,17.520584035359825,17.896952136860143,2139246.0,29468982.0,0.004558147475059637,13.53,13.9,13.5,13.79,2026-07-29,13.59,1.2978210396562833
603878,武进不锈,2026-07-30,17.983388806575814,18.69970827685871,17.644079583810235,17.7194816333137,15333100.0,73740206.0,0.02732442374149859,4.77,4.96,4.68,4.7,2026-07-29,4.77,3.770102475173127
603879,永悦科技,2026-07-30,12.430629078612395,12.796235816218644,12.117251874949897,12.587317680443645,16315282.0,77917785.0,0.045402906470460476,4.76,4.9,4.64,4.82,2026-07-29,4.69,2.611476697187478
603880,南卫股份,2026-07-30,19.471167238771898,19.59154539789877,18.417858346411748,18.59842558510206,5440590.0,34214776.0,0.018822835435680627,6.47,6.51,6.12,6.18,2026-07-29,6.37,3.0094539781718543
603881,数据港,2026-07-30,71.71839810451654,72.95857285031374,69.38928943558032,69.6010265873018,27013494.0,632446918.0,0.03133625523383063,23.71,24.12,22.94,23.01,2026-07-29,24.11,3.0248164531639197
603882,金域医学,2026-07-30,29.507444778421178,30.006467741585656,29.323023248556048,29.442354826704076,5430150.0,148285355.0,0.011801221363114383,27.2,27.66,27.03,27.14,2026-07-29,27.42,1.0848325286184257
603883,老百姓,2026-07-30,33.304757105783295,34.09835735453112,33.040223689534024,33.67510388853228,12222179.0,155583866.0,0.016105331733376,12.59,12.89,12.49,12.73,2026-07-29,12.55,2.6453341624927162
603885,吉祥航空,2026-07-30,32.8010728166908,33.49320554585033,32.62051645256222,32.831165544045554,17772103.0,194976067.0,0.00819366520782466,10.9,11.13,10.84,10.91,2026-07-29,10.95,3.0092727354762197
603886,元祖股份,2026-07-30,16.830106669094896,17.13966332612568,16.471672645164507,16.618304745863302,2803900.0,28932896.0,0.011682916666666666,10.33,10.52,10.11,10.2,2026-07-29,10.3,1.6292455633199316
603887,城地香江,2026-07-30,20.528881380318474,21.019332471315845,20.08513991703514,20.20191398632023,17693239.0,155517340.0,0.029389326140590727,8.79,9.0,8.6,8.65,2026-07-29,8.83,2.3354813857017604
603888,新华网,2026-07-30,57.34451747682602,58.340576093048796,56.91763521273054,57.237796910802146,8833255.0,143266306.0,0.01190125621590441,16.12,16.4,16.0,16.09,2026-07-29,16.14,3.5573522007956586
603889,新澳股份,2026-07-30,59.98007133691155,60.90126697177879,58.649455419881086,59.26358584312591,11337800.0,66105248.0,0.012034126369998219,5.86,5.95,5.73,5.79,2026-07-29,5.85,10.235507054080468
603890,春秋电子,2026-07-30,55.96716753903142,56.36693302145307,51.538996041437734,51.846507950992844,20917844.0,362382897.0,0.046813701293142246,18.2,18.33,16.76,16.86,2026-07-29,18.4,3.075119095551177
603893,瑞芯微,2026-07-30,184.94509639806492,186.5030527977894,168.47132073943953,168.47132073943953,18411394.0,3443380115.0,0.043536720656231494,200.62,202.31,182.75,182.75,2026-07-29,203.05,0.921867692144676
603895,天永智能,2026-07-30,31.74810521486481,32.66057356729934,29.923168509995755,31.704654340939356,2613020.0,56180430.0,0.024176720947446335,21.92,22.55,20.66,21.89,2026-07-29,21.89,1.4483624641817887
603896,寿仙谷,2026-07-30,20.455102903490374,20.803927987110605,20.217901846628617,20.357431880076707,2508220.0,36830744.0,0.012652190151710967,14.66,14.91,14.49,14.59,2026-07-29,14.63,1.3953003344809258
603897,XD长城科,2026-07-30,34.79743289006274,35.56659432111611,33.487009711231075,33.62944701327799,7486429.0,180476627.0,0.036265189059056124,24.43,24.97,23.51,23.61,2026-07-29,24.69,1.4243730204692076
603898,好莱客,2026-07-30,37.70223623702773,38.16813839585033,36.125336622551295,37.3796885886121,4340100.0,44711851.0,0.014455942071671696,10.52,10.65,10.08,10.43,2026-07-29,10.54,3.5838627601737394
603899,晨光股份,2026-07-30,54.942632610248296,56.02501423768787,54.66027218569884,55.64853367162193,5839957.0,137494598.0,0.006376923433628558,23.35,23.81,23.23,23.65,2026-07-29,23.41,2.3530035379121323
603900,莱绅通灵,2026-07-30,9.32272552909732,9.557048971480377,9.239038585389086,9.356200306580615,6897400.0,38812637.0,0.020125241360507633,5.57,5.71,5.52,5.59,2026-07-29,5.56,1.6737388741646895
603901,永创智能,2026-07-30,38.77567566665108,39.89835669931581,38.55977546806171,38.73249562693321,8158710.0,73973343.0,0.015043895291504593,8.98,9.24,8.93,8.97,2026-07-29,9.07,4.318003971787426
603903,中持股份,2026-07-30,23.786722109985327,24.69057345985502,22.662419211366927,22.706509521116672,13905100.0,148077731.0,0.05446157104816288,10.79,11.2,10.28,10.3,2026-07-29,10.96,2.2045154874870554
603906,龙蟠科技,2026-07-30,39.63815329294486,40.456767328342636,39.37964359755609,39.53044091986621,24068238.0,445001291.0,0.042750244223097776,18.4,18.78,18.28,18.35,2026-07-29,18.83,2.15424746157309
603908,牧高笛,2026-07-30,29.744446479511783,30.575490385807807,29.276984282220273,29.882953797227792,1449900.0,25105930.0,0.01556906361021791,17.18,17.66,16.91,17.26,2026-07-29,17.09,1.7313414714500457
603909,建发合诚,2026-07-30,22.736916900136098,23.317883417909613,22.47284121023905,22.816139607105217,2755000.0,23974980.0,0.01056879124561894,8.61,8.83,8.51,8.64,2026-07-29,8.58,2.640756898970511
603912,佳力图,2026-07-30,21.00671329431337,21.27564703492336,20.319438179421184,20.349319706155626,13862738.0,96306925.0,0.025581486075267838,7.03,7.12,6.8,6.81,2026-07-29,7.07,2.988152673444292
603915,国茂股份,2026-07-30,19.2833767799243,19.72370585600131,19.085987883751844,19.207457973704127,5630700.0,71827350.0,0.008575116479160457,12.7,12.99,12.57,12.65,2026-07-29,12.79,1.5183761244034881
603916,XD苏博特,2026-07-30,13.14073872817457,13.692757465731084,12.777214193686135,12.817605808629294,11382128.0,111161368.0,0.02707917069418805,9.76,10.17,9.49,9.52,2026-07-29,9.82,1.3463871647719847
603917,合力科技,2026-07-30,18.07755000554427,18.492392282811835,17.535063950655918,17.694618672681905,4154600.0,46859579.0,0.020381671899529042,11.33,11.59,10.99,11.09,2026-07-29,11.41,1.595547220259865
603918,金桥信息,2026-07-30,37.479097252032325,41.64344139114703,37.29803881120125,40.30360892899708,46565904.0,509251717.0,0.1275402468696304,10.35,11.5,10.3,11.13,2026-07-29,10.45,3.6211688166214806
603919,金徽酒,2026-07-30,27.877739354871093,30.65462354842271,27.351401827988763,30.65462354842271,23118919.0,377800005.0,0.04557607368357099,15.36,16.89,15.07,16.89,2026-07-29,15.35,1.8149569892494202
603920,世运电路,2026-07-30,56.30072619943067,57.11693043489434,53.90421163572881,54.946174489512224,30015039.0,955544322.0,0.04165328756898195,32.42,32.89,31.04,31.64,2026-07-29,32.7,1.736604756305696
603926,铁流股份,2026-07-30,32.3548740812993,32.50329093488324,30.128621277540176,30.298240538778963,6186600.0,90576853.0,0.02680054247943816,15.26,15.33,14.21,14.29,2026-07-29,15.21,2.120240765484882
603927,中科软,2026-07-30,29.063781689255457,30.144219670268672,28.95573789115414,29.798479516344443,15947353.0,220177971.0,0.019189633471313052,13.45,13.95,13.4,13.79,2026-07-29,13.51,2.160875962026428
603928,兴业股份,2026-07-30,19.3042503126976,19.561640316866903,18.051618959073664,18.08593762629624,33154760.0,363123950.0,0.09731250587019817,11.25,11.4,10.52,10.54,2026-07-29,11.51,1.7159333611286756
603929,亚翔集成,2026-07-30,194.46140341158778,196.14478596355212,178.31567586938974,178.31567586938974,7645071.0,1146298338.0,0.03583179133858268,158.26,159.63,145.12,145.12,2026-07-29,161.24,1.2287463882951333
603931,格林达,2026-07-30,71.37005530120625,72.9026814887642,66.68067666763339,67.82442755387068,11502936.0,348184032.0,0.05764195921013189,31.2,31.87,29.15,29.65,2026-07-29,31.79,2.287501772474559
603933,睿能科技,2026-07-30,36.50911610166065,38.50128498716195,36.2365035173289,36.446205505276396,5532951.0,98419473.0,0.02665909720839487,17.41,18.36,17.28,17.38,2026-07-29,17.68,2.097019879475052
603936,博敏电子,2026-07-30,27.215755737269085,27.215755737269085,24.672816398111127,25.09313695003806,47278595.0,575399541.0,0.07499800871831441,12.95,12.95,11.74,11.94,2026-07-29,12.9,2.1016027596346785
603937,丽岛新材,2026-07-30,11.207541820695717,11.384911424188429,10.797374612618821,10.852802613710294,5346500.0,53346017.0,0.025594566715580778,10.11,10.27,9.74,9.79,2026-07-29,10.15,1.1085600218294478
603938,三孚股份,2026-07-30,107.26733476924002,108.63126379412041,97.94715309922393,100.30561370474628,13671833.0,493411604.0,0.03573172420269787,37.75,38.23,34.47,35.3,2026-07-29,38.0,2.8415188018341726
603939,益丰药房,2026-07-30,150.79474198702786,154.51478848538628,149.46615395189988,150.79474198702786,12588572.0,287165508.0,0.010383248119206837,22.7,23.26,22.5,22.7,2026-07-29,22.7,6.642940175639994
603948,建业股份,2026-07-30,24.343838054515167,24.682818780390313,23.879308911649225,23.9546379618437,1696000.0,32777576.0,0.010437618896772362,19.39,19.66,19.02,19.08,2026-07-29,19.52,1.2554841699079509
603949,雪龙集团,2026-07-30,20.909547478189253,21.33530749471347,20.389174124659657,20.499556351165936,3679600.0,48590373.0,0.017504793909214666,13.26,13.53,12.93,13.0,2026-07-29,13.3,1.5768889500896874
603950,XD长源东,2026-07-30,93.93260643340794,94.5467744186815,83.52684599720192,84.43932414675118,9492107.0,474798806.0,0.029308494674386665,53.53,53.88,47.6,48.12,2026-07-29,52.78,1.7547656722101241
603955,大千生态,2026-07-30,25.96569942657252,27.387920834913732,25.708345076491725,25.73543500807918,3664340.0,72041394.0,0.026999263188918363,19.17,20.22,18.98,19.0,2026-07-29,19.17,1.3544965793725883
603956,威派格,2026-07-30,6.747458548365571,6.8127565343174945,6.464500609240563,6.518915597533834,20578965.0,124700238.0,0.036109384131271016,6.2,6.26,5.94,5.99,2026-07-29,6.2,1.0882997658654145
603958,哈森股份,2026-07-30,14.332514404570185,14.60314345299485,13.726305336098939,13.856207279342778,4772600.0,61966121.0,0.02175692924872356,13.24,13.49,12.68,12.8,2026-07-29,13.34,1.0825161936986545
603960,克来机电,2026-07-30,47.773609567951524,48.46506970643503,47.01928941687861,47.396449492415066,5564700.0,84599273.0,0.021223282108666773,15.2,15.42,14.96,15.08,2026-07-29,15.39,3.143000629470495
603966,法兰泰克,2026-07-30,26.432846338266735,26.738624766344373,25.889240243906496,26.46682171916425,5523991.0,42898108.0,0.010629252054104381,7.78,7.87,7.62,7.79,2026-07-29,7.82,3.3975380897515084
603967,中创物流,2026-07-30,19.879211894788266,20.15724283037971,19.774950293941476,20.12248896343078,2546900.0,29345277.0,0.007346826004723673,11.44,11.6,11.38,11.58,2026-07-29,11.44,1.7376933474465268
603968,醋化股份,2026-07-30,23.71032859832264,24.33297378210212,23.461270524810846,23.610705368917923,3166400.0,30404504.0,0.015485133020344289,9.52,9.77,9.42,9.48,2026-07-29,9.55,2.4905807351179243
603969,银龙股份,2026-07-30,33.02573239810039,33.34416232480383,32.02495262846098,32.38887254469349,19401066.0,138819573.0,0.022783135956882583,7.26,7.33,7.04,7.12,2026-07-29,7.41,4.5489989529063894
603970,中农立华,2026-07-30,23.17041709531543,23.95429190252013,23.124306812538677,23.608464781694526,3073300.0,31522233.0,0.01143340203840821,10.05,10.39,10.03,10.24,2026-07-29,10.04,2.305514138837356
603976,正川股份,2026-07-30,38.48601385166663,38.83075827541935,36.66827052642505,36.96600434693875,5234582.0,125481743.0,0.031412123089307055,24.56,24.78,23.4,23.59,2026-07-29,24.9,1.5670201079668824
603977,国泰集团,2026-07-30,24.155227120233985,24.47844603798912,23.638076851825765,24.04748748098227,9017012.0,100758857.0,0.01451449595567155,11.21,11.36,10.97,11.16,2026-07-29,11.33,2.1547927850342536
603978,深圳新星,2026-07-30,37.15437694792112,37.66784263266298,35.613979893695536,35.71667303064391,8327396.0,147868860.0,0.03944870154925406,18.09,18.34,17.34,17.39,2026-07-29,18.15,2.0538627389674473
603979,金诚信,2026-07-30,108.04221090342055,109.62160434922042,104.35695952988755,108.33469117116128,10913284.0,802818451.0,0.017495052602260835,73.88,74.96,71.36,74.08,2026-07-29,73.47,1.462401338703581
603980,吉华集团,2026-07-30,11.054943222476806,11.429110531545252,10.765813938196644,10.765813938196644,82678242.0,538564135.0,0.12215450195894599,6.5,6.72,6.33,6.33,2026-07-29,6.8,1.7007604957656626
603982,泉峰汽车,2026-07-30,5.59792602234558,5.718527660169901,5.537625203433418,5.567775612889498,5649120.0,31579311.0,0.01663690464515482,5.57,5.69,5.51,5.54,2026-07-29,5.57,1.0050136485360106
603983,丸美生物,2026-07-30,32.58411706760849,35.55478201299289,32.2928754062963,32.70061373213337,11916724.0,344646581.0,0.02971751620947631,27.97,30.52,27.72,28.07,2026-07-29,29.26,1.1649666452487841
603985,恒润股份,2026-07-30,70.56440499663609,71.9947645573787,67.1315420508538,67.27457800692805,13534029.0,195466406.0,0.03069929298754275,14.8,15.1,14.08,14.11,2026-07-29,14.94,4.767865202475411
603986,兆易创新,2026-07-30,2191.148756557787,2408.0832319092124,2100.554659405082,2279.2860646351637,97123885.0,35483794588.0,0.1452880432211767,356.75,392.07,342.0,371.1,2026-07-29,364.03,6.141972688318954
603987,XD康德莱,2026-07-30,17.341130254553423,17.50856185701118,17.221536252797883,17.38896785525564,4072595.0,29586653.0,0.009323901176691234,7.25,7.32,7.2,7.27,2026-07-29,7.26,2.391880035110817
603988,中电电机,2026-07-30,54.97690659173316,60.19585781079737,53.375637467702106,59.03938566566383,25844290.0,499636135.0,0.10988218537414966,18.54,20.3,18.0,19.91,2026-07-29,18.62,2.965313192650117
603989,艾华集团,2026-07-30,64.94253935006171,66.98936646576404,59.30744741423923,61.0005019420424,23121492.0,571968162.0,0.05798059109604983,25.7,26.51,23.47,24.14,2026-07-29,26.01,2.5269470564226344
603990,麦迪科技,2026-07-30,59.543380841022056,60.77107941506376,53.803890007377156,55.24643583187614,21131211.0,390762467.0,0.06922695265502599,19.4,19.8,17.53,18.0,2026-07-29,19.4,3.06924643510423
603991,领先股份,2026-07-30,123.79112888163755,127.65960165918872,116.77261398522329,116.90524733759645,3719502.0,406796956.0,0.041541740888726746,112.0,115.5,105.65,105.77,2026-07-29,113.99,1.1052779364431924
603992,松霖科技,2026-07-30,26.353025903194293,26.728522386270892,25.727198431399955,25.943393376201637,2302735.0,53055522.0,0.00519755674532034,23.16,23.49,22.61,22.8,2026-07-29,23.14,1.1378681305351594
603993,洛阳钼业,2026-07-30,67.95351270379098,68.94968985337535,65.92558064927994,67.4554241289988,185706156.0,3515043018.0,0.010635578406135179,19.1,19.38,18.53,18.96,2026-07-29,19.08,3.557775534229894
603995,甬金股份,2026-07-30,33.80962686751319,34.960304859000125,33.505035634472534,34.04653115987815,4938300.0,99476540.0,0.013581326714519152,19.98,20.66,19.8,20.12,2026-07-29,19.98,1.692173516892552
603997,继峰股份,2026-07-30,20.996450024251846,22.16770400427574,20.996450024251846,21.961012125447997,25589207.0,322279934.0,0.020113113019208553,12.19,12.87,12.19,12.75,2026-07-29,12.12,1.7224323235645487
603998,方盛制药,2026-07-30,44.21884539792776,45.45507118324617,44.076203961160246,44.979599727354476,10055900.0,95106117.0,0.022902133672902898,9.3,9.56,9.27,9.46,2026-07-29,9.33,4.754714558916963
603999,读者传媒,2026-07-30,13.716720028499145,14.097740029290787,13.665917361726924,13.767522695271364,7810140.0,42803759.0,0.013559270833333333,5.4,5.55,5.38,5.42,2026-07-29,5.44,2.5401333386109526
605001,威奥股份,2026-07-30,7.370542134407847,7.543289215683031,7.24098182345146,7.312959773982786,5043670.0,25902613.0,0.012837489755297974,5.12,5.24,5.03,5.08,2026-07-29,5.15,1.4395590106265326
605003,众望布艺,2026-07-30,27.377212242512645,27.881345051070422,26.256917112384247,26.719038853562207,951700.0,18324610.0,0.008651818181818182,19.55,19.91,18.75,19.08,2026-07-29,19.65,1.4003689126604932
605005,合兴股份,2026-07-30,15.41950254916365,15.827481246190366,15.409041556932195,15.503190487015283,856100.0,12773054.0,0.0021349127182044886,14.74,15.13,14.73,14.82,2026-07-29,14.87,1.0460992231454307
605006,山东玻纤,2026-07-30,16.751171057881823,17.036628659178028,15.622315998210468,16.08942843669517,38369033.0,481752531.0,0.05870403373613833,12.91,13.13,12.04,12.4,2026-07-29,12.99,1.2975345513463845
605007,XD五洲特,2026-07-30,16.509648379054376,16.71333884606868,16.112987995921248,16.509648379054376,4064300.0,62255340.0,0.008564045703654608,15.4,15.59,15.03,15.4,2026-07-29,15.47,1.0720550895489853
605008,长鸿高科,2026-07-30,17.286710341887623,17.54579509305663,16.495062491093435,16.76854083954961,3597486.0,42429514.0,0.005569187807264588,12.01,12.19,11.46,11.65,2026-07-29,12.08,1.4393597287167046
605009,豪悦护理,2026-07-30,55.74700466526853,57.279163355857314,55.29914289417336,56.336296469341136,1630003.0,39155228.0,0.0075829099072922115,23.65,24.3,23.46,23.9,2026-07-29,23.65,2.3571672162904242
605011,杭州热电,2026-07-30,17.30511486373965,17.560034402808906,16.883517164509733,16.981563141074833,7855700.0,137878816.0,0.019634341414646338,17.65,17.91,17.22,17.32,2026-07-29,17.82,0.9804597656509718
605016,百龙创园,2026-07-30,73.20698787197337,74.67801328026013,67.1037973482304,67.57327354236446,10176458.0,227134872.0,0.02422895118886036,23.39,23.86,21.44,21.59,2026-07-29,22.48,3.129841294227164
605018,长华集团,2026-07-30,13.04301362576015,13.335861945509514,12.479843780088295,12.558687558482355,8300200.0,94693975.0,0.017657528209035198,11.58,11.84,11.08,11.15,2026-07-29,11.72,1.126339691343709
605020,永和股份,2026-07-30,47.62109098280134,47.76784318921983,45.39045744524023,45.69863707871907,13649635.0,432238286.0,0.027140552753153926,32.45,32.55,30.93,31.14,2026-07-29,32.56,1.4675220641849411
605028,世茂能源,2026-07-30,30.49086240756219,30.63505346296354,29.392792062582686,30.02501438241937,2997500.0,81024589.0,0.018734375,27.49,27.62,26.5,27.07,2026-07-29,26.95,1.1091619646257618
605033,美邦股份,2026-07-30,18.189816776490773,19.571321848122984,17.90723619365691,19.571321848122984,4204800.0,76486201.0,0.03110059171597633,17.38,18.7,17.11,18.7,2026-07-29,17.0,1.0465947512365232
605050,福然德,2026-07-30,11.90790082614106,12.025104574429848,11.790697077852268,11.872739701654423,2387900.0,24243605.0,0.004845289386384772,10.16,10.26,10.06,10.13,2026-07-29,10.16,1.1720374828878994
605055,迎丰股份,2026-07-30,8.405470089336388,8.41539390290113,7.909279411099292,7.958898478923001,4676500.0,38251592.0,0.010628409090909091,8.47,8.48,7.97,8.02,2026-07-29,8.47,0.9923813564741898
605056,咸亨国际,2026-07-30,15.45731277506027,15.513726325334213,14.836763722046902,14.836763722046902,6195853.0,83164695.0,0.015359339225351345,13.7,13.75,13.15,13.15,2026-07-29,13.7,1.1282710054788518
605058,澳弘电子,2026-07-30,25.62587220700698,26.064483626895846,24.737684081732027,24.978920362670905,2335460.0,54029504.0,0.01634044456285921,23.37,23.77,22.56,22.78,2026-07-29,23.66,1.0965285497221644
605060,联德股份,2026-07-30,40.5472449206757,40.58019230278893,36.96696273103857,37.34036639498846,5816552.0,202115628.0,0.024343108155841373,36.92,36.95,33.66,34.0,2026-07-29,37.02,1.098246070440837
605066,天正电气,2026-07-30,9.427177326645728,9.529487778252735,9.237172202232713,9.281019538635714,4860275.0,31183201.0,0.00967347644524831,6.45,6.52,6.32,6.35,2026-07-29,6.48,1.4615778801001127
605068,明新旭腾,2026-07-30,19.825314606701358,19.825314606701358,19.546084823508384,19.825314606701358,5951400.0,122509990.0,0.036692079047959104,20.59,20.59,20.3,20.59,2026-07-29,18.72,0.9628613213550927
605069,正和生态,2026-07-30,12.718544482474229,13.090664906203882,11.96101361988172,12.02746369554773,8179490.0,76381312.0,0.038637580787456355,9.57,9.85,9.0,9.05,2026-07-29,9.64,1.3290015133201911
605077,华康股份,2026-07-30,30.24155621220349,30.629268471334306,29.715375289097388,30.186168746613376,6603219.0,72053514.0,0.022052658278131045,10.92,11.06,10.73,10.9,2026-07-29,10.97,2.7693732795058144
605080,浙江自然,2026-07-30,28.097299270465875,28.744702479462784,27.86711146282253,27.939045152711078,2193700.0,43094718.0,0.015630076550823935,19.53,19.98,19.37,19.42,2026-07-29,19.51,1.43867379777091
605086,龙高股份,2026-07-30,32.78292394855809,33.25146060168621,31.87513418312236,32.299745525019716,1512200.0,33609027.0,0.008438616071428571,22.39,22.71,21.77,22.06,2026-07-29,22.46,1.4641770410253725
605088,冠盛股份,2026-07-30,22.874213242483567,23.105968189215925,22.38752785434562,22.5034053277118,4146600.0,81231057.0,0.020609969508368724,19.74,19.94,19.32,19.42,2026-07-29,19.81,1.1587747336617815
605089,味知香,2026-07-30,27.646090247399304,28.654020621002402,27.646090247399304,27.905272343468674,2203428.0,43152301.0,0.015966869565217392,19.2,19.9,19.2,19.38,2026-07-29,19.25,1.4399005337187138
605090,九丰能源,2026-07-30,51.01070683905685,51.80774913341711,48.06165034992387,48.39640811355519,22780716.0,708136709.0,0.03230374924928758,32.0,32.5,30.15,30.36,2026-07-29,32.18,1.5940845887205266
605098,行动教育,2026-07-30,100.4883433073569,102.40477295192595,99.15748938751729,99.92051230155866,1153840.0,65471769.0,0.009675717875977664,56.63,57.71,55.88,56.31,2026-07-29,56.5,1.7744718931194932
605099,共创草坪,2026-07-30,33.54202396065141,34.441217869820996,33.41655504309287,34.08572260340512,2146277.0,69872261.0,0.005346081815571259,32.08,32.94,31.96,32.6,2026-07-29,32.49,1.045574312987887
605100,华丰股份,2026-07-30,97.32448156778007,98.20040190189009,89.24654959765434,92.10140105697587,4921180.0,142632269.0,0.02068550109119278,30.0,30.27,27.51,28.39,2026-07-29,29.86,3.244149385592669
605108,同庆楼,2026-07-30,16.940573967286426,17.81211475016933,16.940573967286426,17.376344358727877,10254600.0,131492878.0,0.03944076923076923,12.44,13.08,12.44,12.76,2026-07-29,12.47,1.3617824732545358
605111,新洁能,2026-07-30,189.66268882378827,190.66714414572246,171.6901132420372,171.6901132420372,25656026.0,1272116697.0,0.061772247202565266,52.87,53.15,47.86,47.86,2026-07-29,53.18,3.5873404354792564
605116,奥锐特,2026-07-30,19.810006490198155,20.270704315551598,19.554063253890686,19.717866925127467,2320208.0,44998663.0,0.005712220017431837,19.35,19.8,19.1,19.26,2026-07-29,19.46,1.0237729452298787
605117,德业股份,2026-07-30,644.8635650609224,658.4492810723846,628.9117973845426,635.2467099067413,10035260.0,844386370.0,0.00788172744479031,84.49,86.27,82.4,83.23,2026-07-29,85.13,7.632424725540566
605118,力鼎光电,2026-07-30,31.20547995473875,31.238167259160615,29.48394858852062,29.843508937161115,2622528.0,73000147.0,0.0064141111384222555,28.64,28.67,27.06,27.39,2026-07-29,28.68,1.0895768140621072
605122,四方新材,2026-07-30,14.297661012608677,14.53595536281882,13.961245459370828,14.073383977116775,2797500.0,28458899.0,0.016231128955521774,10.2,10.37,9.96,10.04,2026-07-29,10.22,1.40173147182438
605123,派克新材,2026-07-30,78.51063083963032,80.38218464831576,78.33188693655362,79.07840559057982,1640739.0,123821174.0,0.013540702498088402,74.67,76.45,74.5,75.21,2026-07-29,75.19,1.0514347239805855
605128,上海沿浦,2026-07-30,76.30678616585307,79.36780337594459,76.30678616585307,77.87373545197134,4394012.0,94010251.0,0.01399425962388482,20.94,21.78,20.94,21.37,2026-07-29,21.18,3.6440681072518175
605133,嵘泰股份,2026-07-30,33.05141563712009,33.32684410076275,30.61387373388248,31.48147339435688,7019216.0,161341326.0,0.02488041604361793,24.0,24.2,22.23,22.86,2026-07-29,24.19,1.3771423182133369
605136,丽人丽妆,2026-07-30,7.612163621871583,7.77351871111325,7.469791484305407,7.536231815169623,27692923.0,222439443.0,0.0691530408269521,8.02,8.19,7.87,7.94,2026-07-29,8.36,0.9491475837745117
605138,盛泰集团,2026-07-30,5.795565788477746,5.880018477563032,5.7005565132567995,5.785009202342086,4878100.0,26838011.0,0.008780325159842561,5.49,5.57,5.4,5.48,2026-07-29,5.45,1.055658613566074
605151,西上海,2026-07-30,17.722057471711445,17.743243434020723,17.054699658969174,17.277152263216596,2015800.0,33123866.0,0.014981321061779837,16.73,16.75,16.1,16.31,2026-07-29,16.53,1.0592981154639238
605155,西大门,2026-07-30,24.57415793589903,25.07022013025724,24.154413002211314,24.47876136006091,3181400.0,40993233.0,0.017028451226659743,12.88,13.14,12.66,12.83,2026-07-29,12.88,1.907931516762347
605158,华达新材,2026-07-30,9.471800282477007,9.628949306771498,9.343223808054242,9.428941457669417,2249300.0,14956749.0,0.004398146337648117,6.63,6.74,6.54,6.6,2026-07-29,6.65,1.4286274935862755
605162,新中港,2026-07-30,9.112144944864973,9.239587531506439,8.602374598299098,8.6979565382802,37829597.0,316506679.0,0.08542376002766341,8.58,8.7,8.1,8.19,2026-07-29,8.74,1.0620215553455679
605166,聚合顺,2026-07-30,9.075319560888257,9.216781376585557,8.933857745190958,9.064437882757694,3516494.0,29390110.0,0.011172908767879576,8.34,8.47,8.21,8.33,2026-07-29,8.37,1.0881678130561458
605167,利柏特,2026-07-30,14.084432242889662,14.477486165947047,13.855150787772851,13.975250597595943,4948800.0,63945960.0,0.009705287895751558,12.9,13.26,12.69,12.8,2026-07-29,12.94,1.091816452937183
605168,三人行,2026-07-30,120.26793947218448,122.92460440380886,112.04663853513068,112.8723587165815,5505058.0,178386220.0,0.02611297175076775,33.5,34.24,31.21,31.44,2026-07-29,33.68,3.5900877454383426
605169,洪通燃气,2026-07-30,19.215182996183753,19.78612593357036,19.09705687120721,19.25455837117593,2828200.0,27888751.0,0.009997878959276018,9.76,10.05,9.7,9.78,2026-07-29,9.86,1.968768749608991
605177,东亚药业,2026-07-30,15.695981090195913,16.043871153472747,15.245770420072954,15.450411633765208,2398000.0,36750715.0,0.021099438415305826,15.34,15.68,14.9,15.1,2026-07-29,15.32,1.023206068461272
605178,时空科技,2026-07-30,89.57911724725041,91.66130743075672,80.75602359196102,80.75602359196102,4772600.0,265278822.0,0.04816915623738393,59.8,61.19,53.91,53.91,2026-07-29,59.9,1.4979785492851239
605179,一鸣食品,2026-07-30,16.374253804916876,16.374253804916876,16.374253804916876,16.374253804916876,2784500.0,49035045.0,0.006943890274314215,17.61,17.61,17.61,17.61,2026-07-29,16.01,0.929827019018562
605180,华生科技,2026-07-30,19.974479335259577,20.518249190121455,19.64821742234245,19.93822801160212,1767900.0,19636316.0,0.01046094674556213,11.02,11.32,10.84,11.0,2026-07-29,11.02,1.81256618287292
605183,确成股份,2026-07-30,15.844851130635108,16.16708162347411,15.833739734330315,16.067079056730975,1451700.0,20923749.0,0.003519874775187305,14.26,14.55,14.25,14.46,2026-07-29,14.26,1.1111396304793204
605186,健麾信息,2026-07-30,25.023533193701212,25.51676972182936,24.058981760917284,24.22339393696,3452557.0,77114505.0,0.025386448529411763,22.83,23.28,21.95,22.1,2026-07-29,23.18,1.0960811736180995
605188,国光连锁,2026-07-30,11.963756559953056,12.480245265445534,11.597519114240207,11.653863336657569,30449900.0,390169606.0,0.059970674342412995,12.74,13.29,12.35,12.41,2026-07-29,12.55,0.9390703736226889
605189,富春染织,2026-07-30,26.66145380569357,28.736685698221166,26.11626576613123,28.666338854406675,31174607.0,492402717.0,0.13085657011879354,15.16,16.34,14.85,16.3,2026-07-29,15.3,1.7586710953623725
605196,华通线缆,2026-07-30,28.098113359895542,29.652290255114767,27.68542231992208,27.799570905446654,29280999.0,951112914.0,0.05798644989639345,32.0,33.77,31.53,31.66,2026-07-29,32.82,0.8780660424967357
605198,安德利,2026-07-30,55.897528276199324,57.439598565824014,52.1884964684746,52.1884964684746,4494100.0,245086617.0,0.016611837241624034,55.46,56.99,51.78,51.78,2026-07-29,56.15,1.0078890781860679
605208,永茂泰,2026-07-30,23.23003737931591,23.93094367955389,21.6079399416223,21.76814709596241,16018072.0,180879099.0,0.048548439110141235,11.6,11.95,10.79,10.87,2026-07-29,11.6,2.0025894292513717
605218,伟时电子,2026-07-30,13.473848936468704,13.686035533893408,12.932773113035708,12.943382442906943,3037000.0,37801073.0,0.014269372870224447,12.7,12.9,12.19,12.2,2026-07-29,12.77,1.06093298712352
605222,起帆电缆,2026-07-30,19.430596802182453,19.461260553053858,18.204046767326112,18.244931768487994,8422400.0,152934174.0,0.020397776352724478,19.01,19.04,17.81,17.85,2026-07-29,18.64,1.0221250290469464
605228,神通科技,2026-07-30,11.173478562185531,11.325498678677851,10.749993951956926,10.836862589952538,8790873.0,89095887.0,0.018424276405327268,10.29,10.43,9.9,9.98,2026-07-29,10.38,1.085857974945144
605255,天普股份,2026-07-30,79.70812745801416,83.15338717964262,79.67309091847218,79.67309091847218,1457056.0,100291290.0,0.010867064439140811,68.25,71.2,68.22,68.22,2026-07-29,75.8,1.167884651399475
605258,协和电子,2026-07-30,26.66660867698893,27.088829981041254,25.66661085160185,25.82216606888428,1848888.0,43740164.0,0.02101009090909091,24.0,24.38,23.1,23.24,2026-07-29,24.23,1.1111086948745388
605259,绿田机械,2026-07-30,39.17963450271279,40.020779198251255,39.113228342538704,39.51166530358324,738140.0,13202950.0,0.0042795686456400745,17.7,18.08,17.67,17.85,2026-07-29,17.7,2.213538672469649
605266,健之佳,2026-07-30,49.00783911317731,49.90706551892367,48.88794225907779,49.66727181072465,1509921.0,24922340.0,0.00977023678495337,16.35,16.65,16.31,16.57,2026-07-29,16.33,2.9974213524879088
605268,王力安防,2026-07-30,9.903430407305779,10.056971964008193,9.738921596553192,9.815692374904398,2619820.0,23653004.0,0.005946702984905232,9.03,9.17,8.88,8.95,2026-07-29,8.99,1.0967254050172512
605277,新亚电子,2026-07-30,35.968715446360534,36.53886048789485,35.69603738301804,35.9191376166619,4497644.0,65493812.0,0.011781285364007405,14.51,14.74,14.4,14.49,2026-07-29,14.65,2.478891484931808
605286,同力天启,2026-07-30,22.975930845057153,23.494107003042206,22.395573548113894,22.530299349190006,1846000.0,40810554.0,0.010988095238095238,22.17,22.67,21.61,21.74,2026-07-29,22.44,1.0363523159701016
605287,德才股份,2026-07-30,49.14993564005574,50.747235277731974,44.69508160470185,46.248418867029194,5684260.0,185212809.0,0.04060185714285714,33.54,34.63,30.5,31.56,2026-07-29,33.36,1.4654125116295689
605288,凯迪股份,2026-07-30,94.08824427872524,95.43925496580438,85.29059135215043,85.3066748127109,1243860.0,68542962.0,0.01265648428800947,58.5,59.34,53.03,53.04,2026-07-29,58.92,1.6083460560465854
605289,罗曼股份,2026-07-30,168.66584558542388,169.44490260891314,151.7992610268815,151.81873745246875,6704880.0,542573540.0,0.0439957132381973,86.6,87.0,77.94,77.95,2026-07-29,86.6,1.9476425587231396
605296,神农集团,2026-07-30,39.38197269473622,41.019559794618765,39.262149248403354,39.781384182512454,3934490.0,118302679.0,0.00759576902948459,29.58,30.81,29.49,29.88,2026-07-29,29.57,1.3313716259207649
605298,必得科技,2026-07-30,80.98516876078617,82.68024911338334,76.51304187308298,78.08189283772079,1159839.0,50795829.0,0.006227290054818498,44.91,45.85,42.43,43.3,2026-07-29,45.46,1.8032769708480554
605299,舒华体育,2026-07-30,12.671584320473881,12.948740582951439,12.084013044021463,12.194875549012485,19634015.0,221114887.0,0.0481628031414899,11.43,11.68,10.9,11.0,2026-07-29,11.57,1.108625049910226
605300,佳禾食品,2026-07-30,9.63789289806176,9.975884891298783,9.62765071644852,9.678861624514733,7651201.0,73299883.0,0.01683808235877982,9.41,9.74,9.4,9.45,2026-07-29,9.41,1.0242181613243104
605303,园林股份,2026-07-30,20.222556306380415,20.596031001881194,18.992286721201378,19.00327127106905,3278200.0,58425511.0,0.020331510166672985,18.41,18.75,17.29,17.3,2026-07-29,18.58,1.098454986766997
605305,中际联合,2026-07-30,76.67025362987788,79.34479736115267,76.16635408630435,76.61211137485016,4300985.0,171906181.0,0.02023802465650292,39.56,40.94,39.3,39.53,2026-07-29,39.9,1.9380751675904415
605318,法狮龙,2026-07-30,82.46055060862173,83.09801483199043,75.88100916028057,75.88100916028057,1762700.0,120938388.0,0.014019833192379408,72.44,73.0,66.66,66.66,2026-07-29,72.74,1.1383289703012387
605319,无锡振华,2026-07-30,34.40465379473409,34.632499184103196,33.59960008562994,34.28313625373724,2245820.0,50381601.0,0.006450693819252014,22.65,22.8,22.12,22.57,2026-07-29,22.57,1.5189692624606663
605333,沪光股份,2026-07-30,16.846742418473468,17.420034548534954,16.746164851796014,17.309399225189757,3437338.0,58807599.0,0.007407410983085814,16.75,17.32,16.65,17.21,2026-07-29,16.78,1.0057756667745354
605337,李子园,2026-07-30,26.109158391083046,27.119492422509882,25.205175310332717,25.524228162362245,23749924.0,235084572.0,0.060881216308980086,9.82,10.2,9.48,9.6,2026-07-29,9.75,2.658773766912734
605338,巴比食品,2026-07-30,21.656826006903447,22.815187964273218,21.47512217045329,21.895312292244284,3979889.0,77865635.0,0.016612866609962616,19.07,20.09,18.91,19.28,2026-07-29,19.12,1.1356489778135002
605339,南侨食品,2026-07-30,12.716706851034424,12.960135389530489,12.093529792484498,12.171426924803239,6443333.0,82750138.0,0.015186131290728334,13.06,13.31,12.42,12.5,2026-07-29,13.02,0.9737141539842591
605358,立昂微,2026-07-30,61.79510414144052,62.138757400063284,55.609345486230595,55.734310307547965,49293966.0,1822100389.0,0.06383580163823832,39.56,39.78,35.6,35.68,2026-07-29,39.41,1.5620602664671515
605365,立达信,2026-07-30,14.01726557887975,14.273874559728807,13.685812311949718,13.739272516293271,3733830.0,48784466.0,0.007437717593522441,13.11,13.35,12.8,12.85,2026-07-29,13.17,1.0692040868710717
605366,宏柏新材,2026-07-30,14.652771355342011,14.754810153081163,13.673198897046168,13.958907530715788,24866949.0,171498159.0,0.03217657571021328,7.18,7.23,6.7,6.84,2026-07-29,7.16,2.04077595478301
605368,蓝天燃气,2026-07-30,12.8108775405707,13.001232333149758,12.71570014428117,12.8108775405707,5448600.0,36777589.0,0.007624301949615841,6.73,6.83,6.68,6.73,2026-07-29,6.73,1.9035479257905943
605369,拱东医疗,2026-07-30,47.60281004558412,48.32134302740426,47.30342130315907,47.60281004558412,1176760.0,18806261.0,0.0053369507067548,15.9,16.14,15.8,15.9,2026-07-29,15.94,2.9938874242505737
605376,博迁新材,2026-07-30,145.49695728519447,151.4817958323559,131.02270069802577,133.89944662153533,21233953.0,2925309122.0,0.08116954510703364,144.65,150.6,130.26,133.12,2026-07-29,144.58,1.0058552180103315
605377,华旺科技,2026-07-30,27.22657885586516,27.870450653132238,26.30676200262647,26.46006481149959,7699656.0,67788739.0,0.013831627882091234,8.88,9.09,8.58,8.63,2026-07-29,8.93,3.0660561774622925
605378,野马电池,2026-07-30,29.073307990981064,31.65274433905307,28.854711690296995,30.01327208392256,5774636.0,79688486.0,0.02209571664273929,13.3,14.48,13.2,13.73,2026-07-29,13.35,2.1859630068406815
605388,均瑶健康,2026-07-30,7.936060469781942,8.288172367758614,7.908974939168351,8.288172367758614,14819904.0,89647630.0,0.024679931521905663,5.86,6.12,5.84,6.12,2026-07-29,5.56,1.3542765306795121
605389,长龄液压,2026-07-30,144.12019202280646,144.22313501710846,133.08470303363157,134.34060756411603,1158370.0,77187362.0,0.006539040380455556,70.0,70.05,64.64,65.25,2026-07-29,69.61,2.0588598860400924
605398,新炬网络,2026-07-30,54.16671350620064,55.99762165903633,53.800531875633496,54.138545688464696,1365240.0,26623612.0,0.0083903047031301,19.23,19.88,19.1,19.22,2026-07-29,19.42,2.8167817735933767
605399,晨光新材,2026-07-30,17.830407817194715,18.210162953260728,17.61340488229985,17.739989927655188,3998520.0,39602683.0,0.01285514619164992,9.86,10.07,9.74,9.81,2026-07-29,9.95,1.808357790790539
605488,福莱新材,2026-07-30,50.41233761396601,50.913627611856725,48.494358491601545,49.14821501058943,5359340.0,121692772.0,0.019419439792857474,23.13,23.36,22.25,22.55,2026-07-29,23.39,2.17952172995962
605499,东鹏饮料,2026-07-30,244.33272102332953,253.66928056147285,237.06515698805222,240.2816626017515,15500736.0,2187114967.0,0.022929509602496623,140.53,145.9,136.35,138.2,2026-07-29,142.56,1.738651683080691
605500,森林包装,2026-07-30,14.563905326845612,14.950155546122328,14.518464124577763,14.677508332515234,4876746.0,31692565.0,0.01176820945945946,6.41,6.58,6.39,6.46,2026-07-29,6.47,2.272060113392451
605507,国邦医药,2026-07-30,24.369904353314027,24.821756720804398,24.143978169568843,24.550645300310176,4720820.0,76890102.0,0.00603413114465352,16.18,16.48,16.03,16.3,2026-07-29,16.29,1.5061745583012378
605555,德昌股份,2026-07-30,30.705642080367898,31.666909945137913,30.540853303550183,30.733106876504184,4173415.0,47334451.0,0.00862152844974345,11.18,11.53,11.12,11.19,2026-07-29,11.27,2.7464796136286136
605566,福莱蒽特,2026-07-30,24.66979334558241,25.024522400224775,23.07888728233788,23.250877127012963,4533349.0,100481666.0,0.033998417579121046,22.95,23.28,21.47,21.63,2026-07-29,23.22,1.0749365292192772
605567,春雪食品,2026-07-30,8.445924894751979,8.721335489146067,8.384722540442183,8.486726464291845,5057146.0,42420477.0,0.02528573,8.28,8.55,8.22,8.32,2026-07-29,8.27,1.020039238496616
605577,龙版传媒,2026-07-30,9.669681655810361,9.946838136390912,9.669681655810361,9.823657478355113,3256000.0,31195487.0,0.0073259999908425,9.42,9.69,9.42,9.57,2026-07-29,9.42,1.0265054836316732
605580,恒盛能源,2026-07-30,27.177736105263623,27.671876761722963,26.156512081914325,26.38711105492868,5954200.0,96949098.0,0.021265,16.5,16.8,15.88,16.02,2026-07-29,16.58,1.6471355215311287
605588,冠石科技,2026-07-30,40.49384562203085,40.93321866309754,38.73635345776405,38.787443346260176,1925200.0,74748238.0,0.026336683472011548,39.63,40.06,37.91,37.96,2026-07-29,40.22,1.0217977699225547
605589,圣泉集团,2026-07-30,39.78562794019347,40.52811023020569,37.36399339430745,37.87801959508514,36145147.0,1219031761.0,0.04272885120851725,34.83,35.48,32.71,33.16,2026-07-29,35.23,1.1422804461726521
605598,上海港湾,2026-07-30,35.73869891225435,36.10145468684077,34.12806327309063,34.34571673784249,4619500.0,110936488.0,0.019008973161193966,24.63,24.88,23.52,23.67,2026-07-29,24.71,1.4510230983456902
605599,菜百股份,2026-07-30,17.4306250093795,18.500733000461658,17.4306250093795,18.423508712445418,11286478.0,186098063.0,0.014511185585394697,15.8,16.77,15.8,16.7,2026-07-29,15.93,1.1032041145176898
