code,name,date,open,high,low,close,volume,amount,turnover,raw_open,raw_high,raw_low,raw_close,raw_prev_date,raw_prev_close,scale
000001,平安银行,2026-07-17,1568.6880873592472,1587.658268880801,1564.3103531619656,1573.0658215565286,107549901.0,1163189279.0,0.00554220933034471,10.75,10.88,10.72,10.78,2026-07-16,10.77,145.92447324272067
000002,万  科Ａ,2026-07-17,541.2682807736282,551.4170610381337,520.9707202446172,524.3536469994524,192498548.0,606470469.0,0.019810622471366904,3.2,3.26,3.08,3.1,2026-07-16,3.23,169.14633774175883
000006,深振业Ａ,2026-07-17,336.5376970091192,341.7152000400287,314.2744339762083,314.2744339762083,25352266.0,158773758.0,0.01877952521019844,6.5,6.6,6.07,6.07,2026-07-16,6.56,51.775030309095264
000007,全新好,2026-07-17,121.58491717188228,122.78992130639053,110.37837872095557,113.39088905722619,10321300.0,99737514.0,0.02979176871900596,10.09,10.19,9.16,9.41,2026-07-16,10.1,12.050041345082485
000008,神州高铁,2026-07-17,62.66004049366919,64.27360376818427,61.31540443157328,61.58433164399246,45546518.0,105887981.0,0.0167678714090756,2.33,2.39,2.28,2.29,2026-07-16,2.35,26.892721241918107
000009,中国宝安,2026-07-17,63.49531311797038,65.0290163333803,61.85936302153314,61.85936302153314,30123333.0,185959238.0,0.011693747549478417,6.21,6.36,6.05,6.05,2026-07-16,6.21,10.22468810273275
000011,深物业A,2026-07-17,31.46696320310663,32.082106844671124,31.13573201149498,31.372325719789014,5551100.0,36971768.0,0.010543889595266535,6.65,6.78,6.58,6.63,2026-07-16,6.68,4.731874165880696
000012,南  玻Ａ,2026-07-17,139.52758670259274,142.0843749405984,138.43182031487606,139.1623312400205,37798783.0,145476086.0,0.01929181993281925,3.82,3.89,3.79,3.81,2026-07-16,3.85,36.52554625722323
000014,沙河股份,2026-07-17,113.00891589321466,115.52022513528608,106.84479320813021,106.95894362822436,21021240.0,204556795.0,0.08684803940589464,9.9,10.12,9.36,9.37,2026-07-16,10.0,11.415042009415622
000017,深中华A,2026-07-17,18.868900561909886,19.161693846491247,17.76279259793586,17.827857772287274,14597200.0,81917729.0,0.03311359601509499,5.8,5.89,5.46,5.48,2026-07-16,5.85,3.25325871757067
000019,深粮控股,2026-07-17,39.275902996004874,39.790153771729976,38.633089526348485,38.89021491421104,5901900.0,36021038.0,0.014180223804195305,6.11,6.19,6.01,6.05,2026-07-16,6.15,6.428134696563808
000020,深华发Ａ,2026-07-17,25.169637844242214,25.626830118659612,23.870249274845385,24.03868853384127,3809300.0,39038405.0,0.02102664299717157,10.46,10.65,9.92,9.99,2026-07-16,10.47,2.4062751285126396
000021,深科技,2026-07-17,712.374162400049,717.3442146958632,646.2724668657188,646.2724668657188,160162027.0,6514397021.0,0.10174472525771563,43.0,43.3,39.01,39.01,2026-07-16,43.34,16.56684098604765
000025,特  力Ａ,2026-07-17,38.02083897716785,39.460812485407274,37.71622919657874,37.771612793049485,7393061.0,103120749.0,0.018822477269112,13.73,14.25,13.62,13.64,2026-07-16,13.81,2.7691798235373524
000026,飞亚达,2026-07-17,183.34987084710033,184.37131859555217,168.74316804423944,173.03324858773706,8261000.0,141813356.0,0.022660147548035574,17.95,18.05,16.52,16.94,2026-07-16,18.0,10.214477484518126
000027,深圳能源,2026-07-17,151.46170948737833,154.65814166811847,150.72407129182292,152.44522708145223,37465681.0,233364352.0,0.007875259682624678,6.16,6.29,6.13,6.2,2026-07-16,6.16,24.587939851847132
000028,国药一致,2026-07-17,121.09280224060751,122.39915048241518,117.96892601019783,118.02572375984165,5804806.0,122640650.0,0.011038730055968423,21.32,21.55,20.77,20.78,2026-07-16,21.52,5.679774964381215
000029,深深房Ａ,2026-07-17,48.53861906339445,51.36143237062732,48.400920853285534,48.469769958339995,6686381.0,144229421.0,0.007498801112531682,21.15,22.38,21.09,21.12,2026-07-16,21.37,2.294970168482007
000030,富奥股份,2026-07-17,17.940717601776125,18.237608909606934,17.643826293945313,17.72865238189697,17552282.0,74327080.0,0.010504649133269352,4.23,4.3,4.16,4.18,2026-07-16,4.26,4.241304397583008
000031,大悦城,2026-07-17,42.11033720380805,42.87947578287304,39.61063682184684,39.99520611137934,48209700.0,102817920.0,0.011247380520743805,2.19,2.23,2.06,2.08,2026-07-16,2.2,19.22846447662468
000032,深桑达Ａ,2026-07-17,73.511259325475,74.40514261779403,65.8919684052318,65.8919684052318,51473192.0,838384465.0,0.04523289627789953,17.27,17.48,15.48,15.48,2026-07-16,17.2,4.256587106281123
000034,神州数码,2026-07-17,119.12332509736518,123.44103432447304,110.85150320964276,111.8513937674993,62684275.0,1611847657.0,0.07382021351236032,26.21,27.16,24.39,24.61,2026-07-16,26.93,4.544957081166165
000035,中国天楹,2026-07-17,21.649070020052783,21.88697188840501,20.69746254664387,20.74504292031432,34006761.0,151875666.0,0.014702283807002394,4.55,4.6,4.35,4.36,2026-07-16,4.55,4.758037367044568
000036,华联控股,2026-07-17,50.113636363636374,50.79545454545455,46.81818181818183,47.15909090909092,47882399.0,203832791.0,0.034129037468213996,4.41,4.47,4.12,4.15,2026-07-16,4.4,11.363636363636365
000037,深南电A,2026-07-17,48.9492659649062,54.06161427096483,48.59669021966078,54.06161427096483,36124101.0,326741480.0,0.10658964973253078,8.33,9.2,8.27,9.2,2026-07-16,8.36,5.8762624207570475
000039,中集集团,2026-07-17,391.5100765228272,399.30908203125006,382.6712036132813,387.350606918335,43547128.0,327439487.0,0.018921957451247865,7.53,7.68,7.36,7.45,2026-07-16,7.53,51.99337005615235
000042,中洲控股,2026-07-17,111.1798227483576,112.26055006547408,105.91127707741477,105.91127707741477,8998191.0,72371551.0,0.01354962655978464,8.23,8.31,7.84,7.84,2026-07-16,8.28,13.509091463955965
000045,深纺织Ａ,2026-07-17,27.88368442694206,28.275987346368733,26.887838554551273,26.948192849847683,6285058.0,57330283.0,0.013752204656631198,9.24,9.37,8.91,8.93,2026-07-16,9.27,3.0177147648205693
000048,京基智农,2026-07-17,214.4826120637704,219.6546829255444,196.53869274741166,196.53869274741166,22059172.0,426451377.0,0.04167590665266712,20.32,20.81,18.62,18.62,2026-07-16,20.69,10.555246656681614
000049,德赛电池,2026-07-17,231.28911396669943,235.37683772361194,222.4482230505864,222.92353976650645,9751622.0,234643346.0,0.025359526440024052,24.33,24.76,23.4,23.45,2026-07-16,24.51,9.506334318401128
000050,深天马Ａ,2026-07-17,55.93500251770019,56.019752521514896,52.37550235748291,52.46025236129761,59244035.0,378336049.0,0.024322642937579644,6.6,6.61,6.18,6.19,2026-07-16,6.62,8.475000381469727
000055,方大集团,2026-07-17,35.16748039109712,35.58366359099176,33.81488499143954,34.02297659138686,13941711.0,46367995.0,0.020628274968366007,3.38,3.42,3.25,3.27,2026-07-16,3.38,10.404579997366012
000058,深 赛 格,2026-07-17,29.323567940486416,30.031866683010243,28.615269197962586,28.851368778803867,8176443.0,50716179.0,0.008303154501531174,6.21,6.36,6.06,6.11,2026-07-16,6.26,4.72199161682551
000059,华锦股份,2026-07-17,8.048024966392987,8.250144314864043,8.029650480168346,8.10314842506691,36328471.0,161120065.0,0.022713627621681925,4.38,4.49,4.37,4.41,2026-07-16,4.38,1.8374486224641522
000060,中金岭南,2026-07-17,257.26046973313663,259.3418651193271,248.10233003389877,249.76744634285112,112625648.0,685401854.0,0.0253597615385794,6.18,6.23,5.96,6.0,2026-07-16,6.24,41.62790772380852
000061,农 产 品,2026-07-17,135.5427978370763,137.64968070501013,130.3926397154603,131.32903210120864,23142096.0,131914083.0,0.012897476110492329,5.79,5.88,5.57,5.61,2026-07-16,5.82,23.409809643709206
000062,深圳华强,2026-07-17,200.9909470403674,203.28704925053884,184.67222061807723,186.72231187715892,33714322.0,789862190.0,0.03226559433012655,24.51,24.79,22.52,22.77,2026-07-16,24.94,8.200365036326698
000063,中兴通讯,2026-07-17,717.7367280694185,723.0778533232068,663.0362384013105,663.0362384013105,349713063.0,12871408988.0,0.08682868692355727,38.97,39.26,36.0,36.0,2026-07-16,40.0,18.41767328892529
000065,北方国际,2026-07-17,162.06982981865045,166.6172436743926,160.06896772212392,160.61465738481294,19061069.0,171151534.0,0.01955057055499156,8.91,9.16,8.8,8.83,2026-07-16,8.91,18.189655422968624
000066,中国长城,2026-07-17,186.09657938887432,187.71884097756936,170.45334264074356,170.45334264074356,211027842.0,3224367697.0,0.06542383550050732,16.06,16.2,14.71,14.71,2026-07-16,16.34,11.587582776393171
000068,华控赛格,2026-07-17,6.223043607628863,6.382608828337296,6.063478386920432,6.109068449979984,18289760.0,49861942.0,0.01816854917822524,2.73,2.8,2.66,2.68,2026-07-16,2.73,2.2795031529776058
000069,华侨城Ａ,2026-07-17,83.19673522637812,85.14285768781387,79.79102091886557,80.2775515342245,60290100.0,101750187.0,0.008739466621489859,1.71,1.75,1.64,1.65,2026-07-16,1.71,48.65306153589364
000070,特发信息,2026-07-17,51.03164439449543,51.41481715104113,46.36390354202964,47.02574739424493,62063870.0,860242273.0,0.07244299179299513,14.65,14.76,13.31,13.5,2026-07-16,14.78,3.483388695869995
000088,盐 田 港,2026-07-17,38.758109453562135,39.38180316890681,38.401713044793745,38.49081214698585,38451628.0,168372102.0,0.012157134821036577,4.35,4.42,4.31,4.32,2026-07-16,4.34,8.909910219209687
000089,深圳机场,2026-07-17,50.11418291881364,51.706312784615584,49.96255150302297,49.96255150302297,30856406.0,207495340.0,0.015046522622850559,6.61,6.82,6.59,6.59,2026-07-16,6.63,7.581570789533076
000090,天健集团,2026-07-17,32.2609483299149,33.14615727799184,31.670809031196953,31.769165580983277,25129068.0,82481510.0,0.013449285610766491,3.28,3.37,3.22,3.23,2026-07-16,3.29,9.835654978632594
000096,广聚能源,2026-07-17,22.410503847687753,23.483192906373972,22.207562674422793,22.845377790398384,21481623.0,169973593.0,0.0420509094681784,7.73,8.1,7.66,7.88,2026-07-16,7.73,2.8991596180708608
000099,中信海直,2026-07-17,54.83559870550163,55.43511326860842,53.47669902912622,53.59660194174758,9258945.0,125988348.0,0.011935165532158142,13.72,13.87,13.38,13.41,2026-07-16,13.72,3.996763754045308
000100,TCL科技,2026-07-17,18.678481411833303,19.0550636983622,18.264240896651515,18.829114326444863,915428408.0,4550229056.0,0.0455022147188139,4.96,5.06,4.85,5.0,2026-07-16,4.98,3.7658228652889725
000151,中成股份,2026-07-17,25.686465773919615,26.072728417136446,24.969120865088346,25.107071809094357,7581386.0,70028957.0,0.024620109793084537,9.31,9.45,9.05,9.1,2026-07-16,9.31,2.759018880120259
000153,丰原药业,2026-07-17,48.1488311848742,48.90377801529905,46.135639637074576,46.47117156170785,13257482.0,74603851.0,0.028891680485095494,5.74,5.83,5.5,5.54,2026-07-16,5.79,8.388298115831741
000155,川能动力,2026-07-17,17.692072084971837,18.03137209756034,17.4820292200361,17.4820292200361,35897611.0,395189367.0,0.01944438661596332,10.95,11.16,10.82,10.82,2026-07-16,10.94,1.6157143456595287
000156,华数传媒,2026-07-17,13.420937042459737,13.618594436310396,13.045387994143486,13.065153733528552,11782300.0,79453694.0,0.006931270782425486,6.79,6.89,6.6,6.61,2026-07-16,6.78,1.9765739385065888
000157,中联重科,2026-07-17,678.9879123450969,682.7237468009158,667.78040897764,671.5162434334591,51207498.0,370170151.0,0.007243266078516597,7.27,7.31,7.15,7.19,2026-07-16,7.28,93.39586139547413
000158,常山北明,2026-07-17,37.73870898798893,38.27065633472644,35.52226170991597,35.75868275291042,35866296.0,445034668.0,0.022587086139019538,12.77,12.95,12.02,12.1,2026-07-16,12.84,2.9552630374306132
000159,国际实业,2026-07-17,17.702623845536916,17.99230314482752,16.897959125285237,17.123265246955707,12498438.0,67541049.0,0.02600219939941019,5.5,5.59,5.25,5.32,2026-07-16,5.5,3.218658881006712
000166,申万宏源,2026-07-17,7.296711817890608,7.359750364913421,7.202153997356389,7.217913634112092,115455953.0,533989666.0,0.005123290608950585,4.63,4.67,4.57,4.58,2026-07-16,4.64,1.5759636755703257
000301,东方盛虹,2026-07-17,26.616135852505458,27.177954023534596,26.101135862395417,26.686363123884103,27110743.0,309127982.0,0.004102483805519023,11.37,11.61,11.15,11.4,2026-07-16,11.35,2.3409090459547457
000333,美的集团,2026-07-17,464.4372436981516,470.8697361998633,458.9639825344144,466.6942586110328,46279515.0,3817607250.0,0.006734658787862393,82.31,83.45,81.34,82.71,2026-07-16,81.8,5.642537282203275
000338,潍柴动力,2026-07-17,594.4896800842382,598.0101479884087,563.9789582480951,577.3567362839425,122534575.0,3016508362.0,0.024722532353305578,25.33,25.48,24.03,24.6,2026-07-16,25.66,23.469786027802538
000400,许继电气,2026-07-17,165.221455145968,175.84876482369864,164.8063258616817,172.8598339768369,36622294.0,758404370.0,0.03619872336246643,19.9,21.18,19.85,20.82,2026-07-16,19.95,8.302585685727037
000401,金隅冀东,2026-07-17,27.170550484657287,27.694500494003297,26.87115047931671,27.020850481986997,11454099.0,41835413.0,0.004352928570304545,3.63,3.7,3.59,3.61,2026-07-16,3.62,7.485000133514404
000402,金 融 街,2026-07-17,92.37382676297386,95.37785364957465,89.36979987637308,89.74530323719819,58102778.0,141936691.0,0.019441119323407568,2.46,2.54,2.38,2.39,2026-07-16,2.48,37.5503360825097
000403,派林生物,2026-07-17,108.13830781866002,109.85991271925562,104.58749771118164,104.69509801746887,16691994.0,165794581.0,0.017744530731986743,10.05,10.21,9.72,9.73,2026-07-16,10.12,10.76003062872239
000404,长虹华意,2026-07-17,34.30692984326051,35.08455358637442,33.34633580764922,33.43782095389791,12453025.0,92996965.0,0.017976782459687975,7.5,7.67,7.29,7.31,2026-07-16,7.56,4.574257312434735
000407,胜利股份,2026-07-17,49.592412729732324,50.62023475521901,48.43611295105981,49.20697947017482,15770840.0,60876139.0,0.018007872211325496,3.86,3.94,3.77,3.83,2026-07-16,3.88,12.847775318583505
000408,藏格矿业,2026-07-17,507.2501213980855,513.2974871085195,493.9167729039962,499.818418958757,13001410.0,895765532.0,0.00828696823828577,69.62,70.45,67.79,68.6,2026-07-16,70.68,7.28598278365535
000409,云鼎科技,2026-07-17,19.246985381953184,19.55212051605732,18.918378314456426,19.22351344856056,7004223.0,57504219.0,0.011862035894712332,8.2,8.33,8.06,8.19,2026-07-16,8.26,2.3471933392625837
000410,沈阳机床,2026-07-17,13.43574972713695,13.725313298842488,13.059317083919751,13.11722979826086,18599053.0,85888202.0,0.009436265857401337,4.64,4.74,4.51,4.53,2026-07-16,4.67,2.8956357170553773
000411,英特集团,2026-07-17,33.045749867800225,33.62311651502798,31.653277365662703,31.924979317299293,8006259.0,76345894.0,0.014202144104575942,9.73,9.9,9.32,9.4,2026-07-16,9.79,3.3962743954573713
000415,渤海租赁,2026-07-17,105.01624534335839,105.73883418746406,101.16243817479479,101.64416407086523,73405700.0,314585132.0,0.013611509768660624,4.36,4.39,4.2,4.22,2026-07-16,4.37,24.086294803522566
000417,合百集团,2026-07-17,124.7147935076458,126.12971012766772,115.21463905892725,117.03381757038399,51116590.0,304641508.0,0.06561590343752854,6.17,6.24,5.7,5.79,2026-07-16,6.25,20.21309457174162
000419,通程控股,2026-07-17,84.97009658813477,86.89725341796876,82.51735153198243,83.39333190917968,8535900.0,41198773.0,0.01570303967848275,4.85,4.96,4.71,4.76,2026-07-16,4.87,17.519607543945312
000420,吉林化纤,2026-07-17,24.980465982225205,25.388865971035425,24.29979933420817,24.29979933420817,57181601.0,208443627.0,0.023263129305240916,3.67,3.73,3.57,3.57,2026-07-16,3.68,6.806666480170356
000421,南京公用,2026-07-17,59.427735362792134,61.1918239820958,58.655946591846785,59.31747982408566,9550300.0,51931534.0,0.01662956917864299,5.39,5.55,5.32,5.38,2026-07-16,5.44,11.025553870647892
000422,湖北宜化,2026-07-17,181.53925993072664,185.81748286703598,180.54100791225446,180.82622277467507,23511714.0,301970066.0,0.022225802165161287,12.73,13.03,12.66,12.68,2026-07-16,12.74,14.260743121031158
000423,东阿阿胶,2026-07-17,628.1408389200549,635.1310825394307,614.7735309461608,614.7735309461608,8916252.0,453819047.0,0.013959993595932169,51.22,51.79,50.13,50.13,2026-07-16,51.4,12.263585297150623
000425,徐工机械,2026-07-17,416.9718739317219,421.41299448247395,407.59617499124533,410.06346418610764,101667077.0,850040259.0,0.011295644874805957,8.45,8.54,8.26,8.31,2026-07-16,8.47,49.3457838972452
000426,兴业银锡,2026-07-17,505.96564695409046,508.538353633518,471.14834989250386,478.5234423735296,62587752.0,1776695596.0,0.035256624243919066,29.5,29.65,27.47,27.9,2026-07-16,30.15,17.151377862850524
000428,华天酒店,2026-07-17,41.982198280012106,42.903437740702024,40.53453627035652,40.79774754483935,10839200.0,34243037.0,0.010637867715614284,3.19,3.26,3.08,3.1,2026-07-16,3.2,13.160563724141726
000429,粤高速Ａ,2026-07-17,70.67462443476136,73.13243607230807,70.42382732888925,71.8784505429475,11014739.0,158510112.0,0.008451228617783286,14.09,14.58,14.04,14.33,2026-07-16,14.12,5.015942117442254
000430,张家界,2026-07-17,33.17018014838896,33.54168616605092,31.843372942453403,32.37409582482763,8917049.0,54703915.0,0.024063939876631926,6.25,6.32,6.0,6.1,2026-07-16,6.27,5.307228823742234
000498,山东路桥,2026-07-17,16.218183112645924,16.506079854290526,16.12221753209772,16.12221753209772,13133397.0,67192771.0,0.009061591144853855,5.07,5.16,5.04,5.04,2026-07-16,5.06,3.1988526849400243
000501,武商集团,2026-07-17,61.453698878333185,62.66546195480737,59.80916327454681,60.58815382370878,9892693.0,69921644.0,0.012876183340627395,7.1,7.24,6.91,7.0,2026-07-16,7.11,8.655450546244111
000503,国新健康,2026-07-17,65.15106743803064,66.12347142964303,62.23385546319345,62.52557666067716,16915485.0,111026364.0,0.017274175092382684,6.7,6.8,6.4,6.43,2026-07-16,6.7,9.724039916123976
000505,京粮控股,2026-07-17,18.49830170843516,18.801001190936827,17.99380257093238,18.22923550176701,8163120.0,44545621.0,0.012908560774729719,5.5,5.59,5.35,5.42,2026-07-16,5.53,3.3633275833518472
000506,招金黄金,2026-07-17,36.49284216177311,36.76315951111958,33.669527624154455,34.0900212786934,56649030.0,656152288.0,0.06099774458350377,12.15,12.24,11.21,11.35,2026-07-16,12.29,3.003526103849639
000507,珠海港,2026-07-17,28.097012381021827,28.725197617182886,27.925689134796084,28.097012381021827,13427460.0,66715432.0,0.014880471776470588,4.92,5.03,4.89,4.92,2026-07-16,4.95,5.710774874191428
000509,华塑控股,2026-07-17,32.83496979165419,33.384049554056425,30.30920288460386,31.077914551967005,37709200.0,108802939.0,0.03513962189568541,2.99,3.04,2.76,2.83,2026-07-16,3.0,10.981595248044878
000510,新金路,2026-07-17,193.1866587140638,196.36855662229547,174.8907457417319,177.84536522794698,52956118.0,856758941.0,0.08729840223376853,17.0,17.28,15.39,15.65,2026-07-16,17.09,11.363921100827284
000513,丽珠集团,2026-07-17,323.04902568563824,324.3839390149177,314.11537494353695,314.11537494353695,9425552.0,291638138.0,0.01659019857355741,31.46,31.59,30.59,30.59,2026-07-16,31.49,10.268564071380744
000514,渝 开 发,2026-07-17,20.116958276804127,20.59091802678119,19.221700971291902,19.37968755461759,12595752.0,47138114.0,0.014927927746364204,3.82,3.91,3.65,3.68,2026-07-16,3.84,5.266219444189562
000516,国际医学,2026-07-17,193.8489762991311,196.50444172788633,186.76773515578384,188.09546787016146,47972651.0,205928827.0,0.021863060343066603,4.38,4.44,4.22,4.25,2026-07-16,4.41,44.257757145920344
000517,荣安地产,2026-07-17,26.211657825000795,26.814224671552537,24.855882420259373,25.157165843535243,36215300.0,61532587.0,0.014532703616471078,1.74,1.78,1.65,1.67,2026-07-16,1.74,15.06417116379356
000518,四环生物,2026-07-17,32.49618320610687,33.083969465648856,30.732824427480917,32.66412213740458,74517000.0,282041898.0,0.07237922930370905,3.87,3.94,3.66,3.89,2026-07-16,3.87,8.396946564885496
000519,中兵红箭,2026-07-17,116.4154466276235,117.48347824806042,111.40391363941953,111.97900758888557,52207474.0,724808735.0,0.037490314359984504,14.17,14.3,13.56,13.63,2026-07-16,14.18,8.215627849514714
000520,凤凰航运,2026-07-17,28.285053343521927,28.787579671960135,26.56210593173379,27.136421735663166,37833690.0,146156341.0,0.0373819864489337,3.94,4.01,3.7,3.78,2026-07-16,3.95,7.1789475491172405
000521,长虹美菱,2026-07-17,33.50939110103047,33.90207927799566,32.52767065861746,32.92035883558267,15337015.0,77898683.0,0.017523414592980846,5.12,5.18,4.97,5.03,2026-07-16,5.14,6.544802949420013
000523,红棉股份,2026-07-17,18.74216900231703,19.142357664288213,18.075187899031725,18.408678450674376,21776760.0,60722747.0,0.01643330425704907,2.81,2.87,2.71,2.76,2026-07-16,2.82,6.669811032853035
000524,岭南控股,2026-07-17,43.380141997001544,43.97780181785575,41.039307698655875,41.338137609082985,16702360.0,141833825.0,0.024930110846687274,8.71,8.83,8.24,8.3,2026-07-16,8.71,4.980498507118432
000525,红太阳,2026-07-17,37.00318032428309,37.52435187814624,35.960837216556804,36.3951468447761,22834171.0,96469921.0,0.020538759172219007,4.26,4.32,4.14,4.19,2026-07-16,4.24,8.686192564385703
000526,学大教育,2026-07-17,67.83746272637418,69.1225439874931,64.57533337122614,65.4897181147146,2749400.0,74213386.0,0.022923298521418896,27.45,27.97,26.13,26.5,2026-07-16,27.5,2.4713101175364
000528,柳    工,2026-07-17,126.91268038400268,127.68748307254971,124.27835124294279,124.89819339378043,25360943.0,205720107.0,0.012465481166285328,8.19,8.24,8.02,8.06,2026-07-16,8.18,15.496053770940499
000529,广弘控股,2026-07-17,17.312996822690206,17.786826209416464,17.057857922145296,17.057857922145296,5436461.0,25947072.0,0.009539585957100206,4.75,4.88,4.68,4.68,2026-07-16,4.78,3.644841436355833
000530,冰山冷热,2026-07-17,53.38848196102093,53.823418677607656,51.43126673638065,52.08367181126074,14324101.0,69320099.0,0.023868858179215052,4.91,4.95,4.73,4.79,2026-07-16,4.91,10.873417914668213
000531,穗恒运Ａ,2026-07-17,95.75193159229259,98.76510426477734,95.75193159229259,97.09111944673025,18765455.0,109316107.0,0.020627148194221106,5.72,5.9,5.72,5.8,2026-07-16,5.75,16.739848180470734
000532,华金资本,2026-07-17,47.35347982823899,48.169137853988566,45.994049785323035,46.673764806781016,6460320.0,67232648.0,0.018804612942429594,10.45,10.63,10.15,10.3,2026-07-16,10.46,4.531433476386506
000533,顺钠股份,2026-07-17,18.642765858451725,18.959127945746665,17.829263348264742,18.01004168386185,24477048.0,199774863.0,0.03573800880242207,8.25,8.39,7.89,7.97,2026-07-16,8.26,2.2597291949638456
000534,万泽股份,2026-07-17,108.9465618999397,109.46127006639611,99.08132204285856,102.94163329128162,20433160.0,496792190.0,0.04065992687705805,25.4,25.52,23.1,24.0,2026-07-16,25.64,4.289234720470067
000536,华映科技,2026-07-17,11.668480194091794,11.851946863810218,11.11808018493652,11.19146685282389,79095211.0,246423108.0,0.02862571441207006,3.18,3.23,3.03,3.05,2026-07-16,3.18,3.6693333943684885
000537,绿发电力,2026-07-17,53.01989150090415,54.90054249547919,52.80289330922241,54.032549728752244,42569019.0,318368049.0,0.02070761704254636,7.33,7.59,7.3,7.47,2026-07-16,7.36,7.233273056057865
000538,云南白药,2026-07-17,1677.5107118872393,1705.7123412465028,1659.6820956256358,1666.8135421302773,19885592.0,1029242857.0,0.011216209439388013,51.75,52.62,51.2,51.42,2026-07-16,52.11,32.4156659301882
000539,粤电力Ａ,2026-07-17,99.79361702127662,105.85319148936172,98.65744680851066,100.55106382978725,146272605.0,790493454.0,0.057240883976215455,5.27,5.59,5.21,5.31,2026-07-16,5.29,18.936170212765962
000541,佛山照明,2026-07-17,164.35254291511671,166.32872579585958,160.40017715363095,161.71763240745952,9656233.0,47867697.0,0.007904790730340424,4.99,5.05,4.87,4.91,2026-07-16,4.99,32.93638134571477
000543,皖能电力,2026-07-17,46.23293068106607,48.458044991919515,46.17112195020903,47.530914029063915,53622977.0,413297933.0,0.023655143328091533,7.48,7.84,7.47,7.69,2026-07-16,7.51,6.18087308570402
000544,中原环保,2026-07-17,31.162734321925946,31.710187762716536,30.741616290548567,31.120622518788206,4673888.0,34709330.0,0.004795283045481278,7.4,7.53,7.3,7.39,2026-07-16,7.4,4.211180313773776
000545,金浦钛业,2026-07-17,12.459839204229024,12.858554058764353,11.961445636059862,12.26048177696136,46748495.0,116122595.0,0.04744098652598511,2.5,2.58,2.4,2.46,2026-07-16,2.5,4.98393568169161
000546,金圆股份,2026-07-17,8.972067039106145,9.135940409683426,8.521415270018622,8.582867783985103,19476900.0,83410321.0,0.027955726227198593,4.38,4.46,4.16,4.19,2026-07-16,4.4,2.0484171322160147
000547,航天发展,2026-07-17,171.4425746643218,171.7980188412347,158.76506568776173,161.253174926152,78015449.0,1084019705.0,0.04909345855740725,14.47,14.5,13.4,13.61,2026-07-16,14.54,11.848139230429979
000548,湖南投资,2026-07-17,16.511999792801703,16.93439978750128,16.05119979858398,16.16639979713841,8888300.0,38087536.0,0.017804524224093534,4.3,4.41,4.18,4.21,2026-07-16,4.3,3.8399999518143497
000550,江铃汽车,2026-07-17,65.18897138073409,66.84732195492597,63.64907441898446,63.64907441898446,5356887.0,88371535.0,0.010332242313995849,16.51,16.93,16.12,16.12,2026-07-16,16.42,3.9484537480759587
000551,创元科技,2026-07-17,136.71595525119076,137.00663410714654,124.02297854112274,125.37947986891626,30490299.0,408961896.0,0.06292534323621994,14.11,14.14,12.8,12.94,2026-07-16,14.16,9.689295198525214
000552,甘肃能化,2026-07-17,20.267241576622276,20.672586408154718,19.94296571139632,20.024034677702808,71193400.0,178802982.0,0.019108148917667978,2.5,2.55,2.46,2.47,2026-07-16,2.49,8.10689663064891
000553,安道麦A,2026-07-17,22.289474386917917,23.05368493732653,21.56771997819867,21.864912970024243,18565321.0,97543975.0,0.00852765610534635,5.25,5.43,5.08,5.15,2026-07-16,5.27,4.245614168936746
000554,泰山石油,2026-07-17,38.9241059368307,41.19929064403881,38.1247167153792,39.662003679709,39867359.0,254789291.0,0.11095693498353153,6.33,6.7,6.2,6.45,2026-07-16,6.28,6.1491478573192255
000555,神州信息,2026-07-17,31.329830564708217,31.58454463433999,29.610510594693743,29.737867629509626,25106257.0,239527727.0,0.025759740741913794,9.84,9.92,9.3,9.34,2026-07-16,9.86,3.1839258703971764
000557,西部创业,2026-07-17,28.350311808608932,29.200048674807018,28.0413165845369,28.273063002590927,12188330.0,45324422.0,0.008360103287637663,3.67,3.78,3.63,3.66,2026-07-16,3.68,7.724880601800799
000558,天府文旅,2026-07-17,24.476153777195854,24.92252740231189,23.434615318591774,23.732197735335795,32883388.0,106006196.0,0.02551701773720572,3.29,3.35,3.15,3.19,2026-07-16,3.3,7.439560418600563
000559,万向钱潮,2026-07-17,477.41256589305635,481.2799944196428,449.4811376454879,452.9188518913424,42769324.0,459644490.0,0.012904291635428541,11.11,11.2,10.46,10.54,2026-07-16,11.08,42.971428073182395
000560,我爱我家,2026-07-17,11.603731187421884,11.921641630912895,11.179850596100536,11.232835670015705,98442503.0,213505011.0,0.04209757925086238,2.19,2.25,2.11,2.12,2026-07-16,2.21,5.298507391516842
000561,烽火电子,2026-07-17,18.05352722772277,18.592821782178216,17.616955445544555,17.950804455445542,12941045.0,91231116.0,0.016671290192858113,7.03,7.24,6.86,6.99,2026-07-16,7.03,2.568069306930693
000563,陕国投Ａ,2026-07-17,58.26464568886291,59.22929214066528,57.878787108141964,57.878787108141964,65616317.0,199236553.0,0.012830797287933753,3.02,3.07,3.0,3.0,2026-07-16,3.03,19.292929036047322
000564,供销大集,2026-07-17,17.16566265060243,17.65963855421689,16.30120481927713,16.424698795180745,305961045.0,417606959.0,0.020269194231942705,1.39,1.43,1.32,1.33,2026-07-16,1.39,12.349397590361463
000565,渝三峡Ａ,2026-07-17,44.767254424690336,45.701527560509966,42.43157158514128,43.132276437006,10631650.0,59947467.0,0.024519927963652117,5.75,5.87,5.45,5.54,2026-07-16,5.79,7.785609465163537
000566,海南海药,2026-07-17,56.70254838232899,59.897058150347526,50.912499427795396,50.912499427795396,309790257.0,1703510157.0,0.23890008812613542,5.68,6.0,5.1,5.1,2026-07-16,5.67,9.982843025057921
000567,海德股份,2026-07-17,94.53062677383421,95.97506759041234,88.4318766593933,88.4318766593933,39643942.0,227949895.0,0.02034546142121386,5.89,5.98,5.51,5.51,2026-07-16,5.86,16.049342406423467
000568,泸州老窖,2026-07-17,3204.0592697030265,3259.642997528198,3119.922257036158,3139.3384907285117,19096481.0,1584338226.0,0.012981441424240021,84.16,85.62,81.95,82.46,2026-07-16,84.18,38.0710464555968
000570,苏常柴Ａ,2026-07-17,29.357713208879744,29.892570332118442,28.109713254656114,28.347427531651086,14829573.0,72113432.0,0.02668665280383203,4.94,5.03,4.73,4.77,2026-07-16,4.94,5.942856924874442
000571,新大洲A,2026-07-17,74.48917683061347,78.01946957140085,70.72353124044028,72.37100118614106,27710300.0,175559406.0,0.03404246588864524,6.33,6.63,6.01,6.15,2026-07-16,6.25,11.767642469291228
000572,海马汽车,2026-07-17,16.751677237901113,17.030871858532798,15.63489875537437,15.727963628918266,62736456.0,218030503.0,0.038201454611745296,3.6,3.66,3.36,3.38,2026-07-16,3.6,4.653243677194753
000573,粤宏远Ａ,2026-07-17,32.41706120459389,33.19507067350415,30.861042266773385,31.293269749501306,20742340.0,76357146.0,0.0327701309415113,3.75,3.84,3.57,3.62,2026-07-16,3.71,8.644549654558372
000576,甘化科工,2026-07-17,42.230065665353294,42.735058976747645,40.52571323939733,40.778209895094506,12218923.0,80665034.0,0.028166189847341493,6.69,6.77,6.42,6.46,2026-07-16,6.69,6.3124163924294905
000581,威孚高科,2026-07-17,113.47058168913189,114.60063434801603,110.61221319901317,111.14400268554687,9970964.0,168781566.0,0.012559387136676613,17.07,17.24,16.64,16.72,2026-07-16,17.07,6.647368581671464
000582,北部湾港,2026-07-17,61.270017873353396,62.162841448921384,59.986583983474404,60.3771942977854,28103636.0,307496249.0,0.013029955330333876,10.98,11.14,10.75,10.82,2026-07-16,11.0,5.5801473472999445
000586,汇源通信,2026-07-17,45.37909580933722,46.078431189960575,41.68815907826956,42.11553069976161,7713500.0,86532473.0,0.040344683299335736,11.68,11.86,10.73,10.84,2026-07-16,11.8,3.885196559018598
000589,贵州轮胎,2026-07-17,34.79402843873892,35.35522244581535,34.15266385922299,34.23283443166248,24293740.0,105309354.0,0.015733159505382198,4.34,4.41,4.26,4.27,2026-07-16,4.35,8.01705724394906
000590,古汉医药,2026-07-17,44.10632621811097,45.08646680073566,41.93969966704587,42.35239043867732,5282600.0,44182628.0,0.022069821644582564,8.55,8.74,8.13,8.21,2026-07-16,8.6,5.158634645393096
000591,太阳能,2026-07-17,68.30143765236834,69.71132971399979,67.98812830533912,69.24136569345596,77733206.0,342528458.0,0.019914250432758934,4.36,4.45,4.34,4.42,2026-07-16,4.36,15.665467351460626
000592,平潭发展,2026-07-17,38.00832052300445,38.46783389720313,35.054305974584416,35.51381934878309,106168836.0,587316058.0,0.05543796909409672,5.79,5.86,5.34,5.41,2026-07-16,5.8,6.564476774266745
000593,德龙汇能,2026-07-17,136.875270657468,142.9092153036209,126.07768550119444,126.07768550119444,23668043.0,495391412.0,0.06602274540816727,21.55,22.5,19.85,19.85,2026-07-16,22.05,6.351520680160928
000596,古井贡酒,2026-07-17,322.4310838014517,329.81557695698854,314.89588670396506,321.37615620780355,8664278.0,736201252.0,0.02120479197258933,85.58,87.54,83.58,85.3,2026-07-16,90.62,3.7675985487433006
000597,东北制药,2026-07-17,24.796799011230473,25.153954552544487,23.827376827663848,24.031465708414714,21458242.0,102347853.0,0.015227210542090693,4.86,4.93,4.67,4.71,2026-07-16,4.9,5.102222018771702
000598,兴蓉环境,2026-07-17,215.898134996662,220.8899993896484,214.65016889841542,217.45809261947025,46730796.0,328486455.0,0.015685540138675423,6.92,7.08,6.88,6.97,2026-07-16,6.91,31.19915245616503
000599,青岛双星,2026-07-17,27.82906929651896,28.37953440348307,26.972790241241455,27.21744139989217,17964700.0,81363292.0,0.02199555984202759,4.55,4.64,4.41,4.45,2026-07-16,4.55,6.116278966267903
000600,建投能源,2026-07-17,61.05212224018143,63.73320665474398,60.89891741649215,62.50756806522968,54456290.0,444005743.0,0.04995756730165685,7.97,8.32,7.95,8.16,2026-07-16,8.01,7.660241184464421
000601,韶能股份,2026-07-17,73.31646356069915,80.44277550481982,72.95410871608284,78.26864643712199,123377700.0,794476331.0,0.11754527685908105,6.07,6.66,6.04,6.48,2026-07-16,6.14,12.078494820543517
000603,盛达资源,2026-07-17,87.3220709656113,87.3220709656113,81.48329950431484,81.95905125301307,30750515.0,598635489.0,0.04612233461036165,20.19,20.19,18.84,18.95,2026-07-16,20.45,4.325015897256627
000605,渤海股份,2026-07-17,20.983438856282802,21.417578970550725,19.97044525632432,20.078980284891305,6105300.0,34676005.0,0.01731221073298652,5.8,5.92,5.52,5.55,2026-07-16,5.76,3.617834285566001
000607,华媒控股,2026-07-17,12.826826023251831,13.16938220784906,12.44620804036602,12.4842698386546,17633616.0,59119060.0,0.019924236896973126,3.37,3.46,3.27,3.28,2026-07-16,3.38,3.80617982885811
000608,阳光股份,2026-07-17,77.3963799723263,78.89586274377226,71.62913854368797,74.9741385722982,43309558.0,280002958.0,0.0581002908694445,6.71,6.84,6.21,6.5,2026-07-16,6.74,11.534482857276647
000612,焦作万方,2026-07-17,113.13223140495867,113.66942148760332,109.47933884297521,110.55371900826447,31990450.0,331657925.0,0.026833137276364025,10.53,10.58,10.19,10.29,2026-07-16,10.58,10.743801652892563
000617,中油资本,2026-07-17,53.95661124536545,54.91442091244294,52.67953168926213,52.99880157828796,81362644.0,547340897.0,0.006435859441438952,6.76,6.88,6.6,6.64,2026-07-16,6.8,7.981747225645777
000619,海螺新材,2026-07-17,41.859490411931816,42.88729039972478,40.457944974032316,40.73825406161222,8127700.0,36175999.0,0.022576944444444445,4.48,4.59,4.33,4.36,2026-07-16,4.52,9.343636252663352
000620,盈新发展,2026-07-17,9.90292695008919,10.033658659001258,9.020487914932726,9.020487914932726,414756800.0,1188213723.0,0.0887797731479705,3.03,3.07,2.76,2.76,2026-07-16,3.05,3.268292722801713
000623,吉林敖东,2026-07-17,463.61267663043475,469.35787682574727,448.874989172894,451.12311098845106,21590952.0,395401231.0,0.018128933676051746,18.56,18.79,17.97,18.06,2026-07-16,18.62,24.97913128396739
000625,长安汽车,2026-07-17,111.57716669755824,113.12900489919326,109.5597770354327,110.33569613625022,92781871.0,664919183.0,0.011222879309468917,7.19,7.29,7.06,7.11,2026-07-16,7.19,15.518382016350241
000626,远大控股,2026-07-17,70.62480251093459,72.4411741337574,67.41944082360017,68.80843088811176,14802900.0,96849861.0,0.029387654208528614,6.61,6.78,6.31,6.44,2026-07-16,6.64,10.684538957781328
000628,高新发展,2026-07-17,124.18849447095155,124.41219994220648,111.0857454403056,111.0857454403056,15642201.0,565846924.0,0.08136868568815153,38.86,38.93,34.76,34.76,2026-07-16,38.62,3.1957924464990106
000629,钒钛股份,2026-07-17,24.58139534883721,25.069767441860467,24.41860465116279,24.58139534883721,91727659.0,278761669.0,0.009873333799166807,3.02,3.08,3.0,3.02,2026-07-16,3.06,8.13953488372093
000630,铜陵有色,2026-07-17,196.00494535842742,196.33436543466007,189.74596391000705,190.734224138705,274454937.0,1603187612.0,0.024630278425009252,5.95,5.96,5.76,5.79,2026-07-16,6.05,32.94200762326511
000631,顺发恒能,2026-07-17,63.6810114829406,64.79822221071149,62.78724290072389,62.78724290072389,14404300.0,41198622.0,0.006262738898985736,2.85,2.9,2.81,2.81,2026-07-16,2.86,22.344214555417754
000633,合金投资,2026-07-17,38.22901582120783,38.97713746154458,36.35871172036596,36.80758470456801,12251000.0,61668466.0,0.03181231813570789,5.11,5.21,4.86,4.92,2026-07-16,5.12,7.4812164033674815
000635,英 力 特,2026-07-17,27.48208189145701,28.345155537635,26.70985810277144,27.027832603994913,5385700.0,32657228.0,0.014682140290916017,6.05,6.24,5.88,5.95,2026-07-16,6.05,4.542492874620994
000636,风华高科,2026-07-17,944.6541006430406,968.7335188947259,861.8579471160917,861.8579471160917,89449289.0,4281098602.0,0.07731052323399298,51.0,52.3,46.53,46.53,2026-07-16,51.7,18.522629424373346
000637,茂化实华,2026-07-17,63.27586206896552,66.37931034482759,60.862068965517246,61.896551724137936,15076200.0,55289033.0,0.04135118554835283,3.67,3.85,3.53,3.59,2026-07-16,3.69,17.24137931034483
000650,仁和药业,2026-07-17,151.95569176879653,153.87918153802178,148.38349648309244,148.65828073583893,35698735.0,196014511.0,0.026813215289175144,5.53,5.6,5.4,5.41,2026-07-16,5.66,27.47842527464675
000651,格力电器,2026-07-17,9971.334347062899,10091.501067790748,9933.782246835448,10001.376027244862,68310630.0,2733162509.0,0.012370610793341789,39.83,40.31,39.68,39.95,2026-07-16,39.83,250.34733484968365
000652,泰达股份,2026-07-17,99.0286968065345,100.73608813078509,97.03674026157547,99.0286968065345,13229295.0,46025881.0,0.00907220624573149,3.48,3.54,3.41,3.48,2026-07-16,3.49,28.456522070843246
000655,金岭矿业,2026-07-17,42.06238247099379,42.44189268877719,40.79734841171578,41.11360692653528,6815123.0,44799990.0,0.011447442414566878,6.65,6.71,6.45,6.5,2026-07-16,6.62,6.325170296390043
000657,中钨高新,2026-07-17,391.79525319350654,394.2327292169294,351.2867230899563,352.6215313884974,67021754.0,4222338907.0,0.04612883543468402,67.51,67.93,60.53,60.76,2026-07-16,67.25,5.80351434148284
000659,珠海中富,2026-07-17,45.10294383440831,45.43953296750091,40.89557967075082,41.400463370389716,35106190.0,89175830.0,0.027305064316121896,2.68,2.7,2.43,2.46,2026-07-16,2.67,16.829456654629965
000661,长春高新,2026-07-17,631.1419385046044,642.4873661608124,606.602198685251,609.1234048310749,14076881.0,1036477884.0,0.035226145709482744,75.1,76.45,72.18,72.48,2026-07-16,75.94,8.404020486079952
000663,永安林业,2026-07-17,21.632777443127086,22.21185752764674,20.515980137267753,20.722794453167626,7635700.0,39278108.0,0.024928730608025442,5.23,5.37,4.96,5.01,2026-07-16,5.21,4.136286317997531
000665,湖北广电,2026-07-17,22.9394287109375,23.4770715713501,22.162833468119302,22.342047754923502,16143100.0,61355544.0,0.014196481570305636,3.84,3.93,3.71,3.74,2026-07-16,3.87,5.973809560139974
000668,荣丰控股,2026-07-17,68.6138874608891,71.05213776488515,66.1375394958931,66.82329739389198,4414004.0,78982367.0,0.030059569513849214,18.01,18.65,17.36,17.54,2026-07-16,18.17,3.809766099993842
000670,盈方微,2026-07-17,63.5507169339437,63.86532444351768,58.93647346019201,59.67055764919797,31628300.0,185063760.0,0.038086650370684975,6.06,6.09,5.62,5.69,2026-07-16,6.12,10.48691698579929
000672,上峰水泥,2026-07-17,168.32820012019232,171.6346469082675,160.11218082861149,161.0139390435411,30747140.0,508424561.0,0.031717850542830585,16.8,17.13,15.98,16.07,2026-07-16,16.83,10.019535721440018
000676,智度股份,2026-07-17,77.18831758598138,79.39369808843799,73.82221050328444,79.39369808843799,257144746.0,1722939795.0,0.20424060254736148,6.65,6.84,6.36,6.84,2026-07-16,6.22,11.607265802403214
000678,襄阳轴承,2026-07-17,36.86406019070004,37.39832193259425,34.50440416400065,35.038665905894845,12535325.0,100690244.0,0.027273723350490935,8.28,8.4,7.75,7.87,2026-07-16,8.3,4.452181182451696
000679,大连友谊,2026-07-17,38.033198240986,39.866836103304145,35.19401703481598,35.66721390251098,24617001.0,155527815.0,0.06907127104377105,6.43,6.74,5.95,6.03,2026-07-16,6.26,5.914960846187559
000680,山推股份,2026-07-17,55.914972273567464,56.362292051756,54.684842883548974,54.684842883548974,18289000.0,180747851.0,0.013911385368198529,10.0,10.08,9.78,9.78,2026-07-16,10.02,5.591497227356746
000681,视觉中国,2026-07-17,88.99746858620944,90.32731581795741,82.91086010243995,82.96200807289179,30547223.0,515023033.0,0.04517917436206601,17.4,17.66,16.21,16.22,2026-07-16,17.4,5.114797045184451
000682,东方电子,2026-07-17,190.5322641156354,193.30304982133754,185.1536800986842,186.6205666487618,21261927.0,247851323.0,0.015860016853403193,11.69,11.86,11.36,11.45,2026-07-16,11.7,16.29873944530671
000683,博源化工,2026-07-17,47.50842871547731,50.10925510501074,46.81487501160173,49.32900718815071,128440080.0,722976644.0,0.038430812347429205,5.48,5.78,5.4,5.69,2026-07-16,5.45,8.669421298444764
000685,中山公用,2026-07-17,190.01484856499565,192.11639527723526,185.46149735514322,185.46149735514322,24365075.0,263405279.0,0.019545506170256244,10.85,10.97,10.59,10.59,2026-07-16,10.89,17.512889268663194
000686,东北证券,2026-07-17,119.22320333435141,121.30960939270257,118.18000030517584,118.32902930934378,27290147.0,219199113.0,0.011660199111504023,8.0,8.14,7.93,7.94,2026-07-16,8.03,14.902900416793926
000688,国城矿业,2026-07-17,141.0071510510368,145.15144724680204,134.58854596735162,135.70043031255693,18532733.0,510879255.0,0.015638600617435664,27.9,28.72,26.63,26.85,2026-07-16,28.0,5.054019750933219
000690,宝新能源,2026-07-17,258.21904488069464,267.16169578565376,257.6601291991347,259.8957919253745,84828225.0,399657555.0,0.03901102117749986,4.62,4.78,4.61,4.65,2026-07-16,4.64,55.89156815599451
000691,亚太实业,2026-07-17,44.82959707294191,44.94999885559081,41.4583471587726,43.94665066684995,14882825.0,159025651.0,0.04603837349583939,11.17,11.2,10.33,10.95,2026-07-16,11.17,4.013392754963466
000692,惠天热电,2026-07-17,47.28450088500976,48.287885519174424,45.779423933762764,46.2811162508451,15788702.0,59411438.0,0.029631615742941556,3.77,3.85,3.65,3.69,2026-07-16,3.79,12.542307927058292
000695,滨海能源,2026-07-17,32.6782516888772,33.805087954010894,32.24898073073103,32.946546037718555,7709500.0,94167410.0,0.03475704225599754,12.18,12.6,12.02,12.28,2026-07-16,12.22,2.6829434884135632
000697,炼石航空,2026-07-17,33.101405949300485,33.26150948472637,31.500370595041694,31.940655317462863,11730327.0,94802579.0,0.017960794708437425,8.27,8.31,7.87,7.98,2026-07-16,8.29,4.002588385646975
000700,模塑科技,2026-07-17,253.5453374883379,255.44455349948652,228.4756861411764,229.99505895009528,49224782.0,618334882.0,0.053620868004860864,13.35,13.45,12.03,12.11,2026-07-16,13.33,18.992160111485987
000701,厦门信达,2026-07-17,8.295559112386211,8.468383260560925,7.932628401219315,7.984475645671729,23073200.0,108881927.0,0.03455382465269226,4.8,4.9,4.59,4.62,2026-07-16,4.82,1.7282414817471274
000702,正虹科技,2026-07-17,14.086101864960234,14.32711881702229,13.309491686093605,13.550508638155662,8419600.0,43359645.0,0.031577300012283475,5.26,5.35,4.97,5.06,2026-07-16,5.29,2.677966134022858
000703,恒逸石化,2026-07-17,139.5265121346933,146.24591923466437,138.73599365234375,144.763697080259,101236421.0,1466399248.0,0.026624418784584204,14.12,14.8,14.04,14.65,2026-07-16,14.07,9.881481029369214
000705,浙江震元,2026-07-17,38.3994347716487,39.203010387198894,37.02187657356264,37.194071348323405,10959200.0,72206576.0,0.03886718346581674,6.69,6.83,6.45,6.48,2026-07-16,6.71,5.739825825358549
000707,双环科技,2026-07-17,14.584345877050636,14.921166797998685,14.213842864007777,14.41593541657661,9468300.0,41018600.0,0.01719309659338356,4.33,4.43,4.22,4.28,2026-07-16,4.33,3.3682092094805163
000708,中信特钢,2026-07-17,62.86099103941536,63.37092533250796,62.02655310526383,62.07291076827225,14829264.0,200820688.0,0.0029381541579058435,13.56,13.67,13.38,13.39,2026-07-16,13.56,4.635766300841841
000709,河钢股份,2026-07-17,24.0302268843845,24.496833231654104,23.680272123932298,23.796923710749702,110637307.0,228885705.0,0.010704682381267086,2.06,2.1,2.03,2.04,2026-07-16,2.06,11.66515868174005
000710,贝瑞基因,2026-07-17,29.410408981501707,29.410408981501707,27.207251114873163,27.41707567359969,14352400.0,115743576.0,0.04355416306154388,8.41,8.41,7.78,7.84,2026-07-16,8.33,3.4970759787754706
000712,锦龙股份,2026-07-17,110.41885042720907,112.26135806246641,108.83955816841703,108.83955816841703,19677695.0,165409446.0,0.021968231923730715,8.39,8.53,8.27,8.27,2026-07-16,8.44,13.160768823266872
000713,国投丰乐,2026-07-17,37.698622831562226,38.090636240555945,36.71858930907794,36.84926044540918,6616837.0,37804905.0,0.010776344577130675,5.77,5.83,5.62,5.64,2026-07-16,5.76,6.533556816561911
000715,中兴商业,2026-07-17,34.010272317927246,34.7691222073739,32.285613478275764,32.63054524620606,14089873.0,68151013.0,0.028970470065842926,4.93,5.04,4.68,4.73,2026-07-16,4.94,6.898635358605932
000716,黑芝麻,2026-07-17,18.531510327679648,19.17889933476016,18.005506759426734,18.207815824139395,27280544.0,125213677.0,0.03693101095894119,4.58,4.74,4.45,4.5,2026-07-16,4.59,4.0461812942531985
000717,中南股份,2026-07-17,11.694434239314152,12.017782651461088,11.532760033240686,11.640542837289665,17572500.0,38297264.0,0.007250694434253689,2.17,2.23,2.14,2.16,2026-07-16,2.18,5.389140202448918
000718,苏宁环球,2026-07-17,18.485122304831815,18.878422779402708,17.993496711618207,18.09182183026093,23049500.0,43125752.0,0.010101323193709297,1.88,1.92,1.83,1.84,2026-07-16,1.89,9.832511864272243
000719,中原传媒,2026-07-17,55.43592153296855,56.91175305464492,55.11308338760184,55.34368206286378,5169298.0,62846330.0,0.007748357997025554,12.02,12.34,11.95,12.0,2026-07-16,12.02,4.611973505238648
000720,新能泰山,2026-07-17,23.154279628955173,23.51948908682513,21.912567472197324,22.27777693006728,33297794.0,103637122.0,0.026499767111701166,3.17,3.22,3.0,3.05,2026-07-16,3.21,7.304189157399108
000721,西安饮食,2026-07-17,28.121495469708307,28.59018706087011,27.37158892384942,27.51219640119796,13275400.0,79068303.0,0.02591028187140523,6.0,6.1,5.84,5.87,2026-07-16,5.97,4.686915911618051
000722,湖南发展,2026-07-17,55.16479547174128,62.637858897716086,54.57600865636145,62.637858897716086,55121269.0,730235196.0,0.11875532795082172,12.18,13.83,12.05,13.83,2026-07-16,12.57,4.529129349075639
000723,美锦能源,2026-07-17,24.04852899490979,24.536470162922456,23.2120584211738,23.281764302318464,56101329.0,191628290.0,0.0127642962338481,3.45,3.52,3.33,3.34,2026-07-16,3.45,6.970588114466606
000725,京东方Ａ,2026-07-17,32.966619211787176,33.670340147342564,31.82983923896693,32.85835445247096,2956818879.0,17950015442.0,0.083603575828858,6.09,6.22,5.88,6.07,2026-07-16,6.05,5.413237965810702
000726,鲁  泰Ａ,2026-07-17,52.08133185068766,52.97466515858967,51.36666520436604,51.634665196736655,5950000.0,34822751.0,0.010096915969138056,5.83,5.93,5.75,5.78,2026-07-16,5.83,8.933333079020182
000727,冠捷科技,2026-07-17,12.929418041281508,13.103356400581257,12.755479681981758,12.755479681981758,60493367.0,134654682.0,0.013355220767703496,2.23,2.26,2.2,2.2,2026-07-16,2.25,5.797945309991707
000728,国元证券,2026-07-17,22.81393226880706,23.03091260288539,22.31797721948517,22.565954744146115,37072908.0,272232909.0,0.00849559920922199,7.36,7.43,7.2,7.28,2026-07-16,7.36,3.099719058261829
000729,燕京啤酒,2026-07-17,104.65928921841159,107.53263076933304,103.87565061361484,103.96272156970336,44852801.0,541669030.0,0.017872442558346135,12.02,12.35,11.93,11.94,2026-07-16,12.01,8.707095608852878
000731,四川美丰,2026-07-17,80.95843720436103,83.02019706525309,78.896677343469,79.44647997304021,10287399.0,60184283.0,0.018744375948729824,5.89,6.04,5.74,5.78,2026-07-16,5.89,13.745065739280312
000733,振华科技,2026-07-17,95.4734113181026,96.12241727025287,89.51646382872354,90.3740788369221,20937429.0,838518254.0,0.037786731814275276,41.19,41.47,38.62,38.99,2026-07-16,41.42,2.3178784005366015
000735,罗 牛 山,2026-07-17,31.277956689600607,31.831005039711425,29.92606072266306,30.417659256094897,28705256.0,143777178.0,0.024941626492361264,5.09,5.18,4.87,4.95,2026-07-16,5.11,6.144981667897959
000736,中交地产,2026-07-17,18.503940865896006,18.868550538130407,17.9570263575444,18.1393311936616,12067400.0,48591797.0,0.016152356883440848,4.06,4.14,3.94,3.98,2026-07-16,4.06,4.557620902930051
000737,北方铜业,2026-07-17,50.86961190140487,51.03084680442042,49.01541051672609,49.17664541974164,34765573.0,431163496.0,0.018254059514635577,12.62,12.66,12.16,12.2,2026-07-16,12.87,4.030872575388659
000738,航发控制,2026-07-17,31.34381926461552,31.772931075976327,30.78410820631881,30.858736347425037,12023201.0,201726217.0,0.00914183946189899,16.8,17.03,16.5,16.54,2026-07-16,16.9,1.8657035276556855
000739,普洛药业,2026-07-17,294.3319117769281,297.1350728414703,272.88772963318047,275.4105745912684,35298383.0,707338058.0,0.03048272979128841,21.0,21.2,19.47,19.65,2026-07-16,21.0,14.015805322710863
000750,国海证券,2026-07-17,52.14613031496469,53.514795152627805,51.87239734743206,52.14613031496469,83649681.0,321821937.0,0.014431804217369074,3.81,3.91,3.79,3.81,2026-07-16,3.84,13.686648376631151
000751,锌业股份,2026-07-17,15.479783553111394,15.549512307855139,14.782496005673945,14.991682269905178,46546280.0,202587498.0,0.033014618589550314,4.44,4.46,4.24,4.3,2026-07-16,4.49,3.486437737187251
000753,漳州发展,2026-07-17,50.741109152485556,51.301165544897096,48.50088358283939,48.83691741828632,20199620.0,89838663.0,0.020373177653938288,4.53,4.58,4.33,4.36,2026-07-16,4.53,11.201127848230806
000755,山西高速,2026-07-17,13.423013103647284,13.652957653602698,13.250554691180724,13.336783897414003,5498400.0,25802199.0,0.003747264903487388,4.67,4.75,4.61,4.64,2026-07-16,4.63,2.874306874442673
000756,新华制药,2026-07-17,31.746349379680908,31.746349379680908,29.28456234079803,29.3059691846144,24655749.0,348107847.0,0.04942029074079038,14.83,14.83,13.68,13.69,2026-07-16,14.96,2.140684381637283
000757,浩物股份,2026-07-17,18.79062429984609,19.140449752236844,17.791123007301085,17.841098071928336,17202129.0,63430981.0,0.03229136337620886,3.76,3.83,3.56,3.57,2026-07-16,3.75,4.997506462725024
000758,中色股份,2026-07-17,96.4983815294631,97.36306236754073,94.4231475180768,94.94195602092339,29696082.0,164540032.0,0.014977196290566843,5.58,5.63,5.46,5.49,2026-07-16,5.62,17.293616761552528
000759,中百集团,2026-07-17,48.89252067234208,53.489877093771256,48.89252067234208,50.93579019297727,165343632.0,1176189480.0,0.2521612211813976,6.7,7.33,6.7,6.98,2026-07-16,6.66,7.297391145125683
000761,本钢板材,2026-07-17,5.518181974237615,5.686126643018761,5.374229400996635,5.398221496536798,17634800.0,40678899.0,0.004755378888129715,2.3,2.37,2.24,2.25,2026-07-16,2.31,2.3992095540163545
000762,西藏矿业,2026-07-17,129.69702724221216,131.3821858328302,124.34063029346186,124.76191994111637,17911110.0,379289434.0,0.034391491447884566,21.55,21.83,20.66,20.73,2026-07-16,21.54,6.018423537921677
000766,通化金马,2026-07-17,58.060776570204204,59.703373597883186,56.08295565932542,56.15000043596538,33891309.0,584872897.0,0.035083891843298916,17.32,17.81,16.73,16.75,2026-07-16,17.51,3.352238831997933
000767,晋控电力,2026-07-17,35.474545298141145,38.17017943933728,35.3667199324933,36.876275051563134,299667744.0,1027041364.0,0.10289917099584357,3.29,3.54,3.28,3.42,2026-07-16,3.32,10.782536564784543
000768,中航西飞,2026-07-17,171.7363234964774,173.11850718658988,169.14472907751647,170.78607220952506,22397266.0,444832256.0,0.008066976296545549,19.88,20.04,19.58,19.77,2026-07-16,19.9,8.638648063203089
000776,广发证券,2026-07-17,143.27925171594893,144.70879527048444,139.4454758196945,140.35518535439894,78684597.0,1721978271.0,0.013327225579468064,22.05,22.27,21.46,21.6,2026-07-16,22.2,6.49792524788884
000777,中核科技,2026-07-17,118.2032376124941,121.57419169195768,117.25057667699355,119.59558821053342,12398442.0,202388528.0,0.03233722453017739,16.13,16.59,16.0,16.32,2026-07-16,16.05,7.328161042312097
000778,新兴铸管,2026-07-17,59.338317229368975,60.300560211466845,58.3760742472711,58.3760742472711,54149014.0,200541013.0,0.013907468967948566,3.7,3.76,3.64,3.64,2026-07-16,3.71,16.037383034964588
000779,甘咨询,2026-07-17,28.726658145051115,31.201334734811294,28.267439808806962,31.201334734811294,99967690.0,1187310257.0,0.21508927782929219,11.26,12.23,11.08,12.23,2026-07-16,11.12,2.551212979134202
000782,恒申新材,2026-07-17,24.559329295318392,24.766872923166154,22.17257757506914,22.518483621482073,33659049.0,225825508.0,0.06373134590585339,7.1,7.16,6.41,6.51,2026-07-16,7.11,3.459060464129351
000783,长江证券,2026-07-17,59.30414281745724,60.19233850481548,56.912846736108165,56.98116948128956,163195852.0,1400445066.0,0.029510614694336218,8.68,8.81,8.33,8.34,2026-07-16,8.71,6.832274518140236
000785,居然智家,2026-07-17,16.036594959015545,16.47395663971597,15.52633966486505,15.672126891765192,71794675.0,157439967.0,0.012368834369634096,2.2,2.26,2.13,2.15,2026-07-16,2.21,7.289361345007066
000786,北新建材,2026-07-17,234.02191764340975,242.03898170623455,230.58603304505627,235.8034874351486,27870138.0,519662944.0,0.016496009848056093,18.39,19.02,18.12,18.53,2026-07-16,18.4,12.725498512420323
000788,北大医药,2026-07-17,21.927404338166927,22.323205860516506,20.700419618883217,20.85874022782305,28735800.0,154717856.0,0.048215446827590366,5.54,5.64,5.23,5.27,2026-07-16,5.6,3.958015223495835
000789,万年青,2026-07-17,28.985242126262296,29.554976615230597,28.486724448415032,28.629158070657105,5401530.0,21996485.0,0.006773756042791065,4.07,4.15,4.0,4.02,2026-07-16,4.08,7.121681112103758
000790,华神科技,2026-07-17,49.774919530071266,50.284125867974815,46.465078333698244,46.71968150265001,25613915.0,96518302.0,0.041139276888222866,3.91,3.95,3.65,3.67,2026-07-16,3.91,12.73015844758856
000791,甘肃能源,2026-07-17,30.23418065851385,31.741702131791552,30.108553869074047,31.02981699163264,43532881.0,322176646.0,0.02249026393848857,7.22,7.58,7.19,7.41,2026-07-16,7.23,4.187559647993608
000792,盐湖股份,2026-07-17,196.05208333333334,201.7485119047619,195.656498015873,197.23883928571428,106947396.0,2684800026.0,0.020211071194351834,24.78,25.5,24.73,24.93,2026-07-16,24.68,7.911706349206349
000795,英洛华,2026-07-17,38.42182320441989,38.84198895027624,37.908287292817676,38.04834254143646,17267480.0,141943924.0,0.01546920049409369,8.23,8.32,8.12,8.15,2026-07-16,8.24,4.668508287292817
000796,凯撒旅业,2026-07-17,15.423552199413905,15.632543421628187,14.629385554999638,14.629385554999638,43123760.0,155081466.0,0.03240531523018052,3.69,3.74,3.5,3.5,2026-07-16,3.69,4.179824444285611
000797,中国武夷,2026-07-17,16.981186335265864,17.34403219713052,16.255494611536555,16.328063783909485,29030019.0,66832719.0,0.018484388418583516,2.34,2.39,2.24,2.25,2026-07-16,2.35,7.256917237293105
000798,中水渔业,2026-07-17,18.136467795424277,18.68954940544992,17.836881923327056,18.067332594171074,12101200.0,96198787.0,0.033078190739630774,7.87,8.11,7.74,7.84,2026-07-16,7.9,2.304506708440188
000799,酒鬼酒,2026-07-17,86.72805270419364,87.85899892968939,84.48833566938835,84.55486191794692,10876374.0,419086427.0,0.033476248854910656,39.11,39.62,38.1,38.13,2026-07-16,39.76,2.2175416186191166
000800,一汽解放,2026-07-17,17.33861197365655,17.559134860443915,17.062958365172346,17.118089086869187,15387100.0,96708299.0,0.0031269266388717584,6.29,6.37,6.19,6.21,2026-07-16,6.29,2.756536084842059
000801,四川九洲,2026-07-17,167.41081132479243,170.2764017889105,162.88619480250077,163.18783590398687,16311470.0,180357964.0,0.016055099869406043,11.1,11.29,10.8,10.82,2026-07-16,11.09,15.082055074305625
000802,北京文化,2026-07-17,13.354503457493037,13.42423976797603,12.378195110731143,12.552535886938625,40699630.0,149813591.0,0.05687928305681214,3.83,3.85,3.55,3.6,2026-07-16,3.82,3.486815524149618
000803,山高环能,2026-07-17,37.867397539394425,38.57409858212029,35.98286142545878,36.3951037003822,10288000.0,64960963.0,0.022375540298178433,6.43,6.55,6.11,6.18,2026-07-16,6.43,5.8891753560488995
000807,云铝股份,2026-07-17,187.35857177914542,188.0232257586536,182.26289126958252,185.51231072495597,92990299.0,2331548717.0,0.02681442175059449,25.37,25.46,24.68,25.12,2026-07-16,25.37,7.385044216757801
000809,和展能源,2026-07-17,9.056029658163748,9.142828664472027,8.593101624519596,8.650967628725114,20055600.0,61131671.0,0.02431596959159461,3.13,3.16,2.97,2.99,2026-07-16,3.12,2.893300210275958
000810,创维数字,2026-07-17,60.76749306637381,62.12416267901844,56.07567732264449,56.4713726263325,41419886.0,428288495.0,0.03729484576294563,10.75,10.99,9.92,9.99,2026-07-16,10.85,5.652790052685936
000811,冰轮环境,2026-07-17,1047.7853975848527,1072.7701836497117,967.8790998098532,973.7313920412616,45762838.0,2061385386.0,0.04677334424987103,46.55,47.66,43.0,43.26,2026-07-16,47.0,22.50881627464775
000812,陕西金叶,2026-07-17,25.038753318269727,25.711436243238165,24.366070393301285,24.59029803495743,15756926.0,52563978.0,0.02085105861938425,3.35,3.44,3.26,3.29,2026-07-16,3.37,7.47425472187156
000813,德展健康,2026-07-17,14.558675287649836,14.684542797341331,13.635646883245522,13.719558556373187,56118537.0,187236845.0,0.026764399619996663,3.47,3.5,3.25,3.27,2026-07-16,3.51,4.195583656383238
000815,美利云,2026-07-17,45.613965351587474,46.39856835216209,42.68953598580939,43.224492577110254,31980935.0,397212004.0,0.04599832493611573,12.79,13.01,11.97,12.12,2026-07-16,12.93,3.5663772753391303
000816,智慧农业,2026-07-17,18.787037884747544,18.937334187825524,17.73496376320168,17.88526006627966,30107000.0,72833924.0,0.020914769198481304,2.5,2.52,2.36,2.38,2026-07-16,2.49,7.5148151538990176
000818,航锦科技,2026-07-17,27.05442559914511,27.831610185455954,25.878146225269234,26.046186135822932,30025561.0,384293201.0,0.045616893327798884,12.88,13.25,12.32,12.4,2026-07-16,13.04,2.100498881921204
000819,岳阳兴长,2026-07-17,97.60710406838996,101.07449675287984,95.17992918924706,96.566886263043,5479518.0,61827639.0,0.014970538257808166,11.26,11.66,10.98,11.14,2026-07-16,11.36,8.668481711224686
000822,山东海化,2026-07-17,10.14989716107728,10.425573380267034,9.97446683977471,9.999528314246506,17555902.0,71275371.0,0.019613518444361433,4.05,4.16,3.98,3.99,2026-07-16,4.05,2.5061474471795755
000823,超声电子,2026-07-17,48.84560549750627,49.197242709857434,43.95465154389472,43.986618563199364,61812371.0,885460681.0,0.10389818273181387,15.28,15.39,13.75,13.76,2026-07-16,15.28,3.1967019304650703
000825,太钢不锈,2026-07-17,28.9620002746582,29.457077202430135,28.46692334688627,28.54943616818159,38415874.0,134945311.0,0.006744066511112151,3.51,3.57,3.45,3.46,2026-07-16,3.5,8.251282129532251
000828,东莞控股,2026-07-17,45.02520342450866,45.65999984741211,44.435749603241185,44.57177740814906,8338549.0,83149374.0,0.008021561036685776,9.93,10.07,9.8,9.83,2026-07-16,9.95,4.534260163596039
000829,天音控股,2026-07-17,144.0183070920548,154.77829555295546,142.69400081994397,143.52169224001327,68938376.0,610133772.0,0.06731410883478663,8.7,9.35,8.62,8.67,2026-07-16,9.12,16.553828401385612
000830,鲁西化工,2026-07-17,108.54184132558437,111.46306834191634,106.89865112889765,107.72024622724102,26188177.0,312270771.0,0.013753021520454272,11.89,12.21,11.71,11.8,2026-07-16,11.88,9.128834426037374
000831,中国稀土,2026-07-17,190.6842599573148,193.6178639566581,187.331569672351,191.31288938574548,27350936.0,1245439644.0,0.025773086825652488,45.5,46.2,44.7,45.65,2026-07-16,45.54,4.1908628562047205
000833,粤桂股份,2026-07-17,41.03986028614479,41.39727710216142,39.46302139195377,39.54711946631062,25858844.0,495530373.0,0.056995213858709995,19.52,19.69,18.77,18.81,2026-07-16,19.52,2.1024518589213517
000837,秦川机床,2026-07-17,38.12685026834644,38.41107598919673,35.89364817595128,36.25908124561594,23484954.0,214191660.0,0.02331236470780124,9.39,9.46,8.84,8.93,2026-07-16,9.43,4.06036744071847
000839,国安股份,2026-07-17,60.659081128178826,61.65758452123527,58.66207434206594,59.16132603859416,38172100.0,91750591.0,0.009738211995162381,2.43,2.47,2.35,2.37,2026-07-16,2.44,24.96258482641104
000848,承德露露,2026-07-17,270.340569689259,273.2063707813713,264.92738984860244,266.20107922287457,16460210.0,139138565.0,0.016278797871884673,8.49,8.58,8.32,8.36,2026-07-16,8.46,31.84223435680318
000850,华茂股份,2026-07-17,41.2213608287744,42.837884782843986,40.21103335748091,41.2213608287744,15905700.0,65352080.0,0.01686041487178418,4.08,4.24,3.98,4.08,2026-07-16,4.08,10.103274712934901
000852,石化机械,2026-07-17,28.64967711414552,29.493970152872798,27.9742426831637,28.311959898654614,15211129.0,77633889.0,0.01600735276691281,5.09,5.24,4.97,5.03,2026-07-16,5.12,5.628620258181831
000856,冀东装备,2026-07-17,14.569120391845697,14.88034325735909,13.849417515345976,14.024480377197259,5208300.0,38382852.0,0.022944052863436124,7.49,7.65,7.12,7.21,2026-07-16,7.46,1.9451429094587045
000858,五 粮 液,2026-07-17,1573.946728426685,1583.6520299692625,1526.4751447945127,1535.1255222563755,42739876.0,3130971198.0,0.011011137073261228,74.6,75.06,72.35,72.76,2026-07-16,73.9,21.098481614298727
000859,国风新材,2026-07-17,30.493538767395624,30.797713717693835,28.744532803180913,29.0867296222664,29986580.0,234464130.0,0.033469956670080354,8.02,8.1,7.56,7.65,2026-07-16,8.1,3.802186878727634
000860,顺鑫农业,2026-07-17,33.80278748387125,34.410751287538005,33.407611011487866,33.4380092016712,18971928.0,210848673.0,0.025576667985153487,11.12,11.32,10.99,11.0,2026-07-16,11.1,3.0398190183337457
000862,银星能源,2026-07-17,13.357846125298524,13.943471947075704,13.30207223751022,13.943471947075704,45290840.0,223243616.0,0.0721229517684532,4.79,5.0,4.77,5.0,2026-07-16,4.81,2.7886943894151406
000863,三湘印象,2026-07-17,29.795976392052737,30.229898378344764,27.8433274537386,28.3495697710793,25034675.0,99757001.0,0.02152195292455836,4.12,4.18,3.85,3.92,2026-07-16,4.14,7.232033104867169
000868,安凯客车,2026-07-17,17.700520902872086,18.00395840406418,16.992500066757202,17.0936459004879,13354713.0,45995366.0,0.014215695239541215,3.5,3.56,3.36,3.38,2026-07-16,3.49,5.057291686534882
000869,张  裕Ａ,2026-07-17,85.59734513274338,87.212389380531,84.63841261061948,84.8907632743363,2112983.0,35991233.0,0.0046439942610494575,16.96,17.28,16.77,16.82,2026-07-16,17.01,5.047013274336284
000875,电投绿能,2026-07-17,7.362709784191734,7.616082388101167,7.317996971737128,7.407422596646339,74850829.0,376196797.0,0.022394474349326607,4.94,5.11,4.91,4.97,2026-07-16,4.93,1.490427081820189
000876,新 希 望,2026-07-17,132.0633204409951,133.88739945261105,127.86793871427841,129.14479402240957,51231737.0,366147048.0,0.011384813908634732,7.24,7.34,7.01,7.08,2026-07-16,7.3,18.240790116159545
000877,天山股份,2026-07-17,29.159581002523737,29.87079029526822,28.60641821927803,28.764464728776804,14923342.0,55191674.0,0.0020987782266534407,3.69,3.78,3.62,3.64,2026-07-16,3.71,7.902325474938682
000878,云南铜业,2026-07-17,49.28055768711551,49.445817773256074,47.29743665342877,47.330488670656884,40133346.0,584770957.0,0.020030409845863,14.91,14.96,14.31,14.32,2026-07-16,14.96,3.3052017228112347
000880,潍柴重机,2026-07-17,128.390721317013,128.96672275854291,119.75069969406462,119.8658999823706,13214624.0,282537173.0,0.05820733058828297,22.29,22.39,20.79,20.81,2026-07-16,22.16,5.760014415298924
000881,中广核技,2026-07-17,31.441780439266022,31.850779209207694,30.930531976838928,31.646279824236856,11138616.0,68671604.0,0.01232512699990752,6.15,6.23,6.05,6.19,2026-07-16,6.12,5.1124846242708974
000882,华联股份,2026-07-17,4.201418773548021,4.320607958613213,3.992837699683935,4.022634995950233,94200726.0,130679550.0,0.0344384460059675,1.41,1.45,1.34,1.35,2026-07-16,1.42,2.979729626629802
000883,湖北能源,2026-07-17,27.496779199373925,28.215649243802,27.376967525302582,27.736402547516615,50967748.0,237014937.0,0.007865896416033285,4.59,4.71,4.57,4.63,2026-07-16,4.59,5.990583703567304
000885,城发环境,2026-07-17,27.75584826758414,28.198878567146537,27.357120997977983,27.357120997977983,7017292.0,88081208.0,0.010929029203768939,12.53,12.73,12.35,12.35,2026-07-16,12.58,2.2151514978119824
000886,海南高速,2026-07-17,14.1898714646761,14.538283487246272,13.873133262339579,14.063176183741493,23330394.0,104548058.0,0.02385941331043239,4.48,4.59,4.38,4.44,2026-07-16,4.49,3.167382023365201
000887,中鼎股份,2026-07-17,177.10720156560058,179.10143815159395,162.19790899412644,163.05258181669504,52958779.0,944996972.0,0.040292120561478656,18.65,18.86,17.08,17.17,2026-07-16,18.79,9.496364695206466
000888,峨眉山Ａ,2026-07-17,64.28981216834177,65.4828189920842,62.831692717101035,63.096805344599346,13089398.0,126331527.0,0.024841663550055355,9.7,9.88,9.48,9.52,2026-07-16,9.9,6.627815687457915
000889,中嘉博创,2026-07-17,16.79291170337532,17.26227880067463,15.958481308176545,16.37569650577593,62824520.0,200425589.0,0.0722249474965743,3.22,3.31,3.06,3.14,2026-07-16,3.34,5.215189969992335
000890,法尔胜,2026-07-17,25.550357294550544,26.289875595405842,23.590633797284003,23.997368862754417,16966000.0,113437235.0,0.0404442482426669,6.91,7.11,6.38,6.49,2026-07-16,6.96,3.6975915042764895
000892,欢瑞世纪,2026-07-17,9.621385278869935,10.068891570910397,8.875541458802498,8.925264380140327,137058350.0,519549846.0,0.19281277603132047,3.87,4.05,3.57,3.59,2026-07-16,3.87,2.486146066891456
000893,亚钾国际,2026-07-17,82.66541840496006,89.66300935088832,82.15538991035888,86.88845434025787,25056622.0,1066670642.0,0.03086527076623266,40.52,43.95,40.27,42.59,2026-07-16,40.65,2.0401139784047397
000895,双汇发展,2026-07-17,749.2076385039607,760.8708463135265,746.4452998122213,755.0392424087436,17572458.0,432279340.0,0.005072573748035428,24.41,24.79,24.32,24.6,2026-07-16,24.4,30.69265213043673
000897,津滨发展,2026-07-17,11.518437534570694,11.78322920203209,11.253645867109299,11.253645867109299,30539060.0,52983960.0,0.018883435994596704,1.74,1.78,1.7,1.7,2026-07-16,1.74,6.619791686534882
000898,鞍钢股份,2026-07-17,6.423529211212607,6.522352737538954,6.324705684886259,6.390588035770491,50592480.0,98957646.0,0.006357855971792202,1.95,1.98,1.92,1.94,2026-07-16,1.96,3.294117544211593
000899,赣能股份,2026-07-17,39.456335973771395,43.434443921744226,39.29396422079291,43.434443921744226,38112479.0,397280439.0,0.03906256815774913,9.72,10.7,9.68,10.7,2026-07-16,9.73,4.0592938244620775
000900,现代投资,2026-07-17,60.2588010430336,61.54775935411453,59.77544167637825,60.419920831918716,15452700.0,58234152.0,0.010181399292508084,3.74,3.82,3.71,3.75,2026-07-16,3.75,16.111978888511658
000901,航天科技,2026-07-17,94.31461802700112,94.64438941870391,87.71919019294509,88.24682441966958,23447782.0,321948941.0,0.029376066700307558,14.3,14.35,13.3,13.38,2026-07-16,14.3,6.5954278340560215
000902,新洋丰,2026-07-17,51.34713009489184,52.81532469575042,51.18840635425848,52.45819627932536,23040108.0,303190768.0,0.020161397760473158,12.94,13.31,12.9,13.22,2026-07-16,12.95,3.9680935158339907
000905,厦门港务,2026-07-17,23.895789196616718,24.09780673813401,23.001140084183003,23.116578679335742,12711103.0,103439094.0,0.017135309818079418,8.28,8.35,7.97,8.01,2026-07-16,8.26,2.8859648788184447
000906,浙商中拓,2026-07-17,31.25,31.875,30.34090909090909,30.624999999999996,9289824.0,50807220.0,0.013247714229736692,5.5,5.61,5.34,5.39,2026-07-16,5.48,5.681818181818182
000910,大亚圣象,2026-07-17,15.119999932461102,15.427999931085308,14.531999935087615,14.671999934462255,6793300.0,36183341.0,0.012415087512176045,5.4,5.51,5.19,5.24,2026-07-16,5.43,2.7999999874927965
000912,泸天化,2026-07-17,7.960739030057964,8.351873606679309,7.914723197514277,8.075778611417183,28923240.0,101813745.0,0.01844594387755102,3.46,3.63,3.44,3.51,2026-07-16,3.48,2.300791627184383
000913,钱江摩托,2026-07-17,35.44377755095518,35.986610180113956,34.58163161052655,34.58163161052655,7523100.0,82875784.0,0.014464643928239746,11.1,11.27,10.83,10.83,2026-07-16,11.09,3.1931331126986655
000915,华特达因,2026-07-17,103.76952618039506,104.52696797733225,101.37760471638288,101.45733543184994,2948820.0,75957618.0,0.012591977703195374,26.03,26.22,25.43,25.45,2026-07-16,26.09,3.9865357733536326
000917,电广传媒,2026-07-17,53.50895641696068,55.27122743668095,51.1859628000567,51.1859628000567,32073125.0,211999279.0,0.02262719188796949,6.68,6.9,6.39,6.39,2026-07-16,6.71,8.010322816910282
000919,金陵药业,2026-07-17,25.661626715409152,25.859633094386073,24.631993544729152,24.829999923706076,19679926.0,124696826.0,0.03165162288966997,6.48,6.53,6.22,6.27,2026-07-16,6.51,3.960127579538449
000920,沃顿科技,2026-07-17,46.557663362971766,50.42919613729138,46.06131300728976,46.32603319698683,64239367.0,932279117.0,0.13592796202379076,14.07,15.24,13.92,14.0,2026-07-16,14.15,3.309002371213345
000921,海信家电,2026-07-17,40.556948710296105,41.01548731169907,39.529189776117065,39.59243647975885,7113278.0,180763534.0,0.007747542472482566,25.65,25.94,25.0,25.04,2026-07-16,25.68,1.5811675910446825
000922,佳电股份,2026-07-17,38.82434645125235,38.859323339947174,37.00554823912161,37.18043268259572,15588668.0,168816336.0,0.02211380651228319,11.1,11.11,10.58,10.63,2026-07-16,11.09,3.497688869482194
000923,河钢资源,2026-07-17,25.446713485766267,25.465314884513173,24.126014174736003,24.237622567217432,17047345.0,226044693.0,0.027149718489060625,13.68,13.69,12.97,13.03,2026-07-16,13.76,1.8601398746905167
000925,众合科技,2026-07-17,26.203522371496042,26.203522371496042,24.031572656211612,24.13666699727376,38343287.0,271803023.0,0.05713051883453041,7.48,7.48,6.86,6.89,2026-07-16,7.38,3.5031447020716633
000926,福星股份,2026-07-17,9.756594633233961,10.301379105140425,9.657542911069148,9.905172216481178,46986226.0,94643936.0,0.029866484153955253,1.97,2.08,1.95,2.0,2026-07-16,1.97,4.952586108240589
000927,中国铁物,2026-07-17,3.9477358314226265,4.012188661323404,3.899396208997043,3.899396208997043,57164666.0,140310931.0,0.009448157629000043,2.45,2.49,2.42,2.42,2026-07-16,2.46,1.6113207475194393
000928,中钢国际,2026-07-17,13.188737413019835,13.422857012067524,12.954617813972146,12.980631102755222,19559478.0,99228808.0,0.01363384143195218,5.07,5.16,4.98,4.99,2026-07-16,5.08,2.6013288783076596
000930,中粮科技,2026-07-17,29.709766951980296,30.15605100490704,28.817198846126807,28.88095371083063,21348700.0,98511187.0,0.011500375511471966,4.66,4.73,4.52,4.53,2026-07-16,4.66,6.375486470382038
000931,中 关 村,2026-07-17,8.874714524405341,9.016547861553374,8.44921451296125,8.550524039495558,13021599.0,55700041.0,0.017338331510511094,4.38,4.45,4.17,4.22,2026-07-16,4.39,2.026190530686151
000932,华菱钢铁,2026-07-17,9.572513006665384,9.757106921394469,9.546142447418372,9.546142447418372,125999522.0,460714818.0,0.018387087174836045,3.63,3.7,3.62,3.62,2026-07-16,3.63,2.6370559247012078
000933,神火股份,2026-07-17,383.46240234374994,385.02246093749994,370.82592773437494,374.10205078124994,67206961.0,1621322383.0,0.029904049304562502,24.58,24.68,23.77,23.98,2026-07-16,24.59,15.600585937499998
000935,四川双马,2026-07-17,70.87165687064015,71.9945313162693,67.37246673774929,67.5813736113547,12557250.0,335078165.0,0.016448240232023476,27.14,27.57,25.8,25.88,2026-07-16,26.96,2.611335920067802
000936,华西股份,2026-07-17,34.1437724510335,34.61518548290181,32.66218863659023,32.99891223078188,15067253.0,75035322.0,0.017008091628247308,5.07,5.14,4.85,4.9,2026-07-16,5.05,6.734471883833037
000937,冀中能源,2026-07-17,60.757924469423976,61.973082958812455,60.352871639627814,60.62290685949193,28992773.0,131911736.0,0.007676679626759525,4.5,4.59,4.47,4.49,2026-07-16,4.5,13.501760993205329
000938,紫光股份,2026-07-17,267.66424662740746,278.23087999653427,248.03029948882732,250.81475017393507,402048066.0,14702420894.0,0.14057267483266755,37.49,38.97,34.74,35.13,2026-07-16,38.59,7.13961714130188
000948,南天信息,2026-07-17,34.18591448951314,37.674273110892024,34.08255571554635,36.563166290749116,27920535.0,388027193.0,0.07174761883351344,13.23,14.58,13.19,14.15,2026-07-16,13.38,2.583969349169549
000949,新乡化纤,2026-07-17,27.448643300328303,27.844299419972675,26.607874046084014,26.65733106103956,49823996.0,273351979.0,0.03007887271601121,5.55,5.63,5.38,5.39,2026-07-16,5.53,4.945701495554649
000950,重药控股,2026-07-17,13.98992840334666,14.089856463370564,13.315413998185303,13.315413998185303,54998835.0,300174285.0,0.03211089348260792,5.6,5.64,5.33,5.33,2026-07-16,5.64,2.498201500597618
000951,中国重汽,2026-07-17,109.81958773767523,112.12606117942116,105.52115995987602,107.14617533928792,8366443.0,172494862.0,0.0071569539225494905,20.95,21.39,20.13,20.44,2026-07-16,20.98,5.2419850948771
000952,广济药业,2026-07-17,15.13274576884662,15.493049239533443,14.23198709212956,14.36066690308914,11063717.0,63307022.0,0.03216247897659188,5.88,6.02,5.53,5.58,2026-07-16,5.93,2.573596219191602
000953,中哲精化,2026-07-17,14.59868456188001,14.885444437202654,14.18157928868344,14.285855606982583,9683600.0,53698967.0,0.026449093041190797,5.6,5.71,5.44,5.48,2026-07-16,5.61,2.6069079574785734
000955,欣龙控股,2026-07-17,10.359212832120836,10.531456275885317,9.621026644558782,9.793270088323261,21524000.0,87213760.0,0.03998418206140806,4.21,4.28,3.91,3.98,2026-07-16,4.23,2.4606206252068494
000957,中通客车,2026-07-17,50.57516930521864,51.716352612618444,49.952705683000566,50.41955339966412,9387303.0,92070816.0,0.015832755409469906,9.75,9.97,9.63,9.72,2026-07-16,9.74,5.187196851817296
000958,电投产融,2026-07-17,26.21612936450589,26.89580679247456,25.9248390382336,26.21612936450589,29699397.0,162155103.0,0.005516828552278339,5.4,5.54,5.34,5.4,2026-07-16,5.39,4.854838771204794
000959,首钢股份,2026-07-17,8.7719490326057,9.173898179652323,8.70101683018571,8.819237167552362,77158820.0,289742452.0,0.010354654481472197,3.71,3.88,3.68,3.73,2026-07-16,3.73,2.364406747333073
000960,锡业股份,2026-07-17,113.6734964425223,115.80329520089283,107.75337785993302,108.33095040457589,54219067.0,1663926740.0,0.032951266647093774,31.49,32.08,29.85,30.01,2026-07-16,31.77,3.6098284040178568
000962,东方钽业,2026-07-17,190.59299583435057,192.26756223131724,175.82947168150147,176.44461852120352,23027917.0,1234660027.0,0.04576497561279241,55.77,56.26,51.45,51.63,2026-07-16,55.77,3.417482442789144
000963,华东医药,2026-07-17,427.1400013686409,430.6500013798876,404.055001294672,406.35000130202565,37298500.0,1140556204.0,0.021276794818335124,31.64,31.9,29.93,30.1,2026-07-16,31.96,13.500000043256666
000965,天保基建,2026-07-17,8.993783890664039,9.196216325502137,8.820270375088526,8.907027132876284,15576910.0,48476760.0,0.014035390499739151,3.11,3.18,3.05,3.08,2026-07-16,3.13,2.8918919262585336
000966,长源电力,2026-07-17,16.67763878234638,18.094428484730177,16.596679370781594,17.568192309559052,132568282.0,564785775.0,0.03808300732129148,4.12,4.47,4.1,4.34,2026-07-16,4.15,4.047970578239413
000967,盈峰环境,2026-07-17,46.195564455766736,46.195564455766736,41.65644804779961,42.05864823584733,90030028.0,681091480.0,0.026813258658309087,8.04,8.04,7.25,7.32,2026-07-16,8.04,5.745716972110291
000968,蓝焰控股,2026-07-17,13.138284250960305,13.87259923175416,12.939820742637641,13.098591549295772,49664406.0,334946002.0,0.05133257824841536,6.62,6.99,6.52,6.6,2026-07-16,6.67,1.9846350832266322
000969,安泰科技,2026-07-17,117.43603304540483,118.13924282411983,109.77104645741134,110.54457721399784,39201755.0,632248497.0,0.037645133582582445,16.7,16.8,15.61,15.72,2026-07-16,16.83,7.03209778714999
000970,中科三环,2026-07-17,264.34450798955106,264.5261880637707,241.81617878631786,244.5413798996122,93473499.0,1295261274.0,0.07688699300117577,14.55,14.56,13.31,13.46,2026-07-16,14.79,18.168007421962272
000973,佛塑科技,2026-07-17,47.66993839224589,48.597526025935956,46.17773219891839,46.460041478737104,37862383.0,442780303.0,0.05342793573098367,11.82,12.05,11.45,11.52,2026-07-16,11.97,4.0329897116959295
000975,山金国际,2026-07-17,212.95486771151437,214.07568280473288,203.42793941915713,207.91119979203114,54188633.0,1005310530.0,0.021475836868340037,19.0,19.1,18.15,18.55,2026-07-16,19.3,11.208150932184967
000977,浪潮信息,2026-07-17,570.4088977159128,576.2465137729984,513.3076188126964,519.3465319751988,152228625.0,12217563044.0,0.10378055928762775,85.01,85.88,76.5,77.4,2026-07-16,85.0,6.709903513891457
000978,桂林旅游,2026-07-17,17.61555891238671,17.960347432024175,17.082703927492453,17.333459214501516,12285400.0,68627498.0,0.02624411142222538,5.62,5.73,5.45,5.53,2026-07-16,5.62,3.1344410876132938
000980,众泰汽车,2026-07-17,3.5170269399075895,3.5794593707935234,3.2464864060685446,3.267297216363856,167732070.0,271324906.0,0.03326366656070648,1.69,1.72,1.56,1.57,2026-07-16,1.68,2.081081029531118
000981,山子高科,2026-07-17,14.78722836660302,15.019184890000716,13.859402273012245,14.033369665560514,254462881.0,628811814.0,0.026747961341133414,2.55,2.59,2.39,2.42,2026-07-16,2.57,5.798913084942361
000983,山西焦煤,2026-07-17,73.44973360781637,74.64403821932557,72.13599853515623,72.25542899630715,76823720.0,472115604.0,0.01353229235549553,6.15,6.25,6.04,6.05,2026-07-16,6.15,11.943046115092091
000985,大庆华科,2026-07-17,25.89361498707676,26.433791342796397,24.778412188171707,25.092062975363753,1952600.0,28665795.0,0.015061767439707805,14.86,15.17,14.22,14.4,2026-07-16,14.84,1.7425043732891494
000987,越秀资本,2026-07-17,65.87620094792472,66.74413508426102,64.66109315705391,64.83467998432117,34676826.0,262806033.0,0.0069169044827195065,7.59,7.69,7.45,7.47,2026-07-16,7.61,8.67934136336294
000988,华工科技,2026-07-17,1323.9478641245387,1336.2827821132764,1209.027544862797,1209.027544862797,63908461.0,7683106995.0,0.06359141601162174,128.8,130.0,117.62,117.62,2026-07-16,130.69,10.279098323948281
000989,九芝堂,2026-07-17,55.69058402911143,56.798564234926204,52.19169916864369,52.658217150039384,76974090.0,710255957.0,0.11088910730127537,9.55,9.74,8.95,9.03,2026-07-16,9.66,5.831474767446222
000990,诚志股份,2026-07-17,30.436840128528022,31.046218381891595,28.89735822529373,28.929430764944442,54847112.0,511243984.0,0.04513286583069478,9.49,9.68,9.01,9.02,2026-07-16,9.56,3.207253965071446
000993,闽东电力,2026-07-17,17.88065293189321,18.846171054903017,17.88065293189321,18.586223867938838,20913480.0,209050657.0,0.04566746053902154,9.63,10.15,9.63,10.01,2026-07-16,9.68,1.856765621172711
000995,皇台酒业,2026-07-17,16.93757952951859,17.35891235363597,16.078060568319135,16.263447010930786,10842000.0,106444612.0,0.0611133658008658,10.05,10.3,9.54,9.65,2026-07-16,10.12,1.6853312964695113
000997,新 大 陆,2026-07-17,198.67109632707397,204.22664066205598,196.25564226838614,196.98027848599247,25774705.0,427893065.0,0.025584373100856577,16.45,16.91,16.25,16.31,2026-07-16,16.6,12.077270293439147
000998,隆平高科,2026-07-17,98.64471759974398,99.61658673865772,96.94394660664497,97.06543024900918,19444537.0,157243274.0,0.014793350407997459,8.12,8.2,7.98,7.99,2026-07-16,8.09,12.148364236421674
000999,华润三九,2026-07-17,102.05683555996296,103.93567272068299,100.45782521041399,100.57775098663016,21735571.0,552797427.0,0.013072502192696006,25.53,26.0,25.13,25.16,2026-07-16,25.84,3.997525873872423
001201,东瑞股份,2026-07-17,20.463875128433667,20.65271961367928,19.828670950789338,20.223527601757432,4239551.0,49922212.0,0.02104621854339928,11.92,12.03,11.55,11.78,2026-07-16,11.95,1.7167680476873883
001202,炬申股份,2026-07-17,19.970554687958156,20.208133015246677,19.020241378804094,19.28577009753832,3491980.0,48822003.0,0.029890958579513936,14.29,14.46,13.61,13.8,2026-07-16,14.4,1.3975195722853855
001203,大中矿业,2026-07-17,29.86055156104586,30.78183899577867,28.538233125311702,28.559910476717185,25870019.0,705731999.0,0.019809217967703727,27.55,28.4,26.33,26.35,2026-07-16,27.6,1.083867570273897
001205,盛航股份,2026-07-17,19.21052976578601,19.55796964097732,18.68936995299905,18.805183244729488,3702300.0,48936255.0,0.022238129091417366,13.27,13.51,12.91,12.99,2026-07-16,13.26,1.4476661466304455
001206,依依股份,2026-07-17,50.230117639391324,53.51531016746526,48.8969960337961,53.15822402310939,15159579.0,329481891.0,0.1418580067097706,21.1,22.48,20.54,22.33,2026-07-16,21.3,2.38057429570575
001207,联科科技,2026-07-17,23.398094580917768,24.473142169770743,23.160951730435492,24.172761225826527,8060140.0,122111661.0,0.027544536862924213,14.8,15.48,14.65,15.29,2026-07-16,14.81,1.5809523365484976
001208,华菱线缆,2026-07-17,13.705304678109975,13.828406217134916,12.792301597008338,12.956436982374925,19092152.0,247359274.0,0.05990001865413291,13.36,13.48,12.47,12.63,2026-07-16,13.42,1.0258461585411658
001209,洪兴股份,2026-07-17,24.480237820513437,25.031192078031072,23.274094716218066,23.52723586156401,2077400.0,33570430.0,0.02161827222073041,16.44,16.81,15.63,15.8,2026-07-16,16.44,1.4890655608584815
001210,金房能源,2026-07-17,37.81937760376995,38.87713252203044,35.20282596386241,35.555410936615914,7719356.0,154601912.0,0.05785760985219213,20.38,20.95,18.97,19.16,2026-07-16,20.67,1.8557103829131478
001211,双枪科技,2026-07-17,21.201507886540593,21.379759931086188,18.905202136217948,19.240735396539066,6032353.0,114138233.0,0.06462765283293717,20.22,20.39,18.03,18.35,2026-07-16,20.03,1.0485414385034912
001212,中旗新材,2026-07-17,66.59098395043367,68.06332868373462,61.316635095697386,61.50300784674814,6073940.0,208735819.0,0.034938076393359094,35.73,36.52,32.9,33.0,2026-07-16,35.73,1.8637275105075195
001213,中铁特货,2026-07-17,3.7290765440243847,3.802401082811381,3.6976517416871,3.7186016099119565,14336925.0,51416874.0,0.003225808125322581,3.56,3.63,3.53,3.55,2026-07-16,3.57,1.0474934112428047
001215,千味央厨,2026-07-17,35.421795967297676,36.707101135253914,32.01118304130359,32.05166509383764,4974365.0,164570372.0,0.05133416624663594,35.0,36.27,31.63,31.67,2026-07-16,35.14,1.0120513133513622
001216,华瓷股份,2026-07-17,14.602362286594403,15.016150330509829,14.504359855140748,14.667697240896839,3389600.0,45955048.0,0.013803933379014949,13.41,13.79,13.32,13.47,2026-07-16,13.53,1.0889159050405968
001217,华尔泰,2026-07-17,9.17098993243593,9.382303064519709,8.949111143747965,9.033636396581477,4131600.0,35859686.0,0.012589726598436601,8.68,8.88,8.47,8.55,2026-07-16,8.72,1.056565660418886
001218,丽臣实业,2026-07-17,37.183785891658225,37.61100385722196,34.73123831157013,35.095164726679975,3527220.0,80138646.0,0.02987620739316746,23.5,23.77,21.95,22.18,2026-07-16,23.75,1.5822887613471586
001219,青岛食品,2026-07-17,30.029475381467474,30.317758345129562,29.116579329870863,29.4529094541433,3396470.0,42033950.0,0.017857595394261228,12.5,12.62,12.12,12.26,2026-07-16,12.42,2.402358030517398
001220,世盟股份,2026-07-17,28.57999958768087,29.399999575850863,28.19999959316307,28.339999591143314,720300.0,20729826.0,0.03185949022692555,28.58,29.4,28.2,28.34,2026-07-16,28.87,0.9999999855731586
001221,悍高集团,2026-07-17,39.98715750605083,40.01744315929954,35.9187847529737,36.15097476121384,6272317.0,229612470.0,0.1741874809075509,39.61,39.64,35.58,35.81,2026-07-16,39.53,1.0095217749571024
001222,源飞宠物,2026-07-17,20.679052094068773,21.27865685775818,20.22569239469386,20.31343943328255,5974900.0,84338762.0,0.05287583656393877,14.14,14.55,13.83,13.89,2026-07-16,14.23,1.462450643144892
001223,欧克科技,2026-07-17,66.80242358451282,67.0639993395124,60.725817583752914,61.00751455067556,2142131.0,67479138.0,0.030674262688516328,33.2,33.33,30.18,30.32,2026-07-16,33.33,2.012121192304603
001225,和泰机电,2026-07-17,42.7629392971246,43.1727369542066,39.58423855165069,39.98296059637913,1206400.0,44667380.0,0.057341747068614696,38.61,38.98,35.74,36.1,2026-07-16,38.61,1.1075612353567625
001226,拓山重工,2026-07-17,48.61639828152127,48.61639828152127,44.09151797824436,44.09151797824436,1361930.0,59548120.0,0.04014366393133371,46.63,46.63,42.29,42.29,2026-07-16,46.99,1.0425991482204862
001227,兰州银行,2026-07-17,2.509999990463257,2.5691981034458804,2.4981603678667317,2.509999990463257,112809656.0,242312727.0,0.026747991741745646,2.12,2.17,2.11,2.12,2026-07-16,2.11,1.1839622596524795
001228,永泰运,2026-07-17,29.021918447057626,30.837803014829834,28.796275985973505,29.01117356795838,3063000.0,84784379.0,0.038352407134429216,27.01,28.7,26.8,27.0,2026-07-16,26.85,1.0744879099243845
001229,魅视科技,2026-07-17,41.540745672436756,41.540745672436756,37.54340878828229,37.722237017310256,6033831.0,225476695.0,0.08181332088065545,39.49,39.49,35.69,35.86,2026-07-16,39.58,1.051930758988016
001230,劲旅环境,2026-07-17,25.043047468364236,26.250547496974466,23.760078687965866,24.061953695118422,21374712.0,426697860.0,0.19435305964210658,19.91,20.87,18.89,19.13,2026-07-16,19.46,1.2578125298023222
001231,农心科技,2026-07-17,19.266069913976335,19.758493426154644,18.44536406034582,18.558211115220015,1569615.0,29135918.0,0.030799148439939732,18.78,19.26,17.98,18.09,2026-07-16,18.78,1.0258823170381435
001233,海安集团,2026-07-17,43.94107300478892,44.84984255224402,42.96001497060445,43.03230345733383,2222753.0,94488953.0,0.05893844337012945,42.55,43.43,41.6,41.67,2026-07-16,42.8,1.032692667562607
001234,泰慕士,2026-07-17,22.433685360703603,22.765217656674594,21.08545402375491,21.27332232480514,1859400.0,36705333.0,0.02032453230293325,20.3,20.6,19.08,19.25,2026-07-16,20.28,1.1051076532366306
001236,弘业期货,2026-07-17,7.086474764347076,7.237037259340286,6.986099767684936,7.096512264013291,13966700.0,99376344.0,0.018423835133180754,7.06,7.21,6.96,7.07,2026-07-16,7.07,1.003749966621399
001237,惠康科技,2026-07-17,56.80000128115182,58.660001323105035,53.9900012177709,54.610001231755305,3102820.0,174921230.0,0.08901817499113783,56.8,58.66,53.99,54.61,2026-07-16,56.93,1.00000002255549
001238,浙江正特,2026-07-17,36.452773616219154,36.90542738250515,34.840194573825286,35.60404780443291,583280.0,14813170.0,0.004018910265398422,25.77,26.09,24.63,25.17,2026-07-16,25.77,1.414543019643739
001239,永达股份,2026-07-17,12.290000357882667,12.420000361668246,11.82000034419635,11.840000344778746,3457733.0,41641227.0,0.030330991228070175,12.29,12.42,11.82,11.84,2026-07-16,12.28,1.0000000291198266
001255,博菲电气,2026-07-17,24.213713498876082,24.537101993018002,22.879735960540675,23.132383221589045,1307000.0,30609551.0,0.016915199742236688,23.96,24.28,22.64,22.89,2026-07-16,23.86,1.0105890441934926
001256,炜冈科技,2026-07-17,25.594838178479996,25.594838178479996,23.38446877969278,23.911239056973844,4196500.0,99349204.0,0.03925170324705915,24.78,24.78,22.64,23.15,2026-07-16,24.85,1.0328828966295398
001257,盛龙股份,2026-07-17,23.920000359950922,24.76000037259134,22.96000034550473,24.060000362057657,17481756.0,418615750.0,0.12765252162740792,23.92,24.76,22.96,24.06,2026-07-16,23.93,1.0000000150481154
001258,立新能源,2026-07-17,7.573886179945509,8.441514650693984,7.482019635983907,8.441514650693984,57396837.0,460356627.0,0.06149725345416751,7.42,8.27,7.33,8.27,2026-07-16,7.52,1.0207393773511468
001259,利仁科技,2026-07-17,52.892412568276924,53.25152691161149,47.72116602425916,49.044758889692275,2417200.0,118214256.0,0.050840792328046204,51.55,51.9,46.51,47.8,2026-07-16,51.33,1.0260409809559055
001260,坤泰股份,2026-07-17,17.32153211553046,17.636851268119,16.302000188827513,16.386085296184458,1646100.0,26388277.0,0.01431391304347826,16.48,16.78,15.51,15.59,2026-07-16,16.33,1.0510638419617997
001266,宏英智能,2026-07-17,51.98847812575263,52.324736561324144,45.65804757781931,46.19898506113001,3961277.0,130861726.0,0.06812445910322046,35.56,35.79,31.23,31.6,2026-07-16,34.15,1.4619931981370256
001267,汇绿生态,2026-07-17,39.694583774855374,40.43236268794823,36.28625302141229,36.28625302141229,25717503.0,916906761.0,0.04225984037460656,38.2,38.91,34.92,34.92,2026-07-16,38.8,1.0391252297082558
001268,联合精密,2026-07-17,21.967263886199177,22.4292904688917,20.161159972037485,20.413174471687956,3525120.0,71003661.0,0.037367066416358605,20.92,21.36,19.2,19.44,2026-07-16,21.13,1.0500604152102857
001269,欧晶科技,2026-07-17,26.509807840537686,27.2547115319247,25.443573145022953,25.7502981944176,3372280.0,60683366.0,0.017526316369915643,18.15,18.66,17.42,17.63,2026-07-16,18.2,1.4605954733078617
001270,铖昌科技,2026-07-17,220.17238218476086,222.28236751403148,201.71459747827174,201.71459747827174,7292366.0,822587633.0,0.03560668976864313,120.0,121.15,109.94,109.94,2026-07-16,122.16,1.8347698515396738
001277,速达股份,2026-07-17,28.361485569509032,28.67900310387334,27.060687928726207,27.61378298858662,881100.0,23970101.0,0.019343795492414856,27.69,28.0,26.42,26.96,2026-07-16,27.65,1.0242501108526194
001278,一彬科技,2026-07-17,15.753971666186425,15.855610193065045,14.483490080203648,14.554637049018684,2905228.0,43046851.0,0.03405460283868143,15.5,15.6,14.25,14.32,2026-07-16,15.1,1.016385268786221
001279,强邦新材,2026-07-17,26.412278998004727,26.71367434602304,25.477953419147962,25.568372023553454,890648.0,23086415.0,0.0222662,26.29,26.59,25.36,25.45,2026-07-16,26.28,1.0046511600610395
001280,中国铀业,2026-07-17,59.489998516351896,59.73999851011703,56.60999858817752,56.65999858693054,8294003.0,480825715.0,0.04774151379213786,59.49,59.74,56.61,56.66,2026-07-16,59.94,0.9999999750605462
001282,三联锻造,2026-07-17,32.32763223442864,32.70913845334425,30.299625491771934,30.50041823856963,3609423.0,56354941.0,0.02363313803958954,16.1,16.29,15.09,15.19,2026-07-16,16.12,2.007927467976934
001283,豪鹏科技,2026-07-17,59.7097970767897,60.017441640581396,56.01806231128926,56.25882762208277,3217500.0,138452402.0,0.031117352914148074,44.64,44.87,41.88,42.06,2026-07-16,44.01,1.337585059963927
001285,瑞立科密,2026-07-17,41.27023083040084,41.452260763002464,39.86455523975499,40.27917897512535,1255503.0,50438255.0,0.030255439158276658,40.81,40.99,39.42,39.83,2026-07-16,40.52,1.0112774033423386
001286,陕西能源,2026-07-17,11.408921237351898,11.531717845581712,11.185654676934051,11.252634645059405,19409763.0,197642509.0,0.014377602222222223,10.22,10.33,10.02,10.08,2026-07-16,10.17,1.1163328020892267
001287,中电港,2026-07-17,25.4946828504396,25.779085687018206,23.0671014953579,23.0671014953579,45786381.0,1072225676.0,0.06025315851486199,25.1,25.38,22.71,22.71,2026-07-16,25.23,1.0157244163521753
001288,运机集团,2026-07-17,33.5310718525338,33.5310718525338,30.26969100365513,30.400728627047577,3239380.0,70091425.0,0.021329535141725708,23.03,23.03,20.79,20.88,2026-07-16,22.75,1.4559735932494051
001289,龙源电力,2026-07-17,16.997110401260937,17.384598438751173,16.745766809375375,16.97616510193714,12212817.0,200102836.0,0.0024222484076053476,16.23,16.6,15.99,16.21,2026-07-16,16.24,1.0472649661898297
001296,长江材料,2026-07-17,34.895988651838074,35.05125445229119,33.28510597213698,33.3433306473069,2540240.0,44450919.0,0.032948764194354954,17.98,18.06,17.15,17.18,2026-07-16,17.91,1.940822505663964
001298,好上好,2026-07-17,80.5679270672655,80.88423412810167,73.65435845184678,73.97066551268293,13367764.0,227615094.0,0.03281081466685409,17.83,17.9,16.3,16.37,2026-07-16,18.11,4.518672297659311
001299,美能能源,2026-07-17,19.055646380256196,19.509352246452774,18.299469936595237,18.507418458602,4646186.0,46433373.0,0.016424857151531334,10.08,10.32,9.68,9.79,2026-07-16,10.13,1.8904411091524005
001300,三柏硕,2026-07-17,11.475784613947162,11.636707097578324,10.560537988294936,10.942728886918943,5391800.0,59153038.0,0.022117853694110238,11.41,11.57,10.5,10.88,2026-07-16,11.41,1.0057655226947557
001301,尚太科技,2026-07-17,53.96372170586332,56.301765214782606,51.478895196384094,52.05554269858391,6324651.0,323050552.0,0.02431725809412014,51.47,53.7,49.1,49.65,2026-07-16,51.41,1.048450003999676
001306,夏厦精密,2026-07-17,51.68412693184241,52.019342377744685,47.64122549338461,48.45386899860226,994500.0,48560480.0,0.06416222170966998,50.88,51.21,46.9,47.7,2026-07-16,50.93,1.0158043815220599
001308,康冠科技,2026-07-17,34.976081014503904,36.46523730223934,34.116952386964236,34.26968636519351,7053960.0,130350121.0,0.01447748187325459,18.32,19.1,17.87,17.95,2026-07-16,18.16,1.9091747278659337
001309,德明利,2026-07-17,1375.7597689343786,1375.7597689343786,1375.7597689343786,1375.7597689343786,2107600.0,1130811704.0,0.012768070566792439,536.54,536.54,536.54,536.54,2026-07-16,596.16,2.5641327187802934
001311,多利科技,2026-07-17,49.301897341066656,50.02781484792898,46.15625481132989,46.27724106247361,6489596.0,102885562.0,0.036637358643537093,16.3,16.54,15.26,15.3,2026-07-16,16.4,3.024656278593046
001312,福恩股份,2026-07-17,17.809999266597313,18.04999925671429,17.079999296658176,17.169999292952046,2787687.0,48736572.0,0.048769662018210584,17.81,18.05,17.08,17.17,2026-07-16,17.84,0.9999999588207363
001313,粤海饲料,2026-07-17,7.741935310825225,7.886451436627295,7.401290157148915,7.473548220049951,14551727.0,107101258.0,0.02081335812883176,7.5,7.64,7.17,7.24,2026-07-16,7.55,1.0322580414433633
001314,亿道信息,2026-07-17,64.30383721713362,68.05626139147529,61.51515039904365,62.96075643342117,18027118.0,1152770567.0,0.14526355396098772,62.72,66.38,60.0,61.41,2026-07-16,62.72,1.0252525066507274
001316,润贝航科,2026-07-17,55.38267260093021,55.59205888675604,51.38339454165699,51.92779888480414,3453848.0,88013624.0,0.022994884032308927,26.45,26.55,24.54,24.8,2026-07-16,26.19,2.0938628582582313
001317,三羊马,2026-07-17,52.38324656739937,53.491940523874426,46.96183483527823,46.96183483527823,8931072.0,436741349.0,0.10447968326404673,51.5,52.59,46.17,46.17,2026-07-16,51.3,1.0171504187844538
001318,阳光乳业,2026-07-17,10.887666336722432,11.533015584214583,10.804395466078283,10.929301772044505,6878000.0,73225214.0,0.024333121064176042,10.46,11.08,10.38,10.5,2026-07-16,10.48,1.0408858830518577
001319,铭科精技,2026-07-17,21.670212765957448,21.98936170212766,20.638297872340424,20.77659574468085,2011700.0,40217988.0,0.031697998450316574,20.37,20.67,19.4,19.53,2026-07-16,20.37,1.0638297872340425
001322,箭牌家居,2026-07-17,6.679514163713844,6.8997179273527625,6.606112909167538,6.794858992286612,7147098.0,46192758.0,0.009097491162860648,6.37,6.58,6.3,6.48,2026-07-16,6.37,1.048589350661514
001323,慕思股份,2026-07-17,21.880832776255993,21.958332774282873,20.8345828028931,20.912082800919983,3267770.0,53834329.0,0.010498925585198627,16.94,17.0,16.13,16.19,2026-07-16,16.9,1.2916666337813454
001324,长青科技,2026-07-17,19.37332599554489,19.383581858962327,18.193901702539243,18.511833468479896,2602074.0,47424651.0,0.018855608695652174,18.89,18.9,17.74,18.05,2026-07-16,18.88,1.0255863417440385
001325,元创股份,2026-07-17,34.86999920109014,35.4599991875726,33.59999923018724,33.86999922400123,757600.0,26079262.0,0.0386530612244898,34.87,35.46,33.6,33.87,2026-07-16,34.9,0.9999999770889058
001326,联域股份,2026-07-17,55.93709773630141,57.401145910368,51.273058553203555,51.81684787499971,836191.0,43339747.0,0.03481615295356116,53.49,54.89,49.03,49.55,2026-07-16,53.48,1.045748695761851
001328,登康口腔,2026-07-17,30.392149065693076,30.65688904013291,29.227293178157804,29.65087713726154,1627491.0,46054322.0,0.010063827590066344,28.7,28.95,27.6,28.0,2026-07-16,28.66,1.0589598977593406
001330,博纳影业,2026-07-17,5.080000116738927,5.140000118117733,4.590000105478676,4.630000106397881,104212891.0,498542189.0,0.08961872210425918,5.08,5.14,4.59,4.63,2026-07-16,5.09,1.0000000229801038
001331,胜通能源,2026-07-17,127.93483745939034,127.95883574066202,115.0717586977634,115.0717586977634,8402763.0,410855450.0,0.02939733758195093,53.31,53.32,47.95,47.95,2026-07-16,53.28,2.3998281271692052
001332,锡装股份,2026-07-17,63.61195381027667,63.61195381027667,59.77147227603381,59.94121731622134,2368605.0,68604100.0,0.03524452777632989,29.98,29.98,28.17,28.25,2026-07-16,29.81,2.121813002344118
001333,光华股份,2026-07-17,20.278684276906777,20.586097682045462,19.00662880736741,19.208037590044476,1673582.0,31193981.0,0.013074859375,19.13,19.42,17.93,18.12,2026-07-16,19.12,1.060046224616141
001335,信凯科技,2026-07-17,32.02663969206501,32.49850554332741,31.03270949472506,31.353979861542015,891500.0,28165847.0,0.034900522744453405,31.9,32.37,30.91,31.23,2026-07-16,32.22,1.0039698963029784
001336,楚环科技,2026-07-17,22.278165963642067,22.83766328236367,20.87433632757695,21.40331561073192,1637800.0,35066146.0,0.033205428838239806,21.9,22.45,20.52,21.04,2026-07-16,21.9,1.017267852221099
001337,四川黄金,2026-07-17,35.48499267578125,35.734301757812496,33.88525939941406,34.279998779296875,12070415.0,402449020.0,0.028739083333333332,34.16,34.4,32.62,33.0,2026-07-16,34.93,1.038787841796875
001338,永顺泰,2026-07-17,9.122714003665738,9.29934969621963,8.852565297406844,8.946078311111847,6079000.0,52977658.0,0.01211605822894273,8.78,8.95,8.52,8.61,2026-07-16,8.82,1.039033485611132
001339,智微智能,2026-07-17,87.67295597484276,88.2974646226415,79.78601611635219,79.78601611635219,9486048.0,776687740.0,0.05859213883146186,87.04,87.66,79.21,79.21,2026-07-16,88.01,1.0072720125786163
001356,富岭股份,2026-07-17,8.947644663251136,9.08807854810037,8.827272761951793,8.837303753726738,4413005.0,39435349.0,0.02199390221870028,8.92,9.06,8.8,8.81,2026-07-16,8.88,1.003099177494522
001358,兴欣新材,2026-07-17,33.59625778106471,34.04361141330258,31.22528353020395,31.598078223735513,1788155.0,39173840.0,0.03598152440463737,22.53,22.83,20.94,21.19,2026-07-16,22.3,1.491178774126263
001359,平安电工,2026-07-17,108.27982294621891,109.35433210502742,98.43527236742082,98.43527236742082,4351512.0,433242653.0,0.07217669482901809,105.81,106.86,96.19,96.19,2026-07-16,106.88,1.0233420560081175
001360,南矿集团,2026-07-17,15.053173166230756,15.165892638544262,14.141170162966947,14.315372983815092,3226348.0,46093155.0,0.025711157583837106,14.69,14.8,13.8,13.97,2026-07-16,14.69,1.024722475577315
001365,天海电子,2026-07-17,42.81999881284332,43.559998792327306,39.22999891237374,39.99999889102599,14512385.0,598311481.0,0.2523645243460094,42.82,43.56,39.23,40.0,2026-07-16,43.25,0.9999999722756497
001366,播恩集团,2026-07-17,11.63562113080321,11.870169146586274,11.033954481620574,11.237909277953671,4271625.0,47887316.0,0.0265846713965646,11.41,11.64,10.82,11.02,2026-07-16,11.51,1.0197739816654874
001367,海森药业,2026-07-17,45.0102918635311,45.0102918635311,41.646293966406205,41.93784045082369,3055946.0,58482516.0,0.02512348171044804,20.07,20.07,18.57,18.7,2026-07-16,20.12,2.24266526474993
001368,通达创智,2026-07-17,24.381486075601458,24.728354395171742,23.038769999845528,23.128284404895926,2150251.0,45732994.0,0.01989488418730914,21.79,22.1,20.59,20.67,2026-07-16,21.73,1.118930063129943
001369,双欣材料,2026-07-17,11.885194982849512,13.087863522780712,11.66285289983702,13.087863522780712,21781825.0,269360555.0,0.10499621377680456,11.76,12.95,11.54,12.95,2026-07-16,11.77,1.0106458318749585
001373,翔腾新材,2026-07-17,27.028294523319087,27.705771415598313,25.70367552498209,25.70367552498209,2129500.0,56319281.0,0.05075013199324069,26.73,27.4,25.42,25.42,2026-07-16,26.73,1.011159540715267
001376,百通能源,2026-07-17,10.106235539174389,10.249877465619507,9.675309759839035,9.788171273474484,12867400.0,124998262.0,0.06011636160589988,9.85,9.99,9.43,9.54,2026-07-16,9.83,1.026013760322273
001378,德冠新材,2026-07-17,27.570276456388093,28.323715185459427,26.161066981643557,26.244782395984817,7387627.0,143406512.0,0.08759151496047435,19.76,20.3,18.75,18.81,2026-07-16,19.77,1.3952569056876565
001379,腾达科技,2026-07-17,15.923627801899261,15.923627801899261,14.975550090262495,15.240604074160945,2159128.0,32752829.0,0.03208324804683074,15.62,15.62,14.69,14.95,2026-07-16,15.43,1.0194383996094278
001380,华纬科技,2026-07-17,35.59142323029347,36.71445357493865,34.36040919866318,34.55477983523638,2026896.0,33177297.0,0.008709128186790866,16.48,17.0,15.91,16.0,2026-07-16,16.48,2.159673739702274
001382,新亚电缆,2026-07-17,15.639853466556426,15.893747191662861,15.23362350638613,15.396115490454248,2810341.0,43209561.0,0.0446085873015873,15.4,15.65,15.0,15.16,2026-07-16,15.43,1.015574900425742
001386,马可波罗,2026-07-17,14.763396576215637,15.026667022705078,14.398868265691794,14.510251916129635,4095084.0,59586124.0,0.038078644037536684,14.58,14.84,14.22,14.33,2026-07-16,14.58,1.012578640344008
001387,雪祺电气,2026-07-17,16.333602719944018,16.95972415754187,15.598590597546536,15.707481282346162,4713412.0,55967380.0,0.04046035654845177,12.0,12.46,11.46,11.54,2026-07-16,12.02,1.3611335599953347
001388,信通电子,2026-07-17,21.156993740491046,25.04421172917457,21.156993740491046,25.04421172917457,19143967.0,457437342.0,0.15300659761366203,20.9,24.74,20.9,24.74,2026-07-16,33.78,1.0122963512196674
001389,广合科技,2026-07-17,196.68058139776315,199.65612796406378,178.8069911018958,178.8069911018958,11796131.0,2109386949.0,0.07742433368325295,193.67,196.6,176.07,176.07,2026-07-16,195.63,1.0155449031742818
001390,古麒绒材,2026-07-17,17.869999841098753,18.059999839409258,17.039999848479166,17.229999846789674,1841678.0,32210426.0,0.015505048230225396,17.87,18.06,17.04,17.23,2026-07-16,17.9,0.9999999911079324
001391,国货航,2026-07-17,4.351763597754545,4.442635691443155,4.291182201962139,4.301279101260873,32398404.0,139816056.0,0.021323801808876643,4.31,4.4,4.25,4.26,2026-07-16,4.31,1.0096899298734443
001393,维通利,2026-07-17,45.30000041353463,45.93000041928578,42.360000386695965,42.55000038843043,3216150.0,140778024.0,0.06694708331760865,45.3,45.93,42.36,42.55,2026-07-16,45.36,1.0000000091288
001395,亚联机械,2026-07-17,31.50412482999813,34.98882545428088,31.119186970338987,34.28985934068928,9265439.0,303659578.0,0.17815924932460367,31.1,34.54,30.72,33.85,2026-07-16,32.43,1.0129943675240556
001396,誉帆科技,2026-07-17,32.120000683242054,32.70000069557956,30.56000065005845,30.99000065920521,1070691.0,33748053.0,0.04713079466700473,32.12,32.7,30.56,30.99,2026-07-16,32.44,1.000000021271546
001400,江顺科技,2026-07-17,112.92639007960466,114.04714194094748,102.99567738416204,105.64859634708743,2101430.0,161469838.0,0.045454506126775034,79.6,80.39,72.6,74.47,2026-07-16,79.6,1.4186732422060888
001696,宗申动力,2026-07-17,479.3930288461539,479.3930288461539,429.66346153846155,435.34684065934067,42850729.0,675111376.0,0.0480720723287836,16.87,16.87,15.12,15.32,2026-07-16,16.78,28.416895604395606
001872,招商港口,2026-07-17,104.29404082784146,110.27077669190113,104.09481629903945,109.57349084109417,8943170.0,195001162.0,0.0038845298771493977,20.94,22.14,20.9,22.0,2026-07-16,20.94,4.980613220049735
001896,豫能控股,2026-07-17,18.460333918195328,20.52689271144184,18.21068252035347,19.361852854846493,169147515.0,2386962685.0,0.11085960463286046,13.31,14.8,13.13,13.96,2026-07-16,13.5,1.3869522102325567
001914,招商积余,2026-07-17,92.6398340913116,94.79663732403615,90.277621026899,90.48303085858706,11474397.0,103360137.0,0.01088945823012218,9.02,9.23,8.79,8.81,2026-07-16,9.06,10.270491584402617
001965,招商公路,2026-07-17,13.033126549578055,13.299380411673626,12.993188470263721,13.152940787521064,10751214.0,106446912.0,0.0015822021638634365,9.79,9.99,9.76,9.88,2026-07-16,9.79,1.3312693104778404
001979,招商蛇口,2026-07-17,9.342211998446908,9.632428643369076,9.121094554696686,9.20401359610302,79737320.0,541082904.0,0.009477212614312888,6.76,6.97,6.6,6.66,2026-07-16,6.77,1.3819840234388918
002001,新 和 成,2026-07-17,1373.0986573321104,1426.9268161074679,1369.7343974086505,1403.376996643249,48388363.0,1415357765.0,0.015933735333397744,28.57,29.69,28.5,29.2,2026-07-16,28.73,48.060856049426334
002003,伟星股份,2026-07-17,255.16606348065713,262.5423843735669,252.70728984968719,256.80524590130375,13513668.0,128231319.0,0.013221462208952943,9.34,9.61,9.25,9.4,2026-07-16,9.29,27.319707010776995
002004,华邦健康,2026-07-17,108.38907869779148,110.1095402644231,105.43971601213728,105.43971601213728,30666991.0,134251073.0,0.01628345233284534,4.41,4.48,4.29,4.29,2026-07-16,4.42,24.578022380451582
002006,精工科技,2026-07-17,111.22258563843931,111.93963669198226,104.68945381727023,105.08781551368298,9293528.0,126180797.0,0.017879271427511667,13.96,14.05,13.14,13.19,2026-07-16,13.97,7.967233928254965
002007,华兰生物,2026-07-17,616.3835493714191,622.7333431103448,596.8806114590049,597.7877248502799,19884085.0,266603612.0,0.012636505209980735,13.59,13.73,13.16,13.18,2026-07-16,13.66,45.35566956375417
002008,大族激光,2026-07-17,1455.6290560805594,1484.4708224940625,1354.073540540055,1379.93634516437,57379634.0,6004680032.0,0.0599749051606009,107.5,109.63,100.0,101.91,2026-07-16,108.1,13.540735405400552
002009,天奇股份,2026-07-17,93.58172779605567,94.2308496073578,86.65776180883306,87.90191194716212,15065479.0,250410946.0,0.04255213230965583,17.3,17.42,16.02,16.25,2026-07-16,17.24,5.409348427517669
002010,传化智联,2026-07-17,43.57255251073563,43.94737016674196,41.79216864470557,41.97957747270874,26581460.0,121404179.0,0.00964030716080192,4.65,4.69,4.46,4.48,2026-07-16,4.64,9.3704414001582
002011,盾安环境,2026-07-17,62.862814354469705,63.792737643737,61.68491152139778,61.68491152139778,12889591.0,130148075.0,0.01214090321488169,10.14,10.29,9.95,9.95,2026-07-16,10.18,6.199488595115355
002012,凯恩股份,2026-07-17,30.521345431988056,30.734037734649995,28.288076254037712,28.6602877836961,15690200.0,86697167.0,0.03355292003234982,5.74,5.78,5.32,5.39,2026-07-16,5.74,5.3173075665484415
002014,永新股份,2026-07-17,159.35404250287777,161.5389699594986,157.16911504625696,157.46043870713976,2437200.0,26706948.0,0.004043840909982474,10.94,11.09,10.79,10.81,2026-07-16,10.93,14.566183044138738
002015,协鑫能科,2026-07-17,71.36110377008426,73.2640665372865,68.55951969614762,69.0881204648149,63662056.0,855618656.0,0.039217082924118095,13.5,13.86,12.97,13.07,2026-07-16,13.57,5.2860076866729075
002016,世荣兆业,2026-07-17,31.411525144415393,33.08389801090047,30.466270915532522,30.757118370573405,13284465.0,57560032.0,0.016418905843258835,4.32,4.55,4.19,4.23,2026-07-16,4.33,7.271186376022081
002017,东信和平,2026-07-17,111.89909465138504,112.586119023765,105.62999725341797,106.40289967234543,11829945.0,149944078.0,0.020393437191081304,13.03,13.11,12.3,12.39,2026-07-16,12.97,8.587804654749428
002019,亿帆医药,2026-07-17,162.23420440643645,166.92130630447886,154.37196896455882,154.37196896455882,32056681.0,337051340.0,0.03804864631398127,10.73,11.04,10.21,10.21,2026-07-16,10.95,15.11968354207236
002020,京新药业,2026-07-17,195.0178502972871,195.94023202166616,181.44566206713807,182.10450615598026,29224107.0,414106651.0,0.04036655415322827,14.8,14.87,13.77,13.82,2026-07-16,14.87,13.176881776843723
002021,中捷资源,2026-07-17,27.688593200401023,28.152000617980956,26.298370947661223,26.877630219636135,34131016.0,79950127.0,0.028551057530432588,2.39,2.43,2.27,2.32,2026-07-16,2.39,11.585185439498336
002022,科华生物,2026-07-17,70.08000183105467,70.73618162348028,66.79910286892665,67.45528266135226,9756800.0,50747923.0,0.01897169227821791,5.34,5.39,5.09,5.14,2026-07-16,5.31,13.123595848512112
002023,海特高新,2026-07-17,98.54285744235594,98.64572055033335,91.54816609989227,91.75389231584708,30046760.0,276828793.0,0.040556583523476596,9.58,9.59,8.9,8.92,2026-07-16,9.61,10.286310797740704
002025,航天电器,2026-07-17,479.648693297554,482.12628671539704,433.6458101067933,433.6458101067933,22257647.0,1486479882.0,0.04903955603502481,71.63,72.0,64.76,64.76,2026-07-16,72.08,6.696198426602737
002026,山东威达,2026-07-17,39.019631655998246,39.29114002736205,37.54572906859473,37.58451597878956,5432101.0,53694344.0,0.012331841206777718,10.06,10.13,9.68,9.69,2026-07-16,10.05,3.8786910194829267
002027,分众传媒,2026-07-17,84.07861705433238,85.56819885253906,81.92699890136718,82.75454434481533,180919489.0,911543371.0,0.012527142155103583,5.08,5.17,4.95,5.0,2026-07-16,5.1,16.550908868963067
002028,思源电气,2026-07-17,3062.0923821182973,3104.9616754679532,2965.9426813197824,3001.8712319366377,13140315.0,1949110750.0,0.021513093511781815,150.0,152.1,145.29,147.05,2026-07-16,151.4,20.41394921412198
002029,七 匹 狼,2026-07-17,86.9002552278436,90.9639362277068,80.85683220240604,81.27361999726381,28691515.0,232919713.0,0.043118812826862585,8.34,8.73,7.76,7.8,2026-07-16,8.4,10.419694871444078
002030,达安基因,2026-07-17,157.02748802137663,159.37556260861217,150.5702829064789,151.74432020009667,26157164.0,137418783.0,0.018637812501221988,5.35,5.43,5.13,5.17,2026-07-16,5.41,29.35093234044423
002031,巨轮智能,2026-07-17,74.52187932291139,75.41614187478632,70.49769783947418,71.54100414999493,64349356.0,315667422.0,0.029257844012137248,5.0,5.06,4.73,4.8,2026-07-16,4.99,14.904375864582278
002032,苏 泊 尔,2026-07-17,498.8561254516681,503.9075488642075,492.23314808856094,492.23314808856094,1805686.0,80184563.0,0.0022585639745038282,44.44,44.89,43.85,43.85,2026-07-16,44.26,11.225385361198652
002033,丽江股份,2026-07-17,54.76923799734511,55.41739466003559,53.21366200688798,53.602556004502254,16133680.0,134974499.0,0.029361714139786235,8.45,8.55,8.21,8.27,2026-07-16,8.46,6.481566626904747
002034,旺能环境,2026-07-17,55.08381144205731,55.94449599583945,53.75366258621217,54.02751676241559,7607158.0,106601473.0,0.014784172999877962,14.08,14.3,13.74,13.81,2026-07-16,14.09,3.91220251719157
002035,华帝股份,2026-07-17,92.65262533033622,95.12083051331649,90.75400595881295,91.32359177026991,13984515.0,68115264.0,0.017882150170140082,4.88,5.01,4.78,4.81,2026-07-16,4.9,18.986193715232833
002036,联创电子,2026-07-17,43.81135728624131,44.664825285323936,42.03329895481918,42.317788287846724,34754499.0,210707394.0,0.0329280531563363,6.16,6.28,5.91,5.95,2026-07-16,6.2,7.112233325688525
002037,保利联合,2026-07-17,25.614336734702565,26.324685388030368,24.820417651571493,25.112914155882937,8258700.0,50447859.0,0.01706753562281551,6.13,6.3,5.94,6.01,2026-07-16,6.16,4.178521490163551
002038,双鹭药业,2026-07-17,149.10139614980406,150.46721046568015,134.30507439448002,134.30507439448002,88365522.0,538619272.0,0.1037261981856337,6.55,6.61,5.9,5.9,2026-07-16,6.56,22.763571931267798
002039,黔源电力,2026-07-17,73.65729625592519,77.01412431997207,73.31003818033413,75.31641817263801,14417604.0,283085830.0,0.03372089919086003,19.09,19.96,19.0,19.52,2026-07-16,19.17,3.858423062122849
002040,南 京 港,2026-07-17,25.297238726309292,25.741606784236932,24.884611243947912,25.170276424044253,7844869.0,62612578.0,0.016139200366313503,7.97,8.11,7.84,7.93,2026-07-16,7.97,3.174057556626009
002041,登海种业,2026-07-17,116.50862068965517,118.42758620689656,113.49310344827586,114.04137931034484,15016371.0,126562422.0,0.017064057954545454,8.5,8.64,8.28,8.32,2026-07-16,8.54,13.706896551724139
002042,华孚时尚,2026-07-17,28.91451156348512,29.37962435002912,28.139323585911793,28.60443637245579,32957836.0,122424956.0,0.01937919522849123,3.73,3.79,3.63,3.69,2026-07-16,3.75,7.7518797757332765
002043,兔 宝 宝,2026-07-17,112.05156348217494,115.66000366210938,106.35402635596265,111.4818097695537,19148366.0,224050597.0,0.02371246177475745,11.8,12.18,11.2,11.74,2026-07-16,11.92,9.495895210353808
002044,美年健康,2026-07-17,46.054700191755934,46.838609982253914,44.192914439323246,44.38889188694775,117360035.0,539073470.0,0.030292498608523292,4.7,4.78,4.51,4.53,2026-07-16,4.77,9.798872381224667
002045,国光电器,2026-07-17,48.93309929001499,51.075732039991976,46.67464855355276,46.964193519765864,84432399.0,714711962.0,0.15030916682804163,8.45,8.82,8.06,8.11,2026-07-16,8.34,5.790899324262129
002046,国机精工,2026-07-17,288.9454568934549,316.89091166599707,265.3236385196834,267.6963658116917,26026358.0,1440219242.0,0.04908985101397431,54.8,60.1,50.32,50.77,2026-07-16,54.8,5.272727315573994
002047,宝鹰股份,2026-07-17,12.071901415148353,12.272542435898742,11.33621767239693,11.369657842521995,25406100.0,88937024.0,0.01675688437405557,3.61,3.67,3.39,3.4,2026-07-16,3.61,3.344017012506469
002048,宁波华翔,2026-07-17,178.97445913651774,179.90794375031655,162.85063398908372,164.2084297909729,27968205.0,561540229.0,0.03949361239982569,21.09,21.2,19.19,19.35,2026-07-16,21.15,8.486223761807384
002049,紫光国微,2026-07-17,439.96297280750406,440.5909530712886,401.97016684853463,402.5353490859407,52215573.0,3487164421.0,0.06146510421539786,70.06,70.16,64.01,64.1,2026-07-16,70.16,6.279802637846189
002050,三花智控,2026-07-17,644.8144789850592,649.2988003017418,595.0230491929275,614.6612839246068,97373048.0,3918420911.0,0.026429920526196714,41.7,41.99,38.48,39.75,2026-07-16,41.83,15.463176954078158
002051,中工国际,2026-07-17,48.444785234149414,49.74797828723179,47.254913316117666,47.48155558621896,36699963.0,314327601.0,0.02992466254761833,8.55,8.78,8.34,8.38,2026-07-16,8.46,5.666056752532095
002052,同洲电子,2026-07-17,56.84875106811524,58.62314185775629,53.36821528843472,54.050673284450504,21268200.0,172909313.0,0.030850879430731486,8.33,8.59,7.82,7.92,2026-07-16,8.33,6.824579960157892
002053,云南能投,2026-07-17,21.92105263157895,22.49671052631579,21.575657894736842,21.75986842105263,19715629.0,189267444.0,0.021413204955459463,9.52,9.77,9.37,9.45,2026-07-16,9.54,2.3026315789473686
002054,德美化工,2026-07-17,24.794195754187452,25.223532477203687,23.97130036840634,24.293302910668515,12370680.0,85481995.0,0.03221427828744081,6.93,7.05,6.7,6.79,2026-07-16,6.93,3.5778060251352746
002056,横店东磁,2026-07-17,249.39711332563914,253.676473211115,232.97631376509227,239.24607359730106,42554777.0,1043248089.0,0.02618704569456778,25.06,25.49,23.41,24.04,2026-07-16,25.06,9.95199973366477
002057,中钢天源,2026-07-17,49.73637962725079,50.41685248284752,48.12798924129493,48.37543391605737,38187171.0,304328807.0,0.05069224203053976,8.04,8.15,7.78,7.82,2026-07-16,8.03,6.186116869061045
002059,云南旅游,2026-07-17,9.311125938466052,9.459933887254323,9.034768319287837,9.09854315448281,9679800.0,41962791.0,0.009846741077110347,4.38,4.45,4.25,4.28,2026-07-16,4.39,2.125827839832432
002060,广东建工,2026-07-17,15.056780012313927,15.28771222109175,14.872034245291673,15.010593570558365,22407188.0,73267452.0,0.01433771295695422,3.26,3.31,3.22,3.25,2026-07-16,3.26,4.61864417555642
002061,浙江交科,2026-07-17,13.335911450465083,13.595220839779682,13.298867251991568,13.298867251991568,21142358.0,76802243.0,0.008134373324324193,3.6,3.67,3.59,3.59,2026-07-16,3.6,3.704419847351412
002062,宏润建设,2026-07-17,82.013184264466,82.55274468725855,73.38021749978537,75.75428336007255,27529901.0,196743434.0,0.024477529564836505,7.6,7.65,6.8,7.02,2026-07-16,7.45,10.791208455850791
002063,远光软件,2026-07-17,94.95590741823973,97.48325096169098,94.23380926296795,96.40010372878331,44712721.0,237601296.0,0.025273388987428227,5.26,5.4,5.22,5.34,2026-07-16,5.28,18.052453881794627
002064,华峰化学,2026-07-17,125.33696120598412,127.8462096785764,121.94947576798457,126.34066059502103,45378241.0,451845141.0,0.009163636388280265,9.99,10.19,9.72,10.07,2026-07-16,9.96,12.546242362961374
002065,东华软件,2026-07-17,226.38543219854367,228.63323081611787,213.86198275777318,216.10978137534738,59345434.0,407051587.0,0.02040819566799821,7.05,7.12,6.66,6.73,2026-07-16,7.04,32.111408822488464
002066,瑞泰科技,2026-07-17,65.6129260284539,65.77614226235552,61.108157972769,61.89159589549681,5583000.0,107927180.0,0.02416883116883117,20.1,20.15,18.72,18.96,2026-07-16,20.2,3.264324678032532
002067,景兴纸业,2026-07-17,11.10338781707141,11.354469451125789,10.824408223677654,10.963898020374533,53119644.0,210936525.0,0.03971253811871309,3.98,4.07,3.88,3.93,2026-07-16,3.98,2.78979593393754
002068,黑猫股份,2026-07-17,52.42249902483393,52.54164106807219,48.01424342501835,48.43124057635226,33454901.0,281676238.0,0.045518152748136975,8.8,8.82,8.06,8.13,2026-07-16,8.8,5.957102161912946
002069,獐子岛,2026-07-17,21.736529484917142,22.20326478060555,20.936411835165593,21.06976477679085,13965000.0,45003468.0,0.019663026720565035,3.26,3.33,3.14,3.16,2026-07-16,3.25,6.667647081262928
002072,凯瑞德,2026-07-17,7.632129903814342,7.820440801295973,7.366279225016746,7.510281676032111,12741773.0,86805378.0,0.03466849127068732,6.89,7.06,6.65,6.78,2026-07-16,6.96,1.1077111616566535
002073,软控股份,2026-07-17,52.00732135939723,52.67900263156657,51.14373115232237,51.23968561977513,18869202.0,102073522.0,0.018608481303897837,5.42,5.49,5.33,5.34,2026-07-16,5.41,9.595446745276242
002074,国轩高科,2026-07-17,119.9570784597251,124.06207354009591,119.09046838720236,122.73935290308754,50645412.0,1356871807.0,0.02916123744924686,26.3,27.2,26.11,26.91,2026-07-16,26.23,4.561105644856467
002075,沙钢股份,2026-07-17,10.632959678649907,10.814719673156745,10.360319686889655,10.39061301930746,35183627.0,122431661.0,0.01603759479256183,3.51,3.57,3.42,3.43,2026-07-16,3.53,3.0293332417806007
002077,大港股份,2026-07-17,21.410896574067348,21.807666791980743,19.50052145078062,19.50052145078062,48959211.0,675242528.0,0.08436174109745673,14.57,14.84,13.27,13.27,2026-07-16,14.74,1.4695193256051713
002078,太阳纸业,2026-07-17,127.46609989730764,130.36731068792184,125.31358866556164,125.31358866556164,23834717.0,325056700.0,0.008581805852649229,13.62,13.93,13.39,13.39,2026-07-16,13.62,9.35874448585225
002079,苏州固锝,2026-07-17,50.97497430604726,51.32548984646212,46.017683091608475,46.21797768613126,68517253.0,658938230.0,0.08449113362748698,10.18,10.25,9.19,9.23,2026-07-16,10.21,5.007364863069475
002080,中材科技,2026-07-17,331.20772113818043,336.75094659656,303.6024583554501,309.5891418505,62010525.0,3524907657.0,0.036952299336733475,59.75,60.75,54.77,55.85,2026-07-16,60.86,5.543225458379589
002081,金 螳 螂,2026-07-17,123.39441792194107,125.02231261748118,115.58052338334848,116.55726020067256,83220121.0,306505632.0,0.03147218676351759,3.79,3.84,3.55,3.58,2026-07-16,3.79,32.55789391080239
002083,孚日股份,2026-07-17,30.243842050677433,30.680471146692984,28.439108453813137,29.865430167463952,73921146.0,750699781.0,0.07808799876504563,10.39,10.54,9.77,10.26,2026-07-16,10.38,2.910860640103699
002084,海鸥住工,2026-07-17,12.353907993023217,12.421415686974164,11.408800277709965,11.510061818636386,19461253.0,68262111.0,0.030193959402494246,3.66,3.68,3.38,3.41,2026-07-16,3.69,3.375384697547327
002085,万丰奥威,2026-07-17,84.27403232969087,85.09782541209253,80.56696345888335,81.14361861656451,30462373.0,305382949.0,0.014346728479200597,10.23,10.33,9.78,9.85,2026-07-16,10.23,8.237930824016702
002086,东方海洋,2026-07-17,7.42258071899414,7.505053838094074,7.051451683044433,7.133924802144367,50774123.0,89063934.0,0.03210940380830254,1.8,1.82,1.71,1.73,2026-07-16,1.8,4.123655954996744
002088,鲁阳节能,2026-07-17,51.586588045233455,52.63367711245741,49.98105147549006,50.33008116456472,2908905.0,21396184.0,0.005749225954297086,7.39,7.54,7.16,7.21,2026-07-16,7.41,6.980593781493026
002090,金智科技,2026-07-17,52.91243269636825,53.85729756594625,52.144729989836115,52.380946207230615,10536130.0,94714812.0,0.02646014440576225,8.96,9.12,8.83,8.87,2026-07-16,9.01,5.905405434862527
002091,江苏国泰,2026-07-17,62.86730081324764,63.71002602522147,61.940303080076426,61.940303080076426,12615498.0,94105768.0,0.007873014157147026,7.46,7.56,7.35,7.35,2026-07-16,7.45,8.42725211973829
002092,中泰化学,2026-07-17,14.703447056020863,15.15747273708564,14.598671898852068,14.63359695124167,67760583.0,287705674.0,0.02630921612934958,4.21,4.34,4.18,4.19,2026-07-16,4.24,3.4925052389598252
002093,国脉科技,2026-07-17,81.18750027247837,82.06182719848968,77.44038487528707,77.8150964150062,17293900.0,109957843.0,0.01716516129032258,6.5,6.57,6.2,6.23,2026-07-16,6.49,12.490384657304364
002094,青岛金王,2026-07-17,23.672308019491343,24.203077257596526,22.716923390902007,22.9823080099546,24071700.0,106281112.0,0.034863605285053,4.46,4.56,4.28,4.33,2026-07-16,4.49,5.30769238105187
002095,生 意 宝,2026-07-17,60.60370121477337,61.72185068368063,58.591032170740306,59.44082576710982,3441798.0,46258076.0,0.013673750239935363,13.55,13.8,13.1,13.29,2026-07-16,13.55,4.472597875629031
002096,易普力,2026-07-17,47.07134530955348,47.94494014608449,46.3519142677044,46.454690130825696,8725125.0,79979658.0,0.0070339028235109164,9.16,9.33,9.02,9.04,2026-07-16,9.17,5.13879315606479
002097,山河智能,2026-07-17,34.42139605258373,34.91666793823242,33.48037946985123,33.628961035545835,22308231.0,153817291.0,0.02079770812151835,6.95,7.05,6.76,6.79,2026-07-16,6.97,4.952718856486868
002098,浔兴股份,2026-07-17,16.07403570715283,16.386853767321973,15.544651297635822,15.76121764698369,4906400.0,32582326.0,0.013705027932960894,6.68,6.81,6.46,6.55,2026-07-16,6.68,2.406292770531861
002099,海翔药业,2026-07-17,39.00771202206407,39.29935846708885,35.799601126791515,36.455805628097266,42001935.0,213599916.0,0.0259777408366994,5.35,5.39,4.91,5.0,2026-07-16,5.38,7.291161125619453
002100,天康生物,2026-07-17,91.07060160817979,93.76803832718088,90.42835477032239,91.32750034332275,48235344.0,347230641.0,0.03533073830721953,7.09,7.3,7.04,7.11,2026-07-16,7.19,12.844936757148066
002101,广东鸿图,2026-07-17,40.4125871049597,40.759104464916476,39.11314700512176,39.156461675116354,9596433.0,88889218.0,0.01449147722511225,9.33,9.41,9.03,9.04,2026-07-16,9.33,4.331466999459774
002103,广博股份,2026-07-17,14.902319976761829,15.210807492204351,14.522643034678724,14.665021887959888,10437800.0,65293429.0,0.02689214883330925,6.28,6.41,6.12,6.18,2026-07-16,6.29,2.3729808880193994
002104,恒宝股份,2026-07-17,66.33365702750109,67.5918296581597,62.97853001241147,63.53771784825974,31564379.0,293330547.0,0.052633476294548114,9.49,9.67,9.01,9.09,2026-07-16,9.57,6.989847948103382
002105,信隆健康,2026-07-17,9.250620901173562,9.423207112016351,8.801896752982307,8.939965721656538,10035010.0,52860946.0,0.027533084081661094,5.36,5.46,5.1,5.18,2026-07-16,5.36,1.7258621084279033
002106,莱宝高科,2026-07-17,39.851971037811765,40.5084473049075,38.732099758648445,39.0410297666935,24821716.0,253935475.0,0.035212979379760034,10.32,10.49,10.03,10.11,2026-07-16,10.32,3.861625100563155
002107,沃华医药,2026-07-17,57.34204534095104,58.99280119167539,54.909352508304636,54.996234395184864,26341132.0,171083336.0,0.046099577132260885,6.6,6.79,6.32,6.33,2026-07-16,6.7,8.688188688022885
002108,沧州明珠,2026-07-17,80.95760851987859,82.64033017502618,79.46185593752517,81.14457759267276,37296147.0,161358794.0,0.022631181796322904,4.33,4.42,4.25,4.34,2026-07-16,4.33,18.696907279417687
002110,三钢闽光,2026-07-17,7.486881065981948,7.6604180443325225,7.387717078353048,7.412508075260273,26255100.0,79694381.0,0.010808676857550095,3.02,3.09,2.98,2.99,2026-07-16,3.03,2.4790996907224994
002111,威海广泰,2026-07-17,51.16055382622613,52.0741351445516,49.333391189575195,49.7095717324151,10372518.0,97299046.0,0.02122247387766592,9.52,9.69,9.18,9.25,2026-07-16,9.53,5.374007754855686
002112,三变科技,2026-07-17,47.87153388204401,48.7523972089606,46.17756594566595,46.61799760912424,12054672.0,169163034.0,0.045996232823201956,14.13,14.39,13.63,13.76,2026-07-16,14.19,3.387935872756122
002114,罗平锌电,2026-07-17,11.56725015163422,11.658187652826312,11.003437644243244,11.130750145912174,8471100.0,52794555.0,0.026194620865911213,6.36,6.41,6.05,6.12,2026-07-16,6.33,1.8187500238418584
002115,三维通信,2026-07-17,69.82892622502746,73.63550754739269,69.32970244504514,71.82582134495676,143837620.0,1655343450.0,0.19274304350216945,11.19,11.8,11.11,11.51,2026-07-16,11.18,6.240297249779041
002116,中国海诚,2026-07-17,34.47575256887792,35.16134992109993,33.790155216655926,34.083982653322494,3801366.0,26757624.0,0.006886430272848681,7.04,7.18,6.9,6.96,2026-07-16,7.04,4.897123944442887
002117,东港股份,2026-07-17,55.72836389675946,56.48704211812623,53.107475495674244,53.2454169904682,11242950.0,88498173.0,0.02147426129396838,8.08,8.19,7.7,7.72,2026-07-16,8.07,6.8970747396979535
002119,康强电子,2026-07-17,100.33476864891098,101.21355755939267,90.28600849862019,90.28600849862019,32975791.0,816230446.0,0.08786889662229139,26.26,26.49,23.63,23.63,2026-07-16,26.26,3.820821349920448
002120,韵达股份,2026-07-17,45.1531077277731,45.68825567121337,43.547663897452274,43.81523786917241,42252960.0,280711033.0,0.01500923982402371,6.75,6.83,6.51,6.55,2026-07-16,6.79,6.6893492930034215
002121,科陆电子,2026-07-17,75.3874840557327,76.16467461300832,71.9678456037201,72.1232837151752,35470943.0,168679081.0,0.025126891074672107,4.85,4.9,4.63,4.64,2026-07-16,4.87,15.5438111455119
002123,梦网科技,2026-07-17,57.39127018802481,60.334412248949164,55.33107074537777,55.33107074537777,46714829.0,369487555.0,0.06483379665969867,7.8,8.2,7.52,7.52,2026-07-16,7.68,7.357855152310874
002124,天邦食品,2026-07-17,37.93625637829541,38.76095760391053,36.28685392706518,36.61673441731123,82015091.0,185167704.0,0.0415862465448714,2.3,2.35,2.2,2.22,2026-07-16,2.33,16.494024512302353
002125,湘潭电化,2026-07-17,51.20579985197601,52.28883284376907,49.94948158149605,51.55237040934979,27935661.0,331540062.0,0.044375924935572755,11.82,12.07,11.53,11.9,2026-07-16,11.77,4.332131967172251
002126,银轮股份,2026-07-17,271.18309360531475,273.3493659528031,246.55599744439485,246.55599744439485,32304065.0,1454413114.0,0.04062650609634183,47.57,47.95,43.25,43.25,2026-07-16,48.06,5.700716703916644
002127,南极电商,2026-07-17,34.706242106904924,35.78073876656143,33.63174544724843,33.84664477917973,161211770.0,520614042.0,0.08081872122357035,3.23,3.33,3.13,3.15,2026-07-16,3.23,10.744966596564993
002128,电投能源,2026-07-17,92.18476776511615,93.42810760009846,89.27180015172905,89.27180015172905,21104280.0,537687272.0,0.009414940025791962,25.95,26.3,25.13,25.13,2026-07-16,25.95,3.5523995285208536
002129,TCL中环,2026-07-17,50.204930333683805,52.0725097990506,48.50213729173173,50.095072718073986,216095549.0,1979340109.0,0.053493502383477956,9.14,9.48,8.83,9.12,2026-07-16,9.13,5.4928807804905695
002130,沃尔核材,2026-07-17,340.073946178951,344.11232428982606,320.944786706385,323.92043373545084,32880532.0,511382824.0,0.02866774260683392,16.0,16.19,15.1,15.24,2026-07-16,15.98,21.25462163618444
002131,利欧股份,2026-07-17,187.38541127400228,192.83002370811374,172.4127270801958,174.2275978915663,404187285.0,1606591765.0,0.06903521755285344,4.13,4.25,3.8,3.84,2026-07-16,4.14,45.371770284262055
002132,恒星科技,2026-07-17,27.932584269662925,30.342696629213492,26.325842696629216,28.17977528089888,125873758.0,571330662.0,0.0899621072720667,4.52,4.91,4.26,4.56,2026-07-16,4.56,6.179775280898878
002133,广宇集团,2026-07-17,8.466996155863521,8.698515582000415,8.070105711057419,8.202402525992786,16663800.0,42046261.0,0.02164494739289175,2.56,2.63,2.44,2.48,2026-07-16,2.56,3.307420373384188
002134,天津普林,2026-07-17,29.789229172926703,30.01452586415052,27.486196329305482,27.88672378037004,12519700.0,287348149.0,0.05056456262897276,23.8,23.98,21.96,22.28,2026-07-16,24.05,1.2516482845767523
002135,东南网架,2026-07-17,20.13041360338749,20.866076558993015,19.528507548801155,19.92977825185871,21125350.0,127784521.0,0.02023748933006232,6.02,6.24,5.84,5.96,2026-07-16,6.05,3.3439225254796496
002136,安 纳 达,2026-07-17,25.210688870465745,25.99376462485467,24.819150993271283,24.840903097559863,7950600.0,92649270.0,0.03707338054244848,11.59,11.95,11.41,11.42,2026-07-16,11.6,2.1752104288581315
002137,实益达,2026-07-17,26.834923788217388,27.067404563610364,24.377269876920252,24.377269876920252,56261070.0,430186175.0,0.1419092526959994,8.08,8.15,7.34,7.34,2026-07-16,8.15,3.3211539341853205
002138,顺络电子,2026-07-17,322.66654737145325,325.11099091214606,294.052178865696,304.1894300197457,51195004.0,2198429452.0,0.06767352428473448,44.88,45.22,40.9,42.31,2026-07-16,44.87,7.18953982556714
002139,拓邦股份,2026-07-17,173.1531488764155,176.26990555619096,168.8243201545051,169.6900858988872,25537218.0,254173613.0,0.023842274363375607,10.0,10.18,9.75,9.8,2026-07-16,10.0,17.31531488764155
002140,东华科技,2026-07-17,82.71603165045018,84.66995365794112,80.85515354807784,81.32037307367092,7257500.0,64635780.0,0.010263588250153662,8.89,9.1,8.69,8.74,2026-07-16,8.9,9.304390511861662
002141,贤丰控股,2026-07-17,48.03011911461153,52.469878024365535,47.142167332660726,48.756625118025816,380005792.0,2372327772.0,0.36788907184335956,5.95,6.5,5.84,6.04,2026-07-16,5.91,8.072288926825467
002142,宁波银行,2026-07-17,76.9613291878401,78.73735986140565,76.93666209515169,78.04668126613015,63196229.0,2002506028.0,0.009575995614445073,31.2,31.92,31.19,31.64,2026-07-16,31.28,2.466709268841029
002144,宏达高科,2026-07-17,12.353697626128552,12.69619975916653,12.141110095277389,12.20016218718049,10960001.0,115767912.0,0.07962705278305388,10.46,10.75,10.28,10.33,2026-07-16,10.46,1.181041838062003
002145,钛能化学,2026-07-17,20.142282181134508,20.50684837445821,19.504291342818032,19.504291342818032,56557348.0,248235427.0,0.0148581979455488,4.42,4.5,4.28,4.28,2026-07-16,4.44,4.557077416546269
002146,荣盛发展,2026-07-17,13.612968817353247,14.094843819737434,13.010625064373016,13.010625064373016,134550460.0,150031412.0,0.034398498161233734,1.13,1.17,1.08,1.08,2026-07-16,1.13,12.046875059604645
002148,北纬科技,2026-07-17,66.41566035259201,67.05325069197688,61.95252797689783,62.90891348597515,27089106.0,163743899.0,0.06007577768248969,6.25,6.31,5.83,5.92,2026-07-16,6.28,10.626505656414722
002149,西部材料,2026-07-17,121.88165604453806,122.15152962559432,110.98551020939114,113.1444988578413,30660903.0,1052953214.0,0.06281179293104779,36.13,36.21,32.9,33.54,2026-07-16,36.22,3.373419763203378
002150,正泰电源,2026-07-17,134.96076567412888,136.9131818140801,130.81188137673252,131.91011545545507,10071560.0,221173311.0,0.028093259873390095,22.12,22.44,21.44,21.62,2026-07-16,22.41,6.101300437347598
002151,北斗星通,2026-07-17,167.626096316033,167.74372866432495,158.21550845267674,159.3330157614503,22241701.0,616472419.0,0.05022796286139394,28.5,28.52,26.9,27.09,2026-07-16,28.68,5.881617414597649
002152,广电运通,2026-07-17,186.36426553095362,187.64700875486383,179.40080231544107,180.6835455393513,43160001.0,432079972.0,0.01738826589959781,10.17,10.24,9.79,9.86,2026-07-16,10.19,18.32490319871717
002153,石基信息,2026-07-17,338.5618776858432,346.56991158642825,323.8804822014374,326.10493606271103,28641873.0,214977426.0,0.017903813630727704,7.61,7.79,7.28,7.33,2026-07-16,7.74,44.48907722547217
002154,报 喜 鸟,2026-07-17,60.610472947879316,61.24847792627805,58.058453034284405,58.37745552348377,31798626.0,118628580.0,0.026953165701674518,3.8,3.84,3.64,3.66,2026-07-16,3.8,15.950124459968242
002155,湖南黄金,2026-07-17,77.8697422662373,77.8697422662373,74.26299181388725,74.87613939078678,48254820.0,1013671131.0,0.03088286922274905,21.59,21.59,20.59,20.76,2026-07-16,21.96,3.606750452350037
002156,通富微电,2026-07-17,211.7886433200733,214.52887253203104,193.11553497879433,193.11553497879433,198089072.0,14040006542.0,0.13054056604096495,74.97,75.94,68.36,68.36,2026-07-16,75.95,2.824978569028589
002157,正邦科技,2026-07-17,48.635416666666664,49.12339743589743,47.008814102564095,47.17147435897435,144203773.0,423791602.0,0.018516930769156247,2.99,3.02,2.89,2.9,2026-07-16,3.0,16.26602564102564
002158,汉钟精机,2026-07-17,133.06192560664942,134.1306960934498,119.65776241802777,119.65776241802777,16134507.0,452520911.0,0.030238962158561793,29.88,30.12,26.87,26.87,2026-07-16,29.86,4.4532103616683205
002159,三特索道,2026-07-17,20.40828089059182,20.80165561862944,19.77888132573162,19.920496227825165,3421381.0,43988374.0,0.024708006596223686,12.97,13.22,12.57,12.66,2026-07-16,13.02,1.573498912150487
002160,常铝股份,2026-07-17,7.706441108836877,7.7697817206903315,7.368624512285124,7.431965124138578,17597895.0,63003777.0,0.017073242968019906,3.65,3.68,3.49,3.52,2026-07-16,3.64,2.1113537284484596
002161,远 望 谷,2026-07-17,54.76806111367332,55.736455121577166,52.61607442944254,53.261670434711775,22909400.0,115133738.0,0.030975000518854986,5.09,5.18,4.89,4.95,2026-07-16,5.14,10.759933421153894
002162,悦心健康,2026-07-17,8.651034165440569,8.871723812518134,8.364137624239733,8.474482447778517,31119390.0,121368372.0,0.03388088098606349,3.92,4.02,3.79,3.84,2026-07-16,3.89,2.2068964707756553
002163,海南发展,2026-07-17,36.66682008094711,37.226618860808905,34.52092475814359,34.61422455478722,32555553.0,248710065.0,0.04051471417964464,7.86,7.98,7.4,7.42,2026-07-16,7.9,4.664989832181567
002164,宁波东力,2026-07-17,33.94555322895471,34.35567608395137,33.12530751896138,33.66162202164932,8352000.0,89174736.0,0.017408154886423534,10.76,10.89,10.5,10.67,2026-07-16,10.76,3.154791192282036
002165,红 宝 丽,2026-07-17,45.502677673385264,47.596606203487944,45.099999109903976,46.14696337495532,55198559.0,316444963.0,0.07586552773337041,5.65,5.91,5.6,5.73,2026-07-16,5.64,8.05357126962571
002166,莱茵生物,2026-07-17,55.24484215997584,56.475924993624325,51.16688027351523,51.782421690339476,38896047.0,268231625.0,0.052662895426077494,7.18,7.34,6.65,6.73,2026-07-16,7.37,7.694267710303042
002167,东方锆业,2026-07-17,135.249805618773,146.01635028453236,130.37735474813735,133.75663519067496,107821524.0,1900077153.0,0.1421110871411327,17.21,18.58,16.59,17.02,2026-07-16,17.3,7.858791726831667
002169,智光电气,2026-07-17,98.1872255877538,100.0691474115191,91.55958786058042,91.64141054857022,30287507.0,352871990.0,0.039921637379709905,12.0,12.23,11.19,11.2,2026-07-16,12.09,8.182268798979484
002170,芭田股份,2026-07-17,95.86639762107052,97.40824129141886,94.2338572642311,94.2338572642311,18957121.0,200115596.0,0.02408386472353454,10.57,10.74,10.39,10.39,2026-07-16,10.58,9.069668649107902
002171,楚江新材,2026-07-17,55.48032561592435,55.81521691742893,52.18722781779604,52.298858251630904,60780589.0,586708904.0,0.03766439056684836,9.94,10.0,9.35,9.37,2026-07-16,10.01,5.581521691742893
002172,澳洋健康,2026-07-17,9.759633405492941,9.97048968277211,9.247553874957818,9.307798525609009,34192554.0,108399613.0,0.04468792819328805,3.24,3.31,3.07,3.09,2026-07-16,3.29,3.01223253255955
002173,创新医疗,2026-07-17,54.82219749569627,56.61814955135762,51.565131903225705,54.21340018869242,82246661.0,1477355547.0,0.19542289081270808,18.01,18.6,16.94,17.81,2026-07-16,17.44,3.0439865350192266
002174,游族网络,2026-07-17,38.5541562747695,38.58547565435907,35.046385760736854,35.046385760736854,63028708.0,738771220.0,0.06436367222228825,12.31,12.32,11.19,11.19,2026-07-16,12.43,3.131937958957717
002176,江特电机,2026-07-17,104.09048436166547,106.94227845376591,99.55353921514208,99.55353921514208,74697134.0,594033864.0,0.043840576422379575,8.03,8.25,7.68,7.68,2026-07-16,8.01,12.962700418638292
002177,御银股份,2026-07-17,46.5089250296219,47.31388719359612,44.36235925902396,45.25676166343977,25412203.0,130396331.0,0.03765222847946562,5.2,5.29,4.96,5.06,2026-07-16,5.23,8.944024044158057
002178,延华智能,2026-07-17,28.228695413340684,29.274202650871825,27.183188175809548,27.509909187538028,15604700.0,67315666.0,0.021923390325568788,4.32,4.48,4.16,4.21,2026-07-16,4.34,6.534420234569603
002179,中航光电,2026-07-17,516.2496118349214,521.2750505341994,494.9295688682875,497.9752892920924,35173618.0,1169891102.0,0.016777862321280267,33.9,34.23,32.5,32.7,2026-07-16,34.01,15.22860211902423
002180,奔图科技,2026-07-17,78.83508199697788,82.90523988741805,77.81754252436784,77.9144510455688,32300635.0,537148489.0,0.023745447228979824,16.27,17.11,16.06,16.08,2026-07-16,16.25,4.845426060047811
002181,粤 传 媒,2026-07-17,19.519720694775675,20.148637710001143,18.145420550394093,18.33176633268312,42461190.0,345793698.0,0.03742600383036922,8.38,8.65,7.79,7.87,2026-07-16,8.53,2.3293222786128487
002182,宝武镁业,2026-07-17,55.18446479194207,56.56407641174062,52.85339688262727,52.9485425115789,26291686.0,302430259.0,0.030377266949539183,11.6,11.89,11.11,11.13,2026-07-16,11.6,4.757281447581213
002183,怡 亚 通,2026-07-17,70.7112976220938,71.4716341556647,67.6699514878102,68.12615340795274,64023773.0,292903981.0,0.024653029909416146,4.65,4.7,4.45,4.48,2026-07-16,4.68,15.20673067141802
002184,海得控制,2026-07-17,30.909992096026393,31.571876295084774,29.884071587485902,30.148825267109252,6349799.0,58865618.0,0.025574192836210652,9.34,9.54,9.03,9.11,2026-07-16,9.39,3.309420995291905
002185,华天科技,2026-07-17,207.30454319454188,211.2380140141306,199.01236146676018,199.01236146676018,530516432.0,10065088166.0,0.1596665768184505,19.5,19.87,18.72,18.72,2026-07-16,20.8,10.631002215104711
002186,全 聚 德,2026-07-17,21.67568165612599,21.984655188504984,21.12903617576317,21.27163934455347,4417790.0,40049204.0,0.014399501739215248,9.12,9.25,8.89,8.95,2026-07-16,9.11,2.3767194798383766
002187,广百股份,2026-07-17,12.729345541084761,13.209221662673276,12.375752609387963,12.45152252332299,18181332.0,91627916.0,0.025940178657353194,5.04,5.23,4.9,4.93,2026-07-16,5.04,2.525663797834278
002188,中天服务,2026-07-17,9.73029136984876,10.086277639477373,9.038095845570902,9.275420025323312,13780018.0,66286492.0,0.05354311857259268,4.92,5.1,4.57,4.69,2026-07-16,4.96,1.97770149793674
002189,中光学,2026-07-17,19.487572847126216,19.625107291758486,18.74700276064476,18.937435068597136,2561787.0,46472929.0,0.009809265488328892,18.42,18.55,17.72,17.9,2026-07-16,18.58,1.0579572664020747
002190,成飞集成,2026-07-17,57.067493469826445,57.41335706661327,55.391385270013366,55.84366843504229,4217700.0,89422342.0,0.011757332045179253,21.45,21.58,20.82,20.99,2026-07-16,21.45,2.660489206052515
002191,劲嘉股份,2026-07-17,28.804908178727043,28.95894512085927,27.803668054867543,28.03472346806589,12301000.0,45299671.0,0.008769418805382076,3.74,3.76,3.61,3.64,2026-07-16,3.73,7.701847106611508
002192,融捷股份,2026-07-17,207.0075901918341,213.87647841183588,194.58713478032408,195.4026192265343,23052049.0,1500401015.0,0.08896362910445654,66.0,68.19,62.04,62.3,2026-07-16,66.99,3.136478639270214
002194,武汉凡谷,2026-07-17,32.91790985348774,33.11338437755834,31.745062709064186,31.901442328320663,15132542.0,125373367.0,0.029620607703763818,8.42,8.47,8.12,8.16,2026-07-16,8.48,3.909490481411846
002195,岩山科技,2026-07-17,185.17305162217875,187.60553834299554,173.31467885819688,173.92280053840105,185907219.0,1097478487.0,0.03310411910993435,6.09,6.17,5.7,5.72,2026-07-16,6.12,30.406084010209977
002196,方正电机,2026-07-17,30.245260566808874,30.748881926848245,28.37066994888455,28.56652270001097,22778192.0,238390242.0,0.046637400992153716,10.81,10.99,10.14,10.21,2026-07-16,10.91,2.7978964446631704
002197,证通电子,2026-07-17,23.31818181818182,23.768181818181816,22.049999999999997,22.5,24825250.0,138403999.0,0.046489231165036005,5.7,5.81,5.39,5.5,2026-07-16,5.78,4.090909090909091
002200,交投生态,2026-07-17,13.825232061256923,13.98884427499961,12.94581641238999,13.129880152850511,4720100.0,31108583.0,0.024115859535655895,6.76,6.84,6.33,6.42,2026-07-16,6.75,2.0451526717835686
002201,九鼎新材,2026-07-17,59.01967138580688,59.01967138580688,54.65058655298053,55.613266261908365,18634712.0,142667808.0,0.030953480775614692,7.97,7.97,7.38,7.51,2026-07-16,7.93,7.405228530214163
002202,金风科技,2026-07-17,155.5399793005252,156.38119065423277,143.0059301302828,143.09005126565356,125673524.0,2216652958.0,0.03736385733736907,18.49,18.59,17.0,17.01,2026-07-16,18.59,8.412113537075458
002203,海亮股份,2026-07-17,73.71317271448011,74.11400562755503,69.74492687503826,70.7069258664181,36389138.0,648641556.0,0.01644973515477596,18.39,18.49,17.4,17.64,2026-07-16,18.51,4.008329130749326
002204,大连重工,2026-07-17,25.74061511439136,26.13815357175648,25.144307428343684,25.144307428343684,23923551.0,123250180.0,0.012386829350989951,5.18,5.26,5.06,5.06,2026-07-16,5.19,4.96923071706397
002205,国统股份,2026-07-17,20.87167939453125,21.502879376220704,19.903839422607422,20.219439413452147,3696100.0,36504438.0,0.019888268406530258,9.92,10.22,9.46,9.61,2026-07-16,9.96,2.1039999389648436
002206,海 利 得,2026-07-17,67.54143840205064,68.44543470953506,66.63744209456623,66.89572675384748,10625484.0,55495411.0,0.010052767900669697,5.23,5.3,5.16,5.18,2026-07-16,5.23,12.91423296406322
002208,合肥城建,2026-07-17,82.0825615494507,83.15295871447442,77.18126926749997,77.18126926749997,56456287.0,785018124.0,0.07030038182105472,14.57,14.76,13.7,13.7,2026-07-16,15.22,5.633669289598538
002209,达 意 隆,2026-07-17,16.92055801428577,17.250485329327553,16.166438437047407,16.417811629460193,6634600.0,70758964.0,0.04240802949562633,10.77,10.98,10.29,10.45,2026-07-16,10.77,1.571082452579923
002210,飞马国际,2026-07-17,22.68904436335844,22.999853190253763,21.342206113478717,21.5494119980756,74373100.0,158321882.0,0.028009641297773266,2.19,2.22,2.06,2.08,2026-07-16,2.18,10.360294229844037
002212,天融信,2026-07-17,18.320602537637736,18.64951820258635,17.333855542791895,17.333855542791895,32217510.0,174973321.0,0.02761081331345449,5.57,5.67,5.27,5.27,2026-07-16,5.57,3.2891566494861286
002213,大为股份,2026-07-17,58.0428188197833,58.77913583996903,52.783411532742406,52.783411532742406,13170800.0,342433231.0,0.06371388285056051,27.59,27.94,25.09,25.09,2026-07-16,27.88,2.1037629148163575
002215,诺 普 信,2026-07-17,82.97844590811894,83.80823036720014,79.93590289148793,80.02810116471916,18656216.0,165997476.0,0.02308322927080135,9.0,9.09,8.67,8.68,2026-07-16,9.09,9.219827323124328
002216,三全食品,2026-07-17,135.9215462565422,137.17910875082015,132.2536556482315,132.67284314632417,7113195.0,91372249.0,0.011281789132126508,12.97,13.09,12.62,12.66,2026-07-16,12.95,10.479687452316284
002217,合力泰,2026-07-17,8.595237845466249,8.767142602375575,8.30872991728404,8.709841016739134,204108037.0,303928192.0,0.02803942812758985,1.5,1.53,1.45,1.52,2026-07-16,1.53,5.730158563644166
002218,拓日新能,2026-07-17,20.262199940151643,20.721399938795308,19.57339994218615,19.688199941847067,38924132.0,136768546.0,0.028049833056029417,3.53,3.61,3.41,3.43,2026-07-16,3.56,5.7399999830457915
002219,新里程,2026-07-17,45.876978213288055,46.76348986958348,43.2174432444018,43.88232698662336,138663170.0,280083646.0,0.04238038486243448,2.07,2.11,1.95,1.98,2026-07-16,2.1,22.162791407385537
002221,东华能源,2026-07-17,23.98483727810651,24.556952662721894,23.192677514792898,23.324704142011836,26877007.0,145382440.0,0.01839769560944492,5.45,5.58,5.27,5.3,2026-07-16,5.44,4.400887573964497
002222,福晶科技,2026-07-17,199.24160489169032,200.32640491832385,178.8112043900923,180.9506711092862,28755154.0,1785546583.0,0.06142272502712657,66.12,66.48,59.34,60.05,2026-07-16,65.93,3.0133334073153404
002223,鱼跃医疗,2026-07-17,278.97756066949955,283.1098150002255,273.9382261198337,274.94609302976687,17753983.0,488685972.0,0.018841248942358255,27.68,28.09,27.18,27.28,2026-07-16,27.84,10.07866909933163
002224,三 力 士,2026-07-17,24.53558809616985,25.039251194918204,23.8160693836722,24.10387686867126,14057340.0,47673015.0,0.017432641642098307,3.41,3.48,3.31,3.35,2026-07-16,3.42,7.195187124976496
002225,濮耐股份,2026-07-17,7.822780689453696,8.125989243308489,7.661069460731138,7.741925075092417,32279001.0,125526571.0,0.03402724991565977,3.87,4.02,3.79,3.83,2026-07-16,3.86,2.0213903590319626
002226,江南化工,2026-07-17,62.492353775922,63.43309888652726,61.14843218934302,61.282824348000915,21256220.0,98481914.0,0.008024491251868968,4.65,4.72,4.55,4.56,2026-07-16,4.65,13.439215865789675
002228,合兴包装,2026-07-17,37.62520776476182,38.22624942234587,36.18270778656009,36.54333278111052,26439600.0,81388298.0,0.021863164948773776,3.13,3.18,3.01,3.04,2026-07-16,3.14,12.020833151681092
002229,鸿博股份,2026-07-17,49.85735459177118,50.998730035079156,46.69263177168997,47.21143879137541,28241735.0,263329786.0,0.05726732649592782,9.61,9.83,9.0,9.1,2026-07-16,9.73,5.188070196854441
002230,科大讯飞,2026-07-17,567.5997876886119,576.7348311128579,545.784758615785,560.6462471716483,53250513.0,2185504475.0,0.024323158342418078,41.63,42.3,40.03,41.12,2026-07-16,41.99,13.634393170516738
002232,启明信息,2026-07-17,44.451145860015366,45.244916321801355,42.51434593325755,43.02235902880059,6077600.0,83697361.0,0.014876081222727912,14.0,14.25,13.39,13.55,2026-07-16,14.09,3.1750818471439546
002233,塔牌集团,2026-07-17,27.468735638786764,27.87927380730124,26.871589211856616,26.871589211856616,12828409.0,94192389.0,0.01093060083205157,7.36,7.47,7.2,7.2,2026-07-16,7.36,3.732165168313419
002234,民和股份,2026-07-17,16.006506923690857,16.20277199496227,15.50494063044169,15.679398471571835,6423310.0,46489259.0,0.021310968462320685,7.34,7.43,7.11,7.19,2026-07-16,7.34,2.1807230141268197
002235,安妮股份,2026-07-17,42.465208542889336,42.465208542889336,38.75865477998628,38.75865477998628,48789736.0,420977538.0,0.08813520295815351,9.28,9.28,8.47,8.47,2026-07-16,9.41,4.575992299880316
002236,大华股份,2026-07-17,813.5382352941177,821.9507352941176,787.8058823529411,792.7544117647059,44856722.0,728195010.0,0.018759657122598673,16.44,16.61,15.92,16.02,2026-07-16,16.5,49.48529411764706
002237,恒邦股份,2026-07-17,106.8120002746582,107.40966934094325,104.16518012396722,104.25056141915081,22517344.0,278165893.0,0.018884749058940456,12.51,12.58,12.2,12.21,2026-07-16,12.64,8.53812951835797
002238,天威视讯,2026-07-17,19.66392241189646,19.968527061994685,18.919333267211915,19.054713111700014,6381920.0,36533337.0,0.007951962070933188,5.81,5.9,5.59,5.63,2026-07-16,5.8,3.384496112202489
002239,奥特佳,2026-07-17,22.870721925800744,23.328136364316755,22.230341711878324,22.230341711878324,68712680.0,170792284.0,0.025616448120087194,2.5,2.55,2.43,2.43,2026-07-16,2.5,9.148288770320297
002240,盛新锂能,2026-07-17,50.375073974302886,51.64700275239159,47.86468822807517,48.33329356737101,44771436.0,1327441280.0,0.049042620495414656,30.1,30.86,28.6,28.88,2026-07-16,30.17,1.6735904974851457
002241,歌尔股份,2026-07-17,554.2047827157546,567.9394229830581,532.2775500083052,554.4457413169355,136841717.0,3113117124.0,0.04350105436646414,23.0,23.57,22.09,23.01,2026-07-16,23.02,24.09586011807629
002242,九阳股份,2026-07-17,47.965347444341425,49.04258337985264,47.45507779067821,47.51177441886302,8096873.0,68772936.0,0.010630201846043524,8.46,8.65,8.37,8.38,2026-07-16,8.49,5.669662818480074
002243,力合科创,2026-07-17,12.587142743562397,12.932244781264686,12.005918259011176,12.07857131958008,28659556.0,195152932.0,0.02380080513574521,6.93,7.12,6.61,6.65,2026-07-16,7.06,1.8163265142225682
002244,滨江集团,2026-07-17,57.96790913444253,59.509252383104005,56.292536038071354,56.292536038071354,30620014.0,262732434.0,0.01110406749784575,8.65,8.88,8.4,8.4,2026-07-16,8.7,6.701492385484685
002245,蔚蓝锂芯,2026-07-17,378.72864029841753,386.6798493212572,348.17925826329656,348.17925826329656,128704183.0,2213410148.0,0.08010967408598353,18.1,18.48,16.64,16.64,2026-07-16,18.49,20.9242342706308
002246,北化股份,2026-07-17,30.081761786600495,30.47779156327543,28.646153846153844,28.77816377171216,15859028.0,284075894.0,0.02888528773278438,18.23,18.47,17.36,17.44,2026-07-16,18.24,1.650124069478908
002247,聚力文化,2026-07-17,14.338266265007757,14.792419495121125,13.559717870527697,13.624596903401038,34406300.0,74823605.0,0.05346406450593382,2.21,2.28,2.09,2.1,2026-07-16,2.21,6.487903287333827
002248,华东数控,2026-07-17,17.07862426201824,17.200324672436423,16.226721389090965,16.30785499603642,8342300.0,68620403.0,0.027129819093346375,8.42,8.48,8.0,8.04,2026-07-16,8.43,2.0283401736363706
002249,大洋电机,2026-07-17,98.64951379090836,99.2172807767553,94.24931965059444,94.3912613970562,52245040.0,354650180.0,0.028059532870378122,6.95,6.99,6.64,6.65,2026-07-16,6.96,14.194174646173863
002250,联化科技,2026-07-17,99.28823243920225,101.13145457606863,95.66322890336504,95.90899185494722,26221269.0,418490387.0,0.029298300902801215,16.16,16.46,15.57,15.61,2026-07-16,16.17,6.144073789554595
002251,步步高,2026-07-17,18.03454511027691,18.975908728670483,16.99409058468401,17.093181491883335,152083455.0,547359797.0,0.07065524968130842,3.64,3.83,3.43,3.45,2026-07-16,3.66,4.9545453599661835
002252,上海莱士,2026-07-17,128.37188991517507,129.8616990824692,125.64057310846923,126.38547769211628,114853188.0,589888218.0,0.017433008109090403,5.17,5.23,5.06,5.09,2026-07-16,5.19,24.830152788235026
002254,泰和新材,2026-07-17,80.45504664817051,80.77686683476318,74.85537540145783,75.62774384928028,31026180.0,373304619.0,0.036473663616644676,12.5,12.55,11.63,11.75,2026-07-16,12.44,6.43640373185364
002255,海陆重工,2026-07-17,33.595014435479946,34.01495211592344,32.839126610681646,33.3010580591695,15803618.0,126155730.0,0.024771638850124705,8.0,8.1,7.82,7.93,2026-07-16,7.96,4.199376804434993
002256,兆新股份,2026-07-17,48.84210419236569,49.75789364597254,46.85789370955083,47.468420011955395,62811497.0,199418880.0,0.031182065109672176,3.2,3.26,3.07,3.11,2026-07-16,3.23,15.263157560114276
002258,利尔化学,2026-07-17,73.51165300821042,74.12892643041677,71.88429580421186,72.22099039814259,16861898.0,218344260.0,0.021099830764243634,13.1,13.21,12.81,12.87,2026-07-16,13.1,5.611576565512245
002259,升达林业,2026-07-17,9.7204107954272,9.875523733652102,9.074106886156775,9.151663355269227,20416672.0,74306297.0,0.027137983371825106,3.76,3.82,3.51,3.54,2026-07-16,3.76,2.5852156370817023
002261,拓维信息,2026-07-17,296.05691925753774,302.1402806121447,274.7651545164135,277.6040564818967,105327376.0,2988468784.0,0.09190024630900444,29.2,29.8,27.1,27.38,2026-07-16,29.95,10.138935591011567
002262,恩华药业,2026-07-17,196.1951599887097,198.58554150684768,189.75951743987667,190.31114394406234,20381852.0,427935222.0,0.023062229531035004,21.34,21.6,20.64,20.7,2026-07-16,21.44,9.193775069761466
002263,大东南,2026-07-17,12.659259372287329,13.020952497209823,12.252354606749522,12.297566247364834,60011544.0,167350761.0,0.031949157798532336,2.8,2.88,2.71,2.72,2026-07-16,2.8,4.521164061531189
002264,新 华 都,2026-07-17,29.806092124814263,30.908246656760774,28.751857355126297,28.991456166419017,23530908.0,145439305.0,0.03593696664089273,6.22,6.45,6.0,6.05,2026-07-16,6.27,4.791976225854383
002265,建设工业,2026-07-17,16.77186744182079,16.892167746245086,15.909715260113321,16.050065615275006,7144300.0,116366999.0,0.006915799180350938,16.73,16.85,15.87,16.01,2026-07-16,16.73,1.0025025368691445
002266,浙富控股,2026-07-17,56.68705839269302,57.04135250764735,52.90792116651349,53.0260192048316,123795530.0,571671888.0,0.02556393416860191,4.8,4.83,4.48,4.49,2026-07-16,4.81,11.809803831811045
002267,陕天然气,2026-07-17,22.921420980754654,23.305578874286855,22.825381507371603,22.921420980754654,11525499.0,83098387.0,0.010363954218951395,7.16,7.28,7.13,7.16,2026-07-16,7.14,3.2013157794350073
002268,电科网安,2026-07-17,120.69653325777682,124.31226392598411,118.97475674910669,119.0608455745402,18137569.0,257031172.0,0.021458116300815882,14.02,14.44,13.82,13.83,2026-07-16,14.16,8.6088825433507
002269,美邦服饰,2026-07-17,6.282051282051282,6.416666666666666,6.012820512820514,6.057692307692308,72135487.0,99265485.0,0.03077808257338788,1.4,1.43,1.34,1.35,2026-07-16,1.4,4.487179487179487
002270,华明装备,2026-07-17,46.305851399117685,47.393216752705214,45.69586595686127,45.69586595686127,20002098.0,350275300.0,0.0223185125601255,17.46,17.87,17.23,17.23,2026-07-16,17.49,2.6521106185061676
002271,东方雨虹,2026-07-17,479.62998949500997,485.2220880272387,456.4012725149825,461.9933710472114,51502901.0,560841018.0,0.026901602978837362,11.15,11.28,10.61,10.74,2026-07-16,11.11,43.01614255560627
002272,川润股份,2026-07-17,68.20679868235472,68.76587080270188,61.672643275797164,61.672643275797164,28394085.0,517852220.0,0.06957065020979994,19.52,19.68,17.65,17.65,2026-07-16,19.61,3.494200752169811
002273,水晶光电,2026-07-17,450.0408962710418,453.12442416601294,405.6380945834569,410.8800920049079,62219378.0,1714927307.0,0.04567973397072768,29.19,29.39,26.31,26.65,2026-07-16,28.98,15.417639474855832
002274,华昌化工,2026-07-17,20.985289471788295,21.76252241518786,20.946427824618315,21.06301276612825,26890501.0,147187421.0,0.028672523266082252,5.4,5.6,5.39,5.42,2026-07-16,5.42,3.886164716997832
002275,桂林三金,2026-07-17,29.371727199454583,29.69214604163045,28.517276953652267,28.624083234377558,3463501.0,47106269.0,0.006216985166186131,13.75,13.9,13.35,13.4,2026-07-16,13.77,2.136125614505788
002276,万马股份,2026-07-17,37.23511162395118,37.54540422081744,35.72243521422816,35.838794938053006,21336324.0,201212185.0,0.02118610085869073,9.6,9.68,9.21,9.24,2026-07-16,9.59,3.8786574608282476
002277,友阿股份,2026-07-17,36.1877286068501,37.596808304815944,35.9955813753093,36.507973992751424,21698851.0,124128864.0,0.015563960937984157,5.65,5.87,5.62,5.7,2026-07-16,5.67,6.404907718026566
002278,神开股份,2026-07-17,17.190787367233295,17.30343997121254,16.24450549380761,16.492341222561954,10282336.0,76248617.0,0.02865748086087314,7.63,7.68,7.21,7.32,2026-07-16,7.57,2.2530520795849664
002279,久其软件,2026-07-17,58.79157670247862,59.691447774455334,56.09196348654849,56.59189185986888,30642800.0,176792789.0,0.03852021061213148,5.88,5.97,5.61,5.66,2026-07-16,5.87,9.998567466407929
002281,光迅科技,2026-07-17,692.6616790008545,707.3029788589478,639.1231009483337,639.1231009483337,33691957.0,6479336081.0,0.04316723656579867,205.32,209.66,189.45,189.45,2026-07-16,210.5,3.3735713958740234
002282,博深股份,2026-07-17,13.788625662925682,13.95361776487522,13.529352359862123,13.600063260697638,5141750.0,29990856.0,0.010181377968911498,5.85,5.92,5.74,5.77,2026-07-16,5.83,2.357030027850544
002283,天润工业,2026-07-17,39.64127712679984,39.928532758153466,35.906953919202756,36.433589243351065,37732756.0,295205450.0,0.03762640387827235,8.28,8.34,7.5,7.61,2026-07-16,8.28,4.787593855893701
002284,亚太股份,2026-07-17,62.232840658795894,63.169679120326144,58.753154944540626,59.15465714233932,16887480.0,152686584.0,0.02306439326182776,9.3,9.44,8.78,8.84,2026-07-16,9.36,6.691703296644719
002285,世联行,2026-07-17,31.09815359849195,31.835076669546268,29.182153613750742,29.476922842172467,58536620.0,119348211.0,0.029635216938170065,2.11,2.16,1.98,2.0,2026-07-16,2.11,14.738461421086233
002286,保龄宝,2026-07-17,30.08943632768663,30.68453024764088,28.862055117780997,29.15960207775812,5437090.0,43377923.0,0.014707177239039648,8.09,8.25,7.76,7.84,2026-07-16,8.16,3.719336999714046
002287,奇正藏药,2026-07-17,36.93423252839308,37.32390562387613,35.57884784845205,35.61273246545058,5190115.0,111058680.0,0.009090387754631358,21.8,22.03,21.0,21.02,2026-07-16,21.97,1.6942308499262881
002290,禾盛新材,2026-07-17,178.74759131630606,178.74759131630606,161.00035722009733,161.00035722009733,8597700.0,533252831.0,0.03478089486500907,67.28,67.28,60.6,60.6,2026-07-16,67.33,2.6567715712887345
002291,遥望科技,2026-07-17,8.63074245385483,9.027756606732153,8.475389089685445,8.492650574593153,45497642.0,229190305.0,0.05234877361234704,5.0,5.23,4.91,4.92,2026-07-16,5.04,1.726148490770966
002292,奥飞娱乐,2026-07-17,62.124027278688196,63.390249490737894,59.35416618982949,59.35416618982949,77930668.0,600859924.0,0.07656148218795979,7.85,8.01,7.5,7.5,2026-07-16,7.81,7.913888825310599
002293,罗莱生活,2026-07-17,108.16109723199033,109.46666293674045,106.7551033961056,108.26152536312495,5613641.0,60452021.0,0.006761469902082667,10.77,10.9,10.63,10.78,2026-07-16,10.74,10.042813113462426
002294,信立泰,2026-07-17,485.7531523062945,497.28978967356903,452.11474650908355,452.4790613733133,52542319.0,2034282858.0,0.047141516469514005,40.0,40.95,37.23,37.26,2026-07-16,41.37,12.143828807657362
002295,精艺股份,2026-07-17,13.458278023315309,13.714931716251,12.8006029351676,12.880807214210002,4275300.0,35141595.0,0.01707204095405048,8.39,8.55,7.98,8.03,2026-07-16,8.39,1.60408558084807
002296,辉煌科技,2026-07-17,46.637445510760855,47.0071647843456,44.89448322100422,45.4754706509231,9336400.0,81295578.0,0.02688091898861075,8.83,8.9,8.5,8.61,2026-07-16,8.8,5.281703908353438
002297,博云新材,2026-07-17,60.716383090212844,61.52995249142166,54.35848888076624,54.720075281303494,49928431.0,949827621.0,0.08711919590402188,20.15,20.42,18.04,18.16,2026-07-16,20.04,3.0132200044770645
002298,中电鑫龙,2026-07-17,22.019867549668877,22.20860927152318,21.107615894039736,21.296357615894042,23464960.0,161759411.0,0.03551223893452375,7.0,7.06,6.71,6.77,2026-07-16,7.03,3.145695364238411
002299,圣农发展,2026-07-17,44.180941919686894,44.344575037907966,42.54461073747627,42.735516042067516,14006223.0,222922188.0,0.011493702637729768,16.2,16.26,15.6,15.67,2026-07-16,16.15,2.72721863701771
002300,太阳电缆,2026-07-17,48.406970796130956,48.725437709263396,46.65540277390254,47.05348641531808,18376518.0,110291640.0,0.02544184539577278,6.08,6.12,5.86,5.91,2026-07-16,6.08,7.961672828311013
002301,齐心集团,2026-07-17,40.302781289506946,43.21744627054361,38.644437420986094,39.04646017699115,32121071.0,261805740.0,0.04473747687787108,8.02,8.6,7.69,7.77,2026-07-16,8.1,5.025284450063211
002302,西部建设,2026-07-17,20.237069853225552,20.729564916025293,19.96843618260752,20.102753017916537,7980452.0,36282706.0,0.006321879661448835,4.52,4.63,4.46,4.49,2026-07-16,4.53,4.4772278436339725
002303,美盈森,2026-07-17,63.897865853658566,65.4253048780488,57.78810975609759,57.78810975609759,82632500.0,392975845.0,0.08546294231514766,5.02,5.14,4.54,4.54,2026-07-16,5.04,12.728658536585373
002304,洋河股份,2026-07-17,202.69760349521522,205.97831669919657,199.31594526957295,200.72917557282645,9961689.0,398561848.0,0.006612869104510521,40.16,40.81,39.49,39.77,2026-07-16,40.17,5.047251083048188
002307,北新路桥,2026-07-17,12.506912958653432,12.675356230823848,11.917361506056974,12.001583142142183,24623281.0,71668930.0,0.015114439143493617,2.97,3.01,2.83,2.85,2026-07-16,2.96,4.211081804260415
002309,中利集团,2026-07-17,10.598845342179422,10.749718585484468,9.95763405813298,9.95763405813298,283663900.0,770286012.0,0.11789206231796294,2.81,2.85,2.64,2.64,2026-07-16,2.93,3.7718310826261288
002310,东方新能,2026-07-17,103.93704723208825,110.92832843604036,103.47096181849145,110.92832843604036,266031768.0,618435001.0,0.06047537994696721,2.23,2.38,2.22,2.38,2026-07-16,2.25,46.60854135968083
002311,海大集团,2026-07-17,348.4973207848465,355.27062294430124,343.76329239382983,349.07997043297166,15619538.0,751879869.0,0.00945219265839625,47.85,48.78,47.2,47.93,2026-07-16,47.92,7.283120601564191
002312,川发龙蟒,2026-07-17,155.2057818699851,156.9324222121728,150.79325655106092,151.9443501125194,25739571.0,206607973.0,0.013663503921887518,8.09,8.18,7.86,7.92,2026-07-16,8.11,19.18489269097467
002313,日海智能,2026-07-17,21.124834768030023,21.85049703105396,20.560430785678076,20.909823727134043,16154901.0,127962676.0,0.04315180814997208,7.86,8.13,7.65,7.78,2026-07-16,8.07,2.6876380111997484
002314,南山控股,2026-07-17,4.943159826278686,5.06255982208252,4.77599983215332,4.77599983215332,27255281.0,55760630.0,0.020365233086872766,2.07,2.12,2.0,2.0,2026-07-16,2.08,2.38799991607666
002315,焦点科技,2026-07-17,130.2277263929678,132.58597495944005,126.34971763921342,126.71655630510911,13317091.0,327625889.0,0.050652031188673334,24.85,25.3,24.11,24.18,2026-07-16,25.1,5.240552369938342
002316,亚联发展,2026-07-17,13.780629442381327,14.047566574437141,12.779615197172031,13.07991947073482,14365200.0,57264703.0,0.04215326378801884,4.13,4.21,3.83,3.92,2026-07-16,4.12,3.336714150697658
002317,众生药业,2026-07-17,352.13794349762327,354.7925395974087,326.63073749533726,326.9769891605266,77467168.0,2268443874.0,0.10171401991303755,30.51,30.74,28.3,28.33,2026-07-16,29.96,11.541722172980114
002318,久立特材,2026-07-17,121.32348492056292,125.38792327636068,121.32348492056292,123.08474154140863,15473088.0,283006732.0,0.016207466983831922,17.91,18.51,17.91,18.17,2026-07-16,17.9,6.774063926329588
002319,乐通股份,2026-07-17,20.986607133889503,22.2790374852434,20.2070459695808,20.719915156625998,12377401.0,127733910.0,0.05908842644793821,10.23,10.86,9.85,10.1,2026-07-16,10.26,2.051476748180792
002320,海峡股份,2026-07-17,90.52285766601562,92.23083611254422,86.96456923574772,87.53389538459058,22210537.0,139253790.0,0.009934053581380204,6.36,6.48,6.11,6.15,2026-07-16,6.39,14.233153721071638
002321,华英农业,2026-07-17,3.961904858785962,4.044444543344003,3.7968254896698808,3.8380953319489013,34044800.0,64406223.0,0.01602963569865976,1.92,1.96,1.84,1.86,2026-07-16,1.92,2.063492113951022
002322,理工能科,2026-07-17,62.32136889626984,63.5338468903607,61.715129899224415,62.018249397747134,4372696.0,45203361.0,0.012443656595583412,10.28,10.48,10.18,10.23,2026-07-16,10.34,6.062389970454265
002324,普利特,2026-07-17,79.0009556899836,79.5812355324074,74.5245111912857,74.5245111912857,20611199.0,190773203.0,0.026551381221308512,9.53,9.6,8.99,8.99,2026-07-16,9.51,8.289712034625772
002326,永太科技,2026-07-17,108.99328018223233,112.3673120728929,108.51127562642368,109.83678815489748,40051915.0,735480901.0,0.04955944674068251,18.09,18.65,18.01,18.23,2026-07-16,18.15,6.025056947608199
002327,富安娜,2026-07-17,91.14451943674395,92.8428645194162,90.57840440918653,91.2860481936333,6342900.0,41168558.0,0.012918767519394327,6.44,6.56,6.4,6.45,2026-07-16,6.44,14.152875688935396
002328,新朋股份,2026-07-17,22.8440344487137,22.942500114440914,21.399871351381226,21.432693239956965,32464808.0,218448829.0,0.05687685494167442,6.96,6.99,6.52,6.53,2026-07-16,6.98,3.2821888575738076
002329,皇氏集团,2026-07-17,20.266666412353526,20.736618097277663,18.680579475734557,18.974299278812143,49034104.0,163687799.0,0.07525266495987916,3.45,3.53,3.18,3.23,2026-07-16,3.48,5.874396061551747
002330,得利斯,2026-07-17,8.056373096533326,8.200604839949523,7.747305074927187,7.8091186792484155,13871564.0,53646546.0,0.021839851515830476,3.91,3.98,3.76,3.79,2026-07-16,3.91,2.060453477374252
002331,皖通科技,2026-07-17,37.048026959376344,37.75215612673291,35.26062214993275,35.693932406767566,10989200.0,74022304.0,0.027239216361168432,6.84,6.97,6.51,6.59,2026-07-16,6.85,5.416378210435139
002332,仙琚制药,2026-07-17,25.834285554431734,26.069142695835662,25.15907127289545,25.18842841557094,24839076.0,216826851.0,0.025228254342452173,8.8,8.88,8.57,8.58,2026-07-16,8.81,2.9357142675490606
002333,罗普斯金,2026-07-17,18.079839652800647,18.267389856667872,17.554699081972412,17.81726936738653,4459100.0,21259558.0,0.006690227592462555,4.82,4.87,4.68,4.75,2026-07-16,4.82,3.7510040773445326
002334,英威腾,2026-07-17,80.79133199055993,81.03615420871314,78.58793202718103,79.68963200887048,15664604.0,102310753.0,0.021312035717333377,6.6,6.62,6.42,6.51,2026-07-16,6.61,12.241110907660596
002335,科华数据,2026-07-17,277.4551613863083,279.01682270743197,256.8065283625618,258.1079127968315,25027842.0,766148327.0,0.03793622297395,31.98,32.16,29.6,29.75,2026-07-16,31.87,8.675896228464925
002337,赛象科技,2026-07-17,23.629422422555777,24.0532685646644,22.834710906102107,23.09961474492,10992320.0,48694787.0,0.018694532028294342,4.46,4.54,4.31,4.36,2026-07-16,4.46,5.298076776357798
002338,奥普光电,2026-07-17,141.67093765250277,142.19564482899352,128.3236988505193,128.75002343141801,7654015.0,315204164.0,0.03189172916666667,43.2,43.36,39.13,39.26,2026-07-16,43.36,3.2794198530671936
002339,积成电子,2026-07-17,36.71637572609418,37.10402976845113,35.55341359902332,35.94106764138027,14968868.0,98442334.0,0.031268493111613886,6.63,6.7,6.42,6.49,2026-07-16,6.59,5.537914890813601
002340,格林美,2026-07-17,156.99713945388794,158.97505617141724,154.52474355697632,155.76094150543213,112817769.0,716943514.0,0.022225802144815458,6.35,6.43,6.25,6.3,2026-07-16,6.31,24.72395896911621
002342,巨力索具,2026-07-17,20.14285499153408,20.29280180288545,18.11857303829058,18.218537579191494,104964082.0,793780646.0,0.10994572269532518,8.06,8.12,7.25,7.29,2026-07-16,8.05,2.4991135225228387
002343,慈文传媒,2026-07-17,15.911858456879264,16.328064010077313,14.759289232638515,14.951384103345305,28893540.0,139924964.0,0.060997978708364486,4.97,5.1,4.61,4.67,2026-07-16,4.97,3.2015811784465322
002344,海宁皮城,2026-07-17,17.221374045801525,17.63358778625954,16.85496183206107,16.946564885496183,10085366.0,37852534.0,0.007871381735179065,3.76,3.85,3.68,3.7,2026-07-16,3.78,4.580152671755725
002345,潮宏基,2026-07-17,87.47608864825705,88.41945823171865,83.87413205685823,84.38869728420092,20302100.0,203550161.0,0.023410300457249855,10.2,10.31,9.78,9.84,2026-07-16,10.33,8.576087122378143
002346,柘中股份,2026-07-17,49.18185283519605,49.27876289004372,44.675535284779066,44.675535284779066,11725756.0,224452671.0,0.029903986339668634,20.3,20.34,18.44,18.44,2026-07-16,20.49,2.4227513711919233
002347,泰尔股份,2026-07-17,21.69399750180336,22.088433820017965,20.58957581080246,20.905124865374145,14225060.0,76543352.0,0.028831684217609316,5.5,5.6,5.22,5.3,2026-07-16,5.52,3.9443631821460654
002348,高乐股份,2026-07-17,75.67626074921313,75.67626074921313,68.31502447633513,68.79660068110284,23416400.0,243922635.0,0.025916485646807017,11.0,11.0,9.93,10.0,2026-07-16,11.01,6.879660068110285
002349,精华制药,2026-07-17,58.02658678333729,58.77264289912305,55.70552331200379,55.871313559956185,19736350.0,135330940.0,0.024240742820267655,7.0,7.09,6.72,6.74,2026-07-16,7.01,8.289512397619612
002350,北京科锐,2026-07-17,77.72466313918972,81.32713958945057,73.03650885460367,74.02348870399021,39896929.0,629320249.0,0.0751991775720637,15.75,16.48,14.8,15.0,2026-07-16,16.06,4.93489924693268
002351,漫步者,2026-07-17,77.3122175843471,80.32438190581516,76.92604267133837,79.16585716678898,21383624.0,218772675.0,0.041038952041262684,10.01,10.4,9.96,10.25,2026-07-16,10.11,7.723498260174535
002352,顺丰控股,2026-07-17,127.43490439037869,128.99828891461732,125.49020656754524,126.13843917515639,23488776.0,782277942.0,0.004924259331718546,33.42,33.83,32.91,33.08,2026-07-16,33.4,3.813132985947896
002353,杰瑞股份,2026-07-17,1136.3934699619645,1138.3133483477088,1024.9532563894388,1024.9532563894388,28337236.0,3417198863.0,0.04100673303184367,130.22,130.44,117.45,117.45,2026-07-16,130.5,8.726719935201693
002354,天娱数科,2026-07-17,21.840776980501932,22.271844947222366,20.576310944788663,20.576310944788663,230469346.0,1687905606.0,0.14176676381314984,7.6,7.75,7.16,7.16,2026-07-16,7.96,2.873786444802886
002355,兴民智通,2026-07-17,9.16191017493773,9.726685459694167,8.55529968390304,8.680805302737806,19052100.0,81633872.0,0.030820329760591257,4.38,4.65,4.09,4.15,2026-07-16,4.37,2.091760313912724
002356,赫美集团,2026-07-17,14.826646877737607,15.047117463280173,13.669176303639132,13.724293950024775,41525480.0,106813239.0,0.0316686934917353,2.69,2.73,2.48,2.49,2026-07-16,2.68,5.511764638564166
002357,富临运业,2026-07-17,41.58334828824184,42.49128165698074,39.404308203268464,39.58589487701625,11233612.0,100853445.0,0.03583543237095595,9.16,9.36,8.68,8.72,2026-07-16,9.08,4.539666843694524
002358,森源电气,2026-07-17,44.24281287532283,45.96098036562662,43.899179377262065,44.32872124983802,27066428.0,140895920.0,0.029111333161794366,5.15,5.35,5.11,5.16,2026-07-16,5.17,8.590837451518995
002361,神剑股份,2026-07-17,103.13369904261201,103.13369904261201,93.07915888498285,95.16970683854932,81191621.0,794592838.0,0.10035811532725346,10.36,10.36,9.35,9.56,2026-07-16,10.3,9.95499025507838
002362,汉王科技,2026-07-17,29.6000009764117,29.720000980370124,28.240000931549538,28.500000940126128,3993587.0,57864621.0,0.01923749389746132,14.8,14.86,14.12,14.25,2026-07-16,14.72,2.0000000659737633
002363,隆基机械,2026-07-17,18.395253693316622,18.686779108424652,17.549829989503337,17.78305032158976,7263400.0,44901113.0,0.01747025212375443,6.31,6.41,6.02,6.1,2026-07-16,6.3,2.9152541510802887
002364,中恒电气,2026-07-17,310.236463470849,313.3973379089868,282.259362060948,282.259362060948,33259931.0,1443393678.0,0.05959452951902707,46.13,46.6,41.97,41.97,2026-07-16,46.63,6.725264761995425
002365,永安药业,2026-07-17,48.33075156199532,48.33075156199532,42.462017443753034,43.49767640579579,64740932.0,849386052.0,0.26393793720436115,14.0,14.0,12.3,12.6,2026-07-16,13.18,3.452196540142523
002366,融发核电,2026-07-17,11.648606958773113,11.85828188403103,11.48552646135029,11.67190417269066,40345882.0,203176069.0,0.02180437927154942,5.0,5.09,4.93,5.01,2026-07-16,5.0,2.3297213917546227
002367,康力电梯,2026-07-17,54.864261318260525,56.81672613385698,52.71655002110442,53.204666225003535,25283084.0,142437792.0,0.0318196026050033,5.62,5.82,5.4,5.45,2026-07-16,5.62,9.7623240779823
002368,太极股份,2026-07-17,77.49567926157233,79.12421165185175,73.28395756257385,74.85633366353328,12627063.0,169817665.0,0.020314659392110364,13.8,14.09,13.05,13.33,2026-07-16,13.8,5.615628931997995
002369,卓翼科技,2026-07-17,22.46690203289098,22.982395004964957,21.52183158408868,21.650704827107177,26539584.0,137791692.0,0.04687287110003718,5.23,5.35,5.01,5.04,2026-07-16,5.25,4.29577476728317
002370,亚太药业,2026-07-17,19.952178150934632,20.022805330229975,18.25712584784638,18.25712584784638,50582258.0,269376531.0,0.0678348673704486,5.65,5.67,5.17,5.17,2026-07-16,5.74,3.5313589647671915
002371,北方华创,2026-07-17,4476.906617608656,4570.40958576526,4261.940194270718,4371.651204559441,16618562.0,11379353080.0,0.02291868197051435,693.3,707.78,660.01,677.0,2026-07-16,702.76,6.457387303632852
002372,伟星新材,2026-07-17,79.76262032873343,81.27518582169297,78.45173023483515,78.55256793436578,13294121.0,105210265.0,0.009038345306185453,7.91,8.06,7.78,7.79,2026-07-16,7.92,10.083769953063644
002373,千方科技,2026-07-17,30.667790939997893,31.124898935038512,29.795130222193073,29.878240766745915,25561130.0,186827148.0,0.018554906352729324,7.38,7.49,7.17,7.19,2026-07-16,7.39,4.155527227641991
002374,中锐股份,2026-07-17,19.031325837720704,19.4955045166895,17.638789800814312,17.970346000077736,25436729.0,70749730.0,0.02343946867988596,2.87,2.94,2.66,2.71,2026-07-16,2.88,6.6311239852685375
002375,亚厦股份,2026-07-17,22.13394755952095,22.70473703813324,21.563158080908664,21.753421240446094,14427900.0,50205565.0,0.010839923638234225,3.49,3.58,3.4,3.43,2026-07-16,3.51,6.342105317914313
002376,新北洋,2026-07-17,32.09898276542111,32.57491496457892,31.675931921725283,31.8874573435732,12937094.0,78745168.0,0.016435706981588465,6.07,6.16,5.99,6.03,2026-07-16,6.09,5.288135546197877
002377,国创高新,2026-07-17,11.715570898617015,12.019307921914493,11.411833875319536,11.54200688530417,25010177.0,67596867.0,0.02866750009067566,2.7,2.77,2.63,2.66,2026-07-16,2.71,4.339100332821117
002378,章源钨业,2026-07-17,69.92570744228735,70.29568473034178,64.88832436646933,65.5998191511894,40571226.0,959676632.0,0.03394736890525802,24.57,24.7,22.8,23.05,2026-07-16,24.57,2.845979138880234
002379,宏桥控股,2026-07-17,149.06572397355552,153.0418918966389,145.25184861876122,146.79362801750784,74220406.0,1355762999.0,0.0653133758185279,18.37,18.86,17.9,18.09,2026-07-16,18.54,8.114628414455934
002380,科远智慧,2026-07-17,93.71763170480305,94.25740208179256,88.52234182627905,88.7922270147738,6898048.0,186737607.0,0.048508118513411615,27.78,27.94,26.24,26.32,2026-07-16,27.97,3.373564856184415
002381,双箭股份,2026-07-17,34.90592706637324,35.54994786095577,33.74668963612468,33.939895874499435,5799700.0,31078281.0,0.018010008493089855,5.42,5.52,5.24,5.27,2026-07-16,5.42,6.44020794582532
002382,蓝帆医疗,2026-07-17,40.02242636497487,40.862057687317,38.13325588970508,38.41313299715246,40824338.0,229846801.0,0.04091466829997664,5.72,5.84,5.45,5.49,2026-07-16,5.73,6.996927686184418
002383,合众思壮,2026-07-17,32.13758083230587,32.13758083230587,30.362818905745698,30.554685059968417,12095179.0,78493822.0,0.016336882080678274,6.7,6.7,6.33,6.37,2026-07-16,6.67,4.7966538555680405
002384,东山精密,2026-07-17,1957.6692061186466,1972.768472504353,1835.5851879548195,1835.5851879548195,109049809.0,26774328957.0,0.07866125675648812,258.01,260.0,241.92,241.92,2026-07-16,268.8,7.587571048093666
002385,大北农,2026-07-17,33.07289298183949,33.60979059518103,32.106477277824695,32.428615845829626,86750393.0,264726516.0,0.025046326927221883,3.08,3.13,2.99,3.02,2026-07-16,3.1,10.737952266831002
002386,天原股份,2026-07-17,14.092703108851977,14.461622038403073,13.969730132334941,14.240270680672415,24442343.0,141303410.0,0.01878151051812416,5.73,5.88,5.68,5.79,2026-07-16,5.77,2.459459530340659
002387,维信诺,2026-07-17,23.48014761419857,23.658027520366744,22.163836308554107,22.377292195955913,20838755.0,133745183.0,0.014938214787850523,6.6,6.65,6.23,6.29,2026-07-16,6.66,3.55759812336342
002388,新亚制程,2026-07-17,16.17463235294117,16.367647058823522,14.97794117647058,15.093749999999993,31526200.0,127151283.0,0.06228893141937517,4.19,4.24,3.88,3.91,2026-07-16,4.21,3.8602941176470567
002389,航天彩虹,2026-07-17,109.28642597099659,109.41204255257247,105.70635339608464,106.33443630396393,15763853.0,269679422.0,0.016007792939229357,17.4,17.42,16.83,16.93,2026-07-16,17.26,6.280829078792908
002390,信邦制药,2026-07-17,34.761268998468196,35.76722212061036,33.75531587632603,33.97886101457985,47028032.0,145417137.0,0.024394781549774074,3.11,3.2,3.02,3.04,2026-07-16,3.14,11.177256912690739
002391,长青股份,2026-07-17,33.103727456916616,33.74279555454049,32.209032120243194,32.464659359292746,8248713.0,42554160.0,0.017773632880124828,5.18,5.28,5.04,5.08,2026-07-16,5.18,6.3906809762387295
002392,北京利尔,2026-07-17,61.603625644337065,62.03929484974256,59.07674425298519,59.77381498163398,18727400.0,130150308.0,0.016178528336722963,7.07,7.12,6.78,6.86,2026-07-16,7.12,8.71338410810991
002393,力生制药,2026-07-17,33.77527349289149,33.95187623010923,32.07547214717081,32.318300910845196,6363837.0,94669444.0,0.021197459785108813,15.3,15.38,14.53,14.64,2026-07-16,15.46,2.207534215221666
002394,联发股份,2026-07-17,46.76598837209302,47.52906976744186,44.149709302325576,44.47674418604651,6558700.0,54792400.0,0.020297949649906402,8.58,8.72,8.1,8.16,2026-07-16,8.63,5.450581395348837
002395,双象股份,2026-07-17,40.62625026702881,41.190043127877374,38.968035970415386,39.498664545331685,3850800.0,46530039.0,0.014358704419782832,12.25,12.42,11.75,11.91,2026-07-16,12.27,3.3164285932268416
002396,星网锐捷,2026-07-17,123.57254357391288,138.79781398559842,120.07604252006648,132.55722349708776,200195399.0,5993682671.0,0.26431397712313387,27.92,31.36,27.13,29.95,2026-07-16,28.51,4.425950701071378
002397,梦洁股份,2026-07-17,46.603987269464554,47.12037494004034,43.63475816365379,44.02204891658563,21498300.0,75340276.0,0.03318416781089323,3.61,3.65,3.38,3.41,2026-07-16,3.61,12.909691764394614
002398,垒知集团,2026-07-17,25.845720720720717,26.310810810810803,24.849099099099096,25.11486486486486,14015300.0,53794835.0,0.02336893841283712,3.89,3.96,3.74,3.78,2026-07-16,3.89,6.644144144144143
002399,海普瑞,2026-07-17,39.7174263197732,40.066164697215115,37.62499605512174,37.89623701535433,9089552.0,90254734.0,0.0072879566880386494,10.25,10.34,9.71,9.78,2026-07-16,10.36,3.8748708604656783
002400,省广集团,2026-07-17,113.72701511335013,116.36744332493703,108.63476070528968,109.20056675062973,78745164.0,466408408.0,0.04561857147277016,6.03,6.17,5.76,5.79,2026-07-16,6.05,18.860201511335013
002401,中远海科,2026-07-17,87.77308735251422,88.66043111681934,83.9279310405254,85.03711074590679,4504831.0,52402993.0,0.012130972671488233,11.87,11.99,11.35,11.5,2026-07-16,11.89,7.394531369209286
002402,和而泰,2026-07-17,294.6084936103644,298.52649588489095,266.17138032751075,266.17138032751075,66239441.0,1450696035.0,0.08092996167324308,23.31,23.62,21.06,21.06,2026-07-16,23.4,12.63871701460165
002403,爱仕达,2026-07-17,13.6962890625,13.842773437499998,12.5390625,12.758789062500002,7884500.0,70523308.0,0.026532714434759765,9.35,9.45,8.56,8.71,2026-07-16,9.27,1.46484375
002404,嘉欣丝绸,2026-07-17,36.689800035085106,37.259124518388155,35.55115106847902,35.93070072401438,11581600.0,66784685.0,0.025423701038946603,5.8,5.89,5.62,5.68,2026-07-16,5.8,6.325827592256053
002405,四维图新,2026-07-17,24.910527141547636,25.27096885259897,23.82920200839364,23.949349245410755,56367776.0,343332435.0,0.023927660431807912,6.22,6.31,5.95,5.98,2026-07-16,6.23,4.00490790057036
002406,远东传动,2026-07-17,27.732145756557404,28.11436522333997,26.75536267477973,26.840300334064747,14749400.0,94953838.0,0.02449200282654856,6.53,6.62,6.3,6.32,2026-07-16,6.53,4.246882964250751
002407,多氟多,2026-07-17,268.85361602939133,277.19734894064834,261.43696455271845,263.2911274218867,135410903.0,4327515397.0,0.12552373190347174,31.9,32.89,31.02,31.24,2026-07-16,31.92,8.42801304167371
002408,齐翔腾达,2026-07-17,44.35153409439029,45.658737204540735,43.60456088859003,44.07141914221519,35765914.0,170900815.0,0.013000638089107052,4.75,4.89,4.67,4.72,2026-07-16,4.76,9.337165072503218
002409,雅克科技,2026-07-17,516.6299732174735,524.8900454636831,470.1384993890052,473.40335007920663,36682760.0,5594098981.0,0.11516527577856159,158.24,160.77,144.0,145.0,2026-07-16,156.0,3.264850690201425
002410,广联达,2026-07-17,162.6836181138278,166.41489375864035,158.57921490453396,158.76577868677458,39049251.0,339234943.0,0.02487025851209363,8.72,8.92,8.5,8.51,2026-07-16,8.74,18.65637822406282
002412,汉森制药,2026-07-17,51.44589510514745,52.753189898551796,49.36960337444643,49.44650306817609,32739809.0,216401687.0,0.06576305677469896,6.69,6.86,6.42,6.43,2026-07-16,6.72,7.6899693729667336
002413,雷科防务,2026-07-17,40.11716142869154,40.16681138095477,37.287114149687305,37.733963720056394,57212750.0,445620540.0,0.04416504793772815,8.08,8.09,7.51,7.6,2026-07-16,8.1,4.96499522632321
002414,高德红外,2026-07-17,193.65890389236742,201.29007259593286,185.7397665584788,189.3393744375191,147285935.0,1987665445.0,0.04333707887858897,13.45,13.98,12.9,13.15,2026-07-16,13.49,14.398431516161148
002415,海康威视,2026-07-17,831.8203006182781,840.8379833381363,799.8928293668879,807.9356274683831,96118110.0,3223351418.0,0.01062500960029449,34.13,34.5,32.82,33.15,2026-07-16,34.12,24.372115459076415
002416,爱施德,2026-07-17,34.75083689231401,35.46003764521838,33.59371987441741,33.966983428577606,39910726.0,367563979.0,0.032609351784745416,9.31,9.5,9.0,9.1,2026-07-16,9.47,3.7326355416019346
002418,康盛股份,2026-07-17,17.150000000000002,17.2,15.9,16.200000000000003,40996200.0,135821505.0,0.03607559561414485,3.43,3.44,3.18,3.24,2026-07-16,3.43,5.0
002419,天虹股份,2026-07-17,20.283733652835068,20.68761330521453,19.700351932731405,19.87985400045561,14825857.0,66480308.0,0.012991010599239608,4.52,4.61,4.39,4.43,2026-07-16,4.53,4.487551693105104
002420,毅昌科技,2026-07-17,5.48168369011371,5.542817708962562,5.165824592727976,5.237147614718302,10820500.0,56503004.0,0.026736620138366734,5.38,5.44,5.07,5.14,2026-07-16,5.38,1.0189003141475297
002421,达实智能,2026-07-17,54.38499963478964,55.50249962728532,49.914999664806935,50.47374966105477,150238283.0,421212638.0,0.07499250967311355,2.92,2.98,2.68,2.71,2026-07-16,2.91,18.62499987492796
002422,科伦药业,2026-07-17,356.16070365166706,357.8472789417614,329.3221577310349,329.3221577310349,30266820.0,1394348544.0,0.02330700300382598,48.57,48.8,44.91,44.91,2026-07-16,49.9,7.332936043888553
002423,中粮资本,2026-07-17,9.905277780514115,10.015092390054184,9.696630022387987,9.817426092882062,19008258.0,170515412.0,0.008249733955875698,9.02,9.12,8.83,8.94,2026-07-16,9.03,1.098146095400678
002425,凯撒文化,2026-07-17,11.99749191090212,12.263119038080765,11.2891529050924,11.421966468681724,29743640.0,78374159.0,0.03232351121285301,2.71,2.77,2.55,2.58,2026-07-16,2.73,4.4271187863107455
002426,胜利精密,2026-07-17,14.713742362720343,14.713742362720343,13.448044094959451,13.658993806252933,124314250.0,330539650.0,0.036535077288639105,2.79,2.79,2.55,2.59,2026-07-16,2.81,5.27374278233704
002427,尤夫股份,2026-07-17,8.658747300215982,8.781857451403887,8.289416846652268,8.371490280777538,14469764.0,59879768.0,0.01469730792708951,4.22,4.28,4.04,4.08,2026-07-16,4.24,2.0518358531317493
002428,云南锗业,2026-07-17,436.62332506198044,445.96740400299564,398.4506389336288,398.4506389336288,46093888.0,3582024914.0,0.07058403283894352,82.24,84.0,75.05,75.05,2026-07-16,83.39,5.309135761940424
002429,兆驰股份,2026-07-17,82.28163603980943,83.33652880955057,75.47278270784385,76.3358767921775,107667062.0,884475794.0,0.023797335539989826,8.58,8.69,7.87,7.96,2026-07-16,8.73,9.589934270374059
002430,杭氧股份,2026-07-17,58.51087670091849,60.193064406069894,57.19438197514782,57.803870274115724,20178931.0,486635637.0,0.020634167660692128,24.0,24.69,23.46,23.71,2026-07-16,24.05,2.4379531958716036
002432,九安医疗,2026-07-17,270.9214370015989,270.9214370015989,263.01956175571894,270.9214370015989,45645583.0,3594431327.0,0.09810509036944212,79.2,79.2,76.89,79.2,2026-07-16,72.0,3.420725214666653
002434,万里扬,2026-07-17,43.6756744177163,44.05812340561224,41.839919275815795,41.99289887097417,20562286.0,115178021.0,0.0156805976388835,5.71,5.76,5.47,5.49,2026-07-16,5.69,7.648979757918792
002436,兴森科技,2026-07-17,503.82168626617647,512.4547754016612,459.44221242907554,459.44221242907554,95894419.0,3359383847.0,0.06317444926433523,37.35,37.99,34.06,34.06,2026-07-16,37.84,13.489201774194818
002437,誉衡药业,2026-07-17,49.69278432577337,50.32783588265226,46.04123787371973,46.67628943059862,130315813.0,391880685.0,0.062050603072698406,3.13,3.17,2.9,2.94,2026-07-16,3.17,15.876288921972321
002438,江苏神通,2026-07-17,53.99876661607562,54.30091798802809,52.09952942094587,52.40168079289833,6612400.0,81613606.0,0.014102522166903502,12.51,12.58,12.07,12.14,2026-07-16,12.51,4.31644817074945
002439,启明星辰,2026-07-17,109.79958632272047,113.42305693812877,106.59744949980154,110.55798714920128,38379714.0,503094865.0,0.05267603086487601,13.03,13.46,12.65,13.12,2026-07-16,13.1,8.426675849786683
002440,闰土股份,2026-07-17,63.836771867670436,66.5995050884628,62.77870382566485,62.955048499332456,55599259.0,609290366.0,0.05875067902847585,10.86,11.33,10.68,10.71,2026-07-16,10.89,5.87815578891993
002441,众业达,2026-07-17,44.47710454129247,44.93153217389827,43.227428551626524,43.454642367929424,5108100.0,39693768.0,0.012816577795383971,7.83,7.91,7.61,7.65,2026-07-16,7.83,5.6803454075724735
002442,龙星科技,2026-07-17,12.89951625947029,13.088817336653294,12.35865603894743,12.520914105104287,13214497.0,62112875.0,0.02688546800440691,4.77,4.84,4.57,4.63,2026-07-16,4.79,2.704301102614317
002443,金洲管道,2026-07-17,38.45506270166854,39.228460610752386,35.49037071684717,36.39266827744498,20178719.0,175293711.0,0.0388480684041709,8.95,9.13,8.26,8.47,2026-07-16,9.04,4.296655050465759
002444,巨星科技,2026-07-17,137.32558481514374,139.35321089966263,131.79569549372854,133.31641505711772,11386562.0,332882860.0,0.009929601258859909,29.8,30.24,28.6,28.93,2026-07-16,29.89,4.60824110117932
002445,中南文化,2026-07-17,19.675080253231904,20.0354297084193,18.954381342857108,19.098521124932066,49292320.0,132875676.0,0.02083091559689859,2.73,2.78,2.63,2.65,2026-07-16,2.74,7.20698910374795
002446,盛路通信,2026-07-17,42.290767767490486,42.44002930078751,38.758244812794224,38.80799865722656,42883445.0,347154323.0,0.05058338457792339,8.5,8.53,7.79,7.8,2026-07-16,8.54,4.975384443234175
002448,中原内配,2026-07-17,66.38404187289153,66.75046712701973,60.3380251797763,61.07087568803269,21780069.0,224057829.0,0.03751888418682024,10.87,10.93,9.88,10.0,2026-07-16,10.83,6.107087568803269
002449,国星光电,2026-07-17,19.891490794145152,20.016202335174274,19.018510006941288,19.11204366271313,12379720.0,77483342.0,0.02001645431797661,6.38,6.42,6.1,6.13,2026-07-16,6.38,3.11778852572808
002451,摩恩电气,2026-07-17,20.923077234855068,21.04615415976598,19.753846448201404,19.907692604340042,11820267.0,78251855.0,0.02691630175635149,6.8,6.84,6.42,6.47,2026-07-16,6.71,3.076923122772804
002452,长高电气,2026-07-17,60.12166962699823,63.72424511545293,60.12166962699823,62.66119005328597,35345391.0,373037076.0,0.06859901687410402,10.18,10.79,10.18,10.61,2026-07-16,10.27,5.905861456483127
002453,华软科技,2026-07-17,17.087147887323944,17.211267605633804,15.845950704225354,16.011443661971832,15581500.0,61826981.0,0.02585495863517744,4.13,4.16,3.83,3.87,2026-07-16,4.13,4.137323943661972
002454,松芝股份,2026-07-17,21.177487298456157,21.61413652110474,20.085864241834706,20.260523930894138,15074214.0,71430683.0,0.01718145126884265,4.85,4.95,4.6,4.64,2026-07-16,4.86,4.366492226485806
002455,百川股份,2026-07-17,40.84240305690517,41.608198114222134,38.73646664928349,39.119364177941975,35033331.0,219908551.0,0.05301558148372109,6.4,6.52,6.07,6.13,2026-07-16,6.39,6.381625477641432
002456,欧菲光,2026-07-17,163.57636927587194,163.78083973746678,154.98860988888867,154.98860988888867,118114639.0,914235861.0,0.03560227410605962,8.0,8.01,7.58,7.58,2026-07-16,8.01,20.447046159483993
002457,青龙管业,2026-07-17,31.624623261780307,32.342060268626504,29.35752232014633,29.414917280694024,39191439.0,422825097.0,0.11759653721849704,11.02,11.27,10.23,10.25,2026-07-16,11.19,2.869748027384783
002458,益生股份,2026-07-17,100.1066650390625,100.67545290860262,96.69393782182173,96.92145296963778,49992638.0,432603473.0,0.05173156491234167,8.8,8.85,8.5,8.52,2026-07-16,8.91,11.375757390802557
002459,晶澳科技,2026-07-17,19.189999565001454,19.515713843332453,18.755713860560117,18.891428143198034,38996423.0,275353046.0,0.011792887274188486,7.07,7.19,6.91,6.96,2026-07-16,7.1,2.7142856527583383
002460,赣锋锂业,2026-07-17,707.5215212143617,719.3983812827083,683.3436275037989,685.4644953731465,50283245.0,2490983703.0,0.04151461043548296,50.04,50.88,48.33,48.48,2026-07-16,49.97,14.139119128984046
002461,珠江啤酒,2026-07-17,18.983316447124007,19.276756534891675,18.712448673799997,18.825310246018336,11092440.0,93453103.0,0.005011655567726666,8.41,8.54,8.29,8.34,2026-07-16,8.43,2.257231444366707
002462,嘉事堂,2026-07-17,22.341176201315506,22.769382078507387,21.68955856211047,21.81988208995148,4937600.0,58651985.0,0.01694031256050035,12.0,12.23,11.65,11.72,2026-07-16,12.06,1.8617646834429589
002463,沪电股份,2026-07-17,436.90818734896385,444.59782357943254,400.9363297284659,416.41335180250263,95729852.0,12161243298.0,0.0497864208131846,134.09,136.45,123.05,127.8,2026-07-16,136.72,3.2583204366393006
002465,海格通信,2026-07-17,75.04340008894606,75.69343916575117,70.27644685904188,70.5653531153997,82832137.0,830121766.0,0.03342853542404865,10.39,10.48,9.73,9.77,2026-07-16,10.39,7.222656408945722
002466,天齐锂业,2026-07-17,409.1871920817405,424.13582634355015,396.8566802047675,396.8566802047675,67213422.0,3267734348.0,0.04554606567876536,48.45,50.22,46.99,46.99,2026-07-16,49.34,8.445556080118482
002467,二六三,2026-07-17,52.098948096190526,53.288421797016795,49.482105954372734,49.838948064620624,57067371.0,245264130.0,0.04175227359266782,4.38,4.48,4.16,4.19,2026-07-16,4.45,11.894737008262677
002468,申通快递,2026-07-17,33.014507669798085,33.511986552493674,31.092430168474227,31.25071890387737,36415100.0,517941428.0,0.024871897970838386,14.6,14.82,13.75,13.82,2026-07-16,14.72,2.2612676486163075
002469,三维化学,2026-07-17,61.452567188031594,61.88006330760051,59.20821256029478,59.95633076954039,5970950.0,33874592.0,0.009492994021918597,5.75,5.79,5.54,5.61,2026-07-16,5.7,10.687402989222885
002470,金正大,2026-07-17,8.028995413967616,8.15711768121178,7.644628612235123,7.687336034649845,111375900.0,205055183.0,0.03389678988617271,1.88,1.91,1.79,1.8,2026-07-16,1.87,4.270742241472136
002471,中超控股,2026-07-17,35.762619757584346,35.90341747316538,33.721052881659254,34.14344602840237,51688923.0,255399641.0,0.038473018800609354,5.08,5.1,4.79,4.85,2026-07-16,5.11,7.039885779052036
002472,双环传动,2026-07-17,217.57558401725876,219.41899855141608,197.9300519818103,199.08876968899492,50091200.0,1958539795.0,0.06691358546293752,41.31,41.66,37.58,37.8,2026-07-16,41.57,5.26689866902103
002474,榕基软件,2026-07-17,36.16917056545487,36.60872645774339,34.53653439409754,34.913296587487686,18427588.0,104175298.0,0.034845815928701174,5.76,5.83,5.5,5.56,2026-07-16,5.78,6.279369889835915
002475,立讯精密,2026-07-17,2111.8396518319687,2129.1498129125584,1976.4741921817556,2009.7097014564881,143301667.0,8437769036.0,0.019563166773081526,61.0,61.5,57.09,58.05,2026-07-16,61.58,34.620322161179814
002476,宝莫股份,2026-07-17,23.637785666431764,23.901012678307392,22.26900520467848,22.47958681417898,12373000.0,53951320.0,0.02021732026143791,4.49,4.54,4.23,4.27,2026-07-16,4.44,5.264540237512642
002478,常宝股份,2026-07-17,17.13431004806304,17.426704417483908,16.52028187227921,16.578760746163383,19560517.0,113144904.0,0.027064991169560515,5.86,5.96,5.65,5.67,2026-07-16,5.9,2.9239436942087096
002479,富春环保,2026-07-17,23.287705867662343,23.946348053818447,23.099522385903455,23.381797608541785,27219400.0,136417241.0,0.031537778287460516,4.95,5.09,4.91,4.97,2026-07-16,5.01,4.70458704397219
002480,新筑股份,2026-07-17,21.32266939033583,21.733510804407807,21.117248683299835,21.19941696611423,10340300.0,54030374.0,0.0134704250891785,5.19,5.29,5.14,5.16,2026-07-16,5.22,4.1084141407198125
002481,双塔食品,2026-07-17,79.98369057664593,81.49281681394113,78.47456433935072,79.41776823766023,11637730.0,49255329.0,0.01040799797809351,4.24,4.32,4.16,4.21,2026-07-16,4.27,18.864077966190077
002482,广田集团,2026-07-17,10.6848002243042,10.854400227864582,10.176000213623047,10.260800215403238,80852989.0,99759170.0,0.02159702362036795,1.26,1.28,1.2,1.21,2026-07-16,1.26,8.480000178019205
002483,润邦股份,2026-07-17,17.608605383185218,17.919345478182606,17.159758579300103,17.2633386109659,9383800.0,47680073.0,0.010600159876274792,5.1,5.19,4.97,5.0,2026-07-16,5.11,3.45266772219318
002484,江海股份,2026-07-17,395.6629519653669,398.8035297622446,365.304033262216,365.304033262216,41436500.0,3130583217.0,0.05050323059975708,79.37,80.0,73.28,73.28,2026-07-16,81.42,4.985044122028057
002486,嘉麟杰,2026-07-17,9.83755120257942,10.005714470999582,9.248979763108858,9.375102214423977,35603400.0,81137018.0,0.04339560088635582,2.34,2.38,2.2,2.23,2026-07-16,2.36,4.204081710504026
002487,大金重工,2026-07-17,191.1956430030575,192.08601486998353,172.7321421836446,175.12208772118282,38674526.0,1471921391.0,0.06129859521741849,40.8,40.99,36.86,37.37,2026-07-16,40.95,4.686167720663175
002488,金固股份,2026-07-17,51.81471041745919,54.96811164811601,51.381890640702366,52.43302438425464,31502500.0,270953657.0,0.03423872171914599,8.38,8.89,8.31,8.48,2026-07-16,8.41,6.183139667954556
002489,浙江永强,2026-07-17,34.503622820996895,34.878662199485994,33.003465307040514,33.25349155936658,25122203.0,67830020.0,0.013132211942172484,2.76,2.79,2.64,2.66,2026-07-16,2.76,12.501312616303224
002490,山东墨龙,2026-07-17,15.433352465845804,16.434987261642416,14.41127614360436,14.493042249383675,76348123.0,565457759.0,0.1409359837702733,7.55,8.04,7.05,7.09,2026-07-16,7.56,2.044152644482888
002491,通鼎互联,2026-07-17,80.03201049954835,81.58725440106268,71.87748842133807,72.12969013509715,113538712.0,2031609810.0,0.09650804606796945,19.04,19.41,17.1,17.16,2026-07-16,19.0,4.203361895984682
002492,恒基达鑫,2026-07-17,18.054285848082003,18.35857156462271,17.073809650339722,17.209047746580037,10904059.0,56625312.0,0.027408514930414882,5.34,5.43,5.05,5.09,2026-07-16,5.32,3.3809524060078657
002493,荣盛石化,2026-07-17,177.06807033832254,182.74939879837567,174.85866482607966,178.80403181222766,79955347.0,905554546.0,0.008562301472582648,11.22,11.58,11.08,11.33,2026-07-16,11.14,15.781467944592027
002494,华斯股份,2026-07-17,12.452299187466561,12.749425632286803,11.858046297826073,11.993103772744368,13635900.0,61892749.0,0.04754988029833117,4.61,4.72,4.39,4.44,2026-07-16,4.61,2.701149498365848
002495,佳隆股份,2026-07-17,21.814439195814966,22.30136864215012,20.64580852461059,21.035352081678717,28132366.0,61668060.0,0.04054132852576961,2.24,2.29,2.12,2.16,2026-07-16,2.25,9.738588926703109
002497,雅化集团,2026-07-17,120.46678635547575,125.05273788150805,116.35996409335725,117.3182226211849,70407475.0,1246143976.0,0.06644799731827745,17.6,18.27,17.0,17.14,2026-07-16,17.45,6.844703770197485
002498,汉缆股份,2026-07-17,45.76113492554775,46.67469660282729,44.01706263255954,44.598420063555615,66617792.0,364242896.0,0.020024609864866975,5.51,5.62,5.3,5.37,2026-07-16,5.51,8.305106157086707
002500,山西证券,2026-07-17,6.879688049152813,6.9564131946823995,6.777387855113366,6.815750427878159,33559104.0,180611437.0,0.009348534735600544,5.38,5.44,5.3,5.33,2026-07-16,5.37,1.278752425493088
002506,协鑫集成,2026-07-17,23.95415807403294,24.24628195298456,22.493538679274835,22.785662558226452,224237367.0,538264690.0,0.03836765655549064,2.46,2.49,2.31,2.34,2026-07-16,2.47,9.737462631720707
002507,涪陵榨菜,2026-07-17,94.15350410375703,96.50734170635096,93.34183596493153,93.34183596493153,17991587.0,210406548.0,0.015594434835581608,11.6,11.89,11.5,11.5,2026-07-16,11.58,8.116681388254916
002508,老板电器,2026-07-17,133.16383332115598,134.14901581181803,128.97680773584221,129.22310335850773,7922400.0,126785911.0,0.00848629943225635,16.22,16.34,15.71,15.74,2026-07-16,16.18,8.209854088850554
002510,天汽模,2026-07-17,23.477585568323402,23.741378664596702,22.554309731366864,22.642240763457966,21398043.0,111936625.0,0.021294828118032613,5.34,5.4,5.13,5.15,2026-07-16,5.33,4.396551604554944
002511,中顺洁柔,2026-07-17,60.892551395664924,61.89765540769791,59.30113670994604,59.468654045284865,19971914.0,144030221.0,0.01578496470768768,7.27,7.39,7.08,7.1,2026-07-16,7.27,8.375866766941531
002513,蓝丰生化,2026-07-17,14.3959647322123,14.604601902244363,13.59122136208863,13.740247912111535,9602060.0,45160112.0,0.0332203734675953,4.83,4.9,4.56,4.61,2026-07-16,4.81,2.980531000458033
002515,金字火腿,2026-07-17,93.78599502300395,99.76753261171538,86.3372878370614,86.78872463620944,125083031.0,1021780271.0,0.11352103566604745,8.31,8.84,7.65,7.69,2026-07-16,8.32,11.285919978700836
002516,旷达科技,2026-07-17,51.56402993805291,51.85102824939644,49.26804344730474,49.45937565486708,21481300.0,113101175.0,0.014708195402534433,5.39,5.42,5.15,5.17,2026-07-16,5.39,9.566610378117424
002517,恺英网络,2026-07-17,108.81064358806918,111.26453347314137,103.64455961949616,104.6132003636036,108174177.0,1792386278.0,0.05726268600911357,16.85,17.23,16.05,16.2,2026-07-16,17.01,6.457604960716272
002518,科士达,2026-07-17,213.87700529887042,213.99592495708498,197.04987366151144,199.36880699669518,11785309.0,405506281.0,0.02085333292027653,35.97,35.99,33.14,33.53,2026-07-16,35.99,5.945982910727563
002519,银河电子,2026-07-17,61.586258537501195,62.06552903195645,57.39264171101765,58.11154745270054,44151334.0,219126573.0,0.039505330504355146,5.14,5.18,4.79,4.85,2026-07-16,5.12,11.981762361381556
002520,日发精机,2026-07-17,52.65089678638638,53.183620868542064,48.1227420880631,48.65546617021879,52970148.0,299798418.0,0.07383214676447215,5.93,5.99,5.42,5.48,2026-07-16,5.93,8.878734702594668
002521,齐峰新材,2026-07-17,25.90431751791887,26.096771585659724,24.672611484377406,24.78808392502192,5539000.0,36393967.0,0.013214095859426641,6.73,6.78,6.41,6.44,2026-07-16,6.69,3.849081354817068
002522,浙江众成,2026-07-17,42.034716637454814,42.55797037153101,40.37774647954684,40.81379125794368,31352700.0,149622479.0,0.03464310644164315,4.82,4.88,4.63,4.68,2026-07-16,4.84,8.720895567936683
002523,天桥起重,2026-07-17,24.649513440813333,25.488970554896756,24.57319915771484,24.725827723911827,44992677.0,147514552.0,0.03187482570798038,3.23,3.34,3.22,3.24,2026-07-16,3.21,7.631428309849329
002524,光正眼科,2026-07-17,17.150711572893695,17.517571713490348,16.233561221402052,16.508706326849545,18490701.0,67588823.0,0.03620313778888788,3.74,3.82,3.54,3.6,2026-07-16,3.78,4.5857517574582065
002526,山东矿机,2026-07-17,15.598039215686272,15.779411764705879,15.05392156862745,15.174836601307186,28984290.0,73898892.0,0.01636527845771744,2.58,2.61,2.49,2.51,2026-07-16,2.58,6.045751633986927
002527,新时达,2026-07-17,30.406112774982947,30.657633928452476,28.086528804097302,28.226262778247037,13442316.0,139640129.0,0.02541615599441329,10.88,10.97,10.05,10.1,2026-07-16,10.87,2.794679482994756
002530,金财互联,2026-07-17,22.65496702383686,22.99059616493074,21.815894171102162,21.983708741649103,14281100.0,95022828.0,0.020544699482063424,6.75,6.85,6.5,6.55,2026-07-16,6.75,3.3562914109387942
002531,天顺风能,2026-07-17,52.02358222598121,53.020839393252416,50.52769647507441,51.02632505871001,79447219.0,495096478.0,0.044463774715666045,6.26,6.38,6.08,6.14,2026-07-16,6.3,8.310476393926711
002532,天山铝业,2026-07-17,107.25367931090175,108.02590580194024,101.67648798673486,102.87772919501695,123937277.0,1502133166.0,0.030178129737530514,12.5,12.59,11.85,11.99,2026-07-16,12.61,8.58029434487214
002533,金杯电工,2026-07-17,61.5677383618477,62.99677677643604,61.27002202547512,62.4013441036909,11510714.0,120539013.0,0.018051903776436208,10.34,10.58,10.29,10.48,2026-07-16,10.34,5.954326727451422
002534,西子洁能,2026-07-17,37.61714409419468,37.8065318555248,34.1134705095875,34.35020521125014,16467284.0,248908326.0,0.019951571669371698,15.89,15.97,14.41,14.51,2026-07-16,15.84,2.3673470166264745
002535,林州重机,2026-07-17,8.288269299727215,8.46461545504056,7.723961602724511,7.829769295912519,20058420.0,45632869.0,0.02687720762031268,2.35,2.4,2.19,2.22,2026-07-16,2.34,3.5269231062669
002536,飞龙股份,2026-07-17,311.097625927248,325.23320331515026,282.7690094547446,282.7690094547446,54722269.0,2840726517.0,0.10051829710292177,54.14,56.6,49.21,49.21,2026-07-16,54.68,5.74616966987898
002537,海联金汇,2026-07-17,37.82097936059885,38.234323397326705,36.16760321368742,36.30538455926337,25154755.0,135502023.0,0.02148660948160481,5.49,5.55,5.25,5.27,2026-07-16,5.49,6.889067278797604
002539,云图控股,2026-07-17,66.6240613362146,67.83663272554914,65.00729948376853,65.07466456095379,21127626.0,209009220.0,0.023744411520143224,9.89,10.07,9.65,9.66,2026-07-16,9.89,6.736507718525237
002540,亚太科技,2026-07-17,49.62055059310492,50.34418362258771,48.3800368282773,48.793541416553175,12508500.0,59772707.0,0.014575250765333793,4.8,4.87,4.68,4.72,2026-07-16,4.82,10.33761470689686
002541,鸿路钢构,2026-07-17,89.46532558971313,92.2831311200978,88.84893062994149,89.8175512810112,10098282.0,207208490.0,0.020352050859987283,20.32,20.96,20.18,20.4,2026-07-16,20.44,4.40282114122604
002543,万和电气,2026-07-17,39.64006848957227,40.94362829042517,39.22529946202816,39.284552180248745,7522911.0,50798568.0,0.011370473372221114,6.69,6.91,6.62,6.63,2026-07-16,6.68,5.925271822058635
002544,普天科技,2026-07-17,101.71673819742489,102.68240343347638,96.69527896995707,98.75536480686695,17445799.0,268837670.0,0.025637928415292836,15.8,15.95,15.02,15.34,2026-07-16,15.89,6.437768240343347
002545,东方铁塔,2026-07-17,95.19248200539981,98.53363485179227,94.52425143612132,95.25323023897057,19440200.0,307513276.0,0.017201224798133404,15.67,16.22,15.56,15.68,2026-07-16,15.76,6.074823357077205
002546,新联电子,2026-07-17,88.05409675348001,93.30764857015976,87.36885086434788,91.5945338473294,46763399.0,372533462.0,0.05836436063090513,7.71,8.17,7.65,8.02,2026-07-16,7.8,11.420764818869003
002548,金新农,2026-07-17,20.75243949890137,21.19190292358399,19.53170776367188,19.971171188354496,49464363.0,206308031.0,0.06148678168449007,4.25,4.34,4.0,4.09,2026-07-16,4.23,4.88292694091797
002549,凯美特气,2026-07-17,118.09735710022942,122.56180783226378,115.31760475764199,115.90724919394842,41867645.0,591270673.0,0.06047095970771694,14.02,14.55,13.69,13.76,2026-07-16,14.19,8.423491947234623
002550,千红制药,2026-07-17,77.29480610831837,77.84144547259218,72.48437970270874,72.70303544841828,39053607.0,266183026.0,0.04149164881592709,7.07,7.12,6.63,6.65,2026-07-16,7.09,10.932787285476431
002551,尚荣医疗,2026-07-17,25.137058145859662,25.636469897101907,24.13823464337517,24.304705227122586,15944655.0,47329856.0,0.026088213273298962,3.02,3.08,2.9,2.92,2026-07-16,3.01,8.323529187370749
002552,宝鼎科技,2026-07-17,171.2046319228051,172.93786216724297,156.72894969611121,156.72894969611121,15370300.0,777587743.0,0.04171007548320688,53.34,53.88,48.83,48.83,2026-07-16,54.25,3.2096856378478646
002553,南方精工,2026-07-17,75.4015776913469,76.08927937713118,70.29293659694946,71.37361067461045,8566923.0,127034099.0,0.03343716119907573,15.35,15.49,14.31,14.53,2026-07-16,15.34,4.9121548984590815
002554,惠博普,2026-07-17,20.51465360773435,20.873301398079356,19.653898910906335,19.797358027044336,25090800.0,70384185.0,0.018816158642832027,2.86,2.91,2.74,2.76,2026-07-16,2.85,7.172955806900122
002555,三七互娱,2026-07-17,284.1366212441445,291.9190958324643,275.28596386919264,276.5067441967722,47258910.0,875716987.0,0.02977203927755343,18.62,19.13,18.04,18.12,2026-07-16,18.63,15.259754094744604
002556,辉隆股份,2026-07-17,29.88858660876867,30.45609141779592,29.44719397952525,29.69941833909292,9698772.0,46050549.0,0.01025760878318167,4.74,4.83,4.67,4.71,2026-07-16,4.75,6.305608989191702
002557,洽洽食品,2026-07-17,74.23744784588096,75.6522036222819,71.81747085993197,71.85470127510042,8981810.0,177696635.0,0.017811550114845878,19.94,20.32,19.29,19.3,2026-07-16,19.94,3.7230415168445816
002558,巨人网络,2026-07-17,138.12366165095546,141.95536164391459,131.82872594823687,132.8322664225833,152929494.0,4557140489.0,0.0804658311551113,30.28,31.12,28.9,29.12,2026-07-16,30.28,4.561547610665635
002559,亚威股份,2026-07-17,83.00257863341722,84.38467522490797,75.40104738021805,75.40104738021805,52129600.0,530779264.0,0.1034307180863752,10.81,10.99,9.82,9.82,2026-07-16,10.91,7.67831439717088
002560,通达股份,2026-07-17,35.64545679791267,35.948049809779505,33.46678711247149,33.82989872671168,34826967.0,199517081.0,0.05498866752702558,5.89,5.94,5.53,5.59,2026-07-16,5.91,6.051860237336617
002561,徐家汇,2026-07-17,9.752921602853528,10.032839292361407,9.473003913345647,9.561398973190242,6259800.0,41346623.0,0.015104252823427934,6.62,6.81,6.43,6.49,2026-07-16,6.64,1.4732509974098984
002562,兄弟科技,2026-07-17,31.266479187011733,31.618579177856457,29.78765922546388,30.069339218139657,25536300.0,110825725.0,0.031389913091870905,4.44,4.49,4.23,4.27,2026-07-16,4.43,7.041999816894534
002563,森马服饰,2026-07-17,41.76880890732511,41.91798322485128,40.500827208352746,40.724588684641986,23583252.0,130470102.0,0.010685210928535542,5.6,5.62,5.43,5.46,2026-07-16,5.6,7.458715876308056
002564,天沃科技,2026-07-17,13.741242030668541,13.903668059399848,13.188993532982098,13.318934355967142,14902600.0,61932522.0,0.01735070709149418,4.23,4.28,4.06,4.1,2026-07-16,4.23,3.2485205746261325
002565,顺灏股份,2026-07-17,82.94097268956467,83.3685034766243,74.5613692631963,75.7584554669632,48346707.0,442094979.0,0.04561202990195891,9.7,9.75,8.72,8.86,2026-07-16,9.68,8.550615741192235
002566,益盛药业,2026-07-17,22.012121951941293,22.17590262122657,20.63636432994496,20.767388865373185,9964000.0,64420389.0,0.042987099883675974,6.72,6.77,6.3,6.34,2026-07-16,6.69,3.2756133857055496
002567,唐人神,2026-07-17,20.107171435316072,20.425490772022922,19.57663920747132,19.841905321393696,27115815.0,102073628.0,0.018940037010199598,3.79,3.85,3.69,3.74,2026-07-16,3.81,5.3053222784475125
002568,百润股份,2026-07-17,165.87054776278407,171.79449589716924,164.68575813590707,166.78192439884333,27668294.0,510687521.0,0.036304926233662646,18.2,18.85,18.07,18.3,2026-07-16,18.18,9.113766360592532
002570,贝因美,2026-07-17,10.856942184154802,11.192192180340104,10.624846032949593,10.779576800419733,30722625.0,129755768.0,0.028446997927906788,4.21,4.34,4.12,4.18,2026-07-16,4.22,2.5788461245023284
002571,德力股份,2026-07-17,41.041470150071746,42.12786200698541,40.47815585389429,41.24265382727798,7628700.0,77923665.0,0.02557338837369341,10.2,10.47,10.06,10.25,2026-07-16,10.2,4.023673544124681
002572,索菲亚,2026-07-17,199.61263238733463,203.2685414054177,194.73808702989058,195.95672336925156,12182718.0,99187898.0,0.0187005346514975,8.19,8.34,7.99,8.04,2026-07-16,8.22,24.372726787220348
002573,清新环境,2026-07-17,27.233038708172014,27.828761429913275,26.722419232393786,26.9777289702829,10022205.0,32074471.0,0.007092839668692635,3.2,3.27,3.14,3.17,2026-07-16,3.21,8.510324596303754
002574,明牌珠宝,2026-07-17,10.495975575795988,10.783536550475329,10.136524357446811,10.208414601116646,10059100.0,43589711.0,0.019051325757575756,4.38,4.5,4.23,4.26,2026-07-16,4.41,2.3963414556611844
002575,群兴玩具,2026-07-17,20.99291767036734,21.172344317122615,19.692074481391586,19.9612144515245,22239364.0,101111023.0,0.03805988956497706,4.68,4.72,4.39,4.45,2026-07-16,4.69,4.48566616888191
002576,通达动力,2026-07-17,19.05568604738983,19.31996198527334,18.262858233739305,18.499315651845603,3396200.0,45776181.0,0.020960630212743237,13.7,13.89,13.13,13.3,2026-07-16,13.69,1.3909259888605716
002577,雷柏科技,2026-07-17,41.45634274258178,43.776398102398396,39.511245824755726,41.92504079506999,10057880.0,178602105.0,0.035834868334325,17.69,18.68,16.86,17.89,2026-07-16,17.67,2.3434902624410276
002578,闽发铝业,2026-07-17,15.655424058004392,15.81355965454989,14.864746075276896,14.970169806307227,28686800.0,83121916.0,0.033311712908987,2.97,3.0,2.82,2.84,2026-07-16,2.96,5.27118655151663
002579,中京电子,2026-07-17,64.13043509044499,65.07007516503027,57.88182859445292,57.88182859445292,53013548.0,680594624.0,0.09086813029560896,13.65,13.85,12.32,12.32,2026-07-16,13.69,4.698200372926373
002580,圣阳股份,2026-07-17,69.80925195867367,71.71198747541523,64.81985660366246,65.58095081035908,34649657.0,556697746.0,0.0766011162429577,16.51,16.96,15.33,15.51,2026-07-16,16.51,4.228301148314577
002582,好想你,2026-07-17,59.939790192264425,61.7045789676413,57.92288873469086,58.67922678128095,29020183.0,273531565.0,0.08430228496271282,9.51,9.79,9.19,9.31,2026-07-16,9.52,6.302817054917395
002583,海能达,2026-07-17,44.642480393465966,45.65836490305178,44.13453813867305,44.190976166983376,20170900.0,160386615.0,0.015725088693397414,7.91,8.09,7.82,7.83,2026-07-16,7.96,5.643802831032359
002584,西陇科学,2026-07-17,21.900283651313316,22.548380824718397,20.523077157827522,20.57708525561128,54383648.0,432975255.0,0.11609856586964812,8.11,8.35,7.6,7.62,2026-07-16,8.04,2.700404889187832
002585,双星新材,2026-07-17,34.60778317269276,35.589842854097206,32.368687099090614,32.60438142262769,62477925.0,539320097.0,0.07045666822080203,8.81,9.06,8.24,8.3,2026-07-16,8.8,3.9282387256177933
002587,奥拓电子,2026-07-17,41.24556017135824,41.707264203127174,39.86044807605143,40.783856139589304,22000184.0,117292854.0,0.04129840211792804,5.36,5.42,5.18,5.3,2026-07-16,5.36,7.695067196148925
002588,史丹利,2026-07-17,86.2205762042115,88.48953873590128,85.39549891996066,85.70490290155473,15074045.0,126894846.0,0.01755579196912146,8.36,8.58,8.28,8.31,2026-07-16,8.41,10.313466053135347
002589,瑞康医药,2026-07-17,27.001253905612003,27.67149779688606,26.043762632363354,26.139511759688215,55052122.0,153450606.0,0.04031375419731288,2.82,2.89,2.72,2.73,2026-07-16,2.85,9.574912732486526
002590,万安科技,2026-07-17,43.94655047888043,44.94641782455376,42.4705558257436,42.661006748729,7428213.0,67793161.0,0.015007798709893638,9.23,9.44,8.92,8.96,2026-07-16,9.3,4.761273074634933
002591,恒大高新,2026-07-17,20.887927218600435,21.200205200273867,19.222444649675484,19.673512845425993,16144200.0,94069320.0,0.07222952964474974,6.02,6.11,5.54,5.67,2026-07-16,6.01,3.469755351926983
002593,日上集团,2026-07-17,15.165762432550983,15.481715816562462,14.70938532231218,14.849809048539504,25058624.0,106956194.0,0.04470728003958021,4.32,4.41,4.19,4.23,2026-07-16,4.28,3.5105931556830976
002594,比亚迪,2026-07-17,296.59758152988906,302.3001694050654,289.54023520922885,294.486678835763,68734582.0,6442145672.0,0.01971385185080021,94.14,95.95,91.9,93.47,2026-07-16,94.14,3.150601036009019
002595,豪迈科技,2026-07-17,344.5200914384029,345.62858594110054,330.47916107090043,338.3125222232966,7962973.0,364112743.0,0.006912431239392273,46.62,46.77,44.72,45.78,2026-07-16,46.7,7.389963351317094
002596,海南瑞泽,2026-07-17,14.152500629425049,14.400790114151803,13.457290072190135,13.606263763026188,21715200.0,60906099.0,0.018940009964089163,2.85,2.9,2.71,2.74,2026-07-16,2.85,4.965789694535105
002597,金禾实业,2026-07-17,110.83548989613216,111.99117275999451,107.80870144315934,108.35902661642713,5569270.0,110749404.0,0.009818071804823995,20.14,20.35,19.59,19.69,2026-07-16,20.01,5.503251732677863
002599,盛通股份,2026-07-17,20.189224061365067,21.070080259504905,19.872115830034723,20.717737780248967,26476000.0,154196806.0,0.0640489886610018,5.73,5.98,5.64,5.88,2026-07-16,5.77,3.5234247925593483
002600,领益智造,2026-07-17,54.95063282695786,55.34691142907534,50.15125864575721,50.23932055733887,190968047.0,2259979524.0,0.026523694744462947,12.48,12.57,11.39,11.41,2026-07-16,12.61,4.403095579083161
002601,龙佰集团,2026-07-17,184.48460329700427,189.55350933008486,183.3057879404739,183.89519561873908,29959063.0,474365521.0,0.015072962873176412,15.65,16.08,15.55,15.6,2026-07-16,15.66,11.788153565303787
002602,世纪华通,2026-07-17,134.4637732880411,135.9285202737496,126.55413956521517,127.43298775664027,176953829.0,2356371610.0,0.0260347677932954,13.77,13.92,12.96,13.05,2026-07-16,13.91,9.764979904723392
002603,以岭药业,2026-07-17,73.09788791873913,73.47904724160625,69.87920919230565,69.87920919230565,45865388.0,772647098.0,0.033319473789322734,17.26,17.35,16.5,16.5,2026-07-16,17.38,4.235103587412464
002605,姚记科技,2026-07-17,99.7638219845523,102.22348228989135,96.71384320593185,96.8614228242522,15316571.0,310880357.0,0.045284155375580844,20.28,20.78,19.66,19.69,2026-07-16,20.5,4.91932061067812
002606,大连电瓷,2026-07-17,55.609969204803775,56.723882301356085,53.81057112575774,53.93909955997531,22496369.0,290748274.0,0.0534175315262685,12.98,13.24,12.56,12.59,2026-07-16,13.1,4.284281140585807
002607,中公教育,2026-07-17,15.099551256462062,15.264573674565472,14.686995211203536,14.76950642025524,144378824.0,261154046.0,0.026044986232098284,1.83,1.85,1.78,1.79,2026-07-16,1.84,8.251120905170525
002608,江苏国信,2026-07-17,19.293203372399784,19.90834898717195,19.209319879476304,19.76854316563282,51632416.0,363213483.0,0.013666312001129768,6.9,7.12,6.87,7.07,2026-07-16,6.93,2.796116430782577
002609,捷顺科技,2026-07-17,43.1873389827016,43.59042081320681,41.51742854203713,41.63259477932434,8242884.0,60839463.0,0.017963835394155456,7.5,7.57,7.21,7.23,2026-07-16,7.5,5.758311864360213
002611,东方精工,2026-07-17,104.92876331386537,106.83015701149918,99.50627017616898,99.64711415377148,35738340.0,522232233.0,0.03559728930087422,14.9,15.17,14.13,14.15,2026-07-16,14.98,7.042198880125193
002612,朗姿股份,2026-07-17,33.20870925423189,34.30924642918573,32.438333231764204,32.7960078136242,7869300.0,95111990.0,0.030925583217306558,12.07,12.47,11.79,11.92,2026-07-16,12.06,2.751342937384581
002613,北玻股份,2026-07-17,12.124137878417963,12.237801671028132,11.707370638847346,11.85892236232757,31460600.0,99354339.0,0.04066400673124601,3.2,3.23,3.09,3.13,2026-07-16,3.2,3.7887930870056135
002614,奥佳华,2026-07-17,27.467018395139455,27.870098329659324,26.603275678311174,26.833607069465383,8461800.0,39957550.0,0.01917619455269847,4.77,4.84,4.62,4.66,2026-07-16,4.77,5.7582847788552325
002615,哈尔斯,2026-07-17,40.5876195998419,41.16496838504591,38.10501982346465,38.45142909458706,12352698.0,83918919.0,0.040886373777565425,7.03,7.13,6.6,6.66,2026-07-16,7.03,5.773487852040099
002616,长青集团,2026-07-17,23.815634274038967,24.32020279679403,23.512893160385932,23.714720569487955,14622370.0,69529369.0,0.024889976389811275,4.72,4.82,4.66,4.7,2026-07-16,4.74,5.045685227550629
002617,露笑科技,2026-07-17,49.64145272763716,49.79780375985019,46.358081051163516,46.59260759948307,134479220.0,828193915.0,0.07162210150123671,6.35,6.37,5.93,5.96,2026-07-16,6.35,7.817551610651521
002622,皓宸医疗,2026-07-17,13.31119535833716,13.659960302223723,12.20677303602971,12.439282998620753,30330180.0,67011424.0,0.0361084210516917,2.29,2.35,2.1,2.14,2026-07-16,2.29,5.812749064776052
002623,亚玛顿,2026-07-17,16.001673579281608,16.176555257743704,15.1491253967789,15.214706026202185,5986929.0,85662723.0,0.031078950513428585,14.64,14.8,13.86,13.92,2026-07-16,14.65,1.093010490388088
002624,完美世界,2026-07-17,41.17679767266005,41.73424529458235,39.09565988415016,39.20714940853462,69285494.0,751875564.0,0.037907885038885175,11.08,11.23,10.52,10.55,2026-07-16,11.19,3.7163174794819542
002625,光启技术,2026-07-17,186.43938371385983,186.43938371385983,176.99941491822136,178.01084014632548,33667513.0,906022379.0,0.0156260774325331,27.65,27.65,26.25,26.4,2026-07-16,27.68,6.742834854027481
002626,金达威,2026-07-17,127.62105431682609,130.56939550566366,123.91456825085888,124.67271312798853,7061800.0,106063960.0,0.011579359279344807,15.15,15.5,14.71,14.8,2026-07-16,15.25,8.423831968107333
002627,三峡旅游,2026-07-17,20.372835508271965,20.650489143819115,19.539874601630522,19.71340812384749,11647600.0,67100060.0,0.016683326120449867,5.87,5.95,5.63,5.68,2026-07-16,5.87,3.470670444339347
002628,成都路桥,2026-07-17,19.975733001171502,19.975733001171502,18.669627381864135,18.86170173764463,45338394.0,227174104.0,0.0601476626746847,5.2,5.2,4.86,4.91,2026-07-16,5.04,3.841487115609904
002629,仁智股份,2026-07-17,16.425415585530214,17.021349030810224,15.4197778966202,15.717744619260204,17002900.0,73469060.0,0.04693640503448975,4.41,4.57,4.14,4.22,2026-07-16,4.42,3.7245840330000486
002631,德尔未来,2026-07-17,34.323687910367646,34.49703986951092,31.203352645788772,31.853422492576033,30520348.0,230094936.0,0.03845943967564031,7.92,7.96,7.2,7.35,2026-07-16,7.9,4.333798978581774
002632,道明光学,2026-07-17,69.99311983573773,72.74064171348994,69.37492741324347,72.74064171348994,72566133.0,762034209.0,0.12632813137362062,10.19,10.59,10.1,10.59,2026-07-16,9.63,6.868804694380542
002633,申科股份,2026-07-17,21.923786592201367,22.304407887204864,20.309952301386545,20.629674189189483,3005300.0,41797887.0,0.02010658598037935,14.4,14.65,13.34,13.55,2026-07-16,14.4,1.5224851800139838
002635,安洁科技,2026-07-17,77.87871543444983,78.60413261081862,70.7799902085552,71.03906777154405,36697790.0,526009103.0,0.09278057680880517,15.03,15.17,13.66,13.71,2026-07-16,15.17,5.181551259777101
002636,金安国纪,2026-07-17,239.29211212223092,239.6481608183038,220.75019156520327,220.75019156520327,28578656.0,2361533901.0,0.039456092372530574,87.37,87.5,80.6,80.6,2026-07-16,89.55,2.738836123637758
002637,赞宇科技,2026-07-17,46.953034811580885,47.931223036822146,44.71717601102941,45.695364236270684,13152100.0,130373227.0,0.028285627071131657,10.08,10.29,9.6,9.81,2026-07-16,10.15,4.658039167815564
002638,勤上股份,2026-07-17,18.379551943107572,18.5310317668145,17.06672680431417,17.11722007888315,33997300.0,118999027.0,0.025133290781116285,3.64,3.67,3.38,3.39,2026-07-16,3.67,5.049327456897684
002639,雪人集团,2026-07-17,35.816646542254496,36.12541073658427,34.05669063457474,34.39633124833751,26491004.0,300248171.0,0.040160177397865884,11.6,11.7,11.03,11.14,2026-07-16,11.66,3.0876419432978013
002640,跨境通,2026-07-17,38.79026725075464,39.526791312477826,36.94895709644666,37.071711106733865,137550784.0,424743582.0,0.08884205874444358,3.16,3.22,3.01,3.02,2026-07-16,3.25,12.275401028719822
002641,公元股份,2026-07-17,26.322275315415805,26.6513037568585,25.99324687397311,26.124858250550187,9977068.0,40076263.0,0.00879816141425845,4.0,4.05,3.95,3.97,2026-07-16,3.99,6.580568828853951
002642,荣联科技,2026-07-17,32.0023740036319,35.19798009082525,32.0023740036319,34.04015179836389,50431300.0,367206724.0,0.07622853795530037,6.91,7.6,6.91,7.35,2026-07-16,6.96,4.631313169845427
002643,万润股份,2026-07-17,94.45118221777751,94.88050577331286,86.29403466260582,86.41669853561592,31589508.0,465495103.0,0.03501328292080988,15.4,15.47,14.07,14.09,2026-07-16,15.47,6.133193650505033
002644,佛慈制药,2026-07-17,45.3427102168401,46.318439424037926,44.25218933820724,44.826147695382424,9001224.0,70670476.0,0.017626751420229233,7.9,8.07,7.71,7.81,2026-07-16,7.98,5.739583571751911
002645,华宏科技,2026-07-17,107.70438325034637,108.20533387011542,96.85045315535021,97.96367675483701,33531363.0,612853505.0,0.04929535166552108,19.35,19.44,17.4,17.6,2026-07-16,19.25,5.5661179974339206
002646,天佑德酒,2026-07-17,7.607175089109694,7.707416049288299,7.3398658619667465,7.395555284288194,6393049.0,42971548.0,0.013435220715751999,6.83,6.92,6.59,6.64,2026-07-16,6.82,1.113788446428945
002647,仁东控股,2026-07-17,38.12335170024151,38.741359427904996,34.80156016405026,35.071938544903034,37525905.0,355768880.0,0.036960714432424414,9.87,10.03,9.01,9.08,2026-07-16,9.96,3.8625482978968098
002648,卫星化学,2026-07-17,298.2098682835507,304.83098420974187,296.002829641487,296.52213285138436,57805784.0,1337160362.0,0.017170974231282835,22.97,23.48,22.8,22.84,2026-07-16,22.9,12.98258024743364
002649,博彦科技,2026-07-17,46.17336013554278,47.91078417713105,45.75216642849108,46.48925541583156,24214602.0,213585793.0,0.04514574780304577,8.77,9.1,8.69,8.83,2026-07-16,8.84,5.264921338146269
002651,利君股份,2026-07-17,23.268787906978236,23.649204058046003,22.571358296687336,22.571358296687336,9001884.0,65479310.0,0.015919474475990226,7.34,7.46,7.12,7.12,2026-07-16,7.35,3.1701345922313675
002652,扬子新材,2026-07-17,19.514363561357772,19.91776125771659,17.749498639787948,18.05204691205706,29934100.0,110861011.0,0.05845773184601925,3.87,3.95,3.52,3.58,2026-07-16,3.86,5.042471204485213
002653,海思科,2026-07-17,250.58009247515474,256.59401469455844,238.11790920939038,238.11790920939038,14312442.0,1045943524.0,0.026663211137758658,75.0,76.8,71.27,71.27,2026-07-16,79.19,3.34106789966873
002654,万润科技,2026-07-17,88.33385524987081,88.64488995145487,79.99812524741822,79.99812524741822,67492381.0,900998684.0,0.07984972062646198,14.2,14.25,12.86,12.86,2026-07-16,14.29,6.2206940316810435
002655,共达电声,2026-07-17,97.60198512898431,99.29006977744159,87.68832437531704,87.68832437531704,22969300.0,681577443.0,0.0631262489250759,31.8,32.35,28.57,28.57,2026-07-16,31.74,3.069244815376865
002657,中科金财,2026-07-17,53.258615537359084,53.804671062349094,49.58184166909301,51.00158603406704,16596651.0,234673072.0,0.04937606700601415,14.63,14.78,13.62,14.01,2026-07-16,14.71,3.640370166600074
002658,雪迪龙,2026-07-17,41.67578265070916,42.08958474795025,40.13880343238513,40.78906387090684,6237215.0,43325350.0,0.01739510521178405,7.05,7.12,6.79,6.9,2026-07-16,7.06,5.911458532015484
002659,凯文教育,2026-07-17,8.30167037344088,8.66702505980258,7.895720721927878,7.936315687079179,18955500.0,76485451.0,0.03168345411417161,4.09,4.27,3.89,3.91,2026-07-16,4.07,2.029748257565007
002660,茂硕电源,2026-07-17,17.680884201287906,18.009830884102566,16.83110527068337,16.9955786120907,6625700.0,42041692.0,0.019317658109843382,6.45,6.57,6.14,6.2,2026-07-16,6.45,2.7412223567888225
002661,克明食品,2026-07-17,28.916356159902897,29.45397765557174,28.10992391639963,28.340333128829133,3522060.0,26394794.0,0.011085811878406227,7.53,7.67,7.32,7.38,2026-07-16,7.54,3.8401535404917526
002662,峰璟股份,2026-07-17,17.402064129314596,17.504129021568637,16.43244765290117,16.483480099028192,16410500.0,54374019.0,0.010940471183270245,3.41,3.43,3.22,3.23,2026-07-16,3.41,5.103244612702227
002663,普邦股份,2026-07-17,12.579368792082134,12.742737217953332,12.007579301532946,12.089263514468545,41833539.0,63148791.0,0.024505384864901232,1.54,1.56,1.47,1.48,2026-07-16,1.53,8.168421293559827
002664,信质集团,2026-07-17,51.786798363615155,52.13735515253809,48.53618086632978,48.918606454245705,6237199.0,97784687.0,0.01549321776905935,16.25,16.36,15.23,15.35,2026-07-16,16.25,3.1868798992993943
002666,德联集团,2026-07-17,19.56160645825522,19.950892158917014,18.78303505693163,18.929017194679805,11913900.0,47372342.0,0.02379601190712577,4.02,4.1,3.86,3.89,2026-07-16,4.0,4.866071258272443
002668,TCL智家,2026-07-17,52.34224516631178,53.200314759202136,49.96993511537962,50.070884479249074,22485764.0,229416594.0,0.020741192666405506,10.37,10.54,9.9,9.92,2026-07-16,10.38,5.047468193472689
002669,康达新材,2026-07-17,25.464276696678407,25.50780537479239,23.353135808150373,23.57077919872027,15247900.0,171143547.0,0.05037001458123705,11.7,11.72,10.73,10.83,2026-07-16,11.7,2.1764339056990094
002670,国盛证券,2026-07-17,26.82647577125399,29.089230684133675,26.82647577125399,27.922862172340025,54882285.0,659587203.0,0.03380802880814965,11.5,12.47,11.5,11.97,2026-07-16,11.57,2.3327370235873035
002671,龙泉股份,2026-07-17,15.57453339122166,15.900701629781276,15.003738973742333,15.085281033382238,15392600.0,58240486.0,0.027915686661047368,3.82,3.9,3.68,3.7,2026-07-16,3.82,4.077102981995199
002672,东江环保,2026-07-17,21.494046922713984,21.99245960497981,20.621824728748777,20.808729484598462,13293484.0,45166962.0,0.014687012703892933,3.45,3.53,3.31,3.34,2026-07-16,3.45,6.230158528322893
002673,西部证券,2026-07-17,17.878855581501973,18.17459604976742,17.69065710169669,17.771313593041814,38015598.0,253755564.0,0.00850540397493416,6.65,6.76,6.58,6.61,2026-07-16,6.65,2.688549711504056
002674,兴业科技,2026-07-17,33.74457585374981,34.57389170100298,33.25842518467036,33.25842518467036,8606217.0,201056471.0,0.029416562656252324,23.6,24.18,23.26,23.26,2026-07-16,25.84,1.429854909057195
002675,东诚药业,2026-07-17,70.43384273352616,71.4446002954121,66.76319685088771,66.81639461730276,15999800.0,207007018.0,0.02152292775892078,13.24,13.43,12.55,12.56,2026-07-16,13.36,5.319776641504997
002676,顺威股份,2026-07-17,23.141216299151846,23.517496238975454,21.73016652481332,21.918306494725126,17178500.0,82029200.0,0.023859807894080046,4.92,5.0,4.62,4.66,2026-07-16,4.93,4.703499247795091
002677,浙江美大,2026-07-17,40.1280587134154,40.1280587134154,40.1280587134154,40.1280587134154,6864999.0,54576742.0,0.012447645314041082,7.95,7.95,7.95,7.95,2026-07-09,7.23,5.047554555146591
002678,珠江钢琴,2026-07-17,11.811794287342567,12.063704592048923,11.168023508648542,11.335963711786112,12874621.0,53093646.0,0.009483546938414387,4.22,4.31,3.99,4.05,2026-07-16,4.23,2.7990033856262007
002679,福建金森,2026-07-17,15.098688644293455,15.624333266963934,14.591169698266786,14.681798081485832,4498900.0,37444487.0,0.019082865335346713,8.33,8.62,8.05,8.1,2026-07-16,8.4,1.812567664380967
002681,奋达科技,2026-07-17,51.6556886227545,52.8248502994012,49.31736526946108,49.52994011976048,54540638.0,261177159.0,0.03475553480483368,4.86,4.97,4.64,4.66,2026-07-16,4.92,10.62874251497006
002682,龙洲股份,2026-07-17,11.159529124989229,12.102587924284094,10.504627181034461,10.661803647583607,38053200.0,160703461.0,0.06766594081887865,4.26,4.62,4.01,4.07,2026-07-16,4.25,2.619607775819068
002683,广东宏大,2026-07-17,78.87863937289843,79.88686258292796,75.91327699045864,76.20981322870261,11122719.0,291396802.0,0.016686770484905092,26.6,26.94,25.6,25.7,2026-07-16,26.71,2.965362382439791
002685,华东重机,2026-07-17,15.63774732820513,15.695772364673426,14.738359262946581,14.796384299414873,36838784.0,192746733.0,0.03656253336602579,5.39,5.41,5.08,5.1,2026-07-16,5.39,2.901251823414681
002686,亿利达,2026-07-17,26.534810126582276,27.246835443037973,25.7753164556962,25.91772151898734,10924550.0,60784678.0,0.020899075749898625,5.59,5.74,5.43,5.46,2026-07-16,5.64,4.746835443037974
002687,乔治白,2026-07-17,37.63155481378328,38.322042058072874,35.56009308091448,36.04343415191719,23851997.0,126133059.0,0.05769804040260068,5.45,5.55,5.15,5.22,2026-07-16,5.49,6.904872442896014
002688,金河生物,2026-07-17,32.71735753318815,33.159483986339346,31.390978173734577,31.706782783128286,14119300.0,71874825.0,0.01888961506470221,5.18,5.25,4.97,5.02,2026-07-16,5.2,6.316092187874161
002690,美亚光电,2026-07-17,89.55796141254758,90.63914404529464,86.79493912886068,86.91507053249924,8018643.0,118076369.0,0.01848691223846232,14.91,15.09,14.45,14.47,2026-07-16,14.91,6.006570181928074
002692,远程股份,2026-07-17,15.783736578972785,16.035604715871287,14.944176122644448,15.154066236726532,15569500.0,57295316.0,0.021692576160089388,3.76,3.82,3.56,3.61,2026-07-16,3.76,4.197802281641699
002693,双成药业,2026-07-17,35.95347656637935,36.303900314589676,33.18512895551778,33.18512895551778,36665550.0,357828252.0,0.08921457884454757,10.26,10.36,9.47,9.47,2026-07-16,10.52,3.5042374821032505
002695,煌上煌,2026-07-17,45.55016863406408,46.3026981450253,41.52192242833053,41.52192242833053,13228700.0,128603146.0,0.02586483234566889,10.29,10.46,9.38,9.38,2026-07-16,10.42,4.4266441821247895
002696,百洋股份,2026-07-17,19.753287148642375,20.152710234368598,18.736573839521075,18.954440977189925,9899568.0,52887184.0,0.029616466358572967,5.44,5.55,5.16,5.22,2026-07-16,5.45,3.631118961147495
002697,红旗连锁,2026-07-17,40.015876173216995,40.958434284363435,39.41606646612381,39.587440668150435,19142000.0,89606442.0,0.016712937487353648,4.67,4.78,4.6,4.62,2026-07-16,4.69,8.568710101331263
002698,博实股份,2026-07-17,37.55675955706762,38.17485669711341,35.61416854549516,35.84963412265546,19053609.0,238023580.0,0.022571666794064825,12.76,12.97,12.1,12.18,2026-07-16,12.83,2.9433197145037324
002700,万憬能源,2026-07-17,34.49538171479197,35.174181712757466,32.705818083792025,33.13778171886098,10039233.0,55109605.0,0.04674066306854321,5.59,5.7,5.3,5.37,2026-07-16,5.62,6.17090907241359
002701,奥瑞金,2026-07-17,48.66524105687296,49.89209587343278,47.74509994445309,47.847337845833074,32438612.0,154697538.0,0.012684385287748155,4.76,4.88,4.67,4.68,2026-07-16,4.77,10.22379013799852
002702,海欣食品,2026-07-17,33.161738606617014,33.96521685479497,31.408695156046953,31.773912541582384,19922920.0,88546867.0,0.04342930012670472,4.54,4.65,4.3,4.35,2026-07-16,4.58,7.304347710708594
002703,浙江世宝,2026-07-17,34.326122331565145,34.91574205794752,31.14730293715583,31.378023699653276,45514275.0,583833864.0,0.07766303997784318,13.39,13.62,12.15,12.24,2026-07-16,13.16,2.5635640277494507
002705,新宝股份,2026-07-17,25.249701383453925,25.600087525808878,24.636525634332756,24.702223036024307,7561774.0,86692795.0,0.009362908878700525,11.53,11.69,11.25,11.28,2026-07-16,11.54,2.189913389718467
002706,良信股份,2026-07-17,126.84559392217375,128.02251180392588,120.04562393871701,120.56869855282908,33711111.0,316529746.0,0.03686767769140133,9.7,9.79,9.18,9.22,2026-07-16,9.74,13.076865352801418
002707,众信旅游,2026-07-17,59.96993098940166,61.30800247192381,58.145288058689644,58.51021664483204,20637131.0,100871134.0,0.023858288598353136,4.93,5.04,4.78,4.81,2026-07-16,4.96,12.164286204746787
002708,光洋股份,2026-07-17,32.86003449017352,32.98557425899939,30.160929460417144,30.72585842013359,23697008.0,238080520.0,0.04586607477275556,10.47,10.51,9.61,9.79,2026-07-16,10.5,3.1384942206469453
002709,天赐材料,2026-07-17,531.8657431202788,540.3405269392283,513.6011228208188,520.4686200534157,69666531.0,2511119966.0,0.04616701278044147,36.4,36.98,35.15,35.62,2026-07-16,36.61,14.6116962395681
002712,思美传媒,2026-07-17,23.426733489083773,24.05144638212601,21.86495125647819,22.073188887492268,21387800.0,93579243.0,0.03954111518815965,4.5,4.62,4.2,4.24,2026-07-16,4.49,5.20594077535195
002714,牧原股份,2026-07-17,821.4320994677464,834.2826627446801,787.2977907633913,799.7467739379208,91082851.0,3663562356.0,0.027764935770747415,40.91,41.55,39.21,39.83,2026-07-16,40.9,20.079005120208908
002715,登云股份,2026-07-17,21.206351528527605,21.58449617061975,19.799653459944818,20.05679181656748,3384500.0,45913303.0,0.02452536231884058,14.02,14.27,13.09,13.26,2026-07-16,14.08,1.5125785683685882
002716,湖南白银,2026-07-17,27.742810666687127,27.742810666687127,26.063740970216383,26.3690263695747,100150420.0,703325962.0,0.04312226867268363,7.27,7.27,6.83,6.91,2026-07-16,7.31,3.8160674919789725
002718,友邦吊顶,2026-07-17,291.96554223056603,297.75292885870067,262.9204336388999,262.9204336388999,2705181.0,273406557.0,0.028784393292827483,107.96,110.1,97.22,97.22,2026-07-16,108.02,2.704386274829252
002721,金一文化,2026-07-17,7.043750166893005,7.1657198667526245,6.677841067314148,6.7388259172439575,58747700.0,132331424.0,0.022090761980501222,2.31,2.35,2.19,2.21,2026-07-16,2.31,3.0492424964904785
002722,物产金轮,2026-07-17,13.665498050502645,13.887340551322493,13.110891798453025,13.243997298944933,4358814.0,52749852.0,0.01960277303602886,12.32,12.52,11.82,11.94,2026-07-16,12.31,1.1092125040992407
002723,小崧股份,2026-07-17,23.394415155036224,23.681815832616522,22.44599291902124,22.992054206423806,11552180.0,92195922.0,0.036436480318221776,8.14,8.24,7.81,8.0,2026-07-16,8.15,2.8740067758029757
002724,海洋王,2026-07-17,10.103201059986361,10.324585943770924,9.801312582098324,9.922067973253538,7600500.0,37987637.0,0.01338646230387186,5.02,5.13,4.87,4.93,2026-07-16,5.02,2.012589852586925
002725,跃岭股份,2026-07-17,29.91585297313162,29.91585297313162,27.289755472322778,27.614633513659953,7372900.0,77540857.0,0.02961438931320645,11.05,11.05,10.08,10.2,2026-07-16,11.05,2.707317011143133
002727,一心堂,2026-07-17,27.022402630725377,27.61241142178925,26.715598059372166,26.715598059372166,14228435.0,163516212.0,0.0362124638288555,11.45,11.7,11.32,11.32,2026-07-16,11.53,2.3600351642554918
002728,特一药业,2026-07-17,52.648727646050226,52.908080984208105,47.928496891576756,47.928496891576756,42371524.0,406173111.0,0.08452178484311486,10.15,10.2,9.24,9.24,2026-07-16,10.27,5.187066763157658
002729,好利科技,2026-07-17,36.984039535481585,37.740531253252804,34.88267365278377,35.16285577047682,5243600.0,67579648.0,0.029884692311827787,13.2,13.47,12.45,12.55,2026-07-16,13.26,2.8018211769304235
002730,电光科技,2026-07-17,60.75747800719252,60.75747800719252,54.67932777555167,54.67932777555167,14597897.0,342901709.0,0.04218681057254362,25.29,25.29,22.76,22.76,2026-07-16,25.29,2.4024309215971735
002732,燕塘乳业,2026-07-17,14.86141442418349,15.299175120968352,14.592023226162036,14.592023226162036,2467000.0,32802947.0,0.01575691596877591,13.24,13.63,13.0,13.0,2026-07-16,13.27,1.1224633250893874
002733,雄韬股份,2026-07-17,49.91474621705334,49.91474621705334,45.7551840322989,46.17114025077435,16534746.0,322038071.0,0.044826281852975026,20.4,20.4,18.7,18.87,2026-07-16,20.44,2.446801285149674
002734,利民股份,2026-07-17,57.153644280115394,57.862468850169044,52.78877719083765,53.12453619770517,16269461.0,239360775.0,0.037457392674884765,15.32,15.51,14.15,14.24,2026-07-16,15.31,3.730655631861318
002735,王子新材,2026-07-17,38.487514924944094,38.52200194548616,35.03881287073764,35.59060519941067,17907680.0,189792344.0,0.06282088472238487,11.16,11.17,10.16,10.32,2026-07-16,11.11,3.44870205420646
002736,国信证券,2026-07-17,13.470059638448282,13.601346769427309,13.168099237196516,13.260000228881836,38978690.0,397635532.0,0.004055030052367999,10.26,10.36,10.03,10.1,2026-07-16,10.26,1.3128713097902809
002737,葵花药业,2026-07-17,77.76370727827876,80.28329720482093,77.30560001890746,78.10728772280724,16073048.0,220448373.0,0.02752235660395031,13.58,14.02,13.5,13.64,2026-07-16,13.81,5.726340742141293
002738,中矿资源,2026-07-17,155.94799752427915,158.74253424613545,149.4274118399478,149.52377517518423,31976129.0,1528255759.0,0.04495903962029753,48.55,49.42,46.52,46.55,2026-07-16,48.65,3.2121111745474593
002739,儒意电影,2026-07-17,33.41057813087922,34.231402161392175,30.461691799036377,30.674498029169367,352760547.0,3754616849.0,0.167988216525873,10.99,11.26,10.02,10.09,2026-07-16,10.32,3.040089001899838
002741,光华科技,2026-07-17,83.60699059522213,84.28421953229683,75.88042408586986,76.3421710884208,25400432.0,655708165.0,0.059575331508506295,27.16,27.38,24.65,24.8,2026-07-16,27.21,3.078313350339548
002742,三圣股份,2026-07-17,17.88347839502896,18.22739144108721,16.556956645947142,17.097391432610106,14146818.0,49561644.0,0.026999798990428134,3.64,3.71,3.37,3.48,2026-07-16,3.66,4.913043515117846
002743,富煌钢构,2026-07-17,8.208974080208021,8.554615094111517,7.733717686090715,7.79852537619762,16648006.0,62022415.0,0.03830906075830954,3.8,3.96,3.58,3.61,2026-07-16,3.8,2.1602563368968477
002745,木林森,2026-07-17,27.200922284278903,27.95979718671737,25.019156939768305,25.11401630257311,107987197.0,1201296305.0,0.1014832373927999,11.47,11.79,10.55,10.59,2026-07-16,11.65,2.3714840701202182
002746,仙坛股份,2026-07-17,29.090288672374097,30.690254549354673,28.89635341455827,30.01148114699928,43729042.0,270650942.0,0.06161829907259947,6.0,6.33,5.96,6.19,2026-07-16,6.01,4.848381445395683
002747,埃斯顿,2026-07-17,261.2171490251525,263.95305822703466,237.4644827724488,237.4644827724488,65386616.0,2546898083.0,0.08357135638006478,42.01,42.45,38.19,38.19,2026-07-16,42.43,6.217975458822959
002748,世龙实业,2026-07-17,23.689687536397113,24.27328385344339,22.500880223895432,23.257393968214682,7173100.0,77372094.0,0.029887916666666667,10.96,11.23,10.41,10.76,2026-07-16,10.99,2.1614678409121453
002749,国光股份,2026-07-17,80.96452435919049,81.83511064262267,80.28740169429884,81.25471978700122,5642757.0,47299359.0,0.010366633289924241,8.37,8.46,8.3,8.4,2026-07-16,8.37,9.673180927023955
002752,昇兴股份,2026-07-17,13.01679389312977,13.166412213740458,12.354198473282443,12.43969465648855,15790125.0,93986787.0,0.016186254126961116,6.09,6.16,5.78,5.82,2026-07-16,6.14,2.1374045801526718
002753,永东股份,2026-07-17,23.51272776632598,23.85963686451768,22.549091382460162,23.05018230207039,5539681.0,33454398.0,0.018728495030795662,6.1,6.19,5.85,5.98,2026-07-16,6.06,3.854545535463276
002755,奥赛康,2026-07-17,25.993670868838173,26.06582540282523,23.630609880761973,23.630609880761973,22479825.0,303968695.0,0.024220022708365846,14.41,14.45,13.1,13.1,2026-07-16,14.55,1.8038633496764866
002756,永兴材料,2026-07-17,141.83597876246495,144.34066663737377,136.47337779951914,136.60182333156573,15065562.0,656125379.0,0.03892126211346154,44.17,44.95,42.5,42.54,2026-07-16,44.26,3.211138301165156
002757,南兴股份,2026-07-17,46.51722585531256,47.27841682385404,42.71127101260517,43.30330843258187,15686923.0,248102559.0,0.05561689011876237,16.5,16.77,15.15,15.36,2026-07-16,16.69,2.8192258094128824
002758,浙农股份,2026-07-17,34.82644042425733,35.5326800272841,34.605740548311466,34.8705803994465,5816573.0,46234443.0,0.011223536286649868,7.89,8.05,7.84,7.9,2026-07-16,7.92,4.413997518917279
002759,天际股份,2026-07-17,38.17435761716976,38.17435761716976,38.17435761716976,38.17435761716976,862900.0,12408502.0,0.0017225554187290577,14.38,14.38,14.38,14.38,2026-07-16,15.98,2.654684118022932
002760,凤形股份,2026-07-17,19.811622464898598,19.811622464898598,16.60725429017161,17.408346333853356,21471536.0,375856484.0,0.1988313111187757,19.29,19.29,16.17,16.95,2026-07-16,17.97,1.0270410816432658
002761,浙江建投,2026-07-17,21.61036710914351,22.206298858161983,21.453542964664965,21.516272622456384,15224980.0,106077016.0,0.014073889146539745,6.89,7.08,6.84,6.86,2026-07-16,6.93,3.1364828895709014
002763,汇洁股份,2026-07-17,21.279656220419696,21.428673420842806,20.29614269762719,20.50476677821954,8240020.0,57494357.0,0.027139771459964653,7.14,7.19,6.81,6.88,2026-07-16,7.07,2.9803440084621426
002765,蓝黛科技,2026-07-17,14.071472203073327,14.238245206961603,13.216760558145909,13.341840311062118,13186400.0,86022958.0,0.022130025344538066,6.75,6.83,6.34,6.4,2026-07-16,6.76,2.084662548603456
002766,索菱股份,2026-07-17,7.867974050683912,7.948671220434517,7.6864054187450535,7.948671220434517,29780000.0,117187018.0,0.03475001327046763,3.9,3.94,3.81,3.94,2026-07-16,3.58,2.017429243765106
002767,先锋电子,2026-07-17,27.750543682459593,28.80785318775485,27.673927051641094,28.240890119697973,5509150.0,101604373.0,0.042308310194118286,18.11,18.8,18.06,18.43,2026-07-16,18.27,1.532332616369939
002768,国恩股份,2026-07-17,175.99688993489963,178.89316349389418,162.2556809383368,163.31764790996814,13561467.0,716920164.0,0.05244445853811997,54.69,55.59,50.42,50.75,2026-07-16,55.59,3.218081732216121
002769,普路通,2026-07-17,34.38474254119092,34.64134509746846,32.38324260222607,32.69116566975913,7610700.0,49582310.0,0.020403461856796794,6.7,6.75,6.31,6.37,2026-07-16,6.63,5.132051125550883
002771,真视通,2026-07-17,32.401846540444204,33.55236627722298,30.79647016354358,31.01052034713033,10337530.0,124188443.0,0.059235884802912406,12.11,12.54,11.51,11.59,2026-07-16,12.23,2.6756272948343685
002772,众兴菌业,2026-07-17,26.090386980633404,26.891627271785296,25.163952893989034,25.514495521367984,20497712.0,212619442.0,0.05515525249883403,10.42,10.74,10.05,10.19,2026-07-16,10.6,2.503875909849655
002773,康弘药业,2026-07-17,49.214285714285715,49.55194805194805,46.44967532467533,46.51298701298701,12615139.0,283457814.0,0.018368708909740114,23.32,23.48,22.01,22.04,2026-07-16,23.57,2.1103896103896105
002774,快意电梯,2026-07-17,21.48341842798087,22.188649184887232,19.380785986093382,19.524444103240974,16081300.0,254883000.0,0.057072802594799694,16.45,16.99,14.84,14.95,2026-07-16,16.2,1.3059828831599314
002775,文科股份,2026-07-17,16.636313880841755,17.06288603163257,15.309200522825888,15.451391239756159,27116267.0,92313634.0,0.04668633075693473,3.51,3.6,3.23,3.26,2026-07-16,3.5,4.73969056434238
002777,久远银海,2026-07-17,64.4430466908384,65.87171280908343,62.351071303408176,62.708237832969424,9286220.0,116222399.0,0.02295662844346738,12.63,12.91,12.22,12.29,2026-07-16,12.71,5.102378993732256
002778,中晟高科,2026-07-17,22.002682432010847,22.448779982954168,20.592438561286805,21.038536112230123,2337980.0,34834984.0,0.018941941722811072,15.29,15.6,14.31,14.62,2026-07-16,15.26,1.4390243578816775
002779,中坚科技,2026-07-17,142.34957464106074,147.38774194989253,128.77214070709033,130.4586458655552,4739569.0,302080836.0,0.028584624530485755,66.68,69.04,60.32,61.11,2026-07-16,67.02,2.134816656284654
002780,三夫户外,2026-07-17,26.38405941896332,27.051513303074003,24.93136567119302,25.20619962347389,7786995.0,101941866.0,0.05960114934235214,13.44,13.78,12.7,12.84,2026-07-16,13.46,1.9630996591490568
002782,可立克,2026-07-17,41.51873851385643,41.955777866633866,38.48677800396297,38.86918743764323,13876900.0,204547034.0,0.028519479579971235,15.2,15.36,14.09,14.23,2026-07-16,15.26,2.7314959548589757
002783,凯龙股份,2026-07-17,31.12690669326421,31.746788192134336,30.772688693909853,31.12690669326421,9633316.0,68131857.0,0.020891280627238162,7.03,7.17,6.95,7.03,2026-07-16,7.03,4.427724991929475
002785,万里石,2026-07-17,38.57841034177257,38.828919499836026,36.21360388965353,37.02525356177913,6315650.0,235348942.0,0.03263985761535582,38.5,38.75,36.14,36.95,2026-07-16,38.7,1.002036632253833
002786,银宝山新,2026-07-17,24.109000792961737,24.320748604192268,22.989762362171795,23.26200954803962,14812100.0,115741415.0,0.029977211644323553,7.97,8.04,7.6,7.69,2026-07-16,7.9,3.02496873186471
002787,华源控股,2026-07-17,53.76173475379323,53.89180346690724,48.77576741775595,49.85967336037275,17260000.0,408362511.0,0.06957342277191658,24.8,24.86,22.5,23.0,2026-07-16,25.0,2.167811885233598
002788,鹭燕医药,2026-07-17,40.24128008411025,40.7528217800947,37.751777163652584,37.751777163652584,33232639.0,378368164.0,0.08703593759003186,11.8,11.95,11.07,11.07,2026-07-16,12.3,3.410277973229682
002790,瑞尔特,2026-07-17,18.327408792104546,18.746136936739624,17.683211646512117,17.844260932910224,4491100.0,25300371.0,0.017227246137765034,5.69,5.82,5.49,5.54,2026-07-16,5.69,3.2209857279621343
002791,坚朗五金,2026-07-17,23.693092484223218,23.755855643121823,22.359375357627872,22.51628325487438,4732400.0,69388949.0,0.021737718269561872,15.1,15.14,14.25,14.35,2026-07-16,14.99,1.5690789724651137
002792,通宇通讯,2026-07-17,86.32932326485071,86.63819383109349,77.86626974979917,79.68860609063144,23303713.0,617124900.0,0.06898171755355492,27.95,28.05,25.21,25.8,2026-07-16,27.95,3.088705662427575
002793,罗欣药业,2026-07-17,16.96704027134934,17.146395876754724,15.783293275673804,15.998520002160264,57394737.0,261625505.0,0.05285289634264468,4.73,4.78,4.4,4.46,2026-07-16,4.88,3.5871121081076827
002795,永和智控,2026-07-17,24.953275995516993,27.01553021002253,23.138492286752122,23.50969804536312,32001213.0,194729828.0,0.07366270876051913,6.05,6.55,5.61,5.7,2026-07-16,6.06,4.124508429011073
002796,世嘉科技,2026-07-17,70.37793835543462,70.63284692372892,63.72714207357432,64.05157116049433,10299135.0,294668316.0,0.045229530005118,30.37,30.48,27.5,27.64,2026-07-16,30.56,2.317350620857248
002797,第一创业,2026-07-17,10.968247020367494,11.3726063575239,10.951398714652644,11.018791937512045,97769443.0,646497850.0,0.023265144441271653,6.51,6.75,6.5,6.54,2026-07-16,6.57,1.6848305714850222
002798,帝欧水华,2026-07-17,15.713512833053997,15.959999308866609,15.158918262475622,15.374593928811658,12356700.0,62125404.0,0.023912374850114902,5.1,5.18,4.92,4.99,2026-07-16,5.1,3.0810809476576466
002799,环球印务,2026-07-17,16.698658276910642,16.827904858001283,15.768082893058036,16.07827468767557,6294460.0,39511713.0,0.01966807318213292,6.46,6.51,6.1,6.22,2026-07-16,6.39,2.584931621812793
002800,天顺股份,2026-07-17,25.92156120798368,26.605295173128322,24.131787005105053,24.735081680232682,6632958.0,83321196.0,0.04486491759433289,12.89,13.23,12.0,12.3,2026-07-16,12.95,2.010982250425421
002801,微光股份,2026-07-17,122.17487774743387,123.43256031248099,116.42547173578994,117.14414748724542,2002088.0,53195339.0,0.017288785149223638,27.2,27.48,25.92,26.08,2026-07-16,27.07,4.491723446596834
002802,洪汇新材,2026-07-17,23.766911508918096,24.258051638931672,22.571092061928503,22.677861655409714,5251087.0,57599866.0,0.03508133681288643,11.13,11.36,10.57,10.62,2026-07-16,11.13,2.135391869624267
002803,吉宏股份,2026-07-17,67.99499282941862,68.83924775471226,64.2932596954388,65.26739999385455,15398654.0,312535184.0,0.05174901833613197,20.94,21.2,19.8,20.1,2026-07-16,20.83,3.247134328052465
002805,丰元股份,2026-07-17,40.95837624488412,41.085707984505525,37.75386079774552,38.369297539248954,17834925.0,328822430.0,0.06396680472197012,19.3,19.36,17.79,18.08,2026-07-16,19.27,2.1221956603566903
002806,华锋股份,2026-07-17,25.853746016482088,26.095692837491946,23.48612355374275,23.48612355374275,10408465.0,146937492.0,0.0597826594208894,14.96,15.1,13.59,13.59,2026-07-16,15.1,1.7281915786418507
002807,江阴银行,2026-07-17,7.482399981021881,7.651599980592728,7.4071999812126155,7.4071999812126155,67333128.0,270213513.0,0.024905642782745364,3.98,4.07,3.94,3.94,2026-07-16,3.98,1.8799999952316284
002809,红墙股份,2026-07-17,21.524722404955195,21.94788208526231,20.593771108279544,20.84766691646381,6769818.0,51050584.0,0.039829421006321315,7.63,7.78,7.3,7.39,2026-07-16,7.63,2.8210645353807595
002810,山东赫达,2026-07-17,69.8824815016526,70.48491668701169,66.30330775334282,67.15380448561444,7929151.0,152901620.0,0.024556143842264223,19.72,19.89,18.71,18.95,2026-07-16,19.66,3.5437363844651424
002811,郑中设计,2026-07-17,20.585606024624777,20.702018499787595,19.246862560252385,19.382677114609002,4266250.0,43667223.0,0.015097122776628637,10.61,10.67,9.92,9.99,2026-07-16,10.69,1.9402079193802806
002812,恩捷股份,2026-07-17,187.68124105213204,192.00755213713919,182.03503844966508,183.90488476606646,23720295.0,1206599611.0,0.02883375822402829,51.19,52.37,49.65,50.16,2026-07-16,51.33,3.6663653262772424
002813,路畅科技,2026-07-17,19.227923030861827,19.833844975111678,18.702790679178626,18.783580271745276,1553400.0,29555087.0,0.012960544553123402,19.04,19.64,18.52,18.6,2026-07-16,19.2,1.0098699070830792
002815,崇达技术,2026-07-17,36.026101968371215,36.4809165447161,32.84239993395702,32.84239993395702,64943684.0,915957516.0,0.08356733110558606,15.05,15.24,13.72,13.72,2026-07-16,15.24,2.3937609281309777
002817,黄山胶囊,2026-07-17,23.338966806318776,23.67291068749027,22.522659541232905,22.67107904397579,9965368.0,61678716.0,0.034358682329578824,6.29,6.38,6.07,6.11,2026-07-16,6.31,3.7104875685721423
002818,富森美,2026-07-17,30.229170456409026,30.73769855754488,29.833648599970033,30.003157967015312,4233731.0,45403598.0,0.014191203237290862,10.7,10.88,10.56,10.62,2026-07-16,10.74,2.8251561174214044
002819,东方中科,2026-07-17,26.194108371133684,26.60525640126287,25.146344036288337,25.292235272785792,2950414.0,57224393.0,0.012410177330177873,19.75,20.06,18.96,19.07,2026-07-16,20.01,1.3262839681586676
002820,桂发祥,2026-07-17,16.466622325014477,16.79705621782413,15.622180154500912,15.769039662416315,7595960.0,66749795.0,0.03781562441200589,8.97,9.15,8.51,8.59,2026-07-16,9.02,1.835743848942528
002821,凯莱英,2026-07-17,530.9396212948315,535.3646198394704,487.62279880683616,487.62279880683616,12646926.0,2087961172.0,0.039890146681220366,176.38,177.85,161.99,161.99,2026-07-16,179.99,3.010203091591062
002823,凯中精密,2026-07-17,30.10669941749437,30.78173752102563,28.37410161843079,28.599114319607878,7194553.0,93957796.0,0.0328685510642975,13.38,13.68,12.61,12.71,2026-07-16,13.3,2.2501270117708794
002824,和胜股份,2026-07-17,53.88176825395816,54.12567749296784,48.316202891100744,48.316202891100744,14012173.0,317448699.0,0.061952483668369425,24.3,24.41,21.79,21.79,2026-07-16,24.21,2.217356718269883
002825,纳尔股份,2026-07-17,25.698570090806683,25.979941296180478,24.47929486752023,24.60434873657525,4026260.0,32418114.0,0.015689144990345797,8.22,8.31,7.83,7.87,2026-07-16,8.2,3.1263467263755085
002826,易明医药,2026-07-17,17.930395448808188,18.244963790015348,16.67212208397954,16.850377477330266,6379500.0,105042429.0,0.03453431383176652,17.1,17.4,15.9,16.07,2026-07-16,17.17,1.048561137357204
002827,高争民爆,2026-07-17,42.83478702706703,43.85954269757103,42.3394884529901,42.6469151541413,4602017.0,115719183.0,0.01667405166455026,25.08,25.68,24.79,24.97,2026-07-16,25.07,1.70792611750666
002828,贝肯能源,2026-07-17,21.81599469006804,22.76218758579112,21.1018868442393,21.22685571725933,19769700.0,242128852.0,0.09836278456979437,12.22,12.75,11.82,11.89,2026-07-16,12.39,1.7852696145718527
002829,星网宇达,2026-07-17,45.42812146141737,50.71501490735818,43.76372908028785,50.71501490735818,29497788.0,561158067.0,0.20196698552090753,18.56,20.72,17.88,20.72,2026-07-16,18.84,2.447635854602229
002830,名雕股份,2026-07-17,31.45189218263368,32.43336966918395,28.306702964370313,28.306702964370313,6889860.0,92210651.0,0.07421658973765141,14.1,14.54,12.69,12.69,2026-07-16,14.1,2.2306306512506158
002831,裕同科技,2026-07-17,70.61868170389313,70.8520890249857,63.43492304359993,64.83536697015528,20132317.0,518116557.0,0.028187759450417463,27.23,27.32,24.46,25.0,2026-07-16,27.18,2.5934146788062113
002832,比音勒芬,2026-07-17,126.11490598165365,128.90454445498057,122.04668320805193,122.10480067624624,8586010.0,185367839.0,0.02204829704400834,21.7,22.18,21.0,21.01,2026-07-16,21.69,5.811746819431044
002833,弘亚数控,2026-07-17,66.99916124845805,68.45830813590179,65.13469578116884,65.21575949713794,5665151.0,93162582.0,0.01933059190421312,16.53,16.89,16.07,16.09,2026-07-16,16.49,4.0531857984548125
002835,同为股份,2026-07-17,24.893513048017343,25.279458986746295,23.842882437032976,24.078738288478448,3223300.0,36782006.0,0.02532306409876933,11.61,11.79,11.12,11.23,2026-07-16,11.62,2.144144104049728
002836,新宏泽,2026-07-17,32.576579954397616,33.103141052798435,30.224607048207268,30.856480366288256,3634900.0,32763165.0,0.015776475694444445,9.28,9.43,8.61,8.79,2026-07-16,9.29,3.510407322672157
002837,英维克,2026-07-17,993.6221531459271,1000.1591409955712,889.0303475516189,894.4052042279931,52406932.0,3358808508.0,0.046359020177293674,68.4,68.85,61.2,61.57,2026-07-16,67.86,14.526639665876125
002838,道恩股份,2026-07-17,162.5170476063188,165.26811988554803,144.17656574479068,144.17656574479068,12473907.0,369239693.0,0.0296551740828754,31.9,32.44,28.3,28.3,2026-07-16,31.44,5.094578294868929
002839,张家港行,2026-07-17,7.162018993091135,7.294037776373921,7.112511949360091,7.129014297270439,39971116.0,174885053.0,0.016368053933637286,4.34,4.42,4.31,4.32,2026-07-16,4.32,1.6502347910348238
002840,华统股份,2026-07-17,19.56654115649761,19.83424259023079,18.568744903492135,18.641754385419368,25509172.0,200645416.0,0.03202145307654364,8.04,8.15,7.63,7.66,2026-07-16,8.11,2.43364939757433
002841,视源股份,2026-07-17,87.69430853730887,92.25317257023197,85.83429201187623,86.63665208167069,21658896.0,1061919445.0,0.041544231691629664,48.09,50.59,47.07,47.51,2026-07-16,48.09,1.8235456131692422
002842,翔鹭钨业,2026-07-17,96.20829347373108,97.04854057830514,88.19793774345825,89.73839076851073,31740395.0,1044382072.0,0.11823033634298058,34.35,34.65,31.49,32.04,2026-07-16,34.43,2.800823681913568
002843,泰嘉股份,2026-07-17,35.64497172439835,35.99789223652111,32.46868711529355,32.46868711529355,13643400.0,260313047.0,0.05453071442869898,20.2,20.4,18.4,18.4,2026-07-16,20.44,1.76460256061378
002845,同兴达,2026-07-17,40.59432462713468,40.59432462713468,37.295854914024666,37.35372280372835,24857658.0,331824968.0,0.09933751261832154,14.03,14.03,12.89,12.91,2026-07-16,14.17,2.8933944851842255
002846,英联股份,2026-07-17,26.16203679785822,26.745182501559217,25.048758636247236,25.260811619411232,7047900.0,68658288.0,0.027091099816663147,9.87,10.09,9.45,9.53,2026-07-16,9.87,2.650662289549972
002847,盐津铺子,2026-07-17,118.59031587965944,121.06340091786485,114.35074152845016,114.46850748265042,4975633.0,247063000.0,0.02040542266204583,50.35,51.4,48.55,48.6,2026-07-16,50.35,2.3553190840051528
002848,高斯贝尔,2026-07-17,13.035180421029368,13.225548159691595,12.34384494904549,12.444038495709819,4977200.0,63416241.0,0.03008810357963256,13.01,13.2,12.32,12.42,2026-07-16,13.15,1.0019354666433027
002849,威星智能,2026-07-17,31.092771333170774,31.179320453096096,28.885768775075146,29.210327974795092,7032275.0,97097865.0,0.03213335511784822,14.37,14.41,13.35,13.5,2026-07-16,14.25,2.16372799813297
002850,科达利,2026-07-17,308.5542449080053,314.43363414143505,287.684037270002,292.03673427154666,4890965.0,895814295.0,0.02333031579384911,189.98,193.6,177.13,179.81,2026-07-16,190.56,1.6241406722181562
002851,麦格米特,2026-07-17,334.9968538787761,342.00369039579715,319.0212666199681,319.0212666199681,27098270.0,3726257661.0,0.05875584975405974,143.43,146.43,136.59,136.59,2026-07-16,151.77,2.335612172340348
002852,道道全,2026-07-17,25.650600983086683,26.277029541799592,24.826352879517056,25.090112272659336,4879397.0,37699446.0,0.017072710322596538,7.78,7.97,7.53,7.61,2026-07-16,7.81,3.2969924142784937
002853,皮阿诺,2026-07-17,58.8267275502859,62.94272756970618,56.3410911749217,57.49036390761698,4589400.0,103380616.0,0.0356583395889268,22.01,23.55,21.08,21.51,2026-07-16,22.01,2.672727285337842
002855,捷荣技术,2026-07-17,9.546089963584691,9.709620412639675,9.106601881749421,9.188367106276914,4649000.0,42840980.0,0.01888093352728751,9.34,9.5,8.91,8.99,2026-07-16,9.4,1.02206530659365
002857,三晖电气,2026-07-17,24.588415356213325,24.801231201506784,23.09870443915912,23.540706579383997,3324400.0,48589404.0,0.025853685281698548,15.02,15.15,14.11,14.38,2026-07-16,15.02,1.6370449637958273
002858,力盛体育,2026-07-17,22.13717822627174,22.700670035667745,20.990069900001295,21.151067559828725,6474448.0,69507368.0,0.04392064323646883,11.0,11.28,10.43,10.51,2026-07-16,11.03,2.0124707478428854
002859,洁美科技,2026-07-17,299.9018146965337,309.95151033436684,270.69757096265954,272.50136248739886,17227179.0,1141764556.0,0.040220797674236176,69.83,72.17,63.03,63.45,2026-07-16,69.83,4.294741725569722
002860,星帅尔,2026-07-17,62.827455823804115,63.978844751546404,58.14514085098548,62.09824283623399,27364103.0,438267858.0,0.07955312025647336,16.37,16.67,15.15,16.18,2026-07-16,16.39,3.837963092474289
002861,瀛通通讯,2026-07-17,25.543122174268106,25.85053392910065,23.447132936773457,23.447132936773457,9627940.0,166118854.0,0.06411439443051006,18.28,18.5,16.78,16.78,2026-07-16,18.64,1.397326158329765
002862,实丰文化,2026-07-17,28.015356265356267,28.015356265356267,25.875000000000004,26.27764127764128,4564800.0,57782835.0,0.03550232681478425,13.22,13.22,12.21,12.4,2026-07-16,13.06,2.119164619164619
002863,今飞凯达,2026-07-17,7.663018081785425,7.802663058218872,7.331361262755988,7.418639373026893,12933870.0,55936161.0,0.02157502055510934,4.39,4.47,4.2,4.25,2026-07-16,4.38,1.7455622054180924
002864,盘龙药业,2026-07-17,32.429768261403495,33.3419537896098,30.919943938855127,30.930428829983935,6274741.0,189848508.0,0.08273259736650812,30.93,31.8,29.49,29.5,2026-07-16,31.99,1.0484891128808114
002865,钧达股份,2026-07-17,65.633949520811,66.74763118269571,60.080194917464866,60.84218763349126,10615670.0,453876778.0,0.04639408487447211,44.79,45.55,41.0,41.52,2026-07-16,44.88,1.4653706077430455
002866,传艺科技,2026-07-17,24.714112702070285,25.91537050317163,23.583517124563137,23.848500463041375,12305700.0,171966615.0,0.06790756483440497,13.99,14.67,13.35,13.5,2026-07-16,13.89,1.7665555898549168
002867,周大生,2026-07-17,38.33267803223455,39.15771911570979,37.95188983986136,38.39614273096341,14236343.0,173921852.0,0.013192832141869637,12.08,12.34,11.96,12.1,2026-07-16,12.73,3.173234936443257
002868,绿康生化,2026-07-17,33.47356728658981,33.69415092604016,31.322876801948947,31.55724691886494,2156400.0,50472572.0,0.02015279941486229,24.28,24.44,22.72,22.89,2026-07-16,24.28,1.3786477465646545
002869,金溢科技,2026-07-17,24.777033928935282,25.11163263155426,23.555748664376015,23.7565078859474,2670700.0,38687664.0,0.01695497337547967,14.81,15.01,14.08,14.2,2026-07-16,14.81,1.6729935130948874
002870,香山股份,2026-07-17,42.0723854291938,43.30980853005244,39.891165048019246,39.891165048019246,5031900.0,199002810.0,0.03878670613801185,40.12,41.3,38.04,38.04,2026-07-16,40.5,1.0486636447954587
002871,伟隆股份,2026-07-17,69.70165969652571,69.78050772785662,63.07842506472915,63.90632939370373,4832723.0,81341234.0,0.03237644761347619,17.68,17.7,16.0,16.21,2026-07-16,17.64,3.942401566545572
002873,新天药业,2026-07-17,29.56480418601019,29.951962336065083,27.62901343573571,27.769798217573854,13255200.0,107096853.0,0.055301304580437596,8.4,8.51,7.85,7.89,2026-07-16,8.43,3.519619545953594
002875,安奈儿,2026-07-17,21.73270896901126,22.230535635757963,20.22206253198678,20.531058394105425,7702690.0,94340320.0,0.036263205672108105,12.66,12.95,11.78,11.96,2026-07-16,12.71,1.7166436784369083
002876,三利谱,2026-07-17,51.2838550097389,51.888528318623074,48.336072628928555,48.543929078857495,7096100.0,187707493.0,0.047643500153194254,27.14,27.46,25.58,25.69,2026-07-16,27.3,1.8896040902630398
002877,智能自控,2026-07-17,20.204573251250995,20.4023802621024,19.272054485808642,19.469861496660048,5654600.0,39541364.0,0.02351041798484693,7.15,7.22,6.82,6.89,2026-07-16,7.13,2.825814440734405
002878,元隆雅图,2026-07-17,37.220820321398435,38.37000516837128,35.52896485224396,36.19932267964479,8703000.0,100366242.0,0.036893014061706815,11.66,12.02,11.13,11.34,2026-07-16,11.71,3.19218013048014
002879,长缆科技,2026-07-17,20.58701093798257,20.8417612666815,19.902369429604185,20.093432176128385,5660200.0,72482802.0,0.0412779610656254,12.93,13.09,12.5,12.62,2026-07-16,12.93,1.5921895543683349
002880,卫光生物,2026-07-17,49.11858829064696,49.52046764938862,46.48404582778499,46.72963876923822,1849200.0,39491488.0,0.008153439153439154,22.0,22.18,20.82,20.93,2026-07-16,22.01,2.2326631041203164
002881,美格智能,2026-07-17,86.09028972440692,96.47236068569012,85.50601733264637,91.41615729545478,27201138.0,1105272922.0,0.14946512954073377,38.31,42.93,38.05,40.68,2026-07-16,39.05,2.2472015067712583
002882,金龙羽,2026-07-17,20.109541420284483,21.077010766964836,19.291799472495136,19.3954569024966,6014928.0,104586300.0,0.024373392689231877,17.46,18.3,16.75,16.84,2026-07-16,17.45,1.1517492222385155
002884,凌霄泵业,2026-07-17,100.5497267989425,102.49909611149236,100.04666375054255,100.86414120419248,2542515.0,41022070.0,0.009310769527247286,15.99,16.3,15.91,16.04,2026-07-16,16.08,6.288288104999531
002885,京泉华,2026-07-17,90.4886498624156,92.41394028502019,82.53078278231663,83.94266242556,14978316.0,405014993.0,0.06313149951112897,28.2,28.8,25.72,26.16,2026-07-16,28.45,3.2088173710076453
002886,沃特股份,2026-07-17,52.07884748102138,52.54779158040027,47.154934437543126,47.85835058661145,13598276.0,258211189.0,0.06503919749362252,19.99,20.17,18.1,18.37,2026-07-16,19.94,2.605244996549344
002887,绿茵生态,2026-07-17,45.375826707401316,46.02737703961016,42.630007450235496,43.56079363910526,5881000.0,55954988.0,0.0270725241757733,9.75,9.89,9.16,9.36,2026-07-16,9.73,4.653930944348853
002888,惠威科技,2026-07-17,31.93730296445696,32.61108572742019,29.838950931228627,30.300973397260556,4216940.0,68246591.0,0.056283636190852956,16.59,16.94,15.5,15.74,2026-07-16,16.82,1.925093608466363
002889,东方嘉盛,2026-07-17,32.86972395029034,34.934689396392926,32.70000076293945,33.322319116559406,6678270.0,79443026.0,0.026580624072059092,11.62,12.35,11.56,11.78,2026-07-16,11.67,2.8287197891816134
002890,弘宇股份,2026-07-17,36.460829493087566,37.070276497695865,34.12903225806453,34.39400921658987,2033158.0,27210110.0,0.012591029381264952,13.76,13.99,12.88,12.98,2026-07-16,13.77,2.649769585253457
002891,中宠股份,2026-07-17,78.96326724878648,81.36012864925554,76.8593555750414,76.9126191617185,14825305.0,438470679.0,0.04605594535601377,29.65,30.55,28.86,28.88,2026-07-16,29.58,2.6631793338545187
002892,科力尔,2026-07-17,78.36735248096808,79.81544486376858,76.40816866894389,76.4933505738145,8002905.0,73000320.0,0.015969911714554204,9.2,9.37,8.97,8.98,2026-07-16,9.21,8.518190487061748
002893,京能热力,2026-07-17,16.440534267610712,16.811772138169662,16.228398341577023,16.40517827993843,9051760.0,84873411.0,0.044638631475434946,9.3,9.51,9.18,9.28,2026-07-16,9.3,1.7677993836140549
002895,川恒股份,2026-07-17,38.56125970664367,39.9611734253667,38.37036238136325,38.943054357204495,10284582.0,317210192.0,0.017153586949219448,30.3,31.4,30.15,30.6,2026-07-16,30.4,1.2726488352027612
002896,中大力德,2026-07-17,167.04677074901355,169.96968327704792,155.58709782164055,156.0742499096463,9247380.0,640079251.0,0.047055029325624366,72.01,73.27,67.07,67.28,2026-07-16,71.6,2.319771847646348
002897,意华股份,2026-07-17,114.42659532647382,115.40844074885047,104.32523648947998,104.32523648947998,11372930.0,733727809.0,0.06166761258053718,68.76,69.35,62.69,62.69,2026-07-16,69.66,1.6641447836892642
002899,英派斯,2026-07-17,20.54559026242015,20.720227779650724,19.14849012457558,19.39503720772462,3972271.0,77224812.0,0.02687653771752407,20.0,20.17,18.64,18.88,2026-07-16,20.04,1.0272795131210075
002900,哈三联,2026-07-17,19.888860171354274,20.39883094497874,19.167867008643817,19.167867008643817,13098550.0,145491797.0,0.08129564852559297,11.31,11.6,10.9,10.9,2026-07-16,12.11,1.7585199090498915
002901,大博医疗,2026-07-17,51.43273542600897,51.72533632286995,48.38751868460388,48.44170403587444,4192761.0,192887618.0,0.014537390116090884,47.46,47.73,44.65,44.7,2026-07-16,47.69,1.0837070254110612
002902,铭普光磁,2026-07-17,36.512663439715695,36.70945640187005,33.31856228474886,33.51535524690321,15917086.0,365241974.0,0.08960706335612438,24.12,24.25,22.01,22.14,2026-07-16,24.46,1.5137920165719607
002903,宇环数控,2026-07-17,44.126984126984105,44.14285714285712,39.28571428571427,39.28571428571427,11429021.0,296798238.0,0.1071480941347856,27.8,27.81,24.75,24.75,2026-07-16,27.5,1.5873015873015865
002905,金逸影视,2026-07-17,17.958027440588335,18.19064437634725,17.097344778280345,17.19039155258391,11273729.0,85245171.0,0.032262273923992675,7.72,7.82,7.35,7.39,2026-07-16,7.79,2.3261693575891624
002906,华阳集团,2026-07-17,26.324695999664087,26.586199602309755,25.20240970497642,25.28957757252498,6206587.0,146438885.0,0.011830800863577457,24.16,24.4,23.13,23.21,2026-07-16,24.16,1.0895983443569572
002907,华森制药,2026-07-17,14.8437710244315,14.926122042597555,13.484979224691584,13.546742488316127,12257945.0,167400294.0,0.03650189344818417,14.42,14.5,13.1,13.16,2026-07-16,14.52,1.0293877270756935
002908,德生科技,2026-07-17,20.107645083564766,20.572382643277354,19.580942515890495,20.014697571622246,8675594.0,56141907.0,0.02695668252383727,6.49,6.64,6.32,6.46,2026-07-16,6.51,3.098250398083939
002909,集泰股份,2026-07-17,14.997696854889291,15.151361781681189,14.0757072941379,14.260105206288177,8526300.0,40351415.0,0.022414225700713813,4.88,4.93,4.58,4.64,2026-07-16,4.83,3.0732985358379694
002910,庄园牧场,2026-07-17,9.585467395602345,9.821259641697376,8.84733514695703,8.980609025184657,15435500.0,139309624.0,0.09023339205474976,9.35,9.58,8.63,8.76,2026-07-16,9.25,1.0251836786740476
002911,佛燃能源,2026-07-17,31.14222024043826,32.13133791891224,30.932407399549838,30.992353925517957,9079577.0,95692875.0,0.0071659863341383715,10.39,10.72,10.32,10.34,2026-07-16,10.39,2.997326298405992
002912,中新赛克,2026-07-17,49.548315661950376,50.42430798304563,46.94771345869883,47.02983773880151,3655800.0,64532118.0,0.02253582097037847,18.1,18.42,17.15,17.18,2026-07-16,18.0,2.7374760034226724
002913,奥士康,2026-07-17,109.41144844870898,109.41144844870898,97.4913113559126,97.4913113559126,8150959.0,367090799.0,0.027018096023505616,48.28,48.28,43.02,43.02,2026-07-16,47.8,2.2661857590867642
002915,中欣氟材,2026-07-17,35.76944353195607,38.38083235422771,35.46222131757117,37.65666570603473,14669148.0,247403290.0,0.05092143558537234,16.3,17.49,16.16,17.16,2026-07-16,16.1,2.1944443884635625
002916,深南电路,2026-07-17,849.472130580722,854.1940566697043,777.3381842967725,792.5242782512881,14199022.0,4826578411.0,0.02135803274156226,358.0,359.99,327.6,334.0,2026-07-16,364.0,2.3728271803930783
002917,金奥博,2026-07-17,25.52058393051769,26.003543188166933,24.60550323181387,24.93594903967914,3899100.0,38859370.0,0.014965184615458602,10.04,10.23,9.68,9.81,2026-07-16,10.05,2.541890829732838
002918,蒙娜丽莎,2026-07-17,27.125647618910847,27.560353510239548,26.053373086966722,26.198275050742954,13459620.0,124755562.0,0.06283523849615362,9.36,9.51,8.99,9.04,2026-07-16,9.36,2.8980392755246633
002919,名臣健康,2026-07-17,65.36444365140262,65.98044364392894,59.88888816227989,60.74444370745532,7408916.0,135276089.0,0.028041961908902218,19.1,19.28,17.5,17.75,2026-07-16,19.18,3.422222180701708
002920,德赛西威,2026-07-17,91.5568268706159,92.77190000952744,87.18682698505681,87.54921721946903,8059357.0,675666718.0,0.013508318135626135,85.9,87.04,81.8,82.14,2026-07-16,85.93,1.0658536306241664
002921,联诚精密,2026-07-17,37.50659670044457,37.56438806670103,33.807949260030924,33.807949260030924,8778300.0,213351755.0,0.06834386549128786,25.96,26.0,23.4,23.4,2026-07-16,26.0,1.444784156411578
002922,伊戈尔,2026-07-17,47.317046138246496,47.50784067912652,44.03538003511004,44.4551280250461,21835104.0,522677952.0,0.057918038988519306,24.8,24.9,23.08,23.3,2026-07-16,24.88,1.9079454088002619
002923,润都股份,2026-07-17,44.137666457925626,45.203058406910046,40.522943773871376,40.522943773871376,22977048.0,253842459.0,0.08902905193192813,11.6,11.88,10.65,10.65,2026-07-16,11.83,3.804971246372899
002925,盈趣科技,2026-07-17,47.40260311884213,47.807389392665954,43.22691313623851,43.22691313623851,18730294.0,392498970.0,0.025621150699686228,22.25,22.44,20.29,20.29,2026-07-16,22.54,2.1304540727569496
002926,华西证券,2026-07-17,9.130555152893066,9.226666259765626,8.970369974772135,9.01308602227105,24845414.0,212082278.0,0.00946491961904762,8.55,8.64,8.4,8.44,2026-07-16,8.56,1.0679011874728732
002927,泰永长征,2026-07-17,38.63169781057583,39.08947961478279,36.24105949971729,36.49538272427671,8136600.0,120307139.0,0.03686545946355116,15.19,15.37,14.25,14.35,2026-07-16,15.35,2.543232245594196
002928,华夏航空,2026-07-17,13.879903824948475,14.086381733088203,13.765193875981957,13.788135865775262,32708392.0,198259204.0,0.025588714188585382,6.05,6.14,6.0,6.01,2026-07-16,6.12,2.2941989793303263
002929,润建股份,2026-07-17,57.646510467573925,58.05276523957164,52.25061375232215,52.25061375232215,15642011.0,819889350.0,0.07222620125832065,55.34,55.73,50.16,50.16,2026-07-16,55.73,1.0416789025582567
002930,宏川智慧,2026-07-17,17.62582085008349,18.224355750144877,16.717698932748977,16.94472941208261,14061342.0,119079345.0,0.032448551777504636,8.54,8.83,8.1,8.21,2026-07-16,8.53,2.0639134484875283
002931,锋龙股份,2026-07-17,119.15761799685403,124.85961030735263,110.93179302433144,114.5072226288654,14904125.0,750144441.0,0.07405646573311252,50.99,53.43,47.47,49.0,2026-07-16,50.45,2.336882094466641
002933,新兴装备,2026-07-17,26.46682451283036,26.830094653202543,25.4289098260527,25.792179966424882,1466100.0,36848510.0,0.012558281204816881,25.5,25.85,24.5,24.85,2026-07-16,25.64,1.0379146867776612
002935,天奥电子,2026-07-17,68.5826620092927,68.5826620092927,64.04076386298192,64.86656352594753,6953924.0,111577878.0,0.016802445797892408,16.61,16.61,15.51,15.71,2026-07-16,16.66,4.128998314827977
002936,郑州银行,2026-07-17,2.4974301300901267,2.5541899057739936,2.4832401861691604,2.4832401861691604,133572008.0,237264023.0,0.019002188849528968,1.76,1.8,1.75,1.75,2026-07-16,1.76,1.418994392096663
002937,兴瑞科技,2026-07-17,71.62355491329475,71.69436416184966,65.32153179190747,67.4635115606936,9516498.0,363866625.0,0.030193400023095663,40.46,40.5,36.9,38.11,2026-07-16,41.0,1.7702312138728313
002938,鹏鼎控股,2026-07-17,116.2301612248161,116.40262659412781,106.67557976494646,107.95182349785323,40721989.0,3900060938.0,0.01762226335089713,101.09,101.24,92.78,93.89,2026-07-16,103.09,1.1497691287448422
002939,长城证券,2026-07-17,9.131067846585246,9.252815417873048,8.987184353245114,9.053592119402099,28429442.0,234686983.0,0.00789123728352566,8.25,8.36,8.12,8.18,2026-07-16,8.26,1.1067961026163935
002940,昂利康,2026-07-17,67.8506188361006,69.1173479725519,62.207916319181166,62.207916319181166,22283853.0,627567223.0,0.12027459772080833,29.46,30.01,27.01,27.01,2026-07-16,30.01,2.3031438844569108
002941,新疆交建,2026-07-17,10.256190507590365,10.457500032016208,9.980714316270788,10.00190479252614,11345800.0,109159661.0,0.015547491302967037,9.68,9.87,9.42,9.44,2026-07-16,9.68,1.0595238127675997
002942,新农股份,2026-07-17,21.575948525931093,22.07027618757641,20.81991798459119,20.95076942443848,1530400.0,22487207.0,0.011029267390498613,14.84,15.18,14.32,14.41,2026-07-16,14.84,1.453904887192122
002943,宇晶股份,2026-07-17,63.77356859007411,64.22182833144797,57.75654360009415,57.75654360009415,10436193.0,362024833.0,0.05526116134615732,36.99,37.25,33.5,33.5,2026-07-16,37.22,1.7240759283610194
002945,华林证券,2026-07-17,13.225438085233906,13.491997302455674,13.030644811110307,13.16392441972119,10944336.0,141733015.0,0.004053457777777778,12.9,13.16,12.71,12.84,2026-07-16,12.93,1.025227758545264
002946,新乳业,2026-07-17,16.917421009087658,17.438447803207893,16.651591012087536,16.74728981100758,8234713.0,131012567.0,0.009679757824824426,15.91,16.4,15.66,15.75,2026-07-16,15.85,1.0633199880004813
002947,恒铭达,2026-07-17,114.443557920578,115.58799349978378,104.12517906935169,104.34668272984314,9781076.0,574925216.0,0.04932370718479814,62.0,62.62,56.41,56.53,2026-07-16,62.34,1.8458638374286775
002948,青岛银行,2026-07-17,7.99272717562589,8.249636263413866,7.978454448526558,8.035545356923887,53408544.0,304147862.0,0.015163427266200836,5.6,5.78,5.59,5.63,2026-07-16,5.59,1.4272727099331948
002949,华阳国际,2026-07-17,12.504079867957735,12.783297185397565,11.969924999811965,12.05490418338061,3351110.0,33998665.0,0.022063273112187323,10.3,10.53,9.86,9.93,2026-07-16,10.27,1.2139883366949256
002950,奥美医疗,2026-07-17,15.68999958038331,15.83942814781553,14.776825001630844,14.959459917381336,13068900.0,119328142.0,0.030419584338302816,9.45,9.54,8.9,9.01,2026-07-16,9.46,1.6603174159135778
002951,金时科技,2026-07-17,15.165359056196916,15.165359056196916,14.045926958031643,14.258029881894537,7794100.0,96069757.0,0.019430629286660867,12.87,12.87,11.92,12.1,2026-07-16,12.77,1.1783495770160775
002952,亚世光电,2026-07-17,49.31031202813888,50.15110972570995,46.39224943068633,46.515896150917364,3319400.0,64509758.0,0.025214776050189274,19.94,20.28,18.76,18.81,2026-07-16,19.97,2.472934404620806
002953,日丰股份,2026-07-17,22.122287824532307,22.648412450030808,21.571109645438636,21.896805842175805,4873200.0,43015127.0,0.01732454528721175,8.83,9.04,8.61,8.74,2026-07-16,8.91,2.5053553595166824
002955,鸿合科技,2026-07-17,53.107043536786264,58.08883429231964,53.03010468341896,54.51117761073969,10035350.0,290558571.0,0.051293184109090596,27.61,30.2,27.57,28.34,2026-07-16,27.5,1.9234713341827696
002956,西麦食品,2026-07-17,78.09867551832488,80.486743739157,74.38390273036379,75.17992547064117,6416972.0,111549430.0,0.020533602992736575,17.66,18.2,16.82,17.0,2026-07-16,17.71,4.422348557096539
002957,科瑞技术,2026-07-17,42.382038840618605,43.26917845253287,38.453277702141115,38.453277702141115,16009592.0,609733358.0,0.03823837575940281,40.13,40.97,36.41,36.41,2026-07-16,40.45,1.0561185856122253
002958,青农商行,2026-07-17,3.5783561353814117,3.6629794223667824,3.5783561353814117,3.6146232583751425,111943578.0,336645316.0,0.020579525732548173,2.96,3.03,2.96,2.99,2026-07-16,2.97,1.2089040997910174
002959,小熊电器,2026-07-17,49.916636258765365,50.01916456094006,48.49588692863032,49.36005404695989,1407568.0,47321351.0,0.010068844679675629,34.08,34.15,33.11,33.7,2026-07-16,33.83,1.464690031067059
002960,青鸟智控,2026-07-17,32.979071137371086,33.50511767085062,32.61488507573141,32.655350193691376,12881185.0,105346629.0,0.013303972871869262,8.15,8.28,8.06,8.07,2026-07-16,8.18,4.0465117959964525
002961,瑞达期货,2026-07-17,21.0586995595909,21.4709598155194,20.59072845826666,20.646439303662405,7069998.0,133608495.0,0.014823937398113052,18.9,19.27,18.48,18.53,2026-07-16,18.9,1.1142169079148625
002962,五方光电,2026-07-17,20.37456826425762,20.437259243532257,18.77594829275433,18.854312016847626,16125408.0,200812448.0,0.07708719411888112,13.0,13.04,11.98,12.03,2026-07-16,13.0,1.5672744818659707
002963,豪尔赛,2026-07-17,17.0411497241045,17.051403123457145,15.380099028975177,15.380099028975177,6039000.0,93444973.0,0.04909993693353357,16.62,16.63,15.0,15.0,2026-07-16,16.67,1.0253399352650119
002965,祥鑫科技,2026-07-17,70.04096749104247,70.27619002113882,63.01196482698684,63.01196482698684,17088384.0,817932804.0,0.08974251126653363,50.62,50.79,45.54,45.54,2026-07-16,50.6,1.3836619417432332
002966,苏州银行,2026-07-17,11.351543896338518,11.653676243389352,11.308382132474113,11.567352715660542,61220248.0,490207023.0,0.013927998544936374,7.89,8.1,7.86,8.04,2026-07-16,7.89,1.4387254621468337
002967,广电计量,2026-07-17,29.48550138473511,29.69169370211088,28.213982094251193,28.213982094251193,7357700.0,123844214.0,0.01344543334784085,17.16,17.28,16.42,16.42,2026-07-16,17.29,1.7182693114647498
002968,新大正,2026-07-17,30.65805166479767,31.75932582656908,29.343627665264048,29.663352421907362,5491645.0,47264330.0,0.025780984044529665,8.63,8.94,8.26,8.35,2026-07-16,8.63,3.55249729603681
002969,嘉美包装,2026-07-17,12.707260434557222,12.794595557818784,11.52823627052614,11.86665987316469,35374560.0,392639310.0,0.03238571589630327,11.64,11.72,10.56,10.87,2026-07-16,11.61,1.0916890407695208
002970,锐明技术,2026-07-17,111.17447867648292,112.2580505934077,101.03224553406693,103.41610375130146,5627107.0,274201693.0,0.044523021604102556,51.3,51.8,46.62,47.72,2026-07-16,51.8,2.1671438338495697
002971,和远气体,2026-07-17,59.796557811120906,63.2769932333039,55.90114739629301,56.23580464842599,18438860.0,815647931.0,0.11452384704715107,44.67,47.27,41.76,42.01,2026-07-16,44.58,1.3386290085319208
002972,科安达,2026-07-17,25.30946097654455,26.57329268549003,24.62009822621065,25.35870117299697,11773680.0,182063006.0,0.08744153154135707,15.42,16.19,15.0,15.45,2026-07-16,15.4,1.6413398817473768
002973,侨银股份,2026-07-17,10.811637612857552,11.134839894437672,10.40502829086966,10.488435331277433,7633400.0,78555688.0,0.024030618711649947,10.37,10.68,9.98,10.06,2026-07-16,10.51,1.0425880050971603
002975,博杰股份,2026-07-17,274.28152095485376,277.2201561262801,242.49083137306005,242.49083137306005,12061857.0,1130464236.0,0.08781581588583645,102.67,103.77,90.77,90.77,2026-07-16,100.86,2.6714865194784627
002976,瑞玛精密,2026-07-17,29.173887700351518,29.616848458349263,26.45460082486536,26.45460082486536,10931164.0,242266069.0,0.08979884637281851,23.71,24.07,21.5,21.5,2026-07-16,23.89,1.2304465499937376
002978,安宁股份,2026-07-17,30.53927492889273,30.842452152318163,29.804653195208022,29.979563131799623,3433747.0,89081964.0,0.009298502789044172,26.19,26.45,25.56,25.71,2026-07-16,26.19,1.166066243943976
002979,雷赛智能,2026-07-17,91.90331359863283,92.49423168945314,85.52761840820314,87.08266601562502,17220345.0,989815651.0,0.0772959368898591,59.1,59.48,55.0,56.0,2026-07-16,58.51,1.5550476074218753
002980,华盛昌,2026-07-17,173.42038406208744,175.37809300728503,157.64451281203677,157.64451281203677,11493850.0,1141177126.0,0.11347798835949838,106.3,107.5,96.63,96.63,2026-07-16,107.37,1.6314241209980003
002981,朝阳科技,2026-07-17,31.396961733925306,31.86383105338888,29.689970784636618,30.492402427464633,4923380.0,103454029.0,0.04049336705606523,21.52,21.84,20.35,20.9,2026-07-16,21.76,1.4589666233236667
002982,湘佳股份,2026-07-17,24.706893100916783,25.194930495502792,23.812157877509097,24.27986038065402,4753582.0,57126205.0,0.03654036741964379,12.15,12.39,11.71,11.94,2026-07-16,12.29,2.033489144108377
002983,芯瑞达,2026-07-17,34.43015048201657,34.49668217376926,31.10356589438212,31.13683174025846,4093169.0,80022553.0,0.03193857889788409,20.7,20.74,18.7,18.72,2026-07-16,20.7,1.6632922938172257
002984,森麒麟,2026-07-17,21.13475154584068,21.67169653924242,20.91102446525662,21.000515297490246,13578731.0,193729664.0,0.019019956585091053,14.17,14.53,14.02,14.08,2026-07-16,14.19,1.4915138705603868
002985,北摩高科,2026-07-17,56.97769827125774,57.48111568570259,55.05555905246832,55.05555905246832,5320575.0,130838355.0,0.01607718615805603,24.9,25.12,24.06,24.06,2026-07-16,24.92,2.288260974749307
002986,宇新股份,2026-07-17,35.85744176123968,36.48130777365561,33.86701210257932,34.01555162934501,7206900.0,84623259.0,0.023876759464453716,12.07,12.28,11.4,11.45,2026-07-16,12.11,2.970790535313975
002987,京北方,2026-07-17,66.71244545249671,67.52601186045399,64.13615182729866,64.4073406299511,11911805.0,115391973.0,0.011768540274833938,9.84,9.96,9.46,9.5,2026-07-16,9.87,6.779720066310641
002988,豪美新材,2026-07-17,21.764331127046823,22.069389417372758,20.40734769766594,21.07006053527056,3683800.0,73949725.0,0.014746732180512876,20.69,20.98,19.4,20.03,2026-07-16,20.47,1.0519251390549456
002989,中天精装,2026-07-17,34.43719395236458,34.6608120949124,31.556466116013222,31.648544174709386,8764900.0,219807571.0,0.04430434104547519,26.18,26.35,23.99,24.06,2026-07-16,25.8,1.3154008385165996
002990,盛视科技,2026-07-17,114.98360374292966,114.98360374292966,103.23177249866231,103.23177249866231,9911585.0,509582897.0,0.07181341976441241,54.89,54.89,49.28,49.28,2026-07-16,54.75,2.0948005783007773
002991,甘源食品,2026-07-17,49.69487209648921,50.46155315267628,48.231208261950265,48.54485051220861,865300.0,36650535.0,0.017328976142888333,42.78,43.44,41.52,41.79,2026-07-16,42.75,1.161637963919804
002992,宝明科技,2026-07-17,46.12941887999545,46.12941887999545,42.65319046582961,43.089371217416954,2299672.0,77206545.0,0.014719304244445655,34.9,34.9,32.27,32.6,2026-07-16,34.98,1.3217598532949986
002993,奥海科技,2026-07-17,66.97901752186182,67.13849137310436,60.0201585585515,60.0201585585515,8171360.0,352215574.0,0.03426909248608369,46.2,46.31,41.4,41.4,2026-07-16,46.0,1.4497622840229831
002995,天地在线,2026-07-17,45.726545537322984,46.76514724688772,42.386177876831006,43.08793578869907,9237996.0,146067639.0,0.0821759956892009,16.29,16.66,15.1,15.35,2026-07-16,16.3,2.807031647472252
002996,顺博合金,2026-07-17,8.518661054808323,8.639971101474897,8.208646491104854,8.222125385178918,9961838.0,61925601.0,0.02173282544539256,6.32,6.41,6.09,6.1,2026-07-16,6.32,1.34788940740638
002997,瑞鹄模具,2026-07-17,29.343135029047875,29.353732044226295,27.17074691747156,27.223731993363668,5894494.0,156560299.0,0.028160026218064498,27.69,27.7,25.64,25.69,2026-07-16,27.69,1.0597015178421045
002998,优彩资源,2026-07-17,8.697788311163974,8.73257946440863,8.106338706004824,8.164323961412585,30722514.0,221703030.0,0.11357986830848656,7.5,7.53,6.99,7.04,2026-07-16,7.77,1.1597051081551966
002999,天禾股份,2026-07-17,8.655928655245406,8.839446577264743,8.365358612048121,8.487703893394347,6388240.0,35817702.0,0.018595121219960625,5.66,5.78,5.47,5.55,2026-07-16,5.66,1.5293160168278102
003000,劲仔食品,2026-07-17,11.84372237170184,12.011639040487784,11.507889034129954,11.530277923301416,6779700.0,71028953.0,0.022007704693004986,10.58,10.73,10.28,10.3,2026-07-16,10.58,1.1194444585729528
003001,中岩大地,2026-07-17,36.863077364588634,36.863077364588634,36.863077364588634,36.863077364588634,5815917.0,113759337.0,0.05085329034315286,19.56,19.56,19.56,19.56,2026-07-16,17.78,1.884615407187558
003002,壶化股份,2026-07-17,18.42010530845198,18.61629577919289,17.221163542813095,17.417354013554004,2633800.0,43125261.0,0.01440437107963463,16.9,17.08,15.8,15.98,2026-07-16,16.89,1.089947059671715
003003,天元股份,2026-07-17,10.97524411682335,11.185699421076913,10.438583090976762,10.501719682252832,4755600.0,48531626.0,0.04037137830912806,10.43,10.63,9.92,9.98,2026-07-16,10.4,1.0522765212678187
003004,声迅股份,2026-07-17,72.4348614267239,72.49701059997719,66.14743673259814,66.14743673259814,2225893.0,148952372.0,0.03238023508540647,69.93,69.99,63.86,63.86,2026-07-16,70.95,1.035819554221706
003005,竞业达,2026-07-17,26.41873431174171,26.744138275550693,25.09678070876772,25.279820438410272,4971020.0,63203491.0,0.03914860791150255,12.99,13.15,12.34,12.43,2026-07-16,12.9,2.0337747738061362
003006,百亚股份,2026-07-17,15.803329831467757,15.939663374226644,15.019411960604153,15.133023246236558,7365400.0,99677515.0,0.01718587172198321,13.91,14.03,13.22,13.32,2026-07-16,13.9,1.136112856324066
003007,直真科技,2026-07-17,47.72222041943287,48.13684733451203,43.68295176285531,43.963828060166996,2437560.0,83108890.0,0.033580915829808364,35.68,35.99,32.66,32.87,2026-07-16,36.27,1.3375061776746882
003008,开普检测,2026-07-17,27.5362902962482,27.969202215560358,26.48493277791868,26.655005317648452,1508440.0,26575407.0,0.019407846336339917,17.81,18.09,17.13,17.24,2026-07-16,17.68,1.546113997543414
003009,中天火箭,2026-07-17,55.016213450887285,60.66096968622933,54.532377202143685,57.65715297527946,9944199.0,563342780.0,0.060382305246689236,54.58,60.18,54.1,57.2,2026-07-16,55.45,1.007992184882508
003010,若羽臣,2026-07-17,73.68502600151189,76.02378590901687,72.41702364202125,74.38947175678447,20130655.0,531886641.0,0.08901769153355034,26.15,26.98,25.7,26.4,2026-07-16,26.23,2.817783021090321
003011,海象新材,2026-07-17,28.69049445603245,29.19328515843827,27.33924444331679,27.794898517372072,2943200.0,53123717.0,0.03830042264891173,18.26,18.58,17.4,17.69,2026-07-16,18.22,1.5712209450182064
003012,东鹏控股,2026-07-17,5.705792535611285,5.80189009410579,5.5976827823049655,5.633719366740405,9708698.0,45947854.0,0.008557030361902437,4.75,4.83,4.66,4.69,2026-07-16,4.76,1.201219481181323
003013,地铁设计,2026-07-17,19.360931202516706,19.811185416528723,17.44446454800402,17.44446454800402,10028602.0,160483034.0,0.024917242600234375,16.77,17.16,15.11,15.11,2026-07-16,16.79,1.154497984646196
003015,日久光电,2026-07-17,11.960827014548741,12.18029173041202,11.675522883926478,12.01569319351456,7857700.0,85436200.0,0.03177071487848491,10.9,11.1,10.64,10.95,2026-07-16,10.96,1.0973235793163982
003016,欣贺股份,2026-07-17,7.878831818306065,8.088623198083447,7.5874549019485915,7.657385361874386,5979400.0,40006502.0,0.01455256678739581,6.76,6.94,6.51,6.57,2026-07-16,6.74,1.1655076654298913
003017,大洋生物,2026-07-17,33.688279959513785,34.478575395546535,32.35562491051738,32.52608078887738,2257207.0,48574300.0,0.02714764677946945,21.74,22.25,20.88,20.99,2026-07-16,21.82,1.5495988941818668
003018,金富科技,2026-07-17,51.804338507561646,52.014655266459876,46.623904656805486,46.623904656805486,10718649.0,470067236.0,0.037673861919857214,46.8,46.99,42.12,42.12,2026-07-16,46.8,1.1069303099906336
003019,宸展光电,2026-07-17,37.653832390951905,38.94507536218281,34.87840209646708,35.04166270202501,5618900.0,139521973.0,0.03285039854603501,25.37,26.24,23.5,23.61,2026-07-16,25.72,1.4841873232539182
003020,立方制药,2026-07-17,50.39096573208721,51.11853582554515,47.83099688473519,47.83099688473519,21282490.0,382950737.0,0.12626941762167754,18.7,18.97,17.75,17.75,2026-07-16,19.72,2.694704049844236
003021,兆威机电,2026-07-17,193.3359067265556,196.10443999710296,182.6078403031847,184.43045803962835,3975772.0,325336831.0,0.019170897911043087,83.8,85.0,79.15,79.94,2026-07-16,82.99,2.3071110587894466
003022,联泓新科,2026-07-17,25.65046381231252,25.973619261916454,24.680997463500702,24.707927084301037,13602541.0,255922760.0,0.010193507637604491,19.05,19.29,18.33,18.35,2026-07-16,19.11,1.3464810400164051
003023,彩虹集团,2026-07-17,27.07903004819902,28.049195508303093,26.165933144571653,26.85075582229218,5446476.0,103427428.0,0.05181183153619576,18.98,19.66,18.34,18.82,2026-07-16,18.72,1.4267139119177565
003025,思进智能,2026-07-17,45.394876855691145,45.661681337630554,43.031751444227794,43.18421114819317,6472260.0,75250848.0,0.02858570974741671,11.91,11.98,11.29,11.33,2026-07-16,11.89,3.811492599134437
003026,中晶科技,2026-07-17,43.034936785377774,43.545657459282936,39.48677210351027,39.553972192182,14661794.0,455072217.0,0.10142297211682007,32.02,32.4,29.38,29.43,2026-07-16,32.02,1.3440017734346585
003027,同兴科技,2026-07-17,25.5275414508322,27.077600893766977,24.41343622622282,24.67177946671195,3179000.0,50141165.0,0.030316332765495738,15.81,16.77,15.12,15.28,2026-07-16,15.78,1.614645253057065
003028,振邦智能,2026-07-17,30.481038247848293,30.74309242282979,29.350067597928128,29.57074479791255,1280810.0,27896836.0,0.018157679873785262,22.1,22.29,21.28,21.44,2026-07-16,22.09,1.3792324999026375
003029,吉大正元,2026-07-17,16.17904056230324,16.443105254468893,15.447784491690665,15.569660503459428,3089600.0,48183744.0,0.01754467527878762,15.93,16.19,15.21,15.33,2026-07-16,15.93,1.0156334314063553
003030,祖名股份,2026-07-17,24.544722533525842,24.95016267702754,22.559105420479064,22.839794750595626,6069300.0,138150927.0,0.07496764563017605,23.61,24.0,21.7,21.97,2026-07-16,24.08,1.039590111542814
003031,中瓷电子,2026-07-17,332.4209699791591,333.7932216665204,300.4391041226975,300.4391041226975,9657461.0,1077241384.0,0.02839121238407137,118.7,119.19,107.28,107.28,2026-07-16,119.2,2.800513647676151
003033,征和工业,2026-07-17,74.44731802065958,75.53414018154513,67.350369310077,67.350369310077,2158100.0,138818581.0,0.026727801057078896,68.5,69.5,61.97,61.97,2026-07-16,68.85,1.0868221608855413
003035,南网能源,2026-07-17,5.291229064238138,5.40230448352558,5.180153644950696,5.190251410340464,42096000.0,220726730.0,0.011113344002578296,5.24,5.35,5.13,5.14,2026-07-16,5.26,1.009776538976744
003036,泰坦股份,2026-07-17,71.66594890227309,71.87110982274064,64.388135197266,64.388135197266,7046501.0,436370521.0,0.03253218782867911,66.37,66.56,59.63,59.63,2026-07-16,66.26,1.07979431825031
003037,三和管桩,2026-07-17,5.866223626036744,5.980839007717746,5.741188664202923,5.793286564967015,3962874.0,22251450.0,0.006614991662191404,5.63,5.74,5.51,5.56,2026-07-16,5.66,1.0419580152818373
003038,鑫铂股份,2026-07-17,18.04727311567825,18.395676071579377,17.263366464900724,17.385307499466116,5907097.0,60199773.0,0.03602502817096306,10.36,10.56,9.91,9.98,2026-07-16,10.36,1.742014779505623
003039,顺控发展,2026-07-17,11.894450371282137,12.281176789329093,11.769025587050688,11.810833848461172,4658868.0,53498004.0,0.007544496666522163,11.38,11.75,11.26,11.3,2026-07-16,11.44,1.0452065352620505
003040,楚天龙,2026-07-17,10.568570683145115,10.733543493808845,10.125206254486345,10.259246663150623,10281401.0,103805331.0,0.022504969232172347,10.25,10.41,9.82,9.95,2026-07-16,10.31,1.031080066648304
003041,真爱美家,2026-07-17,63.01838507014471,64.17019831754597,57.74844500669246,58.64780603548521,2427332.0,92730051.0,0.01774062039095652,39.94,40.67,36.6,37.17,2026-07-16,40.19,1.5778263663030725
003042,中农联合,2026-07-17,16.744007067443015,17.06018029294941,15.940400119280918,16.04579119444972,3688700.0,46152962.0,0.02991622249277064,12.71,12.95,12.1,12.18,2026-07-16,12.7,1.3173884396099933
003043,华亚智能,2026-07-17,107.60659816368734,109.45644506708761,96.80865461128109,96.80865461128109,6685739.0,472668546.0,0.07111187555757088,75.04,76.33,67.51,67.51,2026-07-16,75.01,1.4339898475971127
003816,中国广核,2026-07-17,4.524793814164696,4.665097498324842,4.513101840484684,4.606637629924781,169240555.0,668610561.0,0.004302523897608213,3.87,3.99,3.86,3.94,2026-07-16,3.88,1.1691973680012135
600000,浦发银行,2026-07-17,146.97696830130914,148.96987634607265,146.47874129011825,147.30911964210304,79624033.0,707799247.0,0.0023906929554750166,8.85,8.97,8.82,8.87,2026-07-16,8.85,16.607567039695947
600004,白云机场,2026-07-17,20.843053676811934,21.24594775561629,20.789334466304688,21.219088150362666,23800083.0,186955720.0,0.010056153776710399,7.76,7.91,7.74,7.9,2026-07-16,7.74,2.6859605253623626
600006,东风股份,2026-07-17,20.28614680493464,20.627409087634476,19.79321239659043,19.869048459412618,17445400.0,92755912.0,0.0087227,5.35,5.44,5.22,5.24,2026-07-16,5.35,3.7918031411092783
600007,中国国贸,2026-07-17,44.05827900319022,44.4143055001857,42.8789412318927,42.8789412318927,2501200.0,49018423.0,0.0024831166187976412,19.8,19.96,19.27,19.27,2026-07-16,19.8,2.2251656062217284
600008,首创环保,2026-07-17,29.39763157771183,29.909785437950713,29.090339261568502,29.090339261568502,118737720.0,343005801.0,0.016175499387540634,2.87,2.92,2.84,2.84,2026-07-16,2.87,10.243077204777641
600009,上海机场,2026-07-17,74.58291506035683,75.74532780561091,73.73466792192816,74.11166665011868,16247979.0,385873534.0,0.007940253949128744,23.74,24.11,23.47,23.59,2026-07-16,23.78,3.141656068254289
600010,包钢股份,2026-07-17,18.123402354133574,18.292779946228283,17.869335965991514,17.95402476203887,407963147.0,870981954.0,0.013026386962064812,2.14,2.16,2.11,2.12,2026-07-16,2.16,8.468879604735315
600011,华能国际,2026-07-17,35.76095211283923,37.191390197352796,35.654993736208596,36.66159831419962,214182856.0,1480604606.0,0.019475223258068552,6.75,7.02,6.73,6.92,2026-07-16,6.75,5.297918831531738
600012,皖通高速,2026-07-17,50.810889934184445,53.06181535950272,50.66082823916322,51.771284782320244,7028196.0,122046914.0,0.00602968085106383,16.93,17.68,16.88,17.25,2026-07-16,16.92,3.0012339004243618
600015,华夏银行,2026-07-17,42.93109381459927,43.55328358002824,42.744436884970575,42.993312791142166,76126423.0,528289243.0,0.0049473786229475465,6.9,7.0,6.87,6.91,2026-07-16,6.92,6.221897654289749
600016,民生银行,2026-07-17,131.56779661016952,133.0932203389831,130.80508474576274,131.9491525423729,332145947.0,1149065943.0,0.009366217160912666,3.45,3.49,3.43,3.46,2026-07-16,3.45,38.13559322033899
600017,日照港,2026-07-17,9.888100654848156,10.070537936302918,9.81512574226625,9.851613198557203,44678873.0,122127801.0,0.014526625760564122,2.71,2.76,2.69,2.7,2026-07-16,2.72,3.6487456290952602
600018,上港集团,2026-07-17,8.779822135112695,8.881715622173965,8.728875391582061,8.779822135112695,57225400.0,296679687.0,0.0024616549802178853,5.17,5.23,5.14,5.17,2026-07-16,5.17,1.6982247843544866
600019,宝钢股份,2026-07-17,19.39276209744539,19.87159572948108,19.35855969515713,19.700583718039763,151086909.0,869669205.0,0.007055488626320142,5.67,5.81,5.66,5.76,2026-07-16,5.68,3.420240228826348
600020,中原高速,2026-07-17,18.257128237476874,18.629722691302934,17.83795947692256,17.97768239710733,34500528.0,134813793.0,0.01535149969789245,3.92,4.0,3.83,3.86,2026-07-16,3.76,4.6574306728257335
600021,上海电力,2026-07-17,32.62496563480776,36.12134138712604,32.50684483236457,35.22362328855783,115840103.0,1706739287.0,0.04105074461276654,13.81,15.29,13.76,14.91,2026-07-16,13.91,2.3624160488637043
600022,山东钢铁,2026-07-17,7.989999771118163,8.17022532986519,7.929924584869155,7.929924584869155,134621695.0,180624504.0,0.01258281970603734,1.33,1.36,1.32,1.32,2026-07-16,1.33,6.007518624900874
600023,浙能电力,2026-07-17,10.115731817168237,10.496323707319123,10.055638360828624,10.35610564252669,71813370.0,371444768.0,0.00535571640842463,5.05,5.24,5.02,5.17,2026-07-16,5.05,2.003115211320443
600025,华能水电,2026-07-17,12.109220028394303,12.395755070218446,12.04692980191079,12.258716571954725,60601983.0,598456105.0,0.0032527334231713667,9.72,9.95,9.67,9.84,2026-07-16,9.69,1.2458045296701956
600026,中远海能,2026-07-17,27.50494909127022,27.788895571909624,26.61525011860009,26.899196599239495,57180195.0,820403380.0,0.014937386404476552,14.53,14.68,14.06,14.21,2026-07-16,14.94,1.8929765375960235
600027,华电国际,2026-07-17,10.598926748913813,10.852379345083493,10.552844458701147,10.714132474445487,125736116.0,586618094.0,0.013643719450942534,4.6,4.71,4.58,4.65,2026-07-16,4.58,2.304114510633438
600028,中国石化,2026-07-17,22.72195387082826,23.086233692404665,22.630883915434154,22.90409378161646,341598170.0,1720471710.0,0.003605163544784067,4.99,5.07,4.97,5.03,2026-07-16,4.99,4.553497769705062
600029,南方航空,2026-07-17,8.500000146719128,8.585000148186317,8.449000145838811,8.483000146425688,81064639.0,405939587.0,0.006015048315364146,5.0,5.05,4.97,4.99,2026-07-16,5.03,1.7000000293438253
600030,中信证券,2026-07-17,185.83906650543219,187.63108607530597,183.18422269821173,183.18422269821173,170077850.0,4751646929.0,0.01396765392459318,28.0,28.27,27.6,27.6,2026-07-16,28.1,6.637109518051149
600031,三一重工,2026-07-17,1005.2194483019989,1018.0931232002104,982.1541141093703,1000.3918202151697,80798352.0,1502848076.0,0.00953441506081578,18.74,18.98,18.31,18.65,2026-07-16,18.95,53.640312075880416
600032,浙江新能,2026-07-17,6.876902709587144,7.321574614116838,6.835537881258801,7.311233407034753,70727318.0,486683451.0,0.02941241892163235,6.65,7.08,6.61,7.07,2026-07-16,6.64,1.034120708208593
600033,福建高速,2026-07-17,31.907758643313283,32.44103594654415,31.552240441159377,31.552240441159377,34992695.0,126231195.0,0.012750581183500947,3.59,3.65,3.55,3.55,2026-07-16,3.57,8.887955053847712
600035,楚天高速,2026-07-17,13.179404145077717,13.400906735751292,13.105569948186526,13.142487046632123,19509220.0,70210179.0,0.012116655694092173,3.57,3.63,3.55,3.56,2026-07-16,3.57,3.691709844559585
600036,招商银行,2026-07-17,247.7840617390422,250.67137601778106,247.2590955065442,249.49020199466062,115858449.0,4404072223.0,0.0056163052549178015,37.76,38.2,37.68,38.02,2026-07-16,37.67,6.562077906224634
600037,歌华有线,2026-07-17,38.556256947618856,39.40178889822453,37.37251221677091,37.42888101347795,24506782.0,166465835.0,0.017608256519759443,6.84,6.99,6.63,6.64,2026-07-16,6.86,5.636879670704511
600038,中直股份,2026-07-17,79.45976337900544,81.53920207171534,79.08168361669456,79.52277667272392,7419412.0,188679193.0,0.011091375916652473,25.22,25.88,25.1,25.24,2026-07-16,25.36,3.150664685924086
600039,四川路桥,2026-07-17,120.30069549635253,123.33348613911771,119.86743969024323,122.32255592486267,21229371.0,179672817.0,0.0024413949398833503,8.33,8.54,8.3,8.47,2026-07-16,8.25,14.441860203643762
600048,保利发展,2026-07-17,130.91400604248045,133.02978795831854,127.74033316872335,128.53375138716262,145611053.0,715952273.0,0.012164215469332083,4.95,5.03,4.83,4.86,2026-07-16,4.97,26.447273947975848
600050,中国联通,2026-07-17,7.8668646910643405,7.959198783682466,7.8299310540170906,7.8668646910643405,210375991.0,899983920.0,0.006788422507368643,4.26,4.31,4.24,4.26,2026-07-16,4.28,1.8466818523625212
600051,宁波联合,2026-07-17,31.051769066145486,31.666655582306785,30.180679834916983,30.436882549984194,5854100.0,35205788.0,0.01883073854863613,6.06,6.18,5.89,5.94,2026-07-16,6.05,5.12405430134414
600052,东望时代,2026-07-17,14.62664172597175,14.987298645242287,14.065619851550915,14.306057797731274,13988548.0,50793720.0,0.016570285646922787,3.65,3.74,3.51,3.57,2026-07-16,3.68,4.007299103005959
600054,黄山旅游,2026-07-17,51.58936617205667,51.72904857143949,50.28566377781698,50.751271775759726,5843200.0,64111579.0,0.011383596337424508,11.08,11.11,10.8,10.9,2026-07-16,11.05,4.656079979427497
600055,万东医疗,2026-07-17,166.9570779423766,168.76854714247472,158.9564223086099,159.2583338419596,8482800.0,91429034.0,0.012065523902192858,11.06,11.18,10.53,10.55,2026-07-16,11.03,15.095576667484321
600056,中国医药,2026-07-17,139.39960027653288,140.97554642559953,135.38810098799954,135.5313688197329,31355765.0,300983362.0,0.020968826032751613,9.73,9.84,9.45,9.46,2026-07-16,9.78,14.326783173333286
600057,厦门象屿,2026-07-17,80.95147213904687,81.99264862958124,80.0404427098293,80.0404427098293,25050802.0,155818656.0,0.011971651287998236,6.22,6.3,6.15,6.15,2026-07-16,6.18,13.014706131679562
600058,五矿发展,2026-07-17,40.74781039047241,41.12997039413452,38.83701037216186,38.83701037216186,14057057.0,118351329.0,0.013114018598513659,8.53,8.61,8.13,8.13,2026-07-16,8.62,4.777000045776367
600059,古越龙山,2026-07-17,69.39877001054448,70.26625463567629,67.5770522977677,67.83729768530723,12080990.0,95549098.0,0.013253349298624463,8.0,8.1,7.79,7.82,2026-07-16,7.98,8.67484625131806
600060,海信视像,2026-07-17,176.18458834782848,177.19250933380007,170.67462029118397,173.02643592511762,10482080.0,271742740.0,0.008062092119811888,26.22,26.37,25.4,25.75,2026-07-16,26.2,6.719473239810393
600061,国投资本,2026-07-17,67.67817347581597,68.39924990554307,66.33903153489419,67.26612980168619,53257900.0,349674712.0,0.008329359553969138,6.57,6.64,6.44,6.53,2026-07-16,6.58,10.301091853244438
600062,华润双鹤,2026-07-17,154.71150749751496,156.2291622161865,150.8727337973458,151.14055521828786,13963846.0,239411876.0,0.013449725041784473,17.33,17.5,16.9,16.93,2026-07-16,17.5,8.9273806980678
600063,皖维高新,2026-07-17,83.70336770676963,84.4643074131948,80.50742093978388,80.81179682235395,62731775.0,338594784.0,0.030318292725015808,5.5,5.55,5.29,5.31,2026-07-16,5.53,15.21879412850357
600064,南京高科,2026-07-17,225.93819281828894,230.86999511718747,224.7052422435643,225.01347988724547,25254217.0,186453074.0,0.014594947926882268,7.33,7.49,7.29,7.3,2026-07-16,7.64,30.823764368115818
600066,宇通客车,2026-07-17,1927.744167991357,1969.9855740628807,1863.1020162758432,1904.7034010432533,21180814.0,630357798.0,0.009567025950829365,30.12,30.78,29.11,29.76,2026-07-16,30.08,64.00213041139963
600067,冠城新材,2026-07-17,67.89927698354253,68.37744090596185,63.834883642978376,64.31304756539768,24067136.0,66377559.0,0.017293724667045207,2.84,2.86,2.67,2.69,2026-07-16,2.84,23.908196120965684
600071,凤凰光学,2026-07-17,88.22399717775342,89.02864601194791,84.43065267369366,84.48812759042184,2906400.0,43778726.0,0.010321979819655791,15.35,15.49,14.69,14.7,2026-07-16,15.3,5.747491672817812
600072,中船科技,2026-07-17,35.08565082550049,35.64256591796875,34.228858375549315,34.314537620544435,22225277.0,181198036.0,0.020515564886163306,8.19,8.32,7.99,8.01,2026-07-16,8.19,4.283962249755859
600073,光明肉业,2026-07-17,17.83150717320333,18.23753769707134,17.662327788258327,17.69616366524733,12981738.0,68951888.0,0.013843798651558218,5.27,5.39,5.22,5.23,2026-07-16,5.3,3.383587698900063
600075,新疆天业,2026-07-17,48.51396819823729,50.21026079258126,47.835451160499716,48.28779585232476,29778526.0,129256481.0,0.01743680309730989,4.29,4.44,4.23,4.27,2026-07-16,4.3,11.308617295626409
600076,康欣新材,2026-07-17,9.79508181087306,9.893032628981791,9.174726629517767,9.305327720329407,26313700.0,76361561.0,0.01957073356340465,3.0,3.03,2.81,2.85,2026-07-16,3.0,3.26502727029102
600078,澄星股份,2026-07-17,67.0293559503118,67.16476879061545,63.57632852256846,64.65963124499774,20253800.0,195819598.0,0.03056841170559203,9.9,9.92,9.39,9.55,2026-07-16,9.97,6.770642015183009
600081,东风科技,2026-07-17,97.82238529201766,99.46473383836843,94.94827533590383,95.46150925663845,3243040.0,30727058.0,0.005864170948727435,9.53,9.69,9.25,9.3,2026-07-16,9.59,10.264678414692305
600085,同仁堂,2026-07-17,319.95979445159224,324.4525885292806,311.45991376407363,316.19556157569116,29988679.0,781771355.0,0.021866080388989143,26.35,26.72,25.65,26.04,2026-07-16,26.93,12.142686696455113
600088,中视传媒,2026-07-17,41.640947292661735,42.655696225816236,40.15506492625692,40.33627009289165,7430089.0,84636969.0,0.01868234707814609,11.49,11.77,11.08,11.13,2026-07-16,11.57,3.6241033326946677
600089,特变电工,2026-07-17,1094.0410532280553,1130.1211305153636,1082.4023186192462,1085.8939390018888,128472855.0,2433076797.0,0.025426109066371962,18.8,19.42,18.6,18.66,2026-07-16,18.88,58.19367304404549
600094,大名城,2026-07-17,14.041316651134954,14.30134103356338,13.44697520558427,13.44697520558427,23454033.0,86860227.0,0.011030807368695,3.78,3.85,3.62,3.62,2026-07-16,3.77,3.714634034691787
600095,湘财股份,2026-07-17,27.462046494670943,30.17006119326049,27.392610220348132,30.17006119326049,115301634.0,979880112.0,0.04032670966860675,7.91,8.69,7.89,8.69,2026-07-16,7.9,3.471813716140448
600096,云天化,2026-07-17,83.45841664179609,84.94010592275552,82.4000671553965,83.00483829048198,28292893.0,782769989.0,0.015520042158678426,27.6,28.09,27.25,27.45,2026-07-16,27.62,3.0238556754273946
600097,开创国际,2026-07-17,13.467609036249746,13.856565253903169,12.99762027325186,13.078652818596323,4455800.0,36880754.0,0.0184936649651413,8.31,8.55,8.02,8.07,2026-07-16,8.32,1.6206509068892594
600098,广州发展,2026-07-17,39.75595416502092,40.46358441714912,39.49863407333793,39.56296409625868,33966898.0,211571857.0,0.009688592739333448,6.18,6.29,6.14,6.15,2026-07-16,6.2,6.433002292074582
600099,林海股份,2026-07-17,23.244132357816966,23.74400617196357,22.18884319461859,22.4110093342393,4229890.0,34856799.0,0.01930398868200073,8.37,8.55,7.99,8.07,2026-07-16,8.37,2.777076745258897
600100,同方股份,2026-07-17,141.66465162194288,143.37145465353257,136.7575929061226,136.9709432850713,35366688.0,231718436.0,0.010556282166438025,6.64,6.72,6.41,6.42,2026-07-16,6.67,21.33503789487092
600101,明星电力,2026-07-17,81.27202071291109,87.32956262940135,81.17106168096957,85.61325908639577,42289366.0,355126557.0,0.07718974786283546,8.05,8.65,8.04,8.48,2026-07-16,8.09,10.095903194150445
600103,青山纸业,2026-07-17,15.27832970396599,15.444398505096057,14.447985698315666,14.558698232402376,79127480.0,213146423.0,0.035766596342121794,2.76,2.79,2.61,2.63,2026-07-16,2.78,5.535626704335504
600104,上汽集团,2026-07-17,116.34952442851291,118.01007901122243,114.13545165156691,115.02108076234532,60204863.0,629954180.0,0.005237356208151615,10.51,10.66,10.31,10.39,2026-07-16,10.52,11.070363884730059
600105,永鼎股份,2026-07-17,518.0068405574567,527.7113324299062,474.3366271314339,474.3366271314339,98079266.0,4067113414.0,0.06708591977606772,43.77,44.59,40.08,40.08,2026-07-16,44.53,11.83474618591402
600106,重庆路桥,2026-07-17,37.850872372135974,38.69954664056951,36.153523835268885,36.662728396329015,16170049.0,71089565.0,0.012166850319335815,4.46,4.56,4.26,4.32,2026-07-16,4.48,8.48674268433542
600108,亚盛集团,2026-07-17,32.23744290374047,32.676047569097484,30.702326574990924,30.92162890766943,77271692.0,222707106.0,0.03968929675799667,2.94,2.98,2.8,2.82,2026-07-16,2.96,10.96511663392533
600109,国金证券,2026-07-17,78.36245613694908,79.3647666224217,76.5400734360898,77.0867882463476,34408955.0,293995918.0,0.009286252726995247,8.6,8.71,8.4,8.46,2026-07-16,8.59,9.111913504296405
600110,诺德股份,2026-07-17,157.19435215946842,157.76910299003322,141.53239202657807,142.96926910299,110603201.0,1134196443.0,0.06374159544994354,10.94,10.98,9.85,9.95,2026-07-16,10.94,14.368770764119601
600111,北方稀土,2026-07-17,781.9776864436582,783.7962392028294,751.0622895377461,756.7200092329457,66534242.0,2523762543.0,0.018404710981194904,38.7,38.79,37.17,37.45,2026-07-16,38.87,20.206141768569978
600113,浙江东日,2026-07-17,154.36124669947972,154.36124669947972,139.1790056589717,144.00279461833043,9303314.0,266896912.0,0.022612079260112432,30.4,30.4,27.41,28.36,2026-07-16,29.46,5.077672588798675
600114,东睦股份,2026-07-17,204.03238013859374,205.28283394945333,187.77648059741875,189.3048130329138,21984616.0,619123119.0,0.035667107929306156,29.37,29.55,27.03,27.25,2026-07-16,29.48,6.946965615886746
600115,中国东航,2026-07-17,4.908329126543536,4.977655809121834,4.811271770933918,4.866733116996556,193669698.0,683922548.0,0.011375629801129834,3.54,3.59,3.47,3.51,2026-07-16,3.57,1.3865336515659705
600116,三峡水利,2026-07-17,41.37129975453593,42.78168497344056,41.10265495093505,42.2443953662388,45653472.0,287360097.0,0.023875554439209426,6.16,6.37,6.12,6.29,2026-07-16,6.15,6.716120090022066
600117,西宁特钢,2026-07-17,6.197033898305085,6.307203389830509,6.059322033898306,6.114406779661018,17882734.0,40081044.0,0.005493733642468518,2.25,2.29,2.2,2.22,2026-07-16,2.25,2.7542372881355934
600118,中国卫星,2026-07-17,1151.8322996311138,1166.2302033765027,1054.265328368243,1056.1285864999993,67465346.0,4368809040.0,0.057053670941340194,68.0,68.85,62.24,62.35,2026-07-16,69.16,16.93871028869285
600120,浙江东方,2026-07-17,411.0420426078465,421.9472396566261,408.52545867351273,408.52545867351273,81189494.0,401775722.0,0.02377172043303911,4.9,5.03,4.87,4.87,2026-07-16,4.9,83.88613114445846
600121,郑州煤电,2026-07-17,17.47629178722629,17.822847148446076,16.78318106478672,16.931704791023773,47730011.0,166160114.0,0.03917394896914175,3.53,3.6,3.39,3.42,2026-07-16,3.52,4.950790874568354
600123,兰花科创,2026-07-17,81.87581907813228,83.7039872872134,80.30881775606277,80.43940119956856,30858394.0,193981796.0,0.020945937905660517,6.27,6.41,6.15,6.16,2026-07-16,6.25,13.058344350579311
600125,铁龙物流,2026-07-17,99.05173174315543,101.04727945226662,98.32607803075135,98.6889048869534,14768366.0,81322968.0,0.011312231755069008,5.46,5.57,5.42,5.44,2026-07-16,5.45,18.141342810101726
600126,杭钢股份,2026-07-17,34.84837756917635,36.03774199133253,33.3022038203733,33.659013147020154,63025606.0,367018810.0,0.018662149039050415,5.86,6.06,5.6,5.66,2026-07-16,5.92,5.946822110780946
600127,金健米业,2026-07-17,32.732364847453916,33.018988007238974,31.643196840270683,31.87249536809873,15482100.0,87081557.0,0.02412356628496322,5.71,5.76,5.52,5.56,2026-07-16,5.71,5.732463195701211
600128,苏豪弘业,2026-07-17,25.557521381209384,26.100618710560084,24.407432919054962,24.599114329414032,6107600.0,48008787.0,0.02475042296898903,8.0,8.17,7.64,7.7,2026-07-16,7.97,3.194690172651173
600129,太极集团,2026-07-17,48.418984329116896,49.67622204760568,45.383215203985436,45.873844557542036,56607626.0,866710843.0,0.10265825019898464,15.79,16.2,14.8,14.96,2026-07-16,16.26,3.0664334597287457
600130,波导股份,2026-07-17,23.787072337212408,23.787072337212408,21.674007535683387,21.73438081572707,37888769.0,141573571.0,0.050518358666666666,3.94,3.94,3.59,3.6,2026-07-16,3.95,6.037328004368631
600131,国网信通,2026-07-17,78.23725936701929,79.829456224313,77.02938588907232,77.41370926841908,7278754.0,103918034.0,0.006086397408763059,14.25,14.54,14.03,14.1,2026-07-16,14.32,5.49033399066802
600132,重庆啤酒,2026-07-17,279.7389495202803,284.0918668125867,276.09018061349406,276.47426155105046,4151301.0,181102062.0,0.008577578618635071,43.7,44.38,43.13,43.19,2026-07-16,43.7,6.401348959274149
600133,东湖高新,2026-07-17,35.64383843887684,36.1530361308608,34.34769885928132,34.34769885928132,18865751.0,143254741.0,0.017693721124432717,7.7,7.81,7.42,7.42,2026-07-16,7.72,4.629069927126863
600135,乐凯胶片,2026-07-17,20.517505764700392,20.866739905376143,19.557111877842075,19.789934638292575,10589501.0,73501056.0,0.01913855979642871,7.05,7.17,6.72,6.8,2026-07-16,7.07,2.910284505631261
600137,浪莎股份,2026-07-17,27.161019373829774,27.643167646737997,25.61814490052347,26.518155009952146,2142300.0,35349728.0,0.02203613609504486,16.9,17.2,15.94,16.5,2026-07-16,16.88,1.6071609096940696
600138,中青旅,2026-07-17,38.917030148866395,39.51491748355568,38.04737584386379,38.26478942011445,9927722.0,70608253.0,0.013715354221927498,7.16,7.27,7.0,7.04,2026-07-16,7.16,5.435339406266256
600141,兴发集团,2026-07-17,114.96742577854593,118.89991317942174,111.80601433862616,111.88312193472176,42494607.0,1268707802.0,0.035360903403905325,29.82,30.84,29.0,29.02,2026-07-16,30.08,3.8553798047802124
600143,金发科技,2026-07-17,304.8599627274199,309.6132718557,295.7854634825215,297.5139395291688,37279930.0,523377423.0,0.014148915185985858,14.11,14.33,13.69,13.77,2026-07-16,14.18,21.605950583091417
600148,长春一东,2026-07-17,42.63863159298682,43.52753379835508,40.803478652871725,41.1762440938326,1971100.0,28924535.0,0.013928416095796637,14.87,15.18,14.23,14.36,2026-07-16,14.81,2.867426468929847
600149,廊坊发展,2026-07-17,13.465967064524646,13.812730164898671,12.859131638870101,13.090307039119452,13517944.0,62521422.0,0.035558564814814814,4.66,4.78,4.45,4.53,2026-07-16,4.68,2.8896925031168768
600150,中国船舶,2026-07-17,109.7225070137509,110.36023342343623,107.80932778469499,108.54774783801483,93955831.0,3049858690.0,0.015475016063247424,32.69,32.88,32.12,32.34,2026-07-16,33.0,3.356454787817403
600151,航天机电,2026-07-17,43.50712272978398,43.50712272978398,40.45399131015002,40.88333791603605,43517569.0,381287505.0,0.030341641700307082,9.12,9.12,8.48,8.57,2026-07-16,9.12,4.770517843178069
600152,维科技术,2026-07-17,23.800678200748717,23.800678200748717,21.776393714602563,22.021761531105124,21131700.0,155992585.0,0.0399405098715103,7.76,7.76,7.1,7.18,2026-07-16,7.68,3.067097706282051
600153,建发股份,2026-07-17,196.70675947859485,201.29199862728,196.01897360629206,197.16528339346334,25652163.0,222425194.0,0.00884698118297238,8.58,8.78,8.55,8.6,2026-07-16,8.59,22.92619574342597
600155,华创云信,2026-07-17,16.481612205505364,16.77229319678412,16.307203610738114,16.307203610738114,46468968.0,264804671.0,0.020993031976047325,5.67,5.77,5.61,5.61,2026-07-16,5.66,2.9068099127875424
600156,华升股份,2026-07-17,14.47587765993611,14.647077264324315,13.315524785749377,13.65792399452579,12948548.0,94812298.0,0.03220145083330809,7.61,7.7,7.0,7.18,2026-07-16,7.62,1.9022178265356253
600157,永泰能源,2026-07-17,79.16729550748259,80.6995657431113,77.63502527185389,78.14578201706347,553730167.0,860247043.0,0.025379785175049612,1.55,1.58,1.52,1.53,2026-07-16,1.55,51.07567452095651
600158,中体产业,2026-07-17,43.36761011285819,44.09040361473916,41.396355107728276,41.79060610875426,45265494.0,292239153.0,0.04717548468779738,6.6,6.71,6.3,6.36,2026-07-16,6.61,6.570850017099726
600159,大龙地产,2026-07-17,12.212408922014443,12.525547612322507,11.533941759680308,11.63832132311633,22906900.0,52328764.0,0.02759856723063941,2.34,2.4,2.21,2.23,2026-07-16,2.35,5.218978171801044
600160,巨化股份,2026-07-17,451.7366589327146,466.23936581593193,439.7266047950503,443.35228151585466,52582183.0,2097791912.0,0.019476714262151383,39.87,41.15,38.81,39.13,2026-07-16,39.98,11.330239752513535
600161,天坛生物,2026-07-17,249.85786970244592,251.99009357112467,242.68584396234468,242.68584396234468,21065165.0,267433863.0,0.010653114791665703,12.89,13.0,12.52,12.52,2026-07-16,12.95,19.383853351624975
600162,香江控股,2026-07-17,28.748954431334546,30.335103641339213,27.460208198205756,30.335103641339213,379292963.0,1115651149.0,0.11604716039963017,2.9,3.06,2.77,3.06,2026-07-16,2.78,9.913432562529154
600163,中闽能源,2026-07-17,11.879009071045763,12.37089350462944,11.829820627687395,12.05116862280005,36054372.0,178367121.0,0.018946108815103366,4.83,5.03,4.81,4.9,2026-07-16,4.86,2.4594221679183774
600166,福田汽车,2026-07-17,80.14427214687312,81.19190969127669,75.95372196925884,76.47754074146061,178242900.0,529777476.0,0.022512806191148624,3.06,3.1,2.9,2.92,2026-07-16,3.06,26.190938610089255
600167,联美控股,2026-07-17,25.981892280914217,26.514854173856044,25.804238316600273,25.84865180767876,11632977.0,68528098.0,0.0051408736896004495,5.85,5.97,5.81,5.82,2026-07-16,5.85,4.441349107848584
600168,武汉控股,2026-07-17,14.287685426683689,14.58673000538172,14.12154954962923,14.254458251272798,6722639.0,29043380.0,0.0067673197617821035,4.3,4.39,4.25,4.29,2026-07-16,4.31,3.3227175410892302
600170,上海建工,2026-07-17,43.23853825203515,43.79525762867079,41.93952637321864,42.31067262430907,157026229.0,362649009.0,0.017671313729763685,2.33,2.36,2.26,2.28,2026-07-16,2.33,18.557312554521523
600171,上海贝岭,2026-07-17,72.01287516582036,72.24239827391858,66.70515329104873,66.7625340680733,21171137.0,511475049.0,0.029863790498081567,25.1,25.18,23.25,23.27,2026-07-16,25.2,2.8690388512279026
600172,黄河旋风,2026-07-17,120.19416797922011,122.15537817934725,110.01455313094118,111.04185371196017,140292786.0,1744750514.0,0.10992529201141699,12.87,13.08,11.78,11.89,2026-07-16,12.88,9.339096191081595
600173,卧龙新能,2026-07-17,14.295965595541292,14.695852745066924,13.87108549917031,14.021043180242422,7068553.0,40405623.0,0.010091931848456673,5.72,5.88,5.55,5.61,2026-07-16,5.74,2.499294684535191
600176,中国巨石,2026-07-17,932.8749890519897,942.2584759494113,840.0175666295892,856.2431793897139,182849435.0,8225524374.0,0.04603938770846443,47.72,48.2,42.97,43.8,2026-07-16,47.71,19.54893103629484
600177,雅戈尔,2026-07-17,429.5915091495387,437.89546873361485,429.0379118439336,436.2346768167996,39072529.0,306498225.0,0.008676148062149334,7.76,7.91,7.75,7.88,2026-07-16,7.75,55.359730560507565
600178,东安动力,2026-07-17,18.6916456916698,18.820850615805767,17.981018608921985,18.23942845719392,4594300.0,39071997.0,0.009848949172774554,8.68,8.74,8.35,8.47,2026-07-16,8.67,2.153415402266106
600179,安通控股,2026-07-17,9.798449141255924,9.979482843634788,9.640044651674419,9.640044651674419,38582827.0,166974700.0,0.009989654306375956,4.33,4.41,4.26,4.26,2026-07-16,4.34,2.2629212797357794
600182,S佳通,2026-07-17,17.37349559866268,17.582186236484453,16.838725839244383,16.95611432301913,2066600.0,27259151.0,0.012156470588235295,13.32,13.48,12.91,13.0,2026-07-16,13.3,1.304316486386087
600183,生益科技,2026-07-17,1992.4662265732977,2008.4235644828877,1819.824337982474,1819.824337982474,75645621.0,10217325743.0,0.0315913853509714,144.84,146.0,132.29,132.29,2026-07-16,146.99,13.756325784129368
600184,光电股份,2026-07-17,60.65907915463059,60.82481434357767,54.692612352535775,55.35555310832409,20690126.0,357673170.0,0.035505664545059684,18.3,18.35,16.5,16.7,2026-07-16,18.22,3.314703778941562
600185,珠免集团,2026-07-17,33.72512440980047,34.455105457631646,32.33816041892123,32.41115852370435,31000154.0,141077307.0,0.016445654481396434,4.62,4.72,4.43,4.44,2026-07-16,4.62,7.29981047831179
600186,莲花控股,2026-07-17,49.038302252804435,49.28798810948877,44.59389400382317,44.59389400382317,182736771.0,1675364691.0,0.1026444828760602,9.82,9.87,8.93,8.93,2026-07-16,9.92,4.993717133686806
600188,兖矿能源,2026-07-17,186.9044149969466,190.07391432628845,181.33377981204274,181.52587068048769,48711543.0,942827414.0,0.00817122405061394,19.46,19.79,18.88,18.9,2026-07-16,19.47,9.604543422248026
600189,泉阳泉,2026-07-17,20.074810606060602,20.92613636363636,19.74526515151515,19.74526515151515,17756440.0,131347672.0,0.024827313090269913,7.31,7.62,7.19,7.19,2026-07-16,7.35,2.7462121212121207
600191,华资实业,2026-07-17,21.842051226645705,22.200117640197277,20.99803753755987,21.94435591623187,5694100.0,48136486.0,0.011742058680392303,8.54,8.68,8.21,8.58,2026-07-16,8.65,2.557617239654064
600192,长城电工,2026-07-17,10.861295821071485,11.199044790957505,10.719085728487897,10.825743297925587,6944500.0,42844359.0,0.015720501281273485,6.11,6.3,6.03,6.09,2026-07-16,6.23,1.777626157294842
600195,中牧股份,2026-07-17,43.417974703410664,44.54485343617094,43.219113750570614,43.948270577650796,13059160.0,86426162.0,0.01278870122150529,6.55,6.72,6.52,6.63,2026-07-16,6.64,6.628698428001628
600196,复星医药,2026-07-17,362.6921776375113,366.10121731289456,346.09163660955824,346.83273219116325,48012852.0,1142901187.0,0.02266372681951721,24.47,24.7,23.35,23.4,2026-07-16,24.71,14.821911632100994
600197,伊力特,2026-07-17,44.0787292133386,44.84680000311604,43.09730542640076,43.56668202015364,7545600.0,77387522.0,0.015946752286006016,10.33,10.51,10.1,10.21,2026-07-16,10.34,4.267059943207996
600198,大唐电信,2026-07-17,12.895902689638852,12.98659117550129,12.333634077291729,12.40618486598168,25149800.0,175828277.0,0.019317027371356325,7.11,7.16,6.8,6.84,2026-07-16,7.16,1.8137697172487837
600199,金种子酒,2026-07-17,33.9833484108804,34.92864322064063,33.08531834160818,33.13258308209619,38215053.0,273359888.0,0.05809552677317274,7.19,7.39,7.0,7.01,2026-07-16,7.29,4.726474048801168
600201,生物股份,2026-07-17,192.82789351106828,193.47118923587584,184.6258730197718,186.23411233179073,21078404.0,246864503.0,0.018959698869696732,11.99,12.03,11.48,11.58,2026-07-16,12.02,16.08239312018918
600202,哈空调,2026-07-17,23.054803210106964,23.552747123932175,21.95932659969152,22.357681730751683,10015100.0,45608280.0,0.02612584766377203,4.63,4.73,4.41,4.49,2026-07-16,4.63,4.979439138252045
600203,福日电子,2026-07-17,19.654120838299352,19.924280574908277,18.117587336336086,18.117587336336086,61815501.0,686651672.0,0.10424408664591003,11.64,11.8,10.73,10.73,2026-07-16,11.92,1.688498353805786
600206,有研新材,2026-07-17,189.5914780521262,193.87774348422496,170.974365569273,172.53300754458164,82128489.0,3478983565.0,0.09701513879340565,43.79,44.78,39.49,39.85,2026-07-16,43.79,4.329561042524006
600207,安彩高科,2026-07-17,6.532625189681337,6.7503793626707145,6.2526555386949925,6.3304248861912,19085618.0,79472341.0,0.017520791374263368,4.2,4.34,4.02,4.07,2026-07-16,4.27,1.5553869499241277
600208,衢州发展,2026-07-17,19.99880114646808,20.209314842746686,19.36726005763224,19.507602521817983,112959172.0,318591805.0,0.013276855450191645,2.85,2.88,2.76,2.78,2026-07-16,2.87,7.017123209287044
600210,紫江企业,2026-07-17,65.40121059995711,66.29575603369513,64.3078772920551,64.50666516621911,23874237.0,156782705.0,0.015740533957785425,6.58,6.67,6.47,6.49,2026-07-16,6.55,9.93939370820017
600211,西藏药业,2026-07-17,139.80485681919498,140.29053125975793,132.69319536809448,132.8666505254384,6749534.0,265084533.0,0.02094052753842188,40.3,40.44,38.25,38.3,2026-07-16,40.45,3.4691031468782874
600212,绿能慧充,2026-07-17,13.816938741975965,14.0073296301528,13.245766077445463,13.490554362244248,11499278.0,57400220.0,0.021648543598893434,5.08,5.15,4.87,4.96,2026-07-16,5.09,2.719869831097631
600215,派斯林,2026-07-17,13.633758399137268,13.770095983128638,12.724841172528114,12.81573289518903,12382299.0,71867140.0,0.027101691794623604,6.0,6.06,5.6,5.64,2026-07-16,5.99,2.2722930665228778
600216,浙江医药,2026-07-17,83.27621029269314,84.20890384797131,80.54475059509281,80.54475059509281,25390689.0,311810980.0,0.026688007033081797,12.5,12.64,12.09,12.09,2026-07-16,12.59,6.662096823415451
600217,中再资环,2026-07-17,13.854867085594694,14.356194513033977,13.763716644242098,13.854867085594694,18376800.0,56322154.0,0.011086030996294844,3.04,3.15,3.02,3.04,2026-07-16,3.04,4.557522067629834
600218,全柴动力,2026-07-17,15.826777584744859,16.191351052144128,15.440758619263276,15.547986109674827,6944226.0,51181768.0,0.015941752275670188,7.38,7.55,7.2,7.25,2026-07-16,7.36,2.1445498082310106
600219,南山铝业,2026-07-17,36.01062737017927,36.01062737017927,34.86603530217846,35.0421263895632,181124184.0,727271738.0,0.015772282401230592,4.09,4.09,3.96,3.98,2026-07-16,4.09,8.804554369236985
600221,海航控股,2026-07-17,4.266711596674565,4.298792134995426,4.202550520032842,4.2346310583537035,274552137.0,364275637.0,0.006407955125042446,1.33,1.34,1.31,1.32,2026-07-16,1.33,3.2080538320861387
600222,太龙药业,2026-07-17,32.488543435326626,32.777147247569374,30.633233213766093,30.71569144583545,25663633.0,196862855.0,0.04588008968048224,7.88,7.95,7.43,7.45,2026-07-16,7.92,4.122911603467846
600223,福瑞达,2026-07-17,11.138037334642236,11.452893513713395,10.764145621995235,10.823181155571078,13369377.0,74960029.0,0.01315147319963669,5.66,5.82,5.47,5.5,2026-07-16,5.66,1.9678511191947414
600226,亨通股份,2026-07-17,193.83286207855718,196.1233538017898,174.36368243108026,176.65417415431284,169023020.0,1087605381.0,0.056826279911992884,6.77,6.85,6.09,6.17,2026-07-16,6.77,28.63114654040727
600227,赤天化,2026-07-17,16.116172110680296,17.61267380667204,16.058614353142154,17.61267380667204,253049850.0,752820198.0,0.1980666006724486,2.8,3.06,2.79,3.06,2026-07-16,2.78,5.755775753814392
600229,城市传媒,2026-07-17,8.42129458969446,8.591078754809267,8.115683092487807,8.21755359155669,6276900.0,30840846.0,0.00950026645970316,4.96,5.06,4.78,4.84,2026-07-16,4.96,1.6978416511480767
600230,沧州大化,2026-07-17,28.720335841021832,29.287035443251938,27.76828050927525,27.994960350167293,12383068.0,154912006.0,0.02991360913539165,12.67,12.92,12.25,12.35,2026-07-16,12.76,2.2667984089204287
600231,凌钢股份,2026-07-17,15.370646766169157,15.738805970149256,14.818407960199009,15.002487562189057,18958060.0,31392452.0,0.006683884882062775,1.67,1.71,1.61,1.63,2026-07-16,1.68,9.20398009950249
600232,金鹰股份,2026-07-17,19.97384146708558,20.242397318743873,18.496784282964963,18.73177065316597,7699700.0,44130340.0,0.021111347713649573,5.95,6.03,5.51,5.58,2026-07-16,5.89,3.3569481457286687
600233,圆通速递,2026-07-17,95.32324596516136,96.59422257803018,93.38915111949142,94.54960802689338,24565071.0,421672518.0,0.007176599651068745,17.25,17.48,16.9,17.11,2026-07-16,17.4,5.5259852733426875
600234,科新发展,2026-07-17,48.216667175292955,48.216667175292955,43.60668338682592,43.60668338682592,9643128.0,182770719.0,0.03673279086924609,20.5,20.5,18.54,18.54,2026-07-16,20.6,2.352032545136242
600235,民丰特纸,2026-07-17,12.093794541254415,12.274974983820025,11.57290076887829,11.708786100802495,6527700.0,34208974.0,0.018581554227156277,5.34,5.42,5.11,5.17,2026-07-16,5.34,2.264755532070115
600236,桂冠电力,2026-07-17,80.50647257951715,88.59883303569657,80.50647257951715,88.59883303569657,37327548.0,387794582.0,0.004735569511845634,9.65,10.62,9.65,10.62,2026-07-16,9.65,8.342639645545818
600237,铜峰电子,2026-07-17,37.232890375448065,37.27524861250774,33.7595149365553,34.31017201833098,39721222.0,331618394.0,0.06359304762698163,8.79,8.8,7.97,8.1,2026-07-16,8.82,4.235823705966788
600241,时代万恒,2026-07-17,17.348061199336087,17.700050846858847,16.66922402197076,16.694366139650956,5808700.0,39727029.0,0.01973720100516437,6.9,7.04,6.63,6.64,2026-07-16,6.97,2.5142117680197225
600246,万通发展,2026-07-17,236.79368022774116,241.40735382880828,218.58837358569264,218.58837358569264,156518667.0,2789279487.0,0.08279604001089971,18.99,19.36,17.53,17.53,2026-07-16,19.48,12.469388110992163
600248,陕建股份,2026-07-17,12.711975061781356,13.015674124690808,12.495047159703175,12.538432740118811,23608425.0,69478767.0,0.006370773326982507,2.93,3.0,2.88,2.89,2026-07-16,2.92,4.338558041563602
600249,两面针,2026-07-17,16.8342643609926,17.406629349266346,16.32923643016282,16.564916131216716,11999531.0,59940776.0,0.021817329090909093,5.0,5.17,4.85,4.92,2026-07-16,5.0,3.36685287219852
600250,南京商旅,2026-07-17,21.974432006042413,22.354237003677714,20.99779058355164,21.241950939174334,7944300.0,63368508.0,0.025398076476551765,8.1,8.24,7.74,7.83,2026-07-16,8.12,2.7128928402521497
600251,冠农股份,2026-07-17,84.5063755214512,85.83868324363624,82.60307877547257,82.9837381246683,11122307.0,98344919.0,0.0143145416427461,8.88,9.02,8.68,8.72,2026-07-16,8.94,9.516483729893153
600252,中恒集团,2026-07-17,89.20412215844394,91.17766468407325,84.8623286020595,84.8623286020595,94447792.0,209477299.0,0.029661732117256173,2.26,2.31,2.15,2.15,2026-07-16,2.26,39.47085051258582
600255,鑫科材料,2026-07-17,41.17243630793752,41.71776659016185,40.218108314044926,41.581434019605766,97990972.0,295993912.0,0.05425415231508668,3.02,3.06,2.95,3.05,2026-07-16,3.01,13.633257055608448
600256,广汇能源,2026-07-17,328.46065083488077,332.1169846104082,320.538594321238,321.1479832838259,105766314.0,566529234.0,0.016546662227110945,5.39,5.45,5.26,5.27,2026-07-16,5.41,60.9388962587905
600257,大湖股份,2026-07-17,32.34913071342137,34.2244426388371,32.08122900979055,32.684007842959886,51558805.0,255503352.0,0.1071380314856299,4.83,5.11,4.79,4.88,2026-07-16,5.01,6.697542590770469
600258,首旅酒店,2026-07-17,30.2125541803048,30.95949712252887,29.85196103578283,29.92923099532325,20096381.0,237018286.0,0.017997783215949907,11.73,12.02,11.59,11.62,2026-07-16,11.78,2.575665318014049
600259,中稀有色,2026-07-17,82.94868646784721,83.19088778671994,77.39911711802425,77.97829418489381,12762395.0,970576973.0,0.03793410459662287,78.77,79.0,73.5,74.05,2026-07-16,79.0,1.0530492124901258
600261,阳光照明,2026-07-17,75.12823779596758,76.36797769359082,73.88849789834435,74.88028981644294,11004850.0,33374076.0,0.008243006292830483,3.03,3.08,2.98,3.02,2026-07-16,3.02,24.79479795246455
600262,北方股份,2026-07-17,21.34614939629277,21.488879964321473,20.283599612079083,20.553201796133305,4970273.0,65494340.0,0.0208835,13.46,13.55,12.79,12.96,2026-07-16,19.2,1.5858952003189277
600266,城建发展,2026-07-17,27.636305207659483,27.977494160840465,26.408024976207955,26.408024976207955,41709021.0,165117252.0,0.020093533165029914,4.05,4.1,3.87,3.87,2026-07-16,4.05,6.823779063619626
600267,海正药业,2026-07-17,86.05927713455691,86.27532552903698,81.37822858748898,81.52226085047567,53958164.0,621653382.0,0.045716715817366915,11.95,11.98,11.3,11.32,2026-07-16,11.99,7.201613149335307
600268,国电南自,2026-07-17,111.33090061424052,117.28324579559597,110.88998615636235,112.32295814446643,23375232.0,241221985.0,0.02301854922146623,10.1,10.64,10.06,10.19,2026-07-16,10.1,11.022861446954508
600269,赣粤高速,2026-07-17,55.82234454977102,57.654896264788746,55.82234454977102,56.52717213247014,37885903.0,153246212.0,0.016222398396890315,3.96,4.09,3.96,4.01,2026-07-16,3.96,14.09655165398258
600271,航天信息,2026-07-17,133.65394940583596,134.66189774222988,129.01738705842385,129.823745727539,17840284.0,116594386.0,0.00962838356696441,6.63,6.68,6.4,6.44,2026-07-16,6.64,20.158966727878727
600272,开开实业,2026-07-17,14.994614003590662,15.267953321364452,14.434919210053858,14.473967684021542,4905024.0,55649658.0,0.0306564,11.52,11.73,11.09,11.12,2026-07-16,11.59,1.3016157989228005
600273,嘉化能源,2026-07-17,14.771866014740926,15.062827012000977,14.637576323697827,14.637576323697827,23436210.0,155733403.0,0.017872376243562804,6.6,6.73,6.54,6.54,2026-07-16,6.6,2.238161517384989
600276,恒瑞医药,2026-07-17,3668.261098053496,3679.396890672587,3473.057203907078,3484.1929965261684,116181697.0,6283258291.0,0.018213145568789304,56.0,56.17,53.02,53.19,2026-07-16,55.99,65.504662465241
600278,东方创业,2026-07-17,14.482614053418931,14.716960559137686,14.060790343125177,14.177963595984552,5507400.0,33697165.0,0.006400093658864157,6.18,6.28,6.0,6.05,2026-07-16,6.2,2.3434650571875295
600279,重庆港,2026-07-17,10.616636321825139,10.871231917072743,10.489338524201337,10.591176762300378,13277072.0,55689288.0,0.011186662044556539,4.17,4.27,4.12,4.16,2026-07-16,4.19,2.5459559524760524
600280,中央商场,2026-07-17,31.22887311662946,34.328798021589,30.99924904959542,33.52511378696986,137312705.0,394134196.0,0.12169500263604387,2.72,2.99,2.7,2.92,2026-07-16,2.72,11.481203351702007
600281,华阳新材,2026-07-17,7.78923943725943,7.9248729597987735,7.36296265213578,7.459843739663883,11922000.0,46816390.0,0.023176425092805573,4.02,4.09,3.8,3.85,2026-07-16,4.01,1.9376217505620474
600282,南钢股份,2026-07-17,41.84425868649454,43.02169453698032,41.84425868649454,42.93112254848141,49206860.0,231783697.0,0.00798153018539437,4.62,4.75,4.62,4.74,2026-07-16,4.64,9.057198849890593
600283,钱江水利,2026-07-17,18.928760002551734,19.222989432643214,18.634530572460257,18.708087929983126,3833263.0,29510798.0,0.006835044260107011,7.72,7.84,7.6,7.63,2026-07-16,7.72,2.451911917428981
600284,浦东建设,2026-07-17,20.6346279851692,21.409446032043142,20.34916870474196,20.43072849914974,23599529.0,120345449.0,0.024322992076318002,5.06,5.25,4.99,5.01,2026-07-16,5.06,4.07798972038917
600285,羚锐制药,2026-07-17,197.7999941507975,200.72399406433104,192.46799430847165,192.63999430338538,16458058.0,375588595.0,0.02905266444315889,23.0,23.34,22.38,22.4,2026-07-16,23.05,8.599999745686848
600287,苏豪时尚,2026-07-17,24.163135059296142,24.743472364213734,23.21349219670372,23.266250133514408,4478705.0,20257737.0,0.010253537672593642,4.58,4.69,4.4,4.41,2026-07-16,4.58,5.275793681069026
600288,大恒科技,2026-07-17,57.61198825033379,58.90043527190675,57.61198825033379,57.61198825033379,42654150.0,534750104.0,0.09765144230769231,12.52,12.8,12.52,12.52,2026-07-16,13.91,4.601596505617715
600292,电投水电,2026-07-17,55.3831115080414,56.898677499270065,53.521130433103345,54.08405494413113,23284355.0,295409782.0,0.053005292938525315,12.79,13.14,12.36,12.49,2026-07-16,12.83,4.330188546367585
600293,三峡新材,2026-07-17,9.016758504628402,9.416024563873941,8.58422027377907,8.817125475005634,66991369.0,180024710.0,0.05774395988758116,2.71,2.83,2.58,2.65,2026-07-16,2.69,3.3272171603794845
600295,鄂尔多斯,2026-07-17,109.126949182218,110.26734334569778,106.23210245953858,108.51289078649812,13571568.0,168237754.0,0.006869675606052309,12.44,12.57,12.11,12.37,2026-07-16,12.42,8.772262795998232
600298,安琪酵母,2026-07-17,331.1646685497909,339.9137220479675,330.12517704505706,333.33027585131975,15522214.0,602156095.0,0.01810908880664898,38.23,39.24,38.11,38.48,2026-07-16,38.27,8.662429206115378
600299,安迪苏,2026-07-17,26.137534498620056,26.915823367065318,25.61867525298988,25.651103955841766,96565095.0,780829835.0,0.03135455074597251,8.06,8.3,7.9,7.91,2026-07-16,8.22,3.242870285188592
600300,维维股份,2026-07-17,25.498286232398677,25.987071271997376,25.17242953933288,25.253893712599332,28167600.0,88372449.0,0.01741813450193971,3.13,3.19,3.09,3.1,2026-07-16,3.14,8.146417326644945
600301,华锡有色,2026-07-17,74.10712053481213,74.10712053481213,67.40219058166245,68.70788746727581,13012959.0,516385859.0,0.04726215996683699,42.0,42.0,38.2,38.94,2026-07-16,42.05,1.76445525082886
600303,曙光股份,2026-07-17,17.31158803779388,17.641961855309027,16.254391821745397,16.386541348751457,23325800.0,59617536.0,0.03442860456429471,2.62,2.67,2.46,2.48,2026-07-16,2.62,6.607476350303007
600305,恒顺醋业,2026-07-17,70.48065519332886,72.12451887130737,69.55598187446594,69.6587233543396,13857191.0,95526652.0,0.01256363980185579,6.86,7.02,6.77,6.78,2026-07-16,6.87,10.274147987365723
600307,酒钢宏兴,2026-07-17,6.006335353258974,6.090931625840087,5.879440944387305,5.921739080677861,62655221.0,88825725.0,0.010003456095275204,1.42,1.44,1.39,1.4,2026-07-16,1.41,4.229813629055616
600308,华泰股份,2026-07-17,35.7156317590297,36.48965473832755,34.72045935707531,35.27333291371664,13853577.0,44603585.0,0.009133001109252477,3.23,3.3,3.14,3.19,2026-07-16,3.24,11.057471132826532
600309,万华化学,2026-07-17,2921.7872970640715,3030.3340242037925,2910.2488654389826,2993.154633411841,55904726.0,3901730937.0,0.017858243957774814,68.37,70.91,68.1,70.04,2026-07-16,68.36,42.73493194477214
600310,广西能源,2026-07-17,42.77025412011336,47.28897875688209,42.66516750065361,47.28897875688209,159378873.0,687441075.0,0.10873828689915253,4.07,4.5,4.06,4.5,2026-07-16,4.1,10.508661945973797
600312,平高电气,2026-07-17,119.95443629790846,128.67084862405406,119.33183541746948,125.55784422185918,41936733.0,762985889.0,0.030905795879133034,17.34,18.6,17.25,18.15,2026-07-16,17.34,6.9177875604330135
600313,农发种业,2026-07-17,22.676499056081912,23.05444070701661,22.04659630452408,22.25656388837669,22553595.0,120984531.0,0.02084053119921476,5.4,5.49,5.25,5.3,2026-07-16,5.44,4.1993516770522055
600315,上海家化,2026-07-17,104.69080997689423,106.3014378226926,101.0668973238479,101.2969870161048,6573047.0,117744731.0,0.009778031786275204,18.2,18.48,17.57,17.61,2026-07-16,18.15,5.75224230642276
600316,洪都航空,2026-07-17,118.29316319157194,119.65689991858521,113.10216532745685,113.49808889336393,9494616.0,249915819.0,0.013240027695883528,26.89,27.2,25.71,25.8,2026-07-16,26.9,4.399150732300927
600318,新力金融,2026-07-17,19.606015743169564,19.92481274712354,19.064060836447805,19.191579638029392,12575721.0,76711798.0,0.024527098239168044,6.15,6.25,5.98,6.02,2026-07-16,6.15,3.1879700395397665
600319,亚星化学,2026-07-17,8.69212278638567,8.868612589154923,8.103823443821495,8.236190795898436,5247000.0,30262133.0,0.013533332481836446,5.91,6.03,5.51,5.6,2026-07-16,5.9,1.4707483564104349
600320,振华重工,2026-07-17,57.91393708259828,58.62716290873867,56.630130595545616,56.630130595545616,44414050.0,179178438.0,0.013417307368528739,4.06,4.11,3.97,3.97,2026-07-16,4.09,14.26451652280746
600322,津投城开,2026-07-17,8.269070409044454,8.395315758800859,7.890334359775243,7.985018372092545,39448000.0,100998113.0,0.03567694673057791,2.62,2.66,2.5,2.53,2026-07-16,2.64,3.156133743910097
600323,瀚蓝环境,2026-07-17,120.10691714822141,121.73438215022983,118.72357189651426,119.04906489691595,6957240.0,205810664.0,0.008532856261448174,29.52,29.92,29.18,29.26,2026-07-16,30.15,4.0686625050210505
600325,华发股份,2026-07-17,28.88945338673835,29.353540991344584,27.61321247407119,27.61321247407119,71816063.0,175673019.0,0.02609451075850344,2.49,2.53,2.38,2.38,2026-07-16,2.49,11.602190115155963
600326,西藏天路,2026-07-17,68.84570492938124,70.0271444835516,66.37542222520688,67.23465099187622,26006707.0,165228323.0,0.019087989793330554,6.41,6.52,6.18,6.26,2026-07-16,6.41,10.740359583366809
600327,大东方,2026-07-17,67.0364909968964,68.49380601856807,65.21484721980683,65.94350473064266,17755300.0,64926794.0,0.020067485332543603,3.68,3.76,3.58,3.62,2026-07-16,3.67,18.216437770895762
600328,中盐化工,2026-07-17,28.21138713307624,28.62762071372819,27.7951535524243,27.933898079308282,17053308.0,103907587.0,0.01163008738346653,6.1,6.19,6.01,6.04,2026-07-16,6.1,4.624817562799384
600329,达仁堂,2026-07-17,148.5043530635208,148.5043530635208,143.93147075209598,144.46497368842887,5688600.0,217955527.0,0.010031223368614945,38.97,38.97,37.77,37.91,2026-07-16,38.94,3.810735259520677
600330,天通股份,2026-07-17,109.19069975353419,109.5455441817026,97.43014156280998,97.43014156280998,109401720.0,2195839765.0,0.08869682780117917,21.54,21.61,19.22,19.22,2026-07-16,21.36,5.069206116691467
600331,宏达股份,2026-07-17,96.73557882737505,102.5847068494954,94.21595444861552,99.97509588578016,74185665.0,808983590.0,0.03650869340551181,10.75,11.4,10.47,11.11,2026-07-16,10.67,8.998658495569773
600332,白云山,2026-07-17,38.98137802980386,39.36168415692389,38.28991234413106,38.34177227055652,16957640.0,379603712.0,0.012061845914906734,22.55,22.77,22.15,22.18,2026-07-16,22.66,1.7286642141819892
600333,长春燃气,2026-07-17,14.560068395493575,14.825763074243458,14.241234780993716,14.374082120368657,11225900.0,61402404.0,0.01843240463070002,5.48,5.58,5.36,5.41,2026-07-16,5.5,2.6569467874988275
600335,国机汽车,2026-07-17,29.861168851097716,30.551600500834073,29.113201230549983,29.228273172172713,14264700.0,73836375.0,0.009589992205300159,5.19,5.31,5.06,5.08,2026-07-16,5.21,5.753597081136361
600336,澳柯玛,2026-07-17,19.551191532550085,19.681968733436705,18.341502424348825,18.60305682612207,9934541.0,57728325.0,0.012449069097366542,5.98,6.02,5.61,5.69,2026-07-16,5.96,3.2694300221655657
600338,西藏珠峰,2026-07-17,23.30479495408896,23.51423347083322,22.086243583940515,22.105283449099083,43324361.0,516891034.0,0.04738993561489244,12.24,12.35,11.6,11.61,2026-07-16,12.24,1.903986515856941
600339,中油工程,2026-07-17,13.954098394008282,14.259344296377213,13.64885249163935,13.823278721564453,67558532.0,216444204.0,0.012100438390874093,3.2,3.27,3.13,3.17,2026-07-16,3.21,4.360655748127588
600343,航天动力,2026-07-17,58.32178659660874,59.057321477490824,53.5714571575786,54.398933898570945,36818900.0,669727819.0,0.05769121556904351,19.03,19.27,17.48,17.75,2026-07-16,19.25,3.064728670342025
600345,长江通信,2026-07-17,100.38444264208394,102.53740623452791,93.34203836773449,93.34203836773449,13614953.0,654471173.0,0.06435525733477929,49.89,50.96,46.39,46.39,2026-07-16,51.65,2.012115506956984
600346,恒力石化,2026-07-17,177.3285379110235,180.74096498429466,173.68077103959567,177.21086801194517,48381120.0,731712767.0,0.006873197066509095,15.07,15.36,14.76,15.06,2026-07-16,15.07,11.766989907831684
600348,华阳股份,2026-07-17,148.50483401583642,152.29414326775932,147.42217422957273,147.78306082499395,30885994.0,256545711.0,0.008561606098406099,8.23,8.44,8.17,8.19,2026-07-16,8.22,18.044329771061534
600350,山东高速,2026-07-17,36.49178635375326,37.88934412900338,36.42967267485326,36.74024106935328,11910100.0,142342479.0,0.002463527876851406,11.75,12.2,11.73,11.83,2026-07-16,11.82,3.1056839450002776
600351,亚宝药业,2026-07-17,56.121850568902175,57.378309909997,54.61409935958838,54.949155183880336,32583862.0,216811582.0,0.04708650265031919,6.7,6.85,6.52,6.56,2026-07-16,6.8,8.376395607298832
600352,浙江龙盛,2026-07-17,269.01255075843727,276.4607809911627,264.8503044519142,265.94563242731505,57588971.0,711108163.0,0.017701535987785764,12.28,12.62,12.09,12.14,2026-07-16,12.42,21.906559508016066
600353,旭光电子,2026-07-17,362.79269571669295,363.3295301288219,323.17431610158206,323.17431610158206,51202644.0,1609796777.0,0.061778420143110066,33.79,33.84,30.1,30.1,2026-07-16,33.44,10.736688242577477
600354,敦煌种业,2026-07-17,16.827877134679667,17.30526372006065,16.529510518816554,16.70853048833442,38683003.0,218724618.0,0.07329073617898588,5.64,5.8,5.54,5.6,2026-07-16,5.68,2.983666158631147
600356,恒丰纸业,2026-07-17,17.999431818181815,18.22386363636363,17.16903409090909,17.371022727272727,6920800.0,54331358.0,0.023167301829270844,8.02,8.12,7.65,7.74,2026-07-16,8.02,2.2443181818181817
600358,国旅联合,2026-07-17,18.199651900581696,18.447025809909988,17.422191042692766,17.740243211829146,8569600.0,43367742.0,0.01697163363024582,5.15,5.22,4.93,5.02,2026-07-16,5.15,3.5339129904042124
600359,新农开发,2026-07-17,9.391402714932127,9.581447963800906,9.153846153846155,9.20135746606335,6849600.0,40501548.0,0.01795378724101591,5.93,6.05,5.78,5.81,2026-07-16,5.98,1.5837104072398192
600360,华微电子,2026-07-17,98.70474580332163,101.57268030608157,92.33155801941062,92.33155801941062,124963796.0,1500749824.0,0.13013059157894205,12.39,12.75,11.59,11.59,2026-07-16,12.88,7.966484729888751
600361,创新新材,2026-07-17,20.384176417759488,20.499341256277905,19.981099482945037,20.038681902204242,48286788.0,169565768.0,0.012936284128906553,3.54,3.56,3.47,3.48,2026-07-16,3.54,5.75824192592076
600362,江西铜业,2026-07-17,74.0082257392753,74.33715118700542,70.68242399000417,71.32200124947938,58473441.0,2310354651.0,0.028176612031470046,40.5,40.68,38.68,39.03,2026-07-16,42.11,1.8273635985006247
600363,联创光电,2026-07-17,93.66061093090025,94.9463426543445,87.03414743314912,87.06711491323745,19739902.0,540351717.0,0.04378001255077614,28.41,28.8,26.4,26.41,2026-07-16,28.6,3.2967480088314063
600366,宁波韵升,2026-07-17,158.1461652772297,158.64037204372104,142.82575551599808,142.82575551599808,68417383.0,820371520.0,0.06225189035272896,12.8,12.84,11.56,11.56,2026-07-16,12.84,12.35516916228357
600367,红星发展,2026-07-17,156.3194903898775,164.01385851656454,144.46839465452044,145.39702529049993,32186231.0,1118930924.0,0.09996556483390595,35.35,37.09,32.67,32.88,2026-07-16,34.66,4.422050647521287
600368,五洲交通,2026-07-17,21.94004981900439,22.39476587742935,21.65585228248879,21.712691789791908,28991100.0,112478291.0,0.01801076663526998,3.86,3.94,3.81,3.82,2026-07-16,3.86,5.683950730312018
600369,西南证券,2026-07-17,21.31412155304722,21.52055372305252,20.95286525553794,21.056081340540594,56044892.0,230796032.0,0.008434006267494366,4.13,4.17,4.06,4.08,2026-07-16,4.19,5.160804250132498
600371,万向德农,2026-07-17,29.71117730386212,30.101543137051554,28.583453785759325,28.84369767455228,5271710.0,35514816.0,0.018018135334850877,6.85,6.94,6.59,6.65,2026-07-16,6.81,4.337398146549215
600372,中航机载,2026-07-17,34.95633346543908,35.23773507652043,34.080861786519314,34.174662323546436,35439974.0,393166594.0,0.007323978317759601,11.18,11.27,10.9,10.93,2026-07-16,11.22,3.1266845675705794
600373,中文传媒,2026-07-17,41.2779858326752,42.413556281992264,40.880536175414235,40.99409322034594,20400556.0,149692241.0,0.015141146683743693,7.27,7.47,7.2,7.22,2026-07-16,7.27,5.67785224658531
600375,汉马科技,2026-07-17,15.802374579277853,15.961994524523083,15.044179839363006,15.123989811985622,28250392.0,109164669.0,0.019314054168408666,3.96,4.0,3.77,3.79,2026-07-16,3.95,3.990498631130771
600376,首开股份,2026-07-17,35.88063348180768,37.04834640577184,33.54520763387937,33.8636747949605,90724829.0,298233831.0,0.03517058902904849,3.38,3.49,3.16,3.19,2026-07-16,3.4,10.615572036037776
600377,宁沪高速,2026-07-17,43.21004644732608,43.611152363714766,42.991261402023156,43.06418975045747,14253700.0,169319140.0,0.0037488200847384727,11.85,11.96,11.79,11.81,2026-07-16,11.83,3.646417421715281
600378,昊华科技,2026-07-17,188.076531594083,197.74837305771922,180.81293981215538,182.0947501266132,54249942.0,2631499971.0,0.05057961395309387,48.42,50.91,46.55,46.88,2026-07-16,48.68,3.884273680175196
600379,宝光股份,2026-07-17,34.76441381354081,34.878489002428566,31.42771453857422,31.941052888569082,20592961.0,238917999.0,0.06236481968934587,12.19,12.23,11.02,11.2,2026-07-16,12.23,2.8518797221936683
600380,健康元,2026-07-17,126.87073824161996,127.82825324721709,122.68161009213252,122.80129946783215,24042911.0,250839033.0,0.013142128235673997,10.6,10.68,10.25,10.26,2026-07-16,10.64,11.968937569964147
600382,广东明珠,2026-07-17,45.154391001879695,45.74561052399923,41.385366548367635,42.49390315234177,16363800.0,96156625.0,0.023565105676641968,6.11,6.19,5.6,5.75,2026-07-16,6.12,7.390244026494221
600383,金地集团,2026-07-17,43.06981073726307,44.01848498257723,41.17246224663474,41.551931944760405,91968328.0,205195958.0,0.020371386758769698,2.27,2.32,2.17,2.19,2026-07-16,2.29,18.97348490628329
600386,北巴传媒,2026-07-17,20.22926006578421,20.655780609339903,19.559013497339553,19.680876509784035,12792500.0,42025561.0,0.015863715277777777,3.32,3.39,3.21,3.23,2026-07-16,3.32,6.09315062222416
600388,龙净环保,2026-07-17,157.28642345439658,158.9198194218521,152.57839978349526,152.57839978349526,14040498.0,226766444.0,0.011055107264503468,16.37,16.54,15.88,15.88,2026-07-16,16.41,9.608211573267964
600389,江山股份,2026-07-17,94.26134276502715,95.97317734365387,92.21818536473072,93.15693335946152,11288012.0,192697576.0,0.026211568559154765,17.07,17.38,16.7,16.87,2026-07-16,17.1,5.522047027828187
600390,五矿资本,2026-07-17,32.56077660454643,33.440797593858505,32.56077660454643,32.696164449055985,58637625.0,286165711.0,0.013036187564294848,4.81,4.94,4.81,4.83,2026-07-16,4.83,6.7693922254774295
600391,航发科技,2026-07-17,66.22175222190302,67.20873362478447,63.190309341624285,63.260808013258675,10342380.0,286744885.0,0.031328264110475214,28.18,28.6,26.89,26.92,2026-07-16,28.26,2.3499557211463102
600392,盛和资源,2026-07-17,229.06153723448904,231.6077970970334,214.39508042623365,215.41358437125137,84151284.0,1831996495.0,0.048008904839912374,22.49,22.74,21.05,21.15,2026-07-16,23.0,10.18503945017737
600395,盘江股份,2026-07-17,31.155429051503404,31.621429058684015,30.423143325933886,30.489714755531114,34452300.0,161210987.0,0.016049520387235387,4.68,4.75,4.57,4.58,2026-07-16,4.69,6.65714295972295
600396,华电辽能,2026-07-17,78.09671943614495,83.36907180314209,75.46054325264639,76.77863134439568,242891705.0,2941864626.0,0.16492875716755784,11.85,12.65,11.45,11.65,2026-07-16,12.05,6.59044045874641
600397,江钨装备,2026-07-17,67.00895394851909,67.96622471921222,61.82373727393131,62.50180406983894,67075128.0,1087567464.0,0.06775540021327853,16.8,17.04,15.5,15.67,2026-07-16,16.61,3.9886282112213745
600398,海澜之家,2026-07-17,73.0890367675361,73.95180785922709,72.47277170204254,72.59602471514125,38567437.0,229173015.0,0.00803024809079897,5.93,6.0,5.88,5.89,2026-07-16,5.93,12.32530130987118
600399,抚顺特钢,2026-07-17,13.746798113772744,13.886359515943026,13.188552505091618,13.258333206176758,47915901.0,185427940.0,0.024296892145428732,3.94,3.98,3.78,3.8,2026-07-16,3.95,3.489035054257042
600400,红豆股份,2026-07-17,36.49441517536715,36.75886745924662,33.18876162687375,33.45321391075322,58130406.0,152117506.0,0.02536925900929676,2.76,2.78,2.51,2.53,2026-07-16,2.76,13.222614193973607
600403,大有能源,2026-07-17,31.48392204296004,33.34320877778051,29.376730410163503,29.748587757127595,104564728.0,523191694.0,0.04373606557859908,5.08,5.38,4.74,4.8,2026-07-16,5.25,6.197622449401583
600405,动力源,2026-07-17,30.055742768318414,30.055742768318414,28.49255992930421,28.776774990943156,14405443.0,59129313.0,0.023506441728789376,4.23,4.23,4.01,4.05,2026-07-16,4.19,7.105376540973619
600406,国电南瑞,2026-07-17,1148.5276656632575,1177.6966222515305,1146.9650429888857,1155.8199048103259,87903577.0,1965331271.0,0.010976728686004147,22.05,22.61,22.02,22.19,2026-07-16,22.1,52.08742247905929
600408,安泰集团,2026-07-17,10.758571397690545,11.222666634453669,10.3366666369968,10.505428541274298,50948740.0,129298234.0,0.05060462852602304,2.55,2.66,2.45,2.49,2026-07-16,2.55,4.219047606937469
600409,三友化工,2026-07-17,42.533376874231756,44.05514348869443,42.305111882062356,42.68555353567803,42522809.0,241214882.0,0.020598648664448403,5.59,5.79,5.56,5.61,2026-07-16,5.62,7.608833072313374
600410,华胜天成,2026-07-17,180.33617390840843,183.25711193650238,163.95352148996852,166.62046490692384,70016791.0,950069366.0,0.06385511219118242,14.2,14.43,12.91,13.12,2026-07-16,14.29,12.699730556930172
600415,小商品城,2026-07-17,470.974394091797,480.64893813476573,455.5830740234376,465.6973700683595,101026832.0,1076317544.0,0.018423587279040723,10.71,10.93,10.36,10.59,2026-07-16,10.89,43.97520019531251
600416,湘电股份,2026-07-17,30.099435632879068,30.407971989024755,28.86529020829633,28.86529020829633,17411293.0,150144944.0,0.011798008425068719,8.78,8.87,8.42,8.42,2026-07-16,8.77,3.4281817349520582
600418,江淮汽车,2026-07-17,169.29325121298604,172.56286336087632,152.58190023488012,155.12493190546147,83721024.0,1859239265.0,0.0383336303458907,23.3,23.75,21.0,21.35,2026-07-16,22.97,7.265804773089529
600419,天润乳业,2026-07-17,27.45195729537367,28.297153024911037,26.674377224199294,27.046263345195737,8086499.0,65598681.0,0.025629538756862403,8.12,8.37,7.89,8.0,2026-07-16,8.11,3.380782918149467
600420,XD国药现,2026-07-17,92.52438774489933,92.92798376559682,89.19472057414504,89.39651858449378,19408819.0,174957960.0,0.014471528622504939,9.17,9.21,8.84,8.86,2026-07-16,9.23,10.089900517437222
600422,昆药集团,2026-07-17,101.28288509609462,101.50306528108614,97.76000213623047,98.53063278370074,22781988.0,205417957.0,0.030096060262600987,9.2,9.22,8.88,8.95,2026-07-16,9.24,11.009009249575502
600425,青松建化,2026-07-17,22.419810181695063,23.08116151448843,22.353675048415724,22.485945314974398,20823500.0,71578590.0,0.012976538852103493,3.39,3.49,3.38,3.4,2026-07-16,3.39,6.613513327933647
600426,华鲁恒升,2026-07-17,253.94720955638982,263.85154690258287,251.17399509945577,255.53190353178073,61079440.0,1191379183.0,0.022214106127234973,19.23,19.98,19.02,19.35,2026-07-16,19.25,13.205783128257401
600428,中远海特,2026-07-17,74.20721506335073,78.63110673058894,73.77909651490832,75.34886452586382,99739446.0,1066690695.0,0.04078846523833613,10.4,11.02,10.34,10.56,2026-07-16,10.4,7.1353091407068
600429,三元股份,2026-07-17,6.495199947357178,6.628968367325632,6.227663107420269,6.257389422968814,14536901.0,62666890.0,0.009707074164647092,4.37,4.46,4.19,4.21,2026-07-16,4.38,1.4863157774272717
600433,冠豪高新,2026-07-17,22.761817932128913,23.123116629464295,21.894701058524003,22.039220537458153,42973783.0,133048225.0,0.02455252978482891,3.15,3.2,3.03,3.05,2026-07-16,3.16,7.225973946707592
600435,北方导航,2026-07-17,137.43875838926172,138.8104026845637,133.1866610738255,133.4609899328859,19164695.0,189459578.0,0.012672064538084369,10.02,10.12,9.71,9.73,2026-07-16,10.07,13.716442953020131
600436,片仔癀,2026-07-17,972.9373183922964,1035.9822934895205,941.3125957489322,999.382129568213,25870376.0,3756104689.0,0.042880222163727104,142.75,152.0,138.11,146.63,2026-07-16,141.15,6.8156729834836876
600438,通威股份,2026-07-17,136.0243772143799,137.6739265649274,132.21772486696256,132.97905533644604,54648206.0,578787420.0,0.012138675250199415,10.72,10.85,10.42,10.48,2026-07-16,10.72,12.688841158057826
600439,瑞贝卡,2026-07-17,34.864464883585924,35.81965570231431,33.43167865549336,33.75007559506948,21379106.0,46129060.0,0.018886378962612804,2.19,2.25,2.1,2.12,2026-07-16,2.2,15.919846978806358
600444,国机通用,2026-07-17,28.269355149259486,28.505111712293495,26.747653696949083,26.98341025998309,2784000.0,35822138.0,0.019013545047336215,13.19,13.3,12.48,12.59,2026-07-16,13.06,2.1432414821273302
600446,金证股份,2026-07-17,168.65434395250423,171.49308043487312,165.14766947428387,165.48163847220962,21610095.0,218242792.0,0.022958505931766075,10.1,10.27,9.89,9.91,2026-07-16,10.15,16.69844989628755
600448,华纺股份,2026-07-17,5.814256568212768,5.945405212608545,5.486384957223326,5.57381738682051,18506500.0,48067788.0,0.02938380796374693,2.66,2.72,2.51,2.55,2026-07-16,2.64,2.185810739929612
600449,宁夏建材,2026-07-17,55.878837762877,56.371359570081836,52.83415750015614,53.326679307360976,6589600.0,80279546.0,0.013780554687904168,12.48,12.59,11.8,11.91,2026-07-16,12.29,4.477470974589503
600452,涪陵电力,2026-07-17,118.98026964261929,123.20598399174672,118.84821606920906,120.03669822990115,46125095.0,424084352.0,0.030018772924199553,9.01,9.33,9.0,9.09,2026-07-16,9.06,13.205357341023229
600455,博通股份,2026-07-17,25.367627258894508,25.842210931443983,24.068171965009043,24.192467688772002,2037400.0,44876873.0,0.032620320855614976,22.45,22.87,21.3,21.41,2026-07-16,22.46,1.1299611251177955
600456,XD宝钛股,2026-07-17,81.75948571994846,82.79953571497254,78.29265240320153,79.01490934419047,9985018.0,278497222.0,0.020898885328303387,28.3,28.66,27.1,27.35,2026-07-16,28.51,2.889027763955776
600458,时代新材,2026-07-17,95.87050275526725,96.30588196850644,89.68811792727092,90.47180051110145,34652197.0,369323974.0,0.039897609306632095,11.01,11.06,10.3,10.39,2026-07-16,11.0,8.707584264783584
600459,贵研铂业,2026-07-17,109.92998120016303,112.49203496255164,105.52086542302912,105.64003071430301,29044339.0,527705883.0,0.0382310119130281,18.45,18.88,17.71,17.73,2026-07-16,18.72,5.958264563694473
600460,士兰微,2026-07-17,542.4571003762721,544.1100167486098,493.62093482993185,498.7299490717028,97300010.0,3347808229.0,0.05847103915155779,36.1,36.21,32.85,33.19,2026-07-16,36.22,15.026512475797011
600461,洪城环境,2026-07-17,53.54924399999213,54.29939504740582,52.683685099130194,52.683685099130194,14220683.0,132393219.0,0.011073945850781345,9.28,9.41,9.13,9.13,2026-07-16,9.26,5.770392672412945
600463,空港股份,2026-07-17,23.504575283054542,24.237261544995143,22.566736867770572,22.91842627350206,6528600.0,52033838.0,0.021762,8.02,8.27,7.7,7.82,2026-07-16,8.03,2.9307450477624117
600467,好当家,2026-07-17,20.446460546645444,20.913274714377078,19.886283545367487,20.16637204600647,32843700.0,71695586.0,0.02248037511856035,2.19,2.24,2.13,2.16,2026-07-16,2.21,9.336283354632624
600468,百利电气,2026-07-17,63.81907194632063,65.59888670179572,63.31055344475633,64.32759044788494,26305197.0,133900454.0,0.024183453908453157,5.02,5.16,4.98,5.06,2026-07-16,5.07,12.712962539107696
600469,风神股份,2026-07-17,15.358230587636081,15.819265652180503,14.983639597693738,15.617562811442317,10407900.0,55862295.0,0.01426813019735225,5.33,5.49,5.2,5.42,2026-07-16,5.38,2.8814691534026418
600470,六国化工,2026-07-17,12.799269744079478,13.774452200771249,12.677371936993007,12.848028866914065,30742097.0,165404355.0,0.058938069401840494,5.25,5.65,5.2,5.27,2026-07-16,5.32,2.4379561417294244
600475,华光环能,2026-07-17,68.1216235807228,68.69892547547468,65.07766813566738,65.07766813566738,10178353.0,129756348.0,0.010794895592273833,12.98,13.09,12.4,12.4,2026-07-16,12.97,5.248199043198983
600477,杭萧钢构,2026-07-17,82.2109968459914,83.59269427197445,79.10217763752955,79.79302635052107,39436000.0,92767760.0,0.016717476757285445,2.38,2.42,2.29,2.31,2026-07-16,2.37,34.54243564957622
600478,科力远,2026-07-17,47.871627600718355,48.693458117468886,46.536153010998746,46.638881825592556,25968390.0,120148034.0,0.015591565329038123,4.66,4.74,4.53,4.54,2026-07-16,4.66,10.27288145938162
600479,千金药业,2026-07-17,162.97833116653516,166.22168104049607,159.08631131778208,160.2214837736684,10604735.0,105775982.0,0.02533943765644492,10.05,10.25,9.81,9.88,2026-07-16,10.14,16.216749369804493
600480,凌云股份,2026-07-17,36.045866333063245,36.55474915188296,34.13755576248931,34.26477646719424,19347761.0,160155600.0,0.015947904676860938,8.5,8.62,8.05,8.08,2026-07-16,8.5,4.24069015683097
600481,双良节能,2026-07-17,43.15380881128874,43.57075382395819,41.69450126694564,41.79873752011301,45609544.0,185440912.0,0.022095492451753816,4.14,4.18,4.0,4.01,2026-07-16,4.15,10.42362531673641
600482,中国动力,2026-07-17,86.51920517823683,87.41423143870135,81.65622916304628,83.53578431002177,32308086.0,910247360.0,0.014243640574408715,29.0,29.3,27.37,28.0,2026-07-16,29.3,2.983420868215063
600483,福能股份,2026-07-17,42.12534105614441,44.389724542016864,41.61780682655231,41.77397120488834,28947822.0,317461044.0,0.01041233649559666,10.79,11.37,10.66,10.7,2026-07-16,10.79,3.9041094584007796
600486,扬农化工,2026-07-17,265.909300786514,275.6938421574463,264.13029326452624,266.32789079168754,5835736.0,299874344.0,0.014440889890265998,50.82,52.69,50.48,50.9,2026-07-16,50.86,5.2323750646696965
600487,亨通光电,2026-07-17,705.2444493054795,717.5708192059499,642.4019741879033,642.6220879361259,206526234.0,12574511954.0,0.0841711527938479,64.08,65.2,58.37,58.39,2026-07-16,64.85,11.0056874111342
600488,津药药业,2026-07-17,45.918866181984924,46.967584169827965,43.52179649548652,43.52179649548652,66436493.0,396728816.0,0.06084559342733259,6.13,6.27,5.81,5.81,2026-07-16,6.45,7.490842770307491
600489,中金黄金,2026-07-17,259.9915817399279,261.7248589515274,249.1919314215001,254.12510502374485,104864417.0,2002379696.0,0.021633516637405766,19.5,19.63,18.69,19.06,2026-07-16,19.99,13.332901627688608
600490,鹏欣资源,2026-07-17,86.12540817260742,86.26659736633302,80.61902961730956,81.60735397338867,58153360.0,340681314.0,0.029184350026844486,6.1,6.11,5.71,5.78,2026-07-16,6.2,14.118919372558594
600493,凤竹纺织,2026-07-17,16.385961285900994,16.688895023959663,15.47716007172497,15.559778363922792,9027500.0,52421071.0,0.033189338235294116,5.95,6.06,5.62,5.65,2026-07-16,5.93,2.753943073260671
600495,晋西车轴,2026-07-17,28.631023760539726,29.164048139060416,28.09799938201904,28.47873108096239,13070767.0,49311028.0,0.010818461843619634,3.76,3.83,3.69,3.74,2026-07-16,3.76,7.614633978866949
600496,精工钢构,2026-07-17,34.636391690882235,35.17090390833412,33.994977029939974,34.101879473430344,32689620.0,105767829.0,0.016425908001196463,3.24,3.29,3.18,3.19,2026-07-16,3.24,10.690244349037727
600497,驰宏锌锗,2026-07-17,226.52245399475098,227.97607402038574,211.74398373413086,213.924413772583,192770124.0,1733643540.0,0.03824515324788825,9.35,9.41,8.74,8.83,2026-07-16,9.33,24.227000427246093
600498,烽火通信,2026-07-17,166.4590567911831,166.83737282934487,149.8131511120648,149.8131511120648,77739240.0,3179952073.0,0.06113394802611761,44.0,44.1,39.6,39.6,2026-07-16,44.0,3.7831603816177974
600499,科达制造,2026-07-17,498.5361250256508,508.99256607828625,487.7423794229304,505.95682512752114,28347700.0,419169416.0,0.014780929444471633,14.78,15.09,14.46,15.0,2026-07-16,14.81,33.73045500850141
600500,中化国际,2026-07-17,49.65460566100563,50.55577817753932,45.95979834321755,46.50050185313776,91178064.0,484329679.0,0.025409777287900608,5.51,5.61,5.1,5.16,2026-07-16,5.58,9.011725165336776
600501,航天晨光,2026-07-17,66.08160659112238,66.17689369507497,61.46018204942168,62.17483532906612,7806058.0,103812059.0,0.01824594775143622,13.87,13.89,12.9,13.05,2026-07-16,13.77,4.7643551976295875
600502,安徽建工,2026-07-17,77.46272153149319,78.29744913420325,75.62632080553107,75.79326632607308,34953500.0,161503677.0,0.02036283654299645,4.64,4.69,4.53,4.54,2026-07-16,4.59,16.694552054201118
600503,华丽家族,2026-07-17,6.2797926866471965,6.43221483923572,6.066401673023263,6.127370534058672,33834702.0,69127979.0,0.021116465808311852,2.06,2.11,1.99,2.01,2026-07-16,2.08,3.0484430517704837
600505,西昌电力,2026-07-17,36.06596302686876,39.265091399933674,36.06596302686876,39.063041186898,28017048.0,317998436.0,0.07685009771852949,10.71,11.66,10.71,11.6,2026-07-16,10.86,3.367503550594655
600506,统一股份,2026-07-17,24.09045614100791,24.29768587125314,22.86434690372364,23.088845778155967,5958290.0,81149677.0,0.02386900035426795,13.95,14.07,13.24,13.37,2026-07-16,13.8,1.7269144187102445
600507,方大特钢,2026-07-17,114.76706112132354,118.75202852136948,113.70440314797796,114.76706112132354,35836276.0,156935027.0,0.01549215961008684,4.32,4.47,4.28,4.32,2026-07-16,4.32,26.566449333639707
600508,上海能源,2026-07-17,33.003317539559006,33.631204674675466,32.29694451255299,32.41467335038732,11797960.0,99427516.0,0.0116603077351253,8.41,8.57,8.23,8.26,2026-07-16,8.41,3.924294594477884
600509,天富能源,2026-07-17,46.85616863402664,48.21902118432381,46.207191229123225,46.46678219108459,39047961.0,285129024.0,0.028410968182218055,7.22,7.43,7.12,7.16,2026-07-16,7.28,6.48977404903416
600510,黑牡丹,2026-07-17,40.98090692124105,41.71270883054892,37.588007159904535,38.319809069212404,17179338.0,101500028.0,0.016646234725583905,6.16,6.27,5.65,5.76,2026-07-16,6.16,6.652744630071599
600511,国药股份,2026-07-17,175.04070833447318,176.7886184034337,172.04429107339803,172.04429107339803,7327350.0,204677531.0,0.013241885520886641,28.04,28.32,27.56,27.56,2026-07-16,28.13,6.242535960573224
600512,腾达建设,2026-07-17,13.300000104037197,13.566000106117942,12.967500101436267,13.034000101956453,27064100.0,53817557.0,0.01704927048923804,2.0,2.04,1.95,1.96,2026-07-16,2.01,6.650000052018599
600513,联环药业,2026-07-17,116.32796405801129,122.6141352709079,110.92050495014324,114.16498041486408,32042720.0,548091595.0,0.11225088872631875,17.21,18.14,16.41,16.89,2026-07-16,17.28,6.759323884835054
600515,海南机场,2026-07-17,9.351608061713804,9.48472703768126,9.052090365787029,9.052090365787029,118688773.0,328724279.0,0.012934678641351303,2.81,2.85,2.72,2.72,2026-07-16,2.81,3.3279743991864073
600516,方大炭素,2026-07-17,68.11357439695482,68.51901233979383,66.62696860654508,67.16755253033044,47391540.0,237096570.0,0.01177145772772861,5.04,5.07,4.93,4.97,2026-07-16,5.05,13.514598094633891
600517,国网英大,2026-07-17,108.58971121651786,110.62576830182756,107.6847969563802,108.36348265148344,31300272.0,151553183.0,0.005473572389589484,4.8,4.89,4.76,4.79,2026-07-16,4.81,22.62285650344122
600518,康美药业,2026-07-17,64.73572138736122,65.64111609207956,61.11414256848787,61.11414256848787,377782803.0,523922516.0,0.02733129628457706,1.43,1.45,1.35,1.35,2026-07-16,1.45,45.26973523591694
600519,贵州茅台,2026-07-17,11011.385128258322,11014.1618149992,10750.810431918973,10872.464019753726,5841730.0,7322732709.0,0.004673078937668486,1269.01,1269.33,1238.98,1253.0,2026-07-16,1258.99,8.67714606524639
600520,三佳科技,2026-07-17,67.87998278351868,67.87998278351868,60.85549336128495,60.85549336128495,13297900.0,362858174.0,0.08393549201540113,28.99,28.99,25.99,25.99,2026-07-16,28.88,2.3414964740779127
600521,华海药业,2026-07-17,334.2500270383754,341.54974027254684,309.85361701890776,310.2378124522852,74987782.0,1251641605.0,0.05008360127995431,17.4,17.78,16.13,16.15,2026-07-16,17.63,19.20977166887215
600522,中天科技,2026-07-17,333.60042421740394,339.6201463888464,302.33380756573234,302.33380756573234,262364803.0,9162742689.0,0.07687332945162356,37.13,37.8,33.65,33.65,2026-07-16,37.39,8.98465995737689
600523,贵航股份,2026-07-17,25.349555858573,25.76262752350687,25.11040910519024,25.37129647251689,7183952.0,84075267.0,0.017780095673591696,11.66,11.85,11.55,11.67,2026-07-16,11.62,2.1740613943887652
600526,菲达环保,2026-07-17,17.455180057259494,17.85370014989099,17.176215992417447,17.295772020206897,10816592.0,47644499.0,0.012390038413660624,4.38,4.48,4.31,4.34,2026-07-16,4.39,3.985200926314953
600527,江南高纤,2026-07-17,61.680235127686515,63.14881215453619,59.62422729009696,60.21165810083683,55561720.0,115634870.0,0.032083944114820996,2.1,2.15,2.03,2.05,2026-07-16,2.1,29.371540536993578
600528,中铁工业,2026-07-17,34.11041066417954,34.78778052134056,33.96525998050218,34.01364354172797,17441910.0,124027164.0,0.007851228886249928,7.05,7.19,7.02,7.03,2026-07-16,7.05,4.838356122578658
600529,山东药玻,2026-07-17,166.94281338894854,169.4030232704699,165.1855206164333,165.1855206164333,18930897.0,361019448.0,0.028526965640346465,19.0,19.28,18.8,18.8,2026-07-16,18.99,8.78646386257624
600530,交大昂立,2026-07-17,34.57795405806155,34.77041020309714,31.883568027563246,32.332632365979634,10291450.0,53084486.0,0.013280661229546275,5.39,5.42,4.97,5.04,2026-07-16,5.39,6.415204834519768
600531,豫光金铅,2026-07-17,134.77516510991254,135.93701998154972,127.80403588008949,128.3849633159081,50326749.0,567519540.0,0.04161771390388162,11.6,11.7,11.0,11.05,2026-07-16,11.72,11.618548716371771
600533,栖霞建设,2026-07-17,20.04669601576669,20.74138350146157,19.352008530071803,19.352008530071803,17680400.0,35354148.0,0.016838476190476192,2.02,2.09,1.95,1.95,2026-07-16,2.03,9.92410693849836
600535,天士力,2026-07-17,216.5910779948953,217.27218201374717,209.37137539506543,209.50759619883584,39349508.0,615937711.0,0.026339240180932293,15.9,15.95,15.37,15.38,2026-07-16,15.93,13.62208037703744
600536,中国软件,2026-07-17,284.7985928610204,301.3481918076058,283.34368306351837,296.8925305527559,51165325.0,1657809495.0,0.06064714927405326,31.32,33.14,31.16,32.65,2026-07-16,31.85,9.093186234387623
600538,国发股份,2026-07-17,14.817903521753141,15.372419661860329,13.955322859364188,14.63306480838408,21622500.0,102567495.0,0.04124869924237152,4.81,4.99,4.53,4.75,2026-07-16,4.84,3.0806452228177013
600539,狮头股份,2026-07-17,20.919680663472104,21.8545706292802,19.97264926953663,20.494730679013877,25058899.0,432368227.0,0.1089517347826087,17.23,18.0,16.45,16.88,2026-07-16,17.23,1.214142812737789
600540,新赛股份,2026-07-17,11.768658219314203,12.079267967038039,11.147438723866532,11.354511889015756,26507500.0,88985981.0,0.045594342094327237,3.41,3.5,3.23,3.29,2026-07-16,3.45,3.451219419153725
600545,卓郎智能,2026-07-17,19.25565488491218,19.298161849338033,17.130306663619447,17.300334521322863,97602812.0,410813259.0,0.05459038245782516,4.53,4.54,4.03,4.07,2026-07-16,4.48,4.25069644258547
600546,山煤国际,2026-07-17,139.33088686158055,142.3297304529722,135.17864188888444,136.21670313205848,22562313.0,271854244.0,0.011380989745377166,12.08,12.34,11.72,11.81,2026-07-16,12.03,11.534013813044748
600547,山东黄金,2026-07-17,545.6060592480032,550.9925444071773,522.0401866766169,533.2620307582296,84995541.0,2014235611.0,0.023515527244477794,24.31,24.55,23.26,23.76,2026-07-16,24.76,22.443688163225147
600548,深高速,2026-07-17,26.13925690264315,26.601081229544977,25.95452717188242,26.04689203726279,5785411.0,49368651.0,0.0033745469663708423,8.49,8.64,8.43,8.46,2026-07-16,8.47,3.07882884601215
600549,厦门钨业,2026-07-17,795.8001890635417,808.5052719078074,731.6972710765656,740.21545161988,47581996.0,2507068651.0,0.030620385327290837,55.12,56.0,50.68,51.27,2026-07-16,55.67,14.437594141210845
600550,保变电气,2026-07-17,77.8138387601189,80.33381587403835,76.36294284604406,76.36294284604406,36510679.0,373864938.0,0.01982629071259327,10.19,10.52,10.0,10.0,2026-07-16,10.19,7.636294284604406
600551,时代出版,2026-07-17,42.17351444312226,42.91124355874539,41.435785327499126,41.49726275380105,4437100.0,30474624.0,0.006543862129203311,6.86,6.98,6.74,6.75,2026-07-16,6.87,6.147742630192749
600552,凯盛科技,2026-07-17,149.1098396075061,149.61759161525015,135.31591006379242,136.58529008315256,75642974.0,1270880962.0,0.08007878672119875,17.62,17.68,15.99,16.14,2026-07-16,17.62,8.462533462401026
600556,天下秀,2026-07-17,19.75709283074667,20.07575561833936,18.573488191116688,18.71005795722784,62996220.0,264581547.0,0.03484790605524131,4.34,4.41,4.08,4.11,2026-07-16,4.34,4.552325537038404
600557,康缘药业,2026-07-17,123.15617300407648,124.70702851597967,116.95275095646375,117.22643134091724,16023865.0,210200977.0,0.028302774469253774,13.5,13.67,12.82,12.85,2026-07-16,13.63,9.122679481783443
600558,大西洋,2026-07-17,35.82215967769116,36.27369950556122,35.14484993588608,35.22010657386441,14297300.0,67847771.0,0.01592827879956007,4.76,4.82,4.67,4.68,2026-07-16,4.76,7.5256637978342775
600559,老白干酒,2026-07-17,89.33354524824688,90.60015931765487,87.0238372393264,87.17285065925674,15705596.0,186569022.0,0.017169324826230396,11.99,12.16,11.68,11.7,2026-07-16,11.99,7.450670996517671
600560,金自天正,2026-07-17,50.22132036820897,50.64216942157385,48.257358119172864,48.491163148820014,3115030.0,32816862.0,0.013928426907762508,10.74,10.83,10.32,10.37,2026-07-16,10.72,4.676100592943107
600561,江西长运,2026-07-17,14.898748297780095,15.37394289639597,13.976311723996337,14.171980088132287,6641000.0,34457804.0,0.023344610175592525,5.33,5.5,5.0,5.07,2026-07-16,5.29,2.7952623447992675
600562,国睿科技,2026-07-17,162.84896410583815,175.71713838123136,161.36986361441365,167.9518608012527,18308130.0,413503884.0,0.014742532849009513,22.02,23.76,21.82,22.71,2026-07-16,22.29,7.395502457122532
600563,法拉电子,2026-07-17,397.4854404994419,398.78916848887565,375.625257234751,380.5672958923718,7027910.0,897020807.0,0.031235155555555557,131.1,131.53,123.89,125.52,2026-07-16,132.31,3.0319255568225927
600566,济川药业,2026-07-17,68.89317739333913,70.5415899173727,67.5064176508982,68.68385516806504,11965098.0,316574258.0,0.013025059639370893,26.33,26.96,25.8,26.25,2026-07-16,26.25,2.616527815926287
600567,山鹰国际,2026-07-17,5.7220739011411315,5.764147973943639,5.553777609931098,5.595851682733606,74775862.0,100674860.0,0.011855159027315992,1.36,1.37,1.32,1.33,2026-07-16,1.36,4.207407280250831
600569,安阳钢铁,2026-07-17,4.83675406490945,4.948586528837993,4.752879716963044,4.7808378329451795,16458110.0,28587101.0,0.005729699019863793,1.73,1.77,1.7,1.71,2026-07-16,1.74,2.795811598213555
600570,恒生电子,2026-07-17,943.249308687024,954.9891277515824,904.8691309759674,905.7721939809335,33962562.0,694688124.0,0.017934992691476755,20.89,21.15,20.04,20.06,2026-07-16,20.91,45.15315024830177
600571,信雅达,2026-07-17,113.35762217688182,115.46333652072482,109.6141300100498,110.78397131218482,9814700.0,94083777.0,0.021441099914378692,9.69,9.87,9.37,9.47,2026-07-16,9.73,11.698413021350033
600572,康恩贝,2026-07-17,75.67222732434169,77.05122007740486,73.60373819474692,73.77611228887983,91691149.0,399521595.0,0.036215935189555036,4.39,4.47,4.27,4.28,2026-07-16,4.41,17.23740941328968
600573,惠泉啤酒,2026-07-17,12.576793568712347,12.806445008742541,12.225561954548523,12.320124312208012,9228400.0,85507745.0,0.0369136,9.31,9.48,9.05,9.12,2026-07-16,9.31,1.350890823707019
600575,淮河能源,2026-07-17,59.73995547824433,62.21326573689776,59.5497008429633,60.120464748806405,84894740.0,271146107.0,0.02184483712753353,3.14,3.27,3.13,3.16,2026-07-16,3.15,19.02546352810329
600576,祥源文旅,2026-07-17,19.15459860777243,19.406632799979967,17.327350714267826,17.484872084397534,35692811.0,200741698.0,0.05404807237240115,6.08,6.16,5.5,5.55,2026-07-16,6.11,3.15042740259415
600577,精达股份,2026-07-17,202.47058407719527,202.99716557024388,187.98959301835814,189.30604675097973,71821952.0,532138017.0,0.03325514427345507,7.69,7.71,7.14,7.19,2026-07-16,7.69,26.329074652431114
600578,京能电力,2026-07-17,33.13918716136599,34.327195757716844,32.451392710847074,32.513919479076065,140289039.0,748622847.0,0.020955486305448464,5.3,5.49,5.19,5.2,2026-07-16,5.5,6.252676822899243
600579,中化装备,2026-07-17,13.272485166061214,13.479573587091956,12.707698563250098,12.820655883812321,7367000.0,51034936.0,0.014925017568702724,7.05,7.16,6.75,6.81,2026-07-16,7.05,1.882622009370385
600580,卧龙电驱,2026-07-17,283.23405936599175,287.783273297344,268.4036219497834,270.0413389650702,38194546.0,1168082604.0,0.024520896764975136,31.13,31.63,29.5,29.68,2026-07-16,31.1,9.098427862704522
600582,天地科技,2026-07-17,222.21897542911722,226.84853741722384,221.2930630314959,221.2930630314959,26980040.0,130736685.0,0.00651913990591168,4.8,4.9,4.78,4.78,2026-07-16,4.79,46.29561988106609
600583,海油工程,2026-07-17,120.9774169921875,123.87908935546875,118.2989501953125,118.96856689453125,47703883.0,257718045.0,0.01078942658028711,5.42,5.55,5.3,5.33,2026-07-16,5.42,22.320556640625
600584,长电科技,2026-07-17,402.19192685786965,442.16588056386524,381.15042239176887,419.3096076473082,252546378.0,20781603333.0,0.14113352055694953,82.0,90.15,77.71,85.49,2026-07-16,83.21,4.904779595827678
600585,海螺水泥,2026-07-17,107.16697904625717,109.49137699360749,106.86113721107948,108.0845045517902,39571656.0,699871314.0,0.009948976372419845,17.52,17.9,17.47,17.67,2026-07-16,17.55,6.116836703553491
600586,金晶科技,2026-07-17,56.3903920512554,56.668863123113454,54.580330084178065,54.7195656201071,15710091.0,62589835.0,0.011084225728279154,4.05,4.07,3.92,3.93,2026-07-16,4.05,13.923553592902568
600587,新华医疗,2026-07-17,101.92760674913295,104.09792841375327,100.45488847671203,101.46253782100003,18554877.0,244562079.0,0.030586077185703022,13.15,13.43,12.96,13.09,2026-07-16,13.15,7.751148802215433
600588,用友网络,2026-07-17,522.4330275229354,528.0385321100914,493.28440366972444,494.40550458715563,67911749.0,612416834.0,0.01987468554150139,9.32,9.42,8.8,8.82,2026-07-16,9.36,56.05504587155959
600589,大位科技,2026-07-17,39.26573043654013,41.3209615062213,36.56147902906492,39.64432563358667,103611935.0,740839638.0,0.07008051750042742,7.26,7.64,6.76,7.33,2026-07-16,7.3,5.408502814950432
600590,泰豪科技,2026-07-17,35.78569501972685,35.91889239573079,33.698936128998355,34.187326507679494,33853011.0,264102981.0,0.04013067100813219,8.06,8.09,7.59,7.7,2026-07-16,8.04,4.439912533464869
600592,龙溪股份,2026-07-17,48.15569389774406,48.75499609120061,45.93475047493448,46.463546527984384,8735025.0,116905046.0,0.021861962034622887,13.66,13.83,13.03,13.18,2026-07-16,13.66,3.5253070203326544
600593,大连圣亚,2026-07-17,76.0333687442928,77.18568047065237,72.9605374740006,74.22808037299613,6138967.0,238885460.0,0.047662787267080745,39.59,40.19,37.99,38.65,2026-07-16,39.98,1.9205195439326295
600594,益佰制药,2026-07-17,62.19204685904763,62.53755823048678,57.52764334461906,58.56417745893652,34476780.0,118849040.0,0.043953401473417884,3.6,3.62,3.33,3.39,2026-07-16,3.61,17.275568571957674
600595,中孚实业,2026-07-17,50.48752405027681,50.897325381853726,48.76635845765374,50.07772271869989,122753980.0,745063904.0,0.030627965610066088,6.16,6.21,5.95,6.11,2026-07-16,6.2,8.196026631538443
600596,新安股份,2026-07-17,139.47518196105963,140.62786941528327,130.5098350948758,132.3029044681126,54436492.0,574399715.0,0.04033536679732322,10.89,10.98,10.19,10.33,2026-07-16,10.94,12.807638380262592
600597,光明乳业,2026-07-17,18.520174449423077,18.894319387795264,18.17275414950605,18.226203426416365,18498563.0,128132132.0,0.013419776582203337,6.93,7.07,6.8,6.82,2026-07-16,6.89,2.672463845515596
600598,北大荒,2026-07-17,34.55262746613604,34.82517229277515,34.280082639496925,34.40121367355875,29014575.0,330616833.0,0.016321596960794587,11.41,11.5,11.32,11.36,2026-07-16,11.43,3.028275851545665
600600,青岛啤酒,2026-07-17,99.30968145908064,100.45809673282545,98.5942752229773,98.8578459415417,6984108.0,368941270.0,0.009848896474515248,52.75,53.36,52.37,52.51,2026-07-16,52.86,1.8826479897456045
600601,方正科技,2026-07-17,60817.44273361647,61189.25242718444,55824.569705703856,55824.569705703856,251922101.0,2733088526.0,0.06040872515736805,11.45,11.52,10.51,10.51,2026-07-16,11.68,5311.567050970872
600602,云赛智联,2026-07-17,10529.144322735045,11039.26617615008,10282.680955354748,10563.534560043923,109289682.0,2034090681.0,0.10173078081072827,18.37,19.26,17.94,18.43,2026-07-16,18.26,573.1706218146459
600603,广汇物流,2026-07-17,818.6022179043171,844.5307949420103,787.1175172156894,788.9695584326676,14281196.0,62672802.0,0.01214446535586493,4.42,4.56,4.25,4.26,2026-07-16,4.49,185.20412169780928
600604,市北高新,2026-07-17,225.55476579337287,230.8494786054239,220.78952426252698,222.3779381061423,18767700.0,79938404.0,0.01333449567734752,4.26,4.36,4.17,4.2,2026-07-16,4.33,52.947128120510065
600605,汇通能源,2026-07-17,1410.5185424804688,1452.2807495117188,1383.3731079101562,1402.6881286621094,2934832.0,79692343.0,0.014227251512536726,27.02,27.82,26.5,26.87,2026-07-16,27.15,52.2027587890625
600606,绿地控股,2026-07-17,212.6228900963152,217.5676084706481,204.38169280576034,204.38169280576034,159805015.0,204031853.0,0.011370608555355332,1.29,1.32,1.24,1.24,2026-07-16,1.3,164.82394581109705
600609,金杯汽车,2026-07-17,91.45795596729624,92.85213212533431,88.39076841961253,89.22727411443537,23429402.0,76012849.0,0.01795963995354818,3.28,3.33,3.17,3.2,2026-07-16,3.28,27.88352316076105
600610,中毅达,2026-07-17,498.6649734119083,513.7279853273714,484.39475159725913,490.7370724037699,16789750.0,105489711.0,0.023690020259642966,6.29,6.48,6.11,6.19,2026-07-16,6.28,79.27901008138447
600611,大众交通,2026-07-17,4239.80439842884,4249.247169917545,3758.2230525048512,3758.2230525048512,148122505.0,634610173.0,0.09474889946204132,4.49,4.5,3.98,3.98,2026-07-16,4.09,944.2771488705656
600612,老凤祥,2026-07-17,6201.303969726562,6338.058764648437,6139.939638671875,6145.199438476562,2742200.0,97582620.0,0.008647482575663187,35.37,36.15,35.02,35.05,2026-07-16,35.37,175.32666015625
600613,神奇制药,2026-07-17,153.92214752557703,156.31317117645978,145.85244270384774,146.45019861656843,13094754.0,65458657.0,0.02731944129397419,5.15,5.23,4.88,4.9,2026-07-16,5.18,29.887795636034372
600615,鑫源智造,2026-07-17,907.3714435190614,924.6450320295027,857.5828648713189,868.7598927310163,2359600.0,20520990.0,0.010474725330337173,8.93,9.1,8.44,8.55,2026-07-16,8.91,101.60934417906623
600616,金枫酒业,2026-07-17,1588.791575840541,1615.983607700893,1546.0612400599887,1561.5995439801895,10295707.0,41771425.0,0.015389582692923273,4.09,4.16,3.98,4.02,2026-07-16,4.09,388.4575980050223
600617,国新能源,2026-07-17,179.59210917154945,183.359775797526,175.19649810791014,177.70827585856117,26883440.0,76934132.0,0.015140970795323975,2.86,2.92,2.79,2.83,2026-07-16,2.86,62.79444376627603
600618,氯碱化工,2026-07-17,278.6047501046317,286.2884357561384,275.75894060407364,277.7510072544643,8634925.0,85282141.0,0.011515690382450348,9.79,10.06,9.69,9.76,2026-07-16,9.82,28.458095005580358
600619,海立股份,2026-07-17,753.4806657700069,759.822125084062,714.8554135843983,716.0084061869537,19239113.0,245209222.0,0.02437877267337673,13.07,13.18,12.4,12.42,2026-07-16,13.13,57.64963012777405
600620,天宸股份,2026-07-17,1804.856022379383,1860.9879082428565,1757.3598112641362,1765.9954860123628,10183800.0,42664747.0,0.014830551080271696,4.18,4.31,4.07,4.09,2026-07-16,4.17,431.78373741133566
600621,华鑫股份,2026-07-17,5407.34939629313,5485.603367295925,5243.016057187261,5266.4922484881,19490251.0,268709500.0,0.018371443120917832,13.82,14.02,13.4,13.46,2026-07-16,13.81,391.2698550139747
600622,光大嘉宝,2026-07-17,620.1635815429688,629.0230612792968,593.5851423339843,596.5383022460937,27871513.0,57470401.0,0.01858490651628014,2.1,2.13,2.01,2.02,2026-07-16,2.09,295.3159912109375
600623,华谊集团,2026-07-17,259.6017399591972,262.8754062890735,252.0723074004815,252.0723074004815,19280824.0,152052386.0,0.01027743445302193,7.93,8.03,7.7,7.7,2026-07-16,7.87,32.73666329876383
600626,申达股份,2026-07-17,38.156406115688654,38.8398044341786,37.13130863795374,37.24520835770206,12069437.0,40261209.0,0.01089320299304307,3.35,3.41,3.26,3.27,2026-07-16,3.34,11.389971974832434
600628,新世界,2026-07-17,302.956444769103,306.89094405181856,292.136571741635,296.0710710243506,11925308.0,72328118.0,0.018435247800370775,6.16,6.24,5.94,6.02,2026-07-16,6.16,49.181241033945284
600629,华建集团,2026-07-17,124.54503745342593,127.6701527843606,113.23947316798579,114.06670957911555,38693742.0,502043864.0,0.03365244202764636,13.55,13.89,12.32,12.41,2026-07-16,13.57,9.191515679219625
600630,龙头股份,2026-07-17,20.221065053266223,20.40545166469418,19.422056403745064,19.637174117077684,22335216.0,144601767.0,0.052570569234102846,6.58,6.64,6.32,6.39,2026-07-16,6.58,3.073110190465991
600633,浙数文化,2026-07-17,87.32474837119612,89.32455176900977,84.82499412392905,85.15829469023133,25360045.0,264421017.0,0.019998860918635383,10.48,10.72,10.18,10.22,2026-07-16,10.56,8.332514157556881
600635,大众公用,2026-07-17,755.1131588289107,768.6274882934102,731.4630822660366,731.4630822660366,51271632.0,227234540.0,0.021197208726129752,4.47,4.55,4.33,4.33,2026-07-16,4.47,168.92911830624402
600637,东方明珠,2026-07-17,46.47650343768075,47.00665366700791,44.414808101408475,44.94495833073563,51758223.0,399913372.0,0.015395528069657527,7.89,7.98,7.54,7.63,2026-07-16,7.92,5.890558103635076
600638,新黄浦,2026-07-17,97.3736313868613,102.86541970802918,95.26140510948903,95.68385036496349,16207674.0,75000375.0,0.024068534832597195,4.61,4.87,4.51,4.53,2026-07-16,4.67,21.122262773722625
600639,浦东金桥,2026-07-17,76.4952262722716,77.61779772700095,75.051920116191,75.051920116191,7326913.0,69753519.0,0.008617497896935649,9.54,9.68,9.36,9.36,2026-07-16,9.9,8.01836753378109
600640,国脉文化,2026-07-17,102.39845605763149,104.78212525780914,99.02159135737983,99.31955000740203,8663908.0,88322928.0,0.010945478280663386,10.31,10.55,9.97,10.0,2026-07-16,10.33,9.931955000740203
600641,先导基电,2026-07-17,922.1342537106846,957.9217809191821,865.3585526505868,865.3585526505868,88111307.0,2982258662.0,0.09467921147430979,34.27,35.6,32.16,32.16,2026-07-16,35.73,26.907915194359045
600642,申能股份,2026-07-17,122.81809432146291,126.57170356111642,122.66794995187678,124.61982675649661,27145014.0,226344991.0,0.005546802285804309,8.18,8.43,8.17,8.3,2026-07-16,8.17,15.014436958614048
600643,爱建集团,2026-07-17,37.53111711080737,38.191212135369305,36.87102208624543,36.96532137546857,15625300.0,62042503.0,0.009825059351839627,3.98,4.05,3.91,3.92,2026-07-16,3.97,9.42992892231341
600644,乐山电力,2026-07-17,96.55606821351134,107.9367462287515,96.55606821351134,107.9367462287515,43712586.0,387549173.0,0.07558535788348536,8.06,9.01,8.06,9.01,2026-07-16,8.19,11.979661068673863
600645,中源协和,2026-07-17,397.49238787342216,398.9591494522909,372.9765157694737,374.02420261152275,14410325.0,263187839.0,0.030806421781944985,18.97,19.04,17.8,17.85,2026-07-16,19.1,20.953736840981666
600648,外高桥,2026-07-17,69.91310645794046,70.89091214266689,69.01678458027456,69.66865503675885,2724836.0,23464176.0,0.002394890307470576,8.58,8.7,8.47,8.55,2026-07-16,8.59,8.148380706053667
600649,城投控股,2026-07-17,88.34467052591258,90.02058568494073,86.18992246430496,86.18992246430496,23386955.0,85860660.0,0.00933797078396424,3.69,3.76,3.6,3.6,2026-07-16,3.69,23.941645128973597
600650,锦江在线,2026-07-17,47.44113487340578,49.04853053707393,45.69596243856606,46.33892070403333,7143002.0,73313302.0,0.018289124918874515,10.33,10.68,9.95,10.09,2026-07-16,10.39,4.592559039051866
600651,飞乐音响,2026-07-17,31003.20547816266,31171.7011601092,28812.761612857692,28868.926840173204,29050751.0,153962128.0,0.011587724918183653,5.52,5.55,5.13,5.14,2026-07-16,5.5,5616.5227315512075
600653,申华控股,2026-07-17,17800.55032169117,18016.314568014703,17045.37545955882,17261.13970588235,24019374.0,38898676.0,0.012340534781517727,1.65,1.67,1.58,1.6,2026-07-16,1.65,10788.212316176468
600654,中安科,2026-07-17,6567.203314887152,6690.646986219617,6221.561035156249,6295.627237955728,62709139.0,163075196.0,0.027059755707859717,2.66,2.71,2.52,2.55,2026-07-16,2.67,2468.873426649305
600655,豫园股份,2026-07-17,1364.6369455645163,1385.9593978389616,1337.2223640688003,1343.3144932900705,19264568.0,85932344.0,0.004952526821874228,4.48,4.55,4.39,4.41,2026-07-16,4.46,304.60646106350805
600657,信达地产,2026-07-17,42.283154121863795,43.799283154121866,40.59856630824373,40.59856630824373,33003874.0,82248367.0,0.011572678464596422,2.51,2.6,2.41,2.41,2026-07-16,2.5,16.845878136200717
600658,电子城,2026-07-17,29.02457462884242,29.457777235243057,27.29176420323989,27.4361650720401,18530089.0,72043031.0,0.016565650580461676,4.02,4.08,3.78,3.8,2026-07-16,4.01,7.220043440010553
600660,福耀玻璃,2026-07-17,5125.965986516621,5187.965947276499,5067.781407957353,5139.319824218749,20392866.0,1100650351.0,0.010181230732432177,53.74,54.39,53.13,53.88,2026-07-16,53.0,95.38455501519579
600661,昂立教育,2026-07-17,40.53862480879119,41.86776004842368,39.31173074143812,40.027418947394075,8602900.0,68011638.0,0.030022457254493064,7.93,8.19,7.69,7.83,2026-07-16,7.93,5.112058613971146
600662,外服控股,2026-07-17,297.84732677062715,303.41456652334915,289.49646714154414,290.1923721106344,14586000.0,61953870.0,0.006406466615193567,4.28,4.36,4.16,4.17,2026-07-16,4.29,69.59049690902503
600663,陆家嘴,2026-07-17,100.33291171617923,103.40881119944896,99.89349750428357,100.186440312214,12351256.0,85462860.0,0.003913971526592135,6.85,7.06,6.82,6.84,2026-07-16,6.89,14.647140396522516
600664,哈药股份,2026-07-17,53.469390008507716,57.37920706446579,49.45390222130753,56.32249975204469,874045590.0,4522777492.0,0.34704870460472237,5.06,5.43,4.68,5.33,2026-07-16,4.94,10.567073124211012
600665,天地源,2026-07-17,16.873421317652664,17.327924248767882,16.134854054590424,16.362105520148035,17214400.0,50454792.0,0.01992124910722006,2.97,3.05,2.84,2.88,2026-07-16,3.0,5.68128663894029
600666,奥瑞德,2026-07-17,66.91363594748758,67.52194172882838,62.047189696761215,63.06103266566254,93030420.0,297003213.0,0.037180587314790806,3.3,3.33,3.06,3.11,2026-07-16,3.32,20.27685937802654
600667,太极实业,2026-07-17,108.28897185027401,109.56295975439488,97.63380028853581,97.63380028853581,240245900.0,4208387152.0,0.1148654339974778,18.7,18.92,16.86,16.86,2026-07-16,18.73,5.790854109640321
600668,尖峰集团,2026-07-17,79.38743105187879,80.2433602276403,76.28468778974337,77.24760811247505,6509980.0,47627272.0,0.01576645830642714,7.42,7.5,7.13,7.22,2026-07-16,7.42,10.699114697018706
600671,天目药业,2026-07-17,60.60405684075815,66.60086006638038,58.24167981248271,62.90586009907779,9007042.0,182714667.0,0.07396733658051739,20.01,21.99,19.23,20.77,2026-07-16,20.25,3.0286884977890125
600673,东阳光,2026-07-17,526.4317209057918,527.927265567456,487.99622310102234,490.08998562735223,53971547.0,1826602729.0,0.017981177879163417,35.2,35.3,32.63,32.77,2026-07-16,35.99,14.955446616641812
600674,川投能源,2026-07-17,351.8722570698135,361.8932145527079,350.7335119013028,359.61572421568644,70901218.0,1115543704.0,0.014545012654710867,15.45,15.89,15.4,15.79,2026-07-16,15.47,22.774903370214467
600675,中华企业,2026-07-17,157.19147449606078,161.42084152286063,152.2572129647943,152.2572129647943,38944074.0,86241938.0,0.00644115155681751,2.23,2.29,2.16,2.16,2026-07-16,2.24,70.48945044666402
600676,交运股份,2026-07-17,104.5746153951993,104.720465625876,96.99040340001052,97.57380432271735,13734135.0,94718020.0,0.013353650192859272,7.17,7.18,6.65,6.69,2026-07-16,7.15,14.585023067670754
600679,上海凤凰,2026-07-17,23.48169644258895,23.785666623075542,22.924417778363544,23.304380503971775,2944400.0,27161220.0,0.008566916496367294,9.27,9.39,9.05,9.2,2026-07-16,9.34,2.5330848373882366
600681,百川能源,2026-07-17,36.78989418431331,37.64547311883222,36.148209983424124,36.57599945068358,20333560.0,70086902.0,0.015176464302175804,3.44,3.52,3.38,3.42,2026-07-16,3.45,10.694736681486427
600682,南京新百,2026-07-17,78.82487926077341,78.96196600731389,74.16392987839725,74.30101662493772,22777794.0,126599768.0,0.01956753828748258,5.75,5.76,5.41,5.42,2026-07-16,5.7,13.70867465404755
600683,京投发展,2026-07-17,59.660737196909515,60.116162671695086,53.87032758892156,54.45587462793158,20806400.0,179245553.0,0.028087242492566902,9.17,9.24,8.28,8.37,2026-07-16,9.2,6.506078211222412
600684,珠江股份,2026-07-17,45.745893743153005,46.882437687082266,43.756941841276785,44.0410778272591,22720166.0,72108288.0,0.026621220388603636,3.22,3.3,3.08,3.1,2026-07-16,3.22,14.20679929911584
600685,中船防务,2026-07-17,51.8918122409652,52.26439007117556,50.60848860357396,50.649886140263995,10772400.0,267403702.0,0.013114120565040664,25.07,25.25,24.45,24.47,2026-07-16,25.32,2.0698768345020024
600686,金龙汽车,2026-07-17,146.34854577433126,150.81204116301234,139.72093140931995,140.12670371738184,20672495.0,219481579.0,0.02883002505816153,10.82,11.15,10.33,10.36,2026-07-16,10.78,13.525743602063885
600688,上海石化,2026-07-17,11.295602298326523,11.418827050671903,11.172377545981144,11.213452463429602,93261863.0,255937815.0,0.012725369938803873,2.75,2.78,2.72,2.73,2026-07-16,2.75,4.107491744846008
600689,上海三毛,2026-07-17,25.115752546937316,25.367413394101018,23.681285718104224,23.98327873470066,2468344.0,23958585.0,0.016217324649303404,9.98,10.08,9.41,9.53,2026-07-16,9.94,2.5166084716370056
600690,海尔智家,2026-07-17,1016.1455314009663,1025.800120772947,1006.9736714975846,1011.3182367149759,45033860.0,947064199.0,0.007201927936354614,21.05,21.25,20.86,20.95,2026-07-16,21.11,48.272946859903385
600691,潞化科技,2026-07-17,24.311934436324737,25.251022032577623,23.58153297257249,23.79021910507313,38400326.0,89420573.0,0.0161645702474671,2.33,2.42,2.26,2.28,2026-07-16,2.32,10.434306625032075
600692,亚通股份,2026-07-17,77.9440625774327,80.11671937401618,74.41349528298453,75.22824158170333,10300410.0,58393537.0,0.04039209880900716,5.74,5.9,5.48,5.54,2026-07-16,5.72,13.57910497864681
600693,东百集团,2026-07-17,106.81857867982247,111.69731184067973,96.93272464334851,98.34498950570193,77740524.0,629553296.0,0.08946461258927185,8.32,8.7,7.55,7.66,2026-07-16,8.37,12.8387714759402
600694,大商股份,2026-07-17,133.69849745710076,135.1419360261383,131.1724799612851,131.89419924580386,4699550.0,69468850.0,0.01240662425005896,14.82,14.98,14.54,14.62,2026-07-16,14.72,9.021491056484532
600697,欧亚集团,2026-07-17,36.212389380530986,36.95575221238939,35.15044247787612,35.25663716814161,4387642.0,44498215.0,0.0282388629931074,10.23,10.44,9.93,9.96,2026-07-16,10.24,3.5398230088495586
600698,湖南天雁,2026-07-17,35.14341490443161,35.38536612580463,33.933658797566494,34.478049045655794,11072537.0,63358224.0,0.013333149240757628,5.81,5.85,5.61,5.7,2026-07-16,5.8,6.048780534325578
600699,均胜电子,2026-07-17,94.21665476371575,96.6001787267119,89.26971823674262,89.94430049042077,32200172.0,656876627.0,0.023071470340956097,20.95,21.48,19.85,20.0,2026-07-16,20.95,4.497215024521038
600702,舍得酒业,2026-07-17,125.54263343892175,127.9739168329854,119.72228834404217,120.53271614206338,8563672.0,285401468.0,0.025798010798977734,34.08,34.74,32.5,32.72,2026-07-16,34.4,3.6837627182782207
600703,三安光电,2026-07-17,286.700005281056,287.3409143837707,263.4136412157541,265.97727762661304,210811175.0,2715951255.0,0.04225503782118796,13.42,13.45,12.33,12.45,2026-07-16,13.59,21.363636757157675
600704,物产中大,2026-07-17,124.2699966430664,125.78857094013036,122.49832662982513,122.75142234600246,43965022.0,215836097.0,0.008501932428423023,4.91,4.97,4.84,4.85,2026-07-16,4.9,25.309571617732466
600706,曲江文旅,2026-07-17,21.383477256859567,21.884882930468688,20.410160361030098,20.58712706936273,8942300.0,63714485.0,0.03520172218903829,7.25,7.42,6.92,6.98,2026-07-16,7.27,2.9494451388771816
600707,彩虹股份,2026-07-17,22.452821786481454,22.839155764588927,21.22564326778712,21.589251717770626,129376143.0,1257188912.0,0.036061330240639886,9.88,10.05,9.34,9.5,2026-07-16,9.98,2.272552812396908
600708,光明地产,2026-07-17,41.79298923406572,42.69038470841683,38.97260345753368,39.229002164491135,30251040.0,95026106.0,0.013594275912083427,3.26,3.33,3.04,3.06,2026-07-16,3.26,12.81993534787292
600710,苏美达,2026-07-17,85.21200027465821,86.44695680037789,84.22403505408246,84.30636548913044,12085851.0,125352424.0,0.009248789925245913,10.35,10.5,10.23,10.24,2026-07-16,10.35,8.233043504797894
600711,盛屯矿业,2026-07-17,102.18053710937504,102.59506261488976,96.06628590303313,96.89533691406254,101656555.0,967812220.0,0.03289205172584952,9.86,9.9,9.27,9.35,2026-07-16,9.95,10.363137637867652
600712,南宁百货,2026-07-17,30.738615006666915,32.26599960327149,29.465794509496444,29.72035860893054,12893100.0,62006111.0,0.023936023376556356,4.83,5.07,4.63,4.67,2026-07-16,4.88,6.364102485852364
600713,南京医药,2026-07-17,90.33554099810006,91.68635282610903,86.62080847107539,86.7896599495765,26516541.0,139258260.0,0.02055842696763019,5.35,5.43,5.13,5.14,2026-07-16,5.38,16.885147850112162
600714,金瑞矿业,2026-07-17,38.64728314677541,38.72819162510083,35.35700502820834,35.81548640538572,16754000.0,229600733.0,0.05813802720670206,14.33,14.36,13.11,13.28,2026-07-16,14.17,2.696949277513985
600715,文投控股,2026-07-17,7.056736810583817,7.146631547024374,6.652210496601304,6.697157864821584,43614300.0,66481999.0,0.01523711674368491,1.57,1.59,1.48,1.49,2026-07-16,1.56,4.4947368220279085
600716,凤凰股份,2026-07-17,16.599730445243218,16.8389196447424,15.738649327046163,15.786487166945998,9049700.0,30595110.0,0.009667857077499653,3.47,3.52,3.29,3.3,2026-07-16,3.47,4.783783989983636
600717,天津港,2026-07-17,149.29715242321856,151.74464672523857,147.89858425063576,147.89858425063576,29784569.0,128004470.0,0.010291830793738644,4.27,4.34,4.23,4.23,2026-07-16,4.26,34.9642043145711
600718,东软集团,2026-07-17,144.01955990220048,144.92420537897308,137.86797066014668,138.0488997555012,16302060.0,126793665.0,0.013625485308128392,7.96,8.01,7.62,7.63,2026-07-16,7.89,18.09290953545232
600719,大连热电,2026-07-17,38.298933392380484,39.564559064829844,37.63860695458082,38.023797376630625,18983304.0,133408314.0,0.046918741392725054,6.96,7.19,6.84,6.91,2026-07-16,6.99,5.502720314997196
600720,中交设计,2026-07-17,70.97505276702171,72.8641226125318,69.89558428387309,70.30038496505382,13552493.0,71555540.0,0.013430946014257606,5.26,5.4,5.18,5.21,2026-07-16,5.28,13.49335603935774
600721,百花医药,2026-07-17,11.336625108339495,11.658024273782111,10.927571625048897,10.927571625048897,31812744.0,243268656.0,0.08272770680282561,7.76,7.98,7.48,7.48,2026-07-16,8.31,1.4609052974664298
600722,金牛化工,2026-07-17,46.57202027394221,50.2859915109781,46.10040487876305,50.2859915109781,49273865.0,410446552.0,0.07242751714857061,7.9,8.53,7.82,8.53,2026-07-16,7.75,5.89519243973952
600724,宁波富达,2026-07-17,104.12270965126059,105.52436151195063,96.71397838761321,97.51492230800753,14826100.0,74185689.0,0.01026068394918679,5.2,5.27,4.83,4.87,2026-07-16,5.2,20.023598009857807
600725,云维股份,2026-07-17,26.014700241088867,26.755625247955322,24.862150230407714,25.68540023803711,17139300.0,53485298.0,0.013906464254708026,3.16,3.25,3.02,3.12,2026-07-16,3.19,8.232500076293945
600726,华电能源,2026-07-17,19.883666842899657,20.713656565924506,18.945417590784608,19.125850139268273,162925600.0,896894627.0,0.02179508659766223,5.51,5.74,5.25,5.3,2026-07-16,5.55,3.608650969673259
600727,鲁北化工,2026-07-17,39.686636630619795,40.598973104886916,38.77430015635267,39.344510452769626,15010601.0,104464081.0,0.02839780538968577,6.96,7.12,6.8,6.9,2026-07-16,6.96,5.7021029641695105
600728,佳都科技,2026-07-17,55.95740886487459,56.866229890522206,53.620440513209296,54.00993523848685,39452514.0,167733101.0,0.018499731628670014,4.31,4.38,4.13,4.16,2026-07-16,4.32,12.983157509251646
600729,重百集团,2026-07-17,93.53823608337001,95.96054100186367,93.16557378821715,94.70280575572272,7125600.0,145202368.0,0.03701940314223537,20.08,20.6,20.0,20.33,2026-07-16,20.1,4.658278689410857
600731,湖南海利,2026-07-17,48.802485206834376,49.521490513749065,47.454350256369345,47.634101583098015,11278120.0,60824830.0,0.020820529673032825,5.43,5.51,5.28,5.3,2026-07-16,5.45,8.987566336433588
600732,爱旭股份,2026-07-17,86.29251962731905,87.33302428520473,81.92240006419921,82.13050099577633,33506506.0,408560834.0,0.015915664663421446,12.44,12.59,11.81,11.84,2026-07-16,12.36,6.936697719237866
600733,北汽蓝谷,2026-07-17,38.98629235273955,39.5596201814563,37.34821284212023,37.839636695306034,77511330.0,361451175.0,0.013952109124828225,4.76,4.83,4.56,4.62,2026-07-16,4.79,8.190397553096544
600736,苏州高新,2026-07-17,188.1183787906402,190.3986015638601,177.57234846449828,177.85737631115077,33642670.0,216704624.0,0.029221642724843087,6.6,6.68,6.23,6.24,2026-07-16,6.67,28.50278466524852
600737,中粮糖业,2026-07-17,176.01077885917545,178.43851373999166,169.9414416571349,172.0657096778491,30387632.0,347785839.0,0.014207474659581129,11.6,11.76,11.2,11.34,2026-07-16,11.79,15.173343005101332
600738,丽尚国潮,2026-07-17,30.079065697215427,30.85429934920552,29.38135541042435,29.768972236419394,12577300.0,48670117.0,0.016534585165133328,3.88,3.98,3.79,3.84,2026-07-16,3.92,7.752336519900884
600739,辽宁成大,2026-07-17,348.2091261732635,355.2891638588566,338.8763492240725,339.19816911887216,21826993.0,234323912.0,0.014338017883499407,10.82,11.04,10.53,10.54,2026-07-16,10.89,32.1819894799689
600740,山西焦化,2026-07-17,51.354126970070865,52.227001649448844,49.75385672454458,49.899335837774245,34355500.0,120473330.0,0.013409006809207275,3.53,3.59,3.42,3.43,2026-07-16,3.5,14.547911322966252
600741,华域汽车,2026-07-17,970.9479113032961,991.1880404847228,969.7913324929289,976.7308053551324,24087570.0,408291862.0,0.0076402406687816156,16.79,17.14,16.77,16.89,2026-07-16,16.78,57.82894051836189
600742,富维股份,2026-07-17,170.87831754684447,173.4356801223755,166.46105491638184,167.6234924507141,5461700.0,39991539.0,0.007350302240250787,7.35,7.46,7.16,7.21,2026-07-16,7.36,23.248750686645508
600743,华远控股,2026-07-17,27.36373652001764,27.626849371171655,26.048172264247558,26.44284154097858,32224810.0,65497861.0,0.013735475041641368,2.08,2.1,1.98,2.01,2026-07-16,2.08,13.155642557700787
600744,华银电力,2026-07-17,22.186956073926847,24.487825592704443,22.063695206849474,24.487825592704443,85451553.0,500534522.0,0.042071060886745136,5.4,5.96,5.37,5.96,2026-07-16,5.42,4.108695569245712
600746,江苏索普,2026-07-17,51.28961114987569,53.63619466653667,50.28393249987812,50.61915871654398,39625443.0,244682855.0,0.033930457206947366,6.12,6.4,6.0,6.04,2026-07-16,6.12,8.380655416646354
600748,上实发展,2026-07-17,25.18307305656722,25.659509573853626,23.413451706646278,23.61763878548331,18383995.0,65683384.0,0.009966586165065279,3.7,3.77,3.44,3.47,2026-07-16,3.7,6.806235961234384
600749,西藏旅游,2026-07-17,45.57828136156964,46.454786772369054,43.07398018785702,43.7939667752994,12151900.0,172658690.0,0.05354073235715362,14.56,14.84,13.76,13.99,2026-07-16,14.66,3.130376467140772
600750,华润江中,2026-07-17,554.1121543211957,555.1708324914692,533.7855334519428,533.7855334519428,6012144.0,154697292.0,0.009560913190309049,26.17,26.22,25.21,25.21,2026-07-16,26.14,21.17356340547175
600751,海航科技,2026-07-17,13.456490993499756,13.687702178955078,13.08655309677124,13.132795333862305,36976374.0,106828467.0,0.014369862941574493,2.91,2.96,2.83,2.84,2026-07-16,2.9,4.624223709106445
600754,锦江酒店,2026-07-17,62.212541926561855,63.241982774767514,60.8742688238945,60.97721290871507,13087605.0,235968338.0,0.014444777615633468,18.13,18.43,17.74,17.77,2026-07-16,18.13,3.431469494018856
600755,厦门国贸,2026-07-17,174.59712818132732,177.25596769677898,173.7108483428434,174.59712818132732,19788700.0,117632159.0,0.009281064292665783,5.91,6.0,5.88,5.91,2026-07-16,5.92,29.542661282796498
600756,浪潮软件,2026-07-17,71.21918498370667,73.68951833738505,66.01571685574581,67.11948282228296,17574369.0,234244792.0,0.05422535211050318,13.55,14.02,12.56,12.77,2026-07-16,13.86,5.2560284120816725
600757,长江传媒,2026-07-17,68.3108094080855,69.45078440462608,67.43390556459275,67.43390556459275,14069811.0,109963922.0,0.011594433118312932,7.79,7.92,7.69,7.69,2026-07-16,7.77,8.769038434927536
600758,辽宁能源,2026-07-17,8.719944255029118,8.920074123177328,8.54840436804494,8.634174311537029,62124400.0,190595498.0,0.04703744897171146,3.05,3.12,2.99,3.02,2026-07-16,3.05,2.8589981164029896
600760,中航沈飞,2026-07-17,401.7538373713728,411.14155266673407,400.3406329183077,405.8925075553493,20306023.0,820502747.0,0.0071764075472579006,39.8,40.73,39.66,40.21,2026-07-16,39.95,10.09431752189379
600761,安徽合力,2026-07-17,301.07699265716764,304.1290551945391,292.45940431635427,293.3570697685223,13856132.0,229955255.0,0.015556578661808615,16.77,16.94,16.29,16.34,2026-07-16,16.77,17.95330904336122
600763,通策医疗,2026-07-17,125.07540075191709,126.17860164057788,120.83497233612717,121.69684803039341,10720602.0,382379548.0,0.02396794733550381,36.28,36.6,35.05,35.3,2026-07-16,36.64,3.4475027770649693
600764,中国海防,2026-07-17,150.4533980582524,151.22451456310677,145.8266990291262,146.9405339805825,5138266.0,89058386.0,0.00723058474815169,17.56,17.65,17.02,17.15,2026-07-16,17.56,8.567961165048542
600765,中航重机,2026-07-17,170.51583847013126,172.61611053750778,167.36543036906647,167.8904983859106,18298795.0,237258533.0,0.011786707836960208,12.99,13.15,12.75,12.79,2026-07-16,13.04,13.126700421103253
600768,宁波富邦,2026-07-17,47.31598442563644,47.994349793745926,44.534686416387565,45.72182581057916,3913400.0,53525818.0,0.02925967795961336,13.95,14.15,13.13,13.48,2026-07-16,14.01,3.3918268405474152
600769,祥龙电业,2026-07-17,88.533308908416,93.49831489004741,80.22110788298816,81.8947054048864,18470900.0,284110997.0,0.049258728264011786,15.87,16.76,14.38,14.68,2026-07-16,15.95,5.578658406327411
600770,综艺股份,2026-07-17,125.91103517636049,126.96029380283015,114.36919028519411,114.36919028519411,70270164.0,390955881.0,0.05405397230769231,6.0,6.05,5.45,5.45,2026-07-16,6.05,20.985172529393413
600771,广誉远,2026-07-17,116.73435291167229,119.11972921638079,111.814514283211,112.11268632129955,16965601.0,260861270.0,0.034659669152214544,15.66,15.98,15.0,15.04,2026-07-16,15.81,7.454300952214067
600773,西藏城投,2026-07-17,68.98209847452698,69.54649746204583,65.21943855773459,66.41094753138552,26510272.0,284207519.0,0.027859014216216615,11.0,11.09,10.4,10.59,2026-07-16,11.01,6.271099861320634
600774,汉商集团,2026-07-17,45.63249047379813,45.95704588257337,42.906225040086156,43.23078044886139,6892701.0,46761842.0,0.023374582415555182,7.03,7.08,6.61,6.66,2026-07-16,7.03,6.491108175504713
600775,南京熊猫,2026-07-17,12.844036697247706,13.093577981651375,12.330275229357797,12.41834862385321,15419406.0,133146525.0,0.022951059420410227,8.75,8.92,8.4,8.46,2026-07-16,8.91,1.4678899082568806
600776,东方通信,2026-07-17,60.26777139962864,60.516811777313066,57.229478791878776,57.27928686741566,18036869.0,211868588.0,0.01886701651936291,12.1,12.15,11.49,11.5,2026-07-16,12.18,4.980807553688318
600778,友好集团,2026-07-17,22.081541106129812,22.62418767395531,20.745795708405513,21.079732057836587,10827300.0,55978440.0,0.03479043139074564,5.29,5.42,4.97,5.05,2026-07-16,5.28,4.174204367888433
600779,水井坊,2026-07-17,198.68969541607476,201.6284679673226,190.446796796721,191.59363486550066,4240210.0,114675735.0,0.008697809609035632,27.72,28.13,26.57,26.73,2026-07-16,27.7,7.1677379298728265
600780,通宝能源,2026-07-17,70.46157518860022,72.97378754676762,70.46157518860022,71.65786678772756,16458265.0,99167832.0,0.01435519300640911,5.89,6.1,5.89,5.99,2026-07-16,5.92,11.962915991273382
600782,新钢股份,2026-07-17,40.3868324306936,41.09537335053033,39.81999969482422,39.96170787879156,58793500.0,167684944.0,0.01869040097732688,2.85,2.9,2.81,2.82,2026-07-16,2.84,14.170818396734596
600783,鲁信创投,2026-07-17,101.47373243686526,102.0614181459591,93.37672933379494,93.70322139440262,18051271.0,268949194.0,0.024250749799867487,15.54,15.63,14.3,14.35,2026-07-16,15.63,6.529841212153492
600784,鲁银投资,2026-07-17,56.02924355171824,57.302635450620926,53.10793272482383,53.10793272482383,12028700.0,88088600.0,0.017803092521806153,7.48,7.65,7.09,7.09,2026-07-16,7.55,7.490540581780513
600785,新华百货,2026-07-17,46.48141254011994,48.98463539074942,41.72038084382465,42.211208853752,50928544.0,464638111.0,0.1612255686736849,9.47,9.98,8.5,8.6,2026-07-16,9.32,4.9082800992734885
600787,中储股份,2026-07-17,154.79824016579045,157.8401269812754,153.1083030460766,153.78427789396213,28701427.0,132215740.0,0.013225979009280407,4.58,4.67,4.53,4.55,2026-07-16,4.58,33.79874239427739
600789,鲁抗医药,2026-07-17,21.84093246008814,22.046149275149368,20.961431824111436,20.961431824111436,36153239.0,263446359.0,0.035784720894637016,7.45,7.52,7.15,7.15,2026-07-16,7.47,2.931668786589012
600790,轻纺城,2026-07-17,43.18908958528786,44.130907738238065,42.1127259819162,42.516362333180574,23601165.0,75753958.0,0.016101317417895764,3.21,3.28,3.13,3.16,2026-07-16,3.22,13.454545042145751
600791,京能置业,2026-07-17,53.642540740966766,53.863899230957,48.477509307861304,49.06779861450193,21527600.0,147810630.0,0.04759440227076387,7.27,7.3,6.57,6.65,2026-07-16,7.25,7.378616333007809
600792,云煤能源,2026-07-17,22.87192882191051,23.49195098876953,21.976341247558594,22.04523259943182,22741000.0,74690884.0,0.02048879760733081,3.32,3.41,3.19,3.2,2026-07-16,3.33,6.889135187322443
600793,宜宾纸业,2026-07-17,33.9156053962046,34.52254178482673,32.28901587469729,32.89595226331942,8525600.0,117496431.0,0.04819336987073927,13.97,14.22,13.3,13.55,2026-07-16,14.03,2.427745554488518
600794,XD保税科,2026-07-17,68.74081026356545,69.84953300975198,67.18859841890429,67.6320875173789,13560900.0,41862169.0,0.011299317274817847,3.1,3.15,3.03,3.05,2026-07-16,3.08,22.17445492373079
600795,国电电力,2026-07-17,1409.583173996176,1451.9311663479923,1409.583173996176,1436.8068833652007,216791531.0,1030748297.0,0.012154976510952153,4.66,4.8,4.66,4.75,2026-07-16,4.67,302.48565965583174
600796,钱江生化,2026-07-17,44.147174432901785,45.13220266568459,43.25169422128106,43.699434327091424,7735100.0,38248064.0,0.024833544444626692,4.93,5.04,4.83,4.88,2026-07-16,4.95,8.95480211620726
600797,浙大网新,2026-07-17,82.65071617136039,84.44190816269017,79.0683321887008,79.70804361417574,30317015.0,192926562.0,0.029504853486144594,6.46,6.6,6.18,6.23,2026-07-16,6.5,12.794228509498511
600798,宁波海运,2026-07-17,26.733872395039935,27.163677417468232,26.3900283770973,26.733872395039935,15923602.0,49688165.0,0.013197804079488337,3.11,3.16,3.07,3.11,2026-07-16,3.11,8.596100448565895
600800,渤海化学,2026-07-17,38.43480632101842,39.4495866859298,36.40524559119567,37.03948331926528,30352667.0,90478087.0,0.027351392764095015,3.03,3.11,2.87,2.92,2026-07-16,3.05,12.68475456139222
600801,华新建材,2026-07-17,234.0484280145469,249.23996186456762,233.30737758283857,246.52277694830377,27779805.0,549813239.0,0.020704966592663382,18.95,20.18,18.89,19.96,2026-07-16,18.96,12.350840528472132
600802,福建水泥,2026-07-17,17.614501861937022,18.108366400122172,16.8325496764772,17.038326567387678,8427440.0,35699700.0,0.018390549754238098,4.28,4.4,4.09,4.14,2026-07-16,4.28,4.115537818209584
600803,新奥股份,2026-07-17,124.40440070313493,127.38460440548275,124.32798522358753,124.63364714177705,8569792.0,141284751.0,0.0027898940294625633,16.28,16.67,16.27,16.31,2026-07-16,16.3,7.641547954738017
600805,悦达投资,2026-07-17,53.0683250590967,53.93626495492305,51.82841092220191,52.57235940433879,7246930.0,30887739.0,0.008523038856277912,4.28,4.35,4.18,4.24,2026-07-16,4.3,12.399141368947827
600807,济高发展,2026-07-17,16.279386830243812,16.540903084544915,15.56021713091577,15.690975258066322,14129700.0,34395050.0,0.017953454266099657,2.49,2.53,2.38,2.4,2026-07-16,2.5,6.537906357527635
600808,马钢股份,2026-07-17,6.302083532015484,6.428125202655792,6.12562519311905,6.12562519311905,82348200.0,204356435.0,0.013798866178131575,2.5,2.55,2.43,2.43,2026-07-16,2.49,2.5208334128061933
600809,山西汾酒,2026-07-17,900.3398714011495,910.5409526129963,877.368547783361,878.3508741222796,10943215.0,1286938430.0,0.008970111420201961,119.15,120.5,116.11,116.24,2026-07-16,119.15,7.556356453219887
600810,神马股份,2026-07-17,30.519811162408793,32.48720394808473,30.31802728695485,31.42783860195154,26647430.0,164726921.0,0.024656355154923613,6.05,6.44,6.01,6.23,2026-07-16,6.04,5.044596886348561
600812,华北制药,2026-07-17,22.94857091563088,23.222856623785834,21.942856652396063,22.034285221781047,43700886.0,215061374.0,0.02547071892187815,5.02,5.08,4.8,4.82,2026-07-16,5.07,4.57142846924918
600814,杭州解百,2026-07-17,44.96372356973431,46.400920213515775,44.142468344716335,44.553095957225324,8105428.0,53456768.0,0.011026614054678273,6.57,6.78,6.45,6.51,2026-07-16,6.64,6.843793541816486
600815,厦工股份,2026-07-17,15.617976075127011,15.802440359478904,15.064583222071331,15.126071316855294,44668750.0,111313929.0,0.02517833773993818,2.54,2.57,2.45,2.46,2026-07-16,2.56,6.148809478396461
600816,建元信托,2026-07-17,78.60966420491536,79.90899749755859,76.66066426595052,76.98549758911133,79482616.0,190996376.0,0.014532933192976221,2.42,2.46,2.36,2.37,2026-07-16,2.43,32.48333231608073
600817,宇通重工,2026-07-17,47.83249749247742,48.865596790371114,46.954363089267794,47.21263791374122,2432564.0,22577341.0,0.004596296622505628,9.26,9.46,9.09,9.14,2026-07-16,9.27,5.165496489468405
600819,耀皮玻璃,2026-07-17,17.721235039830212,17.861047545075422,17.16198501884938,17.301797524094585,10345096.0,51893608.0,0.013107384628043452,5.07,5.11,4.91,4.95,2026-07-16,5.09,3.4953126311302194
600820,隧道股份,2026-07-17,201.4963580215186,205.48279675935441,200.40914745665432,200.77155097827574,25930810.0,145359180.0,0.008247461026870255,5.56,5.67,5.53,5.54,2026-07-16,5.54,36.24035216214364
600821,金开新能,2026-07-17,29.98745519464665,30.397540052009337,28.5008975867069,29.0647642655806,104289911.0,603854842.0,0.05301102435617813,5.85,5.93,5.56,5.67,2026-07-16,5.87,5.126060717033615
600822,上海物贸,2026-07-17,22.346471365760355,23.437874118666844,22.319186296937694,22.728462329277626,7929405.0,66591591.0,0.0200162738206357,8.19,8.59,8.18,8.33,2026-07-16,8.21,2.7285068822662217
600824,益民集团,2026-07-17,117.98428344726561,121.009521484375,115.63132052951389,116.63973320855035,12459691.0,43826278.0,0.011821035075063959,3.51,3.6,3.44,3.47,2026-07-16,3.54,33.61375596788194
600825,新华传媒,2026-07-17,65.67779937744139,67.99583935546873,62.200739410400374,62.97341940307615,26052113.0,130950493.0,0.02493292749073501,5.1,5.28,4.83,4.89,2026-07-16,4.93,12.877999877929684
600826,兰生股份,2026-07-17,81.96088297710787,83.86916896027685,76.14061072844247,76.90392512171006,10608700.0,87717742.0,0.014649186295814985,8.59,8.79,7.98,8.06,2026-07-16,8.59,9.54142991584492
600827,百联股份,2026-07-17,71.40353083174934,73.14731885977406,70.21041270731138,70.21041270731138,20354933.0,158747781.0,0.01268654929410324,7.78,7.97,7.65,7.65,2026-07-16,7.83,9.17783172644593
600828,茂业商业,2026-07-17,45.26333333333333,47.48333333333333,43.04333333333333,43.66,27234782.0,99314989.0,0.015730280907967818,3.67,3.85,3.49,3.54,2026-07-16,3.72,12.333333333333332
600829,人民同泰,2026-07-17,95.29379377693965,97.87466735839844,92.91144893251617,92.91144893251617,24254724.0,230290651.0,0.041826523448606455,9.6,9.86,9.36,9.36,2026-07-16,10.4,9.926436851764548
600830,香溢融通,2026-07-17,92.88119750976563,95.4991724395752,90.26322257995605,91.05999755859375,6407723.0,52253752.0,0.014103900899331374,8.16,8.39,7.93,8.0,2026-07-16,8.1,11.382499694824219
600831,广电网络,2026-07-17,20.189157502035084,20.777191215686592,19.143764233321296,19.535786709088967,16058900.0,48748352.0,0.02258804127551608,3.09,3.18,2.93,2.99,2026-07-16,3.12,6.533707929461192
600833,第一医药,2026-07-17,99.68902859946554,101.8434083923813,97.24086974387944,97.63257516077323,6045508.0,61152832.0,0.027099408284272996,10.18,10.4,9.93,9.97,2026-07-16,10.16,9.792635422344356
600834,申通地铁,2026-07-17,37.76000043737743,38.506667112692796,37.12000042996425,37.60000043552413,3006000.0,21255458.0,0.006296845289936158,7.08,7.22,6.96,7.05,2026-07-16,7.12,5.333333395109806
600835,上海机电,2026-07-17,129.60230804907675,130.95099410905226,120.48262135781367,121.76708427207608,9978518.0,194500103.0,0.012372553996302315,20.18,20.39,18.76,18.96,2026-07-16,20.28,6.422314571312029
600838,上海九百,2026-07-17,90.90195653491031,93.64146755377061,86.91721323474987,88.16244551605,11637001.0,83912829.0,0.029028496045074174,7.3,7.52,6.98,7.08,2026-07-16,7.33,12.452322813001413
600839,四川长虹,2026-07-17,241.035687644726,243.37583995195638,229.0006186361128,230.3378485259587,165060761.0,1162836430.0,0.035766466007135914,7.21,7.28,6.85,6.89,2026-07-16,7.31,33.43074724614785
600841,动力新科,2026-07-17,17.32471813784848,17.50150097598979,16.175629689929956,16.26402110900061,18855000.0,106926384.0,0.0180772362386845,5.88,5.94,5.49,5.52,2026-07-16,5.9,2.9463806356885165
600843,上工申贝,2026-07-17,19.432794137660885,19.749008243451225,18.484151820289867,18.54164529406993,10673775.0,70828816.0,0.022747779077113336,6.76,6.87,6.43,6.45,2026-07-16,6.76,2.8746736890030897
600844,金煤科技,2026-07-17,19.561992569223186,20.60252408886272,18.729567353511563,19.561992569223186,106342001.0,299410458.0,0.12925494275444713,2.82,2.97,2.7,2.82,2026-07-16,2.84,6.936876797596875
600845,宝信软件,2026-07-17,292.3359727473509,297.44836654738407,285.6743687048835,288.92771021399545,21326729.0,401484918.0,0.00999352756349665,18.87,19.2,18.44,18.65,2026-07-16,19.04,15.49210242434292
600846,同济科技,2026-07-17,276.3521969130216,286.0280637562614,257.4724567310901,260.3044177583798,9855796.0,112628906.0,0.015775293047979606,11.71,12.12,10.91,11.03,2026-07-16,11.96,23.59967522741431
600847,万里股份,2026-07-17,22.23677368466017,22.329814578738247,20.282914909020576,20.52482123362357,3160266.0,36056962.0,0.020616606452976565,11.95,12.0,10.9,11.03,2026-07-16,11.74,1.8608178815615206
600848,上海临港,2026-07-17,25.20904114543406,25.389967278056794,24.75672581387723,24.75672581387723,13246915.0,110174573.0,0.0055335841456709885,8.36,8.42,8.21,8.21,2026-07-16,8.36,3.0154355437122082
600850,电科数字,2026-07-17,144.0146019472323,146.48060540523286,139.37851544619127,140.46355696771153,12256004.0,177242503.0,0.015015224306581308,14.6,14.85,14.13,14.24,2026-07-16,14.76,9.864013832002213
600851,海欣股份,2026-07-17,178.93846365121695,181.56693825852298,164.78513884264612,164.78513884264612,39395504.0,330107547.0,0.05336653742949919,8.85,8.98,8.15,8.15,2026-07-16,9.06,20.219035440815475
600853,龙建股份,2026-07-17,10.724089392760886,10.922072581550319,10.526106203971455,10.559103402103027,13351280.0,43495184.0,0.01317089087274589,3.25,3.31,3.19,3.2,2026-07-16,3.23,3.299719813157196
600854,春兰股份,2026-07-17,29.227545449168414,30.047009340266595,28.544658873253262,28.681236188436294,8269500.0,35444390.0,0.015919461121649714,4.28,4.4,4.18,4.2,2026-07-16,4.32,6.8288657591514985
600855,航天长峰,2026-07-17,19.26046291802995,19.29335867023837,18.273590351777347,18.454516988923658,9775100.0,111534632.0,0.020903057235547785,11.71,11.73,11.11,11.22,2026-07-16,11.78,1.6447876104210033
600857,宁波中百,2026-07-17,124.25477052482576,137.02147753424202,112.42938753453694,112.42938753453694,23056404.0,484970911.0,0.10278357848372796,21.12,23.29,19.11,19.11,2026-07-16,21.23,5.883275119546674
600858,银座股份,2026-07-17,34.325167930289474,35.17620515170161,33.04861209817127,33.40321094042633,8549500.0,40996174.0,0.016519239801800114,4.84,4.96,4.66,4.71,2026-07-16,4.84,7.091976845101131
600859,王府井,2026-07-17,49.09997972295366,50.12697133070469,47.92627502838107,47.97517939065493,24524520.0,244921653.0,0.02182230608542625,10.04,10.25,9.8,9.81,2026-07-16,10.0,4.890436227385823
600860,京城股份,2026-07-17,13.162339401452664,13.396485210373042,12.643873681700398,12.727497184886248,6306867.0,48947208.0,0.01420335061652039,7.87,8.01,7.56,7.61,2026-07-16,7.91,1.672470063716984
600861,北京人力,2026-07-17,34.257068299645304,34.72385651266091,33.45315526611843,33.479087944619295,3844576.0,50476435.0,0.007161819442396773,13.21,13.39,12.9,12.91,2026-07-16,13.28,2.5932678500866997
600862,中航高科,2026-07-17,152.67052682044473,153.85401927641715,146.20076806112874,146.4374665523232,20332172.0,387020471.0,0.014595445270257799,19.35,19.5,18.53,18.56,2026-07-16,19.47,7.889949706482931
600863,华能蒙电,2026-07-17,105.18998988749047,107.24805490702835,102.6745770858331,104.27529432325142,217330870.0,1000289952.0,0.03329777932351226,4.6,4.69,4.49,4.56,2026-07-16,4.62,22.86738910597619
600864,哈投股份,2026-07-17,57.604398803710936,58.459380604137074,56.856289728338076,56.96316245339134,39223400.0,211815619.0,0.018852232896196183,5.39,5.47,5.32,5.33,2026-07-16,5.41,10.687272505326705
600865,百大集团,2026-07-17,52.54354066985646,54.96004784688995,50.374880382775125,50.93253588516747,13384400.0,113467397.0,0.03557407175896588,8.48,8.87,8.13,8.22,2026-07-16,8.54,6.196172248803828
600866,星湖科技,2026-07-17,82.57582990134635,83.72499652025176,81.26249662259731,82.24749658165909,29899887.0,150018177.0,0.023810015445161488,5.03,5.1,4.95,5.01,2026-07-16,5.04,16.416665984363092
600867,通化东宝,2026-07-17,344.58083832335325,349.8508982035928,324.71676646706584,324.71676646706584,49156753.0,406110912.0,0.025098635716380345,8.5,8.63,8.01,8.01,2026-07-16,8.58,40.53892215568862
600868,梅雁吉祥,2026-07-17,94.17151295861532,96.80831532145656,92.66476875127748,95.3015711141187,56763810.0,143455828.0,0.02990482812437265,2.5,2.57,2.46,2.53,2026-07-16,2.52,37.66860518344613
600869,远东股份,2026-07-17,206.4175152973615,207.29124022983711,186.3218418504226,186.3218418504226,101355763.0,1805622025.0,0.045669064182192874,18.9,18.98,17.06,17.06,2026-07-16,18.95,10.921561655945053
600871,石化油服,2026-07-17,5.082291503747304,5.255833164850872,4.983124840259552,5.057499837875366,207631486.0,427801796.0,0.01532673630320218,2.05,2.12,2.01,2.04,2026-07-16,2.05,2.479166587193807
600872,中炬高新,2026-07-17,220.39741882129007,225.09422050101924,214.99609688960155,216.05287726754062,21269320.0,398757240.0,0.02758709782688562,18.77,19.17,18.31,18.4,2026-07-16,18.73,11.74200419932286
600873,梅花生物,2026-07-17,80.77965599499099,81.89900457690771,79.47374931608813,79.56702836458119,24144130.0,208697242.0,0.008609860708687498,8.66,8.78,8.52,8.53,2026-07-16,8.66,9.327904849306119
600874,创业环保,2026-07-17,10.507263662893065,10.73734972850386,10.449742146490365,10.488089824092164,12523101.0,69214366.0,0.010177923384473011,5.48,5.6,5.45,5.47,2026-07-16,5.49,1.9173838800899752
600875,东方电气,2026-07-17,87.72308456023558,88.19873257876513,83.57815182733522,84.49547300592792,44067835.0,1114102271.0,0.019470038612989248,25.82,25.96,24.6,24.87,2026-07-16,25.82,3.397485846639643
600876,凯盛新能,2026-07-17,9.4885128498654,9.616928813247036,9.1460702808477,9.20314404235065,3952700.0,25920960.0,0.00998976526093717,6.65,6.74,6.41,6.45,2026-07-16,6.66,1.4268440375737441
600877,电科芯片,2026-07-17,62.207440661429004,62.393134514149686,55.75457927938525,55.75457927938525,30932075.0,389755609.0,0.02612375071437711,13.4,13.44,12.01,12.01,2026-07-16,13.34,4.64234631801709
600879,航天电子,2026-07-17,627.2841005067568,638.8589856946791,582.4780933277027,607.8681640625,163647225.0,2628058514.0,0.04960059953141554,16.8,17.11,15.6,16.28,2026-07-16,16.99,37.33833931587838
600880,博瑞传播,2026-07-17,140.09788620639853,143.6901396988703,132.19492852296068,132.91337922145502,33489580.0,127405567.0,0.03063920902275182,3.9,4.0,3.68,3.7,2026-07-16,3.94,35.922534924717574
600881,亚泰集团,2026-07-17,95.40837696620395,102.57779257638113,93.20240293230329,102.57779257638113,304422902.0,551282057.0,0.09418585429029468,1.73,1.86,1.69,1.86,2026-07-16,1.69,55.149350847516736
600882,妙可蓝多,2026-07-17,56.89046043881102,58.30326123019612,54.165773198282594,54.51897339612887,23170883.0,513643217.0,0.04557127898819064,22.55,23.11,21.47,21.61,2026-07-16,22.11,2.5228585560448344
600883,博闻科技,2026-07-17,37.729256010972534,38.4538233417731,35.50379920922793,35.76257325594242,5614490.0,39852327.0,0.02378134424451899,7.29,7.43,6.86,6.91,2026-07-16,7.3,5.175480934289785
600884,杉杉股份,2026-07-17,420.7424624657957,423.51735092393784,403.74627065967536,408.25546440415627,51937249.0,618789603.0,0.028301985269931648,12.13,12.21,11.64,11.77,2026-07-16,12.1,34.68610572677623
600885,宏发股份,2026-07-17,274.4172519829034,279.0782668785791,260.0180452516197,261.8491582463495,24291534.0,780332305.0,0.015696318987442545,32.97,33.53,31.24,31.46,2026-07-16,33.0,8.323240885135075
600886,国投电力,2026-07-17,793.1799794443837,815.0910286003059,790.9888745287914,808.5177138535291,83643048.0,1232818972.0,0.011220959284301524,14.48,14.88,14.44,14.76,2026-07-16,14.49,54.7776228898055
600887,伊利股份,2026-07-17,2758.9817015139643,2789.578439312781,2746.3209824247992,2754.761461817576,67180326.0,1760922559.0,0.010673828431202466,26.15,26.44,26.03,26.11,2026-07-16,26.03,105.50599240971184
600888,新疆众和,2026-07-17,144.52479435847354,147.31754400791266,131.67814597105368,133.07452079577322,69300097.0,684923317.0,0.04462090269029921,10.35,10.55,9.43,9.53,2026-07-16,10.4,13.963748247195513
600893,航发动力,2026-07-17,123.03709041711059,124.18420313979644,119.04069770581798,119.63275588526872,31900685.0,1047704696.0,0.011969677931302306,33.25,33.56,32.17,32.33,2026-07-16,33.4,3.7003636215672358
600894,广日股份,2026-07-17,36.89128170227737,37.41087721921085,36.32445022925903,36.46615809751361,5010995.0,39248813.0,0.005943222456977701,7.81,7.92,7.69,7.72,2026-07-16,7.81,4.723595608486219
600895,张江高科,2026-07-17,666.3278415961306,672.4622883917775,635.8671402660218,640.3093258766627,28674153.0,884822702.0,0.018515107175611795,31.5,31.79,30.06,30.27,2026-07-16,31.89,21.153264812575575
600897,厦门空港,2026-07-17,110.37186055048274,111.73728562945777,108.3995798808521,109.38572021566742,2003300.0,29133456.0,0.0048048372164419305,14.55,14.73,14.29,14.42,2026-07-16,14.86,7.585694883194689
600900,长江电力,2026-07-17,105.44070129011557,107.65568161421072,104.44777907586602,106.8918952955572,242860129.0,6802221692.0,0.009925534087478365,27.61,28.19,27.35,27.99,2026-07-16,28.24,3.818931593267496
600901,江苏金租,2026-07-17,13.305789002598154,13.827994222480342,13.243124376212291,13.51467109055103,53740205.0,350010707.0,0.00928083006300065,6.37,6.62,6.34,6.47,2026-07-16,6.35,2.0888208795287526
600903,贵州燃气,2026-07-17,8.695464412285494,8.927343463279774,8.449092920604071,8.507062683352641,53488626.0,321170202.0,0.0459530156704496,6.0,6.16,5.83,5.87,2026-07-16,6.0,1.449244068714249
600905,三峡能源,2026-07-17,3.9703498342376213,4.054825362625656,3.959790393189117,4.012587598431638,185647426.0,707750785.0,0.006493972924597015,3.76,3.84,3.75,3.8,2026-07-16,3.77,1.0559441048504312
600906,财达证券,2026-07-17,7.473826999188868,7.685850460158766,7.4314223069948895,7.505630518334353,54500725.0,387911674.0,0.02565663699300306,7.05,7.25,7.01,7.08,2026-07-16,7.09,1.060117304849485
600908,无锡银行,2026-07-17,7.306277504802621,7.480876048115919,7.265985533268783,7.319708161980566,30618700.0,168963024.0,0.015314613134809507,5.44,5.57,5.41,5.45,2026-07-16,5.43,1.3430657177945993
600909,华安证券,2026-07-17,10.940323106704218,10.978710205324232,10.32612952878398,10.45408652418403,249446133.0,2089004007.0,0.04964883411450919,8.55,8.58,8.07,8.17,2026-07-16,8.55,1.2795699540004932
600916,中国黄金,2026-07-17,8.26650703930464,8.324073244313725,8.059268701271932,8.128348147282836,25060000.0,178227743.0,0.014916666666666667,7.18,7.23,7.0,7.06,2026-07-16,7.23,1.1513241001817047
600917,重庆燃气,2026-07-17,5.744827478781514,5.826896442764107,5.686206790222518,5.721379203357915,4997199.0,24624144.0,0.0032011990520984554,4.9,4.97,4.85,4.88,2026-07-16,4.91,1.1724137711799008
600918,中泰证券,2026-07-17,5.889097485972593,6.023646286179348,5.837347947431533,5.837347947431533,68443800.0,391470087.0,0.015000315386913923,5.69,5.82,5.64,5.64,2026-07-16,5.72,1.0349907708211938
600919,江苏银行,2026-07-17,18.803003609391048,19.070424105169057,18.752862266432675,18.9032862953078,117404507.0,1332397813.0,0.0063976040114549415,11.25,11.41,11.22,11.31,2026-07-16,11.25,1.6713780986125377
600925,苏能股份,2026-07-17,4.762099757759587,4.861081046027107,4.74010391592236,4.751101836840974,13750500.0,60108471.0,0.008561696152821121,4.33,4.42,4.31,4.32,2026-07-16,4.34,1.0997920918613364
600926,杭州银行,2026-07-17,41.02631011705719,41.341291384750534,40.71132884936385,40.84257104423608,42044433.0,657167764.0,0.005800030103672685,15.63,15.75,15.51,15.56,2026-07-16,15.59,2.624843897444478
600927,永安期货,2026-07-17,13.362686567164177,13.519402985074626,13.143283582089552,13.143283582089552,7806400.0,99711651.0,0.005382073674929656,12.79,12.94,12.58,12.58,2026-07-16,12.84,1.044776119402985
600928,西安银行,2026-07-17,4.490311672599731,4.590934903358268,4.477733768754914,4.490311672599731,32448898.0,117205426.0,0.007335812941002765,3.57,3.65,3.56,3.57,2026-07-16,3.57,1.2577903844817173
600929,雪天盐业,2026-07-17,5.442532470106412,5.545437495801701,5.282457985691518,5.293891877435438,20612345.0,97699767.0,0.012567635146288947,4.76,4.85,4.62,4.63,2026-07-16,4.75,1.1433891743921034
600930,华电新能,2026-07-17,4.2904961433410636,4.370880146026611,4.230208141326904,4.280448143005371,175771638.0,751945130.0,0.01636120640708039,4.27,4.35,4.21,4.26,2026-07-16,4.29,1.004800033569336
600933,爱柯迪,2026-07-17,15.835756430671907,15.998174445345462,15.383306246938423,15.429711393988011,10797652.0,145912820.0,0.011006634462229159,13.65,13.79,13.26,13.3,2026-07-16,13.64,1.1601286762397
600935,华塑股份,2026-07-17,2.3158024780053656,2.36703704610283,2.2645679099079024,2.2850617371468878,20407200.0,46089217.0,0.005818323959969489,2.26,2.31,2.21,2.23,2026-07-16,2.27,1.024691361949277
600936,北投科技,2026-07-17,4.791950721711424,4.884300949752972,4.658555947873633,4.679078220771754,49770318.0,231433196.0,0.029784282758949544,4.67,4.76,4.54,4.56,2026-07-16,4.71,1.0261136449060866
600938,中国海油,2026-07-17,37.31798916430827,37.75535959918813,37.073576274228344,37.26653381902828,49011962.0,1424918189.0,0.016391960535117055,29.01,29.35,28.82,28.97,2026-07-16,28.96,1.2863836319995956
600939,重庆建工,2026-07-17,2.8347540573995627,2.8780327452987926,2.75901635357591,2.7806556975255248,11057000.0,28781507.0,0.0058119030870137965,2.62,2.66,2.55,2.57,2026-07-16,2.62,1.081967197480749
600941,中国移动,2026-07-17,112.6473639338923,114.58538309834634,112.41722415811337,113.13186872500582,16682878.0,1567074507.0,0.01847969850260521,93.0,94.6,92.81,93.4,2026-07-16,93.05,1.211261977783788
600955,维远股份,2026-07-17,12.961290240066068,13.074086278547654,12.315276565126066,12.428072603607651,7982300.0,98397096.0,0.014513272727272727,12.64,12.75,12.01,12.12,2026-07-16,12.57,1.0254185316507964
600956,新天绿能,2026-07-17,7.918400055322892,8.097600056574896,7.862400054931641,7.884800055088141,14171659.0,101292931.0,0.006035401958543664,7.07,7.23,7.02,7.04,2026-07-16,7.11,1.12000000782502
600958,东方证券,2026-07-17,11.442478471447806,11.554781967896039,11.305218642455522,11.392565806359704,54480597.0,499815794.0,0.00729375754546212,9.17,9.26,9.06,9.13,2026-07-16,9.2,1.2478166272025961
600959,江苏有线,2026-07-17,4.337267561014308,4.4079070978386445,4.252500116825103,4.26662802418997,47719997.0,146136387.0,0.009542629677655432,3.07,3.12,3.01,3.02,2026-07-16,3.07,1.4127907364867451
600960,渤海汽车,2026-07-17,16.789427785633357,16.967093688126834,15.812265321919249,15.945514748789353,14503400.0,53098951.0,0.015258456832474353,3.78,3.82,3.56,3.59,2026-07-16,3.76,4.441647562336867
600961,株冶集团,2026-07-17,35.052782065300455,35.30853197736488,32.94660631888755,33.27757679332387,45020267.0,1019172529.0,0.05988231521555727,23.3,23.47,21.9,22.12,2026-07-16,23.67,1.5044112474377878
600962,国投中鲁,2026-07-17,44.833206334607354,45.363104932061546,40.84004190379175,41.67273969979121,9199630.0,208696589.0,0.03508497006216391,23.69,23.97,21.58,22.02,2026-07-16,23.96,1.892494990907866
600963,岳阳林纸,2026-07-17,15.076461351834812,15.360922886775091,14.64976904942439,14.74458956107115,43794449.0,138052970.0,0.024917643378791564,3.18,3.24,3.09,3.11,2026-07-16,3.17,4.741025582337991
600966,博汇纸业,2026-07-17,34.97308937033894,35.63853927379147,33.716128441595245,34.01188395424082,15963785.0,74325351.0,0.011941394478995598,4.73,4.82,4.56,4.6,2026-07-16,4.75,7.393887816139309
600967,内蒙一机,2026-07-17,60.20838786453955,60.554744841708526,58.24569832724871,58.64978146727918,13605675.0,139705452.0,0.007994898129505068,10.43,10.49,10.09,10.16,2026-07-16,10.43,5.772616286149526
600968,海油发展,2026-07-17,4.23564365122578,4.304703058582722,4.2126238487734655,4.247153552451937,47869200.0,176997035.0,0.004709169631995427,3.68,3.74,3.66,3.69,2026-07-16,3.66,1.1509901226157009
600969,郴电国际,2026-07-17,16.452824316482143,17.287993063511692,16.36930744177919,16.891287908672656,23271003.0,187977940.0,0.06288602232986135,7.88,8.28,7.84,8.09,2026-07-16,7.85,2.087921867573876
600970,中材国际,2026-07-17,115.06449357615223,116.9079834598823,113.68187616335467,113.83550032033217,24301390.0,182148571.0,0.009268926008238717,7.49,7.61,7.4,7.41,2026-07-16,7.49,15.362415697750631
600971,恒源煤电,2026-07-17,111.61349693251533,113.16564417177912,107.38036809815951,107.80368098159508,22515136.0,176473388.0,0.018762536969807866,7.91,8.02,7.61,7.64,2026-07-16,7.85,14.11042944785276
600973,宝胜股份,2026-07-17,49.01252052804228,49.72028255732809,47.33158570848848,47.77393697679212,18552334.0,101910992.0,0.013528358326637189,5.54,5.62,5.35,5.4,2026-07-16,5.56,8.847025366072614
600975,新五丰,2026-07-17,37.241150133071415,37.75330740405668,36.43633156438029,37.460646106350815,17046600.0,86688645.0,0.013640971355976698,5.09,5.16,4.98,5.12,2026-07-16,5.14,7.316532442646643
600976,健民集团,2026-07-17,99.56038891706343,101.3312258740863,95.75636878716246,96.47782088076437,4048197.0,121097906.0,0.02640726660256519,30.36,30.9,29.2,29.42,2026-07-16,30.52,3.279327698190495
600977,中国电影,2026-07-17,13.953331425155227,14.018994161273605,13.001221751438752,13.231041327853074,56091315.0,688574478.0,0.03004355382967327,12.75,12.81,11.88,12.09,2026-07-16,12.79,1.0943789353062923
600979,广安爱众,2026-07-17,22.394660211958975,23.681037560948784,22.33618851427762,23.09632058413524,46567575.0,183536245.0,0.0375034895282775,3.83,4.05,3.82,3.95,2026-07-16,3.86,5.847169768135503
600980,北矿科技,2026-07-17,31.126293507335433,31.290789480069442,29.82860305576713,29.99309902850114,2708400.0,45346085.0,0.014310205760406262,17.03,17.12,16.32,16.41,2026-07-16,17.02,1.8277330303778878
600981,苏豪汇鸿,2026-07-17,8.711743776188339,8.862596482269522,8.33461201098538,8.44775154054627,25569000.0,58022735.0,0.011402346384819299,2.31,2.35,2.21,2.24,2026-07-16,2.31,3.771317652029584
600982,宁波能源,2026-07-17,22.609099166805738,24.963191921700908,22.609099166805738,24.963191921700908,93847952.0,464268359.0,0.08397069082459081,4.61,5.09,4.61,5.09,2026-07-16,4.63,4.904359906031613
600983,惠而浦,2026-07-17,21.084000528269804,21.44800053739,20.524000514238733,20.608000516343395,3148115.0,23567150.0,0.0041074566925743605,7.53,7.66,7.33,7.36,2026-07-16,7.53,2.8000000701553525
600984,建设机械,2026-07-17,8.264091982786683,8.339678189946317,7.760183935055789,7.886160946988512,29588290.0,93924215.0,0.02353799211909003,3.28,3.31,3.08,3.13,2026-07-16,3.28,2.5195402386544767
600985,淮北矿业,2026-07-17,74.39958421293876,75.40362718477328,71.28705100025171,71.28705100025171,20470198.0,298214592.0,0.007600531627947666,14.82,15.02,14.2,14.2,2026-07-16,14.91,5.020214859172656
600986,浙文互联,2026-07-17,39.943390511669804,41.64186312873494,37.307829554154935,37.48353361798926,96374413.0,648630015.0,0.06479500716209209,6.82,7.11,6.37,6.4,2026-07-16,6.78,5.8568021278108215
600987,航民股份,2026-07-17,53.99106751635559,54.639608867903405,53.18039082692082,53.504661502694724,8284815.0,55108927.0,0.008115852105724146,6.66,6.74,6.56,6.6,2026-07-16,6.66,8.106766894347686
600988,赤峰黄金,2026-07-17,189.97294295101426,192.14120305493276,173.23842266179702,176.46301461121428,88752652.0,2830425744.0,0.05333977108004366,34.17,34.56,31.16,31.74,2026-07-16,34.62,5.559641292098749
600989,宝丰能源,2026-07-17,26.19831886612067,27.023080756350396,25.54336089446765,25.834453326313437,100282183.0,2167720531.0,0.013674793409842146,21.6,22.28,21.06,21.3,2026-07-16,21.57,1.2128851326907717
600990,四创电子,2026-07-17,78.83952425487006,83.31849539457862,78.83952425487006,81.24757325471337,6298818.0,105964001.0,0.0234145751990828,16.37,17.3,16.37,16.87,2026-07-16,16.62,4.816097999686625
600992,贵绳股份,2026-07-17,16.77089155655474,18.45585437021799,16.77089155655474,18.45585437021799,26687450.0,306349499.0,0.10888836753845527,10.65,11.72,10.65,11.72,2026-07-16,10.65,1.5747316015544357
600993,马应龙,2026-07-17,312.39542308285354,315.7201390059621,302.67702269222855,302.9327700709292,9364235.0,226116079.0,0.02176175300846129,24.43,24.69,23.67,23.69,2026-07-16,24.48,12.787368935032891
600995,南网储能,2026-07-17,109.82862664907255,112.99855305490316,109.64216038990604,110.29479229698882,22811780.0,272506966.0,0.007137590289827399,11.78,12.12,11.76,11.83,2026-07-16,11.84,9.323312958325344
600996,贵广网络,2026-07-17,6.942388254438129,7.078925391060966,6.480262561253139,6.52227398790632,26324794.0,168330346.0,0.02111388922251189,6.61,6.74,6.17,6.21,2026-07-16,6.63,1.0502856663295201
600997,开滦股份,2026-07-17,27.76726329870391,28.770263303790173,27.503315928944367,27.556105402896275,16509421.0,88177533.0,0.010397671337229518,5.26,5.45,5.21,5.22,2026-07-16,5.26,5.278947395190857
600998,九州通,2026-07-17,17.20948818027365,17.340858319054362,16.749692694541146,16.782535229236327,47920079.0,248213139.0,0.009503294372842896,5.24,5.28,5.1,5.11,2026-07-16,5.23,3.284253469517872
600999,招商证券,2026-07-17,42.46920345313008,43.12968873233894,41.52250788626404,41.65460494210581,109545462.0,2099678276.0,0.01475955055074771,19.29,19.59,18.86,18.92,2026-07-16,19.48,2.2016175973628864
601000,唐山港,2026-07-17,32.835482188633506,34.043224062238416,32.60903058733259,33.74128859383719,56491913.0,251396173.0,0.009533005994459318,4.35,4.51,4.32,4.47,2026-07-16,4.34,7.548386710030691
601001,晋控煤业,2026-07-17,47.63623553176685,48.47104360242212,45.54921535512865,45.7318296205845,16135809.0,289881310.0,0.009640801218856425,18.26,18.58,17.46,17.53,2026-07-16,18.17,2.6087752207977464
601002,晋亿实业,2026-07-17,5.722929794341326,5.8426563590765,5.483476664870977,5.627148542553186,25586415.0,120886524.0,0.02680775711245849,4.78,4.88,4.58,4.7,2026-07-16,4.78,1.1972656473517418
601003,柳钢股份,2026-07-17,19.578859477463173,20.190698836133894,19.467615957704858,19.578859477463173,14271434.0,50856607.0,0.005568702929288247,3.52,3.63,3.5,3.52,2026-07-16,3.58,5.562175987915674
601005,重庆钢铁,2026-07-17,1.254076927441817,1.285692312167241,1.2435384658666757,1.254076927441817,139930200.0,168201000.0,0.01683140691468718,1.19,1.22,1.18,1.19,2026-07-16,1.19,1.053846157514132
601006,大秦铁路,2026-07-17,12.377009604741067,12.615029020216857,12.377009604741067,12.456349409899664,148764514.0,704559584.0,0.00748956940273929,4.68,4.77,4.68,4.71,2026-07-16,4.68,2.6446601719532197
601007,金陵饭店,2026-07-17,9.896989310729346,10.080834313405433,9.697823891163585,9.805066809391302,5572290.0,35941991.0,0.014287923076923077,6.46,6.58,6.33,6.4,2026-07-16,6.48,1.532041688967391
601008,连云港,2026-07-17,7.608086849295574,7.784608585938164,7.572782501967057,7.643391196624092,12920500.0,56234114.0,0.010414399637536173,4.31,4.41,4.29,4.33,2026-07-16,4.32,1.7652173664258874
601009,南京银行,2026-07-17,79.87095680442278,80.65191727095491,78.80601071369713,79.37398196208414,60713789.0,681538559.0,0.004910701563462884,11.25,11.36,11.1,11.18,2026-07-16,11.23,7.09964060483758
601011,宝泰隆,2026-07-17,6.696363541987036,6.82818172194741,6.3536362740900625,6.3536362740900625,36708350.0,91221672.0,0.01916220155077997,2.54,2.59,2.41,2.41,2026-07-16,2.54,2.6363635992074945
601012,隆基绿能,2026-07-17,233.0142910270862,236.36843408166746,230.84396316823947,231.8304758313516,103457811.0,1225036456.0,0.013652278964411617,11.81,11.98,11.7,11.75,2026-07-16,11.86,19.73025326224269
601015,陕西黑猫,2026-07-17,7.567549736499784,7.814049727916716,7.345699744224547,7.370349743366241,39553603.0,121176326.0,0.01936531149155468,3.07,3.17,2.98,2.99,2026-07-16,3.08,2.464999914169311
601016,节能风电,2026-07-17,8.78266935328928,9.749568731633055,8.78266935328928,9.400410622786692,358844007.0,1248698387.0,0.05942840950199344,3.27,3.63,3.27,3.5,2026-07-16,3.3,2.6858316065104835
601018,宁波港,2026-07-17,4.820869379458218,4.949999809265135,4.820869379458218,4.906956332662829,112456300.0,384485251.0,0.005780510684457216,3.36,3.45,3.36,3.42,2026-07-16,3.37,1.434782553410184
601019,山东出版,2026-07-17,10.306050663644623,10.490340427918873,10.235169985077604,10.348579070784835,16569600.0,121650876.0,0.007939815036657243,7.27,7.4,7.22,7.3,2026-07-16,7.27,1.4176135713403883
601020,华钰矿业,2026-07-17,27.489362823663434,27.778724537596734,25.91234148272695,25.99914999690694,23728279.0,437808094.0,0.02893817143332675,19.0,19.2,17.91,17.97,2026-07-16,19.23,1.4468085696664965
601021,春秋航空,2026-07-17,96.33267914744144,98.26826620913656,96.16251764751219,96.99205495966724,7223712.0,330266197.0,0.007383691316452142,45.29,46.2,45.21,45.6,2026-07-16,45.48,2.1270187491155097
601022,宁波远洋,2026-07-17,8.415203404162641,8.499041047043464,8.278967234481303,8.331365761281818,6879301.0,55212831.0,0.005256859061485591,8.03,8.11,7.9,7.95,2026-07-16,7.99,1.0479705360102916
601026,道生天合,2026-07-17,13.823396433954654,13.98460222327191,13.289402256841244,13.31962834233823,3444106.0,46474377.0,0.031004047416008308,13.72,13.88,13.19,13.22,2026-07-16,13.72,1.0075361832328464
601033,永兴股份,2026-07-17,15.683971269067577,15.963842276724028,15.66158158845506,15.672776428761319,5262496.0,74382073.0,0.02192706666666667,14.01,14.26,13.99,14.0,2026-07-16,14.03,1.1194840306258085
601038,一拖股份,2026-07-17,13.602251029831598,14.05302985434963,13.376861617572581,13.410670029411435,8327305.0,100981521.0,0.011380681928253148,12.07,12.47,11.87,11.9,2026-07-16,12.22,1.1269470612950785
601058,赛轮轮胎,2026-07-17,76.55625198181883,77.84150292749901,75.43864246383609,75.66216436743264,54493637.0,746943293.0,0.016572985221738033,13.7,13.93,13.5,13.54,2026-07-16,13.78,5.588047589913784
601059,信达证券,2026-07-17,16.999881251946157,17.161784882917072,16.6355980822616,16.70643092081137,14538525.0,242704450.0,0.004483048103607771,16.8,16.96,16.44,16.51,2026-07-16,16.85,1.0118976935682236
601061,中信金属,2026-07-17,11.105720151688663,11.137786716130497,10.539210846549587,10.581966265805367,18420083.0,185657223.0,0.003759200612244898,10.39,10.42,9.86,9.9,2026-07-16,10.43,1.0688854813944815
601065,江盐集团,2026-07-17,7.359557867360209,7.520481144343304,7.2844603381014315,7.31664499349805,4864100.0,33617914.0,0.007567332013299767,6.86,7.01,6.79,6.82,2026-07-16,6.9,1.0728218465539663
601066,中信建投,2026-07-17,29.52331043624132,30.37377616897255,29.26927521737355,29.26927521737355,38144112.0,1031633076.0,0.005872235800500325,26.73,27.5,26.5,26.5,2026-07-16,26.91,1.1045009515990019
601068,中铝国际,2026-07-17,4.323540325582462,4.414033030071397,4.202883386263881,4.233047621093527,17304600.0,74133777.0,0.0067606903803419756,4.3,4.39,4.18,4.21,2026-07-16,4.34,1.0054744943215028
601069,西部黄金,2026-07-17,23.163434006721925,23.438946217374564,21.877710357009608,22.12261009981195,18003322.0,397279417.0,0.02029255694441006,22.7,22.97,21.44,21.68,2026-07-16,23.17,1.0204155950097764
601077,渝农商行,2026-07-17,9.648822389309883,9.969478118259758,9.63424712890307,9.779999732971195,75566276.0,511142598.0,0.008549921183769604,6.62,6.84,6.61,6.71,2026-07-16,6.64,1.4575260406812511
601083,锦江航运,2026-07-17,11.544562549742842,11.620442303590918,11.306083323363177,11.338603217869498,5868557.0,62111969.0,0.03023159385946837,10.65,10.72,10.43,10.46,2026-07-16,10.58,1.0839964835439289
601086,国芳集团,2026-07-17,9.895384861872753,10.376410514880455,9.620513060154066,9.675487420497802,13741408.0,99225205.0,0.020632744744744743,7.2,7.55,7.0,7.04,2026-07-16,7.29,1.3743590085934378
601088,中国神华,2026-07-17,115.94514884206873,119.32844869248574,115.515523464238,118.01272097287914,47985076.0,2105597749.0,0.002909766876465842,43.18,44.44,43.02,43.95,2026-07-16,43.27,2.6851586114420734
601089,福元医药,2026-07-17,20.886183804422018,20.897370833776282,19.17456831321871,19.18575534257298,6487566.0,114681892.0,0.0135157625,18.67,18.68,17.14,17.15,2026-07-16,18.56,1.118702935426996
601096,宏盛华源,2026-07-17,4.1869918699187,4.2682926829268295,4.156504065040651,4.1869918699187,35881773.0,148883608.0,0.02183949198578362,4.12,4.2,4.09,4.12,2026-07-16,4.13,1.016260162601626
601098,中南传媒,2026-07-17,17.309545049063345,17.687332738626235,17.223684210526322,17.343889384478153,15323102.0,156157231.0,0.008531793986636971,10.08,10.3,10.03,10.1,2026-07-16,10.08,1.7172167707404111
601099,太平洋,2026-07-17,9.744333648681637,9.972939716685898,9.68718213168057,9.715757890181104,148401168.0,511051626.0,0.02177146129148932,3.41,3.49,3.39,3.4,2026-07-16,3.43,2.8575758500532658
601100,恒立液压,2026-07-17,386.47257397120654,391.00754735144704,368.4398058056832,369.61818471550947,8391734.0,880827565.0,0.006258653504136069,108.23,109.5,103.18,103.51,2026-07-16,108.21,3.570845181291754
601101,昊华能源,2026-07-17,52.52676779333817,54.675590112156556,49.61391976116215,50.043684224925826,34820186.0,380020454.0,0.024180719549175243,11.0,11.45,10.39,10.48,2026-07-16,11.05,4.775160708485289
601106,中国一重,2026-07-17,2.903225806451613,2.933467741935484,2.7923387096774195,2.8125,79597489.0,225527072.0,0.01160688371844115,2.88,2.91,2.77,2.79,2026-07-16,2.88,1.0080645161290323
601107,四川成渝,2026-07-17,8.248590252967482,8.598622680676435,8.172496246943798,8.37034066260538,17934069.0,99565220.0,0.008292290797784293,5.42,5.65,5.37,5.5,2026-07-16,5.38,1.5218801204737051
601108,财通证券,2026-07-17,10.572509250713392,10.69278808177953,10.29586793926128,10.29586793926128,78914339.0,688490228.0,0.016993597047987523,8.79,8.89,8.56,8.56,2026-07-16,8.84,1.2027883106613644
601111,中国国航,2026-07-17,6.706144221550492,6.797695678499987,6.637480628838371,6.683256357313118,62026260.0,363712235.0,0.005329582105974268,5.86,5.94,5.8,5.84,2026-07-16,5.9,1.1443932118686846
601112,振石股份,2026-07-17,15.479999317323543,15.629999310708461,15.059999335845772,15.159999331435717,5048069.0,77497671.0,0.02847995304437566,15.48,15.63,15.06,15.16,2026-07-16,15.47,0.9999999558994537
601113,华鼎股份,2026-07-17,7.140396389630761,7.267525108733979,6.886138951424324,6.9497033109759325,10118700.0,33742293.0,0.009164225513231,3.37,3.43,3.25,3.28,2026-07-16,3.39,2.118811985053638
601116,三江购物,2026-07-17,13.491667111714682,14.095579830048576,12.322389295366076,12.335238502139136,30113664.0,308759553.0,0.05498420971139267,10.5,10.97,9.59,9.6,2026-07-16,10.23,1.28492067730616
601117,中国化学,2026-07-17,9.86328162252903,10.007943086326122,9.744922243058681,9.784375369548798,91424491.0,688585809.0,0.015095591426044816,7.5,7.61,7.41,7.44,2026-07-16,7.54,1.315104216337204
601118,海南橡胶,2026-07-17,5.018181909214367,5.060000091791153,4.788181905042042,4.830000087618829,54646100.0,256547714.0,0.012769487555861665,4.8,4.84,4.58,4.62,2026-07-16,4.81,1.0454545644196598
601121,宝地矿业,2026-07-17,7.005709787907492,7.152976960626267,6.7848090288293275,6.858442615188715,16816700.0,110687698.0,0.021020875,6.66,6.8,6.45,6.52,2026-07-16,6.74,1.0519083765626864
601126,四方股份,2026-07-17,151.83807189542483,151.83807189542483,141.40866013071894,143.24346405228758,30031656.0,1358504360.0,0.03639823950345019,47.17,47.17,43.93,44.5,2026-07-16,46.59,3.2189542483660127
601127,XD赛力斯,2026-07-17,59.85481895803651,60.449438411939305,57.40201371068749,57.65685061950297,25405617.0,1400462826.0,0.016314899601759924,56.37,56.93,54.06,54.3,2026-07-16,56.37,1.0618204533978448
601128,常熟银行,2026-07-17,9.837280554406703,9.963399535873457,9.805750809040015,9.82151568172336,58712446.0,368601932.0,0.016093629746005977,6.24,6.32,6.22,6.23,2026-07-16,6.24,1.5764872683344076
601133,柏诚股份,2026-07-17,33.02956291332092,35.202836760446615,31.780192923910498,31.95867435096913,26115500.0,837038240.0,0.04980198355281078,31.46,33.53,30.27,30.44,2026-07-16,31.66,1.0498907474037165
601136,首创证券,2026-07-17,14.320950682058275,14.567156137910278,14.208106514792771,14.300433560737272,14530794.0,204139253.0,0.005316143238707252,13.96,14.2,13.85,13.94,2026-07-16,14.07,1.0258560660500196
601137,博威合金,2026-07-17,44.4336675019361,44.918486569060335,41.01569307871025,41.62171691261555,27887418.0,491703407.0,0.030374495943083803,18.33,18.53,16.92,17.17,2026-07-16,18.6,2.424095335621173
601138,工业富联,2026-07-17,73.84244293645898,74.34250462677359,67.6512029611351,68.5679827267119,154904250.0,9200843618.0,0.007806063778734642,62.02,62.44,56.82,57.59,2026-07-16,63.02,1.190623072177668
601139,深圳燃气,2026-07-17,16.30971154877634,16.625893355860857,16.25701458092892,16.36240851662376,29723600.0,186061046.0,0.0103323741350533,6.19,6.31,6.17,6.21,2026-07-16,6.19,2.634848392370976
601155,新城控股,2026-07-17,17.830267430511984,18.2728627213403,17.59316281042539,17.62477675977027,29318242.0,333595488.0,0.012997847544421228,11.28,11.56,11.13,11.15,2026-07-16,11.34,1.5806974672439704
601156,东航物流,2026-07-17,17.727401595860186,17.926710295876106,17.229129845820395,17.37307501805411,13526326.0,214062104.0,0.014319701076383211,16.01,16.19,15.56,15.69,2026-07-16,15.94,1.1072705556439841
601158,重庆水务,2026-07-17,7.727622192222754,7.8202795326570795,7.690559256049025,7.70909072413589,12261458.0,51331205.0,0.00255445438799756,4.17,4.22,4.15,4.16,2026-07-16,4.16,1.853146808686512
601162,天风证券,2026-07-17,4.340666677735068,4.590000011704184,4.284000010923905,4.284000010923905,462171863.0,1805317849.0,0.05375359968932129,3.83,4.05,3.78,3.78,2026-07-16,3.85,1.1333333362232554
601163,三角轮胎,2026-07-17,16.059682714148963,16.24685850335816,15.44824180273226,15.560547276257779,7288592.0,92174905.0,0.00911074,12.87,13.02,12.38,12.47,2026-07-16,12.85,1.2478385947279693
601166,兴业银行,2026-07-17,103.15499159553492,104.26293101911612,102.68849078560598,103.50486720298161,118618008.0,2103559723.0,0.005605008525768216,17.69,17.88,17.61,17.75,2026-07-16,17.66,5.83126012411164
601168,西部矿业,2026-07-17,47.63812291152603,47.73847405819491,45.33004653814184,45.373054172428496,73467974.0,2365457934.0,0.03083003524968527,33.23,33.3,31.62,31.65,2026-07-16,33.84,1.4335878095554029
601169,北京银行,2026-07-17,24.76760256360149,25.11228092929773,24.71836279707345,24.76760256360149,157197123.0,795563404.0,0.007434954355434996,5.03,5.1,5.02,5.03,2026-07-16,5.03,4.923976652803477
601177,杭齿前进,2026-07-17,13.480958695670246,13.564691358376272,12.800630811183781,12.968096136595834,7153061.0,90060525.0,0.01777526766422351,12.88,12.96,12.23,12.39,2026-07-16,12.95,1.0466582838253295
601179,中国西电,2026-07-17,13.759585762720883,14.480663710767251,13.582271513201283,13.759585762720883,151973054.0,1800636586.0,0.029648174414440794,11.64,12.25,11.49,11.64,2026-07-16,11.7,1.1820949967973267
601186,中国铁建,2026-07-17,9.380547578719115,9.54253505653059,9.365821444372617,9.424725981758609,74419439.0,477879902.0,0.00646942977962176,6.37,6.48,6.36,6.4,2026-07-16,6.37,1.4726134346497826
601187,厦门银行,2026-07-17,9.298212059262365,9.451059380784487,9.132627460946734,9.145364737740245,25137600.0,183243989.0,0.009545754551865127,7.3,7.42,7.17,7.18,2026-07-16,7.27,1.273727679351009
601188,龙江交通,2026-07-17,3.8460191966621724,3.925318561541805,3.7931529534090838,3.8328026358489,18453967.0,53944052.0,0.014135880718476764,2.91,2.97,2.87,2.9,2026-07-16,2.96,1.321656081327207
601198,东兴证券,2026-07-17,16.04102908474643,16.144817195287565,15.45289645834667,15.52208853204076,36327782.0,498752389.0,0.01123848237355598,13.91,14.0,13.4,13.46,2026-07-16,13.95,1.153201228234826
601199,江南水务,2026-07-17,30.203638595742802,31.15061736359613,29.80491069348878,29.904592669052285,34682944.0,210906780.0,0.03708571675984079,6.06,6.25,5.98,6.0,2026-07-16,6.21,4.9840987781753805
601200,上海环境,2026-07-17,11.8049539163572,11.988623637828102,11.671375937105632,11.688073184512078,13171023.0,93429964.0,0.009783633215949774,7.07,7.18,6.99,7.0,2026-07-16,7.06,1.6697247406445825
601208,东材科技,2026-07-17,151.66612215290286,152.41186829747764,136.4093989451431,136.4093989451431,63856286.0,2920460907.0,0.0632125957406905,48.81,49.05,43.9,43.9,2026-07-16,48.78,3.107275602395059
601211,国泰海通,2026-07-17,24.903829483424914,25.0917829134885,24.447371153270495,24.56819835831137,101430804.0,1869752460.0,0.007515112907293833,18.55,18.69,18.21,18.3,2026-07-16,18.54,1.3425245004541733
601212,白银有色,2026-07-17,4.731347822470351,4.7414575400397325,4.448275730527681,4.519043753513348,148513804.0,675774278.0,0.020056492440030226,4.68,4.69,4.4,4.47,2026-07-16,4.73,1.0109717569381091
601216,君正集团,2026-07-17,79.8937890210198,82.24893472912242,79.8937890210198,80.79961429336696,86946240.0,389871055.0,0.01030410770461804,4.41,4.54,4.41,4.46,2026-07-16,4.41,18.116505446943265
601218,吉鑫科技,2026-07-17,10.066259571614156,10.189923694115558,9.769465677610789,9.868396975611912,25520376.0,103147279.0,0.026335906533643184,4.07,4.12,3.95,3.99,2026-07-16,4.07,2.473282450028048
601222,林洋能源,2026-07-17,30.838272265624997,31.801968273925777,30.78158426513671,30.951648266601556,29300290.0,162128862.0,0.014354301721876588,5.44,5.61,5.43,5.46,2026-07-16,5.47,5.668800048828124
601225,陕西煤业,2026-07-17,41.64854130280756,42.78076848167937,41.369839228008345,42.32787761013064,51070011.0,1237283594.0,0.0052676648788035066,23.91,24.56,23.75,24.3,2026-07-16,23.87,1.7418879674950882
601226,华电科工,2026-07-17,9.397994547217372,9.607915387619133,9.18807370681561,9.220369220723573,16486700.0,95886630.0,0.01418547909494532,5.82,5.95,5.69,5.71,2026-07-16,5.87,1.6147756953981738
601228,广州港,2026-07-17,3.32734827949597,3.4157827852633047,3.3162939662750537,3.349456905937804,43701206.0,133460258.0,0.005792434806995343,3.01,3.09,3.0,3.03,2026-07-16,3.01,1.1054313220916845
601229,上海银行,2026-07-17,34.03034527409927,34.48157637165639,33.99274268263617,34.14315304848855,70691247.0,644529647.0,0.00497509003307322,9.05,9.17,9.04,9.08,2026-07-16,9.03,3.7602591463093114
601231,环旭电子,2026-07-17,62.79656012743671,63.453733431095934,58.90219980945614,59.31597559324158,38137739.0,956029191.0,0.015964322250789375,25.8,26.07,24.2,24.37,2026-07-16,26.1,2.433975198737857
601233,桐昆股份,2026-07-17,65.25491101101109,67.89472487529471,64.80421108296267,66.47823938714252,45689599.0,943584422.0,0.019240381310394072,20.27,21.09,20.13,20.65,2026-07-16,20.33,3.219285200345885
601236,红塔证券,2026-07-17,8.613304682555626,8.77213157741126,8.539999961853024,8.576652322204325,22409080.0,158928384.0,0.004774763287698931,7.05,7.18,6.99,7.02,2026-07-16,7.09,1.221745345043351
601238,广汽集团,2026-07-17,9.388889050951192,9.425000162685619,9.063889045341343,9.10000015707577,30052833.0,153434534.0,0.00407016032459818,5.2,5.22,5.02,5.04,2026-07-16,5.16,1.805555586721383
601279,英利汽车,2026-07-17,3.1465908668257976,3.2171874567866325,3.0255681411786517,3.0558238225904377,16455802.0,50639154.0,0.010377063585916356,3.12,3.19,3.0,3.03,2026-07-16,3.14,1.0085227137262172
601288,农业银行,2026-07-17,14.33051864156183,14.626697882166447,14.307735623053784,14.558348826642304,537527274.0,3423703334.0,0.0016837494803483724,6.29,6.42,6.28,6.39,2026-07-16,6.3,2.2783018508047426
601298,青岛港,2026-07-17,11.232389276677912,11.634503451260652,11.218985470858485,11.51386919888583,25602821.0,219685284.0,0.004748231617698196,8.38,8.68,8.37,8.59,2026-07-16,8.37,1.3403805819424714
601311,骆驼股份,2026-07-17,25.618962418799306,25.979792875402115,25.290934730978574,25.323737499760647,13866757.0,108481669.0,0.011820144811662754,7.81,7.92,7.71,7.72,2026-07-16,7.85,3.2802768782073377
601318,中国平安,2026-07-17,158.72523277467414,161.20041899441347,158.47458100558663,158.85055865921794,107232650.0,5464124961.0,0.010059286614582481,50.66,51.45,50.58,50.7,2026-07-16,50.67,3.133147113594042
601319,中国人保,2026-07-17,8.61265751191445,8.742972825024573,8.506035892097078,8.588963818621702,89262353.0,649643656.0,0.002514591388086425,7.27,7.38,7.18,7.25,2026-07-16,7.3,1.184684664637476
601326,秦港股份,2026-07-17,4.1565679318806135,4.278461419619047,4.1565679318806135,4.193135978202143,34834028.0,120904409.0,0.007321827853317216,3.41,3.51,3.41,3.44,2026-07-16,3.42,1.218934877384344
601328,交通银行,2026-07-17,18.39557598192783,18.640487496480123,18.34115120091621,18.586062715468504,221425763.0,1510474847.0,0.008492713634027331,6.76,6.85,6.74,6.83,2026-07-16,6.77,2.72123905058104
601330,绿色动力,2026-07-17,8.194046166222012,8.287028250377723,8.00808199791059,8.101064082066301,15678216.0,110374916.0,0.01585107184334525,7.05,7.13,6.89,6.97,2026-07-16,7.06,1.1622760519463848
601333,广深铁路,2026-07-17,4.209677327063776,4.265806358091293,4.153548296036259,4.153548296036259,98850103.0,297414908.0,0.017488669176469424,3.0,3.04,2.96,2.96,2026-07-16,3.0,1.4032257756879254
601336,新华保险,2026-07-17,84.86864038895641,86.05087688834867,83.16834519881924,83.42073276610522,25110709.0,1599151454.0,0.01204096830742629,63.89,64.78,62.61,62.8,2026-07-16,64.35,1.328355617294669
601339,百隆东方,2026-07-17,27.02524733805395,27.224450635386038,25.896428653172087,26.228434148725576,14248099.0,114626844.0,0.00950146275363121,8.14,8.2,7.8,7.9,2026-07-16,7.98,3.320054955534883
601360,三六零,2026-07-17,19.061966799010037,19.528444295760007,18.192622373248735,18.23502941840782,109686643.0,964710698.0,0.015670510180233056,8.99,9.21,8.58,8.6,2026-07-16,9.05,2.120352257954398
601366,利群股份,2026-07-17,4.090212928487898,4.205106550074637,3.9982980312185075,4.009787393377182,13607500.0,48364745.0,0.014178302685674361,3.56,3.66,3.48,3.49,2026-07-16,3.57,1.1489362158673873
601368,绿城水务,2026-07-17,5.088478482287863,5.1456523978191875,4.962695868118949,5.0198697836502735,7544800.0,33455053.0,0.008544767894434906,4.45,4.5,4.34,4.39,2026-07-16,4.46,1.143478310626486
601369,XD陕鼓动,2026-07-17,22.720670167294294,24.668156181633805,22.46100536538236,24.668156181633805,33946414.0,316468289.0,0.019895785568391375,8.75,9.5,8.65,9.5,2026-07-16,8.64,2.596648019119348
601375,中原证券,2026-07-17,4.371219416362482,4.434877951552227,4.328780392902653,4.328780392902653,65142505.0,269250943.0,0.01889546998092571,4.12,4.18,4.08,4.08,2026-07-16,4.13,1.0609755864957482
601377,兴业证券,2026-07-17,17.25623973734045,17.452652222155706,17.031768326123014,17.17206295813391,114084057.0,703339576.0,0.01321030857459249,6.15,6.22,6.07,6.12,2026-07-16,6.17,2.805892640217959
601388,怡球资源,2026-07-17,16.44794353431379,16.780225221875682,16.06028156549158,16.281802690532842,44202757.0,130763211.0,0.020081002565894044,2.97,3.03,2.9,2.94,2026-07-16,2.99,5.538028126031579
601390,中国中铁,2026-07-17,6.3125156418717685,6.426511409670807,6.2840166999220095,6.3125156418717685,134262755.0,599083277.0,0.006606144524608366,4.43,4.51,4.41,4.43,2026-07-16,4.44,1.4249470974879839
601398,工商银行,2026-07-17,18.998077465937687,19.485865941414463,18.972404388281014,19.43451978610112,715159826.0,5370117169.0,0.002652549820592977,7.4,7.59,7.39,7.57,2026-07-16,7.39,2.567307765667255
601399,国机重装,2026-07-17,3.0699999165658505,3.129999914935216,3.0299999176529404,3.049999917109395,92846940.0,286199606.0,0.01287117496777307,3.07,3.13,3.03,3.05,2026-07-16,3.07,0.9999999728227527
601456,国联民生,2026-07-17,9.3597946776647,9.442808377688333,9.256027552635159,9.30791111514993,26801304.0,241634978.0,0.006123238876742123,9.02,9.1,8.92,8.97,2026-07-16,9.02,1.0376712502954213
601500,通用股份,2026-07-17,5.279236477144009,5.398019297879749,5.134057474022549,5.173651747601128,23319764.0,92923969.0,0.014731366501860785,4.0,4.09,3.89,3.92,2026-07-16,4.0,1.3198091192860022
601512,中新集团,2026-07-17,9.402181711052233,9.508354402895986,9.048272738239728,9.095460601281395,2873400.0,22556487.0,0.0019170185937593819,7.97,8.06,7.67,7.71,2026-07-16,7.97,1.1796965760416855
601515,衢州东峰,2026-07-17,14.294472172032648,14.294472172032648,13.428140525242792,13.731356601619241,20026272.0,63937567.0,0.01040611961604688,3.3,3.3,3.1,3.17,2026-07-16,3.28,4.3316582339492875
601518,吉林高速,2026-07-17,4.846730837455162,4.950961608153122,4.8119872472225085,4.846730837455162,18794662.0,52908454.0,0.009941355952417543,2.79,2.85,2.77,2.79,2026-07-16,2.79,1.7371795116326745
601519,大智慧,2026-07-17,22.104171023363985,24.052828205686865,21.958748845578697,22.7149441700622,65732684.0,519271321.0,0.03304544832994832,7.6,8.27,7.55,7.81,2026-07-16,7.67,2.9084435557057877
601528,瑞丰银行,2026-07-17,7.351512624436066,7.503403381139291,7.290756321754777,7.3059453974250985,28931262.0,141379070.0,0.015589888934166629,4.84,4.94,4.8,4.81,2026-07-16,4.81,1.5189075670322452
601555,东吴证券,2026-07-17,11.525558274929532,11.698225814628852,11.410446581796652,11.453613466721484,39014696.0,313338261.0,0.007852088820742653,8.01,8.13,7.93,7.96,2026-07-16,8.03,1.4388961641609903
601566,九牧王,2026-07-17,15.484144580991646,15.7272531311763,14.773519588144206,14.867022876676764,8331700.0,67499119.0,0.014499062582361756,8.28,8.41,7.9,7.95,2026-07-16,8.32,1.8700657706511652
601567,三星电气,2026-07-17,83.93693004639286,84.4068358829017,81.23497148646699,81.82235378210305,19397810.0,272674198.0,0.013804213094503923,14.29,14.37,13.83,13.93,2026-07-16,14.14,5.873822956360592
601568,北元化工,2026-07-17,4.916099440989067,5.082277450261937,4.916099440989067,4.943795775867879,26124311.0,94815104.0,0.006576749619434181,3.55,3.67,3.55,3.57,2026-07-16,3.58,1.3848167439405823
601577,长沙银行,2026-07-17,12.657306340255579,12.861237162064208,12.643710952135004,12.725283280858454,26070943.0,244955533.0,0.0064842065259486815,9.31,9.46,9.3,9.36,2026-07-16,9.3,1.3595388120575271
601579,会稽山,2026-07-17,17.006965944272448,17.165170278637774,16.15944272445821,16.30634674922601,5137700.0,75278755.0,0.01071552052473727,15.05,15.19,14.3,14.43,2026-07-16,15.06,1.1300309597523222
601588,北辰实业,2026-07-17,2.1388462071235357,2.1775000542402263,2.0615385128901553,2.074423128595719,31037900.0,50844934.0,0.011668383458646616,1.66,1.69,1.6,1.61,2026-07-16,1.66,1.288461570556347
601595,上海电影,2026-07-17,23.406366488398337,23.915754224816148,22.031019600070252,22.081958373712034,20668040.0,372781511.0,0.04611343150379295,18.38,18.78,17.3,17.34,2026-07-16,18.16,1.2734693410445233
601598,中国外运,2026-07-17,7.5820169117825085,7.7743144421538055,7.540810298131518,7.595752449666174,18453138.0,102903660.0,0.0035779436793247047,5.52,5.66,5.49,5.53,2026-07-16,5.51,1.3735537883663966
601599,浙文影业,2026-07-17,9.874169567909359,10.037649196517128,9.612602162136925,9.64529808785848,20135900.0,60313047.0,0.017350420872540025,3.02,3.07,2.94,2.95,2026-07-16,3.02,3.2695925721554167
601600,中国铝业,2026-07-17,9.416686012782622,9.50407985048826,9.099883351099681,9.220049877944934,254089388.0,2154489263.0,0.01924432680126476,8.62,8.7,8.33,8.44,2026-07-16,8.68,1.0924229713204898
601601,中国太保,2026-07-17,48.5189134078921,48.85831953099861,47.646154805618224,48.08253410675516,67086242.0,2004615274.0,0.009800706458979364,30.02,30.23,29.48,29.75,2026-07-16,31.03,1.6162196338405097
601606,长城军工,2026-07-17,26.433332732229523,26.697666059551818,25.416666088682234,25.630166083827163,10877168.0,279045745.0,0.015018974677049395,26.0,26.26,25.0,25.21,2026-07-16,26.06,1.0166666435472893
601607,上海医药,2026-07-17,248.62981118044237,252.50301375125812,247.28908721362154,247.4380565432683,24209564.0,405793360.0,0.008679728545331016,16.69,16.95,16.6,16.61,2026-07-16,17.04,14.896932964675996
601608,中信重工,2026-07-17,7.591635321152697,7.68854981461422,7.220129762883522,7.268587009614284,92506912.0,426439466.0,0.02019998527642467,4.7,4.76,4.47,4.5,2026-07-16,4.8,1.6152415576920631
601609,金田股份,2026-07-17,10.883284241531664,11.046207658321059,10.394513991163475,10.405375552282768,45147366.0,446704812.0,0.026117302153117476,10.02,10.17,9.57,9.58,2026-07-16,10.12,1.0861561119293077
601611,中国核建,2026-07-17,10.526623602037306,10.710164731508726,10.375472083649077,10.472640916898653,24612152.0,240904512.0,0.008166392133317518,9.75,9.92,9.61,9.7,2026-07-16,9.79,1.079653702773057
601615,明阳智能,2026-07-17,11.403366777204697,11.846646340944433,11.28146489717627,11.292546886269763,83270315.0,869418784.0,0.036820887149238236,10.29,10.69,10.18,10.19,2026-07-16,10.28,1.108198909349339
601616,广电电气,2026-07-17,7.397578599666568,7.552154868913332,7.243002330419803,7.287166978776022,18870100.0,63240798.0,0.02210453972372604,3.35,3.42,3.28,3.3,2026-07-16,3.37,2.208232417810916
601618,中国中冶,2026-07-17,3.4022301169608142,3.467158172628005,3.3892445058273757,3.3892445058273757,126855004.0,335198372.0,0.007105680280973584,2.62,2.67,2.61,2.61,2026-07-16,2.64,1.2985611133438222
601619,嘉泽新能,2026-07-17,4.803505462913935,4.908948265758388,4.744926128000351,4.780073728948501,47729740.0,196855847.0,0.019603549416059716,4.1,4.19,4.05,4.08,2026-07-16,4.14,1.1715866982716916
601628,中国人寿,2026-07-17,51.92451284459617,53.21589969254468,51.3460791522859,52.52985042957203,56677082.0,2207054204.0,0.0027217806971248392,38.6,39.56,38.17,39.05,2026-07-16,38.92,1.3451946332796936
601633,长城汽车,2026-07-17,62.94287930242171,64.09451557987927,61.79124302496415,62.18835898270814,20147266.0,317834508.0,0.003239025055121709,15.85,16.14,15.56,15.66,2026-07-16,15.89,3.9711595774398556
601636,旗滨集团,2026-07-17,24.192309353386275,25.147268933125208,23.794409528495052,24.590209178277494,140600639.0,865504001.0,0.04752182983408594,6.08,6.32,5.98,6.18,2026-07-16,6.13,3.978998248912216
601658,邮储银行,2026-07-17,6.861686959324112,6.9569881670925025,6.848072501071485,6.929759250587248,171285464.0,872262483.0,0.002361652532838446,5.04,5.11,5.03,5.09,2026-07-16,5.05,1.3614458252627206
601665,齐鲁银行,2026-07-17,7.595016279376917,7.719934310287721,7.570032673194755,7.582524476285837,50408047.0,309013359.0,0.008191312467814573,6.08,6.18,6.06,6.07,2026-07-16,6.06,1.2491803091080456
601666,平煤股份,2026-07-17,29.50990523927822,29.853043672293083,28.404236955119217,28.48048994023363,31503337.0,240001216.0,0.012757666691402174,7.74,7.83,7.45,7.47,2026-07-16,7.73,3.8126492557207
601668,中国建筑,2026-07-17,10.683018510446608,10.922012213141164,10.659119140177152,10.826414732063341,307896490.0,1395548926.0,0.007451441931974983,4.47,4.57,4.46,4.53,2026-07-16,4.47,2.38993702694555
601669,中国电建,2026-07-17,6.329090840888745,6.4095453854763145,6.275454477830366,6.315681750124151,166193015.0,788065258.0,0.012714125107284242,4.72,4.78,4.68,4.71,2026-07-16,4.72,1.34090907645948
601677,明泰铝业,2026-07-17,26.217503902996857,26.315696801509954,25.301036850207957,25.39922974872105,35446506.0,557414804.0,0.028510233432331666,16.02,16.08,15.46,15.52,2026-07-16,16.05,1.6365483085516142
601678,滨化股份,2026-07-17,23.242602220831067,24.577325912720376,23.242602220831067,23.886951589329357,150962445.0,785098652.0,0.07388037239544412,5.05,5.34,5.05,5.19,2026-07-16,5.07,4.602495489273479
601686,友发集团,2026-07-17,6.322589997764973,6.496834604002589,6.322589997764973,6.3972662575810935,8717027.0,44965848.0,0.005892481668635537,5.08,5.22,5.08,5.14,2026-07-16,5.11,1.2446043302686953
601688,华泰证券,2026-07-17,28.28008433066651,28.516679524377796,27.639885571212446,27.653802935548406,78664553.0,1586810304.0,0.010765999347289737,20.32,20.49,19.86,19.87,2026-07-16,20.36,1.391736433595793
601689,拓普集团,2026-07-17,128.0327936446878,128.10275691990347,117.18848598625796,118.16797183927744,38670269.0,2015232736.0,0.022251972191753608,54.9,54.93,50.25,50.67,2026-07-16,54.47,2.33210917385588
601696,中银证券,2026-07-17,11.796660533677437,12.173908969067295,11.602938364152918,11.602938364152918,55243915.0,644102104.0,0.019886218502519797,11.57,11.94,11.38,11.38,2026-07-16,11.57,1.019590365918534
601698,中国卫通,2026-07-17,27.51284977577252,27.917450507769175,25.59099629878841,25.884331829485983,40789344.0,1073278615.0,0.009655687164369936,27.2,27.6,25.3,25.59,2026-07-16,27.42,1.0115018299916367
601699,潞安环能,2026-07-17,126.73080433092619,129.86100443789834,121.3164041458933,121.48560415167557,33080290.0,486982774.0,0.011058430254209287,14.98,15.35,14.34,14.36,2026-07-16,14.96,8.460000289113898
601700,风范股份,2026-07-17,29.147664863372523,29.971403218206966,28.260562019704665,28.577384463871756,22337633.0,102673596.0,0.019615797852624083,4.6,4.73,4.46,4.51,2026-07-16,4.62,6.336448883341853
601702,华峰铝业,2026-07-17,14.707604950196233,15.064789641843856,14.444969147514158,14.592045197016121,12132103.0,170811827.0,0.012149956145560286,14.0,14.34,13.75,13.89,2026-07-16,14.05,1.0505432107283024
601717,中创智领,2026-07-17,44.88872003185657,45.50930141478547,43.233836344046196,43.52935128829805,22383685.0,334384683.0,0.014514448456846464,15.19,15.4,14.63,14.73,2026-07-16,15.18,2.955149442518537
601727,上海电气,2026-07-17,7.441435893176484,7.475780981914222,7.269710449487795,7.315503901138112,83614822.0,539205331.0,0.006627870200207422,6.5,6.53,6.35,6.39,2026-07-16,6.51,1.1448362912579206
601728,中国电信,2026-07-17,7.129019681145163,7.298758244981952,7.104771314882766,7.286634061850753,182764031.0,1090740224.0,0.0023543046467242685,5.88,6.02,5.86,6.01,2026-07-16,5.89,1.2124183131199258
601766,中国中车,2026-07-17,8.178095651051352,8.383280846597444,8.178095651051352,8.280688248824399,234769516.0,1332280674.0,0.009650257517626036,5.58,5.72,5.58,5.65,2026-07-16,5.61,1.4656085396149376
601777,千里科技,2026-07-17,8.937490779962111,8.937490779962111,8.279804204826922,8.30329301108175,35342614.0,257399176.0,0.007817259836096204,7.61,7.61,7.05,7.07,2026-07-16,7.51,1.1744403127414074
601778,晶科科技,2026-07-17,3.59903286158112,3.6399309622809057,3.4047668832571394,3.425215933607032,135277890.0,465885884.0,0.036335286906366705,3.52,3.56,3.33,3.35,2026-07-16,3.52,1.0224525174946364
601788,光大证券,2026-07-17,19.32898820785994,19.511460112721732,19.02921293558699,19.04224664307712,33803676.0,499798575.0,0.008652746831299836,14.83,14.97,14.6,14.61,2026-07-16,14.79,1.3033707490128077
601789,宁波建工,2026-07-17,10.327198364008181,10.506134969325155,9.969325153374234,10.122699386503067,37530512.0,149883063.0,0.03453308860108109,4.04,4.11,3.9,3.96,2026-07-16,4.06,2.556237218813906
601798,蓝科高新,2026-07-17,7.666721375262151,7.795573835350591,7.312377110018942,7.441229570107382,8552200.0,60153374.0,0.02412276385417444,7.14,7.26,6.81,6.93,2026-07-16,7.17,1.073770500736996
601799,星宇股份,2026-07-17,121.97261108334125,122.61690351560715,114.8988170874217,116.87196266123607,3814386.0,335136707.0,0.01335198038889879,90.87,91.35,85.6,87.07,2026-07-16,90.55,1.342275900553992
601800,中国交建,2026-07-17,9.043522049046164,9.19226418801074,8.984025193460335,9.028647835149707,52689919.0,322483046.0,0.004494625050098609,6.08,6.18,6.04,6.07,2026-07-16,6.09,1.4874213896457507
601801,皖新传媒,2026-07-17,14.914566767532214,15.222372085436257,14.634743751255813,14.662726052883453,13917826.0,74191353.0,0.007108434523637972,5.33,5.44,5.23,5.24,2026-07-16,5.34,2.7982301627640176
601808,中海油服,2026-07-17,14.297976419579891,14.628777930572742,14.065190171103442,14.175457341434392,21479481.0,250880265.0,0.007255434275932049,11.67,11.94,11.48,11.57,2026-07-16,11.68,1.2251907814550036
601811,新华文轩,2026-07-17,16.82545821873799,16.987241470841237,16.51537365220676,16.5423375275573,3623062.0,44984491.0,0.004575128371005623,12.48,12.6,12.25,12.27,2026-07-16,12.4,1.3481937675270823
601816,京沪高铁,2026-07-17,5.113260673440022,5.253794264887634,5.10245039717482,5.21055315982683,313984714.0,1509103870.0,0.006417585162701442,4.73,4.86,4.72,4.82,2026-07-16,4.74,1.081027626520089
601818,光大银行,2026-07-17,6.519999980926514,6.603589724271726,6.499102545090211,6.540897416762816,266120097.0,835858046.0,0.005734504593408165,3.12,3.16,3.11,3.13,2026-07-16,3.12,2.089743583630293
601825,沪农商行,2026-07-17,10.614856828962054,10.774079681396485,10.561782544817245,10.601588257925853,25711403.0,206911457.0,0.0027427130742714825,8.0,8.12,7.96,7.99,2026-07-16,7.98,1.3268571036202568
601827,三峰环境,2026-07-17,8.980189916923324,9.11729205305956,8.865938136809795,8.911638848855207,9847843.0,77566251.0,0.005890093223216501,7.86,7.98,7.76,7.8,2026-07-16,7.84,1.142517801135283
601828,美凯龙,2026-07-17,2.746910577867089,2.783373992617537,2.6253658620322624,2.6253658620322624,40032655.0,88966730.0,0.011082003705955515,2.26,2.29,2.16,2.16,2026-07-16,2.26,1.2154471583482696
601838,成都银行,2026-07-17,25.94634561850161,26.385873877612838,25.818740640049963,25.875453963806248,24193318.0,444753741.0,0.005708077620141483,18.3,18.61,18.21,18.25,2026-07-16,18.29,1.4178330939071917
601857,中国石油,2026-07-17,17.963133429602,18.555916832778866,17.891280895883593,18.484064299060456,265004010.0,2693440762.0,0.0016366144356044136,10.0,10.33,9.96,10.29,2026-07-16,9.99,1.7963133429601998
601858,中国科传,2026-07-17,20.39245574960781,20.761758853166068,19.619227376532695,19.665390264477477,14908867.0,260664587.0,0.0188600468058191,17.67,17.99,17.0,17.04,2026-07-16,18.0,1.1540721986195703
601860,紫金银行,2026-07-17,3.2699999809265137,3.3454615189478947,3.2322692119158227,3.2448461349193867,79506632.0,208473838.0,0.02238610448996091,2.6,2.66,2.57,2.58,2026-07-16,2.59,1.2576923003563514
601865,福莱特,2026-07-17,9.761941965343883,9.952109665967464,9.508385031179106,9.508385031179106,22388400.0,205590880.0,0.011777011816115446,9.24,9.42,9.0,9.0,2026-07-16,9.25,1.0564872256865674
601866,中远海发,2026-07-17,2.9379050392407207,2.9747825083525288,2.901027570128912,2.9133200598328486,72712905.0,173824663.0,0.007488125868053936,2.39,2.42,2.36,2.37,2026-07-16,2.38,1.229248970393607
601868,中国能建,2026-07-17,2.6437894821166994,2.68575439453125,2.633298254013061,2.6437894821166994,358831578.0,909012955.0,0.011065237650633306,2.52,2.56,2.51,2.52,2026-07-16,2.52,1.0491228103637695
601869,长飞光纤,2026-07-17,419.39987415447536,429.5852996696555,393.8763960987887,393.8763960987887,10225819.0,3788312531.0,0.0251657760237692,385.0,394.35,361.57,361.57,2026-07-16,401.74,1.0893503224791568
601872,招商轮船,2026-07-17,24.54686068416981,24.964679589432276,24.041996173644332,24.21608738417036,100907593.0,1417662252.0,0.012497010569087754,14.1,14.34,13.81,13.91,2026-07-16,14.16,1.7409121052602703
601877,正泰电器,2026-07-17,47.618080442632234,48.45910625364592,47.057396568623105,47.07742099269487,21737529.0,517877718.0,0.010115329370860121,23.78,24.2,23.5,23.51,2026-07-16,23.81,2.0024424071754514
601878,浙商证券,2026-07-17,10.577987043670229,10.721980584578827,10.48937563388032,10.566910617446489,34737918.0,332711280.0,0.007594985247878223,9.55,9.68,9.47,9.54,2026-07-16,9.57,1.1076426223738458
601880,辽港股份,2026-07-17,4.09624998271465,4.152749982476232,4.011499983072278,4.039749982953069,114278014.0,165068593.0,0.006206359427986111,1.45,1.47,1.42,1.43,2026-07-16,1.45,2.8249999880790693
601881,中国银河,2026-07-17,15.253720711925762,15.43150300460555,14.898156126566189,14.992973349328743,56229445.0,720325247.0,0.007762833502993785,12.87,13.02,12.57,12.65,2026-07-16,12.9,1.1852152845319164
601882,海天精工,2026-07-17,20.84853215898786,21.051054327828542,20.26346811567034,20.39848289489746,6099621.0,111845431.0,0.011685097701149425,18.53,18.71,18.01,18.13,2026-07-16,18.52,1.1251231602260043
601886,江河集团,2026-07-17,25.260137116143465,25.663554539374253,24.205045393847545,24.267109612806127,6228465.0,50198963.0,0.005497311275850637,8.14,8.27,7.8,7.82,2026-07-16,8.23,3.1032109479291723
601888,中国中免,2026-07-17,125.43466257668715,129.21323400525858,121.91108676599477,122.62971078001755,42019247.0,2252922715.0,0.021521010662144305,54.11,55.74,52.59,52.9,2026-07-16,54.52,2.3181419807186683
601890,亚星锚链,2026-07-17,23.93719045231851,24.084044381473838,23.144179234879736,23.291033164035067,17009254.0,136450250.0,0.017729053575151137,8.15,8.2,7.88,7.93,2026-07-16,8.15,2.9370785831065658
601898,中煤能源,2026-07-17,18.384648562871927,18.838771356058402,18.311402951067652,18.36999944051107,70443791.0,891711138.0,0.0076970922116655505,12.55,12.86,12.5,12.54,2026-07-16,12.54,1.4649122360854123
601899,紫金矿业,2026-07-17,62.34833986034094,62.718295105585554,60.75970851311411,61.71723973610015,290416859.0,8241056106.0,0.014096678722403675,28.65,28.82,27.92,28.36,2026-07-16,29.25,2.1762073249682703
601900,南方传媒,2026-07-17,15.878172937383507,16.089881909881953,15.732623018790825,15.745854829571977,9504013.0,114095979.0,0.010775890321741453,12.0,12.16,11.89,11.9,2026-07-16,11.95,1.3231810781152922
601901,方正证券,2026-07-17,7.634698672466968,7.688313129436539,7.430963735982596,7.4738553015582525,87054907.0,614041207.0,0.01057505281128768,7.12,7.17,6.93,6.97,2026-07-16,7.14,1.072289139391428
601908,京运通,2026-07-17,12.691711353219073,12.909781995026961,12.473640711411184,12.517254839772763,38111950.0,111151564.0,0.01578394137420017,2.91,2.96,2.86,2.87,2026-07-16,2.92,4.361412836157757
601916,浙商银行,2026-07-17,3.9120588411692734,3.981176488539755,3.884411782221081,3.884411782221081,185943431.0,528832268.0,0.00863069385150466,2.83,2.88,2.81,2.81,2026-07-16,2.83,1.3823529474096372
601918,新集能源,2026-07-17,16.331366947235058,17.65598500558369,16.281064995652198,16.532574753566493,73863946.0,745038922.0,0.028512933472063642,9.74,10.53,9.71,9.86,2026-07-16,9.75,1.6767317194286506
601919,中远海控,2026-07-17,34.695012452172456,35.269274727242895,34.64715726258325,34.790722831350855,98704638.0,1439481023.0,0.00786081690159704,14.5,14.74,14.48,14.54,2026-07-16,14.55,2.392759479460169
601921,浙版传媒,2026-07-17,8.53383337361751,8.652523684794387,8.379535969087568,8.379535969087568,7683600.0,55198886.0,0.003457619998789833,7.19,7.29,7.06,7.06,2026-07-16,7.16,1.1869031117687774
601928,凤凰传媒,2026-07-17,15.211724512472227,15.520179972170173,15.17925551671455,15.292897001866423,13725200.0,130265699.0,0.00539321780816535,9.37,9.56,9.35,9.42,2026-07-16,9.36,1.6234497878839091
601929,吉视传媒,2026-07-17,4.997326197641673,5.173443420466049,4.711135710552062,4.7551650162581565,125204323.0,277174884.0,0.03587734182494942,2.27,2.35,2.14,2.16,2026-07-16,2.3,2.201465285304702
601933,永辉超市,2026-07-17,29.45379547897209,30.738384689892992,27.985693523633916,28.169206268051187,283862304.0,899373609.0,0.03180516772671613,3.21,3.35,3.05,3.07,2026-07-16,3.22,9.17563722086358
601939,建设银行,2026-07-17,24.332087401130327,25.429025767574725,24.307156983711135,25.329304097897964,228503094.0,2293741645.0,0.023818141462239716,9.76,10.2,9.75,10.16,2026-07-16,9.8,2.493041741919091
601949,中国出版,2026-07-17,6.055067941980455,6.160271825142277,5.9147960977646905,5.9147960977646905,14115100.0,72719656.0,0.007413517243814007,5.18,5.27,5.06,5.06,2026-07-16,5.18,1.168932035131362
601952,苏垦农发,2026-07-17,12.72436818904317,12.929345619597768,12.566693242462708,12.566693242462708,13134441.0,106295886.0,0.009531524673439767,8.07,8.2,7.97,7.97,2026-07-16,8.1,1.576749465804606
601956,东贝集团,2026-07-17,5.1268979147909235,5.258921037060218,4.950867085098531,4.994874792521629,8348480.0,38488358.0,0.013430272187555355,4.66,4.78,4.5,4.54,2026-07-16,4.67,1.1001926855774513
601958,金钼股份,2026-07-17,34.40753028627627,34.66943346638113,32.328673794193925,32.34504274295048,58062204.0,1177981264.0,0.017994831966385468,21.02,21.18,19.75,19.76,2026-07-16,21.2,1.6368948756553887
601963,重庆银行,2026-07-17,13.444862346665051,13.802031365362037,13.406594237518947,13.444862346665051,19411412.0,206971759.0,0.00954320338793314,10.54,10.82,10.51,10.54,2026-07-16,10.54,1.2756036382035154
601965,中国汽研,2026-07-17,24.47606377345907,24.856126875531416,23.98198174076502,24.038991206075874,9659807.0,124031916.0,0.009675231961084293,12.88,13.08,12.62,12.65,2026-07-16,12.87,1.900315510361729
601966,玲珑轮胎,2026-07-17,12.644025666373114,12.93034871135439,12.58676105737686,12.58676105737686,16067400.0,178841257.0,0.01097872944589607,11.04,11.29,10.99,10.99,2026-07-16,11.07,1.145292179925101
601968,宝钢包装,2026-07-17,4.920044229093906,4.986681396982312,4.7423451147248255,4.7978760879651645,11313600.0,49435099.0,0.008867990397023635,4.43,4.49,4.27,4.32,2026-07-16,4.42,1.110619464806751
601969,海南矿业,2026-07-17,8.92048390215807,9.164444817437067,8.718950972144986,8.729557968461465,29098801.0,244615269.0,0.01475241874299614,8.41,8.64,8.22,8.23,2026-07-16,8.34,1.0606996316478086
601975,招商南油,2026-07-17,3.3951228694361064,3.4252570960879063,3.264541220611641,3.2946754472634403,171337865.0,569399788.0,0.036607958769655384,3.38,3.41,3.25,3.28,2026-07-16,3.38,1.0044742217266587
601985,中国核电,2026-07-17,10.77213786848163,10.956803089084174,10.735204824361123,10.821381927308975,130979073.0,1156602729.0,0.006936244086901218,8.75,8.9,8.72,8.79,2026-07-16,8.87,1.231101470683615
601988,中国银行,2026-07-17,15.02151245630088,15.487697325634356,15.02151245630088,15.435899006819524,470140029.0,2778724512.0,0.002230630705139392,5.8,5.98,5.8,5.96,2026-07-16,5.8,2.589915940741531
601990,南京证券,2026-07-17,8.919939367204865,9.076429531541791,8.854735132064478,8.919939367204865,29123253.0,200408752.0,0.00688212357287506,6.84,6.96,6.79,6.84,2026-07-16,6.86,1.3040847028077287
601991,大唐发电,2026-07-17,16.30716478746016,17.13828566414969,16.020571381705146,16.62241753379067,654538616.0,3808074852.0,0.05280202573593859,5.69,5.98,5.59,5.8,2026-07-16,5.69,2.8659340575501155
601992,金隅集团,2026-07-17,3.7027847072746165,3.8070885018457328,3.5984809127035007,3.650632809989059,64841252.0,92060255.0,0.007780180066904474,1.42,1.46,1.38,1.4,2026-07-16,1.42,2.607594864277899
601995,中金公司,2026-07-17,37.101235655165205,37.615815900035734,36.298490473167185,36.4116981270387,42022468.0,1508182726.0,0.014373818359893554,36.05,36.55,35.27,35.38,2026-07-16,36.45,1.0291604897410598
601996,丰林集团,2026-07-17,11.316483675778567,11.56465217744038,10.522344470460775,10.67124557145786,44057323.0,96841572.0,0.039304805408087465,2.28,2.33,2.12,2.15,2026-07-16,2.29,4.963370033236214
601997,贵阳银行,2026-07-17,10.932764235453389,11.113970272505103,10.872362223102819,10.912630231336532,64757839.0,354305155.0,0.017711797242354874,5.43,5.52,5.4,5.42,2026-07-16,5.43,2.013400411685707
601998,中信银行,2026-07-17,15.102752053177596,15.30879232675437,14.999731916389209,15.102752053177596,71258277.0,524395625.0,0.0017481117250056095,7.33,7.43,7.28,7.33,2026-07-16,7.33,2.0604027357677484
601999,出版传媒,2026-07-17,6.854214219345296,6.979665727519669,6.67173929836439,6.70595334604831,6161472.0,36765142.0,0.011184076228134773,6.01,6.12,5.85,5.88,2026-07-16,6.02,1.140468256130665
603000,人民网,2026-07-17,69.02250560171056,70.5951702863065,66.31402753379534,66.61982344468899,18407596.0,286270693.0,0.0166480463960631,15.8,16.16,15.18,15.25,2026-07-16,15.98,4.368513012766491
603001,奥康国际,2026-07-17,10.443656172888875,10.45894703112151,9.587368111861384,9.724985835955088,23685000.0,154755123.0,0.059067783929373036,6.83,6.84,6.27,6.36,2026-07-16,6.84,1.5290858232633786
603002,宏昌电子,2026-07-17,32.57199899947831,32.77592158854732,29.439006494690698,29.56877541500734,55697600.0,917495138.0,0.04911264921959649,17.57,17.68,15.88,15.95,2026-07-16,17.23,1.8538417188092378
603004,鼎龙科技,2026-07-17,20.74554161569172,21.138527947394756,19.721708804149607,19.7837592775764,3181301.0,62667730.0,0.054030247961956525,20.06,20.44,19.07,19.13,2026-07-16,20.06,1.0341745571132464
603005,晶方科技,2026-07-17,96.78341865304246,97.03663108556496,87.35828922026072,87.35828922026072,60895999.0,1978325941.0,0.09337418112401215,34.4,34.49,31.05,31.05,2026-07-16,34.5,2.813471472472165
603006,联明股份,2026-07-17,28.33110056810928,28.45883321269048,26.41511089939134,26.67057618855373,4980000.0,53237161.0,0.01958669324111593,11.09,11.14,10.34,10.44,2026-07-16,11.03,2.554652891623921
603007,顺景科技,2026-07-17,24.047646726880753,24.047646726880753,22.852435656956263,22.852435656956263,24280746.0,119111761.0,0.034931850434946225,5.03,5.03,4.78,4.78,2026-07-16,5.04,4.780844279697963
603009,北特科技,2026-07-17,118.4868140676543,126.04868100948593,110.71416337831519,110.71416337831519,15312533.0,692015966.0,0.045248602600575276,44.97,47.84,42.02,42.02,2026-07-16,44.61,2.634796843843769
603010,XD万盛股,2026-07-17,57.50852030748764,58.92186529809538,53.60963757477661,54.34067808715994,18096947.0,208563557.0,0.031705737975568034,11.8,12.09,11.0,11.15,2026-07-16,11.9,4.873603415888783
603011,合锻智能,2026-07-17,46.47895782875498,48.15841429953203,42.511241916544186,42.511241916544186,41068013.0,870195130.0,0.08306394378204614,22.14,22.94,20.25,20.25,2026-07-16,22.5,2.099320588471318
603012,创力集团,2026-07-17,18.897311805623822,19.168241007138143,18.15225650145944,18.58122773719045,24825400.0,204422161.0,0.03839969064191802,8.37,8.49,8.04,8.23,2026-07-16,8.3,2.257743345952667
603013,亚普股份,2026-07-17,21.2525198938992,21.44549071618037,20.159018567639254,20.261936339522546,3220100.0,51738916.0,0.006336041010810044,16.52,16.67,15.67,15.75,2026-07-16,16.43,1.286472148541114
603014,威高血净,2026-07-17,33.603579234899094,33.765866366730776,31.83870667622947,31.858992567708434,3279206.0,105673884.0,0.0323122610518481,33.13,33.29,31.39,31.41,2026-07-16,33.44,1.0142945739480558
603015,弘讯科技,2026-07-17,22.610128689221554,22.856377615539813,22.07285830452718,22.27433469878757,4166137.0,41825681.0,0.010306633285422011,10.1,10.21,9.86,9.95,2026-07-16,10.15,2.2386266028932233
603016,新宏泰,2026-07-17,34.60313648501978,35.085041578730994,32.217118582010606,32.58148584798737,2800175.0,80372076.0,0.018899669276457882,29.44,29.85,27.41,27.72,2026-07-16,29.56,1.175378277344422
603017,中衡设计,2026-07-17,46.363020679321814,47.33638796430205,43.95521739542333,44.467515966465555,8826900.0,78130766.0,0.03195948671519748,9.05,9.24,8.58,8.68,2026-07-16,9.13,5.1229857104222996
603018,华设集团,2026-07-17,42.01612318759252,42.79419954291831,41.39366210333189,41.54927737439704,7365894.0,39841153.0,0.008992143611234118,5.4,5.5,5.32,5.34,2026-07-16,5.43,7.780763553257874
603019,中科曙光,2026-07-17,396.33355433240445,404.41028032842013,360.3367755278269,360.3367755278269,97625989.0,8999104161.0,0.06672752068326451,96.67,98.64,87.89,87.89,2026-07-16,97.66,4.099860911683091
603020,爱普股份,2026-07-17,26.83622672075143,26.95120626968353,24.28368073445888,24.375664373604554,8297000.0,91649649.0,0.022087767988956297,11.67,11.72,10.56,10.6,2026-07-16,11.63,2.2995909786419393
603022,新通联,2026-07-17,21.25784583458534,21.830974031106024,20.31999969482422,20.450256103124374,4681100.0,37724573.0,0.0234055,8.16,8.38,7.8,7.85,2026-07-16,8.17,2.605128166003105
603023,威帝股份,2026-07-17,25.90753444253582,26.529315269156676,24.04219196267324,24.318538996726954,11463900.0,41699200.0,0.020540301836527382,3.75,3.84,3.48,3.52,2026-07-16,3.71,6.908675851342885
603025,大豪科技,2026-07-17,39.16188638234877,39.284747202371825,37.22682846698565,37.71827174707787,10424391.0,129907225.0,0.009398330410819757,12.75,12.79,12.12,12.28,2026-07-16,12.76,3.071520500576374
603026,石大胜华,2026-07-17,66.88571384974888,67.25250647408622,64.29658944266184,64.72811017717635,8242013.0,501835324.0,0.035418895940006516,62.0,62.34,59.6,60.0,2026-07-16,62.0,1.0788018362862724
603027,千禾味业,2026-07-17,62.709227811373204,63.37281752366287,60.38666381835938,60.55256124643179,20376400.0,151659222.0,0.015312097970446503,7.56,7.64,7.28,7.3,2026-07-16,7.53,8.294871403620794
603028,赛福天,2026-07-17,8.667727919689963,8.814865276351364,8.279820343037171,8.319948713035734,5493800.0,35106169.0,0.0193314331961012,6.48,6.59,6.19,6.22,2026-07-16,6.48,1.337612333285488
603029,天鹅股份,2026-07-17,20.06565650602602,20.452331235667266,19.154208929014512,19.37516591738094,2207500.0,31511396.0,0.018192381862833975,14.53,14.81,13.87,14.03,2026-07-16,14.53,1.3809811772901597
603030,全筑股份,2026-07-17,7.036093428730961,7.143788736313578,6.53351532667875,6.641210634261367,50090620.0,94369859.0,0.03803580001517464,1.96,1.99,1.82,1.85,2026-07-16,1.97,3.589843586087225
603031,安孚科技,2026-07-17,149.36345209247727,150.88819129309462,134.57348184648882,134.57348184648882,15796301.0,727275332.0,0.050244226788003166,48.98,49.48,44.13,44.13,2026-07-16,49.03,3.049478401234734
603032,德新科技,2026-07-17,32.5390598313751,32.5390598313751,29.837383323182593,30.245183550834295,10213786.0,186512936.0,0.04385827819801994,19.15,19.15,17.56,17.8,2026-07-16,18.98,1.6991676152154098
603033,三维股份,2026-07-17,56.696733501813455,57.779248699938755,55.07296070462547,55.41124670403963,8629480.0,71889432.0,0.008522682116983798,8.38,8.54,8.14,8.19,2026-07-16,8.38,6.7657199882832275
603035,常熟汽饰,2026-07-17,13.58982810629891,13.762789554924533,13.31803154417293,13.42922104686083,4630824.0,50812145.0,0.012640537492478444,11.0,11.14,10.78,10.87,2026-07-16,10.95,1.2354389187544463
603036,如通股份,2026-07-17,14.34234335379941,14.421457934947242,13.415572546067692,13.58510379138447,4440075.0,54205438.0,0.021553131759131802,12.69,12.76,11.87,12.02,2026-07-16,12.69,1.1302083021118527
603037,凯众股份,2026-07-17,42.405793321957375,42.622813758610185,39.71473990746264,40.061972606107126,4794124.0,45255080.0,0.01801287047550396,9.77,9.82,9.15,9.23,2026-07-16,9.69,4.340408733056027
603038,华立股份,2026-07-17,57.59478289598777,57.59478289598777,53.200000265370235,53.315652439860166,7108300.0,101359618.0,0.02645666430544328,14.94,14.94,13.8,13.83,2026-07-16,14.81,3.855072482997843
603039,泛微网络,2026-07-17,140.9803439084982,142.203109499738,131.37936963654138,131.42465725103176,12834347.0,384755081.0,0.041718835742704866,31.13,31.4,29.01,29.02,2026-07-16,31.1,4.528761449036242
603040,新坐标,2026-07-17,154.74684796364485,154.74684796364485,141.87256414494612,143.6351149058394,2863250.0,164630073.0,0.01458420308394683,60.58,60.58,55.54,56.23,2026-07-16,60.22,2.554421392598958
603041,美思德,2026-07-17,16.551399852243218,16.937393318946654,15.964689782854,16.02644873752655,3344300.0,35545291.0,0.01826012636839562,10.72,10.97,10.34,10.38,2026-07-16,10.72,1.543973866813733
603042,华脉科技,2026-07-17,12.010357640289934,12.213578581750001,11.075541309573628,11.156829686157655,14821655.0,168057203.0,0.07099622913207385,11.82,12.02,10.9,10.98,2026-07-16,11.76,1.0161047073003329
603043,广州酒家,2026-07-17,22.87236756855035,23.221183631687285,22.291007463322128,22.340838329484544,4732033.0,64728300.0,0.008413215504807989,13.77,13.98,13.42,13.45,2026-07-16,13.74,1.6610288720806354
603045,福达合金,2026-07-17,90.87574626734478,91.9912304794579,81.48829471605522,81.48829471605522,7351943.0,432646099.0,0.05427985223982357,62.73,63.5,56.25,56.25,2026-07-16,62.5,1.4486807949520928
603048,浙江黎明,2026-07-17,18.43973107601357,18.613690803145772,17.439462645003395,17.6134223721356,1732200.0,28589844.0,0.011793300653594772,16.96,17.12,16.04,16.2,2026-07-16,16.94,1.0872482945762716
603049,中策橡胶,2026-07-17,49.003943860632745,49.84759773352207,48.633559233510596,48.83932847080067,3494078.0,167548550.0,0.006919236776030664,47.63,48.45,47.27,47.47,2026-07-16,47.61,1.028846186450404
603050,科林电气,2026-07-17,63.67052051128369,63.87372430014948,59.13230255994751,60.0128523116993,5825059.0,105176088.0,0.014442801386841017,18.8,18.86,17.46,17.72,2026-07-16,18.87,3.3867298144299833
603051,鹿山新材,2026-07-17,30.994821941785226,32.03278807192873,28.84680870023825,29.524369924081924,7457165.0,158375366.0,0.046136431286858834,21.5,22.22,20.01,20.48,2026-07-16,21.62,1.4416196251993127
603052,可川科技,2026-07-17,171.26697118641857,171.88689112161126,154.38824204185377,154.38824204185377,3881529.0,220816287.0,0.020657717656607722,60.78,61.0,54.79,54.79,2026-07-16,60.88,2.8178178872395288
603053,成都燃气,2026-07-17,10.383879137341617,10.548889702520711,10.207082103221158,10.254227978986613,3551900.0,31356016.0,0.003995882505146869,8.81,8.95,8.66,8.7,2026-07-16,8.81,1.1786468941363923
603055,台华新材,2026-07-17,13.724051366086869,13.84967197355677,13.20586636027352,13.331486967743421,7109514.0,61163654.0,0.008014775322790874,8.74,8.82,8.41,8.49,2026-07-16,8.71,1.5702575933737835
603057,紫燕食品,2026-07-17,23.781282689021182,24.2301978884364,22.569211650600092,22.591657410570853,2994962.0,61872783.0,0.007269325242718447,21.19,21.59,20.11,20.13,2026-07-16,21.19,1.1222879985380454
603058,永吉股份,2026-07-17,9.938959383691637,10.138678425680713,9.351550436664944,9.398543152427079,5353200.0,43974145.0,0.012909742834749074,8.46,8.63,7.96,8.0,2026-07-16,8.52,1.1748178940533849
603059,倍加洁,2026-07-17,32.5102233058058,32.812582843223325,29.894156003802017,30.34112227650618,1768700.0,41815799.0,0.017607992935697522,24.73,24.96,22.74,23.08,2026-07-16,24.61,1.3146066844240114
603060,国检集团,2026-07-17,21.84892110662027,22.208409753712743,21.1698869954456,21.209830178455874,7298305.0,39442766.0,0.009077899633211838,5.47,5.56,5.3,5.31,2026-07-16,5.49,3.994318301027472
603061,金海通,2026-07-17,501.6432395781446,506.03078977853653,446.0676037065134,446.4332328898794,4607805.0,1494590214.0,0.05296327586206897,343.0,346.0,305.0,305.25,2026-07-16,338.0,1.4625167334639784
603062,麦加芯彩,2026-07-17,40.64653584747453,41.38124798042387,39.08668547290515,39.39187358966873,476387.0,16880288.0,0.012849937016327202,35.96,36.61,34.58,34.85,2026-07-16,36.21,1.1303263583836076
603063,禾望电气,2026-07-17,36.9162519867451,36.9162519867451,33.01444970516974,33.555499621548186,25349046.0,843624114.0,0.05484037956474588,35.48,35.48,31.73,32.25,2026-07-16,35.25,1.0404806084200988
603065,宿迁联盛,2026-07-17,17.85539834860255,17.85539834860255,17.85539834860255,17.85539834860255,3029100.0,51979356.0,0.007229915159161769,17.16,17.16,17.16,17.16,2026-07-16,19.07,1.0405243792891927
603066,音飞储存,2026-07-17,30.41907757161086,30.999717440422096,29.290055604477903,29.419086686435953,8567900.0,79829783.0,0.029124678240443982,9.43,9.61,9.08,9.12,2026-07-16,9.49,3.225777048951311
603067,振华股份,2026-07-17,107.80682095812793,109.79587669536278,98.87137056931917,99.14677828678244,32287791.0,1085295521.0,0.042735546454239416,35.23,35.88,32.31,32.4,2026-07-16,35.9,3.0600857495920506
603068,博通集成,2026-07-17,38.233511380912844,40.56271438868859,35.62968618444737,35.995849102700326,13186029.0,498056047.0,0.08687174321854911,37.59,39.88,35.03,35.39,2026-07-16,38.4,1.0171192173693226
603069,海汽集团,2026-07-17,12.791134488051103,13.2100134928515,12.362038922158016,12.41312172762148,4117964.0,51287379.0,0.013031531645569621,12.52,12.93,12.1,12.15,2026-07-16,12.65,1.0216561092692575
603070,万控智造,2026-07-17,11.231979537131217,11.592639430525338,11.211370400365839,11.293806947427353,3676700.0,40685968.0,0.009168827930174563,10.9,11.25,10.88,10.96,2026-07-16,11.13,1.030456838268919
603071,物产环能,2026-07-17,14.641301528153013,14.900330451566,14.394607315378742,14.505619711127164,3194192.0,38034794.0,0.0057248258272670945,11.87,12.08,11.67,11.76,2026-07-16,11.89,1.2334710638713575
603072,天和磁材,2026-07-17,33.45745697896749,33.45745697896749,31.91156787762906,31.931644359464624,2952602.0,96032654.0,0.023390651984472786,33.33,33.33,31.79,31.81,2026-07-16,32.98,1.0038240917782026
603073,彩蝶实业,2026-07-17,16.419309957736026,16.77831737803379,15.669617991820104,15.732972242460887,1800279.0,27546374.0,0.03537390951278655,15.55,15.89,14.84,14.9,2026-07-16,15.55,1.0559041773463682
603075,热威股份,2026-07-17,24.680409330162448,25.029866453421388,24.494760233431137,24.8769789619956,3127331.0,70992759.0,0.07582315421679771,22.6,22.92,22.43,22.78,2026-07-16,22.65,1.092053510184179
603076,乐惠国际,2026-07-17,29.63552082961168,30.276919214512276,28.22152893562627,28.513073656035633,2217909.0,44460325.0,0.01837518064421884,20.33,20.77,19.36,19.56,2026-07-16,20.4,1.4577236020468116
603077,和邦生物,2026-07-17,32.07769120560001,32.94076809902423,31.93384505669598,32.36538350340808,189370052.0,427625432.0,0.021442077233829647,2.23,2.29,2.22,2.25,2026-07-16,2.24,14.384614890403594
603078,江化微,2026-07-17,199.51609940263143,201.3494905863313,186.73628438684128,189.75598751293512,23622235.0,849806121.0,0.06125506579696367,37.0,37.34,34.63,35.19,2026-07-16,37.04,5.392327010881931
603079,圣达生物,2026-07-17,24.306275462824576,24.616832645058285,22.960527673145194,23.10545435818759,3361000.0,38395068.0,0.017780281888515,11.74,11.89,11.09,11.16,2026-07-16,11.78,2.070381214891361
603080,新疆火炬,2026-07-17,22.514212526359664,22.81767003060298,21.440439819037174,21.73222588080959,2024900.0,38584728.0,0.014310247349823321,19.29,19.55,18.37,18.62,2026-07-16,19.19,1.1671442470896665
603081,大丰实业,2026-07-17,9.703064621593278,9.909281878651749,9.410019045773348,9.464286744999262,5778100.0,51316428.0,0.01367600387758414,8.94,9.13,8.67,8.72,2026-07-16,9.13,1.0853539845182638
603082,北自科技,2026-07-17,35.875186409864206,36.587323309254494,34.05872127518754,34.574762506629774,4656973.0,160096252.0,0.11482566468344474,34.76,35.45,33.0,33.5,2026-07-16,34.79,1.032082462884471
603083,剑桥科技,2026-07-17,435.4179927332616,440.2577212364747,396.47506105624444,396.47506105624444,20765483.0,3712145663.0,0.07534963385411038,193.43,195.58,176.13,176.13,2026-07-16,195.7,2.251036513122378
603085,天成自控,2026-07-17,27.857953473604645,28.30557654454158,25.85681503882775,25.85681503882775,9205020.0,93890993.0,0.02318060941828255,10.58,10.75,9.82,9.82,2026-07-16,10.62,2.633076887864333
603086,先达股份,2026-07-17,32.36358767038069,32.83262517284997,30.839215787355513,31.24962360201614,6945900.0,37646114.0,0.01597444813207958,5.52,5.6,5.26,5.33,2026-07-16,5.48,5.862968780866067
603087,甘李药业,2026-07-17,101.46081154806576,102.89256781862497,95.7188723380106,95.85309948837552,18498597.0,1222326408.0,0.03296508540226317,68.03,68.99,64.18,64.27,2026-07-16,69.4,1.4914127818325116
603088,宁波精达,2026-07-17,61.09883508016896,61.234610269236,57.22924219175826,59.265870027763896,10949920.0,95568830.0,0.025007134507667814,9.0,9.02,8.43,8.73,2026-07-16,9.0,6.788759453352107
603089,XD正裕工,2026-07-17,18.797744943750384,19.085917920482405,18.08839607794848,18.19923183823003,3006200.0,25150249.0,0.012524097284714717,8.48,8.61,8.16,8.21,2026-07-16,8.48,2.2167152056309414
603090,宏盛股份,2026-07-17,47.85874721818468,47.85874721818468,43.14119565690883,43.37978447150209,3116200.0,129287820.0,0.031162,44.13,44.13,39.78,40.0,2026-07-16,44.19,1.0844946117875522
603091,众鑫股份,2026-07-17,47.63996295859898,48.05572253316317,45.37863649206693,45.37863649206693,838370.0,38417507.0,0.019045956534363338,46.98,47.39,44.75,44.75,2026-07-16,46.6,1.0140477428394845
603092,德力佳,2026-07-17,48.41000080944675,49.070000820482385,46.58000077884796,47.93000080142084,1397282.0,66813696.0,0.04041698438842411,48.41,49.07,46.58,47.93,2026-07-16,48.6,1.0000000167206518
603093,南华期货,2026-07-17,17.318978282329713,17.482847976307994,16.899062191510364,16.980997038499503,10214200.0,171589372.0,0.016742781586709683,16.91,17.07,16.5,16.58,2026-07-16,16.93,1.0241855873642645
603095,越剑智能,2026-07-17,30.846192814386434,30.846192814386434,28.59204795487358,28.92423772364389,4252840.0,52969969.0,0.016466694441303883,13.0,13.0,12.05,12.19,2026-07-16,12.93,2.37278406264511
603096,新经典,2026-07-17,21.409950436016803,21.94557115575037,20.695789476372045,20.740424536349842,2195006.0,31312967.0,0.014231603404434013,14.39,14.75,13.91,13.94,2026-07-16,14.44,1.4878353325932454
603097,江苏华辰,2026-07-17,16.449819074438665,16.562699928973178,15.177343986958693,15.197867778692242,3347035.0,51602926.0,0.01489711210373117,16.03,16.14,14.79,14.81,2026-07-16,15.8,1.0261895866773965
603098,森特股份,2026-07-17,12.92832539100957,13.158959540700524,12.377366033414514,12.42861806667917,5785720.0,57569079.0,0.010738159310021353,10.09,10.27,9.66,9.7,2026-07-16,10.19,1.2813008316164094
603099,长白山,2026-07-17,37.959728858990374,38.65065573580438,37.02130578749672,37.526610518301,6451704.0,235972392.0,0.02368850811581583,36.81,37.48,35.9,36.39,2026-07-16,37.1,1.031234144498516
603100,川仪股份,2026-07-17,29.495813137292863,29.876511062184974,28.18819852570693,28.32061519523462,5646745.0,98964718.0,0.01103873442214589,17.82,18.05,17.03,17.11,2026-07-16,17.7,1.6552083690961203
603101,汇嘉时代,2026-07-17,15.237097649223475,15.944304713111485,14.78705679038565,14.979931444173289,15351468.0,109855828.0,0.032634923469387754,7.11,7.44,6.9,6.99,2026-07-16,7.18,2.1430517087515435
603102,百合股份,2026-07-17,36.21227546698286,36.7460649048806,34.909829238512366,35.2087513237351,863775.0,28978124.0,0.013496484375,33.92,34.42,32.7,32.98,2026-07-16,33.83,1.0675788757954852
603103,横店影视,2026-07-17,21.819460577713826,22.244705441123568,19.854536036441207,20.17713558799343,17204905.0,243872603.0,0.02712851624093346,14.88,15.17,13.54,13.76,2026-07-16,14.94,1.4663615979646387
603105,芯能科技,2026-07-17,7.386213384788324,7.6496147536366434,7.33133809961159,7.452063727000404,11693928.0,79798139.0,0.023387323938380403,6.73,6.97,6.68,6.79,2026-07-16,6.78,1.0975057035346691
603106,恒银科技,2026-07-17,12.679282868525895,12.849601593625497,12.092629482071711,12.225099601593625,7429408.0,48633337.0,0.01427305002689618,6.7,6.79,6.39,6.46,2026-07-16,6.65,1.892430278884462
603107,上海汽配,2026-07-17,12.142176465923281,12.29784539497358,11.88272825083945,11.986507536872985,1997000.0,23251150.0,0.009153244741841326,11.7,11.85,11.45,11.55,2026-07-16,11.74,1.0377928603353233
603108,润达医疗,2026-07-17,58.374823345990755,59.28161671835566,54.917673613849544,54.917673613849544,52344498.0,525549970.0,0.08657652486167537,10.3,10.46,9.69,9.69,2026-07-16,10.31,5.667458577280655
603109,神驰机电,2026-07-17,26.06383792914931,26.8606160433855,25.420286375343153,26.201741833536342,3879652.0,66261877.0,0.018576406345733334,17.01,17.53,16.59,17.1,2026-07-16,17.01,1.5322656043003708
603110,东方材料,2026-07-17,48.43620792511971,48.43620792511971,43.697883236792784,43.697883236792784,21256800.0,459273452.0,0.1056360642978588,23.0,23.0,20.75,20.75,2026-07-16,23.05,2.105922083700857
603111,康尼机电,2026-07-17,16.284515174659532,16.589157465341938,16.007567637675525,16.062957145072325,8049800.0,47559130.0,0.009610609084725457,5.88,5.99,5.78,5.8,2026-07-16,5.9,2.7694753698400563
603112,华翔股份,2026-07-17,16.663127271500954,16.719804575145517,15.72228403100124,16.01700600995296,7444671.0,106723621.0,0.013925514240949028,14.7,14.75,13.87,14.13,2026-07-16,14.69,1.1335460728912214
603113,金能科技,2026-07-17,5.104767330857211,5.2356588008791904,4.985775085382683,5.045271208119947,9544600.0,40959303.0,0.011248916393437166,4.29,4.4,4.19,4.24,2026-07-16,4.32,1.1899224547452705
603115,海星股份,2026-07-17,101.41644283070283,103.85787802303538,94.23423136542824,94.23423136542824,7942300.0,597101289.0,0.032834291894180176,78.51,80.4,72.95,72.95,2026-07-16,81.06,1.2917646520278032
603116,红蜻蜓,2026-07-17,11.270879273886202,11.425274880377794,10.421703438182448,10.479601790616794,9578400.0,53734054.0,0.01662337157463162,5.84,5.92,5.4,5.43,2026-07-16,5.88,1.9299450811448977
603117,万林物流,2026-07-17,5.321044935466559,5.558194570473425,5.158004561399339,5.187648265775197,15940360.0,57233696.0,0.026602837231652986,3.59,3.75,3.48,3.5,2026-07-16,3.59,1.4821852187929134
603118,共进股份,2026-07-17,34.07483003907286,38.27338159910887,33.02519214906385,38.27338159910887,122615677.0,1784261519.0,0.15574666796250972,13.31,14.95,12.9,14.95,2026-07-16,13.59,2.560092414656112
603119,浙江荣泰,2026-07-17,93.55693175982981,94.7401114320124,85.73765740453611,86.76650929339054,10728667.0,558627046.0,0.04047965468986711,54.56,55.25,50.0,50.6,2026-07-16,55.11,1.714753148090722
603120,肯特催化,2026-07-17,51.50731859382408,57.23484352865409,50.01230326691959,55.36607437002349,9233778.0,505905743.0,0.24363530343007916,50.99,56.66,49.51,54.81,2026-07-16,51.51,1.0101454911516783
603121,华培动力,2026-07-17,22.89312735862801,23.423627636100672,21.19960724208066,21.628088235423963,8674928.0,93513845.0,0.025625004587800065,11.22,11.48,10.39,10.6,2026-07-16,11.3,2.0403856825871665
603122,合富中国,2026-07-17,11.992212802242609,12.194568080433204,10.980436411289636,10.980436411289636,29740400.0,317660730.0,0.07471474256018801,11.26,11.45,10.31,10.31,2026-07-16,11.45,1.0650277799504981
603123,翠微股份,2026-07-17,9.492835051693717,9.586591447266,9.09437037051151,9.188126766083796,15487600.0,123665187.0,0.023743938472273796,8.1,8.18,7.76,7.84,2026-07-16,8.04,1.1719549446535453
603124,XD江南新,2026-07-17,129.71864119059578,130.17361693912085,116.8377722212412,116.8377722212412,5367506.0,647437067.0,0.06916103983555476,128.3,128.75,115.56,115.56,2026-07-16,128.4,1.0110572189446279
603125,常青科技,2026-07-17,47.777842265573724,48.634843920561586,44.54266101799451,44.799761514490875,6188734.0,133606635.0,0.015287000828421111,22.3,22.7,20.79,20.91,2026-07-16,22.34,2.1425041374696736
603126,中材节能,2026-07-17,9.8975836060041,9.997223709420247,9.548843244047578,9.615269979658345,9107199.0,53624813.0,0.01491760687960688,5.96,6.02,5.75,5.79,2026-07-16,5.96,1.6606683902691441
603127,昭衍新药,2026-07-17,399.04362201266304,406.633275215649,375.0227608444498,375.0227608444498,40235051.0,1985852817.0,0.0638293941749916,51.0,51.97,47.93,47.93,2026-07-16,53.25,7.824384745346334
603128,华贸物流,2026-07-17,17.93489841172083,18.270757932539574,17.766968651311462,17.83414055547521,11194052.0,60116453.0,0.008551302074683988,5.34,5.44,5.29,5.31,2026-07-16,5.36,3.3585952081874217
603129,春风动力,2026-07-17,303.90225733457333,309.6786347993518,296.0924162361591,300.3381095371568,1782378.0,481557706.0,0.01161288710967498,272.0,277.17,265.01,268.81,2026-07-16,275.29,1.1172877107888726
603130,云中马,2026-07-17,40.046151381615424,40.524749189761515,36.31100761804048,37.26820323433267,2431800.0,89044628.0,0.0176839919077448,38.49,38.95,34.9,35.82,2026-07-16,38.12,1.0404300177088963
603131,上海沪工,2026-07-17,43.280353176783,43.30945899600075,40.31155961657328,40.893676000928124,10164003.0,145524259.0,0.030168552042310046,14.87,14.88,13.85,14.05,2026-07-16,14.87,2.9105819217742437
603132,金徽股份,2026-07-17,17.128959835165798,17.37118755000653,16.459949956081882,16.586831140046073,5593100.0,81840529.0,0.005718916155419223,14.85,15.06,14.27,14.38,2026-07-16,15.06,1.1534653087653737
603135,中重科技,2026-07-17,14.721035576360405,14.778878545226263,13.41956877687864,13.607558425692675,16368258.0,159084907.0,0.026000425581880607,10.18,10.22,9.28,9.41,2026-07-16,10.19,1.4460742216464053
603136,天目湖,2026-07-17,31.051041710895042,31.505617771977963,30.17685697804327,30.456596092555838,3454585.0,30368211.0,0.012788757542710234,8.88,9.01,8.63,8.71,2026-07-16,8.92,3.496738931407099
603137,恒尚节能,2026-07-17,41.14983520978762,41.14983520978762,41.14983520978762,41.14983520978762,2309400.0,66626190.0,0.01262427109101942,28.85,28.85,28.85,28.85,2026-07-16,32.05,1.4263374422803332
603138,海量数据,2026-07-17,39.19619803192952,39.6317113433954,36.17871294534447,36.98752338092397,9050300.0,109380978.0,0.031387287737497216,12.6,12.74,11.63,11.89,2026-07-16,12.68,3.110809367613454
603139,康惠股份,2026-07-17,40.13562387584514,41.4528956338216,37.01739463626025,37.01739463626025,5379500.0,200876728.0,0.05385963155786944,39.0,40.28,35.97,35.97,2026-07-16,39.97,1.0291185609191063
603150,万朗磁塑,2026-07-17,58.270833333333336,58.81250000000001,52.427083333333336,52.66666666666667,3117384.0,164741441.0,0.036467882502953804,55.94,56.46,50.33,50.56,2026-07-16,55.9,1.0416666666666667
603151,邦基科技,2026-07-17,12.922622079161178,13.609433555159114,12.848657766361399,13.472071259959526,10369800.0,129998490.0,0.06054233432857432,12.23,12.88,12.16,12.75,2026-07-16,12.24,1.0566330399968256
603153,上海建科,2026-07-17,14.077238565708303,14.31654121686225,13.785913599086106,13.994002860959103,2056200.0,27844308.0,0.005092374905613554,13.53,13.76,13.25,13.45,2026-07-16,13.61,1.0404463093649892
603155,新亚强,2026-07-17,35.57809058939406,37.920585471746605,32.58619118520121,33.003665520669976,18818439.0,282123482.0,0.04109808830864193,15.34,16.35,14.05,14.23,2026-07-16,15.56,2.3193018637153884
603156,XD养元饮,2026-07-17,153.31693894370318,153.67247938443836,139.60887972869028,139.88541118259542,11454102.0,422397738.0,0.00908855502074374,38.81,38.9,35.34,35.41,2026-07-16,39.25,3.9504493415022717
603158,腾龙股份,2026-07-17,44.45066044387212,45.24285043198073,41.501953265912285,41.898048259966586,16806100.0,164864363.0,0.03424434038722339,10.1,10.28,9.43,9.52,2026-07-16,10.21,4.401055489492289
603159,上海亚虹,2026-07-17,29.857722772277228,30.812079207920792,27.343069306930694,27.964158415841585,4921550.0,94023353.0,0.03515392857142857,19.71,20.34,18.05,18.46,2026-07-16,20.0,1.5148514851485149
603160,汇顶科技,2026-07-17,56.54807098593031,58.11449954509735,54.18798529011863,54.19842814717974,9680482.0,517912767.0,0.02077433530775189,54.15,55.65,51.89,51.9,2026-07-16,54.83,1.044285706111363
603161,科华控股,2026-07-17,18.476845427473556,20.30774670847837,18.476845427473556,20.30774670847837,4986579.0,66029121.0,0.026142131993001264,12.11,13.31,12.11,13.31,2026-07-16,12.1,1.5257510675040096
603162,海通发展,2026-07-17,34.983202933409835,37.30197430939953,34.10946299463111,35.386467520538474,54912734.0,584112941.0,0.13017369578555066,10.41,11.1,10.15,10.53,2026-07-16,10.33,3.36053822607203
603163,圣晖集成,2026-07-17,121.38080215807351,122.25404533906686,110.189854930882,110.189854930882,4143100.0,350970194.0,0.041431,90.35,91.0,82.02,82.02,2026-07-16,91.13,1.3434510476820534
603165,荣晟环保,2026-07-17,37.09383315622879,37.41993278837146,35.218760271408435,35.81660959700333,6467861.0,85867081.0,0.020682040566206625,13.65,13.77,12.96,13.18,2026-07-16,13.65,2.7174969345222557
603166,福达股份,2026-07-17,17.139837527777427,17.251758108649106,16.020631719060617,16.10057499111182,10114840.0,104418945.0,0.015786784643411184,10.72,10.79,10.02,10.07,2026-07-16,10.72,1.5988654410240137
603167,渤海轮渡,2026-07-17,13.776509507950786,14.182656604293674,13.760263624097071,13.93896834648794,8692882.0,75032677.0,0.018529220622670286,8.48,8.73,8.47,8.58,2026-07-16,8.51,1.6245883853715548
603168,莎普爱思,2026-07-17,25.39262418544039,25.535815675207907,23.81751779799766,24.056170280943526,11788750.0,60650339.0,0.0316464611847278,5.32,5.35,4.99,5.04,2026-07-16,5.3,4.773049658917366
603169,兰石重装,2026-07-17,9.99898233729161,10.01526732481163,9.673282586891233,9.70585256193127,14346205.0,86712792.0,0.010982389250215593,6.14,6.15,5.94,5.96,2026-07-16,6.12,1.628498752001891
603170,宝立食品,2026-07-17,14.063666311899821,14.517332967122394,13.665324858533657,13.742780141132632,3858342.0,48949198.0,0.009645613859653509,12.71,13.12,12.35,12.42,2026-07-16,12.65,1.1065040371282313
603171,税友股份,2026-07-17,40.24507716142178,40.68755691543383,37.04481661496252,37.16829933701239,5937100.0,221426286.0,0.014627362093177955,39.11,39.54,36.0,36.12,2026-07-16,38.7,1.0290226837489589
603172,万丰股份,2026-07-17,16.642755012473003,16.743988315468577,15.589928661318991,15.74177861581236,2277500.0,36025859.0,0.017075273654221023,16.44,16.54,15.4,15.55,2026-07-16,16.25,1.0123330299557787
603173,福斯达,2026-07-17,32.79373161267658,33.27994782270681,31.67646883218161,32.16268504221183,1097000.0,34460305.0,0.00685625,31.7,32.17,30.62,31.09,2026-07-16,31.8,1.0345025745323844
603175,超颖电子,2026-07-17,86.00999785704245,86.49999784483398,77.84999806035059,77.84999806035059,5918992.0,477410846.0,0.13016142765662495,86.01,86.5,77.85,77.85,2026-07-16,86.5,0.999999975084786
603176,汇通集团,2026-07-17,4.478727534087468,4.529622165156644,4.234433304955424,4.264970083596929,4731400.0,20270292.0,0.010245194169404,4.4,4.45,4.16,4.19,2026-07-16,4.38,1.0178926213835153
603177,德创环保,2026-07-17,9.05145131551229,9.49893879627919,8.970089955372853,9.183663525738872,8515785.0,77446796.0,0.04170479254818994,8.9,9.34,8.82,9.03,2026-07-16,8.9,1.0170170017429538
603178,圣龙股份,2026-07-17,16.350794561215924,17.060777215526663,16.0964724163882,16.22363348880206,21962040.0,345329562.0,0.0928973616177945,15.43,16.1,15.19,15.31,2026-07-16,15.74,1.059675603448861
603179,新泉股份,2026-07-17,162.16489355047898,163.8177633601668,150.59480488266453,150.74172664352565,21994778.0,934073103.0,0.030796442978434643,44.15,44.6,41.0,41.04,2026-07-16,44.15,3.673044021528403
603180,金牌家居,2026-07-17,34.37884562114287,35.05476868759246,33.23676871576253,33.539768711067524,1104800.0,16058934.0,0.0071620671821090425,14.75,15.04,14.26,14.39,2026-07-16,14.75,2.330769194653754
603181,皇马科技,2026-07-17,40.164784141208806,41.53548709205958,39.20847975689431,39.94164645153542,12366884.0,156779681.0,0.021007107185323594,12.6,13.03,12.3,12.53,2026-07-16,12.64,3.187681281048318
603182,嘉华股份,2026-07-17,13.27084029336663,13.488573522133928,12.737393882886758,12.813600512955311,2523227.0,30339988.0,0.01533410513521726,12.19,12.39,11.7,11.77,2026-07-16,12.08,1.088666143836475
603183,建研院,2026-07-17,20.536140508819045,21.18255655389083,19.591378596791053,19.790275841428524,25374400.0,103872359.0,0.05103939268014562,4.13,4.26,3.94,3.98,2026-07-16,4.06,4.972431115936815
603185,弘元绿能,2026-07-17,52.750876503379516,53.78822076091137,49.94620499227485,50.71460814600215,14546262.0,195475942.0,0.021422365803585315,13.73,14.0,13.0,13.2,2026-07-16,13.85,3.842015768636527
603186,华正新材,2026-07-17,188.94946032581967,195.4883854696795,169.09915185338807,169.09915185338807,20001425.0,3351465566.0,0.1275678226919309,178.0,184.16,159.3,159.3,2026-07-16,177.0,1.0615138220551668
603187,海容冷链,2026-07-17,56.6537330515849,57.105157219326614,53.71947596126377,53.90004562836045,6315740.0,77426523.0,0.01651770259709276,12.55,12.65,11.9,11.94,2026-07-16,12.52,4.5142416774171235
603188,亚邦股份,2026-07-17,8.57484247877791,8.747635274320032,8.207657788250895,8.294054186021958,12237700.0,47961124.0,0.02146324780328674,3.97,4.05,3.8,3.84,2026-07-16,3.97,2.1599099442765515
603190,亚通精工,2026-07-17,17.39936784983937,17.669932182432568,16.140203071232573,16.24426627607611,3121520.0,50139530.0,0.05422900580879877,16.72,16.98,15.51,15.61,2026-07-16,16.77,1.040632048435369
603191,望变电气,2026-07-17,13.44230911776616,13.595877005630966,12.909940439834825,13.07374618689062,8151079.0,105785897.0,0.024702886420505197,13.13,13.28,12.61,12.77,2026-07-16,13.13,1.0237859190987173
603192,汇得科技,2026-07-17,29.36063508064516,29.80204133064516,27.72316028225806,27.80859375,4225800.0,84770741.0,0.030312797468714275,20.62,20.93,19.47,19.53,2026-07-16,20.83,1.423891129032258
603193,润本股份,2026-07-17,20.370426568174135,20.953628964808978,19.64142357238058,19.693495214937265,3497263.0,67693555.0,0.033843504423817554,19.56,20.12,18.86,18.91,2026-07-16,19.65,1.041432851133647
603194,中力股份,2026-07-17,34.599425940640735,34.91619564062888,33.32212876326918,33.33234714068815,1695100.0,56645212.0,0.010726653883316698,33.86,34.17,32.61,32.62,2026-07-16,33.78,1.0218377418972455
603195,公牛集团,2026-07-17,129.69211621913405,130.78541119253035,126.41223129894522,127.47136080442287,4249094.0,159634632.0,0.0023603935655050596,37.96,38.28,37.0,37.31,2026-07-16,37.8,3.416546791863384
603196,璞源材料,2026-07-17,26.069459934840754,26.11421437249713,23.037346783621075,23.037346783621075,4926110.0,105527730.0,0.020786301999522493,23.3,23.34,20.59,20.59,2026-07-16,22.88,1.1188609414094743
603197,保隆科技,2026-07-17,47.775797556485855,48.98471520743867,46.40987761320151,46.42557784243466,5019400.0,151213008.0,0.023771486801077785,30.43,31.2,29.56,29.57,2026-07-16,30.56,1.570022923315342
603198,迎驾贡酒,2026-07-17,45.933341735380424,46.30186138254107,43.85383801211679,44.02493641972709,7849011.0,266254368.0,0.00981126375,34.9,35.18,33.32,33.45,2026-07-16,35.08,1.3161415970023045
603199,九华旅游,2026-07-17,36.33639280220056,36.78360994438148,35.52022151772036,35.59848451760202,1354300.0,43581921.0,0.012236176364293458,32.5,32.9,31.77,31.84,2026-07-16,32.5,1.1180428554523247
603200,上海洗霸,2026-07-17,86.68482069249795,88.38066776586975,81.84305441055234,82.7769991755977,3689400.0,126891823.0,0.021024605849473427,35.27,35.96,33.3,33.68,2026-07-16,35.56,2.4577493816982687
603201,常润股份,2026-07-17,43.8663993139892,46.36368139109381,43.66459874210195,44.97630245936902,8947532.0,160132064.0,0.04750361952660581,17.39,18.38,17.31,17.83,2026-07-16,17.48,2.522507148590523
603202,天有为,2026-07-17,54.8622852780952,55.42178733758852,53.04908415936684,53.059445308616716,1505497.0,78602215.0,0.029981874223168187,52.95,53.49,51.2,51.21,2026-07-16,52.95,1.0361149249876336
603203,快克智能,2026-07-17,154.00259204191318,154.80119498757753,138.797191956464,139.6277390199549,12362804.0,563951163.0,0.038168663852646084,48.21,48.46,43.45,43.71,2026-07-16,48.27,3.1944117826573986
603205,健尔康,2026-07-17,29.516851535836174,29.516851535836174,27.995093856655288,28.03444965870307,1501452.0,32758124.0,0.036319593613933235,22.5,22.5,21.34,21.37,2026-07-16,22.17,1.3118600682593855
603206,XD嘉环科,2026-07-17,14.165939546478581,14.270254270679454,13.404442059812206,13.519188256433168,5290400.0,70013191.0,0.01733420775888104,13.58,13.68,12.85,12.96,2026-07-16,13.59,1.043147242008732
603207,小方制药,2026-07-17,26.265222381192004,26.511995303891112,24.645104497384818,24.83823113254064,2256887.0,53245612.0,0.041332696591132645,24.48,24.71,22.97,23.15,2026-07-16,24.54,1.0729257508656864
603208,江山欧派,2026-07-17,29.391578729380203,30.150071083686793,28.1454841473051,28.38928526118936,2117752.0,22699911.0,0.012040936222034072,10.85,11.13,10.39,10.48,2026-07-16,10.85,2.708901265380664
603209,兴通股份,2026-07-17,19.572979889943923,19.833952955143175,19.18152029214505,19.355502335611213,2910420.0,39220707.0,0.009052864918270322,13.5,13.68,13.23,13.35,2026-07-16,13.51,1.4498503622180685
603210,泰鸿万立,2026-07-17,13.680000114860729,13.790000115784316,13.330000111922041,13.430000112761666,2980743.0,40446960.0,0.012810619849362315,13.68,13.79,13.33,13.43,2026-07-16,13.66,1.0000000083962521
603211,晋拓股份,2026-07-17,35.450413805856826,35.87557582180371,32.798212658759596,32.798212658759596,13674209.0,459662551.0,0.05030833897457029,35.02,35.44,32.4,32.4,2026-07-16,36.0,1.0122905141592469
603212,赛伍技术,2026-07-17,10.719999949137371,10.771047567942787,10.280990427410792,10.423923760065959,12556748.0,129910144.0,0.02870175260162597,10.5,10.55,10.07,10.21,2026-07-16,10.63,1.020952376108321
603213,镇洋发展,2026-07-17,16.331805099807426,16.48216874449404,15.961679205194228,16.100476415674176,4761758.0,66718545.0,0.010703138065798581,14.12,14.25,13.8,13.92,2026-07-16,14.13,1.1566434206662484
603214,爱婴室,2026-07-17,20.972906403940886,21.421182266009854,20.364532019704434,20.556650246305416,3955700.0,51561666.0,0.028552757125023413,13.1,13.38,12.72,12.84,2026-07-16,13.17,1.6009852216748768
603215,比依股份,2026-07-17,15.754805620131028,16.179434106091712,15.286625494584632,15.29751340448106,2227600.0,32091090.0,0.011897768917297687,14.47,14.86,14.04,14.05,2026-07-16,14.76,1.08879098964278
603216,梦天家居,2026-07-17,21.89261286273692,22.77970723086183,21.19169879409502,21.334071964287908,5080900.0,102056977.0,0.02281602227311509,19.99,20.8,19.35,19.48,2026-07-16,19.99,1.0951782322529726
603217,元利科技,2026-07-17,48.24889486869879,48.57473156131857,45.74245877162353,46.3941321568631,2317348.0,43677130.0,0.011136406013621187,19.25,19.38,18.25,18.51,2026-07-16,19.25,2.506436097075262
603218,日月股份,2026-07-17,20.078915006115263,20.28591412988965,19.623516933811622,19.685616670943936,9881496.0,95254221.0,0.009603601388423873,9.7,9.8,9.48,9.51,2026-07-16,9.67,2.069991237743842
603219,富佳股份,2026-07-17,21.563462362716443,21.775760866990726,19.56179075098749,19.743760897508302,5317000.0,71475837.0,0.009470965443534022,14.22,14.36,12.9,13.02,2026-07-16,14.19,1.5164178876734489
603220,中贝通信,2026-07-17,25.082628007760974,25.082628007760974,23.12368982911006,23.534655880575286,19225999.0,338230348.0,0.04427191313073718,18.31,18.31,16.88,17.18,2026-07-16,18.4,1.3698868382174207
603221,爱丽家居,2026-07-17,11.60493975442796,11.804843521729985,10.794803434309237,10.8474096888624,3703900.0,39533810.0,0.015288314690221653,11.03,11.22,10.26,10.31,2026-07-16,11.13,1.0521250910632785
603222,济民健康,2026-07-17,27.77677523108722,28.578579052190772,24.71273920044152,26.230439290387523,42141193.0,386590104.0,0.08025508701959945,9.7,9.98,8.63,9.16,2026-07-16,9.45,2.8635850753698167
603223,恒通股份,2026-07-17,45.4952696543511,47.432956383196576,44.52642628992836,44.93011102510451,23507015.0,266026859.0,0.03330444300722066,11.27,11.75,11.03,11.13,2026-07-16,11.27,4.036847351761411
603225,新凤鸣,2026-07-17,37.91519740857164,39.26777806357731,37.077885574520515,38.40899669531974,14673872.0,261554708.0,0.008794408313711855,17.66,18.29,17.27,17.89,2026-07-16,17.66,2.146953420643921
603226,菲林格尔,2026-07-17,192.68142396335213,193.30633668971976,173.0591643554086,173.1008252038331,3649165.0,156072292.0,0.010265118092607318,46.25,46.4,41.54,41.55,2026-07-16,46.16,4.166084842450857
603227,雪峰科技,2026-07-17,16.847268268902724,17.10182864109768,16.430714932583697,16.453856784601424,9561500.0,69174233.0,0.008921867339527965,7.28,7.39,7.1,7.11,2026-07-16,7.24,2.314185201772352
603228,景旺电子,2026-07-17,153.31256997514683,169.87104942802466,150.6956985629754,161.7497243557685,84089969.0,6083211847.0,0.08567806252462895,67.96,75.3,66.8,71.7,2026-07-16,70.79,2.2559236311822666
603229,奥翔药业,2026-07-17,41.37355541653103,41.42160832642248,38.68259246261032,38.922857012067524,11622428.0,96304513.0,0.013997913963681038,8.61,8.62,8.05,8.1,2026-07-16,8.68,4.805290989144139
603230,内蒙新华,2026-07-17,10.078655101170554,10.17757319921912,9.726946308108985,9.814873506374377,2154300.0,19555565.0,0.006093804363506759,9.17,9.26,8.85,8.93,2026-07-16,9.13,1.0990899783173995
603231,索宝蛋白,2026-07-17,16.19490035137727,16.44728840880133,15.406187671927078,15.42722001004575,3421700.0,51453176.0,0.03219939189946976,15.4,15.64,14.65,14.67,2026-07-16,15.44,1.051616905933589
603232,格尔软件,2026-07-17,49.370668261879004,50.0825740767583,46.48744971161787,47.09256965426527,6994400.0,94577420.0,0.030239516434057853,13.87,14.07,13.06,13.23,2026-07-16,13.96,3.5595290743964676
603233,大参林,2026-07-17,59.32297203907486,60.264108560054375,58.09949456180151,58.256350648631425,9652935.0,181373339.0,0.008476003589993215,18.91,19.21,18.52,18.57,2026-07-16,19.25,3.1371217365983535
603235,天新药业,2026-07-17,26.110296486397466,26.34610376172618,25.853052186038873,25.885207723583697,971518.0,23704103.0,0.0022191922883640185,24.36,24.58,24.12,24.15,2026-07-16,24.35,1.071851251494149
603236,移远通信,2026-07-17,216.1593387975055,222.76882627227542,207.84551807452453,208.510623732363,15484594.0,801462989.0,0.03842781213968871,52.0,53.59,50.0,50.16,2026-07-16,53.18,4.156910361490491
603237,五芳斋,2026-07-17,29.787421383647796,30.38616352201258,29.573584905660375,29.787421383647796,2616519.0,36714302.0,0.013785160821792142,13.93,14.21,13.83,13.93,2026-07-16,13.93,2.138364779874214
603238,诺邦股份,2026-07-17,19.41257383355403,19.807071523651658,18.787952490899457,18.952326528440132,3557205.0,41572824.0,0.020039575458145786,11.81,12.05,11.43,11.53,2026-07-16,11.8,1.6437403754067765
603239,浙江仙通,2026-07-17,52.37783284602398,53.06802390841668,50.00050807556022,50.61401124213151,4406500.0,59006245.0,0.016276965130023642,13.66,13.84,13.04,13.2,2026-07-16,13.78,3.834394791070569
603248,锡华科技,2026-07-17,18.389999403651377,18.499999400084313,17.369999436727813,17.499999432512187,4283269.0,76714608.0,0.059901712260455924,18.39,18.5,17.37,17.5,2026-07-16,18.29,0.999999967572125
603255,鼎际得,2026-07-17,30.77393824087607,31.607022674663646,28.68620857548069,30.101448396734288,2202312.0,65796473.0,0.0362967119639956,30.66,31.49,28.58,29.99,2026-07-16,31.21,1.0037161852862384
603256,宏和科技,2026-07-17,183.7960313374785,186.90434657333287,165.6035508600697,166.62232976680457,14594403.0,2426565230.0,0.016589686010724913,176.8,179.79,159.3,160.28,2026-07-16,177.0,1.0395703129947877
603257,中国瑞林,2026-07-17,68.6752221433533,69.1700877146804,63.019615613900676,64.56480811212613,1823284.0,119898429.0,0.07322425702811244,68.0,68.49,62.4,63.93,2026-07-16,68.59,1.0099297374022544
603258,电魂网络,2026-07-17,13.531199047912907,13.791414414218922,12.818435218465988,12.897631199515645,4425500.0,51744411.0,0.01833709805634219,11.96,12.19,11.33,11.4,2026-07-16,12.0,1.1313711578522496
603259,药明康德,2026-07-17,327.83263162044665,330.93539333623283,304.32921162336595,304.82048222836545,86148284.0,10414951862.0,0.03483159020872235,126.79,127.99,117.7,117.89,2026-07-16,127.0,2.585634763155191
603260,合盛硅业,2026-07-17,54.8126332946275,55.3630530431928,52.4121916133844,52.61095430036631,16835502.0,592858735.0,0.014240740276621333,35.85,36.21,34.28,34.41,2026-07-16,35.95,1.5289437460147142
603262,技源集团,2026-07-17,26.000000636916987,26.750000655289593,23.86000058449382,24.06000058939318,3087890.0,76809085.0,0.07718181363727254,26.0,26.75,23.86,24.06,2026-07-16,26.25,1.0000000244968072
603266,天龙股份,2026-07-17,34.3603593368857,34.78273621871588,32.5441387450159,32.7764460300225,3005270.0,47765979.0,0.015110458590127296,16.27,16.47,15.41,15.52,2026-07-16,16.31,2.1118844091509343
603267,鸿远电子,2026-07-17,73.99550335360874,74.69439830854246,68.38978340257778,68.44802464882225,11640921.0,568125961.0,0.05037595665850208,50.82,51.3,46.97,47.01,2026-07-16,50.9,1.456031156111939
603268,松发股份,2026-07-17,218.20797479234145,219.91940988875194,200.48035958535579,201.09362382823625,14181231.0,2073230521.0,0.06079847222328926,153.0,154.2,140.57,141.0,2026-07-16,155.59,1.4261959136754343
603269,海鸥股份,2026-07-17,48.46221159821622,49.251610229065356,43.38260301710008,43.76014149272358,25645928.0,343489496.0,0.05937306580050182,14.12,14.35,12.64,12.75,2026-07-16,14.04,3.4321679602136137
603270,金帝股份,2026-07-17,30.83939053291498,31.02442687611247,27.662933308024737,27.662933308024737,7272535.0,201506546.0,0.10284046616620096,30.0,30.18,26.91,26.91,2026-07-16,29.9,1.0279796844304994
603271,永杰新材,2026-07-17,44.751523634141705,46.06923554182878,43.464220462785875,43.6872178625483,3797610.0,167970287.0,0.040154057695570025,44.15,45.45,42.88,43.1,2026-07-16,43.76,1.0136245443746705
603273,天元智能,2026-07-17,13.636744150874065,13.89976740600962,13.25232554721441,13.343372058607486,2628791.0,35206995.0,0.04689379290168824,13.48,13.74,13.1,13.19,2026-07-16,13.64,1.0116279043675123
603275,众辰科技,2026-07-17,36.48352177050758,36.72600433004571,34.85686793360597,35.38224681260525,1180175.0,41763047.0,0.028413329432135714,36.11,36.35,34.5,35.02,2026-07-16,36.11,1.0103439980755353
603276,恒兴新材,2026-07-17,19.69689290370906,20.09347464002535,18.480708912339104,18.745096736549964,2831630.0,41016658.0,0.03743446394193473,14.9,15.2,13.98,14.18,2026-07-16,14.82,1.3219391210542992
603277,银都股份,2026-07-17,19.74663542235234,20.182083758607476,19.500512449686397,19.708770349634506,2275775.0,23874216.0,0.003732332654403118,10.43,10.66,10.3,10.41,2026-07-16,10.43,1.8932536358918832
603278,大业股份,2026-07-17,13.542122164356469,13.853265014959844,12.623509938765547,12.860571158272881,15591284.0,138559477.0,0.045620645298900815,9.14,9.35,8.52,8.68,2026-07-16,9.26,1.4816326219208389
603279,景津装备,2026-07-17,23.624438307789426,24.193245008619023,23.52963719098449,23.605478084428437,8982189.0,112738316.0,0.015583986411577225,12.46,12.76,12.41,12.45,2026-07-16,12.49,1.8960223360986697
603280,南方路机,2026-07-17,26.017543725800095,26.673185827690258,25.049691099200334,25.299459518968014,1105400.0,27445966.0,0.010196789833968422,25.0,25.63,24.07,24.31,2026-07-16,25.18,1.0407017490320039
603281,江瀚新材,2026-07-17,31.812295355338964,33.059836349665986,31.344467482466335,31.344467482466335,6867240.0,141302608.0,0.013240941566523874,20.4,21.2,20.1,20.1,2026-07-16,20.47,1.5594262429087729
603282,亚光股份,2026-07-17,15.076571219308038,15.673352163405648,14.427441069587829,14.511199798583984,1757500.0,25127631.0,0.013133313406067852,14.4,14.97,13.78,13.86,2026-07-16,14.39,1.046984112451947
603283,赛腾股份,2026-07-17,104.84898710865563,105.1110087988541,94.42858604460815,94.42858604460815,26508875.0,1292294602.0,0.07519688399481793,52.02,52.15,46.85,46.85,2026-07-16,52.06,2.0155514630652753
603284,林平发展,2026-07-17,37.18999848710176,37.72999846513443,36.2199985265616,36.60999851069631,1214860.0,45034061.0,0.06576265347537755,37.19,37.73,36.22,36.61,2026-07-16,37.09,0.999999959319757
603285,键邦股份,2026-07-17,36.938352091376466,37.83799676981974,33.773719634264275,34.17591372580362,4955020.0,167502225.0,0.07953894246219467,34.9,35.75,31.91,32.29,2026-07-16,34.9,1.0584055040509017
603286,日盈电子,2026-07-17,48.74053606816386,48.76093813432885,43.76243192390602,44.15007118104086,3464500.0,155431861.0,0.02980594493057228,47.78,47.8,42.9,43.28,2026-07-16,47.5,1.0201033082495576
603288,海天味业,2026-07-17,317.08182499020603,321.7370429194251,314.3589616731156,316.203481984693,28666780.0,1037508150.0,0.0051553388475156755,36.1,36.63,35.79,36.0,2026-07-16,36.32,8.78343005513036
603289,泰瑞机器,2026-07-17,12.57344871170436,12.872460571673548,11.990375584764443,12.065128549756741,5156200.0,42494425.0,0.017574087806784856,8.41,8.61,8.02,8.07,2026-07-16,8.42,1.4950592998459407
603290,斯达半导,2026-07-17,139.58519587317898,141.1602255160544,127.36065387434778,127.37510368758518,9920425.0,915542610.0,0.04142598829717527,96.6,97.69,88.14,88.15,2026-07-16,97.93,1.4449813237389129
603291,联合水务,2026-07-17,8.512886774908637,8.636710582543671,8.13109670136728,8.223964557093556,4239600.0,34224376.0,0.01001747069951254,8.25,8.37,7.88,7.97,2026-07-16,8.24,1.0318650636252893
603293,埃泰克,2026-07-17,36.41000151244785,36.78000152781742,35.250001464262205,35.70000148295492,2081374.0,74908220.0,0.05930429950715044,36.41,36.78,35.25,35.7,2026-07-16,36.57,1.0000000415393533
603296,华勤技术,2026-07-17,111.99223509807969,113.61718663455673,102.64516873781366,103.19161261733693,33071194.0,2468414317.0,0.04141166733618121,77.88,79.01,71.38,71.76,2026-07-16,78.66,1.4380102092716962
603297,永新光学,2026-07-17,143.32459517788502,143.32459517788502,132.08345045805092,132.40663336874616,1691883.0,165326588.0,0.015279479378049672,102.0,102.0,94.0,94.23,2026-07-16,102.39,1.405143089979265
603298,杭叉集团,2026-07-17,63.51428409498565,64.19828407754703,61.75542699697066,63.856284086266335,5952226.0,153431316.0,0.004544335963731847,26.0,26.28,25.28,26.14,2026-07-16,26.26,2.442857080576371
603299,苏盐井神,2026-07-17,11.352657004830919,11.630434782608697,11.219806763285023,11.243961352657006,6583499.0,62421673.0,0.008434909466393158,9.4,9.63,9.29,9.31,2026-07-16,9.43,1.2077294685990339
603300,海南华铁,2026-07-17,26.44914738698439,27.51609813083302,25.775283759290517,27.17916631698608,108404574.0,516679411.0,0.05422429618091332,4.71,4.9,4.59,4.84,2026-07-16,4.72,5.615530230782248
603301,振德医疗,2026-07-17,197.7743498499948,207.06960128907622,192.60237661337766,201.92146203050805,2295351.0,192975774.0,0.008698589651265475,82.98,86.88,80.81,84.72,2026-07-16,82.65,2.3833978048926823
603303,得邦照明,2026-07-17,56.92673151567714,56.92673151567714,52.2910041935536,54.25125460405155,4535804.0,93025196.0,0.009510128089830984,21.49,21.49,19.74,20.48,2026-07-16,21.16,2.648987041213455
603305,旭升集团,2026-07-17,23.887936590141102,24.036572640035313,22.76254935522779,22.76254935522779,24337160.0,266392932.0,0.021058215649309427,11.25,11.32,10.72,10.72,2026-07-16,11.21,2.1233721413458757
603306,华懋科技,2026-07-17,178.73003597263087,178.73003597263087,161.01947320584026,161.01947320584026,14940110.0,1099887250.0,0.045342352376759563,79.22,79.22,71.37,71.37,2026-07-16,79.3,2.2561226454510335
603307,扬州金泉,2026-07-17,26.100946647896617,26.534157380641787,24.72550257143069,24.898786864528763,799665.0,18891695.0,0.008231240349974267,24.1,24.5,22.83,22.99,2026-07-16,24.13,1.0830268318629301
603308,应流股份,2026-07-17,71.4102026606569,71.45484333746082,64.86290339608324,65.97892031618103,22094989.0,1003047018.0,0.03253805357449222,47.99,48.02,43.59,44.34,2026-07-16,47.47,1.4880225601303794
603309,维力医疗,2026-07-17,39.702140103752406,40.02077686220948,38.04522895977557,38.10895631146699,5600369.0,68144040.0,0.019187795222895036,12.46,12.56,11.94,11.96,2026-07-16,12.49,3.1863675845708186
603310,巍华新材,2026-07-17,15.17227675862117,15.51497705501713,14.943809894357196,15.006119039156461,2161400.0,31636460.0,0.011140662852430287,14.61,14.94,14.39,14.45,2026-07-16,14.69,1.0384857466544264
603311,金海高科,2026-07-17,30.11092541663368,30.61203179375961,27.17110133749489,27.56085074192617,7547900.0,193917386.0,0.03199836773943209,27.04,27.49,24.4,24.75,2026-07-16,27.0,1.113569726946512
603312,西典新能,2026-07-17,34.840192953787856,35.08250454675342,33.29150581613838,33.73398785546681,916349.0,29661690.0,0.017996032953976376,33.07,33.3,31.6,32.02,2026-07-16,33.1,1.0535286650676703
603313,梦百合,2026-07-17,13.258101581657014,13.731605209573337,12.383941037811496,12.602481173772876,54870446.0,386693627.0,0.09616492674906119,7.28,7.54,6.8,6.92,2026-07-16,7.4,1.8211677996781612
603315,福鞍股份,2026-07-17,26.00024532595633,26.00024532595633,24.05022692650961,24.155066625404594,6542800.0,77549140.0,0.020422874488432403,12.4,12.4,11.47,11.52,2026-07-16,12.24,2.0967939778997042
603316,诚邦股份,2026-07-17,21.337569190677407,21.337569190677407,19.20515341360782,19.20515341360782,11204600.0,166242839.0,0.0423992673992674,15.91,15.91,14.32,14.32,2026-07-16,15.91,1.3411419981569708
603317,天味食品,2026-07-17,38.93360481586402,40.20042492917847,37.35711756373938,37.413420679886684,17794365.0,245097150.0,0.016754306050091865,13.83,14.28,13.27,13.29,2026-07-16,13.75,2.8151558073654392
603318,水发燃气,2026-07-17,24.93133732012123,27.452483790695286,24.93133732012123,26.363099513286745,78921092.0,668320518.0,0.17191481288411983,8.01,8.82,8.01,8.47,2026-07-16,8.02,3.1125265068815517
603319,美湖股份,2026-07-17,105.11173588569174,106.23793305589558,95.38890031626525,96.25231814675487,16290107.0,431741068.0,0.04803220541462522,28.0,28.3,25.41,25.64,2026-07-16,28.15,3.7539905673461336
603320,迪贝电气,2026-07-17,24.027520824547548,25.066093570468407,21.992479633216124,22.11879253474704,4517460.0,75050293.0,0.030288803262393478,17.12,17.86,15.67,15.76,2026-07-16,17.11,1.4034766836768426
603321,梅轮电梯,2026-07-17,6.71261861313357,6.813644645772704,6.488116318379938,6.521791662592983,5720784.0,33884584.0,0.016602942307437973,5.98,6.07,5.78,5.81,2026-07-16,5.96,1.1225114737681554
603322,超讯通信,2026-07-17,53.36951667783236,53.70554696802612,48.82322451638738,49.00112290531349,8909312.0,228231128.0,0.05653590418831791,27.0,27.17,24.7,24.79,2026-07-16,27.44,1.9766487658456429
603323,苏农银行,2026-07-17,8.695198499086255,8.879332114361022,8.633820627328,8.654279917914085,49342871.0,211740677.0,0.02222255863875276,4.25,4.34,4.22,4.23,2026-07-16,4.26,2.0459290586085306
603324,盛剑科技,2026-07-17,41.1372399823419,41.1372399823419,36.405959354832845,36.61762190922141,6879799.0,210192348.0,0.04658598704032067,33.04,33.04,29.24,29.41,2026-07-16,32.48,1.2450738493444886
603325,博隆技术,2026-07-17,66.80238767985229,67.30278009692984,64.62568066556497,64.67571990727274,645273.0,34065357.0,0.018876904444288422,53.4,53.8,51.66,51.7,2026-07-16,53.28,1.2509810426938632
603326,我乐家居,2026-07-17,16.088230250794204,16.26337428151825,15.237530672991713,15.412674703715757,3642100.0,22852038.0,0.011410912436559872,6.43,6.5,6.09,6.16,2026-07-16,6.43,2.5020575817720383
603327,福蓉科技,2026-07-17,23.606710717410618,25.885032798276992,23.249865090286974,24.155703989908545,86864441.0,776506775.0,0.08308734353863358,8.6,9.43,8.47,8.8,2026-07-16,8.57,2.744966362489607
603328,依顿电子,2026-07-17,28.575536714270548,28.635822656705717,26.797101412433037,26.917673297303374,20561096.0,188349776.0,0.020593167572652806,9.48,9.5,8.89,8.93,2026-07-16,9.57,3.0142971217584966
603329,上海雅仕,2026-07-17,13.842407763350172,14.22495127369864,13.38902286219643,13.686556703578574,4892830.0,47925663.0,0.023707518271861207,9.77,10.04,9.45,9.66,2026-07-16,9.84,1.4168278161054424
603330,天洋新材,2026-07-17,38.309976865534196,38.84132189834327,35.22817567524157,35.759520708050644,24607452.0,170934642.0,0.056873008228888,7.21,7.31,6.63,6.73,2026-07-16,7.26,5.313450328090735
603331,百达精工,2026-07-17,17.147580577481182,17.474943479414915,16.227846710143556,16.3369676774548,7084570.0,76323402.0,0.035041660509478996,11.0,11.21,10.41,10.48,2026-07-16,10.94,1.5588709615891985
603332,苏州龙杰,2026-07-17,21.773902242691793,22.241066190062977,21.164557963511985,21.327049771293265,4604128.0,49297053.0,0.021281201422986857,10.72,10.95,10.42,10.5,2026-07-16,10.69,2.0311475972660253
603333,尚纬股份,2026-07-17,12.151741533818404,12.645213271232349,12.120899550230034,12.290530459966076,18913429.0,152171815.0,0.03043055437285128,7.88,8.2,7.86,7.97,2026-07-16,7.9,1.5420991794185792
603334,丰倍生物,2026-07-17,31.359999551111052,31.87999954366774,30.25999956685652,30.979999556550396,2515292.0,78113804.0,0.07905570856917511,31.36,31.88,30.26,30.98,2026-07-16,31.42,0.9999999856859392
603335,迪生力,2026-07-17,10.817166599953156,10.886507411491317,9.846395238418896,9.967741658610679,16750700.0,99768410.0,0.039123931494172766,6.24,6.28,5.68,5.75,2026-07-16,6.15,1.7335202884540313
603336,宏辉果蔬,2026-07-17,35.7033165916402,38.02618297230113,35.57426845938126,35.91839681207177,33709244.0,286014786.0,0.05537735317240701,8.3,8.84,8.27,8.35,2026-07-16,8.46,4.301604408631349
603337,杰克科技,2026-07-17,95.80157948839567,96.02052672440267,90.52251835356026,91.44696223892315,3734515.0,142610993.0,0.00799631002554182,39.38,39.47,37.21,37.59,2026-07-16,39.21,2.4327470667444304
603338,浙江鼎力,2026-07-17,373.5570023420347,382.7732912975485,370.8069806375669,374.74620091693976,5371580.0,271343087.0,0.010608477338956129,50.26,51.5,49.89,50.42,2026-07-16,50.89,7.4324910931562815
603339,四方科技,2026-07-17,20.48212821049127,20.66725837508897,19.438667282758765,19.438667282758765,15765748.0,185467649.0,0.05094909557527372,12.17,12.28,11.55,11.55,2026-07-16,12.19,1.6830014963427502
603341,龙旗科技,2026-07-17,42.00324469291316,43.21211856456286,40.42556184347203,40.67143449533299,17994150.0,732105353.0,0.06759309809526048,41.0,42.18,39.46,39.7,2026-07-16,41.49,1.0244693827539795
603344,星德胜,2026-07-17,23.26552895938649,23.38862699620864,21.54215644387638,21.706287159639245,2890839.0,62619243.0,0.05350336047948788,22.68,22.8,21.0,21.16,2026-07-16,22.64,1.0258169735179228
603345,安井食品,2026-07-17,101.11682189241182,102.98320644325126,96.80009198034759,98.18556762851674,7301449.0,630040198.0,0.024894621862185138,88.31,89.94,84.54,85.75,2026-07-16,88.9,1.1450211968340145
603348,文灿股份,2026-07-17,14.588971959318517,14.840867878040562,14.274102060915958,14.368563030436725,3140179.0,43594109.0,0.009985395061655218,13.9,14.14,13.6,13.69,2026-07-16,13.91,1.0495663280085263
603350,安乃达,2026-07-17,29.280343138449712,30.251135263895637,28.601832513138042,29.541308763569585,1470840.0,41366347.0,0.033333862140080904,28.05,28.98,27.4,28.3,2026-07-16,27.7,1.0438625004794906
603351,威尔药业,2026-07-17,56.4354862511158,56.994892519712444,52.304486113786695,52.54115799665451,2125824.0,53209161.0,0.015695788717842638,26.23,26.49,24.31,24.42,2026-07-16,26.38,2.1515625715255737
603352,至信股份,2026-07-17,25.000000130016947,25.46000013240926,24.200000125856405,24.430000127052562,1429042.0,35479794.0,0.03152298483054434,25.0,25.46,24.2,24.43,2026-07-16,25.16,1.0000000052006779
603353,和顺石油,2026-07-17,42.60992016262479,42.976639104772495,39.323554257993344,40.09930586638274,4312300.0,125567365.0,0.025304251898273657,30.21,30.47,27.88,28.43,2026-07-16,30.42,1.4104574697989005
603355,莱克电气,2026-07-17,43.45520643351663,46.11534963556838,43.324989633416195,44.64576003443489,4745721.0,113302387.0,0.008276502975473103,23.36,24.79,23.29,24.0,2026-07-16,23.37,1.8602400014347873
603356,华菱精工,2026-07-17,15.22433784209102,15.296637953959838,14.439365198943857,14.491008135993011,3212200.0,46008148.0,0.02409029548522574,14.74,14.81,13.98,14.03,2026-07-16,14.56,1.0328587409831085
603357,设计总院,2026-07-17,12.865800568551727,13.037344576132417,12.522712553390347,12.651370559075866,4830624.0,28774309.0,0.008617754248484372,6.0,6.08,5.84,5.9,2026-07-16,5.98,2.1443000947586213
603358,华达科技,2026-07-17,120.31300627179158,124.56698840987652,109.85665323008661,110.63600873630065,10304086.0,370210826.0,0.022314294241524573,37.05,38.36,33.83,34.07,2026-07-16,37.21,3.247314609225144
603360,百傲化学,2026-07-17,89.45935440063472,89.52636515299474,82.08817164103186,82.75827916463211,13828786.0,176306839.0,0.019581312409567068,13.35,13.36,12.25,12.35,2026-07-16,13.28,6.701075236002601
603363,傲农生物,2026-07-17,3.867603692002952,3.9207666293500716,3.6283704739409135,3.6815334112880334,53316800.0,150649568.0,0.02483790954312932,2.91,2.95,2.73,2.77,2026-07-16,2.93,1.3290734336779904
603365,水星家纺,2026-07-17,23.71612055004922,24.76426966098245,23.604317978216343,24.34501001660916,2967172.0,51373328.0,0.011362654456318736,16.97,17.72,16.89,17.42,2026-07-16,16.95,1.3975321479109735
603366,日出东方,2026-07-17,16.862646521094018,17.45117591409123,16.529999472878202,16.529999472878202,18901900.0,125409116.0,0.023248194020442096,6.59,6.82,6.46,6.46,2026-07-16,6.52,2.558823447813963
603367,XD辰欣药,2026-07-17,18.41762818012041,18.502112713056743,17.017598777175476,17.126221748093617,28140984.0,408522668.0,0.062155112891306166,15.26,15.33,14.1,14.19,2026-07-16,15.67,1.2069218990904593
603368,柳药集团,2026-07-17,51.127761329986704,51.54395475346187,49.68709178718808,50.03925545320553,6621644.0,104568232.0,0.016670329074555287,15.97,16.1,15.52,15.63,2026-07-16,16.01,3.20148787288583
603369,今世缘,2026-07-17,76.85660968210057,78.28473781043691,74.40839003352399,74.69984475359263,14616023.0,378556933.0,0.011722828493948786,26.37,26.86,25.53,25.63,2026-07-16,26.58,2.9145472006864077
603370,XD华新精,2026-07-17,32.69125980331706,35.319045084704726,32.69125980331706,34.31223080064815,1725218.0,58569215.0,0.04930603029436982,32.47,35.08,32.47,34.08,2026-07-16,32.81,1.0068142840565772
603373,安邦护卫,2026-07-17,33.82250019555098,35.6515813243663,32.654781734781885,34.04984361269187,3228158.0,106817489.0,0.0507554846690641,32.73,34.5,31.6,32.95,2026-07-16,32.57,1.0333791688222116
603375,盛景微,2026-07-17,39.259514631477806,39.512998067889725,35.355869710734275,35.355869710734275,2899700.0,105069253.0,0.04546343312120775,38.72,38.97,34.87,34.87,2026-07-16,38.74,1.0139337456476707
603376,大明电子,2026-07-17,24.700000135377906,24.960000136802936,23.430000128417177,23.60000012934893,1419877.0,34396494.0,0.044370046998825026,24.7,24.96,23.43,23.6,2026-07-16,24.7,1.0000000054808869
603379,三美股份,2026-07-17,90.43664552647236,93.66493177079619,88.33900331241864,88.78531016647263,12136840.0,740712236.0,0.019880846457304317,60.79,62.96,59.38,59.68,2026-07-16,60.79,1.4876895135132813
603380,易德龙,2026-07-17,42.714085040790835,43.815658812895435,39.17331220188317,39.17331220188317,5503800.0,199793759.0,0.034304156289032994,38.0,38.98,34.85,34.85,2026-07-16,38.72,1.1240548694944956
603381,永臻股份,2026-07-17,14.574163747482993,14.851083114958039,13.979299921055116,14.071606376880132,4380600.0,61331092.0,0.030819412664421734,14.21,14.48,13.63,13.72,2026-07-16,14.24,1.025627286944616
603382,海阳科技,2026-07-17,17.348337354682684,18.092555884680664,16.82537298225167,17.04662713981864,2668568.0,46228245.0,0.023107308541582307,17.25,17.99,16.73,16.95,2026-07-16,17.24,1.005700716213489
603383,顶点软件,2026-07-17,72.06477356446877,72.88493411338155,69.63163060269422,69.68630797262173,3894940.0,101299498.0,0.01896488972228785,26.36,26.66,25.47,25.49,2026-07-16,26.35,2.733868496375902
603385,惠达卫浴,2026-07-17,7.622915399369421,7.788304096397159,7.322208677500804,7.337244013594234,5076800.0,25356978.0,0.013336661964649187,5.07,5.18,4.87,4.88,2026-07-16,5.07,1.503533609343081
603386,骏亚科技,2026-07-17,20.625022805352724,20.65539839122217,18.468356208622176,18.680985309708287,11501940.0,146822405.0,0.03524714932366307,13.58,13.6,12.16,12.3,2026-07-16,13.43,1.5187792934722184
603387,基蛋生物,2026-07-17,40.0987157559176,40.71426621708301,38.296032262504646,38.64777538317058,25193956.0,225077421.0,0.04967717891227796,9.12,9.26,8.71,8.79,2026-07-16,9.25,4.396789008324299
603390,通达电气,2026-07-17,9.967854546921457,10.07190313300623,9.48923105093149,9.58287477840779,7809200.0,73216972.0,0.022243745511772037,9.58,9.68,9.12,9.21,2026-07-16,9.6,1.0404858608477512
603391,力聚热能,2026-07-17,64.50008125424095,64.83789212075244,57.65668692620187,57.65668692620187,1966300.0,109677544.0,0.08643076923076923,59.19,59.5,52.91,52.91,2026-07-16,58.79,1.089712472617688
603392,万泰生物,2026-07-17,86.69117647058822,87.64477941176469,82.1543382352941,82.50110294117646,8105952.0,236328344.0,0.006410944426728959,30.0,30.33,28.43,28.55,2026-07-16,29.9,2.8897058823529407
603393,新天然气,2026-07-17,67.47311155488356,71.7521707085112,67.35975899452256,68.52162273822279,14149105.0,349029930.0,0.033376723695715364,23.81,25.32,23.77,24.18,2026-07-16,23.86,2.833814009024929
603395,红四方,2026-07-17,28.693616664156,29.48921239893487,28.48493581568941,29.071850702001694,5211205.0,115672436.0,0.08017238461538462,22.0,22.61,21.84,22.29,2026-07-16,22.17,1.3042553029161819
603396,金辰股份,2026-07-17,34.53784302239401,35.009550652234644,32.78368027392415,33.03427495227699,2962800.0,67791432.0,0.02138781448110966,23.43,23.75,22.24,22.41,2026-07-16,23.47,1.474086343251985
603399,永杉锂业,2026-07-17,20.17488076573326,20.57248790491195,18.864249825477597,18.967333157857258,43745362.0,583922608.0,0.08539168553123444,13.7,13.97,12.81,12.88,2026-07-16,13.69,1.4726190339951286
603400,华之杰,2026-07-17,49.7478186806967,52.793603497882216,47.83912686192711,48.00156871884368,2093482.0,103228210.0,0.07476721428571428,49.0,52.0,47.12,47.28,2026-07-16,49.21,1.0152616057285042
603402,陕西旅游,2026-07-17,61.799998981648855,63.86999894753904,59.879999013286955,60.1799990083435,1593950.0,98094007.0,0.0634197595909878,61.8,63.87,59.88,60.18,2026-07-16,62.6,0.9999999835218262
603406,天富龙,2026-07-17,26.92037150520173,27.122780313511516,26.120856712378067,26.23218155694845,1271628.0,33499732.0,0.034684664399848096,26.6,26.8,25.81,25.92,2026-07-16,26.34,1.0120440415489371
603407,长裕集团,2026-07-17,66.11000016999638,67.16000017269637,59.08000015191932,59.08000015191932,5955800.0,363128468.0,0.16584432297712698,66.11,67.16,59.08,59.08,2026-07-16,65.64,1.000000002571417
603408,XD建霖家,2026-07-17,13.348571011809266,13.466122028547312,12.930611841185101,12.995917961595126,1836800.0,18576000.0,0.004103911540687217,10.22,10.31,9.9,9.95,2026-07-16,10.21,1.3061224082005152
603409,汇通控股,2026-07-17,17.838530069239,18.122647726769543,17.08764768862257,17.30073593177048,2659821.0,46164601.0,0.04936746738168439,17.58,17.86,16.84,17.05,2026-07-16,17.74,1.0147059197519341
603416,信捷电气,2026-07-17,78.92801980260036,80.04031716793885,73.96777479500979,75.00491693296054,3961200.0,202346563.0,0.02838631414474297,52.51,53.25,49.21,49.9,2026-07-16,52.71,1.5031045477547202
603418,友升股份,2026-07-17,44.24000100528493,44.600001013465366,42.90000097483552,43.11000097960744,982761.0,43037865.0,0.023758496755632567,44.24,44.6,42.9,43.11,2026-07-16,44.26,1.0000000227234387
603421,鼎信通讯,2026-07-17,8.502812787953305,8.547960466473409,7.9309421933652935,8.051336002752244,10554940.0,57646390.0,0.016183829451637023,5.65,5.68,5.27,5.35,2026-07-16,5.66,1.504922617336868
603435,嘉德利,2026-07-17,47.38999962503808,48.56999961570161,45.49999963999225,45.49999963999225,3063000.0,143187064.0,0.08582827026865565,47.39,48.57,45.5,45.5,2026-07-16,47.65,0.9999999920877417
603439,三力制药,2026-07-17,12.161881026655141,12.321905777005867,11.57512360870248,11.681806775602963,15585800.0,173892869.0,0.038593976980242105,11.4,11.55,10.85,10.95,2026-07-16,11.41,1.066831669004837
603444,吉比特,2026-07-17,491.03852395364476,502.47310081762146,469.8797291293501,469.99007486506997,2415585.0,844512032.0,0.03353065078780514,356.0,364.29,340.66,340.74,2026-07-16,360.8,1.379321696499002
603456,九洲药业,2026-07-17,65.07697301002065,66.08073094847855,60.434592544652844,60.476415792088595,38154825.0,572548066.0,0.043273665704525704,15.56,15.8,14.45,14.46,2026-07-16,16.03,4.182324743574592
603458,勘设股份,2026-07-17,23.4171233011808,23.53348167783263,21.817195622218136,22.22444994049954,13499203.0,104671370.0,0.044097098999396046,8.05,8.09,7.5,7.64,2026-07-16,8.06,2.9089594162957515
603459,红板科技,2026-07-17,86.95000108616595,86.97000108641579,82.31000102820379,82.31000102820379,12555723.0,1048476458.0,0.1588289423886786,86.95,86.97,82.31,82.31,2026-07-16,91.45,1.0000000124918453
603466,风语筑,2026-07-17,54.60378647184915,55.74708183348753,53.140368408952014,53.369027481279694,74678771.0,884260614.0,0.1255467281819446,11.94,12.19,11.62,11.67,2026-07-16,12.34,4.57318144655353
603477,巨星农牧,2026-07-17,16.25150996561087,16.59397473500114,15.670357629675872,15.701490790529533,18274039.0,282466965.0,0.03582649997500051,15.66,15.99,15.1,15.13,2026-07-16,15.87,1.0377720284553558
603486,科沃斯,2026-07-17,81.41572134229865,82.59224910736077,78.10673700306145,78.51852172083319,7179968.0,388620817.0,0.01252277841192794,55.36,56.16,53.11,53.39,2026-07-16,55.66,1.4706597063276492
603488,展鹏科技,2026-07-17,13.501235459894705,13.501235459894705,12.193041216575713,12.528475637939557,12074500.0,92209605.0,0.0413523812628934,8.05,8.05,7.27,7.47,2026-07-16,8.03,1.6771721068192178
603489,八方股份,2026-07-17,57.647228314653375,58.570099058335465,54.299139105016025,54.68545709074341,4895367.0,128008591.0,0.020865267959707383,26.86,27.29,25.3,25.48,2026-07-16,26.94,2.1462110318188152
603496,恒为科技,2026-07-17,72.10964746115188,73.50844901522805,69.5404201169303,69.94007770380922,33697446.0,843326081.0,0.10523570676565386,25.26,25.75,24.36,24.5,2026-07-16,25.08,2.85469704913507
603499,翔港科技,2026-07-17,34.22308465382,34.39349005458591,31.042183839523037,31.042183839523037,8267852.0,93675349.0,0.019516583144282916,12.05,12.11,10.93,10.93,2026-07-16,11.86,2.8400900127651454
603500,祥和实业,2026-07-17,27.929674142899778,28.021246845007646,25.945598930562635,26.098220100742417,9535300.0,84164588.0,0.028668190042647333,9.15,9.18,8.5,8.55,2026-07-16,9.15,3.052423403595604
603501,豪威集团,2026-07-17,150.0445502688233,154.79236003152565,142.20034283479325,143.28752246161497,48088804.0,5196279825.0,0.03984945421583375,109.03,112.48,103.33,104.12,2026-07-16,109.85,1.3761767428122835
603505,金石资源,2026-07-17,60.429323363722474,62.40811732777383,59.97267860278754,61.19039796528068,27503322.0,443099178.0,0.03267713092750652,15.88,16.4,15.76,16.08,2026-07-16,15.84,3.8053730077910877
603506,南都物业,2026-07-17,26.75314680277873,27.53682484043588,25.53709467537969,25.645188197815166,4449900.0,43416103.0,0.023697692153446973,9.9,10.19,9.45,9.49,2026-07-16,9.9,2.7023380608867402
603507,振江股份,2026-07-17,32.06513693558543,32.25796851509496,29.73738429722033,30.081726403487355,8258187.0,184337616.0,0.03494732548435926,23.28,23.42,21.59,21.84,2026-07-16,23.35,1.3773684250681024
603508,思维列控,2026-07-17,57.87617841759785,58.477693150360956,57.170052426962904,57.40542775717455,5427118.0,120247806.0,0.014234153479450836,22.13,22.36,21.86,21.95,2026-07-16,22.13,2.615281446796107
603511,爱慕股份,2026-07-17,14.15202911489564,14.352516194023329,13.644914738278548,13.680294811065787,1751500.0,20741100.0,0.004358186854129896,12.0,12.17,11.57,11.6,2026-07-16,12.06,1.1793357595746368
603515,欧普照明,2026-07-17,28.1816626205119,28.507462188379087,27.432323614417363,27.611513376744316,1029900.0,17721808.0,0.0013986971886033046,17.3,17.5,16.84,16.95,2026-07-16,17.44,1.6289978393359479
603516,淳中科技,2026-07-17,201.18655606660766,203.91949778956052,183.69572903970925,185.52469773122388,9365177.0,850769758.0,0.04607298810258535,95.7,97.0,87.38,88.25,2026-07-16,97.09,2.1022628638099023
603518,锦泓集团,2026-07-17,12.49678994326338,12.748614425747277,12.150531279848021,12.260704490934726,7431500.0,58619945.0,0.021598552478759917,7.94,8.1,7.72,7.79,2026-07-16,8.08,1.5739030155243552
603519,立霸股份,2026-07-17,77.30065586836047,82.30426503289107,75.87105324992314,82.20215056014554,19551536.0,306653812.0,0.07341153697417264,15.14,16.12,14.86,16.1,2026-07-16,15.29,5.10572363727612
603520,司太立,2026-07-17,29.354895840396182,29.598252489850246,27.438462225945447,27.52972096949072,19620692.0,182056102.0,0.044754219396802325,9.65,9.73,9.02,9.05,2026-07-16,9.73,3.04195811817577
603527,众源新材,2026-07-17,21.075455038849356,21.254630001985163,20.022802130426484,20.022802130426484,9670860.0,88834888.0,0.03051021670107568,9.41,9.49,8.94,8.94,2026-07-16,9.43,2.2396870391975936
603528,多伦科技,2026-07-17,18.844575112865815,18.971261332111972,17.57771292040425,17.989443132954257,19915815.0,115062618.0,0.02821216169337869,5.95,5.99,5.55,5.68,2026-07-16,5.79,3.1671554811539187
603529,爱玛科技,2026-07-17,50.3007161103087,50.99567598034155,49.485935573028804,49.485935573028804,6773280.0,141518518.0,0.007991500453209543,20.99,21.28,20.65,20.65,2026-07-16,21.0,2.3964133449408624
603530,神马电力,2026-07-17,45.538031352902934,48.12962663314945,44.89277701782115,45.34762843435421,6085311.0,266695351.0,0.014235818645491474,43.05,45.5,42.44,42.87,2026-07-16,42.85,1.0577939919373505
603533,掌阅科技,2026-07-17,20.793567364904746,21.01005963791565,18.350297426638793,18.453388985215412,31025411.0,587981190.0,0.07068953003500242,20.17,20.38,17.8,17.9,2026-07-16,19.5,1.0309155857662242
603535,嘉诚国际,2026-07-17,20.692816838770472,21.124609164459102,20.028520953095658,20.16138013023062,6387073.0,39486714.0,0.012501162343302182,6.23,6.36,6.03,6.07,2026-07-16,6.23,3.3214794283740723
603536,惠发食品,2026-07-17,17.535567023915142,17.859924333028026,16.72467375113294,16.92739706932849,6869400.0,58450641.0,0.02855916291644206,8.65,8.81,8.25,8.35,2026-07-16,8.6,2.027233181955508
603538,美诺华,2026-07-17,64.51698375514124,66.05144174715541,60.19260214128313,60.19260214128313,45694062.0,1631562098.0,0.13562290349496103,37.0,37.88,34.52,34.52,2026-07-16,38.35,1.743702263652466
603551,奥普科技,2026-07-17,13.348890316916435,13.532525845085658,13.080499929592191,13.137003169028874,2105000.0,19823887.0,0.005541170303065162,9.45,9.58,9.26,9.3,2026-07-16,9.39,1.4125809859170833
603556,海兴电力,2026-07-17,37.99088350005294,39.84568466450948,37.47023755915286,39.14606668142499,12156503.0,290780840.0,0.024999791779846743,23.35,24.49,23.03,24.06,2026-07-16,23.31,1.6270185653127596
603558,健盛集团,2026-07-17,59.55961176790832,60.668166301659575,58.04794649461115,58.40066839171383,3250600.0,38163963.0,0.009486979071609178,11.82,12.04,11.52,11.59,2026-07-16,11.82,5.038884244323885
603565,中谷物流,2026-07-17,42.17367561541695,42.83979487489045,41.63245371709471,41.75735107824599,10475950.0,106243073.0,0.004988397722446914,10.13,10.29,10.0,10.03,2026-07-16,10.11,4.163245371709471
603566,普莱柯,2026-07-17,26.297777061788448,26.657036311266435,25.387653629777553,25.62715979609621,5680924.0,61808765.0,0.016415900961270054,10.98,11.13,10.6,10.7,2026-07-16,11.01,2.3950616631865618
603567,珍宝岛,2026-07-17,12.677876042053764,13.411858339225297,12.366489612950687,13.411858339225297,104479322.0,610427925.0,0.11121881612482151,5.7,6.03,5.56,6.03,2026-07-16,5.48,2.2241887793076778
603568,伟明环保,2026-07-17,74.31769706400651,75.0755575821863,69.15477228390662,69.77053395492771,19333751.0,291064362.0,0.009438200096381013,15.69,15.85,14.6,14.73,2026-07-16,15.71,4.736628238623742
603569,长久物流,2026-07-17,9.737755141266229,9.852897516247419,9.458123659169058,9.491021480592254,4359400.0,25549922.0,0.00722344262272998,5.92,5.99,5.75,5.77,2026-07-16,5.91,1.6448910711598361
603577,汇金通,2026-07-17,22.98607737274323,23.075866737480506,21.93105233708021,22.065736384186128,9296640.0,93668466.0,0.027412468807047015,10.24,10.28,9.77,9.83,2026-07-16,10.15,2.244734118431956
603578,三星新材,2026-07-17,24.68594630548194,24.823308486832,22.448905066352417,22.664759922759654,6023500.0,72192840.0,0.03339764429035404,12.58,12.65,11.44,11.55,2026-07-16,12.64,1.9623168764294072
603579,荣泰健康,2026-07-17,57.446299444646534,57.93066959173463,53.79737766991632,54.2494564738652,3479009.0,59606037.0,0.017303994495682724,17.79,17.94,16.66,16.8,2026-07-16,17.77,3.2291343139205475
603583,捷昌驱动,2026-07-17,73.79784240845356,74.3751001300512,70.91155380046547,71.82301336088277,5959607.0,142061450.0,0.01559098619896135,24.29,24.48,23.34,23.64,2026-07-16,24.3,3.0381985347243132
603585,苏利股份,2026-07-17,20.25599899291992,20.7245920295595,19.617008488411408,19.89390437369843,4172119.0,39481164.0,0.015406870228970988,9.51,9.73,9.21,9.34,2026-07-16,9.53,2.1299683483617162
603586,金麒麟,2026-07-17,16.589711335864315,16.871980206234785,16.06366480471935,16.217629643103244,2009700.0,25782058.0,0.010250811031600778,12.93,13.15,12.52,12.64,2026-07-16,12.93,1.283040319865763
603587,地素时尚,2026-07-17,20.503604110938735,20.83346734388356,20.24318576914019,20.399436774219318,2499100.0,29626283.0,0.005286831532897224,11.81,12.0,11.66,11.75,2026-07-16,11.84,1.7361222786569632
603588,高能环境,2026-07-17,91.46548232148515,91.81999969482423,86.00591477206318,86.57314256940572,72799493.0,914803096.0,0.047792703654681044,12.9,12.95,12.13,12.21,2026-07-16,12.9,7.090347466781795
603589,口子窖,2026-07-17,25.167132899821002,25.851780343947116,24.545878737558418,24.558557393931125,8573813.0,169803082.0,0.01433461607817376,19.85,20.39,19.36,19.37,2026-07-16,19.85,1.2678656372705794
603590,康辰药业,2026-07-17,40.59252893188852,41.125781992924054,37.00123280654718,37.229769832705266,6990600.0,247970651.0,0.044181812538476826,37.3,37.79,34.0,34.21,2026-07-16,37.6,1.0882715531337406
603596,伯特利,2026-07-17,51.217577966218144,51.88441749454774,49.410657953970215,49.73332224187163,18323011.0,428833284.0,0.020412388645657465,23.81,24.12,22.97,23.12,2026-07-16,23.76,2.1510952526761087
603598,引力传媒,2026-07-17,32.21514884370798,33.423216925347035,30.101029700839643,30.342643317167454,14452900.0,226616670.0,0.05364790059795199,16.0,16.6,14.95,15.07,2026-07-16,16.21,2.0134468027317487
603599,广信股份,2026-07-17,47.425248657721895,48.755816756335335,47.14012692230473,47.425248657721895,14826809.0,149632221.0,0.01628837561260508,9.98,10.26,9.92,9.98,2026-07-16,9.95,4.752028923619428
603600,XD永艺股,2026-07-17,34.21447704530973,34.56903121158236,32.79626038021917,32.97353746335549,5391790.0,50925254.0,0.016317338843433907,9.65,9.75,9.25,9.3,2026-07-16,9.64,3.5455416627263965
603601,再升科技,2026-07-17,124.71119950721422,124.71119950721422,113.106906279525,115.4836892297746,76874200.0,651320534.0,0.06729531895604224,8.92,8.92,8.09,8.26,2026-07-16,8.93,13.981076177938814
603602,纵横通信,2026-07-17,27.969402535967898,29.042129854933926,26.29490135514288,26.478049921795613,5858795.0,61547701.0,0.025356437908912836,10.69,11.1,10.05,10.12,2026-07-16,10.49,2.6164080950390924
603605,珀莱雅,2026-07-17,126.50882908656476,127.30712458727706,118.81998294812526,119.17711514581232,8298675.0,478086874.0,0.02095751755935117,60.22,60.6,56.56,56.73,2026-07-16,60.22,2.1007776334534167
603606,东方电缆,2026-07-17,195.68074910935275,195.68074910935275,188.6382542827951,189.84553911020498,12853064.0,490900059.0,0.015583088907300379,38.9,38.9,37.5,37.74,2026-07-16,38.93,5.030353447541202
603607,京华激光,2026-07-17,52.27535303481457,52.81524217706906,48.87170409451457,49.31769947289871,5969900.0,128911239.0,0.033441670475831964,22.27,22.5,20.82,21.01,2026-07-16,22.4,2.3473440967586248
603608,天创时尚,2026-07-17,38.30351786397811,38.463115855078016,34.53700527402026,35.239236434859855,19951138.0,457035911.0,0.046940575566952636,24.0,24.1,21.64,22.08,2026-07-16,23.9,1.5959799109990878
603609,禾丰股份,2026-07-17,11.171677255932295,11.204778521875797,10.791012697582008,10.840664596497263,4524250.0,30037430.0,0.004981057103416642,6.75,6.77,6.52,6.55,2026-07-16,6.74,1.6550632971751547
603610,麒盛科技,2026-07-17,38.35261994450945,38.80382723797427,34.77116205263247,35.25056980193884,8645783.0,111915920.0,0.024492884492575532,13.6,13.76,12.33,12.5,2026-07-16,13.7,2.820045584155107
603611,诺力股份,2026-07-17,62.49025176243228,63.264467270993386,60.46254447810556,60.83121852980133,2283600.0,38218313.0,0.008864879611336286,16.95,17.16,16.4,16.5,2026-07-16,16.97,3.6867405169576566
603612,索通发展,2026-07-17,24.556587848796713,25.00511000128615,23.227040039631593,23.531394357392283,13935600.0,210053436.0,0.027977264102347656,15.33,15.61,14.5,14.69,2026-07-16,15.35,1.6018648303194203
603613,国联股份,2026-07-17,80.94485787133934,82.16377095696464,76.97210411078281,76.97210411078281,11868003.0,208511758.0,0.016471034255075245,17.93,18.2,17.05,17.05,2026-07-16,18.01,4.514492909723332
603615,茶花股份,2026-07-17,18.049423641844832,18.303640876237015,16.951667402424054,17.263661280996274,5150600.0,78335929.0,0.02129931353899595,15.62,15.84,14.67,14.94,2026-07-16,15.72,1.1555328836008216
603616,韩建河山,2026-07-17,10.076923044318828,10.217999966939292,9.6335384303688,9.895538429521089,15426800.0,76147319.0,0.04014332813764497,5.0,5.07,4.78,4.91,2026-07-16,5.0,2.0153846088637657
603617,君禾股份,2026-07-17,19.59505429831884,19.955699469453542,18.48306502065351,18.66338760622086,8436100.0,53788681.0,0.021814133646656707,6.52,6.64,6.15,6.21,2026-07-16,6.56,3.0053764261225218
603618,杭电股份,2026-07-17,98.87180300990512,100.15670814732141,90.27282247488837,91.92013675362722,51568084.0,1486286915.0,0.07458765222058396,30.01,30.4,27.4,27.9,2026-07-16,29.95,3.294628557477678
603619,XD中曼石,2026-07-17,20.513966480446925,21.441340782122904,19.70949720670391,19.821229050279328,39054906.0,712648884.0,0.08447254402224608,18.36,19.19,17.64,17.74,2026-07-16,18.36,1.1173184357541899
603626,科森科技,2026-07-17,31.321360480876127,31.573613048507344,28.52556118963014,29.051087372195173,31928006.0,455011848.0,0.057540412048601025,14.9,15.02,13.57,13.82,2026-07-16,15.03,2.1021047302601428
603628,清源股份,2026-07-17,9.563389493988435,9.729348530760468,9.324823378628636,9.376685577619895,3996700.0,36672973.0,0.014684373973231423,9.22,9.38,8.99,9.04,2026-07-16,9.22,1.0372439798252098
603629,利通电子,2026-07-17,202.11331461263615,205.19636446681417,185.3709246760404,185.3709246760404,36396661.0,3430529571.0,0.1008990850052977,98.99,100.5,90.79,90.79,2026-07-16,100.88,2.041754870316559
603630,拉芳家化,2026-07-17,20.47577960527124,21.4555499192544,20.10659079130657,20.404781756431877,13425910.0,194877976.0,0.0596165051350199,14.42,15.11,14.16,14.37,2026-07-16,14.71,1.4199569767871871
603633,徕木股份,2026-07-17,16.99006731269065,17.187954951939957,16.028898779194005,16.255056081193217,12304819.0,72192950.0,0.028829679288963104,6.01,6.08,5.67,5.75,2026-07-16,6.04,2.8269662749901245
603636,南威软件,2026-07-17,33.4112631486878,34.04813473363346,31.353678028094123,32.186510100715374,20260391.0,134168543.0,0.03491000886013055,6.82,6.95,6.4,6.57,2026-07-16,6.79,4.899012191889707
603637,镇海股份,2026-07-17,34.16220326577462,34.487041965607666,32.07782160851262,32.48386998330392,6687280.0,82240077.0,0.028017074508350573,12.62,12.74,11.85,12.0,2026-07-16,12.64,2.706989165275327
603638,艾迪精密,2026-07-17,97.23258463889564,97.42129416754949,90.34468684303016,90.76928328250132,15826744.0,312640165.0,0.017970762965834462,20.61,20.65,19.15,19.24,2026-07-16,20.54,4.7177382163462225
603639,海利尔,2026-07-17,36.419674500175155,37.0369571188222,35.69951144508695,36.00815275441047,2081928.0,22073897.0,0.0061255095705776315,10.62,10.8,10.41,10.5,2026-07-16,10.68,3.4293478813724256
603648,畅联股份,2026-07-17,11.412805115304343,11.559279619457982,11.034412646240776,11.132062315676535,4456600.0,41235665.0,0.01229702703657266,9.35,9.47,9.04,9.12,2026-07-16,9.34,1.2206208679469885
603650,彤程新材,2026-07-17,76.31767179829993,79.11650065142844,74.37832582132897,74.37832582132897,24162389.0,1684417269.0,0.03931484623537884,69.26,71.8,67.5,67.5,2026-07-16,69.98,1.1019011232789477
603655,朗博科技,2026-07-17,29.6039511940696,30.642686323686082,27.432994773171167,27.48493152965199,1743100.0,47608355.0,0.01644433962264151,28.5,29.5,26.41,26.46,2026-07-16,28.54,1.0387351296164773
603656,泰禾智能,2026-07-17,36.38772739450077,37.02937673991006,34.81465157994898,34.81465157994898,2798300.0,48259662.0,0.015295824013200707,17.58,17.89,16.82,16.82,2026-07-16,17.68,2.0698365980944695
603657,春光科技,2026-07-17,38.571343425950715,39.06179118895501,34.39462699262381,35.15402998050143,4486022.0,103211474.0,0.033183078192514905,24.38,24.69,21.74,22.22,2026-07-16,24.15,1.5820895580783723
603658,安图生物,2026-07-17,51.42083166492097,52.10644275378658,50.17426604880168,50.221012259406145,5185256.0,169851240.0,0.0090742583982639,33.0,33.44,32.2,32.23,2026-07-16,33.11,1.5582070201491203
603659,璞泰来,2026-07-17,96.62082777036048,97.65420560747663,93.21929238985312,93.43457943925233,31991050.0,707977061.0,0.014919917035578345,22.44,22.68,21.65,21.7,2026-07-16,22.45,4.305740987983978
603660,苏州科达,2026-07-17,18.519008049844693,18.579461830203275,16.685243378967797,16.685243378967797,25534479.0,220431551.0,0.0446803243133662,9.19,9.22,8.28,8.28,2026-07-16,9.2,2.0151260119526326
603661,恒林股份,2026-07-17,50.07814177392549,50.33154160579861,45.24770747884413,45.54861977919346,3858073.0,115374113.0,0.027742542371527297,31.62,31.78,28.57,28.76,2026-07-16,31.74,1.5837489492070047
603662,柯力传感,2026-07-17,143.7513857542826,144.35707979538213,132.7479440076416,132.7479440076416,8578985.0,466748522.0,0.030548691494595583,56.96,57.2,52.6,52.6,2026-07-16,57.0,2.523725171247939
603663,三祥新材,2026-07-17,130.20915874320121,134.02777881742975,120.9518979571927,120.9518979571927,15856362.0,701225371.0,0.026731702794346793,45.01,46.33,41.81,41.81,2026-07-16,63.5,2.8928939956276656
603665,康隆达,2026-07-17,41.58963292494882,43.57390167550429,39.84539668454119,39.95741185594352,3834150.0,99946055.0,0.023938346073718843,25.99,27.23,24.9,24.97,2026-07-16,25.95,1.6002167343189235
603666,亿嘉和,2026-07-17,71.30934421756031,71.33730866627307,64.01062310352766,64.01062310352766,7228700.0,173115230.0,0.03517094939036275,25.5,25.51,22.89,22.89,2026-07-16,25.43,2.796444871276875
603667,五洲新春,2026-07-17,84.38206539694201,86.14032782384574,78.04650822231368,78.56962762205363,19673818.0,1115801497.0,0.053723837206365206,58.07,59.28,53.71,54.07,2026-07-16,58.18,1.4531094437220942
603668,天马科技,2026-07-17,17.44277204896393,17.75762352999216,16.90752453121594,17.143663141987115,8378150.0,92720834.0,0.016564262815363544,11.08,11.28,10.74,10.89,2026-07-16,11.1,1.574257405141149
603669,灵康药业,2026-07-17,21.14429583348018,22.045422596550868,21.14429583348018,21.14429583348018,29552290.0,195654270.0,0.04148672899914466,6.57,6.85,6.57,6.57,2026-07-16,7.3,3.218309868109616
603676,卫信康,2026-07-17,10.661966980480758,10.83393418984335,10.283639119883054,10.306568081131399,3457200.0,31685516.0,0.0079446366463945,9.3,9.45,8.97,8.99,2026-07-16,9.34,1.1464480624172857
603677,奇精机械,2026-07-17,38.40800963174886,41.22251218803542,38.40800963174886,40.511779219276185,6766780.0,95789339.0,0.035133694752617024,13.51,14.5,13.51,14.25,2026-07-16,13.71,2.8429318750369252
603678,火炬电子,2026-07-17,138.264018542849,138.6924120937176,123.83251079796216,126.45642129703248,24824916.0,1206774211.0,0.05220071044051028,51.64,51.8,46.25,47.23,2026-07-16,50.96,2.6774596929289114
603679,华体科技,2026-07-17,25.638681624309122,26.25700092315674,23.00722972456231,23.00722972456231,10626369.0,178289845.0,0.059804126506897266,17.83,18.26,16.0,16.0,2026-07-16,17.78,1.4379518577851444
603680,今创集团,2026-07-17,19.177354435008823,20.181297135132148,19.05442267581005,19.279797567674468,10256012.0,97338245.0,0.013086342233782442,9.36,9.85,9.3,9.41,2026-07-16,9.29,2.0488626533129084
603681,永冠新材,2026-07-17,19.999995679062753,20.567751314301272,18.896621520014296,18.993032854300083,11211011.0,206279932.0,0.047156240868508496,18.67,19.2,17.64,17.73,2026-07-16,18.7,1.071237047619858
603682,锦和商管,2026-07-17,11.477804084020846,11.59750308373833,10.387213197706002,10.733010308000953,17228825.0,140773386.0,0.03646312169312169,8.63,8.72,7.81,8.07,2026-07-16,8.68,1.3299888857498083
603683,晶华新材,2026-07-17,40.320894611415575,40.320894611415575,40.320894611415575,40.320894611415575,665000.0,15295000.0,0.0023072725122027567,23.0,23.0,23.0,23.0,2026-07-16,25.56,1.7530823744093729
603685,晨丰科技,2026-07-17,51.35462610284846,51.35462610284846,48.4470616246129,50.410130635396136,3112690.0,83452338.0,0.015450219436061258,27.73,27.73,26.16,27.22,2026-07-16,26.9,1.8519518969653248
603686,福龙马,2026-07-17,42.7375585142918,43.23258814959247,39.96539255660801,40.2294083621017,22246976.0,279840101.0,0.05355163171928071,12.95,13.1,12.11,12.19,2026-07-16,12.98,3.3001975686711815
603687,大胜达,2026-07-17,14.326560509898677,14.635766851838934,13.347407093754521,13.450475874401276,27405399.0,369464494.0,0.04982511158662619,13.9,14.2,12.95,13.05,2026-07-16,14.03,1.0306878064675307
603688,石英股份,2026-07-17,146.04077871902194,146.04077871902194,132.22249859498564,133.34506680622263,22987279.0,1184587560.0,0.04243714298100657,54.64,54.64,49.47,49.89,2026-07-16,53.99,2.67278145532617
603689,皖天然气,2026-07-17,13.276937988658014,13.559802180160714,13.153184904875584,13.241579964720177,3906060.0,29543644.0,0.007462174392062065,7.51,7.67,7.44,7.49,2026-07-16,7.57,1.7679011968918794
603690,至纯科技,2026-07-17,32.50959462022688,32.966432827955096,29.65744256657234,29.65744256657234,30673707.0,771211764.0,0.0800954841085036,26.33,26.7,24.02,24.02,2026-07-16,26.69,1.23469785872491
603693,江苏新能,2026-07-17,15.934639370318541,16.777062061043267,15.920361019628292,16.520051748618773,18701367.0,214805815.0,0.020977984283769967,11.16,11.75,11.15,11.57,2026-07-16,11.22,1.4278350690249588
603696,安记食品,2026-07-17,27.120716904802737,27.943982378929448,25.497707827238653,25.756448404821334,7886900.0,89077342.0,0.033532738095238095,11.53,11.88,10.84,10.95,2026-07-16,11.57,2.352187068933455
603697,有友食品,2026-07-17,18.708592611867303,19.12234033309129,17.809141043989065,17.93506426349202,7559040.0,77108592.0,0.017674023053846556,10.4,10.63,9.9,9.97,2026-07-16,10.49,1.7989031357564713
603698,航天工程,2026-07-17,38.0369937727812,38.73364201037792,36.281440214037445,36.281440214037445,35284651.0,927643430.0,0.06583080094777888,27.3,27.8,26.04,26.04,2026-07-16,28.93,1.3932964751934505
603699,纽威股份,2026-07-17,58.53479867851122,58.875364779913475,55.11494741026367,55.81026986729324,14420324.0,571844249.0,0.019020592650200816,41.25,41.49,38.84,39.33,2026-07-16,41.21,1.419025422509363
603700,宁水集团,2026-07-17,17.928926828379318,17.95957456654749,16.39653991997083,16.748988908904785,10853085.0,121770137.0,0.05427575530450711,11.7,11.72,10.7,10.93,2026-07-16,11.66,1.532386908408489
603701,德宏股份,2026-07-17,67.24661531372071,67.42603531188965,61.79224736938477,62.86876735839844,5498150.0,98842350.0,0.021036539675306387,18.74,18.79,17.22,17.52,2026-07-16,18.74,3.5883999633789068
603703,盛洋科技,2026-07-17,31.294012285744877,31.57530677820101,29.289789026994924,29.535921707894044,12129699.0,104483378.0,0.02922944969291689,8.9,8.98,8.33,8.4,2026-07-16,8.97,3.5161811557016716
603706,东方环宇,2026-07-17,25.49490127921744,25.84991021915497,24.798031878599325,25.034704505224344,1679030.0,32348789.0,0.008865803876905049,19.39,19.66,18.86,19.04,2026-07-16,19.35,1.314847925694556
603707,健友股份,2026-07-17,32.03977793895553,32.66342325163593,30.792487313594734,30.792487313594734,23017086.0,186189885.0,0.014246322822858117,8.22,8.38,7.9,7.9,2026-07-16,8.28,3.8977832042524976
603708,家家悦,2026-07-17,19.042464743894232,19.438357981813034,18.705955491663254,18.745544815455133,4984356.0,47868760.0,0.007808325259314736,9.62,9.82,9.45,9.47,2026-07-16,9.58,1.9794661895939951
603709,中源家居,2026-07-17,22.68325219330964,23.122913219310615,21.380552857010453,21.722511432788988,2836223.0,38653402.0,0.022669966821803052,13.93,14.2,13.13,13.34,2026-07-16,13.89,1.6283741703739871
603711,香飘飘,2026-07-17,12.252453889480526,12.518570535043903,11.753485179049191,11.864367114700599,8284129.0,90433951.0,0.02006454025573413,11.05,11.29,10.6,10.7,2026-07-16,11.03,1.1088193565140747
603712,七一二,2026-07-17,11.827291564727847,11.990426620793059,11.36847421954444,11.501021452597422,11095800.0,126874450.0,0.01437279792746114,11.6,11.76,11.15,11.28,2026-07-16,11.67,1.019594100407573
603713,密尔克卫,2026-07-17,68.77289949721107,71.6944510227198,66.89929580150438,67.12158776540178,6197067.0,405107859.0,0.03882713788731578,64.97,67.73,63.2,63.41,2026-07-16,64.8,1.0585331614162086
603716,塞力医疗,2026-07-17,60.11991476826706,60.11991476826706,52.468289252305794,53.772944294197806,45445678.0,733835148.0,0.20127340900604573,17.05,17.05,14.88,15.25,2026-07-16,16.12,3.5260947078162497
603717,天域生物,2026-07-17,8.80171337155859,9.113027992417575,7.966824161073128,8.12248147150262,27663720.0,164157902.0,0.09534405822388048,6.22,6.44,5.63,5.74,2026-07-16,6.26,1.415066458449934
603719,良品铺子,2026-07-17,10.143780637705314,10.306515086438553,9.76406692399442,9.796613813741066,7263599.0,67000292.0,0.018251009966747358,9.35,9.5,9.0,9.03,2026-07-16,9.38,1.0848963248882688
603721,中广天择,2026-07-17,22.37039679530802,23.006457684224824,21.057675386266954,21.111808227876896,2759000.0,44566388.0,0.021223076923076924,16.53,17.0,15.56,15.6,2026-07-16,16.48,1.353321040248519
603722,阿科力,2026-07-17,33.667122995649066,33.910857282366074,30.742311555044996,30.81649155535017,3633639.0,110634329.0,0.037969011554332306,31.77,32.0,29.01,29.08,2026-07-16,32.23,1.0597142900739398
603725,天安新材,2026-07-17,29.271621886373783,30.132551941855365,27.675751539627434,28.704667947398107,34046308.0,470197909.0,0.11167935149280149,13.94,14.35,13.18,13.67,2026-07-16,14.08,2.0998294036136143
603726,朗迪集团,2026-07-17,63.64616576158297,64.18762579513086,57.591658113729366,57.591658113729366,8880660.0,217130048.0,0.04810385761016346,25.86,26.08,23.4,23.4,2026-07-16,26.0,2.4611819706721954
603727,博迈科,2026-07-17,16.994953503118495,17.35297754005055,16.15583466655899,16.883070991577227,6067500.0,90792748.0,0.021537397314845445,15.19,15.51,14.44,15.09,2026-07-16,15.33,1.1188251154126725
603728,鸣志电器,2026-07-17,72.98011263808762,74.04009974975193,65.63970188981229,65.63970188981229,10803436.0,560116517.0,0.02579108938664184,55.08,55.88,49.54,49.54,2026-07-16,55.0,1.3249838895803854
603730,岱美股份,2026-07-17,71.83702399485898,71.83702399485898,67.18092058778478,69.17639347653088,22490457.0,233804264.0,0.010467524501669611,10.8,10.8,10.1,10.4,2026-07-16,10.7,6.651576295820276
603733,仙鹤股份,2026-07-17,21.76679044403868,21.91525228862027,21.035901363021644,21.195783349494118,11806515.0,222537519.0,0.01629647350572422,19.06,19.19,18.42,18.56,2026-07-16,19.06,1.1420141890891229
603737,三棵树,2026-07-17,207.47123622701625,213.53399689028961,194.36497420494004,196.86140506628786,12003145.0,273399138.0,0.013557039775899046,23.27,23.95,21.8,22.08,2026-07-16,23.25,8.915824504813763
603738,泰晶科技,2026-07-17,187.9683406113537,190.8525109170306,169.17150655021837,169.17150655021837,37035467.0,1314234247.0,0.0959747796127064,37.8,38.38,34.02,34.02,2026-07-16,37.8,4.972707423580786
603739,蔚蓝生物,2026-07-17,18.412549410749776,18.740546242358274,17.532921544163347,17.62237522551112,4675800.0,56523361.0,0.018479314530066304,12.35,12.57,11.76,11.82,2026-07-16,12.48,1.4908946891295365
603755,日辰股份,2026-07-17,25.05434238514742,25.160504852881093,23.599916577196066,23.769776525569945,1185600.0,27062908.0,0.01202267259448514,23.6,23.7,22.23,22.39,2026-07-16,23.56,1.061624677336755
603757,大元泵业,2026-07-17,201.56747714767175,220.25703129218277,186.64126179688543,194.14251141951226,23734039.0,1884139306.0,0.12722802322171883,79.27,86.62,73.4,76.35,2026-07-16,79.5,2.5427964822463953
603758,秦安股份,2026-07-17,12.468749729555045,12.573749727277614,11.799374744073669,11.917499741511559,4057300.0,37541544.0,0.009367697201172058,9.5,9.58,8.99,9.08,2026-07-16,9.48,1.31249997153211
603759,海天股份,2026-07-17,11.119975108864868,11.434543004448031,10.82113560806086,10.931234371514968,6875057.0,48744238.0,0.014888810204435204,7.07,7.27,6.88,6.95,2026-07-16,7.07,1.5728394779158228
603766,隆鑫通用,2026-07-17,44.53569671282752,46.37114922121,44.50106553342408,45.19368912149294,23143823.0,302018127.0,0.011270197877876217,12.86,13.39,12.85,13.05,2026-07-16,12.84,3.4631179403442864
603767,中马传动,2026-07-17,24.112970541779102,24.47133740758049,22.71363325626892,22.9696095889842,5533900.0,76056379.0,0.01793044455928834,14.13,14.34,13.31,13.46,2026-07-16,14.14,1.706508884768514
603768,常青股份,2026-07-17,10.704827209998822,10.863182642099394,10.219203884890392,10.303660115344032,2879300.0,28645487.0,0.012100143431224725,10.14,10.29,9.68,9.76,2026-07-16,10.12,1.0557028806704951
603773,沃格光电,2026-07-17,215.42501457611178,217.69264630849187,193.88251311850058,193.88251311850058,14950961.0,1332554918.0,0.06654375985988842,95.0,96.0,85.5,85.5,2026-07-16,95.0,2.267631732380124
603776,永安行,2026-07-17,50.545405415779676,51.840086474521556,49.488522918847536,49.83200973035048,2226770.0,42780292.0,0.007931206237890126,19.13,19.62,18.73,18.86,2026-07-16,19.23,2.6422062423303543
603777,来伊份,2026-07-17,21.231295745307154,21.73154803591037,19.450986122866293,19.450986122866293,10407440.0,142408297.0,0.031120478297013983,14.43,14.77,13.22,13.22,2026-07-16,14.69,1.4713302664800523
603778,国晟科技,2026-07-17,61.80561716561698,61.80561716561698,55.62505544905528,55.81425631792961,60529025.0,552594982.0,0.0941562612366528,9.8,9.8,8.82,8.85,2026-07-16,9.8,6.306695629144589
603779,威龙股份,2026-07-17,12.520887980335637,12.874835343737352,11.606523958214543,11.636019571831351,60393608.0,501571987.0,0.18186312680362798,8.49,8.73,7.87,7.89,2026-07-16,7.94,1.4747806808404755
603786,科博达,2026-07-17,43.96855534185278,44.61844191220728,41.88039521415635,42.210665438434866,2320124.0,93331008.0,0.005744918927926663,41.27,41.88,39.31,39.62,2026-07-16,41.27,1.0653878202532778
603787,新日股份,2026-07-17,11.03895478695631,11.242333687841892,10.632196985185146,10.711288779973984,3540300.0,34113727.0,0.015382991650567673,9.77,9.95,9.41,9.48,2026-07-16,9.75,1.1298827826976776
603788,XD宁波高,2026-07-17,28.881926441254915,29.480515590296466,28.304715476107706,28.625388234522823,2139100.0,28974062.0,0.009589578588790962,13.51,13.79,13.24,13.39,2026-07-16,13.59,2.1378183894341167
603790,雅运股份,2026-07-17,30.668206009568223,31.392432491174738,27.85486467717368,28.314469944347046,6255920.0,131703919.0,0.03269188963210702,22.02,22.54,20.0,20.33,2026-07-16,21.93,1.392743233858684
603797,联泰环保,2026-07-17,8.843610684076946,8.99722178777059,8.514444033304851,8.558332920074465,6933344.0,27573271.0,0.012024421771160263,4.03,4.1,3.88,3.9,2026-07-16,4.02,2.194444338480632
603798,康普顿,2026-07-17,33.913801609233516,35.163556442404605,31.24387082927711,32.12437991628401,6398220.0,74539137.0,0.02494922492582852,11.94,12.38,11.0,11.31,2026-07-16,11.85,2.8403518935706464
603799,华友钴业,2026-07-17,99.40408006372063,100.64340365932026,95.1180859622719,95.53119382747177,62236309.0,2346619953.0,0.0329710064143181,38.5,38.98,36.84,37.0,2026-07-16,38.82,2.581924157499237
603800,洪田股份,2026-07-17,83.08620309584599,84.08323753299615,74.3344563697502,74.3344563697502,7213100.0,504812996.0,0.034678365384615384,75.0,75.9,67.1,67.1,2026-07-16,74.55,1.1078160412779465
603801,志邦家居,2026-07-17,19.957664639973267,20.441068281771926,19.336145671946415,19.474260998174607,7038233.0,40353457.0,0.01620400361335937,5.78,5.92,5.6,5.64,2026-07-16,5.75,3.4528831557047175
603803,瑞斯康达,2026-07-17,10.942047660009179,11.080824849843442,10.14141002634997,10.280187216184235,20237865.0,200867292.0,0.047631556144216707,10.25,10.38,9.5,9.63,2026-07-16,10.47,1.0675168448789443
603806,福斯特,2026-07-17,98.48724860818976,99.17693522309305,94.14222293429904,95.38365884112496,41352738.0,579039664.0,0.01585157877530832,14.28,14.38,13.65,13.83,2026-07-16,14.27,6.896866149032896
603808,歌力思,2026-07-17,17.915711902338884,18.35836278159043,17.24008687611284,17.26338429081029,5008100.0,38147254.0,0.013768607170409421,7.69,7.88,7.4,7.41,2026-07-16,7.68,2.3297414697449783
603809,XD豪能股,2026-07-17,72.36043796596017,73.17074522201794,69.68642402096948,69.76745474657525,13348959.0,117086818.0,0.014505184566479248,8.93,9.03,8.6,8.61,2026-07-16,8.94,8.103072560577846
603810,丰山集团,2026-07-17,23.502147950566822,24.14575800928376,22.27721267752491,22.443305595903475,3015100.0,33456427.0,0.01823551629859674,11.32,11.63,10.73,10.81,2026-07-16,11.32,2.0761614797320513
603811,诚意药业,2026-07-17,35.24748298891129,35.38235856157294,33.22434939898653,33.404183495868736,12681489.0,95721240.0,0.027675181398679458,7.84,7.87,7.39,7.43,2026-07-16,7.86,4.495852422055012
603815,交建股份,2026-07-17,6.428125110956339,6.651250114807715,5.875625101419596,5.960625102886787,26177600.0,152892982.0,0.04229532230225239,6.05,6.26,5.53,5.61,2026-07-16,6.14,1.0625000183398907
603816,顾家家居,2026-07-17,52.79828252955102,54.06889010224326,51.79994800814996,52.117599901323025,7632100.0,177244524.0,0.009354435411292527,23.27,23.83,22.83,22.97,2026-07-16,23.35,2.2689420940932967
603817,海峡环保,2026-07-17,6.006532292212209,6.1364032606924725,5.876661323731945,5.909129065852011,12295600.0,68243749.0,0.021568048145266527,5.55,5.67,5.43,5.46,2026-07-16,5.57,1.0822580706688665
603818,曲美家居,2026-07-17,6.868860800055009,6.868860800055009,6.419113961956169,6.4600000381469735,40745200.0,130870995.0,0.05934828445882747,3.36,3.36,3.14,3.16,2026-07-16,3.33,2.0443038095401813
603819,神力股份,2026-07-17,25.228145524357146,25.3874392608961,22.958209778677023,23.356444120024417,9304430.0,112005708.0,0.042733762039160884,12.67,12.75,11.53,11.73,2026-07-16,12.68,1.9911717067369492
603823,百合花,2026-07-17,143.09624736929138,157.46755152319005,141.5542619450533,144.28871609736882,30396026.0,2226828995.0,0.073002842698866,69.6,76.59,68.85,70.18,2026-07-16,69.66,2.055980565650738
603826,坤彩科技,2026-07-17,29.712529688627267,29.897654484195034,27.916819171619885,28.10194396718766,9480864.0,147650294.0,0.0111309101155255,16.05,16.15,15.08,15.18,2026-07-16,16.11,1.8512479556777113
603829,洛凯股份,2026-07-17,15.734521492556656,15.948015678344397,14.848520621537523,14.997966551588943,4555444.0,65782636.0,0.024456637880206678,14.74,14.94,13.91,14.05,2026-07-16,14.67,1.0674709289387148
603833,欧派家居,2026-07-17,56.98997088065473,58.338845931084435,55.27015519135687,55.32073800574799,3628050.0,121748398.0,0.005955894154890352,33.8,34.6,32.78,32.81,2026-07-16,33.8,1.6860938130371224
603836,海程邦达,2026-07-17,9.657692175645094,9.823631903748963,9.292624773816586,9.403251259219164,4270467.0,36991678.0,0.015310211261682583,8.73,8.88,8.4,8.5,2026-07-16,8.72,1.106264854025784
603839,安正时尚,2026-07-17,12.162488674587676,12.836044218275283,11.950799789428713,12.162488674587676,11373420.0,73101571.0,0.02938745199813341,6.32,6.67,6.21,6.32,2026-07-16,6.36,1.9244444105360246
603848,好太太,2026-07-17,15.27827572000438,15.504620545485926,14.655827449930127,14.723730897574592,2978700.0,39712621.0,0.00740221621314671,13.5,13.7,12.95,13.01,2026-07-16,13.53,1.1317241274077319
603855,华荣股份,2026-07-17,22.126585498033144,22.510679976610284,21.536726120218248,21.783643999303553,2535400.0,40712369.0,0.007556347000663125,16.13,16.41,15.7,15.88,2026-07-16,16.16,1.3717659949183598
603856,东宏股份,2026-07-17,17.395287520705338,17.62022658347308,16.87042970758061,17.005393145241253,5293600.0,60813550.0,0.018767900253587887,11.6,11.75,11.25,11.34,2026-07-16,11.58,1.499593751784943
603858,步长制药,2026-07-17,36.92942552560242,37.43280059472463,35.556584427996384,35.602345797916584,10151140.0,160915598.0,0.009625871205427176,16.14,16.36,15.54,15.56,2026-07-16,16.17,2.2880684960100632
603859,能科科技,2026-07-17,60.213182812901195,60.56045041688733,56.136563113933455,56.423436352008956,10304590.0,395213167.0,0.04211151129695329,39.88,40.11,37.18,37.37,2026-07-16,40.12,1.5098591477658272
603860,中公高科,2026-07-17,26.13737586783679,26.557590913943493,25.05532212411204,25.244418894860054,1503000.0,36808874.0,0.022540491901619678,24.88,25.28,23.85,24.03,2026-07-16,24.89,1.050537615266752
603861,白云电器,2026-07-17,12.531387022812,12.607007461742763,11.904817671671399,12.002043950296665,14247255.0,161851042.0,0.0269534987991123,11.6,11.67,11.02,11.11,2026-07-16,11.6,1.0802919847251724
603863,松炀资源,2026-07-17,12.237539772344903,12.408905650540836,11.552076259561169,11.804084903966952,5313900.0,63048894.0,0.025965795260200344,12.14,12.31,11.46,11.71,2026-07-16,12.29,1.0080345776231385
603866,XD桃李面,2026-07-17,18.178556429739857,18.481532370235517,17.74573365760319,17.78901593481686,17503751.0,72986305.0,0.010941764962488056,4.2,4.27,4.1,4.11,2026-07-16,4.17,4.328227721366632
603867,新化股份,2026-07-17,41.52915910423989,42.204546812855554,38.770128464788655,38.84197822102437,7711345.0,216232438.0,0.035752521887726776,28.9,29.37,26.98,27.03,2026-07-16,28.63,1.436995124714183
603868,飞科电器,2026-07-17,39.832001073470956,40.256429886975816,38.455822799379455,38.944559008869895,1274717.0,39059188.0,0.0029263475665748393,30.97,31.3,29.9,30.28,2026-07-16,30.86,1.2861479197116874
603871,嘉友国际,2026-07-17,193.8387989224936,196.03766836925834,189.27191622536677,189.44106002896405,10518254.0,119420077.0,0.0076887335021530254,11.46,11.59,11.19,11.2,2026-07-16,11.44,16.914380359728934
603876,鼎胜新材,2026-07-17,38.64337123913711,39.20936000981134,36.78927009382498,37.765112801884,29768984.0,583894919.0,0.032034901892099794,19.8,20.09,18.85,19.35,2026-07-16,19.98,1.951685416118036
603877,太平鸟,2026-07-17,16.738078072644583,17.114068982099806,16.50470440470686,16.62139123867572,2377700.0,30715468.0,0.0050662276575248,12.91,13.2,12.73,12.82,2026-07-16,12.92,1.2965203774318035
603878,武进不锈,2026-07-17,18.297068875361784,18.67667611343983,17.461932951590082,17.6137758468213,15865300.0,75125502.0,0.02827283328133238,4.82,4.92,4.6,4.64,2026-07-16,4.86,3.796072380780453
603879,永悦科技,2026-07-17,11.67131515138178,11.904741454409415,10.789482451055157,11.022908754082792,11967900.0,51996257.0,0.03330481473429782,4.5,4.59,4.16,4.25,2026-07-16,4.46,2.593625589195951
603880,南卫股份,2026-07-17,20.584340712880095,20.613958469301505,18.51109776338138,18.836893084016893,9778090.0,63316457.0,0.03382930508369026,6.95,6.96,6.25,6.36,2026-07-16,6.94,2.9617756421410206
603881,数据港,2026-07-17,76.27701996578614,78.95997445129026,72.37737681825105,73.18850259293835,49361853.0,1200087685.0,0.057260849870913705,24.45,25.31,23.2,23.46,2026-07-16,25.38,3.1197145180280628
603882,金域医学,2026-07-17,31.46519392663306,31.66988257523421,29.770826779879055,29.98688702006916,12098177.0,324438400.0,0.02629269262674863,27.67,27.85,26.18,26.37,2026-07-16,27.9,1.1371591588953038
603883,老百姓,2026-07-17,33.57620446359364,34.22293713383942,33.064207766315725,33.064207766315725,17466874.0,217644475.0,0.023016337767191933,12.46,12.7,12.27,12.27,2026-07-16,12.5,2.694719459357435
603885,吉祥航空,2026-07-17,31.509361747407556,32.11647854408207,31.266515028737746,31.266515028737746,24580531.0,256741721.0,0.01133262853836462,10.38,10.58,10.3,10.3,2026-07-16,10.38,3.0355839833725966
603886,元祖股份,2026-07-17,18.46589406756653,18.822566297142,17.412089752911722,17.67148773805752,4686400.0,52020288.0,0.019526666666666668,11.39,11.61,10.74,10.9,2026-07-16,11.44,1.6212374071612405
603887,城地香江,2026-07-17,20.800799560546874,21.185999552408855,19.524824587504067,19.74149958292643,19605662.0,165564454.0,0.03256595328420004,8.64,8.8,8.11,8.2,2026-07-16,8.67,2.4074999491373696
603888,新华网,2026-07-17,62.0366465563215,62.747261064412235,60.046925933667424,60.22457956069011,9202290.0,158633662.0,0.013638312513543771,17.46,17.66,16.9,16.95,2026-07-16,17.47,3.553072540453694
603889,新澳股份,2026-07-17,57.865267888011545,58.17805311983864,55.98855649704901,56.19707998493373,9898327.0,54169762.0,0.010506246182642608,5.55,5.58,5.37,5.39,2026-07-16,5.53,10.426174394236314
603890,春秋电子,2026-07-17,64.45447625027194,64.8739846963453,59.54023445341253,59.54023445341253,26510569.0,544093562.0,0.059330103918799504,21.51,21.65,19.87,19.87,2026-07-16,22.08,2.9964889005240325
603893,瑞芯微,2026-07-17,234.2681151061717,238.37554725649136,206.81643289549257,208.4676619006462,36204015.0,7807343866.0,0.08561025241700954,227.0,230.98,200.4,202.0,2026-07-16,222.24,1.0320181282210208
603895,天永智能,2026-07-17,39.543928027593644,39.614542184785776,35.66014938202641,36.01322016798707,1856100.0,48619495.0,0.01717339008142117,28.0,28.05,25.25,25.5,2026-07-16,28.06,1.4122831438426302
603896,寿仙谷,2026-07-17,21.840177662196663,22.357518618343445,21.392747646069715,21.784248910180793,4694087.0,73282832.0,0.023678338149235107,15.62,15.99,15.3,15.58,2026-07-16,15.6,1.3982188003967133
603897,XD长城科,2026-07-17,36.22197574613776,36.475670517900596,33.022602791128705,33.20582679295742,13286000.0,325164325.0,0.06435902909633147,25.7,25.88,23.43,23.56,2026-07-16,25.9,1.4094153986824032
603898,好莱客,2026-07-17,47.56386645872199,48.90522549757315,44.409860070071986,44.77238954003175,4170600.0,53367764.0,0.013891373932424131,13.12,13.49,12.25,12.35,2026-07-16,13.29,3.625294699597713
603899,晨光股份,2026-07-17,54.16815889109,54.87290389236483,53.17179526859799,53.220398372134184,4218600.0,93565186.0,0.004606487547272255,22.29,22.58,21.88,21.9,2026-07-16,22.27,2.43015517680978
603900,莱绅通灵,2026-07-17,9.697286850068625,9.935884417557133,9.203049031699575,9.305305132051792,9768420.0,54554885.0,0.028502306696843734,5.69,5.83,5.4,5.46,2026-07-16,5.72,1.7042683392036249
603901,永创智能,2026-07-17,41.835413481059824,42.35031087774979,39.432558963173314,39.94745635986328,14807010.0,140225835.0,0.02730273634192923,9.75,9.87,9.19,9.31,2026-07-16,9.82,4.290811639083059
603903,中持股份,2026-07-17,29.965376053537643,30.775251082011632,28.942376017570496,29.283376029559545,15109268.0,212612957.0,0.05917788959933649,14.06,14.44,13.58,13.74,2026-07-16,14.1,2.1312500749315535
603906,龙蟠科技,2026-07-17,40.81738300594307,41.5938576441024,38.23612947908909,38.82373190796642,29191643.0,552694561.0,0.05185048724894122,19.45,19.82,18.22,18.5,2026-07-16,19.5,2.0985801031333198
603908,牧高笛,2026-07-17,31.129346670018563,32.05002489184388,29.548559534431682,29.930727852925212,1699160.0,29925033.0,0.018245623921606915,17.92,18.45,17.01,17.23,2026-07-16,17.77,1.7371287204251429
603909,建发合诚,2026-07-17,23.88655918884277,24.317919174194333,22.781199226379393,22.86207922363281,2876445.0,24970789.0,0.011034681210346415,8.86,9.02,8.45,8.48,2026-07-16,8.86,2.6959999084472654
603912,佳力图,2026-07-17,21.525948764745987,21.586414912961565,20.165460429895468,20.588723467404517,17411208.0,119932642.0,0.0321296251148649,7.12,7.14,6.67,6.81,2026-07-16,7.12,3.023307410778931
603915,国茂股份,2026-07-17,20.4121412966493,20.48859126405248,19.25010179212095,19.280681779082222,9852068.0,127507429.0,0.015003930356902232,13.35,13.4,12.59,12.61,2026-07-16,13.4,1.528999348063618
603916,XD苏博特,2026-07-17,13.997468586209456,14.313097779820062,13.311318165316836,13.366210198988247,11769958.0,117988622.0,0.02800185534246533,10.2,10.43,9.7,9.74,2026-07-16,10.2,1.372300841785241
603917,合力科技,2026-07-17,18.270475961211925,18.590475957196453,17.889523585039864,18.133333105789983,4743100.0,56823900.0,0.023268740188383045,11.99,12.2,11.74,11.9,2026-07-16,12.02,1.5238095046882338
603918,金桥信息,2026-07-17,34.92237660544261,35.5269391332354,33.108689022064226,33.39318903514319,13779744.0,132719819.0,0.03774160492106646,9.82,9.99,9.31,9.39,2026-07-16,9.86,3.556250163487027
603919,金徽酒,2026-07-17,28.56954922302528,29.011742784350705,27.18529111800656,27.20451692502071,8550649.0,124033746.0,0.0168565411240185,14.86,15.09,14.14,14.15,2026-07-16,14.92,1.922580701414891
603920,世运电路,2026-07-17,63.018144954608424,63.18441974340686,56.3837808815507,56.86597776906618,24118487.0,855956478.0,0.03347036379795318,37.9,38.0,33.91,34.2,2026-07-16,37.68,1.662747887984391
603926,铁流股份,2026-07-17,33.682278397004886,34.07854049579318,31.012723205167966,31.805247402744552,4622095.0,71435880.0,0.020023058447531557,16.15,16.34,14.87,15.25,2026-07-16,16.12,2.0855899936225937
603927,中科软,2026-07-17,28.585977965660575,29.02008545185132,27.63094149604094,27.696057618969547,14460931.0,188085013.0,0.01740100476511359,13.17,13.37,12.73,12.76,2026-07-16,13.15,2.1705374309537264
603928,兴业股份,2026-07-17,19.029249319445952,19.16917027032423,17.443478542825456,17.536759176744308,33935584.0,398107779.0,0.09960430168122476,12.24,12.33,11.22,11.28,2026-07-16,12.34,1.5546772319808784
603929,亚翔集成,2026-07-17,222.5695588835617,231.59118026757716,206.4224266339919,206.88135784228186,6447131.0,1153875836.0,0.03021714941882265,184.29,191.76,170.92,171.3,2026-07-16,188.29,1.2077137060261638
603931,格林达,2026-07-17,94.28493924565802,96.23339894292528,88.37802984762682,88.37802984762682,7498656.0,330817490.0,0.03757625212231128,45.97,46.92,43.09,43.09,2026-07-16,47.88,2.0510102076497287
603933,睿能科技,2026-07-17,43.53833911701784,43.53833911701784,39.0626314761275,39.0626314761275,10220900.0,198848052.0,0.04924677024200705,20.72,20.72,18.59,18.59,2026-07-16,20.66,2.1012711929062666
603936,博敏电子,2026-07-17,31.699806097409297,31.780211439444578,28.5036937515069,28.5036937515069,34895844.0,515407483.0,0.05535525775554327,15.77,15.81,14.18,14.18,2026-07-16,15.76,2.01013355088201
603937,丽岛新材,2026-07-17,11.340962935258998,11.461845292127068,10.769519066428119,10.857433507786716,7018510.0,70924532.0,0.03359875104067536,10.32,10.43,9.8,9.88,2026-07-16,10.3,1.098930516982461
603938,三孚股份,2026-07-17,120.60772971092472,121.32484239583883,111.20558561982862,113.1975653001456,14323551.0,627321979.0,0.03743500772246686,45.41,45.68,41.87,42.62,2026-07-16,45.41,2.6559729070892915
603939,益丰药房,2026-07-17,143.80514366267508,146.8390074530269,139.08579998879452,140.43418389561754,18920311.0,397217799.0,0.015605763990193519,21.33,21.78,20.63,20.83,2026-07-16,21.43,6.741919534115101
603948,建业股份,2026-07-17,24.51462572930973,24.752631804351573,23.56260142914236,23.737974326541615,2050500.0,39547002.0,0.012619302799429084,19.57,19.76,18.81,18.95,2026-07-16,19.59,1.2526635528518002
603949,雪龙集团,2026-07-17,22.129631461136718,22.908843836528856,20.617959452875972,20.617959452875972,11128414.0,154655887.0,0.052940698338520276,14.2,14.7,13.23,13.23,2026-07-16,14.7,1.558424750784276
603950,XD长源东,2026-07-17,104.71877545447805,108.1982101387714,94.31099275847774,94.46359954287658,14503615.0,973345032.0,0.04478237792587616,68.62,70.9,61.8,61.9,2026-07-16,67.52,1.526067843988313
603955,大千生态,2026-07-17,25.181834057123975,26.422052865076548,24.116863558990786,24.319073147243923,2781100.0,51431827.0,0.020491452991452993,18.68,19.6,17.89,18.04,2026-07-16,18.37,1.348063921687579
603956,威派格,2026-07-17,6.053063501053003,6.117572170691224,5.762774487681012,5.784277377560419,17551945.0,97120140.0,0.030797949471994417,5.63,5.69,5.36,5.38,2026-07-16,5.63,1.075144493970338
603958,哈森股份,2026-07-17,15.484100616990983,15.587327954437589,14.193758898908401,14.317631703844327,5264500.0,75419566.0,0.023999361779722832,15.0,15.1,13.75,13.87,2026-07-16,15.11,1.0322733744660655
603960,克来机电,2026-07-17,47.485939743321964,48.44525165732847,45.02370583070527,45.56731591530895,5799001.0,84420556.0,0.02211688575690347,14.85,15.15,14.08,14.25,2026-07-16,15.1,3.197706380021681
603966,法兰泰克,2026-07-17,26.750916416205254,27.224983289403824,25.22713003806698,25.599611152723,8448694.0,65563023.0,0.01625695951604544,7.9,8.04,7.45,7.56,2026-07-16,7.94,3.3861919514183865
603967,中创物流,2026-07-17,20.30856120498669,20.5363535222126,19.660229225189877,19.800409112713513,3229300.0,36990360.0,0.00931528729712755,11.59,11.72,11.22,11.3,2026-07-16,11.56,1.7522485940454435
603968,醋化股份,2026-07-17,24.24312352922604,24.80454323200812,23.32443674285537,23.732741981242334,2953300.0,27874606.0,0.01444297730829421,9.5,9.72,9.14,9.3,2026-07-16,9.55,2.5519077399185304
603969,银龙股份,2026-07-17,37.50935179895634,37.55707362058351,33.45299696064681,33.882493355291345,26037077.0,191139911.0,0.030575962434786857,7.86,7.87,7.01,7.1,2026-07-16,7.79,4.772182162717091
603970,中农立华,2026-07-17,24.001569990920352,24.302747992736922,23.42238152588849,23.491884141692317,2808660.0,28858611.0,0.010448878719680995,10.36,10.49,10.11,10.14,2026-07-16,10.34,2.3167538601274473
603976,正川股份,2026-07-17,39.87064319106767,40.377473401123616,38.10441670147877,38.36551105211365,5861528.0,149292503.0,0.03691130450167528,25.96,26.29,24.81,24.98,2026-07-16,25.9,1.5358491213816514
603977,国泰集团,2026-07-17,24.769371869423264,25.565530250940444,24.61456329523937,24.769371869423264,15440681.0,174587582.0,0.024854541829079802,11.2,11.56,11.13,11.2,2026-07-16,11.25,2.2115510597699344
603978,深圳新星,2026-07-17,39.0622627838945,39.26392650502973,36.60196538604466,36.64229813027171,10712872.0,201209788.0,0.050749224639174174,19.37,19.47,18.15,18.17,2026-07-16,19.4,2.016637211352323
603979,金诚信,2026-07-17,107.51519517424923,108.5901817434426,100.23836301355553,100.48643683721554,9636331.0,597618307.0,0.01544797310670159,65.01,65.66,60.61,60.76,2026-07-16,65.85,1.653825491066747
603980,吉华集团,2026-07-17,10.411937212652765,11.124607372450367,10.411937212652765,10.724816795002932,41313170.0,257492188.0,0.06103890919324662,5.99,6.4,5.99,6.17,2026-07-16,6.02,1.7382199019453697
603982,泉峰汽车,2026-07-17,5.856636834932161,5.91753773789506,5.562282470611481,5.59273292209293,5774699.0,32480103.0,0.017006740274143742,5.77,5.83,5.48,5.51,2026-07-16,5.71,1.015015049381657
603983,丸美生物,2026-07-17,30.655621092448865,32.772395489649156,30.19358404128332,31.257343763734227,7780200.0,225670746.0,0.019401995012468826,28.53,30.5,28.1,29.09,2026-07-16,28.56,1.0745047701524313
603985,恒润股份,2026-07-17,82.28708494221506,83.54160289446791,74.80644085655915,74.80644085655915,20567040.0,344742480.0,0.0466523004233633,17.71,17.98,16.1,16.1,2026-07-16,17.89,4.646362786121686
603986,兆易创新,2026-07-17,2828.586110977083,2884.47897252999,2620.119314598072,2620.119314598072,67208333.0,32122306066.0,0.10053723849418952,500.0,509.88,463.15,463.15,2026-07-16,514.61,5.657172221954166
603987,XD康德莱,2026-07-17,18.435308166001565,18.58123408815989,17.75432052926272,17.827283490341884,5986300.0,44489140.0,0.013705185419622313,7.58,7.64,7.3,7.33,2026-07-16,7.59,2.432098702638729
603988,中电电机,2026-07-17,52.278563150725944,52.58810727464471,49.07994053689863,49.59584741009659,4639612.0,68474460.0,0.01972624149659864,15.2,15.29,14.27,14.42,2026-07-16,15.18,3.4393791546530226
603989,艾华集团,2026-07-17,82.1976912834741,84.52803820130454,74.57110137057444,74.57110137057444,18119350.0,600299851.0,0.04543697367264234,34.92,35.91,31.68,31.68,2026-07-16,35.2,2.3538857755863143
603990,麦迪科技,2026-07-17,59.364521535013175,60.020655720400164,53.74051423169613,53.990470111843564,25653298.0,453556214.0,0.08404154622710798,19.0,19.21,17.2,17.28,2026-07-16,19.11,3.1244485018427985
603991,领先股份,2026-07-17,156.95342076967842,157.7331248599536,142.56433619460014,142.56433619460014,6164969.0,902541051.0,0.06885425650665945,155.0,155.77,140.79,140.79,2026-07-16,156.43,1.0126027146430865
603992,松霖科技,2026-07-17,26.561849822688117,26.561849822688117,24.616944500943173,24.972584331205105,3779400.0,86325176.0,0.008530571673798198,23.9,23.9,22.15,22.47,2026-07-16,23.7,1.1113744695685406
603993,洛阳钼业,2026-07-17,66.9112102955415,67.13624799832918,64.4733018486748,65.29844009222968,213625310.0,3731288356.0,0.012234536447138207,17.84,17.9,17.19,17.41,2026-07-16,18.2,3.750628379794927
603995,甬金股份,2026-07-17,37.39212342009968,38.09088233542515,35.07428896926396,35.07428896926396,7082998.0,151705029.0,0.019479681257980625,21.94,22.35,20.58,20.58,2026-07-16,22.04,1.7042900373792014
603997,继峰股份,2026-07-17,21.789901197542143,21.789901197542143,20.43339828611123,20.502081977829253,14846332.0,180969687.0,0.01166921481532009,12.69,12.69,11.9,11.94,2026-07-16,12.47,1.7170922929505237
603998,方盛制药,2026-07-17,47.61871074661006,48.80798923678514,46.429432256434986,46.762430233684015,14455400.0,143666962.0,0.03292191679464598,10.01,10.26,9.76,9.83,2026-07-16,10.13,4.757113960700306
603999,读者传媒,2026-07-17,13.704687322179476,14.138541483216816,13.321874827146528,13.423958159155315,8389600.0,44844846.0,0.014565277777777778,5.37,5.54,5.22,5.26,2026-07-16,5.38,2.5520833002196417
605001,威奥股份,2026-07-17,7.8614716846731625,8.004667890222764,7.4032438269144345,7.489161550244196,5475068.0,29322847.0,0.013935513100492255,5.49,5.59,5.17,5.23,2026-07-16,5.49,1.4319620554960222
605003,众望布艺,2026-07-17,28.238340765608786,28.681295130559512,26.96484696637545,27.130954853231973,1069800.0,21333600.0,0.009725454545454546,20.4,20.72,19.48,19.6,2026-07-16,20.4,1.384232390471019
605005,合兴股份,2026-07-17,16.353321398023017,16.574170111436832,15.690775257781569,15.774908100986831,1544700.0,23661789.0,0.00385211970074813,15.55,15.76,14.92,15.0,2026-07-16,15.55,1.0516605400657888
605006,山东玻纤,2026-07-17,18.99243746364165,19.171611401977895,17.14950552646888,17.52065154159395,30559112.0,430584215.0,0.04675497403842389,14.84,14.98,13.4,13.69,2026-07-16,14.84,1.2798138452588714
605007,XD五洲特,2026-07-17,16.842308117793152,17.19296124711611,16.535486629635567,16.7765606560451,5264635.0,81017173.0,0.011093318591900124,15.37,15.69,15.09,15.31,2026-07-16,15.5,1.0957910291342325
605008,长鸿高科,2026-07-17,17.474114022181332,17.676293853842935,17.22860994087796,17.517438271823107,2836600.0,34377885.0,0.004391277168024206,12.1,12.24,11.93,12.13,2026-07-16,12.2,1.44414165472573
605009,豪悦护理,2026-07-17,57.795796681673096,58.69997135186807,56.20159397369776,56.820239800673264,1650880.0,39681149.0,0.007677156163497832,24.29,24.67,23.62,23.88,2026-07-16,24.42,2.3794070268288636
605011,杭州热电,2026-07-17,17.51295722634206,19.264252948976264,17.38786467472533,19.264252948976264,14597785.0,261492381.0,0.03648534116470882,16.8,18.48,16.68,18.48,2026-07-16,16.8,1.0424379301394082
605016,百龙创园,2026-07-17,80.51222531898476,80.92405255846805,73.78571374075756,73.78571374075756,4575237.0,101722661.0,0.01089310189758243,23.46,23.58,21.5,21.5,2026-07-16,23.69,3.4318936623608165
605018,长华集团,2026-07-17,13.088696679459728,13.339354484311997,12.227741610619331,12.44570491918652,8980100.0,105576963.0,0.01910392148020011,12.01,12.24,11.22,11.42,2026-07-16,12.09,1.0898165428359474
605020,永和股份,2026-07-17,50.34399142396559,52.5379822757266,49.327982237579626,49.740275820460894,23115005.0,801581143.0,0.04596122992240575,34.19,35.68,33.5,33.78,2026-07-16,34.57,1.4724770817187949
605028,世茂能源,2026-07-17,28.4868612187974,30.280744167084393,28.4868612187974,29.144618299835965,5823551.0,142402288.0,0.03639719375,23.82,25.32,23.82,24.37,2026-07-16,24.38,1.19592196552466
605033,美邦股份,2026-07-17,18.42353021577076,18.7886624680652,17.714130411312997,17.839318612099664,2028567.0,35425546.0,0.01500419378698225,17.66,18.01,16.98,17.1,2026-07-16,17.78,1.0432350065555358
605050,福然德,2026-07-17,12.674185567748799,12.674185567748799,11.898215022784585,11.933486411192051,5169123.0,53769592.0,0.010488670718546596,10.78,10.78,10.12,10.15,2026-07-16,10.77,1.175712946915473
605055,迎丰股份,2026-07-17,9.866677934840574,10.17277962878599,9.213660987757018,9.223864377555199,5608400.0,53210543.0,0.012746363636363636,9.67,9.97,9.03,9.04,2026-07-16,9.93,1.020338979818053
605056,咸亨国际,2026-07-17,16.410458292073816,16.410458292073816,15.24643412949278,15.31490613905637,5188298.0,71465321.0,0.01286163971033721,14.38,14.38,13.36,13.42,2026-07-16,14.25,1.1412001593931722
605058,澳弘电子,2026-07-17,27.376368469925865,27.59193042638198,25.673429013922604,26.17999961159446,3445468.0,85300564.0,0.024106805017900284,25.4,25.6,23.82,24.29,2026-07-16,25.56,1.077809782280546
605060,联德股份,2026-07-17,45.65531874093114,46.02891220355249,41.424922178895415,41.424922178895415,4931100.0,192501462.0,0.020637363961891753,41.55,41.89,37.7,37.7,2026-07-16,41.89,1.0988043018274645
605066,天正电气,2026-07-17,9.361622508785763,9.682926245436756,9.15715649455331,9.215575355762583,9158550.0,59163856.0,0.018228396067635867,6.41,6.63,6.27,6.31,2026-07-16,6.41,1.460471530231788
605068,明新旭腾,2026-07-17,16.263946934750205,16.554745475090566,15.05921012476871,15.111138435543774,3691200.0,55525405.0,0.022757301169779656,15.66,15.94,14.5,14.55,2026-07-16,15.62,1.0385662155012902
605069,正和生态,2026-07-17,14.920913884007026,15.369068541300523,13.64235500878734,14.037785588752193,6986000.0,76420686.0,0.03299987399962224,11.32,11.66,10.35,10.65,2026-07-16,11.34,1.3181019332161683
605077,华康股份,2026-07-17,31.130857378682393,31.595930878270547,29.85190525481495,30.11350909833329,5413947.0,57068060.0,0.018080866790411272,10.71,10.87,10.27,10.36,2026-07-16,10.7,2.9067093724259934
605080,浙江自然,2026-07-17,29.019947742199953,29.177898966922463,27.684541933182338,27.91428916914236,1809900.0,35744191.0,0.012895507840331968,20.21,20.32,19.28,19.44,2026-07-16,20.21,1.4359202247501213
605086,龙高股份,2026-07-17,34.20956801489491,34.522460405275055,32.13851838333115,32.63020642535708,1897500.0,42270374.0,0.010588727678571429,22.96,23.17,21.57,21.9,2026-07-16,22.97,1.4899637637149352
605088,冠盛股份,2026-07-17,26.649056134811264,27.361355895733247,24.308642634639043,24.817428178154742,12810900.0,292423043.0,0.06367439791027851,23.57,24.2,21.5,21.95,2026-07-16,23.67,1.130634541146002
605089,味知香,2026-07-17,31.06064616795079,31.506492763663005,29.158367359578687,29.440736870196417,2379514.0,48442822.0,0.01724285507246377,20.9,21.2,19.62,19.81,2026-07-16,20.7,1.4861553190407077
605090,九丰能源,2026-07-17,58.895895623810816,62.553343299809725,58.39358521337319,59.96330524599075,49686427.0,1919545662.0,0.07052452107127856,37.52,39.85,37.2,38.2,2026-07-16,37.82,1.5697200326175589
605098,行动教育,2026-07-17,94.51887687786865,97.5824057757214,94.03231640585675,95.41991478900181,964740.0,51241973.0,0.00808998826845203,52.45,54.15,52.18,52.95,2026-07-16,53.35,1.8020758222663231
605099,共创草坪,2026-07-17,34.78145889483509,35.21113165280106,32.93056086052014,33.21700936583078,2090800.0,64336130.0,0.005207896212835709,31.57,31.96,29.89,30.15,2026-07-16,31.59,1.101725020425565
605100,华丰股份,2026-07-17,96.99403472358202,99.90230881098765,88.48578606361868,88.48578606361868,7134535.0,214136218.0,0.02998903342849745,31.35,32.29,28.6,28.6,2026-07-16,31.78,3.0939086036230306
605108,同庆楼,2026-07-17,16.69699769693093,16.99759831013263,16.25976044136482,16.410060747965666,2867324.0,34888783.0,0.011028169230769231,12.22,12.44,11.9,12.01,2026-07-16,12.22,1.3663664236441022
605111,新洁能,2026-07-17,231.9944700411588,235.52738075244548,210.3259510119338,210.3259510119338,24073558.0,1358249425.0,0.05796212460266811,59.1,60.0,53.58,53.58,2026-07-16,59.11,3.925456345874091
605116,奥锐特,2026-07-17,22.024207746982572,22.139134827256203,20.24806196093559,20.300301542878152,6539293.0,130631539.0,0.016099367114694844,21.08,21.19,19.38,19.43,2026-07-16,21.19,1.0447916388511658
605117,德业股份,2026-07-17,633.9944524425157,643.8136348157108,614.4334040927649,619.6909190642396,12570630.0,1017161850.0,0.009873015693594826,82.0,83.27,79.47,80.15,2026-07-16,82.62,7.731639663933119
605118,力鼎光电,2026-07-17,32.34348154697933,32.66691636244913,29.756003023220988,29.820689986314946,3804700.0,109294331.0,0.00930543683360298,30.0,30.3,27.6,27.66,2026-07-16,30.17,1.0781160515659778
605122,四方新材,2026-07-17,15.379827810580798,15.679991736251985,14.750912918698312,15.151131486259892,4640680.0,49528418.0,0.02692528168768929,10.76,10.97,10.32,10.6,2026-07-16,10.75,1.4293520270056503
605123,派克新材,2026-07-17,82.41777046487562,83.05297486152206,77.60080379030678,78.0560336079034,2542076.0,192397578.0,0.02097926290746461,77.85,78.45,73.3,73.73,2026-07-16,78.45,1.0586739944107337
605128,上海沿浦,2026-07-17,73.582024787454,74.06385282628673,69.555319034352,73.65085736443011,3849298.0,80580889.0,0.012259428417969863,21.38,21.52,20.21,21.4,2026-07-16,21.38,3.4416288488051454
605133,嵘泰股份,2026-07-17,38.98625669369875,38.98625669369875,35.111846090598256,35.111846090598256,11960560.0,320672414.0,0.04239557650236933,28.98,28.98,26.1,26.1,2026-07-16,29.0,1.3452814594098947
605136,丽人丽妆,2026-07-17,7.947982262634145,8.102212190110874,7.567548441524878,7.639522407680684,11608500.0,88157338.0,0.02898802247923318,7.73,7.88,7.36,7.43,2026-07-16,7.73,1.0281995165115323
605138,盛泰集团,2026-07-17,5.943999862670898,6.136431512901251,5.6660430345603885,5.719496270735486,10809000.0,59506242.0,0.019455635319640483,5.56,5.74,5.3,5.35,2026-07-16,5.58,1.0690647235019601
605151,西上海,2026-07-17,19.45554245283019,19.605778301886794,18.242924528301888,18.360966981132076,1900298.0,33380726.0,0.014122916187646642,18.13,18.27,17.0,17.11,2026-07-16,18.1,1.0731132075471699
605155,西大门,2026-07-17,27.585003245960582,28.781564192338422,26.922621293501418,27.713206204501066,8840788.0,114856294.0,0.047320339241603934,12.91,13.47,12.6,12.97,2026-07-16,12.97,2.136715975674716
605158,华达新材,2026-07-17,9.522548649800772,9.766716563898228,9.134752550940108,9.17784100636907,4745860.0,31012302.0,0.009279770052012045,6.63,6.8,6.36,6.39,2026-07-16,6.65,1.4362818476320924
605162,新中港,2026-07-17,7.999947884794953,8.23231151630352,7.822908927455091,7.911428406125022,14992729.0,109207130.0,0.033855377424607244,7.23,7.44,7.07,7.15,2026-07-16,7.27,1.106493483374129
605166,聚合顺,2026-07-17,9.204027448133987,9.214945630160244,8.778218349109995,8.843727441267532,4070600.0,33494973.0,0.012933462258297782,8.43,8.44,8.04,8.1,2026-07-16,8.35,1.0918182026256213
605167,利柏特,2026-07-17,14.84761919294085,14.950727659558494,13.713426060146757,14.187725006587923,9708267.0,134299398.0,0.019039267338309143,14.4,14.5,13.3,13.76,2026-07-16,14.46,1.031084666176448
605168,三人行,2026-07-17,143.01624217096062,144.50378109398693,129.06171036923735,129.30963352307506,6028629.0,227748447.0,0.02859650502735107,40.38,40.8,36.44,36.51,2026-07-16,40.36,3.5417593405388956
605169,洪通燃气,2026-07-17,19.2507490922701,19.65180636502573,18.749427501325567,18.990061864978944,3981290.0,38156829.0,0.014074130373303167,9.6,9.8,9.35,9.47,2026-07-16,9.58,2.0052863637781355
605177,东亚药业,2026-07-17,17.18562874251497,17.426646706586826,16.0748502994012,16.08532934131737,2879799.0,45612604.0,0.025338674582551835,16.4,16.63,15.34,15.35,2026-07-16,16.39,1.0479041916167666
605178,时空科技,2026-07-17,138.42623806727752,141.16609966117917,124.55832323045222,124.55832323045222,2981500.0,278769633.0,0.03009184497375858,98.52,100.47,88.65,88.65,2026-07-16,98.5,1.405057227641875
605179,一鸣食品,2026-07-17,14.293115610005904,15.72549655875381,14.293115610005904,14.968380914415633,15895611.0,233387974.0,0.03963992768079801,13.97,15.37,13.97,14.63,2026-07-16,13.97,1.023129249105648
605180,华生科技,2026-07-17,21.205548430762587,21.549324386551397,19.812351136250022,20.228500977468062,2237900.0,25408931.0,0.013242011834319526,11.72,11.91,10.95,11.18,2026-07-16,11.67,1.809347135730596
605183,确成股份,2026-07-17,15.683532321124998,15.951055260504528,15.438302960027094,15.6055047971393,2230156.0,31505374.0,0.005407363676470772,14.07,14.31,13.85,14.0,2026-07-16,14.11,1.1146789140813786
605186,健麾信息,2026-07-17,32.821154712391134,32.89228414984833,29.264682839531417,29.264682839531417,4586000.0,136163887.0,0.03372058823529412,32.3,32.37,28.8,28.8,2026-07-16,32.0,1.016134820817063
605188,国光连锁,2026-07-17,12.305229975562213,12.864558610815042,11.644205224808871,11.745901340309386,7856055.0,94228431.0,0.015472396166197108,12.1,12.65,11.45,11.55,2026-07-16,12.15,1.0169611550051416
605189,富春染织,2026-07-17,25.485520900945616,25.7853505586038,24.01968701906116,24.5027459119549,29571155.0,441285300.0,0.12412602082686117,15.3,15.48,14.42,14.71,2026-07-16,15.78,1.6657203203232427
605196,华通线缆,2026-07-17,24.97450600587664,25.137938356017347,23.738548857937552,24.044984514451375,22474844.0,536772156.0,0.044507921862066896,24.45,24.61,23.24,23.54,2026-07-16,24.53,1.0214521883794128
605198,安德利,2026-07-17,53.22163612589422,58.236751837757325,51.87062536269844,52.454016374078435,4118800.0,219739260.0,0.015224591181949907,52.0,56.9,50.68,51.25,2026-07-16,53.83,1.0234930024210427
605208,永茂泰,2026-07-17,31.104084357816596,33.338676745052545,27.986467559495463,27.986467559495463,28849783.0,490307346.0,0.08743948293629145,17.26,18.5,15.53,15.53,2026-07-16,17.26,1.8020906348677053
605218,伟时电子,2026-07-17,14.094246414341685,14.177153746190752,12.95427060141699,13.151175514558528,4802849.0,62689856.0,0.0225662308924546,13.6,13.68,12.5,12.69,2026-07-16,13.6,1.0363416481133592
605222,起帆电缆,2026-07-17,19.542887029288703,19.667364016736403,18.16326708507671,18.360355648535563,9046800.0,164108511.0,0.021909978522490953,18.84,18.96,17.51,17.7,2026-07-16,18.98,1.0373082287308228
605228,神通科技,2026-07-17,13.712857343280128,13.764643058322726,12.407857324206642,12.407857324206642,13801838.0,172538654.0,0.02892646477927156,13.24,13.29,11.98,11.98,2026-07-16,13.31,1.0357143008519734
605255,天普股份,2026-07-17,88.37268803282555,88.4068483297072,80.41333885940138,80.41333885940138,1578400.0,114695440.0,0.011772076372315036,77.61,77.64,70.62,70.62,2026-07-16,78.47,1.138676562721628
605258,协和电子,2026-07-17,28.050215138299887,28.23626806742634,26.113075817395057,26.52895883544242,2388200.0,59261632.0,0.027138636363636365,25.63,25.8,23.86,24.24,2026-07-16,25.85,1.094428994861486
605259,绿田机械,2026-07-17,39.21307857749388,39.49994972071697,38.131795037653035,38.74967134613352,1101800.0,19354724.0,0.006387987012987013,17.77,17.9,17.28,17.56,2026-07-16,17.76,2.206701101716032
605266,健之佳,2026-07-17,51.30369783641234,52.365572126344,50.241823546480674,50.36318060818716,2295600.0,38727906.0,0.014854125191674897,16.91,17.26,16.56,16.6,2026-07-16,17.01,3.033926542661877
605268,王力安防,2026-07-17,10.144568104661586,10.554337777011453,9.978445264519747,10.05596925658594,4020004.0,37255931.0,0.009124966519123822,9.16,9.53,9.01,9.08,2026-07-16,9.27,1.107485600945588
605277,新亚电子,2026-07-17,36.758045083038084,37.057499625466086,34.63690874083969,34.88645419286303,8175824.0,117150802.0,0.021416038181301247,14.73,14.85,13.88,13.98,2026-07-16,14.89,2.4954545202334066
605286,同力天启,2026-07-17,24.073563633926355,24.79264410610857,22.92720346088224,23.17731840772823,2660000.0,60748484.0,0.015833333333333335,23.1,23.79,22.0,22.24,2026-07-16,23.4,1.0421456118582837
605287,德才股份,2026-07-17,52.008577921765465,52.78418223211491,46.809156433867344,46.809156433867344,3936000.0,133010131.0,0.028114285714285713,36.21,36.75,32.59,32.59,2026-07-16,36.21,1.4363042784248954
605288,凯迪股份,2026-07-17,97.27971145318482,97.27971145318482,89.27988057039225,90.38482958735254,1721765.0,107719609.0,0.01751924788171066,66.03,66.03,60.6,61.35,2026-07-16,65.7,1.4732653559470668
605289,罗曼股份,2026-07-17,192.80122935922105,207.06065681018498,185.1007761614324,186.04294925857363,6359800.0,680770034.0,0.04173138625184749,106.41,114.28,102.16,102.68,2026-07-16,106.9,1.8118713406561513
605296,神农集团,2026-07-17,42.548006910724006,42.96660044110561,41.467765541997274,41.71081984996079,4456520.0,138586941.0,0.00860357926828602,31.51,31.82,30.71,30.89,2026-07-16,31.74,1.3503017109084101
605298,必得科技,2026-07-17,81.68102389789887,82.28188742634974,76.10938027044521,76.47353998465788,1177600.0,50804468.0,0.006322650616640985,44.86,45.19,41.8,42.0,2026-07-16,45.2,1.8207985710632828
605299,舒华体育,2026-07-17,13.603866227349679,13.80929373749422,12.679442431699238,12.862044662938832,9418000.0,108308491.0,0.02310262470445051,11.92,12.1,11.11,11.27,2026-07-16,11.92,1.1412639452474562
605300,佳禾食品,2026-07-17,9.675281618682432,9.851951637498331,9.425865121530576,9.529788662010516,4791341.0,44434971.0,0.010544356940433071,9.31,9.48,9.07,9.17,2026-07-16,9.34,1.039235404799402
605303,园林股份,2026-07-17,21.337769785442866,21.337769785442866,18.96917524466643,19.193783347671097,5094400.0,99293226.0,0.03159564559608897,20.9,20.9,18.58,18.8,2026-07-16,20.55,1.0209459227484625
605305,中际联合,2026-07-17,79.61757546241836,80.9687875786213,77.01909062356658,77.43484819778288,4511651.0,170364195.0,0.021229300771692074,38.3,38.95,37.05,37.25,2026-07-16,38.3,2.0787878710814196
605318,法狮龙,2026-07-17,94.23122089863394,94.65989436358747,83.97603262166841,84.26181493163743,2070600.0,165347055.0,0.016468750557747092,85.73,86.12,76.4,76.66,2026-07-16,84.77,1.09916273065011
605319,无锡振华,2026-07-17,34.267885794346505,34.267885794346505,30.715726901030095,30.760502013130726,6563195.0,142108956.0,0.018851538155794198,22.96,22.96,20.58,20.61,2026-07-16,22.67,1.4925037366875655
605333,沪光股份,2026-07-17,16.795184561647016,17.038740108160326,16.09496236542125,16.176147547592354,3496200.0,56656299.0,0.007534257695654202,16.55,16.79,15.86,15.94,2026-07-16,16.53,1.0148147771387925
605337,李子园,2026-07-17,26.262768095189877,26.8715077530254,25.509090423583988,25.798966451124713,3967509.0,35841198.0,0.010170423014272605,9.06,9.27,8.8,8.9,2026-07-16,9.1,2.898760275407271
605338,巴比食品,2026-07-17,22.490473606460274,22.83754881643651,21.78475401284192,21.946722444164163,2189300.0,41942624.0,0.009138583731654616,19.44,19.74,18.83,18.97,2026-07-16,19.57,1.1569173665874626
605339,南侨食品,2026-07-17,13.309168370151037,13.510021586221622,12.886319494212957,12.981460491299025,1172000.0,14567425.0,0.00276225765030825,12.59,12.78,12.19,12.28,2026-07-16,12.59,1.0571221898451975
605358,立昂微,2026-07-17,75.3229875740239,75.3229875740239,68.58555451463884,68.88836049483592,56984977.0,2694725918.0,0.07379567893018738,49.75,49.75,45.3,45.5,2026-07-16,48.88,1.514029900985405
605365,立达信,2026-07-17,14.26952772552754,14.38853061027417,13.458144420436891,13.59878419331927,5820300.0,74865633.0,0.011593925730303378,13.19,13.3,12.44,12.57,2026-07-16,13.18,1.0818444067875315
605366,宏柏新材,2026-07-17,16.404761965312662,16.597759164904573,14.99588240829169,15.227479047801987,35806916.0,290662518.0,0.04633234031337127,8.5,8.6,7.77,7.89,2026-07-16,8.62,1.9299719959191366
605368,蓝天燃气,2026-07-17,13.121790281709256,13.394349723762563,12.966042029107365,13.04391615540831,6060740.0,41117581.0,0.008480877986659823,6.74,6.88,6.66,6.7,2026-07-16,6.72,1.9468531575236283
605369,拱东医疗,2026-07-17,51.320216069810115,51.88548221782542,48.13687513098711,49.237656577122166,3644953.0,60896127.0,0.016530927707806203,17.25,17.44,16.18,16.55,2026-07-16,17.42,2.9750849895542095
605376,博迁新材,2026-07-17,173.41030932925494,174.61150108764934,156.07136742547445,156.07136742547445,14273851.0,2233784918.0,0.054563650611620794,166.02,167.17,149.42,149.42,2026-07-16,166.02,1.0445145725168952
605377,华旺科技,2026-07-17,28.803792406689237,29.3810836047136,27.25422129620279,28.560722428573715,18281595.0,168836304.0,0.03284097615933747,9.48,9.67,8.97,9.4,2026-07-16,9.57,3.038374726444012
605378,野马电池,2026-07-17,29.60876483418052,29.60876483418052,27.758217032044236,28.06301314063139,2229176.0,29217657.0,0.008529583724895387,13.6,13.6,12.75,12.89,2026-07-16,13.45,2.177115061336803
605388,均瑶健康,2026-07-17,7.614146581510216,8.08634171834806,7.466585601248389,7.466585601248389,16973065.0,88833980.0,0.0282656407164887,5.16,5.48,5.06,5.06,2026-07-16,5.26,1.475609802618259
605389,长龄液压,2026-07-17,164.82789664987376,166.9498005902292,151.73614969711477,157.04090954800336,1683845.0,132551150.0,0.00950536568577241,82.34,83.4,75.8,78.45,2026-07-16,84.0,2.001796170146633
605398,新炬网络,2026-07-17,56.77530569674857,57.337437436320336,53.43062184629655,54.414352390547144,2713921.0,53482408.0,0.01667884337568746,20.2,20.4,19.01,19.36,2026-07-16,20.25,2.81065869785884
605399,晨光新材,2026-07-17,19.066917907026475,19.298572049822123,18.086842687506422,18.282857731410434,5364924.0,56166953.0,0.017248102379653286,10.7,10.83,10.15,10.26,2026-07-16,10.73,1.7819549445819136
605488,福莱新材,2026-07-17,59.949130874887885,61.17481591650662,53.6893822694779,54.477322653375666,9829540.0,255391104.0,0.035617789909023125,27.39,27.95,24.53,24.89,2026-07-16,27.17,2.188723288604888
605499,东鹏饮料,2026-07-17,238.39955543206443,243.13086968602389,225.96610169491524,228.18505140316753,8069698.0,1024648554.0,0.011937124648806858,130.0,132.58,123.22,124.43,2026-07-16,129.65,1.8338427340928034
605500,森林包装,2026-07-17,14.952960594177247,15.18336060333252,14.2387205657959,14.423040573120117,5789900.0,36787340.0,0.013971766409266409,6.49,6.59,6.18,6.26,2026-07-16,6.5,2.3040000915527346
605507,国邦医药,2026-07-17,26.08688907404893,26.198167698983937,25.228453967407464,25.43511427085819,12055995.0,195317940.0,0.015409919232101015,16.41,16.48,15.87,16.0,2026-07-16,16.41,1.5896946419286369
605555,德昌股份,2026-07-17,32.288770764809556,32.61629844796908,30.842190164188338,30.97866003217147,5488766.0,63508395.0,0.01133880819975597,11.83,11.95,11.3,11.35,2026-07-16,11.84,2.7293973596626846
605566,福莱蒽特,2026-07-17,26.505154411502,26.71476417355421,24.608186064929498,24.83875680318693,4543800.0,110933300.0,0.03407679616019199,25.29,25.49,23.48,23.7,2026-07-16,25.3,1.048048810261052
605567,春雪食品,2026-07-17,8.962328468781173,9.044646066657464,8.447843482054356,8.51987138019611,5619800.0,47508344.0,0.028099,8.71,8.79,8.21,8.28,2026-07-16,8.66,1.0289699734536364
605577,龙版传媒,2026-07-17,9.999022842735373,10.299511612102549,9.677810709963563,9.760704163582094,4695615.0,45102105.0,0.010565133736793584,9.65,9.94,9.34,9.42,2026-07-16,9.7,1.0361681702316448
605580,恒盛能源,2026-07-17,28.719357483795033,29.565001079014365,27.206956438498917,27.5159415982906,7517386.0,130808568.0,0.026847807142857144,17.66,18.18,16.73,16.92,2026-07-16,17.83,1.6262376831141014
605588,冠石科技,2026-07-17,47.54099133056916,48.00480588013569,43.225499434602334,43.225499434602334,2904100.0,130382830.0,0.03972800876328108,47.15,47.61,42.87,42.87,2026-07-16,47.63,1.0082924990576705
605589,圣泉集团,2026-07-17,49.04232728335144,49.08519645055717,44.17667680550145,44.84114889719022,36798480.0,1588384492.0,0.04350118638664266,45.76,45.8,41.22,41.84,2026-07-16,45.65,1.0717291801431696
605598,上海港湾,2026-07-17,41.31035034936148,42.139416204123755,37.79396758605943,38.365737141067896,6424500.0,177427665.0,0.026436442921114977,28.9,29.48,26.44,26.84,2026-07-16,28.9,1.4294238875211585
605599,菜百股份,2026-07-17,17.13189958017083,17.272709713706483,16.46305144587649,16.545190690438954,7199600.0,103187947.0,0.009256628306953478,14.6,14.72,14.03,14.1,2026-07-16,14.65,1.1734177794637557
