code,name,date,open,high,low,close,volume,amount,turnover,raw_open,raw_high,raw_low,raw_close,raw_prev_date,raw_prev_close,scale
000001,平安银行,2026-07-27,1600.5495930197294,1607.7527865076672,1590.4651221366169,1600.5495930197294,95715556.0,1062796332.0,0.004932367604153644,11.11,11.16,11.04,11.11,2026-07-24,11.1,144.06386975875154
000002,万  科Ａ,2026-07-27,507.85259988182366,521.1297920355968,506.19295086260195,519.4701430163751,86094393.0,268327130.0,0.008860240943866721,3.06,3.14,3.05,3.13,2026-07-24,3.07,165.9649019221646
000006,深振业Ａ,2026-07-27,313.79866342742196,337.33356318447863,312.22967011028487,331.5805876883092,25504600.0,160957481.0,0.01889236562428097,6.0,6.45,5.97,6.34,2026-07-24,6.05,52.29977723790366
000007,全新好,2026-07-27,108.6529834203942,110.66070159229278,107.47197273104209,109.95209517868153,6884100.0,63677716.0,0.019870511954744936,9.2,9.37,9.1,9.31,2026-07-24,9.34,11.810106893521109
000008,神州高铁,2026-07-27,61.31540443157328,62.12218606883083,61.046477219154106,62.12218606883083,15839988.0,36410384.0,0.005831464040902108,2.28,2.31,2.27,2.31,2026-07-24,2.28,26.892721241918107
000009,中国宝安,2026-07-27,63.706511593535026,65.05315330201626,62.98139682742975,64.74238983082827,30791022.0,191138012.0,0.011952941530687723,6.15,6.28,6.08,6.25,2026-07-24,6.08,10.358782372932524
000011,深物业A,2026-07-27,39.467918106780104,42.76083141723851,37.20992040818005,38.33891925748007,54609214.0,476935691.0,0.10372602246406723,8.39,9.09,7.91,8.15,2026-07-24,8.26,4.704161872083445
000012,南  玻Ａ,2026-07-27,141.3412018260847,145.1203783454987,140.20744887026046,144.74246069355732,24256739.0,92123034.0,0.012380203906178515,3.74,3.84,3.71,3.83,2026-07-24,3.74,37.79176519414029
000014,沙河股份,2026-07-27,101.27693703638978,110.92789659324436,101.27693703638978,108.95119403340667,10516220.0,97494044.0,0.043447155779633234,8.71,9.54,8.71,9.37,2026-07-24,8.79,11.627662116692282
000017,深中华A,2026-07-27,19.131809260597283,19.131809260597283,18.263643126082783,18.938883452927392,12438800.0,72412060.0,0.028217288117759816,5.95,5.95,5.68,5.89,2026-07-24,5.8,3.215430127831476
000019,深粮控股,2026-07-27,37.73163050184052,38.441114152302475,37.6026334744838,38.376615638624116,3803733.0,22546632.0,0.009139054411529035,5.85,5.96,5.83,5.95,2026-07-24,5.87,6.449851367835986
000020,深华发Ａ,2026-07-27,23.58277459308589,24.807217718375917,23.58277459308589,24.73375113085851,2877300.0,28742907.0,0.01588217255027479,9.63,10.13,9.63,10.1,2026-07-24,9.74,2.448886250580051
000021,深科技,2026-07-27,655.2733444355576,701.7601803381774,620.0898145229586,699.690560931554,233249209.0,9773369765.0,0.1481741779297317,41.16,44.08,38.95,43.95,2026-07-24,41.99,15.92014928171909
000025,特  力Ａ,2026-07-27,39.3096038979754,39.76014377073156,38.71827031498293,39.61935006049526,5453160.0,76324481.0,0.013883556505868247,13.96,14.12,13.75,14.07,2026-07-24,14.14,2.8158742047260312
000026,飞亚达,2026-07-27,165.66089342775132,174.42933391163987,165.03457625033073,172.23722379066774,5445200.0,88935840.0,0.014936331609800667,15.87,16.71,15.81,16.5,2026-07-24,15.93,10.438619623676832
000027,深圳能源,2026-07-27,152.513526914374,155.66063143800395,152.0293569876617,154.4502066212232,21393381.0,136288001.0,0.00449687357516146,6.3,6.43,6.28,6.38,2026-07-24,6.33,24.20849633561492
000028,国药一致,2026-07-27,114.60496147561695,117.4572502131883,114.37677837661124,116.54451781716547,2269969.0,46436067.0,0.004316694653777677,20.09,20.59,20.05,20.43,2026-07-24,20.16,5.704577475142705
000029,深深房Ａ,2026-07-27,44.849520333412336,46.42856282544524,44.77881693824668,46.05147805122843,5183700.0,100432963.0,0.005813538792813404,19.03,19.7,19.0,19.54,2026-07-24,19.24,2.3567798388550885
000030,富奥股份,2026-07-27,17.812865269212836,18.027996492270965,17.76983902460121,17.898917758436088,7323021.0,30521134.0,0.004382664670073286,4.14,4.19,4.13,4.16,2026-07-24,4.13,4.302624461162521
000031,大悦城,2026-07-27,39.04836371369151,40.55747921953466,38.85972427546112,40.368839781304274,35599680.0,75462147.0,0.008305447811886671,2.07,2.15,2.06,2.14,2026-07-24,2.06,18.863943823039378
000032,深桑达Ａ,2026-07-27,61.87527818253028,66.03827494410278,60.47300558915849,65.90681188847418,45542385.0,661615452.0,0.040021104130343564,14.12,15.07,13.8,15.04,2026-07-24,14.15,4.382101854286847
000034,神州数码,2026-07-27,110.82253553353623,113.71028287183456,107.13961139193835,112.91510606853502,47412552.0,1258060000.0,0.05583545014767876,26.48,27.17,25.6,26.98,2026-07-24,26.67,4.1851410699975915
000035,中国天楹,2026-07-27,21.846328061237774,22.374481047333635,21.606258522103296,22.374481047333635,43148388.0,198896458.0,0.01865452126389386,4.55,4.66,4.5,4.66,2026-07-24,4.57,4.801390782689621
000036,华联控股,2026-07-27,43.24307095343683,45.113636363636374,42.91297117516631,44.34340354767186,19600774.0,78944312.0,0.013970802721308821,3.93,4.1,3.9,4.03,2026-07-24,3.94,11.003325942350337
000037,深南电A,2026-07-27,47.97617742650091,50.443523694149526,47.20855858767689,50.27903394297295,30401489.0,273451915.0,0.08970421336872542,8.75,9.2,8.61,9.17,2026-07-24,8.97,5.482991705885818
000039,中集集团,2026-07-27,423.1057010664799,425.6699780426404,412.3357377666058,422.5928456712478,32141726.0,263103234.0,0.013966119000584087,8.25,8.3,8.04,8.24,2026-07-24,8.09,51.285539523209685
000042,中洲控股,2026-07-27,106.8371186672067,109.88169976912192,106.14516841677143,108.63618931833841,4647234.0,36516962.0,0.006997347572660818,7.72,7.94,7.67,7.85,2026-07-24,7.74,13.83900500870553
000045,深纺织Ａ,2026-07-27,26.677155423392577,27.906517424470575,26.615687323338676,27.814315274389728,5187800.0,46404998.0,0.011351317253981,8.68,9.08,8.66,9.05,2026-07-24,8.74,3.0734050026949973
000048,京基智农,2026-07-27,198.71566414141842,207.8545785887523,195.92940973674345,207.8545785887523,12618585.0,229833700.0,0.023840014056227744,17.83,18.65,17.58,18.65,2026-07-24,18.04,11.145017618699857
000049,德赛电池,2026-07-27,232.37799585927618,240.43117901431583,231.98989064698512,239.46091598358814,11953832.0,293587904.0,0.031086471426354057,23.95,24.78,23.91,24.68,2026-07-24,23.63,9.702630307276667
000050,深天马Ａ,2026-07-27,52.5355707271679,53.73150241851806,52.27929965045001,53.56065503403946,22371313.0,139238252.0,0.00918454420168771,6.15,6.29,6.12,6.27,2026-07-24,6.15,8.54236922392974
000055,方大集团,2026-07-27,33.71148745190187,34.54644689343504,33.50274759151857,34.33770703305174,9518000.0,31214186.0,0.014082914295735124,3.23,3.31,3.21,3.29,2026-07-24,3.21,10.436993019164664
000058,深 赛 格,2026-07-27,28.425216853252277,29.374305896766547,28.235399044549425,29.32685144459083,7497000.0,46004843.0,0.007613182076604608,5.99,6.19,5.95,6.18,2026-07-24,6.0,4.745445217571332
000059,华锦股份,2026-07-27,7.923946482151974,8.15543255915866,7.78149351168632,8.10201269523404,24243380.0,109198953.0,0.015157673594656135,4.45,4.58,4.37,4.55,2026-07-24,4.5,1.7806621308206683
000060,中金岭南,2026-07-27,254.38303190099973,259.33854550946074,253.14415349888446,258.925586042089,71571005.0,444076204.0,0.016115544301920234,6.16,6.28,6.13,6.27,2026-07-24,6.11,41.29594673717528
000061,农 产 品,2026-07-27,131.9980028180733,135.09542887698117,130.80668510310875,134.1423747050095,14987670.0,84034686.0,0.008352878485031889,5.54,5.67,5.49,5.63,2026-07-24,5.54,23.82635429929121
000062,深圳华强,2026-07-27,179.21877661051883,184.053515700477,176.80140706553973,184.053515700477,21207000.0,462952420.0,0.020295720583050545,21.5,22.08,21.21,22.08,2026-07-24,21.61,8.335757051652038
000063,中兴通讯,2026-07-27,594.7845649789609,603.8639376586513,585.0199566253317,603.8639376586513,141024793.0,4903200293.0,0.03501441294418125,34.72,35.25,34.15,35.25,2026-07-24,35.0,17.130891848472377
000065,北方国际,2026-07-27,162.9825248909773,168.60887040503104,162.9825248909773,166.6124252226249,14413200.0,132070406.0,0.014783341035238073,8.98,9.29,8.98,9.18,2026-07-24,8.89,18.149501658238005
000066,中国长城,2026-07-27,164.8252832812545,169.3753256078592,160.61649412914517,169.14782349152895,93786196.0,1370262927.0,0.029076033764882724,14.49,14.89,14.12,14.87,2026-07-24,14.49,11.375105816511699
000068,华控赛格,2026-07-27,6.04339704962039,6.227928257242387,5.974197846762141,6.204861856289637,9093400.0,24268963.0,0.009033135759970246,2.62,2.7,2.59,2.69,2026-07-24,2.62,2.306640095274958
000069,华侨城Ａ,2026-07-27,77.91358513253932,79.81391647723541,77.4385022963653,79.33883364106138,43819302.0,72872766.0,0.006351910632193077,1.64,1.68,1.63,1.67,2026-07-24,1.64,47.50828361740203
000070,特发信息,2026-07-27,46.21286985265073,49.22207998259078,46.1770459225324,48.935488541644105,47089083.0,631776645.0,0.05496392753640188,12.9,13.74,12.89,13.66,2026-07-24,13.0,3.58239301183339
000088,盐 田 港,2026-07-27,38.758109453562135,39.20669868334873,38.66839160760481,39.02726299143409,18259278.0,79408317.0,0.00577298064937035,4.32,4.37,4.31,4.35,2026-07-24,4.33,8.971784595731975
000089,深圳机场,2026-07-27,49.658034577025326,50.18954259237575,49.20245627815354,49.3543157111108,18950600.0,123372251.0,0.009240889286217966,6.54,6.61,6.48,6.5,2026-07-24,6.54,7.5929716478632
000090,天健集团,2026-07-27,31.671112600795055,32.3574834621126,31.3769536602304,32.06332452154793,14737471.0,48182073.0,0.007887616709835336,3.23,3.3,3.2,3.27,2026-07-24,3.24,9.805298018821999
000096,广聚能源,2026-07-27,21.11444253023915,21.54418016653981,20.65605571818511,21.400934287772923,6699200.0,49702649.0,0.01311388123277374,7.37,7.52,7.21,7.47,2026-07-24,7.44,2.8649175753377407
000099,中信海直,2026-07-27,54.81995669483831,56.03278759516658,54.57739051477265,55.87107680845615,5949154.0,82008308.0,0.00766870715468131,13.56,13.86,13.5,13.82,2026-07-24,13.56,4.042769667760937
000100,TCL科技,2026-07-27,19.75594548795045,19.990669592757783,19.208255910066676,19.951548908623224,504234535.0,2531120523.0,0.02506761274851098,5.05,5.11,4.91,5.1,2026-07-24,5.04,3.9120684134555344
000151,中成股份,2026-07-27,25.110800212986412,25.893765030317834,25.110800212986412,25.865802001127427,4608700.0,42212526.0,0.014966485020468382,8.98,9.26,8.98,9.25,2026-07-24,9.0,2.796302919040803
000153,丰原药业,2026-07-27,44.116707048739414,45.558984009948205,43.94702740624426,45.134784903710326,6464753.0,34401317.0,0.014088465523925474,5.2,5.37,5.18,5.32,2026-07-24,5.2,8.48398212475758
000155,川能动力,2026-07-27,18.406703841885978,19.279435489561607,18.105214727234397,19.136624856305595,62122551.0,735218481.0,0.033649450912315554,11.6,12.15,11.41,12.06,2026-07-24,11.66,1.5867848139556877
000156,华数传媒,2026-07-27,13.042740528289777,13.344190617541466,12.96235383782266,13.303997272307909,7748824.0,51096046.0,0.00455846459429461,6.49,6.64,6.45,6.62,2026-07-24,6.48,2.0096672616779316
000157,中联重科,2026-07-27,705.2918615053304,714.8228326067538,701.4794730647611,711.0104441661845,45553448.0,339293930.0,0.006443504516816458,7.4,7.5,7.36,7.46,2026-07-24,7.39,95.30971101423384
000158,常山北明,2026-07-27,35.49956186339658,36.87847046470207,35.08882313109282,36.84913198382323,29775093.0,370273248.0,0.018751102438576812,12.1,12.57,11.96,12.56,2026-07-24,12.14,2.933848087884015
000159,国际实业,2026-07-27,16.15563206715582,16.707129547359937,16.090750010661218,16.642247490865334,6709877.0,34165006.0,0.013959469151226436,4.98,5.15,4.96,5.13,2026-07-24,5.03,3.2441028247300845
000166,申万宏源,2026-07-27,7.312336468464249,7.391303384970342,7.264956318560592,7.359716618367905,63462224.0,294925827.0,0.0028160991944895073,4.63,4.68,4.6,4.66,2026-07-24,4.64,1.579338330121868
000301,东方盛虹,2026-07-27,26.12240785922045,26.78692525213044,26.00783589492562,26.764010859271476,22238300.0,257719205.0,0.0033651702431126166,11.4,11.69,11.35,11.68,2026-07-24,11.6,2.2914392858965305
000333,美的集团,2026-07-27,471.179017774644,474.09479891522255,466.5249824925667,471.7397449170629,22819203.0,1919459061.0,0.003315927780395724,84.03,84.55,83.2,84.13,2026-07-24,84.5,5.607271424189504
000338,潍柴动力,2026-07-27,643.5454663660374,660.2549050888484,636.1190491558992,660.2549050888484,81348873.0,2280805485.0,0.01641291973834688,27.73,28.45,27.41,28.45,2026-07-24,27.62,23.207553781681842
000400,许继电气,2026-07-27,185.00695260612744,190.11116975175105,184.08652000609698,186.59679073345285,20395091.0,454019466.0,0.020159202945105755,22.11,22.72,22.0,22.3,2026-07-24,22.19,8.367569091186226
000401,金隅冀东,2026-07-27,26.273398787981993,26.795881150242998,26.198758450516134,26.721240812777143,6883186.0,24512504.0,0.0026158335975723854,3.52,3.59,3.51,3.58,2026-07-24,3.52,7.464033746585794
000402,金 融 街,2026-07-27,88.24800322520521,89.74373209342903,87.87407100814926,89.36979987637308,29453775.0,70268412.0,0.009855197531171379,2.36,2.4,2.35,2.39,2026-07-24,2.36,37.39322170559543
000403,派林生物,2026-07-27,101.04028552408067,105.87218015594425,100.61078377902612,103.83204686693519,12073087.0,116888974.0,0.012834372172758369,9.41,9.86,9.37,9.67,2026-07-24,9.44,10.737543626363514
000404,长虹华意,2026-07-27,33.9549746377657,35.26996673991984,33.86104663046898,35.08211072532639,10310877.0,76603521.0,0.014884447176296537,7.23,7.51,7.21,7.47,2026-07-24,7.23,4.6964003648361965
000407,胜利股份,2026-07-27,48.43406277414729,50.247102557136756,47.91605140757887,49.98809687385255,13128700.0,50164545.0,0.01499095494601613,3.74,3.88,3.7,3.86,2026-07-24,3.78,12.950284164210505
000408,藏格矿业,2026-07-27,538.0662978785736,550.5218548444288,537.6534064874403,548.6638435843289,11296022.0,895078491.0,0.007199971044138851,78.19,80.0,78.13,79.73,2026-07-24,77.27,6.88152318555536
000409,云鼎科技,2026-07-27,19.6498145090969,20.00665133432263,19.554658022370038,20.00665133432263,5598647.0,46768738.0,0.009481615830310302,8.26,8.41,8.22,8.41,2026-07-24,8.29,2.3789121681715373
000410,沈阳机床,2026-07-27,13.522618798648612,13.903950782124603,13.346619421659693,13.845284323128295,12969700.0,60630301.0,0.006580202620570958,4.61,4.74,4.55,4.72,2026-07-24,4.6,2.933322949815317
000411,英特集团,2026-07-27,31.24423810368026,32.03392763816888,30.969563482988566,31.930924655409502,3226300.0,29903218.0,0.005723069603992746,9.1,9.33,9.02,9.3,2026-07-24,9.08,3.4334327586461826
000415,渤海租赁,2026-07-27,99.22925617243624,104.05793043873483,99.22925617243624,103.57506301210498,61925520.0,262965424.0,0.011482757066677231,4.11,4.31,4.11,4.29,2026-07-24,4.12,24.143371331493
000417,合百集团,2026-07-27,125.87822584511441,125.87822584511441,115.2037522934487,119.63466584319674,72623922.0,429673891.0,0.09322382915618208,6.25,6.25,5.72,5.94,2026-07-24,6.36,20.140516135218306
000419,通程控股,2026-07-27,80.41499862670898,82.35909749460744,80.0615261052729,81.65215245173528,5481200.0,25336467.0,0.01008347111443429,4.55,4.66,4.53,4.62,2026-07-24,4.54,17.673626071804172
000420,吉林化纤,2026-07-27,24.500228322253072,25.257257849064263,24.500228322253072,25.18843698299052,36618494.0,133240340.0,0.014897462575159249,3.56,3.67,3.56,3.66,2026-07-24,3.58,6.882086607374458
000421,南京公用,2026-07-27,56.88864039845637,58.55856134948738,56.7773123350543,58.335905222683245,5521800.0,28794327.0,0.009614897447266667,5.11,5.26,5.1,5.24,2026-07-24,5.16,11.132806340206725
000422,湖北宜化,2026-07-27,186.67312745429783,192.53874025726086,184.32688233311262,190.4857757762238,20757276.0,267781247.0,0.019622010962860915,12.73,13.13,12.57,12.99,2026-07-24,12.86,14.664032007407528
000423,东阿阿胶,2026-07-27,616.4412498075362,632.6281572555919,611.4513008949777,630.4374479769077,5747616.0,296565086.0,0.008998924946477204,50.65,51.98,50.24,51.8,2026-07-24,50.88,12.170607103801308
000425,徐工机械,2026-07-27,442.18149963458,446.1606357392781,433.7258354120965,437.7049715167946,90160764.0,794600549.0,0.01001724453812309,8.89,8.97,8.72,8.8,2026-07-24,8.89,49.739201308726656
000426,兴业银锡,2026-07-27,520.1920473227254,533.9613659037518,509.1445707867858,533.6411491925651,59134033.0,1927407014.0,0.033311092264641656,32.49,33.35,31.8,33.33,2026-07-24,31.37,16.010835559332886
000428,华天酒店,2026-07-27,42.913460686584656,44.1018334440593,41.72508792911,44.1018334440593,35708095.0,117270153.0,0.03504483642580521,3.25,3.34,3.16,3.34,2026-07-24,3.04,13.204141749718355
000429,粤高速Ａ,2026-07-27,72.28099220909063,76.90536723220352,71.72807780415322,75.6990085305219,14352839.0,213771737.0,0.011012437398946633,14.38,15.3,14.27,15.06,2026-07-24,14.38,5.026494590340099
000430,张家界,2026-07-27,31.04764904190218,32.6873034206057,30.99475696516981,32.42284303694384,10133144.0,61374978.0,0.027345747228399612,5.87,6.18,5.86,6.13,2026-07-24,5.85,5.2892076732371684
000498,山东路桥,2026-07-27,15.865533837863746,16.091262977833352,15.833286817868089,16.026768937842036,7846099.0,38948464.0,0.0054135378089953945,4.92,4.99,4.91,4.97,2026-07-24,4.93,3.224701999565802
000501,武商集团,2026-07-27,58.330155265148456,59.723114196853494,57.89485559899063,59.374874463927235,5775846.0,39366088.0,0.00751775598850883,6.7,6.86,6.65,6.82,2026-07-24,6.71,8.705993323156486
000503,国新健康,2026-07-27,60.47251993121627,63.89733902117189,59.88540808722389,63.79948704717315,20870250.0,134139999.0,0.02131280023728552,6.18,6.53,6.12,6.52,2026-07-24,6.2,9.785197399873184
000505,京粮控股,2026-07-27,17.55682526612764,18.161075466491496,17.523255810551866,18.026797644188417,5555816.0,29776184.0,0.008785560972914249,5.23,5.41,5.22,5.37,2026-07-24,5.25,3.356945557576986
000506,招金黄金,2026-07-27,34.41459587378682,35.45249638426611,33.294755849322335,34.742353929727656,66586140.0,838432948.0,0.07169768591838949,12.6,12.98,12.19,12.72,2026-07-24,12.04,2.7313171328402244
000507,珠海港,2026-07-27,27.524990963871417,29.130615436763918,27.524990963871417,28.95858424323972,24291706.0,120839929.0,0.026920359139801665,4.8,5.08,4.8,5.05,2026-07-24,4.83,5.734373117473212
000509,华塑控股,2026-07-27,29.546021517005922,32.05361743911344,29.436995607349075,31.399461981172344,30753800.0,87800143.0,0.02865817635631437,2.71,2.94,2.7,2.88,2026-07-24,2.75,10.902590965684842
000510,新金路,2026-07-27,165.20318676655447,173.74817918551418,161.67125656671777,172.9506465597446,36071049.0,532502278.0,0.059463288917740796,14.5,15.25,14.19,15.18,2026-07-24,14.5,11.393323225279618
000513,丽珠集团,2026-07-27,306.72539843523435,315.758810437343,305.18561229851133,314.7322863461943,5538810.0,168405050.0,0.009749026662969501,29.88,30.76,29.73,30.66,2026-07-24,29.96,10.265240911487094
000514,渝 开 发,2026-07-27,18.853065610198634,19.48501194350138,18.695079026872943,19.37968755461759,8212500.0,30100795.0,0.009733091491243717,3.58,3.7,3.55,3.68,2026-07-24,3.59,5.266219444189562
000516,国际医学,2026-07-27,180.07788188888364,188.1210627176675,179.63103850950674,187.22737595891377,29919800.0,124623959.0,0.013635652381447174,4.03,4.21,4.02,4.19,2026-07-24,4.05,44.68433793768825
000517,荣安地产,2026-07-27,24.705240708621435,25.307807555173177,24.554598996983497,25.307807555173177,16358587.0,27259791.0,0.006564476794483458,1.64,1.68,1.63,1.68,2026-07-24,1.65,15.064171163793558
000518,四环生物,2026-07-27,29.631541896737573,32.74155795587038,29.372373891809836,31.272939261279888,62456791.0,226330966.0,0.060665007949364996,3.43,3.79,3.4,3.62,2026-07-24,3.47,8.638933497591129
000519,中兵红箭,2026-07-27,115.90686014170115,121.87883914755078,113.635825871871,120.28070392063327,69765689.0,982915770.0,0.050098911357996614,13.78,14.49,13.51,14.3,2026-07-24,14.17,8.411238036407921
000520,凤凰航运,2026-07-27,26.91343319726601,27.770094200892515,26.413714278483884,27.627317366954763,25596114.0,97110681.0,0.025290517173803616,3.77,3.89,3.7,3.87,2026-07-24,3.8,7.1388416968875354
000521,长虹美菱,2026-07-27,31.807742334181267,32.40663288022233,31.608112152167575,32.2735460922132,7613726.0,36778052.0,0.008699116307531661,4.78,4.87,4.75,4.85,2026-07-24,4.76,6.654339400456331
000523,红棉股份,2026-07-27,17.73921786373374,18.478351941389313,17.67202385667414,18.343963927270117,21795720.0,59168570.0,0.016447611961625582,2.64,2.75,2.63,2.73,2026-07-24,2.65,6.71940070595975
000524,岭南控股,2026-07-27,40.689038860755495,42.38858102447255,40.63905232652852,42.138648353337686,12411800.0,103916268.0,0.018525977754455844,8.14,8.48,8.13,8.43,2026-07-24,8.09,4.998653422697235
000525,红太阳,2026-07-27,36.809270250838715,37.74007938361854,36.386175190484245,37.57084135947676,16525705.0,72513168.0,0.014864453592212107,4.35,4.46,4.3,4.44,2026-07-24,4.36,8.46190120708936
000526,学大教育,2026-07-27,75.23876693092834,76.44518564212424,74.00914785990176,75.93477772584905,4018101.0,130778582.0,0.033078002216927804,32.43,32.95,31.9,32.73,2026-07-24,32.48,2.3200359830690207
000528,柳    工,2026-07-27,130.00524205671576,132.46687977613286,129.08212791193435,131.08220855896073,31473763.0,268260706.0,0.015466201498947636,8.45,8.61,8.39,8.52,2026-07-24,8.49,15.385235746356894
000529,广弘控股,2026-07-27,16.183340051623226,16.619744727172616,16.037871826440096,16.474276501989486,3128029.0,14163909.0,0.005488883581028578,4.45,4.57,4.41,4.53,2026-07-24,4.46,3.6367056295782527
000530,冰山冷热,2026-07-27,51.79459801791957,53.25202177167055,51.57037897888095,53.02780273263194,9008927.0,42444752.0,0.015011957882027034,4.62,4.75,4.6,4.73,2026-07-24,4.62,11.210951951930642
000531,穗恒运Ａ,2026-07-27,96.23256384344035,98.25496448463349,95.22136352284377,97.41229755080302,9754800.0,56479873.0,0.010722559362668693,5.71,5.83,5.65,5.78,2026-07-24,5.72,16.853338676609518
000532,华金资本,2026-07-27,45.518249270302455,47.14390102995611,45.14667172523876,47.097453836823156,4881600.0,49059326.0,0.014209295907906158,9.8,10.15,9.72,10.14,2026-07-24,9.79,4.644719313296169
000533,顺钠股份,2026-07-27,22.974056684236043,23.930360332142794,22.95128754976207,23.930360332142794,65149590.0,675427076.0,0.09512244372336846,10.09,10.51,10.08,10.51,2026-07-24,9.55,2.276913447397031
000534,万泽股份,2026-07-27,109.38692567797074,117.92315398912372,108.41889978701525,116.77912339072178,14642462.0,378884671.0,0.02913702208665234,24.86,26.8,24.64,26.54,2026-07-24,24.98,4.400117686161333
000536,华映科技,2026-07-27,11.154037197797722,11.715482023190225,11.041748232719222,11.64062271313789,59710576.0,183288382.0,0.02161013131321193,2.98,3.13,2.95,3.11,2026-07-24,2.97,3.742965502616685
000537,绿发电力,2026-07-27,52.02384777081171,54.07091912135926,51.81208176903093,53.78856445231822,22875648.0,172972724.0,0.011127814770269702,7.37,7.66,7.34,7.62,2026-07-24,7.4,7.058866726026013
000538,云南白药,2026-07-27,1634.3458858566648,1652.6264422722516,1624.724540374777,1639.4772701136715,8902099.0,455458153.0,0.005021113117183868,50.96,51.53,50.66,51.12,2026-07-24,51.0,32.07115160629248
000539,粤电力Ａ,2026-07-27,99.13495487780781,103.21385284236878,96.65214742111854,101.6177623344971,103096583.0,582714007.0,0.04034480377133686,5.59,5.82,5.45,5.73,2026-07-24,5.66,17.734338976352024
000541,佛山照明,2026-07-27,162.37636003437382,164.7394255650196,161.70119845418932,164.40184477492735,4778700.0,23207363.0,0.003911942002960967,4.81,4.88,4.79,4.87,2026-07-24,4.8,33.75807900922533
000543,皖能电力,2026-07-27,47.28877832593146,48.275245670409824,47.227124116901564,48.151937252350024,23839446.0,185233714.0,0.010516490197705704,7.67,7.83,7.66,7.81,2026-07-24,7.71,6.16542090298976
000544,中原环保,2026-07-27,30.31700833073436,30.741616290548567,30.23208673877152,30.699155494567147,4310219.0,31012552.0,0.00442216845868178,7.14,7.24,7.12,7.23,2026-07-24,7.15,4.246079598142067
000545,金浦钛业,2026-07-27,11.860929286177006,12.212736510767003,11.710154761352724,12.162478335825574,27423314.0,65694742.0,0.027829539110764072,2.36,2.43,2.33,2.42,2026-07-24,2.38,5.0258174941427995
000546,金圆股份,2026-07-27,8.484803054946608,8.755816420338023,8.443108691040237,8.693274874478465,16743778.0,69489637.0,0.024032801615092282,4.07,4.2,4.05,4.17,2026-07-24,4.02,2.084718195318577
000547,航天发展,2026-07-27,159.9835130382976,164.84201451885326,156.62883344458055,164.61065730549348,65814698.0,925546887.0,0.04141578610579135,13.83,14.25,13.54,14.23,2026-07-24,13.83,11.567860667989702
000548,湖南投资,2026-07-27,15.745432638241748,16.134208752766238,15.706555026789301,16.01757591840889,5439000.0,22376928.0,0.010895087615724573,4.05,4.15,4.04,4.12,2026-07-24,4.05,3.8877611452448764
000550,江铃汽车,2026-07-27,64.98241638006019,66.06746600421704,64.98241638006019,65.30391256499554,2614300.0,42631379.0,0.005042402627025612,16.17,16.44,16.17,16.25,2026-07-24,16.2,4.018702311692033
000551,创元科技,2026-07-27,125.81013261751362,130.14493686635421,124.49961040274783,130.14493686635421,15505254.0,196987115.0,0.031999470714103924,12.48,12.91,12.35,12.91,2026-07-24,12.53,10.080940113582821
000552,甘肃能化,2026-07-27,20.029121357941644,20.747297024162663,19.70993217295453,20.66749972791588,67861300.0,172937387.0,0.0182138207494872,2.51,2.6,2.47,2.59,2026-07-24,2.55,7.9797296246779466
000553,安道麦A,2026-07-27,21.482974516594748,21.821956363010447,21.39822905499082,21.73721090140652,6123400.0,31352817.0,0.0028126768934120683,5.07,5.15,5.05,5.13,2026-07-24,5.09,4.237273080196203
000554,泰山石油,2026-07-27,36.20075360650804,37.15654908126733,35.006009263058935,36.917600212577504,38970270.0,235421603.0,0.10846019960039663,6.06,6.22,5.86,6.18,2026-07-24,6.46,5.973721717245551
000555,神州信息,2026-07-27,31.442023227006494,32.34302982145629,31.069192912061755,32.18768385689598,22269556.0,228938855.0,0.022849204044933135,10.12,10.41,10.0,10.36,2026-07-24,10.13,3.1069192912061756
000557,西部创业,2026-07-27,27.18770651915128,27.731460649534306,27.032348196184703,27.653781488051017,6628846.0,23543960.0,0.004546794945480125,3.5,3.57,3.48,3.56,2026-07-24,3.52,7.767916148328937
000558,天府文旅,2026-07-27,23.43461531859177,24.47615377719585,23.360219714405766,24.401758173009842,37703119.0,122332676.0,0.02925705697572823,3.15,3.29,3.14,3.28,2026-07-24,3.14,7.439560418600562
000559,万向钱潮,2026-07-27,451.07522576999827,465.9506454365162,451.07522576999827,465.07562075025044,28376264.0,299376368.0,0.008561640725953772,10.31,10.65,10.31,10.63,2026-07-24,10.32,43.7512343132879
000560,我爱我家,2026-07-27,10.867115438898916,11.389572911922901,10.814869691596515,11.285081417318105,76206221.0,163330475.0,0.032588539809438134,2.08,2.18,2.07,2.16,2026-07-24,2.09,5.224574730239863
000561,烽火电子,2026-07-27,17.94904600570613,18.570657988587726,17.79364300998573,18.51885699001426,9584986.0,68059587.0,0.012347850046150237,6.93,7.17,6.87,7.15,2026-07-24,6.96,2.590049928673323
000563,陕国投Ａ,2026-07-27,58.447960562760244,59.232496946153006,58.05569237106387,58.840228754456625,35381107.0,106019801.0,0.006918520156193678,2.98,3.02,2.96,3.0,2026-07-24,2.98,19.613409584818875
000564,供销大集,2026-07-27,16.177710843373514,16.795180722891587,16.177710843373514,16.671686746987973,189022711.0,253612658.0,0.012522306699231508,1.31,1.36,1.31,1.35,2026-07-24,1.31,12.34939759036146
000565,渝三峡Ａ,2026-07-27,41.49907463399052,42.75424513331727,41.10683385295091,42.44045250848558,9373900.0,50481386.0,0.02161916097110783,5.29,5.45,5.24,5.41,2026-07-24,5.25,7.844815620792159
000566,海南海药,2026-07-27,44.2307009254956,48.13608108934839,42.68671341885612,48.13608108934839,85150640.0,442374633.0,0.06566538146484327,4.87,5.3,4.7,5.3,2026-07-24,4.82,9.082279450820451
000567,海德股份,2026-07-27,90.71471595988905,94.40366928912667,90.21167686953845,94.06830989555962,20005703.0,111073085.0,0.010267022855364948,5.41,5.63,5.38,5.61,2026-07-24,5.43,16.767969678352873
000568,泸州老窖,2026-07-27,3123.3097029576543,3164.0517754352013,3099.0139716637036,3129.663971142226,8174161.0,684743054.0,0.005556646390180852,83.56,84.65,82.91,83.73,2026-07-24,83.01,37.3780481445387
000570,苏常柴Ａ,2026-07-27,28.529261213680822,29.192732404696653,28.468945650861198,29.072101279057414,9083400.0,43668115.0,0.016346090482735266,4.73,4.84,4.72,4.82,2026-07-24,4.74,6.031556281962119
000571,新大洲A,2026-07-27,64.24445068867924,66.96667317548767,63.04667279448351,66.96667317548767,21906786.0,131349293.0,0.026912773053155366,5.9,6.15,5.79,6.15,2026-07-24,5.96,10.888889947233768
000572,海马汽车,2026-07-27,15.821028502462164,16.519015054041375,15.72796362891827,16.47248261726943,42315053.0,148405667.0,0.025766463068508313,3.4,3.55,3.38,3.54,2026-07-24,3.4,4.653243677194754
000573,粤宏远Ａ,2026-07-27,29.653113948574113,31.920705015229785,29.5658989075489,30.961339563952382,17894900.0,63446737.0,0.028271555484349915,3.4,3.66,3.39,3.55,2026-07-24,3.41,8.721504102521799
000576,甘化科工,2026-07-27,40.21940246664314,42.581494357541224,39.5809992528869,42.45381371478998,18035700.0,118061706.0,0.041574609335838925,6.3,6.67,6.2,6.65,2026-07-24,6.39,6.384032137562403
000581,威孚高科,2026-07-27,113.33700498082803,114.47775636310988,112.80018080093066,114.41065334062273,5198400.0,88370862.0,0.0065478842458261514,16.89,17.06,16.81,17.05,2026-07-24,16.88,6.710302248716875
000582,北部湾港,2026-07-27,62.96633476867208,67.18545304409625,62.96633476867208,66.49116775826695,52816912.0,649407186.0,0.024488005895257656,11.79,12.58,11.79,12.45,2026-07-24,11.72,5.34065604484072
000586,汇源通信,2026-07-27,39.626478567281374,41.98285984977581,39.626478567281374,41.9435868284009,4632600.0,48783071.0,0.024230346775458968,10.09,10.69,10.09,10.68,2026-07-24,10.22,3.927302137490721
000589,贵州轮胎,2026-07-27,34.07230465014246,34.55445990462561,33.991945441061944,34.47410069554509,14655040.0,62717839.0,0.009490925723159807,4.24,4.3,4.23,4.29,2026-07-24,4.23,8.035920908052468
000590,古汉医药,2026-07-27,40.13384770518351,41.373503232756754,39.56567225504578,41.2185462918101,3665600.0,29068330.0,0.01531426536561198,7.77,8.01,7.66,7.98,2026-07-24,7.71,5.165231364888483
000591,太阳能,2026-07-27,68.46193019093565,69.86868218116034,67.99301286086073,69.71237640446871,40947940.0,181873395.0,0.010490337062202051,4.38,4.47,4.35,4.46,2026-07-24,4.39,15.630577669163388
000592,平潭发展,2026-07-27,35.644508840687585,37.8560294621901,34.60379325409817,37.8560294621901,176955022.0,1002244295.0,0.092400250490466,5.48,5.82,5.32,5.82,2026-07-24,5.52,6.504472416183866
000593,德龙汇能,2026-07-27,109.17561936368125,114.9251433038392,104.01411491740308,112.83440732559994,21294954.0,357165304.0,0.059402939500347925,16.71,17.59,15.92,17.27,2026-07-24,17.6,6.533549931997681
000596,古井贡酒,2026-07-27,322.7582527128449,329.1726326920893,320.7189989622181,325.35366657727906,5397141.0,472948247.0,0.013208861967694567,87.05,88.78,86.5,87.75,2026-07-24,87.52,3.707734092048764
000597,东北制药,2026-07-27,23.05853985307554,23.622193049484057,22.904816254055035,23.57095184981055,9920092.0,45422365.0,0.0070395016274357215,4.5,4.61,4.47,4.6,2026-07-24,4.5,5.12411996735012
000598,兴蓉环境,2026-07-27,222.7769894507369,227.10275623618807,222.46800610891896,227.10275623618807,27941874.0,203094068.0,0.009365127665280781,7.21,7.35,7.2,7.35,2026-07-24,7.26,30.898334181794297
000599,青岛双星,2026-07-27,27.101403583990077,28.1678940028045,27.038668853471574,28.105159272286006,14333571.0,63772487.0,0.017549690152379456,4.32,4.49,4.31,4.48,2026-07-24,4.32,6.273473051849554
000600,建投能源,2026-07-27,64.17791923585736,66.52404600037572,63.799511693193104,66.37268298331003,31769318.0,274841535.0,0.029144802962389436,8.48,8.79,8.43,8.77,2026-07-24,8.57,7.568150853285066
000601,韶能股份,2026-07-27,72.41609804679062,75.80877469195529,71.48018724812451,75.69178584212202,67750529.0,430329578.0,0.06463912325097534,6.19,6.48,6.11,6.47,2026-07-24,6.24,11.698884983326433
000603,盛达资源,2026-07-27,98.85503150032294,101.37162736986178,91.18727846032175,98.0292734806305,73609035.0,1793611214.0,0.11040532305282764,25.14,25.78,23.19,24.93,2026-07-24,24.8,3.932181046154452
000605,渤海股份,2026-07-27,18.918490364059753,19.68992395172044,18.845020498568257,19.5797191534832,5037000.0,26715860.0,0.014282935394174422,5.15,5.36,5.13,5.33,2026-07-24,5.17,3.6734932745747093
000607,华媒控股,2026-07-27,12.255421784994729,12.794968656032232,12.1783436605608,12.717890531598304,11443000.0,37378784.0,0.012929454900915587,3.18,3.32,3.16,3.3,2026-07-24,3.19,3.8539062216964557
000608,阳光股份,2026-07-27,73.26450700358953,75.5398022521482,72.01309461688226,75.5398022521482,28694660.0,185569809.0,0.03849423012813509,6.44,6.64,6.33,6.64,2026-07-24,6.52,11.376476242793405
000612,焦作万方,2026-07-27,113.33074939414654,115.2809917355372,112.7890154104269,115.06429814204932,23908223.0,252099022.0,0.02005387951069534,10.46,10.64,10.41,10.62,2026-07-24,10.41,10.834679674392593
000617,中油资本,2026-07-27,53.55752388408317,55.074055856955866,53.158436522800876,54.9942383846994,79574774.0,542313797.0,0.006294437291741292,6.71,6.9,6.66,6.89,2026-07-24,6.83,7.981747225645777
000619,海螺新材,2026-07-27,39.908186230836876,41.14638771293921,39.81293996298284,40.7654026415231,7275065.0,31112358.0,0.02020851388888889,4.19,4.32,4.18,4.28,2026-07-24,4.18,9.524626785402594
000620,盈新发展,2026-07-27,8.91656090892709,9.082914657227969,8.783477910286388,9.082914657227969,149489809.0,403479612.0,0.031998682917202176,2.68,2.73,2.64,2.73,2026-07-24,2.69,3.327074966017571
000623,吉林敖东,2026-07-27,445.74216136948047,455.5691507948109,443.7263686668485,454.30928035566603,11548870.0,206963258.0,0.009697057279518926,17.69,18.08,17.61,18.03,2026-07-24,17.67,25.197408782898837
000625,长安汽车,2026-07-27,110.95750758764046,113.59197354991684,110.95750758764046,112.50719344780303,53077125.0,384500835.0,0.006420199997568442,7.16,7.33,7.16,7.26,2026-07-24,7.2,15.496858601625762
000626,远大控股,2026-07-27,70.58060262664668,73.72958335922016,69.92908937163149,73.29524118921002,12199024.0,81585776.0,0.02421827472951527,6.5,6.79,6.44,6.75,2026-07-24,6.43,10.858554250253336
000628,高新发展,2026-07-27,107.2801480628189,110.91004218265836,105.48045265886485,110.69651899913839,8499793.0,303409900.0,0.044214812546607134,35.17,36.36,34.58,36.29,2026-07-24,35.76,3.0503311931424193
000629,钒钛股份,2026-07-27,24.743648783483003,25.23524445467803,24.66171617161716,25.23524445467803,84024876.0,255993414.0,0.009044225670052256,3.02,3.08,3.01,3.08,2026-07-24,3.02,8.193261186583776
000630,铜陵有色,2026-07-27,196.670265905835,198.93084367486762,194.4096881368024,198.93084367486762,184371907.0,1124534346.0,0.01654600005668658,6.09,6.16,6.02,6.16,2026-07-24,6.01,32.29396812903695
000631,顺发恒能,2026-07-27,61.47002801469472,63.88492197241487,61.47002801469472,63.66538615807667,12430064.0,35772245.0,0.005404375452446994,2.8,2.91,2.8,2.9,2026-07-24,2.82,21.953581433819544
000633,合金投资,2026-07-27,35.393340782726185,36.37439287265249,35.0914786012104,35.921599600378805,8309000.0,39582463.0,0.0215760796171412,4.69,4.82,4.65,4.76,2026-07-24,4.69,7.546554537894708
000635,英 力 特,2026-07-27,26.346458672801763,27.434780545688582,26.346458672801763,27.34408705628135,4463800.0,26703581.0,0.012168917286627721,5.81,6.05,5.81,6.03,2026-07-24,5.87,4.534674470361749
000636,风华高科,2026-07-27,813.7671913668765,879.3615179792531,795.2815175033886,879.3615179792531,128292748.0,5540606803.0,0.11088274245922514,40.94,44.24,40.01,44.24,2026-07-24,40.22,19.877068670417113
000637,茂化实华,2026-07-27,59.13945682026244,61.733292645712545,58.27484487844574,61.04160309225918,11701101.0,40909228.0,0.032093922777027155,3.42,3.57,3.37,3.53,2026-07-24,3.44,17.292238836334047
000650,仁和药业,2026-07-27,145.9001079733086,151.9908145680198,145.34640737378942,150.8834133689814,23093451.0,124925818.0,0.01734542340038147,5.27,5.49,5.25,5.45,2026-07-24,5.26,27.68502997595989
000651,格力电器,2026-07-27,10054.660306906813,10116.83357123347,10002.434764872422,10044.712584614548,35925504.0,1451920838.0,0.0065058751110719315,40.43,40.68,40.22,40.39,2026-07-24,40.46,248.69305730662413
000652,泰达股份,2026-07-27,98.45708469168123,100.15951266905898,97.60587070299233,99.87577467282937,8316401.0,29127152.0,0.005703108524997561,3.47,3.53,3.44,3.52,2026-07-24,3.45,28.37379962296289
000655,金岭矿业,2026-07-27,40.480106200116126,41.49528127723503,40.480106200116126,41.30493595027523,4732300.0,30717061.0,0.007948900076851853,6.38,6.54,6.38,6.51,2026-07-24,6.38,6.3448442319931235
000657,中钨高新,2026-07-27,340.08030767627287,356.07627528972904,328.55113856619687,356.07627528972904,54121885.0,3090142265.0,0.037253787926254056,56.34,58.99,54.43,58.99,2026-07-24,55.51,6.036214193757061
000659,珠海中富,2026-07-27,40.741730989744966,44.351757786304645,40.56982495181355,43.32032155871617,38014822.0,95038607.0,0.029567354351922714,2.37,2.58,2.36,2.52,2026-07-24,2.39,17.190603793141335
000661,长春高新,2026-07-27,622.4316878402236,655.9641853762483,620.1472354533412,651.0689302615001,11018391.0,868313406.0,0.02757254585373374,76.29,80.4,76.01,79.8,2026-07-24,75.41,8.158758524580202
000663,永安林业,2026-07-27,19.774288968315233,20.52521133420062,19.56569942223596,20.441775515768914,6969694.0,33912020.0,0.022754380626055407,4.74,4.92,4.69,4.9,2026-07-24,4.72,4.171790921585492
000665,湖北广电,2026-07-27,21.799224355054953,23.24848026785639,21.497296039887985,22.584237974489067,19688638.0,73420793.0,0.017314480274012996,3.61,3.85,3.56,3.74,2026-07-24,3.6,6.038566303339322
000668,荣丰控股,2026-07-27,69.3012371104777,76.24312673614524,67.10493304811959,74.59589868937667,9726803.0,182261791.0,0.06623997416541015,17.67,19.44,17.11,19.02,2026-07-24,17.67,3.9219715399251665
000670,盈方微,2026-07-27,67.17007115278173,72.58533270308351,66.64937292679117,72.16877412229105,102025300.0,687040999.0,0.12285542843052805,6.45,6.97,6.4,6.93,2026-07-24,6.34,10.41396451981112
000672,上峰水泥,2026-07-27,156.48357157972174,156.48357157972174,148.03641521914295,148.03641521914295,43479665.0,618430440.0,0.04485235101939049,14.82,14.82,14.02,14.02,2026-07-24,15.58,10.558945450723463
000676,智度股份,2026-07-27,74.63471910945269,82.6437325131109,71.61683000082785,82.6437325131109,124872696.0,828321773.0,0.09918178407095861,6.43,7.12,6.17,7.12,2026-07-24,6.47,11.607265802403218
000678,襄阳轴承,2026-07-27,34.27917959373955,35.855751585567255,34.1890897656351,35.765661757462816,9084819.0,71676654.0,0.019766287678642854,7.61,7.96,7.59,7.94,2026-07-24,7.66,4.504491405222017
000679,大连友谊,2026-07-27,30.933877604556034,32.90838043037876,30.574877090770087,32.48954649762848,9049261.0,48679353.0,0.02539074354657688,5.17,5.5,5.11,5.43,2026-07-24,5.14,5.983341896432502
000680,山推股份,2026-07-27,56.645801670431986,57.891359450948165,56.320873553775584,57.40396727596357,16065749.0,169650195.0,0.012220286815449186,10.46,10.69,10.4,10.6,2026-07-24,10.47,5.41546861093996
000681,视觉中国,2026-07-27,81.27128349406694,84.47797708600618,80.43018353552549,84.37283959118851,21162962.0,335504264.0,0.0312999040932715,15.46,16.07,15.3,16.05,2026-07-24,15.5,5.256874740884019
000682,东方电子,2026-07-27,193.64215964289895,198.1610345870288,192.63796521087008,197.15684015499994,14999840.0,176554428.0,0.011188906593384097,11.57,11.84,11.51,11.78,2026-07-24,11.66,16.736573867147705
000683,博源化工,2026-07-27,49.962976270072815,50.94908764382426,49.22339273975924,50.78473574819901,66687405.0,407248114.0,0.019953671373390706,6.08,6.2,5.99,6.18,2026-07-24,6.04,8.217594781261976
000685,中山公用,2026-07-27,194.09243022947857,195.340039973837,190.34960099640318,194.98358004687742,17635973.0,191061638.0,0.0141474639043784,10.89,10.96,10.68,10.94,2026-07-24,10.92,17.822996347977828
000686,东北证券,2026-07-27,120.26358740380124,121.78206704273812,119.35249962043912,121.63021907884443,14670236.0,116754696.0,0.006268118408184255,7.92,8.02,7.86,8.01,2026-07-24,7.91,15.184796389368843
000688,国城矿业,2026-07-27,139.43907392229355,143.4989463118355,137.63468619360822,141.94516798991205,24053071.0,676776084.0,0.02029686452569213,27.82,28.63,27.46,28.32,2026-07-24,27.74,5.0121881352370075
000690,宝新能源,2026-07-27,268.2245518358334,278.9309940309612,266.5340609629185,277.8040001156845,70060423.0,342889918.0,0.03221956660483699,4.76,4.95,4.73,4.93,2026-07-24,4.79,56.34969576383054
000691,亚太实业,2026-07-27,38.72924008539744,40.014685955469524,38.10725014826579,39.39269601833787,6060500.0,57442259.0,0.018747486621090728,9.34,9.65,9.19,9.5,2026-07-24,9.4,4.1465995808776706
000692,惠天热电,2026-07-27,45.909039427939334,47.04728007491304,45.5296258789481,46.6678665259218,10274200.0,37909782.0,0.019282214995642463,3.63,3.72,3.6,3.69,2026-07-24,3.62,12.647118299707806
000695,滨海能源,2026-07-27,33.67370109557206,35.282233411022254,33.67370109557206,34.33293565108443,6083800.0,79615102.0,0.027427834966863976,12.77,13.38,12.77,13.02,2026-07-24,12.91,2.636938222049496
000697,炼石航空,2026-07-27,32.268289871916856,34.244722626571765,32.106948422557274,34.083381177212175,12290100.0,101966990.0,0.018817886581181137,8.0,8.49,7.96,8.45,2026-07-24,8.02,4.033536233989607
000700,模塑科技,2026-07-27,211.1599729134964,224.08407671705316,208.17748742036795,216.13078206871054,40350539.0,438139034.0,0.043954098682326116,10.62,11.27,10.47,10.87,2026-07-24,10.53,19.883236620856536
000701,厦门信达,2026-07-27,7.70935075172263,8.041499650322924,7.674387709764703,7.989055087386036,11804701.0,53601074.0,0.0176784134160611,4.41,4.6,4.39,4.57,2026-07-24,4.41,1.748152097896288
000702,正虹科技,2026-07-27,12.641626682994671,13.076607386065454,12.560067801168898,12.967862210297758,6633501.0,31555796.0,0.02487862264344891,4.65,4.81,4.62,4.77,2026-07-24,4.65,2.7186293941924022
000703,恒逸石化,2026-07-27,138.4622323045644,151.72636069211399,137.22170231148425,150.86753223536618,95422724.0,1462725836.0,0.025095460114515446,14.51,15.9,14.38,15.81,2026-07-24,15.05,9.542538408309056
000705,浙江震元,2026-07-27,35.52532198641428,36.98127780552962,35.46708375364967,36.748324874471166,5583300.0,35033505.0,0.01980136738490899,6.1,6.35,6.09,6.31,2026-07-24,6.12,5.823823276461358
000707,双环科技,2026-07-27,14.045351631130648,14.349217411611841,13.809011579645276,14.247928818118108,7867601.0,33084100.0,0.014286453106809151,4.16,4.25,4.09,4.22,2026-07-24,4.14,3.376286449791021
000708,中信特钢,2026-07-27,65.34833091635377,65.89863265038622,64.75217070448528,65.16489700500962,13903710.0,198121162.0,0.0027547721415450595,14.25,14.37,14.12,14.21,2026-07-24,14.26,4.585847783603773
000709,河钢股份,2026-07-27,23.79970112948344,24.264085541766047,23.79970112948344,24.147989438695397,64008648.0,132576514.0,0.006193139231907793,2.05,2.09,2.05,2.08,2026-07-24,2.06,11.609610307065095
000710,贝瑞基因,2026-07-27,26.541894794687106,27.698939085604774,26.22633726080047,27.663877137395147,9364900.0,73151252.0,0.028418966978000355,7.57,7.9,7.48,7.89,2026-07-24,7.58,3.5061948209626297
000712,锦龙股份,2026-07-27,111.58993845682966,114.5441847216314,111.32137061457495,114.2756168793767,13496483.0,114051960.0,0.015067510127516913,8.31,8.53,8.29,8.51,2026-07-24,8.38,13.428392112735217
000713,国投丰乐,2026-07-27,36.00060059224715,36.58756690625119,35.93538211291337,36.326692988916065,3844260.0,21430921.0,0.006260857023390537,5.52,5.61,5.51,5.57,2026-07-24,5.54,6.521847933378108
000715,中兴商业,2026-07-27,30.76421800186891,31.738650246271998,30.76421800186891,31.599445639928703,4097956.0,18541826.0,0.008425889405045838,4.42,4.56,4.42,4.54,2026-07-24,4.45,6.960230317164912
000716,黑芝麻,2026-07-27,17.35755837244379,17.681998715853954,17.195338200738707,17.64144367292768,10705800.0,46436665.0,0.014551377971170192,4.28,4.36,4.24,4.35,2026-07-24,4.28,4.055504292627053
000717,中南股份,2026-07-27,11.532760033240686,11.748325641338642,11.371085827167217,11.694434239314152,12378444.0,26662625.0,0.005107543890483481,2.14,2.18,2.11,2.17,2026-07-24,2.14,5.389140202448918
000718,苏宁环球,2026-07-27,17.501871118404594,17.993496711618207,17.40354599976187,17.895171592975483,15774752.0,28645612.0,0.006913202813623382,1.78,1.83,1.77,1.82,2026-07-24,1.78,9.832511864272243
000719,中原传媒,2026-07-27,57.438802770814895,58.32896366204286,57.01714761181218,57.251400477924804,4043160.0,49693779.0,0.006060368568276358,12.26,12.45,12.17,12.22,2026-07-24,12.27,4.6850573222524385
000720,新能泰山,2026-07-27,23.89163290149008,25.598178108739372,23.59484243066412,25.152992402500427,46361600.0,154992175.0,0.036896486383627844,3.22,3.45,3.18,3.39,2026-07-24,3.23,7.419761770649093
000721,西安饮食,2026-07-27,26.240162497829395,28.60414110123745,26.240162497829395,27.75310880401055,15501700.0,90274921.0,0.030255466237248025,5.55,6.05,5.55,5.87,2026-07-24,5.56,4.727957206816107
000722,湖南发展,2026-07-27,53.219987329248205,55.989157401664364,52.35462168161815,55.72954770737535,36840895.0,466419685.0,0.07937140503290642,12.3,12.94,12.1,12.88,2026-07-24,12.77,4.32682823815026
000723,美锦能源,2026-07-27,23.71233518051263,24.259017259602253,23.507329400854015,24.122346739829847,40951200.0,143714899.0,0.009317305975613525,3.47,3.55,3.44,3.53,2026-07-24,3.49,6.833525988620353
000725,京东方Ａ,2026-07-27,32.57406983612077,33.76166613222934,31.725786767471792,33.76166613222934,1627477521.0,9510987829.0,0.046016663821729246,5.76,5.97,5.61,5.97,2026-07-24,5.79,5.655220457659856
000726,鲁  泰Ａ,2026-07-27,51.27764152116957,52.2586050980963,51.27764152116957,51.8127125631296,4717200.0,27484796.0,0.008004902858759334,5.75,5.86,5.75,5.81,2026-07-24,5.76,8.917850699333838
000727,冠捷科技,2026-07-27,12.813459135081674,13.172714998682094,12.813459135081674,13.112839021415356,62872573.0,137158007.0,0.013880482014640613,2.14,2.2,2.14,2.19,2026-07-24,2.14,5.987597726673679
000728,国元证券,2026-07-27,22.653341344446158,22.84238174509522,22.46430094379709,22.81087501165371,22758247.0,163858025.0,0.005215262455712368,7.19,7.25,7.13,7.24,2026-07-24,7.19,3.150673344151065
000729,燕京啤酒,2026-07-27,106.50547100447992,107.19371314344262,105.12898672655449,106.6775315392206,20169290.0,249601076.0,0.008036833128161275,12.38,12.46,12.22,12.4,2026-07-24,12.42,8.603026737033918
000731,四川美丰,2026-07-27,80.61586427119978,81.32302097533311,79.62584488541312,81.04015829367978,4797035.0,27386262.0,0.008740540488340656,5.7,5.75,5.63,5.73,2026-07-24,5.71,14.143134082666627
000733,振华科技,2026-07-27,91.64940966116826,94.51641549596695,91.64940966116826,94.49272123286946,11261322.0,444573803.0,0.020323820765586743,38.68,39.89,38.68,39.88,2026-07-24,38.84,2.369426309750989
000735,罗 牛 山,2026-07-27,29.682509619971984,30.354335969395215,29.37713400659778,30.354335969395215,15986489.0,78822400.0,0.013890453983836338,4.86,4.97,4.81,4.97,2026-07-24,4.85,6.107512267483947
000736,中交地产,2026-07-27,17.4554506821334,18.186569035311763,17.318365990912458,18.003789447017173,7620700.0,29967164.0,0.010200396614153642,3.82,3.98,3.79,3.94,2026-07-24,3.83,4.569489707364765
000737,北方铜业,2026-07-27,51.17513683177942,51.88755172966962,50.18567169582081,51.847973124231274,33574252.0,433962856.0,0.01762854287393372,12.93,13.11,12.68,13.1,2026-07-24,12.73,3.9578605438344487
000738,航发控制,2026-07-27,32.458082753943515,33.65681876474256,32.43964066146968,33.56460830237341,13070458.0,235634669.0,0.009938121198297636,17.6,18.25,17.59,18.2,2026-07-24,17.69,1.8442092473831542
000739,普洛药业,2026-07-27,265.21528679719114,276.9936073440802,263.99683984406465,276.1813093753292,19043317.0,381727923.0,0.016445294007967702,19.59,20.46,19.5,20.4,2026-07-24,19.68,13.538299479182804
000750,国海证券,2026-07-27,51.99672370834021,52.96732921756256,51.7194078485624,52.96732921756256,36758324.0,139240559.0,0.006341792688087105,3.75,3.82,3.73,3.82,2026-07-24,3.76,13.865792988890723
000751,锌业股份,2026-07-27,15.130178003465169,15.375911752941402,14.989758718050178,15.375911752941402,32835990.0,142522575.0,0.023290103652972658,4.31,4.38,4.27,4.38,2026-07-24,4.26,3.5104821353747493
000753,漳州发展,2026-07-27,49.062492094583256,50.975479171665626,48.38732018502476,50.86295052007254,25012931.0,111719022.0,0.025227845222271523,4.36,4.53,4.3,4.52,2026-07-24,4.41,11.252865159308085
000755,山西高速,2026-07-27,13.019608204188469,13.221686380306693,12.990739893314437,13.135081447684597,3849002.0,17505199.0,0.0026231685777776737,4.51,4.58,4.5,4.55,2026-07-24,4.54,2.886831087403208
000756,新华制药,2026-07-27,27.551560818547934,29.391183668233584,27.423215038337304,29.284228851391394,17448895.0,235724566.0,0.03497478271722849,12.88,13.74,12.82,13.69,2026-07-24,12.9,2.1390963368437834
000757,浩物股份,2026-07-27,17.50955617976707,18.17903921016993,17.35506009582795,18.024543126230807,12107000.0,42132793.0,0.022726927370197065,3.4,3.53,3.37,3.5,2026-07-24,3.4,5.149869464637374
000758,中色股份,2026-07-27,98.22409604566863,99.96257562169816,98.05024808806567,99.78872766409522,22711107.0,129536650.0,0.011454329480739805,5.65,5.75,5.64,5.74,2026-07-24,5.62,17.384795760295333
000759,中百集团,2026-07-27,45.99306586304171,48.6943587576253,44.215899485026185,48.05457886153972,79915413.0,530988699.0,0.12187689292621647,6.47,6.85,6.22,6.76,2026-07-24,6.56,7.108665512062088
000761,本钢板材,2026-07-27,5.23248662602909,5.374545086464268,5.1614573958115,5.350868676391738,15405600.0,34450901.0,0.004154255506099935,2.21,2.27,2.18,2.26,2026-07-24,2.2,2.3676410072529817
000762,西藏矿业,2026-07-27,129.43273994772082,130.09188816041757,126.43661170819026,130.09188816041757,14391537.0,309700209.0,0.027633486794364746,21.6,21.71,21.1,21.71,2026-07-24,21.21,5.992256479061149
000766,通化金马,2026-07-27,52.26645701722768,55.975018622561464,51.88520302041766,55.628424080006916,23367987.0,368997870.0,0.024190270387715478,15.08,16.15,14.97,16.05,2026-07-24,15.05,3.465945425545602
000767,晋控电力,2026-07-27,36.72888786110926,38.68913749414598,36.316203727838364,38.58596646082827,193029769.0,707153045.0,0.06628208609472223,3.56,3.75,3.52,3.74,2026-07-24,3.65,10.317103331772262
000768,中航西飞,2026-07-27,173.8187145567153,178.89559780366884,172.18378605345907,178.55140232929912,21123039.0,434493715.0,0.0076080292533922305,20.2,20.79,20.01,20.75,2026-07-24,20.31,8.604886859243331
000776,广发证券,2026-07-27,143.27276819851753,144.3267287921618,139.78152373207087,144.260856255059,50568313.0,1094056695.0,0.008565022129097865,21.75,21.91,21.22,21.9,2026-07-24,21.7,6.587253710276667
000777,中核科技,2026-07-27,123.87033374933011,131.241758518462,122.65442863277227,130.40582375082852,12556023.0,210703498.0,0.0327482223135029,16.3,17.27,16.14,17.16,2026-07-24,16.63,7.59940697848651
000778,新兴铸管,2026-07-27,60.13891019679081,60.942906322416356,59.8173117465406,60.460508647041024,37951637.0,142554351.0,0.00974738365245854,3.74,3.79,3.72,3.76,2026-07-24,3.74,16.07992251251091
000779,甘咨询,2026-07-27,28.797131113443346,30.271000028698317,28.797131113443346,30.07259459779861,101659798.0,1064930153.0,0.2187299970229553,10.16,10.68,10.16,10.61,2026-07-24,9.99,2.834363298567258
000782,恒申新材,2026-07-27,21.24210769243173,22.26539859455884,21.100964119724544,22.194826808205246,13507491.0,83506481.0,0.025575606168825548,6.02,6.31,5.98,6.29,2026-07-24,6.04,3.5285893176796894
000783,长江证券,2026-07-27,59.16749732709444,59.57743379818286,57.117814971652365,59.23582007227584,106761277.0,913948167.0,0.01930558204274885,8.66,8.72,8.36,8.67,2026-07-24,8.7,6.832274518140236
000785,居然智家,2026-07-27,15.161871597614697,15.890807732115405,15.161871597614697,15.817914118665334,48161197.0,103558511.0,0.00829724305787746,2.08,2.18,2.08,2.17,2026-07-24,2.09,7.289361345007066
000786,北新建材,2026-07-27,236.89405606414044,244.80727214687684,236.89405606414044,243.67681270648592,17471079.0,338359934.0,0.010340928029856401,18.86,19.49,18.86,19.4,2026-07-24,19.0,12.560660448787935
000788,北大医药,2026-07-27,19.701644084434534,20.785033881338265,19.661518536401065,20.664657237237854,19952700.0,101986465.0,0.03347839092410381,4.91,5.18,4.9,5.15,2026-07-24,4.97,4.012554803347156
000789,万年青,2026-07-27,27.486737100549682,28.134330383023368,27.41478229138594,27.918465955532138,3147549.0,12201497.0,0.003947164795665483,3.82,3.91,3.81,3.88,2026-07-24,3.83,7.195480916374263
000790,华神科技,2026-07-27,46.34206781386762,48.672115916240855,46.34206781386762,48.154327449046804,17968215.0,66516827.0,0.028859288869824053,3.58,3.76,3.58,3.72,2026-07-24,3.59,12.944711679851292
000791,甘肃能源,2026-07-27,30.67765009008826,31.96106055269654,30.67765009008826,31.878259877689555,26766764.0,204775016.0,0.013828434353775808,7.41,7.72,7.41,7.7,2026-07-24,7.48,4.140033750349293
000792,盐湖股份,2026-07-27,204.38213470319633,207.87195585996952,203.47174657534242,205.9753139269406,55917914.0,1515641799.0,0.010567447017537885,26.94,27.4,26.82,27.15,2026-07-24,26.85,7.586567732115676
000795,英洛华,2026-07-27,38.7881303058887,39.265229079638864,38.549580919013614,39.21751920226385,8984497.0,73564938.0,0.008048828516470456,8.13,8.23,8.08,8.22,2026-07-24,8.12,4.7709877375016845
000796,凯撒旅业,2026-07-27,14.420394332785358,15.25635922164248,14.420394332785358,15.130964488313912,46804202.0,167715092.0,0.03517098045038386,3.45,3.65,3.45,3.62,2026-07-24,3.45,4.179824444285611
000797,中国武夷,2026-07-27,16.038435033456807,16.541883666794014,15.894592566789033,16.39804120012624,20220834.0,46051714.0,0.012875284366975433,2.23,2.3,2.21,2.28,2026-07-24,2.23,7.192123333388703
000798,中水渔业,2026-07-27,17.099593821192265,17.60590750095839,16.984522530336328,17.559878984616017,5054790.0,38324989.0,0.013817084898090953,7.43,7.65,7.38,7.63,2026-07-24,7.42,2.301425817118744
000799,酒鬼酒,2026-07-27,82.61194132791496,83.92324198391361,82.37153620764853,83.7046918745805,4433846.0,169176398.0,0.013646876438815934,37.8,38.4,37.69,38.3,2026-07-24,38.04,2.1855010933310837
000800,一汽解放,2026-07-27,17.255390836618943,17.448960926132298,17.200085096757984,17.33834944641038,12442400.0,77883733.0,0.002528512326006718,6.24,6.31,6.22,6.27,2026-07-24,6.26,2.7652869930479076
000801,四川九洲,2026-07-27,166.91440103844297,171.74121674011434,166.13588237688305,171.42980927549038,13316400.0,145741375.0,0.013107103890756543,10.72,11.03,10.67,11.01,2026-07-24,10.67,15.570373231198037
000802,北京文化,2026-07-27,12.995967861205479,13.814611506005823,12.688976494405349,13.439399835472331,69904010.0,270632813.0,0.0976935164176241,3.81,4.05,3.72,3.94,2026-07-24,3.72,3.4110151866681044
000803,山高环能,2026-07-27,37.82032225418589,38.45450448710669,37.013181230468504,38.39685155684116,12745284.0,83871364.0,0.027719927658799458,6.56,6.67,6.42,6.66,2026-07-24,6.6,5.765293026552727
000807,云铝股份,2026-07-27,185.15576148306008,187.33663028733642,182.5387189179285,186.24619588519826,59039544.0,1502799620.0,0.017024477282074128,25.47,25.77,25.11,25.62,2026-07-24,25.4,7.269562680921087
000809,和展能源,2026-07-27,8.478892405692912,8.917455805987373,8.42041728565365,8.917455805987373,13670000.0,40991471.0,0.016573889802204787,2.9,3.05,2.88,3.05,2026-07-24,2.91,2.9237560019630733
000810,创维数字,2026-07-27,53.14079197924359,54.855011075348216,52.96345896930173,54.61856706209241,16678726.0,152994537.0,0.015017678071166857,8.99,9.28,8.96,9.24,2026-07-24,9.09,5.911100331395282
000811,冰轮环境,2026-07-27,962.6008452672368,1003.7297339992504,912.2295096291529,1003.4986728265986,61701657.0,2581890358.0,0.06306411424152637,41.66,43.44,39.48,43.43,2026-07-24,43.25,23.106117265176113
000812,陕西金叶,2026-07-27,24.143252988385115,24.595938981917335,23.99235765720771,24.52049131632863,7918499.0,25649665.0,0.010478508741269432,3.2,3.26,3.18,3.25,2026-07-24,3.2,7.544766558870348
000813,德展健康,2026-07-27,13.302302645180438,13.802702744685659,13.135502612012031,13.719302728101455,29061341.0,95021373.0,0.013860114422031234,3.19,3.31,3.15,3.29,2026-07-24,3.19,4.170000829210169
000815,美利云,2026-07-27,52.54239942860543,54.130664432924775,50.56517156608542,53.806528717757566,147305826.0,2372112993.0,0.21187064259787664,16.21,16.7,15.6,16.6,2026-07-24,16.19,3.2413571516721422
000816,智慧农业,2026-07-27,18.56159343013057,18.93733418782552,18.41129712705259,18.93733418782552,23319520.0,58323592.0,0.01619963392630846,2.47,2.52,2.45,2.52,2026-07-24,2.47,7.514815153899016
000818,航锦科技,2026-07-27,25.46859065296263,26.37969664137976,24.938877868999178,26.337319618662683,20177489.0,246641822.0,0.03065502634025174,12.02,12.45,11.77,12.43,2026-07-24,12.02,2.118851135853796
000819,岳阳兴长,2026-07-27,91.94188062821645,95.95388996472045,91.60754651684113,95.03447115843827,4358315.0,49098499.0,0.011907310359611775,11.0,11.48,10.96,11.37,2026-07-24,11.12,8.358352784383314
000822,山东海化,2026-07-27,9.925090138209931,10.322093743738328,9.875464687518882,10.22284284235623,14605400.0,59744304.0,0.016317206731233547,4.0,4.16,3.98,4.12,2026-07-24,4.02,2.481272534552483
000823,超声电子,2026-07-27,42.61227282629959,44.40681724088341,41.50291809728414,44.37418916061825,38060355.0,505691833.0,0.0639742765833672,13.06,13.61,12.72,13.6,2026-07-24,13.04,3.262808026516048
000825,太钢不锈,2026-07-27,28.55499883029139,28.799755963122454,28.39182740840401,28.71817025217877,27040742.0,94817841.0,0.004747114761929504,3.5,3.53,3.48,3.52,2026-07-24,3.49,8.158571094368968
000828,东莞控股,2026-07-27,44.389812194520175,44.889084110818466,44.344423838493064,44.616753974655765,5203468.0,51173161.0,0.005005659397629164,9.78,9.89,9.77,9.83,2026-07-24,9.81,4.538835602711675
000829,天音控股,2026-07-27,139.9602821226469,141.99114474111337,138.0986580557193,141.82190618957452,17307800.0,143896786.0,0.016900008391417864,8.27,8.39,8.16,8.38,2026-07-24,8.23,16.92385515388717
000830,鲁西化工,2026-07-27,108.99524732997496,111.30672892098585,107.5727971201221,110.50660067794362,21139000.0,261261600.0,0.011101388306673001,12.26,12.52,12.1,12.43,2026-07-24,12.39,8.89031381158034
000831,中国稀土,2026-07-27,200.52786323573181,203.66177281956374,200.40081284719807,203.53472243103,15903395.0,760126487.0,0.014985943448430709,47.35,48.09,47.32,48.06,2026-07-24,47.6,4.23501295112422
000833,粤桂股份,2026-07-27,40.47136170653299,41.289600745700845,39.48527876189481,41.24763976933326,21772750.0,421464866.0,0.0479890958212296,19.29,19.68,18.82,19.66,2026-07-24,19.78,2.098048818379108
000837,秦川机床,2026-07-27,35.9646339501179,37.310678729537514,35.9646339501179,37.310678729537514,13516177.0,118760157.0,0.013416847556064825,8.55,8.87,8.55,8.87,2026-07-24,8.58,4.206389935686304
000839,国安股份,2026-07-27,56.05234956475933,59.00247322606245,55.59848438609731,57.8678102794074,76898053.0,195138911.0,0.019617719280029984,2.47,2.6,2.45,2.55,2026-07-24,2.47,22.693258933100942
000848,承德露露,2026-07-27,260.066246771271,265.5995711706597,259.08977775961415,263.646633147346,11503607.0,93299341.0,0.01137682284433781,7.99,8.16,7.96,8.1,2026-07-24,8.02,32.548967055227905
000850,华茂股份,2026-07-27,39.602239631848015,41.03487879165647,39.397576894732524,40.932547423098725,9450338.0,37313925.0,0.010017579820981608,3.87,4.01,3.85,4.0,2026-07-24,3.87,10.233136855774681
000852,石化机械,2026-07-27,27.696720434322792,28.86700439633643,27.585264818892924,28.75554878090656,13305530.0,67567296.0,0.014002005535601034,4.97,5.18,4.95,5.16,2026-07-24,5.06,5.57278077149352
000856,冀东装备,2026-07-27,13.580550424429081,14.25363892942994,13.461770100017164,14.174452046488662,4867900.0,34567084.0,0.021444493392070486,6.86,7.2,6.8,7.16,2026-07-24,6.91,1.979672073531936
000858,五 粮 液,2026-07-27,1546.4215505237937,1563.2167886505792,1543.2724433750216,1551.4601219618296,20333141.0,1502725286.0,0.005238457001628827,73.66,74.46,73.51,73.9,2026-07-24,73.57,20.99404765848213
000859,国风新材,2026-07-27,27.911387870548296,29.485482647291736,27.604247426305676,29.44709009176141,33492843.0,252142920.0,0.037383523028228095,7.27,7.68,7.19,7.67,2026-07-24,7.27,3.8392555530327783
000860,顺鑫农业,2026-07-27,31.123048845618307,31.752705903188616,30.973130498577756,31.542820217331847,8452361.0,88885966.0,0.011394900454379752,10.38,10.59,10.33,10.52,2026-07-24,10.36,2.998366940811012
000862,银星能源,2026-07-27,14.471146833399981,16.40063307785331,14.390751573214425,16.40063307785331,93526244.0,548077873.0,0.14893494545688674,5.4,6.12,5.37,6.12,2026-07-24,5.56,2.6798420061851815
000863,三湘印象,2026-07-27,26.106005150806663,27.363234860618885,25.736231706744245,27.14137079418143,18899572.0,68923318.0,0.016247692405765256,3.53,3.7,3.48,3.67,2026-07-24,3.5,7.3954688812483464
000868,安凯客车,2026-07-27,17.145433782322986,17.554876977124728,17.094253382972767,17.50369657777451,10825900.0,36795730.0,0.011523848928370774,3.35,3.43,3.34,3.42,2026-07-24,3.34,5.118039935021787
000869,张  裕Ａ,2026-07-27,84.96707815979268,86.50170329211885,84.66015313332744,85.93900741026593,1462900.0,24569732.0,0.0032152171619408442,16.61,16.91,16.55,16.8,2026-07-24,16.65,5.115417107753924
000875,电投绿能,2026-07-27,7.584036753184057,7.750220825464983,7.584036753184057,7.750220825464983,32630239.0,166625484.0,0.009762577917445598,5.02,5.13,5.02,5.13,2026-07-24,5.06,1.5107642934629597
000876,新 希 望,2026-07-27,121.51393301272805,124.77848643695059,121.1512048544811,123.87166604133321,23152066.0,157863306.0,0.005144896082879823,6.7,6.88,6.68,6.83,2026-07-24,6.72,18.13640791234747
000877,天山股份,2026-07-27,28.20824579755736,28.764464728776804,28.1287859502403,28.68500488145974,11160508.0,40162181.0,0.0015695834879875794,3.55,3.62,3.54,3.61,2026-07-24,3.56,7.945984731706299
000878,云南铜业,2026-07-27,48.377171082046814,48.9818857205724,47.931591874712176,48.95005863433421,26568708.0,405013356.0,0.01326034740076392,15.2,15.39,15.06,15.38,2026-07-24,15.03,3.1827086238188693
000880,潍柴重机,2026-07-27,121.41899588443488,124.40423833643992,120.44305123666402,123.94497026690067,7064691.0,151468643.0,0.03111831290402719,21.15,21.67,20.98,21.59,2026-07-24,21.15,5.74085086924042
000881,中广核技,2026-07-27,31.697905076804933,32.67086177544676,31.64669682950799,32.31240404436819,7321653.0,46117778.0,0.008101572320497798,6.19,6.38,6.18,6.31,2026-07-24,6.19,5.12082472969385
000882,华联股份,2026-07-27,3.904760397485025,4.022196800416905,3.904760397485025,3.992837699683935,46091613.0,62402302.0,0.016850438346180576,1.33,1.37,1.33,1.36,2026-07-24,1.34,2.935910073297011
000883,湖北能源,2026-07-27,28.33100931639511,28.634990103051713,28.14862084440115,28.45260163105775,31632062.0,147876112.0,0.004881803353711894,4.66,4.71,4.63,4.68,2026-07-24,4.64,6.079615733131998
000885,城发环境,2026-07-27,27.755918757687493,27.99919772687838,27.601104868202384,27.977081456951936,3864800.0,48682550.0,0.006019203998739998,12.55,12.66,12.48,12.65,2026-07-24,12.52,2.2116269926444216
000886,海南高速,2026-07-27,13.841674910270783,14.189296882903154,13.74686891773468,14.094490890367053,11995700.0,53345478.0,0.012267703847948468,4.38,4.49,4.35,4.46,2026-07-24,4.39,3.160199751203375
000887,中鼎股份,2026-07-27,157.44387233752317,162.71477692910798,157.44387233752317,162.51955824053073,22355965.0,367303472.0,0.017008874714581262,16.13,16.67,16.13,16.65,2026-07-24,16.2,9.760934428860706
000888,峨眉山Ａ,2026-07-27,60.315439682961156,62.235470144877596,60.315439682961156,61.772014516139144,7186900.0,66828390.0,0.013639630467947635,9.11,9.4,9.11,9.33,2026-07-24,9.15,6.620794696263574
000889,中嘉博创,2026-07-27,17.63230894616456,18.377336084734896,17.33429809073643,18.327667608830204,81202425.0,293623660.0,0.09335273683299947,3.55,3.7,3.49,3.69,2026-07-24,3.58,4.96684759046889
000890,法尔胜,2026-07-27,23.109062310459098,24.833071720921918,23.03570020788621,24.6496664644897,15637300.0,103450501.0,0.0372768385621275,6.3,6.77,6.28,6.72,2026-07-24,6.4,3.668105128644301
000892,欢瑞世纪,2026-07-27,7.951020412058471,8.490072643384467,7.87016257735957,8.463120031818168,64577000.0,199043300.0,0.09084649448774614,2.95,3.15,2.92,3.14,2026-07-24,2.99,2.6952611566299898
000893,亚钾国际,2026-07-27,89.468063722698,93.96764984532231,88.65348347636083,92.92033238574595,14467376.0,690190220.0,0.017821216184563747,46.13,48.45,45.71,47.91,2026-07-24,46.37,1.9394767769932364
000895,双汇发展,2026-07-27,757.2186662512215,770.0012964692888,756.3056212356453,762.6969363446789,12206206.0,306844901.0,0.003523518458186813,24.88,25.3,24.85,25.06,2026-07-24,24.93,30.434833852541058
000897,津滨发展,2026-07-27,10.988854199647905,11.250493585353807,10.923444353221429,11.119673892500856,20981700.0,35724599.0,0.01297376504083065,1.68,1.72,1.67,1.7,2026-07-24,1.68,6.540984642647563
000898,鞍钢股份,2026-07-27,6.456470386654722,6.55429569554343,6.423861950358487,6.521687259247194,33495007.0,66666880.0,0.0042092506688775014,1.98,2.01,1.97,2.0,2026-07-24,1.98,3.260843629623597
000899,赣能股份,2026-07-27,39.67959713411681,42.07135150682544,39.48355169373086,41.953724242593864,21831314.0,229417626.0,0.02237553718555602,10.12,10.73,10.07,10.7,2026-07-24,10.32,3.920908807719053
000900,现代投资,2026-07-27,59.28946247575729,60.099427810125555,59.127469408883634,59.937434743251906,9216931.0,33934341.0,0.006072806355038009,3.66,3.71,3.65,3.7,2026-07-24,3.67,16.19930668736538
000901,航天科技,2026-07-27,89.57064213201194,92.89793195860972,88.90518416669238,92.7648403655458,16280735.0,224783503.0,0.020396980716130497,13.46,13.96,13.36,13.94,2026-07-24,13.47,6.654579653195538
000902,新洋丰,2026-07-27,51.16287053915297,52.134809569152075,50.92960517195318,51.82378907955236,8238900.0,109743470.0,0.00720950353222139,13.16,13.41,13.1,13.33,2026-07-24,13.23,3.887756119996426
000905,厦门港务,2026-07-27,23.63288175940401,24.695356395002975,23.4031575138691,24.52306321085179,15592524.0,131938483.0,0.021019633747428445,8.23,8.6,8.15,8.54,2026-07-24,8.29,2.8715530691863926
000906,浙商中拓,2026-07-27,29.824712149853926,30.34090909090909,29.710001718508334,30.054133012545112,5309163.0,27885811.0,0.007571109444386842,5.2,5.29,5.18,5.24,2026-07-24,5.19,5.735521567279601
000910,大亚圣象,2026-07-27,13.550861728088107,13.803886117201785,13.41029262302495,13.747658475176522,5031400.0,24529796.0,0.009195129216840497,4.82,4.91,4.77,4.89,2026-07-24,4.82,2.8113821012630926
000912,泸天化,2026-07-27,7.801005910193671,8.09667085722725,7.687288622873063,8.051183942299007,19001034.0,66446548.0,0.01211800637755102,3.43,3.56,3.38,3.54,2026-07-24,3.48,2.274345746412149
000913,钱江摩托,2026-07-27,34.29237306894618,35.38715305424587,33.87378072162571,35.322754231581186,5125510.0,55722054.0,0.009854804149969042,10.65,10.99,10.52,10.97,2026-07-24,10.56,3.219941133234383
000915,华特达因,2026-07-27,98.50649248069301,100.54043220397858,98.50649248069301,99.90233346726154,1974105.0,49534448.0,0.008429773992229606,24.7,25.21,24.7,25.05,2026-07-24,24.73,3.9881171044814985
000917,电广传媒,2026-07-27,51.15624908327064,53.84868324554804,50.829893427237025,53.76709433153964,25430381.0,164759824.0,0.01794081838521109,6.27,6.6,6.23,6.59,2026-07-24,6.26,8.158891400840613
000919,金陵药业,2026-07-27,23.72057703260144,24.47424085136302,23.68091051582451,24.394907817809173,10443200.0,63903264.0,0.0167960097086443,5.98,6.17,5.97,6.15,2026-07-24,6.01,3.966651677692548
000920,沃顿科技,2026-07-27,39.318134387285355,40.506506324724896,38.02790199806528,40.506506324724896,15105014.0,176094158.0,0.03196161271889288,11.58,11.93,11.2,11.93,2026-07-24,11.63,3.3953483926844004
000921,海信家电,2026-07-27,39.20130554934254,40.91132134696818,38.63667769163596,40.57254463234423,14179608.0,353800537.0,0.015349834549161341,24.3,25.36,23.95,25.15,2026-07-24,24.44,1.613222450590228
000922,佳电股份,2026-07-27,36.974176210821526,37.795824571062006,36.68838547682484,37.76010072931242,9539076.0,99802471.0,0.013531963152333753,10.35,10.58,10.27,10.57,2026-07-24,10.37,3.572384174958602
000923,河钢资源,2026-07-27,24.715148986143458,26.346097904010794,24.571768861495784,26.131027717039277,22836100.0,325338480.0,0.036368929378037304,13.79,14.7,13.71,14.58,2026-07-24,13.69,1.7922515580959724
000925,众合科技,2026-07-27,23.967445499032987,24.86443073477524,23.895686680173608,24.82855132534555,20694650.0,141708804.0,0.030834500224224768,6.68,6.93,6.66,6.92,2026-07-24,6.66,3.58794094296901
000926,福星股份,2026-07-27,9.657288932294367,10.445639049216357,9.558745167679119,10.199279637678234,44245451.0,91256534.0,0.028124328631461134,1.96,2.12,1.94,2.07,2026-07-24,1.96,4.927188230762432
000927,中国铁物,2026-07-27,3.9155094164722377,3.9638490388978207,3.883283001521849,3.9477358314226265,36729192.0,89746484.0,0.006070589052366848,2.43,2.46,2.41,2.45,2026-07-24,2.42,1.6113207475194393
000928,中钢国际,2026-07-27,13.005343727099143,13.346898208820939,13.005343727099143,13.24180452213731,14142115.0,71194135.0,0.009857694230001046,4.95,5.08,4.95,5.04,2026-07-24,4.94,2.627342167090736
000930,中粮科技,2026-07-27,28.31134514937396,28.8813722329184,28.184672464141862,28.691363205070257,14021984.0,63346207.0,0.007553531663091978,4.47,4.56,4.45,4.53,2026-07-24,4.48,6.333634261604913
000931,中 关 村,2026-07-27,8.264776680546957,8.552604724148097,8.244217534575448,8.511486432205077,5340849.0,22004965.0,0.0071113701558143255,4.02,4.16,4.01,4.14,2026-07-24,4.05,2.0559145971509847
000932,华菱钢铁,2026-07-27,9.627702320314967,9.731226001178566,9.575940479883165,9.731226001178566,79519175.0,296837738.0,0.011604218647718703,3.72,3.76,3.7,3.76,2026-07-24,3.72,2.5880920215900445
000933,神火股份,2026-07-27,384.64305468749984,391.51168066406234,377.01124804687487,386.9325966796874,50217151.0,1267153627.0,0.022344354470047532,25.2,25.65,24.7,25.35,2026-07-24,24.98,15.263613281249995
000935,四川双马,2026-07-27,59.87944071349152,62.50855594195127,58.75267704415162,61.650069336739925,7296972.0,166411948.0,0.009558012178012608,22.32,23.3,21.9,22.98,2026-07-24,22.3,2.682770641285462
000936,华西股份,2026-07-27,32.31837612462612,33.624863670089724,32.180851119840476,33.55610116769691,13818400.0,66786923.0,0.015598371737421053,4.7,4.89,4.68,4.88,2026-07-24,4.7,6.876250239282153
000937,冀中能源,2026-07-27,63.58757319283047,64.12192254739207,62.919636499628474,63.58757319283047,23256824.0,110544121.0,0.006157920354287324,4.76,4.8,4.71,4.76,2026-07-24,4.8,13.358733864040016
000938,紫光股份,2026-07-27,270.49509687335785,281.37291578247414,258.95801621217396,273.3958485824555,327890874.0,13358643056.0,0.11464424557485912,41.03,42.68,39.28,41.47,2026-07-24,41.45,6.592617520676526
000948,南天信息,2026-07-27,32.789385898661045,33.62544992157511,32.05782987861124,33.416433915846596,10477260.0,132178950.0,0.026923497594140547,12.55,12.87,12.27,12.79,2026-07-24,12.7,2.612700071606458
000949,新乡化纤,2026-07-27,26.1654134503485,27.480730464010538,26.118437842717707,27.15190121059503,41908920.0,240824867.0,0.025300521265807275,5.57,5.85,5.56,5.78,2026-07-24,5.57,4.697560763078725
000950,重药控股,2026-07-27,12.962472598213655,13.465869592319038,12.861793199392578,13.44069974261377,24368243.0,129100284.0,0.014227320548358997,5.15,5.35,5.11,5.34,2026-07-24,5.17,2.516984970526923
000951,中国重汽,2026-07-27,116.3214634213848,118.52710742305442,115.48121808741544,117.1091934219811,8927339.0,197908874.0,0.007636764378120911,22.15,22.57,21.99,22.3,2026-07-24,22.1,5.25153333730857
000952,广济药业,2026-07-27,13.382700339796331,14.372082855189834,13.356663957812293,14.267937327253678,12375600.0,66952986.0,0.03597615293510403,5.14,5.52,5.13,5.48,2026-07-24,5.17,2.6036381984039556
000953,中哲精化,2026-07-27,13.534544733637256,14.198002808815554,13.428391441608728,14.065311193779895,8286700.0,43497978.0,0.022633700204927484,5.1,5.35,5.06,5.3,2026-07-24,5.09,2.6538323007131877
000955,欣龙控股,2026-07-27,9.13222955585572,9.590112931915337,9.081353625182429,9.539237001242046,12915281.0,48098722.0,0.023992145831548243,3.59,3.77,3.57,3.75,2026-07-24,3.59,2.543796533664546
000957,中通客车,2026-07-27,51.13958069383031,52.34842998052929,51.08702202919123,51.875401998777505,6994135.0,69219372.0,0.011796405075644497,9.73,9.96,9.72,9.87,2026-07-24,9.76,5.255866463908562
000958,电投产融,2026-07-27,25.820190291387625,26.507419690778175,25.771102477145444,26.45833187653599,15522300.0,82902767.0,0.0028833537541866614,5.26,5.4,5.25,5.39,2026-07-24,5.3,4.90878142421818
000959,首钢股份,2026-07-27,8.818857850961878,9.006493124386598,8.771949032605699,9.006493124386598,30607828.0,116374753.0,0.004107547048650176,3.76,3.84,3.74,3.84,2026-07-24,3.76,2.34544091780901
000960,锡业股份,2026-07-27,110.92923473011363,114.80295403814935,109.45017826704544,114.73252277800323,42903077.0,1374072769.0,0.026074051222751513,31.5,32.6,31.08,32.58,2026-07-24,30.89,3.5215630073051947
000962,东方钽业,2026-07-27,168.17238739678177,177.97896581818222,163.16477288372624,177.63121481033113,18481095.0,914469157.0,0.036728761093445826,48.36,51.18,46.92,51.08,2026-07-24,48.38,3.4775100785107895
000963,华东医药,2026-07-27,385.19729831217023,394.674911978902,384.7911148693103,390.6130775503027,17199515.0,495422604.0,0.009811401306483563,28.45,29.15,28.42,28.85,2026-07-24,28.58,13.539448095331116
000965,天保基建,2026-07-27,8.562268252255658,8.790595405649142,8.562268252255658,8.73351361730077,9971820.0,30523715.0,0.008984990456586631,3.0,3.08,3.0,3.06,2026-07-24,3.01,2.8540894174185527
000966,长源电力,2026-07-27,16.36901624591727,17.59768332490864,16.329381824014323,17.161704683976218,79332426.0,342213579.0,0.022789896003735,4.13,4.44,4.12,4.33,2026-07-24,4.15,3.9634421902947388
000967,盈峰环境,2026-07-27,40.06520814888968,43.47751662559394,40.006375244118914,43.47751662559394,86472836.0,616661047.0,0.02575383536019273,6.81,7.39,6.8,7.39,2026-07-24,6.84,5.8832904770763115
000968,蓝焰控股,2026-07-27,12.509778345208794,12.856202976306882,12.105616275594356,12.8369571634681,53671523.0,350129407.0,0.05547428985879997,6.5,6.68,6.29,6.67,2026-07-24,6.89,1.9245812838782759
000969,安泰科技,2026-07-27,112.36894561677207,114.82746823644405,111.57354123981936,114.75515874763016,18468877.0,290110774.0,0.017735515713143062,15.54,15.88,15.43,15.87,2026-07-24,15.51,7.230948881388164
000970,中科三环,2026-07-27,228.60268893025716,243.48844541873902,226.29894090227782,242.2479657113655,49920107.0,657935320.0,0.041061979690382035,12.9,13.74,12.77,13.67,2026-07-24,12.93,17.72113867676412
000973,佛塑科技,2026-07-27,50.53250300463262,52.49858548908439,50.40700837796549,51.99660698241585,41276986.0,508477796.0,0.05824631152182663,12.08,12.55,12.05,12.43,2026-07-24,11.97,4.1831542222378
000975,山金国际,2026-07-27,229.63460699708543,230.14400053523335,221.38243167908902,228.6158199207896,72366933.0,1603245335.0,0.028680192906325824,22.54,22.59,21.73,22.44,2026-07-24,21.8,10.187870762958537
000977,浪潮信息,2026-07-27,565.506841125003,574.910036273942,535.0615309574592,558.931180181689,84018977.0,7052436920.0,0.05727921686104918,86.0,87.43,81.37,85.0,2026-07-24,85.31,6.575660943313988
000978,桂林旅游,2026-07-27,16.92711754017251,17.542649087087874,16.896340962826745,17.542649087087874,10028330.0,56559465.0,0.021422551150051723,5.5,5.7,5.49,5.7,2026-07-24,5.51,3.07765773457682
000980,众泰汽车,2026-07-27,3.184331452653215,3.416302618078284,3.1632431648873,3.416302618078284,144509986.0,227671641.0,0.02865839543383899,1.51,1.62,1.5,1.62,2026-07-24,1.51,2.1088287765915332
000981,山子高科,2026-07-27,14.204998786703568,14.731109852877774,14.1465420015731,14.672653067747305,160290300.0,399353361.0,0.01684897510752728,2.43,2.52,2.42,2.51,2026-07-24,2.44,5.845678513046735
000983,山西焦煤,2026-07-27,72.4349467455449,74.29523430241282,71.96987485632793,73.9464303855001,49585191.0,313284118.0,0.008734298483789718,6.23,6.39,6.19,6.36,2026-07-24,6.29,11.626797230424543
000985,大庆华科,2026-07-27,24.277012328888592,25.0185647054801,24.047484212324555,24.66544452615081,1541800.0,21549268.0,0.011892980148797241,13.75,14.17,13.62,13.97,2026-07-24,13.85,1.7656008966464432
000987,越秀资本,2026-07-27,66.29827537443556,67.44591529436586,65.94515539907238,67.35763530052508,32768103.0,247520421.0,0.006536176019423303,7.51,7.64,7.47,7.63,2026-07-24,7.54,8.827999384079302
000988,华工科技,2026-07-27,1101.7034530009914,1146.0707888593831,1084.6942665056263,1145.1486040493935,38941104.0,4270607454.0,0.03874792016061578,107.52,111.85,105.86,111.76,2026-07-24,108.19,10.246497888774101
000989,九芝堂,2026-07-27,49.26896144626802,52.64511559879974,49.211738494530195,52.58789264706192,42936041.0,389112076.0,0.06185379076960778,8.61,9.2,8.6,9.19,2026-07-24,8.75,5.722295173782581
000990,诚志股份,2026-07-27,28.373410538738803,29.271513803153752,26.876571764713898,29.17172455155209,43779895.0,373327628.0,0.03602579227442971,8.53,8.8,8.08,8.77,2026-07-24,8.9,3.326308386722017
000993,闽东电力,2026-07-27,17.864601122229256,18.50392733825996,17.718469415707954,18.48566087494479,10345103.0,103424601.0,0.022589955522687444,9.78,10.13,9.7,10.12,2026-07-24,9.84,1.826646331516284
000995,皇台酒业,2026-07-27,15.256205254236097,15.873122843751652,15.122817667313813,15.873122843751652,7400200.0,69593497.0,0.04171288780663781,9.15,9.52,9.07,9.52,2026-07-24,9.22,1.667344836528535
000997,新 大 陆,2026-07-27,201.52087163114982,208.40512500985366,200.5195256851565,207.904452036857,15144327.0,249077700.0,0.015032494545694159,16.1,16.65,16.02,16.61,2026-07-24,16.21,12.516824324916136
000998,隆平高科,2026-07-27,96.37191197997849,97.68390583119107,95.89482330681027,96.84900065314669,9698500.0,78872113.0,0.007378592194402127,8.08,8.19,8.04,8.12,2026-07-24,8.1,11.927216829205259
000999,华润三九,2026-07-27,97.63432629151842,99.77926267058353,97.43572107123464,99.26288909784563,10584644.0,264105084.0,0.006365960291492072,24.58,25.12,24.53,24.99,2026-07-24,24.7,3.9721044056760957
001201,东瑞股份,2026-07-27,18.628414087691883,19.1244875574284,18.594202124261777,19.090275593998292,1662640.0,18463650.0,0.00825377140149921,10.89,11.18,10.87,11.16,2026-07-24,10.98,1.7105981715052234
001202,炬申股份,2026-07-27,16.12377288402605,16.87734164089431,16.12377288402605,16.85135651134713,9760626.0,123024063.0,0.08354986783318541,12.41,12.99,12.41,12.97,2026-07-24,13.79,1.2992564773590694
001203,大中矿业,2026-07-27,27.684360566496515,28.357792370470584,27.14771959770468,28.336747626596395,14140030.0,375751468.0,0.010827318539652782,26.31,26.95,25.8,26.93,2026-07-24,26.31,1.0522371937094837
001205,盛航股份,2026-07-27,17.691065463863914,18.152446144258082,17.57572029376537,18.109191705471133,2337500.0,29069963.0,0.014040360519457661,12.27,12.59,12.19,12.56,2026-07-24,12.29,1.441814626231778
001206,依依股份,2026-07-27,43.73222966024877,44.3142678045473,41.43053336234094,43.36184175024061,12612405.0,204088521.0,0.11802244858622686,16.53,16.75,15.66,16.39,2026-07-24,17.4,2.6456279286296893
001207,联科科技,2026-07-27,23.206814891266127,23.74574866425119,23.05983295317929,23.61509805261845,2210280.0,31822690.0,0.007553359983497076,14.21,14.54,14.12,14.46,2026-07-24,14.19,1.633132645409298
001208,华菱线缆,2026-07-27,13.880436603543059,14.5127791224498,13.579814750292313,14.502412851648051,31214084.0,425689822.0,0.09793155920148088,13.39,14.0,13.1,13.99,2026-07-24,13.46,1.0366270801749857
001209,洪兴股份,2026-07-27,22.399325025627636,23.302647087495053,22.32277230852023,23.21078382696616,2026521.0,30521819.0,0.021088804582182926,14.63,15.22,14.58,15.16,2026-07-24,14.64,1.5310543421481637
001210,金房能源,2026-07-27,32.12342587565566,33.63990309028074,31.938489629969673,33.43647322002615,4038663.0,72377207.0,0.030270321536988814,17.37,18.19,17.27,18.08,2026-07-24,17.54,1.8493624568598537
001211,双枪科技,2026-07-27,19.345123138102107,19.94180713099811,19.198569174934665,19.82665758850941,3923394.0,73681485.0,0.04203330696310854,18.48,19.05,18.34,18.94,2026-07-24,18.44,1.0468140226245728
001212,中旗新材,2026-07-27,60.46990175094812,64.56613142605791,60.029051920443024,64.49265645430705,5938974.0,203033003.0,0.03416173477350343,32.92,35.15,32.68,35.11,2026-07-24,32.9,1.8368742937712064
001213,中铁特货,2026-07-27,3.655662475886,3.6871768075746725,3.634652921426885,3.676672030345115,6087900.0,21278511.0,0.0013697775001369778,3.48,3.51,3.46,3.5,2026-07-24,3.47,1.0504777229557472
001215,千味央厨,2026-07-27,31.972583874933907,33.23882482047584,31.793199740982132,32.679568402861484,2102699.0,65159947.0,0.021699312381104955,30.3,31.5,30.13,30.97,2026-07-24,30.4,1.055200787951614
001216,华瓷股份,2026-07-27,14.404980358982622,14.914303261759871,14.33854693688124,14.88108655070918,2609500.0,34849666.0,0.010627025062703419,13.01,13.47,12.95,13.44,2026-07-24,13.09,1.107223701689671
001217,华尔泰,2026-07-27,9.171316575803004,9.530976049363906,9.076112597507471,9.499241389932063,4628600.0,41121887.0,0.01410417478301957,8.67,9.01,8.58,8.98,2026-07-24,8.61,1.0578219810614768
001218,丽臣实业,2026-07-27,34.04956310722189,35.189979096459,33.77260493840718,34.81527098570967,1966480.0,41896128.0,0.016423113823984523,20.9,21.6,20.73,21.37,2026-07-24,20.75,1.6291656989101386
001219,青岛食品,2026-07-27,28.081761558431953,28.710638216932583,28.081761558431953,28.49295014283621,1607100.0,18926964.0,0.008449637876417934,11.61,11.87,11.61,11.78,2026-07-24,11.69,2.418756378848575
001220,世盟股份,2026-07-27,27.769744497329476,28.974923051371125,27.64821388683788,28.741989381262233,1002752.0,28270591.0,0.044352585789296205,27.42,28.61,27.3,28.38,2026-07-24,27.39,1.012755087429959
001221,悍高集团,2026-07-27,35.621470161864515,37.348394352127464,35.338527780409,37.133748407575006,1742580.0,65462977.0,0.04839290177455636,36.51,38.28,36.22,38.06,2026-07-24,36.7,0.9756633843293485
001222,源飞宠物,2026-07-27,18.819341224967093,19.553897869189072,18.672429896122697,19.24538407861584,2984800.0,39096119.0,0.026414466681625542,12.81,13.31,12.71,13.1,2026-07-24,12.82,1.4691132884439573
001223,欧克科技,2026-07-27,57.28296511844684,62.87154708122215,56.522753601451676,62.87154708122215,2254356.0,65961002.0,0.03228126951033009,27.88,30.6,27.51,30.6,2026-07-24,27.82,2.054625721608567
001225,和泰机电,2026-07-27,41.568658701849316,45.65090290382607,41.206524135544925,43.2586200112698,1313700.0,51471488.0,0.06244185438000591,37.88,41.6,37.55,39.42,2026-07-24,38.08,1.097377473649665
001226,拓山重工,2026-07-27,40.344039350025874,41.33088723523166,39.972644984625845,40.726044983008755,703767.0,27007391.0,0.020743933927560836,38.02,38.95,37.67,38.38,2026-07-24,38.03,1.0611267582857935
001227,兰州银行,2026-07-27,2.5218957250152156,2.557582928671091,2.4981042559112985,2.545687194119133,73809514.0,157076661.0,0.017500773789561594,2.12,2.15,2.1,2.14,2026-07-24,2.12,1.1895734551958563
001228,永泰运,2026-07-27,28.716237949329987,29.532349296885783,28.542134195184747,29.140615850059,1095900.0,29316689.0,0.01372197289540352,26.39,27.14,26.23,26.78,2026-07-24,26.33,1.0881484634077296
001229,魅视科技,2026-07-27,38.26580019697091,38.73676389170286,34.5962080755178,37.54954291123274,11023120.0,412648677.0,0.1494635918152117,39.0,39.48,35.26,38.27,2026-07-24,39.18,0.9811743640248951
001230,劲旅环境,2026-07-27,21.994814764702337,24.434215305333556,21.686538872204988,23.536194227189092,10936599.0,191268254.0,0.09944281250333586,16.41,18.23,16.18,17.56,2026-07-24,16.57,1.340329967379789
001231,农心科技,2026-07-27,17.895906593419205,18.491392101781667,17.79143545160123,18.251108475600322,1484060.0,25870175.0,0.029120379350208146,17.13,17.7,17.03,17.47,2026-07-24,16.86,1.0447114181797552
001233,海安集团,2026-07-27,41.66214639992507,42.645904284220826,41.40636935000818,42.52785333810533,1327329.0,56971387.0,0.03519541087112718,42.35,43.35,42.09,43.23,2026-07-24,42.35,0.9837578842957514
001234,泰慕士,2026-07-27,20.430771286699784,21.259352566660386,20.430771286699784,21.145848281734274,1159000.0,21493166.0,0.01266867427078608,18.0,18.73,18.0,18.63,2026-07-24,18.18,1.135042849261099
001236,弘业期货,2026-07-27,7.035695166316596,7.267530393859979,6.955056826301506,7.257450601358093,11693234.0,83300531.0,0.01542484734330255,6.98,7.21,6.9,7.2,2026-07-24,6.95,1.007979250188624
001237,惠康科技,2026-07-27,51.827963026065376,54.26584595525838,51.827963026065376,54.16384248541766,2056273.0,107561550.0,0.05899332534389747,50.81,53.2,50.81,53.1,2026-07-24,51.25,1.0200346984071123
001238,浙江正特,2026-07-27,33.291767100804385,34.476579550349705,33.145493958885204,34.31567909423861,434440.0,10104455.0,0.0029933743239948054,22.76,23.57,22.66,23.46,2026-07-24,22.81,1.4627314191917566
001239,永达股份,2026-07-27,11.013887720186299,11.278302383828814,10.912189772631486,11.247792999562371,2693801.0,29563792.0,0.023629833333333333,10.83,11.09,10.73,11.06,2026-07-24,10.87,1.0169794755481347
001255,博菲电气,2026-07-27,22.53089647860808,23.62996459951579,22.416842239645963,23.30853901698618,1294085.0,28970234.0,0.016748053755495304,21.73,22.79,21.62,22.48,2026-07-24,21.7,1.0368567178374635
001256,炜冈科技,2026-07-27,23.754748014891785,24.85837410669776,23.754748014891785,24.71908149316885,2048600.0,46536736.0,0.019161453418783597,22.17,23.2,22.17,23.07,2026-07-24,22.52,1.071481642530076
001257,盛龙股份,2026-07-27,22.751346195260034,23.261854810140974,22.327527722528686,23.261854810140974,12315617.0,291610784.0,0.08992915616985918,23.62,24.15,23.18,24.15,2026-07-24,23.66,0.9632238016621522
001258,立新能源,2026-07-27,12.08293980000458,13.298658013369096,12.064379216594434,13.298658013369096,84052490.0,1162371696.0,0.09005717999728591,13.02,14.33,13.0,14.33,2026-07-24,13.03,0.9280291705072642
001259,利仁科技,2026-07-27,44.96275266020448,47.03635353607486,44.96275266020448,46.65080965463163,1507200.0,66537090.0,0.031700828312440525,43.15,45.14,43.15,44.77,2026-07-24,44.3,1.042010490387126
001260,坤泰股份,2026-07-27,15.471493033206206,16.176198720018913,15.471493033206206,16.026715695543487,859383.0,12842047.0,0.007472895652173913,14.49,15.15,14.49,15.01,2026-07-24,14.56,1.0677358891101592
001266,宏英智能,2026-07-27,45.070464847814,46.66692604937646,44.56787521028508,46.652144001213834,2364120.0,73305594.0,0.04065719116716795,30.49,31.57,30.15,31.56,2026-07-24,30.63,1.4782048162615284
001267,汇绿生态,2026-07-27,33.37017091942826,36.70718801137109,33.26252520678494,36.70718801137109,20925880.0,695142947.0,0.03438608905764187,31.0,34.1,30.9,34.1,2026-07-24,31.0,1.0764571264331697
001268,联合精密,2026-07-27,19.287390657355484,19.75755419692537,19.05230888757054,19.426302612228405,3483120.0,63138103.0,0.03692185695129442,18.05,18.49,17.83,18.18,2026-07-24,18.11,1.0685534990224645
001269,欧晶科技,2026-07-27,24.846221898910155,25.741978125762117,24.670007559201572,25.624501899289726,2319040.0,40217449.0,0.01205244781408696,16.92,17.53,16.8,17.45,2026-07-24,16.9,1.4684528309048555
001270,铖昌科技,2026-07-27,180.39795873244438,190.67970767574434,180.36057055446875,190.67970767574434,9304062.0,930499233.0,0.04542926797999735,96.5,102.0,96.48,102.0,2026-07-24,96.67,1.8694088987818072
001277,速达股份,2026-07-27,26.56303076161701,27.21116453069228,26.353955352237893,27.022996662251074,905200.0,23286743.0,0.01987289034131645,25.41,26.03,25.21,25.85,2026-07-24,25.4,1.0453770468955927
001278,一彬科技,2026-07-27,13.957710554642777,14.462454331157533,13.844400727261911,14.36974629057319,2054100.0,28404917.0,0.024077820980293294,13.55,14.04,13.44,13.95,2026-07-24,13.55,1.0300893398260351
001279,强邦新材,2026-07-27,23.5715246253472,24.248219112199273,23.192165594839224,24.05341312356004,626595.0,14637157.0,0.015664875,22.99,23.65,22.62,23.46,2026-07-24,23.02,1.0252946770485951
001280,中国铀业,2026-07-27,57.2224276966152,57.48384521586879,56.43817513885445,57.119727956908434,5124492.0,312053268.0,0.029497337473316582,61.29,61.57,60.45,61.18,2026-07-24,61.18,0.933633997334234
001282,三联锻造,2026-07-27,29.23485712288517,30.473622255210813,29.23485712288517,30.473622255210813,2119416.0,30975681.0,0.01387713517958818,14.16,14.76,14.16,14.76,2026-07-24,14.19,2.0646085538760715
001283,豪鹏科技,2026-07-27,57.44084310435179,58.925425281203395,56.64999091668318,57.81545729851061,2067900.0,86232332.0,0.01999924602678067,41.4,42.47,40.83,41.67,2026-07-24,40.57,1.3874599783659853
001285,瑞立科密,2026-07-27,40.36048981657362,41.22712610097858,40.36048981657362,41.17554060785923,579740.0,23033494.0,0.0139707259143302,39.12,39.96,39.12,39.91,2026-07-24,39.33,1.0317098623868513
001286,陕西能源,2026-07-27,11.61981221033204,11.810484804517024,11.552516000619693,11.664676350140272,19492649.0,202345412.0,0.014438999259259259,10.36,10.53,10.3,10.4,2026-07-24,10.43,1.1216034952057954
001287,中电港,2026-07-27,22.457560122560864,22.843359075841743,21.625046591796853,22.721527827437253,24851378.0,549648738.0,0.03270348049448926,22.12,22.5,21.3,22.38,2026-07-24,22.23,1.0152604033707442
001288,运机集团,2026-07-27,35.53112457791059,36.97386928609008,35.219944346734614,36.83242372646463,3903000.0,99843130.0,0.02569910774844428,25.12,26.14,24.9,26.04,2026-07-24,25.0,1.4144555962544023
001289,龙源电力,2026-07-27,16.775216743659506,17.385224625247126,16.722629857315745,17.269533475290853,6532869.0,106804362.0,0.0012957069226816663,15.95,16.53,15.9,16.42,2026-07-24,16.02,1.0517377268752042
001296,长江材料,2026-07-27,31.6238455422255,33.639865695542376,31.287842183339354,33.1457431089451,3061111.0,50784981.0,0.0397048406889688,16.0,17.02,15.83,16.77,2026-07-24,15.81,1.9764903463890937
001298,好上好,2026-07-27,73.6233313636606,75.3940190800018,72.83118159582375,74.92804862833306,6526965.0,104576576.0,0.016020258807085713,15.8,16.18,15.63,16.08,2026-07-24,15.89,4.65970451668738
001299,美能能源,2026-07-27,17.5262212274111,18.079279351018197,17.278298620276885,18.02206644167953,2875482.0,26933224.0,0.010165193793748167,9.19,9.48,9.06,9.45,2026-07-24,9.19,1.907096977955506
001300,三柏硕,2026-07-27,9.78668645721111,10.121360709115738,9.65484508524868,10.019944269144638,3294300.0,32390422.0,0.013513640236007894,9.65,9.98,9.52,9.88,2026-07-24,9.6,1.0141643997109957
001301,尚太科技,2026-07-27,59.66932097126924,61.06698074176743,57.61583623153727,58.938237399008635,8289739.0,457610227.0,0.03187270298327819,55.5,56.8,53.59,54.82,2026-07-24,55.7,1.0751229003832294
001306,夏厦精密,2026-07-27,46.80601599762161,48.44942722598255,46.80601599762161,48.04377508733649,559500.0,25800402.0,0.036096774193548384,45.0,46.58,45.0,46.19,2026-07-24,45.09,1.0401336888360357
001308,康冠科技,2026-07-27,32.55378458542778,33.22014742462377,32.49498786432225,33.22014742462377,1509802.0,25412724.0,0.0030987035774520306,16.61,16.95,16.58,16.95,2026-07-24,16.63,1.9598907035176265
001309,德明利,2026-07-27,1139.3011476811685,1155.5121645365682,1076.9357418877235,1144.172999846851,21502094.0,8451611614.0,0.1302620295719322,399.89,405.58,378.0,401.6,2026-07-24,399.89,2.8490363542003263
001311,多利科技,2026-07-27,43.63095765103917,45.19578102670935,43.53890921717621,45.01168415898344,3999321.0,58310948.0,0.022578378963440775,14.22,14.73,14.19,14.67,2026-07-24,14.23,3.0682811287650607
001312,福恩股份,2026-07-27,16.84839978012893,17.72613078663864,16.82822205584135,17.625242165200742,3433424.0,59073182.0,0.06006661725122392,16.7,17.57,16.68,17.47,2026-07-24,16.71,1.0088862143789779
001313,粤海饲料,2026-07-27,7.174339600218548,7.256803273784279,7.112491845044251,7.22587939619713,7488700.0,52306036.0,0.01071109944677923,6.96,7.04,6.9,7.01,2026-07-24,6.95,1.0307959195716305
001314,亿道信息,2026-07-27,52.13800599483677,54.965682581957665,51.039562397532116,54.75904467751422,6758800.0,332853112.0,0.054462799240096164,47.94,50.54,46.93,50.35,2026-07-24,48.01,1.0875679181234204
001316,润贝航科,2026-07-27,50.93729877598612,53.55922698197295,50.93729877598612,53.17862450045873,1800676.0,44941452.0,0.01198846498159789,24.09,25.33,24.09,25.15,2026-07-24,24.53,2.114458230634542
001317,三羊马,2026-07-27,47.895586840426475,51.72963006467575,47.20665719856918,51.72963006467575,5364111.0,267515039.0,0.0627517747335582,47.97,51.81,47.28,51.81,2026-07-24,47.1,0.998448756314915
001318,阳光乳业,2026-07-27,10.07371927706188,10.358228085096055,10.01049509749873,10.273929179011855,2719400.0,26492646.0,0.00962074577230595,9.56,9.83,9.5,9.75,2026-07-24,9.56,1.053736326052498
001319,铭科精技,2026-07-27,18.233750258802324,19.24916269836437,18.135484538844704,19.22732587170712,2406000.0,41793639.0,0.037910913292966975,16.7,17.63,16.61,17.61,2026-07-24,16.65,1.0918413328624146
001322,箭牌家居,2026-07-27,6.2662762114986785,6.416238377243946,6.2341414616961215,6.37339204417387,3109400.0,18432075.0,0.003957933558739351,5.85,5.99,5.82,5.95,2026-07-24,5.87,1.071158326751911
001323,慕思股份,2026-07-27,20.10564257493502,20.460448032139755,19.46173637482272,20.237052003529364,3050210.0,46816390.0,0.009799933229458838,15.3,15.57,14.81,15.4,2026-07-24,15.39,1.3140942859434652
001324,长青科技,2026-07-27,18.678587974364742,19.149476746827716,18.301876956394356,19.086691577165986,1646273.0,29632451.0,0.011929514492753623,17.85,18.3,17.49,18.24,2026-07-24,17.82,1.0464194943621703
001325,元创股份,2026-07-27,34.17848003843768,34.98136434502007,34.076849113553834,34.91022269760138,487327.0,16648930.0,0.02486362244897959,33.63,34.42,33.53,34.35,2026-07-24,33.52,1.016309248838468
001326,联域股份,2026-07-27,49.149002631734774,51.7534982448097,48.83429274515488,51.57986520393804,1329433.0,62235453.0,0.055353074440542493,45.29,47.69,45.0,47.53,2026-07-24,45.13,1.0852065054478863
001328,登康口腔,2026-07-27,28.330938793792566,31.178917579718473,28.053087204921745,31.178917579718473,3595849.0,109261998.0,0.022235455910915927,28.55,31.42,28.27,31.42,2026-07-24,28.56,0.9923271031100723
001330,博纳影业,2026-07-27,4.549534472619726,4.772949111900159,4.549534472619726,4.762793901023776,54499100.0,252899068.0,0.04686694372419082,4.48,4.7,4.48,4.69,2026-07-24,4.47,1.0155210876383316
001331,胜通能源,2026-07-27,98.31659173425442,108.14119975359898,97.61147632616749,104.23956116218464,14477087.0,642599375.0,0.0506485561644751,41.83,46.01,41.53,44.35,2026-07-24,41.83,2.3503846936231034
001332,锡装股份,2026-07-27,62.27289859590487,64.82578196511331,62.27289859590487,64.82578196511331,1795515.0,52586810.0,0.026717024700326542,28.54,29.71,28.54,29.71,2026-07-24,28.8,2.181951597614046
001333,光华股份,2026-07-27,18.711728253721216,19.3893726180499,18.65707951466245,19.236356148685363,872000.0,15252027.0,0.0068125,17.12,17.74,17.07,17.6,2026-07-24,17.17,1.0929747811753046
001335,信凯科技,2026-07-27,29.817554881773177,30.619544288938112,29.4576878400966,30.57841662703221,902680.0,26612078.0,0.03533819839704229,29.0,29.78,28.65,29.74,2026-07-24,28.58,1.0281915476473509
001336,楚环科技,2026-07-27,20.60496210132283,21.263234217135885,20.281050425287837,21.158746579705237,1281600.0,25748153.0,0.02591158077423787,19.72,20.35,19.41,20.25,2026-07-24,19.67,1.0448763743064315
001337,四川黄金,2026-07-27,37.53999033401573,38.524000565575776,37.0086248089733,38.33703862157937,20301514.0,778486856.0,0.0483369380952381,38.15,39.15,37.61,38.96,2026-07-24,37.05,0.9840102315600453
001338,永顺泰,2026-07-27,8.455687330776572,8.770806113289984,8.455687330776572,8.739294235038642,3972500.0,32873787.0,0.007917591925394802,8.05,8.35,8.05,8.32,2026-07-24,8.12,1.0503959417113753
001339,智微智能,2026-07-27,76.59182828974147,78.94993828862542,75.01282952396896,78.22276780438807,9194360.0,682631538.0,0.05679047947669715,73.73,76.0,72.21,75.3,2026-07-24,74.46,1.0388149774819133
001356,富岭股份,2026-07-27,8.232494644047662,8.454721493334837,8.202190982781229,8.404215391224117,2833564.0,23472731.0,0.01338502998396289,8.15,8.37,8.12,8.32,2026-07-24,8.16,1.010122042214437
001358,兴欣新材,2026-07-27,31.25378801515928,34.04784918114568,30.780477107259948,34.04784918114568,1956660.0,41681040.0,0.038383713469402295,20.47,22.3,20.16,22.3,2026-07-24,20.27,1.526809380320434
001359,平安电工,2026-07-27,90.26034775953963,95.75204031971995,87.42902766528323,95.37809238274268,3983320.0,343678260.0,0.06606964936470917,84.48,89.62,81.83,89.27,2026-07-24,82.87,1.0684226770778837
001360,南矿集团,2026-07-27,13.938451309427398,14.520085641266396,13.938451309427398,14.447381349786522,3113228.0,43033387.0,0.024809690616887585,13.42,13.98,13.42,13.91,2026-07-24,13.51,1.0386327354267808
001365,天海电子,2026-07-27,37.25158338280844,38.41901192187081,35.94618601640233,38.38717296171456,7145310.0,251640894.0,0.12425406020132354,35.1,36.2,33.87,36.17,2026-07-24,35.63,1.0612986718748842
001366,播恩集团,2026-07-27,10.504076683369465,10.899279568486339,10.452076303748827,10.857679264789825,3257500.0,33738268.0,0.020273213841175006,10.1,10.48,10.05,10.44,2026-07-24,10.24,1.0400075924128185
001367,海森药业,2026-07-27,37.864920363578065,39.179055835019895,37.374903747108235,38.9785944919186,1310244.0,22797620.0,0.010771751585343551,17.0,17.59,16.78,17.5,2026-07-24,16.96,2.2273482566810627
001368,通达创智,2026-07-27,21.710937749706236,22.725575307844395,21.65328788844839,22.679455418838117,1603800.0,31193905.0,0.014838925901955817,18.83,19.71,18.78,19.67,2026-07-24,18.96,1.1529972251569962
001369,双欣材料,2026-07-27,12.795983539480385,13.312035550537619,12.732793497310112,13.269908855757436,12400781.0,153904118.0,0.05977621493494398,12.15,12.64,12.09,12.6,2026-07-24,12.28,1.0531673695045585
001373,翔腾新材,2026-07-27,24.41965173326917,25.721338925874136,24.41965173326917,25.61720395046574,1247399.0,30262851.0,0.02972794735770671,23.45,24.7,23.45,24.6,2026-07-24,23.86,1.0413497540839731
001376,百通能源,2026-07-27,9.64180157630706,10.130878467858867,9.581914609994593,10.120897306806791,12063295.0,120466899.0,0.056359591244435084,9.66,10.15,9.6,10.14,2026-07-24,9.77,0.9981161052077702
001378,德冠新材,2026-07-27,22.85170282776547,23.713204723508706,22.70568555730052,23.625594361229734,3338960.0,53662163.0,0.039588431412742604,15.65,16.24,15.55,16.18,2026-07-24,15.75,1.460172704649551
001379,腾达科技,2026-07-27,14.763203240641722,15.304590101370474,14.721558097508742,15.252533672454248,1875246.0,27265526.0,0.02786494481421535,14.18,14.7,14.14,14.65,2026-07-24,14.2,1.041128578324522
001380,华纬科技,2026-07-27,33.94058062979306,35.51655644638507,33.94058062979306,35.1739530079955,1199534.0,18404295.0,0.005154134879349505,14.86,15.55,14.86,15.4,2026-07-24,15.04,2.2840229225971105
001382,新亚电缆,2026-07-27,16.911979041031284,17.93475602640825,16.674364185842695,17.81078305848377,9779988.0,165773220.0,0.15523790476190477,16.37,17.36,16.14,17.24,2026-07-24,16.9,1.0331080660373417
001386,马可波罗,2026-07-27,14.328621502714936,14.838572442448685,14.208633046306996,14.818574366380696,4104017.0,60140150.0,0.03816170864065284,14.33,14.84,14.21,14.82,2026-07-24,14.5,0.9999038033995071
001387,雪祺电气,2026-07-27,14.714350166229798,15.236335742596532,14.686134729669435,15.16579715119562,2161510.0,23082820.0,0.018554598087976184,10.43,10.8,10.41,10.75,2026-07-24,10.44,1.4107718280181973
001388,信通电子,2026-07-27,23.401135519935096,24.930474506341238,23.030045912939492,24.784287691464176,12304195.0,266326884.0,0.09834027677361919,20.81,22.17,20.48,22.04,2026-07-24,21.44,1.1245139605927486
001389,广合科技,2026-07-27,170.06832158026094,178.66459867729753,167.9033332743406,177.7731329042715,6929127.0,1137009297.0,0.04547957639514494,160.25,168.35,158.21,167.51,2026-07-24,160.5,1.0612687774119247
001390,古麒绒材,2026-07-27,16.869294382624958,17.393062749513724,16.859411960608185,17.1756494651448,767751.0,13327099.0,0.006463679472635162,17.07,17.6,17.06,17.38,2026-07-24,17.07,0.988242201676916
001391,国货航,2026-07-27,4.220503906870997,4.321472899858342,4.200310108273529,4.311376000559607,18271137.0,77652140.0,0.012025595588314566,4.18,4.28,4.16,4.27,2026-07-24,4.18,1.0096899298734443
001393,维通利,2026-07-27,42.34065038651932,46.01197899146271,42.34065038651932,44.65780040767213,4008627.0,175885650.0,0.08344321183968895,42.21,45.87,42.21,44.52,2026-07-24,42.17,1.0030952472522938
001395,亚联机械,2026-07-27,29.63686924266113,30.71617551757038,28.965056153176803,30.58401556554068,3813637.0,103961756.0,0.07333000682606981,26.91,27.89,26.3,27.77,2026-07-24,27.08,1.101332933580867
001396,誉帆科技,2026-07-27,30.854124162291,31.9912291001576,30.854124162291,31.96077093217903,622022.0,19430971.0,0.02738081403538427,30.39,31.51,30.39,31.48,2026-07-24,30.75,1.01527226595232
001400,江顺科技,2026-07-27,97.55931157315197,102.65959729882614,96.55669130229295,102.13649107055187,1646053.0,113377310.0,0.0356045769659215,67.14,70.65,66.45,70.29,2026-07-24,67.1,1.4530728563174258
001696,宗申动力,2026-07-27,423.1969088686228,438.532267238775,423.1969088686228,437.9424457629999,22770665.0,333523335.0,0.02554526096521021,14.35,14.87,14.35,14.85,2026-07-24,14.46,29.491073788754203
001872,招商港口,2026-07-27,99.1125088450989,100.20009839826555,98.63964382198297,99.77451987746122,2721600.0,57230147.0,0.0011821464328252511,20.96,21.19,20.86,21.1,2026-07-24,20.99,4.728650231159299
001896,豫能控股,2026-07-27,17.97473607546572,19.403799702180354,17.80429729429792,18.551605796341352,113823580.0,1608694605.0,0.07460019188988241,13.71,14.8,13.58,14.15,2026-07-24,14.39,1.3110675474446185
001914,招商积余,2026-07-27,88.72468147997309,91.09479492252754,88.51858465888141,90.27040763816078,7688883.0,67202373.0,0.007296921159760859,8.61,8.84,8.59,8.76,2026-07-24,8.6,10.304841054584564
001965,招商公路,2026-07-27,13.631256173572513,13.941057450244616,13.617786552847639,13.86023972589537,11996779.0,123255466.0,0.001765505708768464,10.12,10.35,10.11,10.29,2026-07-24,10.17,1.3469620724874025
001979,招商蛇口,2026-07-27,8.904697937913582,9.154977909541332,8.87835267774224,9.023251608684621,41757540.0,286463865.0,0.0047078791413185045,6.76,6.95,6.74,6.85,2026-07-24,6.76,1.317263008567098
002001,新 和 成,2026-07-27,1381.5869995020425,1412.5916720512214,1363.73582439797,1402.7265489673919,17755216.0,527700913.0,0.0058465898615191626,29.41,30.07,29.03,29.86,2026-07-24,29.75,46.97677658966483
002003,伟星股份,2026-07-27,271.8254864566142,284.9255099003064,270.73381783630646,282.4692555046141,20497964.0,209922764.0,0.020054736906847045,9.96,10.44,9.92,10.35,2026-07-24,10.0,27.291715507692185
002004,华邦健康,2026-07-27,104.44967173033318,106.18224922349037,103.21211637807805,105.68722708258831,26335729.0,111778057.0,0.01398365388447248,4.22,4.29,4.17,4.27,2026-07-24,4.2,24.75110704510265
002006,精工科技,2026-07-27,104.91294462614276,107.40889096934997,104.91294462614276,107.32569275790974,5939833.0,76301834.0,0.0114272950424307,12.61,12.91,12.61,12.9,2026-07-24,12.67,8.31982114402401
002007,华兰生物,2026-07-27,576.9076113760551,590.9785287266906,574.1842080178676,587.3473242491071,10010255.0,129425025.0,0.006361602229156419,12.71,13.02,12.65,12.94,2026-07-24,12.75,45.3900559697919
002008,大族激光,2026-07-27,1324.9835165570016,1351.022300413875,1275.9004089867954,1345.1635740460786,41513890.0,4191749250.0,0.043391556237490435,101.77,103.77,98.0,103.32,2026-07-24,101.76,13.019391928436688
002009,天奇股份,2026-07-27,86.00456732207392,89.44253197324643,85.61641002274798,89.27617884496391,11002000.0,175745669.0,0.031074920330832718,15.51,16.13,15.44,16.1,2026-07-24,15.52,5.5451042760847145
002010,传化智联,2026-07-27,42.535598366387,43.485053687065275,42.25076177018351,43.39010815499745,21223006.0,96540437.0,0.007696954821726952,4.48,4.58,4.45,4.57,2026-07-24,4.45,9.494553206782811
002011,盾安环境,2026-07-27,63.735653243801785,64.92521848116154,63.48521845698921,64.61217499764582,9673489.0,99394950.0,0.009112904127894686,10.18,10.37,10.14,10.32,2026-07-24,10.21,6.260869670314517
002012,凯恩股份,2026-07-27,32.67411940053176,33.33867776122054,30.23740541133956,33.283297897829804,41769874.0,237638647.0,0.08932335101422084,5.9,6.02,5.46,6.01,2026-07-24,5.73,5.537986339073179
002014,永新股份,2026-07-27,157.2905671541873,159.49970433331916,156.5541880944767,158.91060108555064,1953100.0,21043462.0,0.0032406145089802925,10.68,10.83,10.63,10.79,2026-07-24,10.68,14.727581194212295
002015,协鑫能科,2026-07-27,70.52838593580708,73.75679796807994,68.98868173580003,73.11111556162537,74915843.0,1081526650.0,0.04614963781975895,14.2,14.85,13.89,14.72,2026-07-24,14.5,4.966787741958245
002016,世荣兆业,2026-07-27,29.375592959129207,30.323192732004344,29.229808378686876,29.958731280898522,8916300.0,36733069.0,0.011020081739855444,4.03,4.16,4.01,4.11,2026-07-24,4.03,7.289229022116428
002017,东信和平,2026-07-27,108.93995496400936,114.69226777689369,108.05498376202715,114.426776416299,15928639.0,203251584.0,0.027459104753733688,12.31,12.96,12.21,12.93,2026-07-24,12.3,8.849712019822043
002019,亿帆医药,2026-07-27,148.46006822005785,153.1610509726848,146.03375454128266,152.40282794806757,10165596.0,101932867.0,0.012065727165417492,9.79,10.1,9.63,10.05,2026-07-24,9.8,15.16446049234503
002020,京新药业,2026-07-27,176.4453429555265,183.68750255444735,175.26026229388492,182.2390706346632,13320045.0,183291375.0,0.018398656897058906,13.4,13.95,13.31,13.84,2026-07-24,13.46,13.167562907128843
002021,中捷资源,2026-07-27,26.896674360084628,28.194320930088715,26.306835010082775,27.8404173200876,41533398.0,97411182.0,0.03474325041283136,2.28,2.39,2.23,2.36,2026-07-24,2.22,11.796787000037119
002022,科华生物,2026-07-27,63.90431961936642,66.03446360667864,63.105515624124344,65.90132960747162,7825148.0,38294007.0,0.0152156752098549,4.8,4.96,4.74,4.95,2026-07-24,4.76,13.313399920701338
002023,海特高新,2026-07-27,94.24351797390896,97.12525634910209,93.4964006173774,96.69833214536979,23254305.0,208610161.0,0.03138824828410449,8.83,9.1,8.76,9.06,2026-07-24,8.69,10.673105093307923
002025,航天电器,2026-07-27,424.9733907038506,438.515790104125,412.01137984930216,436.7746244669469,15178640.0,1000093451.0,0.03344260814341556,65.9,68.0,63.89,67.73,2026-07-24,65.9,6.448761619178309
002026,山东威达,2026-07-27,36.9737693820341,37.80419628794075,36.77604869015157,37.72510801118773,3036200.0,28819281.0,0.006892717251026538,9.35,9.56,9.3,9.54,2026-07-24,9.35,3.954413837650706
002027,分众传媒,2026-07-27,82.93609113589737,84.73904963885167,82.4443751805462,84.41123900195089,116772071.0,598723281.0,0.008085476812079922,5.06,5.17,5.03,5.15,2026-07-24,5.07,16.390531845039007
002028,思源电气,2026-07-27,3355.8146932879226,3517.1281362527097,3320.952836688116,3471.745837720417,14069619.0,2349710181.0,0.023034533740031508,162.68,170.5,160.99,168.3,2026-07-24,162.68,20.62831751467865
002029,七 匹 狼,2026-07-27,78.51753732563397,86.87970935063233,78.51753732563397,86.87970935063233,28236769.0,218018440.0,0.04243540145392657,7.23,8.0,7.23,8.0,2026-07-24,7.27,10.85996366882904
002030,达安基因,2026-07-27,151.14828783126384,156.35033215432836,150.57028290647887,155.19432230475846,22876181.0,122343506.0,0.016300007608700123,5.23,5.41,5.21,5.37,2026-07-24,5.2,28.900246239247384
002031,巨轮智能,2026-07-27,69.69415757547063,72.63679978421273,69.07465395257755,72.32704797276618,56486591.0,260691433.0,0.025682865703510627,4.5,4.69,4.46,4.67,2026-07-24,4.5,15.487590572326805
002032,苏 泊 尔,2026-07-27,478.2191091137673,483.912193746074,474.8702358006456,478.10748000332984,2972300.0,127411335.0,0.0037177724706387097,42.84,43.35,42.54,42.83,2026-07-24,42.93,11.162911043738731
002033,丽江股份,2026-07-27,53.6018506344945,55.098018795408784,53.53679984488953,54.77276484738393,14808131.0,124110712.0,0.02694934505745167,8.24,8.47,8.23,8.42,2026-07-24,8.24,6.505078960496904
002034,旺能环境,2026-07-27,54.30420213780906,55.44786362074041,54.107019123510554,55.368990415020995,5758371.0,80469640.0,0.011191137749666862,13.77,14.06,13.72,14.04,2026-07-24,13.76,3.943660285970157
002035,华帝股份,2026-07-27,87.69899206726899,90.7761496836644,87.69899206726899,90.00686027956554,8671000.0,40447301.0,0.011087701227056115,4.56,4.72,4.56,4.68,2026-07-24,4.58,19.23223510247127
002037,保利联合,2026-07-27,24.91095228385837,25.764067088100095,24.69767358279794,25.72141134788801,6752915.0,40228387.0,0.013955660978161841,5.84,6.04,5.79,6.03,2026-07-24,5.84,4.265574021208625
002038,双鹭药业,2026-07-27,120.82862965672024,130.6875121524299,119.68224797117261,127.70691977000604,40087736.0,221876529.0,0.047056231378900956,5.27,5.7,5.22,5.57,2026-07-24,5.29,22.92763371095261
002039,黔源电力,2026-07-27,74.632770818814,75.5905835859959,74.05808315850484,74.32627073331578,6548552.0,127535647.0,0.015316210782187166,19.48,19.73,19.33,19.4,2026-07-24,19.53,3.831251068727618
002040,南 京 港,2026-07-27,25.136723252157584,25.67288924373435,24.915949020331862,25.609810891784136,6302880.0,50830019.0,0.012966875954822196,7.97,8.14,7.9,8.12,2026-07-24,7.99,3.153917597510362
002041,登海种业,2026-07-27,112.27320599235544,114.85889194854302,111.86493978874688,114.72280321400683,11409009.0,95577668.0,0.012964782954545454,8.25,8.44,8.22,8.43,2026-07-24,8.31,13.608873453618841
002042,华孚时尚,2026-07-27,27.898081613059144,28.53212892244685,27.58105795836529,28.452873008773388,20116035.0,71649694.0,0.01182822104849853,3.52,3.6,3.48,3.59,2026-07-24,3.49,7.925591367346348
002043,兔 宝 宝,2026-07-27,113.3417189342207,119.15411477700125,112.68548069390675,118.40412821664246,10854006.0,134594992.0,0.013441105229448195,12.09,12.71,12.02,12.63,2026-07-24,12.09,9.374832004484755
002044,美年健康,2026-07-27,42.78929217930999,44.4888668686751,42.48936723412791,44.38889188694775,73857938.0,324740912.0,0.0190639128907332,4.28,4.45,4.25,4.44,2026-07-24,4.32,9.997498172735979
002045,国光电器,2026-07-27,43.554582190359405,45.28483271572985,42.957944078162704,45.16550509329051,23554151.0,175837356.0,0.0419318277590559,7.3,7.59,7.2,7.57,2026-07-24,7.26,5.966381121967042
002046,国机精工,2026-07-27,272.2323888134581,282.0368830188291,266.26942157744304,281.8648743485594,11298812.0,543116381.0,0.02131135665293258,47.48,49.19,46.44,49.16,2026-07-24,47.7,5.733622342322201
002047,宝鹰股份,2026-07-27,10.530709171900092,11.106342792229036,10.530709171900092,11.106342792229036,24011780.0,77419532.0,0.015837244641061007,3.11,3.28,3.11,3.28,2026-07-24,3.13,3.386080119582023
002048,宁波华翔,2026-07-27,153.59321086658477,159.97496134616216,152.55833241043712,159.7162417321252,18499113.0,338283266.0,0.026122405730456304,17.81,18.55,17.69,18.52,2026-07-24,17.5,8.623987134563997
002049,紫光国微,2026-07-27,396.206400166581,411.1213864896279,387.9134202193268,408.4602063573,24403636.0,1593431002.0,0.028944444369063044,64.02,66.43,62.68,66.0,2026-07-24,64.5,6.188791005413637
002050,三花智控,2026-07-27,537.5429214875711,553.6692091321981,536.1606682608887,553.362041748491,55424359.0,1976076445.0,0.015015355968323625,35.0,36.05,34.91,36.03,2026-07-24,35.05,15.358369185359173
002051,中工国际,2026-07-27,50.002273083110985,52.01385878185683,49.54248206625479,52.01385878185683,24238353.0,216045427.0,0.01976363121224543,8.7,9.05,8.62,9.05,2026-07-24,8.23,5.747387710702412
002052,同洲电子,2026-07-27,56.29814660725201,59.0047882710622,55.75681827448997,58.598792021490674,12491800.0,107041142.0,0.018120151948581055,8.32,8.72,8.24,8.66,2026-07-24,8.32,6.766604159525482
002053,云南能投,2026-07-27,20.994158228552354,21.805190831200626,20.947813508401023,21.735673750973632,7735785.0,72038955.0,0.008401859747734601,9.06,9.41,9.04,9.38,2026-07-24,9.11,2.317236007566485
002054,德美化工,2026-07-27,23.499129203455897,24.34231168657522,23.46246909549419,24.19567125472838,12111400.0,79473344.0,0.03153909163041245,6.41,6.64,6.4,6.6,2026-07-24,6.44,3.666010796170967
002056,横店东磁,2026-07-27,221.85676560184393,232.4363375214786,218.5048220233458,232.01734457416632,33160677.0,711604892.0,0.02040617352692984,21.18,22.19,20.86,22.15,2026-07-24,21.18,10.474823682806607
002057,中钢天源,2026-07-27,48.6191588342711,50.212185008395316,48.55543778730613,50.212185008395316,21667465.0,168867472.0,0.028762863317846957,7.63,7.88,7.62,7.88,2026-07-24,7.61,6.3721046964968675
002059,云南旅游,2026-07-27,8.780669368079632,9.119201199138123,8.780669368079632,9.076884720255812,9421901.0,40254423.0,0.00958439426446487,4.15,4.31,4.15,4.29,2026-07-24,4.18,2.115823944115574
002060,广东建工,2026-07-27,14.871746479299427,15.05764331029067,14.778798063803805,15.011169102542858,13237684.0,42720428.0,0.008470411968108875,3.2,3.24,3.18,3.23,2026-07-24,3.19,4.647420774781071
002061,浙江交科,2026-07-27,13.222274458528021,13.410625946541241,13.146933863322735,13.297615053733308,13810773.0,48804767.0,0.005313597635585246,3.51,3.56,3.49,3.53,2026-07-24,3.5,3.7670297602643936
002062,宏润建设,2026-07-27,81.55567397158742,82.21515381502344,79.13758121232203,80.89619412815141,15831309.0,115852687.0,0.01407601625946865,7.42,7.48,7.2,7.36,2026-07-24,7.48,10.991330723933615
002063,远光软件,2026-07-27,96.31357410961306,98.36279909066866,95.5684013892292,98.17650591057269,19889032.0,104406993.0,0.011242063356408294,5.17,5.28,5.13,5.27,2026-07-24,5.18,18.629318009596336
002064,华峰化学,2026-07-27,126.36338929495396,131.00822641324163,125.52970058141514,130.4127344749996,39225100.0,425508140.0,0.007921077277850682,10.61,11.0,10.54,10.95,2026-07-24,10.62,11.909838764840147
002065,东华软件,2026-07-27,210.42578755728124,216.80232657416855,206.28103719630448,216.16467267247984,34179200.0,229375316.0,0.011753824251679488,6.6,6.8,6.47,6.78,2026-07-24,6.63,31.882695084436552
002066,瑞泰科技,2026-07-27,64.98796606824673,65.89417276640954,64.34067556955902,65.34397584252498,1816700.0,36498707.0,0.007864502164502164,20.08,20.36,19.88,20.19,2026-07-24,20.08,3.2364524934385828
002067,景兴纸业,2026-07-27,11.042174818909285,11.65267967668552,11.042174818909285,11.51996122934286,90797911.0,388806573.0,0.06788101783376069,4.16,4.39,4.16,4.34,2026-07-24,4.14,2.6543689468531935
002068,黑猫股份,2026-07-27,46.79695350515972,48.52071577615469,46.669267411011944,48.45687272908081,19682900.0,147898293.0,0.026780209235301736,7.33,7.6,7.31,7.59,2026-07-24,7.37,6.384304707388775
002069,獐子岛,2026-07-27,20.06961771460141,20.60839939821487,19.867574583246366,20.541051687763186,9599601.0,29060756.0,0.013516449049034216,2.98,3.06,2.95,3.05,2026-07-24,2.98,6.734771045168259
002072,凯瑞德,2026-07-27,7.223271313434448,7.35187555046889,7.126818135658617,7.233988333187318,6289125.0,42355679.0,0.01711178461292329,6.74,6.86,6.65,6.75,2026-07-24,6.75,1.07170197528701
002073,软控股份,2026-07-27,52.09757908666727,53.266122916648584,52.000200434168825,52.973986959153265,12651989.0,68672550.0,0.01247717316098588,5.35,5.47,5.34,5.44,2026-07-24,5.36,9.737865249844349
002074,国轩高科,2026-07-27,126.38462369501427,128.3290025210914,124.57912907079978,126.80127630060224,26095686.0,712989763.0,0.015025694644304345,27.3,27.72,26.91,27.39,2026-07-24,26.85,4.629473395421768
002075,沙钢股份,2026-07-27,10.299206181490252,10.572636434096188,10.268825042311814,10.572636434096188,24131266.0,83228763.0,0.01099964668052911,3.39,3.48,3.38,3.48,2026-07-24,3.4,3.038113917843732
002077,大港股份,2026-07-27,17.84448341505989,18.296242488858876,17.257196619121213,18.26612521727228,33436292.0,399255883.0,0.05761415985570036,11.85,12.15,11.46,12.13,2026-07-24,12.01,1.5058635793299486
002078,太阳纸业,2026-07-27,131.2546274286538,133.4730154978705,130.70003041134964,132.27138862704481,13033667.0,186162484.0,0.004692835234506082,14.2,14.44,14.14,14.31,2026-07-24,14.28,9.243283621736184
002079,苏州固锝,2026-07-27,44.79596563721939,47.37637840434032,44.641140871192135,46.60225457420404,56191611.0,501573079.0,0.06927617843679741,8.68,9.18,8.65,9.03,2026-07-24,8.53,5.160825534241865
002080,中材科技,2026-07-27,282.3240436140694,308.32444964917505,280.24638559756556,308.32444964917505,45841544.0,2265856844.0,0.02731714424198212,47.56,51.94,47.21,51.94,2026-07-24,47.22,5.936165761439643
002081,金 螳 螂,2026-07-27,116.55362244716298,120.8097940533796,115.57142899957452,120.8097940533796,75929501.0,275983535.0,0.02871501996894111,3.56,3.69,3.53,3.69,2026-07-24,3.55,32.73978158628174
002083,孚日股份,2026-07-27,36.826790079792616,37.26800561589237,32.82643588582153,35.29724288798015,223997855.0,2710713277.0,0.23662436489570748,12.52,12.67,11.16,12.0,2026-07-24,11.52,2.9414369073316786
002084,海鸥住工,2026-07-27,10.970209918252264,11.342655316711445,10.83477522790347,11.241079298949849,12171208.0,40145839.0,0.018883519999011018,3.24,3.35,3.2,3.32,2026-07-24,3.26,3.385867258719834
002085,万丰奥威,2026-07-27,82.68972065833265,84.52541576881028,82.68972065833265,84.52541576881028,15802105.0,159275380.0,0.007442247189173941,9.91,10.13,9.91,10.13,2026-07-24,9.98,8.344068683989168
002086,东方海洋,2026-07-27,6.968978563944498,7.132954530154957,6.927984572391884,7.132954530154957,20957700.0,36123551.0,0.013253586914603372,1.7,1.74,1.69,1.74,2026-07-24,1.7,4.0993991552614695
002088,鲁阳节能,2026-07-27,49.494439153163896,50.85930757683605,48.991592891811,50.500131675869696,5254100.0,36723577.0,0.010384322652844393,6.89,7.08,6.82,7.03,2026-07-24,6.98,7.183518019327126
002090,金智科技,2026-07-27,51.57490769453422,53.02772199578871,50.787966614688045,52.66451842047508,6259840.0,53843584.0,0.015720788406840727,8.52,8.76,8.39,8.7,2026-07-24,8.42,6.053392921893688
002091,江苏国泰,2026-07-27,63.70699221445837,64.81568150333113,63.621708423006616,64.30397875462063,9756700.0,73617575.0,0.006088910420106792,7.47,7.6,7.46,7.54,2026-07-24,7.47,8.52837914517515
002092,中泰化学,2026-07-27,14.977881827878466,15.35750556084313,14.667280591816471,15.288483063940463,61189200.0,267349123.0,0.02375776323503588,4.34,4.45,4.25,4.43,2026-07-24,4.39,3.4511248451332874
002093,国脉科技,2026-07-27,78.29809704862434,82.45217615249027,78.04633467869309,82.07453259759336,19060011.0,122945024.0,0.01891812506203474,6.22,6.55,6.2,6.52,2026-07-24,6.24,12.5881184965634
002094,青岛金王,2026-07-27,22.44628115203799,23.522841399138134,22.33862512732798,23.41518537442812,23717140.0,102021158.0,0.03435008775659143,4.17,4.37,4.15,4.35,2026-07-24,4.2,5.382801235500717
002095,生 意 宝,2026-07-27,59.11422447223718,60.3864752679502,58.20547390387075,60.06841256902196,2364100.0,31091226.0,0.009392216783852856,13.01,13.29,12.81,13.22,2026-07-24,12.9,4.54375284183222
002096,易普力,2026-07-27,46.55678234075551,47.38445847125783,46.401593066286324,47.22926919678865,4656916.0,42329111.0,0.003754249320353939,9.0,9.16,8.97,9.13,2026-07-24,9.0,5.172975815639501
002097,山河智能,2026-07-27,33.927221519709754,34.7255090848794,33.77754260124045,34.625723139233195,15436398.0,106651900.0,0.014391176962959976,6.8,6.96,6.77,6.94,2026-07-24,6.8,4.989297282310258
002098,浔兴股份,2026-07-27,15.014915319369871,15.52761974490933,15.014915319369871,15.38113276618377,2540200.0,15992865.0,0.0070955307262569834,6.15,6.36,6.15,6.3,2026-07-24,6.18,2.4414496454259953
002099,海翔药业,2026-07-27,36.675418915013516,38.582540698594215,36.675418915013516,38.14243567161405,19497300.0,101035389.0,0.012058868392977115,5.0,5.26,5.0,5.2,2026-07-24,5.03,7.335083783002703
002100,天康生物,2026-07-27,87.89719963094049,89.40616443147165,87.01697016396398,89.02892323133887,16612454.0,117172096.0,0.012168053884195836,6.99,7.11,6.92,7.08,2026-07-24,6.98,12.57470667109306
002101,广东鸿图,2026-07-27,36.75275228259262,37.81676441140109,36.70841844389226,37.37342602439756,4434668.0,37515119.0,0.006696747668944709,8.29,8.53,8.28,8.43,2026-07-24,8.35,4.433383870035298
002103,广博股份,2026-07-27,14.209385708406012,14.766141877559908,14.209385708406012,14.717728297633483,6045100.0,36470475.0,0.015574711999869489,5.87,6.1,5.87,6.08,2026-07-24,5.91,2.4206789963212967
002104,恒宝股份,2026-07-27,65.0993134239383,69.56903372547116,64.01792948001906,69.3527569366873,42172023.0,400241294.0,0.07032168042538196,9.03,9.65,8.88,9.62,2026-07-24,9.04,7.209226292794939
002105,信隆健康,2026-07-27,8.565992288989548,9.0615455619063,8.37131064605797,8.937657243677112,11189501.0,56025883.0,0.030700664161254537,4.84,5.12,4.73,5.05,2026-07-24,4.79,1.769833117559824
002106,莱宝高科,2026-07-27,38.05435182786318,39.35814118384992,37.72840448886649,39.35814118384992,16452673.0,157227149.0,0.023340353869608962,9.34,9.66,9.26,9.66,2026-07-24,9.34,4.074341737458584
002107,沃华医药,2026-07-27,50.02997244512507,52.566457062098195,49.94250745833289,52.216597114929485,11060600.0,65694681.0,0.019357140111863253,5.72,6.01,5.71,5.97,2026-07-24,5.8,8.74649867921767
002108,沧州明珠,2026-07-27,80.43764343422471,81.5867526261422,79.67157063961304,81.39523442748929,22140180.0,93701870.0,0.01343458986750863,4.2,4.26,4.16,4.25,2026-07-24,4.14,19.151819865291596
002110,三钢闽光,2026-07-27,7.338218275803388,7.486465109658001,7.313510470160952,7.461757304015565,14417907.0,43367264.0,0.005935551482386642,2.97,3.03,2.96,3.02,2026-07-24,2.98,2.4707805642435647
002111,威海广泰,2026-07-27,49.1156148054483,50.73837740915254,48.62878602433703,50.46791697520183,8467536.0,78332551.0,0.017324825232233464,9.08,9.38,8.99,9.33,2026-07-24,9.16,5.40920867901413
002112,三变科技,2026-07-27,51.032067392431806,53.384732194252386,50.2017151094363,52.93495804096316,38089283.0,572712983.0,0.14533456578144077,14.75,15.43,14.51,15.3,2026-07-24,14.87,3.459801179147919
002114,罗平锌电,2026-07-27,11.278421789639038,11.64760089895619,11.259962834173178,11.555306121626902,5796300.0,36098704.0,0.01792351417467403,6.11,6.31,6.1,6.26,2026-07-24,6.1,1.8458955465857672
002115,三维通信,2026-07-27,65.16654834824956,68.23020586119371,63.63471959177748,68.16637966300736,58189142.0,609294555.0,0.07797370623804757,10.21,10.69,9.97,10.68,2026-07-24,10.33,6.382619818633649
002116,中国海诚,2026-07-27,33.741183977211485,34.235922745205784,33.24644520921718,34.03802723800806,3091939.0,21252955.0,0.005601255530617541,6.82,6.92,6.72,6.88,2026-07-24,6.75,4.9473876799430325
002117,东港股份,2026-07-27,52.187561023770165,53.80960683937383,52.187561023770165,53.668559377147425,5410000.0,40992546.0,0.010333209131088275,7.4,7.63,7.4,7.61,2026-07-24,7.43,7.052373111320292
002119,康强电子,2026-07-27,86.32698395101364,89.96468649176772,82.14167027509227,89.57353568093394,38242557.0,855332390.0,0.1019029774783897,22.07,23.0,21.0,22.9,2026-07-24,22.08,3.911508108337727
002120,韵达股份,2026-07-27,43.81523786917241,44.95242724898299,43.74834437624238,44.95242724898299,32620602.0,217437574.0,0.011587600930728343,6.55,6.72,6.54,6.72,2026-07-24,6.58,6.6893492930034215
002121,科陆电子,2026-07-27,73.21638628730882,75.88737033641665,73.05926957853778,75.73025362764561,24366831.0,116468967.0,0.01726096507701934,4.66,4.83,4.65,4.82,2026-07-24,4.69,15.711670877104897
002123,梦网科技,2026-07-27,58.67635268633456,62.009355546985,58.2887942141659,61.156726908213955,19853239.0,156110333.0,0.027553581762279365,7.57,8.0,7.52,7.89,2026-07-24,7.6,7.751169443373125
002124,天邦食品,2026-07-27,34.488327418600434,35.30173136715233,34.16296583917968,35.30173136715233,34520691.0,74203330.0,0.017503924574385012,2.12,2.17,2.1,2.17,2026-07-24,2.13,16.26807897103794
002125,湘潭电化,2026-07-27,52.63004256894267,53.75654176776422,51.9992030176026,53.531241927999915,16317195.0,192393822.0,0.025919938693382022,11.68,11.93,11.54,11.88,2026-07-24,11.54,4.505996795286188
002126,银轮股份,2026-07-27,253.9940673861658,260.50831155334066,249.8765734314421,257.9886510735843,15103970.0,626060564.0,0.018995179996200606,41.33,42.39,40.66,41.98,2026-07-24,40.9,6.145513365259275
002127,南极电商,2026-07-27,31.353740656090384,32.8831914198021,31.13524768984585,32.77394493667984,60757921.0,180339097.0,0.030459174782478417,2.87,3.01,2.85,3.0,2026-07-24,2.89,10.924648312226614
002128,电投能源,2026-07-27,91.24304548858764,92.67911645405101,89.7719484020154,91.41817609413195,13846464.0,359575957.0,0.006177118012521038,26.05,26.46,25.63,26.1,2026-07-24,26.52,3.5026121108862815
002129,TCL中环,2026-07-27,48.08000971834902,49.26786878197882,47.51436254519197,48.92848047808459,77318615.0,663905402.0,0.01913988295885592,8.5,8.71,8.4,8.65,2026-07-24,8.5,5.6564717315704724
002130,沃尔核材,2026-07-27,330.9192284363434,341.1736654698777,329.8510579120169,340.96003136501236,22227497.0,349993264.0,0.01937961839516992,15.49,15.97,15.44,15.96,2026-07-24,15.48,21.363410486529595
002131,利欧股份,2026-07-27,176.44732449931942,185.20058602800626,175.06523057373727,184.7398880528122,274659328.0,1085932466.0,0.04691183311568183,3.83,4.02,3.8,4.01,2026-07-24,3.85,46.069797519404545
002132,恒星科技,2026-07-27,24.0386072641756,24.928926051737662,23.68247974915078,24.750862294225247,49462701.0,203565483.0,0.03535104444349839,4.05,4.2,3.99,4.17,2026-07-24,4.06,5.935458583747062
002133,广宇集团,2026-07-27,7.772437877452841,8.072660799757886,7.739079774974503,8.005944594801209,11658160.0,27828426.0,0.015143020193348152,2.33,2.42,2.32,2.4,2026-07-24,2.33,3.3358102478338374
002134,天津普林,2026-07-27,24.797211028594283,25.608393070294646,24.21066401382632,25.58343362285771,6674000.0,133902046.0,0.02695495027722423,19.87,20.52,19.4,20.5,2026-07-24,19.87,1.2479723718467177
002135,东南网架,2026-07-27,19.74504912639708,20.477639288330543,19.53573765155895,20.33809830510512,11618600.0,67376201.0,0.011130291026196585,5.66,5.87,5.6,5.83,2026-07-24,5.67,3.4885245806355267
002136,安 纳 达,2026-07-27,24.81708664593985,25.572389282990194,24.62286596784119,25.5292291323016,6031600.0,70486140.0,0.02812514804918273,11.5,11.85,11.41,11.83,2026-07-24,11.68,2.158007534429552
002137,实益达,2026-07-27,23.45015066076587,24.360156507303053,23.205149086698167,24.32515628243624,28245599.0,193897384.0,0.0712448562752338,6.7,6.96,6.63,6.95,2026-07-24,6.7,3.5000224866814733
002138,顺络电子,2026-07-27,289.2851564522935,313.87886008799074,284.6824242076239,310.4439852785358,40717658.0,1778559968.0,0.05382375626888345,42.11,45.69,41.44,45.19,2026-07-24,42.11,6.869749618909844
002139,拓邦股份,2026-07-27,168.47061106310895,173.52112188727065,168.47061106310895,171.176241861767,13180094.0,125402098.0,0.012305311302236627,9.34,9.62,9.34,9.49,2026-07-24,9.36,18.037538657720443
002140,东华科技,2026-07-27,79.80644200104564,81.69535187089288,79.80644200104564,81.69535187089288,5260796.0,45233047.0,0.007439840718161265,8.45,8.65,8.45,8.65,2026-07-24,8.5,9.444549349236171
002141,贤丰控股,2026-07-27,40.54880917401497,43.83861822020864,37.2590001278213,43.83861822020864,184420000.0,1014337739.0,0.17853965402020075,5.3,5.73,4.87,5.73,2026-07-24,5.21,7.650718712078296
002142,宁波银行,2026-07-27,78.3862505750503,78.92583052268832,77.01277434469898,78.2145660462564,25859367.0,821356726.0,0.003918417109734912,31.96,32.18,31.4,31.89,2026-07-24,32.01,2.452636125627356
002144,宏达高科,2026-07-27,11.17388284452168,11.558360533795542,11.113808205572637,11.426196328107652,3900500.0,37029671.0,0.028338074000203252,9.3,9.62,9.25,9.51,2026-07-24,9.3,1.2014927789808256
002145,钛能化学,2026-07-27,20.467606874482396,21.076483051526495,20.467606874482396,21.076483051526495,49420526.0,220544056.0,0.012983281286122911,4.37,4.5,4.37,4.5,2026-07-24,4.41,4.683662900339221
002146,荣盛发展,2026-07-27,12.889030437603175,13.253814317912699,12.889030437603175,13.253814317912699,55519384.0,59948521.0,0.01419380824440756,1.06,1.09,1.06,1.09,2026-07-24,1.07,12.159462676984127
002148,北纬科技,2026-07-27,61.09581176225308,62.59378262857802,60.45382424811382,62.59378262857802,15256900.0,87859586.0,0.033835377680015606,5.71,5.85,5.65,5.85,2026-07-24,5.73,10.69979190232103
002149,西部材料,2026-07-27,110.5553702985695,113.84428122161337,108.2599845501951,113.70724326648654,21399603.0,699930736.0,0.04383913391078629,32.27,33.23,31.6,33.19,2026-07-24,32.13,3.425948878170731
002150,正泰电源,2026-07-27,135.46318937420202,137.75183686591228,133.91680593385723,137.5044155154571,5534910.0,121732827.0,0.01543888583355762,21.9,22.27,21.65,22.23,2026-07-24,21.99,6.185533761379087
002151,北斗星通,2026-07-27,161.81504087693912,167.7498739629945,161.14888614279005,166.78092162241404,13270154.0,363787658.0,0.029967708057804496,26.72,27.7,26.61,27.54,2026-07-24,26.93,6.055952128627961
002152,广电运通,2026-07-27,178.15241828502846,181.30720069215917,176.6678147993199,180.93604982073205,26408684.0,256157256.0,0.010639509008594655,9.6,9.77,9.52,9.75,2026-07-24,9.56,18.557543571357133
002153,石基信息,2026-07-27,327.3352011578248,338.52997547922786,323.7528733749759,338.52997547922786,20037497.0,149480705.0,0.012525284638831596,7.31,7.56,7.23,7.56,2026-07-24,7.3,44.77909728561215
002154,报 喜 鸟,2026-07-27,57.73414856465512,59.508102850161286,57.73414856465512,59.18556570734198,27668814.0,101134845.0,0.023452652592939445,3.58,3.69,3.58,3.67,2026-07-24,3.6,16.126857140965118
002155,湖南黄金,2026-07-27,79.27209574720185,79.75992402872309,77.46016213012295,79.3766303789564,36021219.0,813435258.0,0.02305341923606809,22.75,22.89,22.23,22.78,2026-07-24,22.18,3.4844877251517294
002156,通富微电,2026-07-27,190.49120909317332,200.4757922262129,185.57733048319577,200.3973792696707,232111609.0,17277233357.0,0.1529613951825628,72.88,76.7,71.0,76.67,2026-07-24,76.64,2.61376521807318
002157,正邦科技,2026-07-27,45.8701923076923,47.17147435897435,45.54487179487179,47.008814102564095,94845000.0,272260002.0,0.01217886510362405,2.82,2.9,2.8,2.89,2026-07-24,2.82,16.26602564102564
002158,汉钟精机,2026-07-27,110.64068564726034,123.00905497774676,109.96604732014289,123.00905497774676,13836274.0,361372349.0,0.025931660998473174,24.6,27.35,24.45,27.35,2026-07-24,24.86,4.497588847449607
002159,三特索道,2026-07-27,19.30449959343818,20.083676265660973,19.30449959343818,19.988266877225527,3152200.0,39274282.0,0.022764076375187767,12.14,12.63,12.14,12.57,2026-07-24,12.25,1.5901564739240674
002160,常铝股份,2026-07-27,7.495423688714291,7.7263751188987655,7.474428104152066,7.70537953433654,16545782.0,60387935.0,0.01605249697090989,3.57,3.68,3.56,3.67,2026-07-24,3.56,2.0995584562224905
002161,远 望 谷,2026-07-27,52.991274705232115,56.65733773515383,52.546903428877975,56.32405927788823,18573013.0,92619324.0,0.025111922936074293,4.77,5.1,4.73,5.07,2026-07-24,4.78,11.109281908853694
002162,悦心健康,2026-07-27,8.078052016125271,8.628328039022088,8.056040975209399,8.584305957190344,27377901.0,105695454.0,0.02980737750416151,3.67,3.92,3.66,3.9,2026-07-24,3.67,2.2011040915872675
002163,海南发展,2026-07-27,34.0988481883342,36.30634937959,33.8170395256207,36.118476937781,31975030.0,242302427.0,0.03979226528068999,7.26,7.73,7.2,7.69,2026-07-24,7.26,4.696811045225097
002164,宁波东力,2026-07-27,31.776521720350527,32.716655499059115,31.745183927726906,32.6853177064355,5279300.0,54532638.0,0.011003696371156103,10.14,10.44,10.13,10.43,2026-07-24,10.14,3.1337792623619847
002165,红 宝 丽,2026-07-27,48.64302446370745,50.126519591814095,46.144506353212044,50.126519591814095,91388869.0,576404686.0,0.12560590169828265,6.23,6.42,5.91,6.42,2026-07-24,6.37,7.8078690952981455
002166,莱茵生物,2026-07-27,47.938186774356666,49.548909849975054,47.70808347783975,49.47220875113608,12619890.0,80799187.0,0.017086567880756652,6.25,6.46,6.22,6.45,2026-07-24,6.25,7.670109883897067
002167,东方锆业,2026-07-27,118.4816257974174,124.67674348617125,116.2358956352441,124.59930451506182,98979732.0,1553356107.0,0.13045741515820128,15.3,16.1,15.01,16.09,2026-07-24,15.56,7.743897110942313
002169,智光电气,2026-07-27,88.03262357874851,92.01900653325788,87.36822641966361,91.85290724348667,18036711.0,196103464.0,0.023773994870711045,10.6,11.08,10.52,11.06,2026-07-24,10.63,8.30496448856118
002170,芭田股份,2026-07-27,99.58176937481021,102.67380604946185,99.21800035426297,101.76438349809372,16041901.0,179464334.0,0.02033517016625988,10.95,11.29,10.91,11.19,2026-07-24,10.9,9.094225513681298
002171,楚江新材,2026-07-27,51.16746704152378,52.89221312157514,50.99499243351864,52.89221312157514,36486254.0,331292286.0,0.022609726947154678,8.9,9.2,8.87,9.2,2026-07-24,8.84,5.749153600171211
002172,澳洋健康,2026-07-27,8.976250103085869,9.46145281136078,8.945924933818688,9.400802472826417,18373300.0,56498513.0,0.024012968176455592,2.96,3.12,2.95,3.1,2026-07-24,2.98,3.032516926718199
002173,创新医疗,2026-07-27,60.495081492777565,64.08823533464249,59.53484210400331,64.08823533464249,42274225.0,860721303.0,0.10044603824545356,19.53,20.69,19.22,20.69,2026-07-24,18.81,3.097546415400797
002174,游族网络,2026-07-27,33.192894145007784,36.508964074140465,32.64558163243248,36.508964074140465,42083297.0,461459246.0,0.04297463203816912,10.31,11.34,10.14,11.34,2026-07-24,10.31,3.2194853680899884
002176,江特电机,2026-07-27,102.45003227420334,105.33964856911676,101.39926271241663,105.33964856911676,52374770.0,414861694.0,0.03073933340989432,7.8,8.02,7.72,8.02,2026-07-24,7.72,13.134619522333761
002177,御银股份,2026-07-27,47.20885488058715,49.775549903221005,47.02551952182758,49.59221454446145,36810387.0,197103369.0,0.05454045451083289,5.15,5.43,5.13,5.41,2026-07-24,5.14,9.166767937978086
002178,延华智能,2026-07-27,27.579705063036226,28.443647631275915,27.44679082176858,28.310733390008266,11374160.0,48225154.0,0.015979810525384754,4.15,4.28,4.13,4.26,2026-07-24,4.14,6.645712063382223
002179,中航光电,2026-07-27,506.8920330813645,515.6628379497174,504.17005915670325,515.3603964025328,22231219.0,753006679.0,0.010604320875271632,33.52,34.1,33.34,34.08,2026-07-24,33.33,15.12207735922925
002180,奔图科技,2026-07-27,79.0468134667145,83.23759516787487,78.51694451599307,83.0449155494307,19884027.0,334957299.0,0.014617518009417154,16.41,17.28,16.3,17.24,2026-07-24,16.39,4.816990461103869
002181,粤 传 媒,2026-07-27,17.862848009705814,18.966072525416948,17.862848009705814,18.966072525416948,32834076.0,260038038.0,0.028940504355686545,7.61,8.08,7.61,8.08,2026-07-24,7.69,2.3472862036407114
002182,宝武镁业,2026-07-27,53.897149612569365,55.22007964851424,53.652162568875866,55.17108223977555,14495829.0,161469641.0,0.01674839974841749,11.0,11.27,10.95,11.26,2026-07-24,10.96,4.899740873869942
002183,怡 亚 通,2026-07-27,67.17468640630989,69.37198923268451,66.86078600254208,69.21503903080061,43168604.0,188618834.0,0.016622526847328126,4.28,4.42,4.26,4.41,2026-07-24,4.27,15.69502018839016
002184,海得控制,2026-07-27,29.784569548500386,30.71223133644033,29.35386943267112,30.71223133644033,5802087.0,53142069.0,0.02336825020610431,8.99,9.27,8.86,9.27,2026-07-24,8.93,3.313077814071233
002185,华天科技,2026-07-27,193.80801839539836,199.31513148641514,182.05245006649716,196.87929300385002,448416791.0,8183877297.0,0.1349575049673194,18.3,18.82,17.19,18.59,2026-07-24,18.59,10.5906020981092
002186,全 聚 德,2026-07-27,20.27429035502313,21.104232065462675,20.27429035502313,21.05680682486613,4925902.0,43292279.0,0.016055660050886048,8.55,8.9,8.55,8.88,2026-07-24,8.54,2.3712620298272666
002187,广百股份,2026-07-27,11.946389763756136,12.325239333431277,11.82010657386442,12.224212781517904,11273000.0,54036127.0,0.016083729949177682,4.73,4.88,4.68,4.84,2026-07-24,4.72,2.525663797834278
002188,中天服务,2026-07-27,8.763528034805947,9.208788119715255,8.70281075050013,9.127831740640834,12217600.0,54629504.0,0.04747224607925101,4.33,4.55,4.3,4.51,2026-07-24,4.33,2.0239094768604957
002189,中光学,2026-07-27,19.984132056216705,21.863720692855463,19.886911954321597,21.604467087801844,10592351.0,207678380.0,0.040558868908525975,18.5,20.24,18.41,20.0,2026-07-24,19.1,1.080223354390092
002190,成飞集成,2026-07-27,57.822783084006176,63.0482103093066,57.00466063964097,61.385574373983744,11797962.0,270067956.0,0.03288819894501911,21.91,23.89,21.6,23.26,2026-07-24,22.85,2.639104659242637
002191,劲嘉股份,2026-07-27,28.656844968422654,29.04620427505883,28.656844968422654,28.89046055240436,8499200.0,31547801.0,0.006059104488310165,3.68,3.73,3.68,3.71,2026-07-24,3.69,7.787186132723547
002192,融捷股份,2026-07-27,190.49901528768848,198.36087941067242,186.50760734832738,197.54445505943949,19263714.0,1232629404.0,0.07434350639214102,63.0,65.6,61.68,65.33,2026-07-24,61.41,3.0237938934553727
002194,武汉凡谷,2026-07-27,32.3333294653739,33.37375838381415,32.21327997478465,33.29372539008798,11061193.0,91316781.0,0.02165130343524693,8.08,8.34,8.05,8.32,2026-07-24,8.11,4.001649686308651
002195,岩山科技,2026-07-27,180.5329082772027,193.91724458051257,178.97659010239923,193.29471731059115,292683120.0,1795107262.0,0.05211748590541397,5.8,6.23,5.75,6.21,2026-07-24,5.89,31.12636349606943
002196,方正电机,2026-07-27,27.529458779143432,28.496402579237316,27.415700685014745,28.496402579237316,16293700.0,161821540.0,0.03336067325035521,9.68,10.02,9.64,10.02,2026-07-24,9.71,2.843952353217297
002197,证通电子,2026-07-27,24.37348376157558,25.638672231642097,24.18742663362462,25.527037954871524,103480102.0,689001175.0,0.19378295819214325,6.55,6.89,6.5,6.86,2026-07-24,6.9,3.7211425590191727
002200,交投生态,2026-07-27,12.335462873172798,13.297210825996439,12.335462873172798,13.15085787665371,6160613.0,38346252.0,0.031475705548936604,5.9,6.36,5.9,6.29,2026-07-24,5.93,2.09075641918183
002201,九鼎新材,2026-07-27,54.88511983539984,57.75789470281747,54.582722480934834,57.68229536420122,18520398.0,139421030.0,0.030763597712147782,7.26,7.64,7.22,7.63,2026-07-24,7.29,7.559933861625323
002202,金风科技,2026-07-27,148.39141229765093,153.28158383927803,147.71690587811614,153.02864393195247,75310930.0,1354943173.0,0.022390609850843273,17.6,18.18,17.52,18.15,2026-07-24,17.62,8.43133024418471
002203,海亮股份,2026-07-27,71.71380593152526,73.03295620785767,70.27473290279899,72.23347119189863,20279924.0,363696547.0,0.009167553756260582,17.94,18.27,17.58,18.07,2026-07-24,17.85,3.997425079795165
002204,大连重工,2026-07-27,25.84077769048874,26.496891186536306,25.790307421562005,26.345480379756097,20490515.0,106835709.0,0.010609316009103325,5.12,5.25,5.11,5.22,2026-07-24,5.13,5.047026892673582
002205,国统股份,2026-07-27,19.639743842362666,20.392636541686535,19.48916530249789,20.26356922180244,2616300.0,24495047.0,0.01407799481399451,9.13,9.48,9.06,9.42,2026-07-24,9.13,2.1511219980682
002206,海 利 得,2026-07-27,66.88968500743155,68.07009121344505,66.88968500743155,67.41430998788199,7269101.0,37387789.0,0.006877294737776274,5.1,5.19,5.1,5.14,2026-07-24,5.11,13.115624511261089
002208,合肥城建,2026-07-27,71.19761643014222,71.30332929789299,65.75340374097766,69.03050264125147,112605478.0,1463150624.0,0.140218362191307,13.47,13.49,12.44,13.06,2026-07-24,13.6,5.285643387538397
002209,达 意 隆,2026-07-27,15.383466276403176,16.369789863928506,15.272107161682573,16.147071634487304,4202700.0,42483409.0,0.026624848079289654,9.67,10.29,9.6,10.15,2026-07-24,9.69,1.5908444960086014
002210,飞马国际,2026-07-27,22.067426709567798,23.0042514283702,21.859243438722817,23.0042514283702,82240071.0,179373223.0,0.030972419988052207,2.12,2.21,2.1,2.21,2026-07-24,2.13,10.40916354224896
002212,天融信,2026-07-27,17.310831446245494,17.831457955907013,17.180674818830113,17.73384048534548,17546743.0,95142999.0,0.015037780549526154,5.32,5.48,5.28,5.45,2026-07-24,5.34,3.253915685384491
002213,大为股份,2026-07-27,51.253450144262956,53.165892313825005,50.33547790287317,52.72603061482574,16024600.0,436077894.0,0.0775191702195077,26.8,27.8,26.32,27.57,2026-07-24,26.93,1.9124421695620506
002215,诺 普 信,2026-07-27,76.54138892301269,78.26856990821132,76.45048466063382,77.99585712107469,10249474.0,87598978.0,0.01268161551340944,8.42,8.61,8.41,8.58,2026-07-24,8.46,9.090426237887494
002216,三全食品,2026-07-27,131.63836229835957,134.3397020140323,130.2876924405232,133.82021360717218,6775026.0,86352295.0,0.010745440648917193,12.67,12.93,12.54,12.88,2026-07-24,12.72,10.389768137202807
002217,合力泰,2026-07-27,7.961669249670416,8.194126746011158,7.961669249670416,8.136012371925972,111777313.0,155556886.0,0.015355455768547785,1.37,1.41,1.37,1.4,2026-07-24,1.38,5.811437408518551
002218,拓日新能,2026-07-27,22.27119993421767,26.11699992285835,22.098999934726297,24.33759992811416,230292833.0,954319178.0,0.16595554448459024,3.88,4.55,3.85,4.24,2026-07-24,4.2,5.7399999830457915
002219,新里程,2026-07-27,44.547210728844924,47.20674569773119,44.547210728844924,46.32023404143577,131591289.0,272884338.0,0.040218967101097146,2.01,2.13,2.01,2.09,2026-07-24,1.97,22.162791407385537
002221,东华能源,2026-07-27,22.288050624589086,23.15192855577471,21.812917762436992,23.108734659215425,26072110.0,137020258.0,0.017846732103614253,5.16,5.36,5.05,5.35,2026-07-24,5.25,4.319389655928117
002222,福晶科技,2026-07-27,174.72767661250566,180.68926757945613,171.3255121339842,178.81651649036172,18776311.0,1063100497.0,0.040107320850266075,55.98,57.89,54.89,57.29,2026-07-24,55.99,3.1212518151573003
002223,鱼跃医疗,2026-07-27,263.63476689807135,270.3997345014936,262.73940353879493,268.60900778294064,8226931.0,221766370.0,0.00873075382592201,26.5,27.18,26.41,27.0,2026-07-24,26.6,9.948481769738542
002224,三 力 士,2026-07-27,23.817176335537578,24.54776456668904,23.817176335537578,24.474705743573892,7243075.0,24141125.0,0.00898220651003968,3.26,3.36,3.26,3.35,2026-07-24,3.28,7.305882311514595
002225,濮耐股份,2026-07-27,6.852103179944057,7.115645609941905,6.852103179944057,7.095373115326686,20753900.0,71739119.0,0.021877942939578936,3.38,3.51,3.38,3.5,2026-07-24,3.39,2.0272494615219103
002226,江南化工,2026-07-27,62.36030907855069,64.93606097527343,62.224743189249494,64.52936330736985,25689440.0,121303186.0,0.009698087738337895,4.6,4.79,4.59,4.76,2026-07-24,4.63,13.556588930119716
002228,合兴包装,2026-07-27,34.86041613987516,36.070847255843056,34.86041613987516,35.70771792105269,15842100.0,46748785.0,0.013099988102504161,2.88,2.98,2.88,2.95,2026-07-24,2.9,12.104311159678877
002229,鸿博股份,2026-07-27,48.66012037350026,50.4071574302046,47.37553430239413,50.35577398736036,29975902.0,286674549.0,0.060783792739501866,9.47,9.81,9.22,9.8,2026-07-24,9.61,5.138344284424526
002230,科大讯飞,2026-07-27,541.4006149837402,553.3760401094094,536.805393714588,553.236790980041,27391189.0,1079029197.0,0.012511433030402924,38.88,39.74,38.55,39.73,2026-07-24,38.88,13.924912936824592
002232,启明信息,2026-07-27,41.85340090731904,43.531409270604,41.5307069913027,43.46687048740073,3626583.0,48426319.0,0.008876751228933173,12.97,13.49,12.87,13.47,2026-07-24,13.15,3.22693916016338
002233,塔牌集团,2026-07-27,27.35018148178503,27.731634501056785,27.235745576003502,27.388326783712206,9635421.0,69369632.0,0.008209976841225375,7.17,7.27,7.14,7.18,2026-07-24,7.2,3.8145301927175774
002234,民和股份,2026-07-27,14.893887889698597,15.070146917979054,14.783725997023312,15.004049782373883,3268000.0,22208699.0,0.01084242313306753,6.76,6.84,6.71,6.81,2026-07-24,6.73,2.2032378535057098
002235,安妮股份,2026-07-27,31.001116332344996,34.068197856854006,30.670815245090175,34.068197856854006,27084806.0,191085693.0,0.048926783983668495,6.57,7.22,6.5,7.22,2026-07-24,6.56,4.718586960783104
002236,大华股份,2026-07-27,816.0184584941744,842.5796379749975,815.5265848000851,822.9046902114248,52769829.0,886464793.0,0.02206902007815382,16.59,17.13,16.58,16.73,2026-07-24,16.43,49.18736940893155
002237,恒邦股份,2026-07-27,106.95276227273906,108.54656814190145,106.28168611730227,108.37879910304225,18987411.0,243444580.0,0.01592428005780636,12.75,12.94,12.67,12.92,2026-07-24,12.51,8.388451942959927
002238,天威视讯,2026-07-27,18.54308599868021,19.57325744305133,18.54308599868021,19.3328841060314,5879215.0,33012072.0,0.0073255845712358455,5.4,5.7,5.4,5.63,2026-07-24,5.46,3.4339048145704085
002239,奥特佳,2026-07-27,22.597402681057837,23.060464211407385,22.50479037498793,22.967851905337476,47146873.0,116664816.0,0.017576601963841896,2.44,2.49,2.43,2.48,2026-07-24,2.43,9.261230606990917
002240,盛新锂能,2026-07-27,48.11090274618259,48.98956499482066,46.254107050947425,48.343002208086986,51579720.0,1491612486.0,0.056500413192459346,29.02,29.55,27.9,29.16,2026-07-24,28.46,1.657853299317112
002241,歌尔股份,2026-07-27,567.3509155147589,581.2194934495642,556.7603650918168,576.6806861254461,70835519.0,1607736636.0,0.02251813139041294,22.5,23.05,22.08,22.87,2026-07-24,22.67,25.215596245100397
002242,九阳股份,2026-07-27,45.97764257856587,50.59249889686059,45.749748439390814,50.59249889686059,16443361.0,141459774.0,0.021588117592725005,8.07,8.88,8.03,8.88,2026-07-24,8.07,5.697353479376192
002243,力合科创,2026-07-27,12.1232431338488,12.609669555885942,12.067117008229127,12.57225213880616,13484650.0,89720494.0,0.0111985519585065,6.48,6.74,6.45,6.72,2026-07-24,6.48,1.870870853989012
002244,滨江集团,2026-07-27,55.64908863932743,56.296924362718904,54.93646934359682,55.77865578400572,19376682.0,166504147.0,0.007026776173658601,8.59,8.69,8.48,8.61,2026-07-24,8.6,6.478357233914719
002245,蔚蓝锂芯,2026-07-27,350.924790186085,363.72447858193004,337.91177365030916,363.29782230206854,77081096.0,1274818800.0,0.047977783898060324,16.45,17.05,15.84,17.03,2026-07-24,16.3,21.332813993075074
002246,北化股份,2026-07-27,31.16044091335849,32.977996846822904,30.800204602221392,32.92887371348603,24525920.0,480952354.0,0.04467097580704512,19.03,20.14,18.81,20.11,2026-07-24,19.39,1.6374377778958742
002247,聚力文化,2026-07-27,12.975806574667654,13.571634427586066,12.975806574667654,13.439228238048642,25316300.0,51002173.0,0.03933908314034268,1.96,2.05,1.96,2.03,2026-07-24,1.97,6.6203094768712525
002248,华东数控,2026-07-27,16.2102165253236,16.77062093785079,16.2102165253236,16.7498652188683,5472900.0,43852595.0,0.017798303455399036,7.81,8.08,7.81,8.07,2026-07-24,7.83,2.0755718982488602
002249,大洋电机,2026-07-27,98.80151935395821,101.56215004178941,98.510926649976,101.56215004178941,35019067.0,243147205.0,0.018789304673077746,6.8,6.99,6.78,6.99,2026-07-24,6.79,14.529635199111503
002250,联化科技,2026-07-27,95.41952020137815,103.08373869144869,94.5253613775366,101.03994709409655,24368109.0,380411716.0,0.027227674980728752,14.94,16.14,14.8,15.82,2026-07-24,14.94,6.386848741725445
002251,步步高,2026-07-27,16.501786337644592,17.684003866311667,16.501786337644592,17.585485738922742,121099039.0,425052895.0,0.05626044487687044,3.35,3.59,3.35,3.57,2026-07-24,3.37,4.925906369446147
002252,上海莱士,2026-07-27,122.69930250019493,125.40952805742813,122.2065342170616,124.91675977429483,54038561.0,273182035.0,0.008202250965089244,4.98,5.09,4.96,5.07,2026-07-24,4.98,24.638414156665647
002254,泰和新材,2026-07-27,73.1221769001393,78.16734501959334,72.79456858069422,77.77421503625926,29789100.0,344875365.0,0.03502239457643295,11.16,11.93,11.11,11.87,2026-07-24,11.15,6.55216638890137
002255,海陆重工,2026-07-27,33.481532581887514,34.858665027415014,33.481532581887514,34.77259424956955,14101983.0,112868475.0,0.022104383309353475,7.78,8.1,7.78,8.08,2026-07-24,7.81,4.303538892273459
002256,兆新股份,2026-07-27,46.87792660384848,49.11731800212149,46.43004832419387,48.96802524223662,61824104.0,200150063.0,0.030691884899274793,3.14,3.29,3.11,3.28,2026-07-24,3.17,14.929275988486776
002258,利尔化学,2026-07-27,74.02088932861484,77.84132232622078,73.38415049568053,76.51478309094094,27962202.0,401028750.0,0.03498999519482296,13.95,14.67,13.83,14.42,2026-07-24,13.95,5.306156941119344
002259,升达林业,2026-07-27,8.92022867778839,9.206300151420088,8.7641896921711,9.128280658611441,19584064.0,68230016.0,0.026031274988634716,3.43,3.54,3.37,3.51,2026-07-24,3.48,2.60064976028816
002261,拓维信息,2026-07-27,261.7613432161143,270.05868390673834,255.2420041020526,269.26846098382174,51409487.0,1376842375.0,0.04485580764795243,26.5,27.34,25.84,27.26,2026-07-24,26.86,9.877786536457144
002262,恩华药业,2026-07-27,184.15602179230714,192.45777168405925,184.06675566443886,191.74364266111286,12551700.0,267899363.0,0.014202349541380836,20.63,21.56,20.62,21.48,2026-07-24,20.89,8.926612786830207
002263,大东南,2026-07-27,12.297566247364834,12.840105934748575,12.252354606749522,12.840105934748575,47243986.0,132609869.0,0.025151920166320875,2.72,2.84,2.71,2.84,2026-07-24,2.75,4.521164061531189
002264,新 华 都,2026-07-27,28.55444703884526,30.393547017618346,28.31246019953301,29.8611759711314,20302000.0,124046278.0,0.03119028187141052,5.9,6.28,5.85,6.17,2026-07-24,5.89,4.839736786244959
002265,建设工业,2026-07-27,18.88474399048418,20.67046463195099,17.797349856853554,19.76264017176395,43788128.0,859939752.0,0.042387623662430464,18.93,20.72,17.84,19.81,2026-07-24,19.34,0.9976092969088315
002266,浙富控股,2026-07-27,53.37378134864002,54.32901680901836,53.01556805099815,54.20961237647108,71860570.0,324203203.0,0.014839298969827176,4.47,4.55,4.44,4.54,2026-07-24,4.42,11.940443254729312
002267,陕天然气,2026-07-27,23.17788293567541,23.435414968294026,22.984733911211446,23.27445744790739,5513900.0,39860529.0,0.00495820676986533,7.2,7.28,7.14,7.23,2026-07-24,7.23,3.2191504077326956
002268,电科网安,2026-07-27,117.46217250418066,122.92552936484022,116.5809859137517,121.86810545632547,10475981.0,143775674.0,0.012393878069499691,13.33,13.95,13.23,13.83,2026-07-24,13.43,8.811865904289622
002269,美邦服饰,2026-07-27,5.834008097165992,6.012145748987854,5.7894736842105265,5.967611336032389,41163100.0,54974702.0,0.017563079469840173,1.31,1.35,1.3,1.34,2026-07-24,1.31,4.4534412955465585
002270,华明装备,2026-07-27,49.726164801921435,53.96511655552785,49.563128196013494,53.96511655552785,35710127.0,686725981.0,0.03984566608828617,18.3,19.86,18.24,19.86,2026-07-24,18.05,2.717276765132319
002271,东方雨虹,2026-07-27,481.2590302796358,495.60550543702334,480.38954693676385,492.5623137369714,33333965.0,375660516.0,0.017411389935888474,11.07,11.4,11.05,11.33,2026-07-24,11.06,43.474167143598535
002272,川润股份,2026-07-27,52.933582487199146,54.978984075645215,51.66402288057745,54.978984075645215,21571731.0,328502065.0,0.05285464743170621,15.01,15.59,14.65,15.59,2026-07-24,15.12,3.526554462838051
002273,水晶光电,2026-07-27,428.5364642648084,439.5730913797961,418.76116596296214,437.20809985515587,47839363.0,1311394526.0,0.03512232756761202,27.18,27.88,26.56,27.73,2026-07-24,27.35,15.766610164268153
002274,华昌化工,2026-07-27,19.87024243343629,20.814645590919,19.643585675640438,20.776869464619693,21836358.0,118062786.0,0.02328344432115643,5.26,5.51,5.2,5.5,2026-07-24,5.36,3.7776126299308532
002275,桂林三金,2026-07-27,27.657287401123362,28.58350496985257,27.614207514205724,28.518885139476115,2599000.0,34184481.0,0.004602025665084563,12.84,13.27,12.82,13.24,2026-07-24,12.85,2.1539943458818818
002276,万马股份,2026-07-27,37.27513082275252,38.77244051753539,37.19632504934289,38.378411650487266,20644677.0,199131742.0,0.020499323553443072,9.46,9.84,9.44,9.74,2026-07-24,9.45,3.9402886704812388
002277,友阿股份,2026-07-27,35.045151965657304,35.578158079203426,34.57877161630446,35.444906550816896,11129100.0,58856296.0,0.007982582933765456,5.26,5.34,5.19,5.32,2026-07-24,5.25,6.662576419326484
002278,神开股份,2026-07-27,16.697940069712942,17.12900102259955,16.425691046837187,17.083626185453593,13153929.0,97752145.0,0.03666078102901755,7.36,7.55,7.24,7.53,2026-07-24,7.46,2.268741857297954
002279,久其软件,2026-07-27,56.42015175985763,58.099911094214164,55.82729552420239,58.099911094214164,18363540.0,106889010.0,0.023084294789780985,5.71,5.88,5.65,5.88,2026-07-24,5.76,9.880937260920776
002281,光迅科技,2026-07-27,608.2403314084543,648.8729684001768,598.3122922729364,633.9809096968999,31677978.0,6028394578.0,0.04061486720670315,185.02,197.38,182.0,192.85,2026-07-24,186.8,3.287430177323826
002282,博深股份,2026-07-27,13.414281383910797,13.679671842945005,13.390154978544052,13.559039816111275,2644962.0,14902316.0,0.005237391517558826,5.56,5.67,5.55,5.62,2026-07-24,5.59,2.412640536674604
002283,天润工业,2026-07-27,39.539589149483284,41.71426655270486,38.60052390718305,41.61541757983115,34905076.0,285014404.0,0.034806693870381246,8.0,8.44,7.81,8.42,2026-07-24,7.89,4.9424486436854105
002284,亚太股份,2026-07-27,60.40587198201276,62.491230048135186,60.40587198201276,62.282694241522954,11228300.0,100089701.0,0.015335261795234142,8.69,8.99,8.69,8.96,2026-07-24,8.71,6.9511935537414
002285,世联行,2026-07-27,28.590359269955083,30.07172503523773,28.44222269342682,29.923588458709467,40802880.0,81598803.0,0.02065719203640594,1.93,2.03,1.92,2.02,2026-07-24,1.95,14.81365765282647
002286,保龄宝,2026-07-27,27.700107635834566,28.50802744187974,27.50774577725238,28.354137955013993,4165600.0,30652280.0,0.011267832150459815,7.2,7.41,7.15,7.37,2026-07-24,7.21,3.8472371716436897
002287,奇正藏药,2026-07-27,34.354369808102994,35.475370830957765,34.354369808102994,35.1649397784749,1982144.0,40404887.0,0.0034716875339979975,19.92,20.57,19.92,20.39,2026-07-24,20.0,1.7246169582381021
002290,禾盛新材,2026-07-27,153.35037259895938,158.6710794549332,147.92107988878203,156.2007512718025,7716785.0,436541185.0,0.03121726598751748,56.49,58.45,54.49,57.54,2026-07-24,56.62,2.7146463550886772
002291,遥望科技,2026-07-27,8.120770299322038,8.564043787276297,8.103039359803867,8.546312847758127,27639313.0,131519760.0,0.031801299483560065,4.58,4.83,4.57,4.82,2026-07-24,4.6,1.7730939518170388
002292,奥飞娱乐,2026-07-27,58.38059635638106,64.16904075432254,58.2152122307256,64.16904075432254,80474972.0,608525372.0,0.07906108459579177,7.06,7.76,7.04,7.76,2026-07-24,7.05,8.269206282773522
002293,罗莱生活,2026-07-27,118.78857191034861,123.27322333606159,117.25722752108078,122.17940591515598,7808874.0,86513178.0,0.009405565215188483,10.86,11.27,10.72,11.17,2026-07-24,10.97,10.938174209056042
002294,信立泰,2026-07-27,400.79335902227103,416.4814494965818,397.55613400376245,414.86283698732746,23059764.0,760455581.0,0.020689460706694467,32.19,33.45,31.93,33.32,2026-07-24,32.19,12.450865455802145
002295,精艺股份,2026-07-27,12.305276831210563,13.028150236515321,12.305276831210563,12.962434472396707,4484900.0,34823667.0,0.017909011408514256,7.49,7.93,7.49,7.89,2026-07-24,7.49,1.642894102965362
002296,辉煌科技,2026-07-27,45.30403275582725,46.86996475811448,45.30403275582725,46.599976481858064,5921199.0,50891461.0,0.017048034642307846,8.39,8.68,8.39,8.63,2026-07-24,8.45,5.399765525128396
002297,博云新材,2026-07-27,52.17136395784447,54.36212309224705,51.952288044404206,54.26823341505837,35416662.0,602368711.0,0.06179787854828699,16.67,17.37,16.6,17.34,2026-07-24,16.83,3.12965590628941
002298,中电鑫龙,2026-07-27,25.681005553410746,27.538235381462894,24.336114988269536,27.05791732248389,140099056.0,1159127415.0,0.21202811132741003,8.02,8.6,7.6,8.45,2026-07-24,8.1,3.20212039319336
002299,圣农发展,2026-07-27,42.29123681598654,42.93567471032538,42.07642418454025,42.82826839460223,7396501.0,117575386.0,0.0060696722488047545,15.75,15.99,15.67,15.95,2026-07-24,15.85,2.68515789307851
002300,太阳电缆,2026-07-27,55.602366580898035,62.312997030316765,54.404039714930406,59.5967894674568,109475755.0,808265786.0,0.15156653906335787,6.96,7.8,6.81,7.46,2026-07-24,7.1,7.988845773117534
002301,齐心集团,2026-07-27,35.09881208235505,35.94076259707422,34.88832445367527,35.625031154054525,13089500.0,88349870.0,0.018230749640723173,6.67,6.83,6.63,6.77,2026-07-24,6.64,5.262190716994761
002302,西部建设,2026-07-27,19.519292056071535,20.014020656571045,19.38436607411712,19.969045329252907,6927583.0,30522855.0,0.005487827765983519,4.34,4.45,4.31,4.44,2026-07-24,4.33,4.497532731813718
002303,美盈森,2026-07-27,58.73886896952714,60.538309156777416,52.95495408193694,60.152714830938066,135542737.0,606088130.0,0.14018553370003609,4.57,4.71,4.12,4.68,2026-07-24,4.57,12.853144194644887
002304,洋河股份,2026-07-27,195.78576213145743,198.77257772461468,195.33773979248386,197.62763174723776,4439289.0,176138092.0,0.0029469337051270528,39.33,39.93,39.24,39.7,2026-07-24,39.34,4.978025988595409
002307,北新路桥,2026-07-27,12.043693960184786,12.29635886844041,12.001583142142183,12.29635886844041,21913346.0,63566133.0,0.01345100738391928,2.86,2.92,2.85,2.92,2026-07-24,2.86,4.211081804260415
002309,中利集团,2026-07-27,10.447835931687278,11.50013595358384,10.184760926213139,11.50013595358384,274675653.0,829347024.0,0.11415650423160355,2.78,3.06,2.71,3.06,2026-07-24,2.78,3.7582143639162875
002310,东方新能,2026-07-27,103.75623823543431,115.231582556404,103.27809888872724,115.231582556404,161533553.0,382211734.0,0.036720437808234106,2.17,2.41,2.16,2.41,2026-07-24,2.19,47.813934670707056
002311,海大集团,2026-07-27,352.7835498844434,355.3452561595379,345.4643890984591,350.00226878576933,10747176.0,513788144.0,0.006497540337650221,48.2,48.55,47.2,47.82,2026-07-24,48.26,7.319160785984303
002312,川发龙蟒,2026-07-27,153.09544367397788,157.3161200659923,151.9443501125194,156.9324222121728,17113159.0,139115315.0,0.009084289521079612,7.98,8.2,7.92,8.18,2026-07-24,8.03,19.18489269097467
002313,日海智能,2026-07-27,19.754139382318147,20.560430785678072,19.646633861870157,20.560430785678072,7403500.0,55895014.0,0.019775696034182957,7.35,7.65,7.31,7.65,2026-07-24,7.38,2.687638011199748
002314,南山控股,2026-07-27,4.752119832992554,4.871519828796386,4.7043598346710205,4.84763982963562,16304700.0,32960427.0,0.012182923959269927,1.99,2.04,1.97,2.03,2026-07-24,1.99,2.38799991607666
002315,焦点科技,2026-07-27,127.19242645515635,131.84580791083278,126.33663216445723,130.56211647478412,7015650.0,170684174.0,0.026684275312740303,23.78,24.65,23.62,24.41,2026-07-24,23.57,5.348714316869485
002316,亚联发展,2026-07-27,12.112272367032498,12.811057311284372,12.112272367032498,12.777781837748568,15886300.0,60255481.0,0.04661678184192379,3.64,3.85,3.64,3.84,2026-07-24,3.68,3.3275473535803566
002317,众生药业,2026-07-27,302.31963586644525,317.82897034583914,295.91360640756517,314.2326029303275,42206302.0,1163143482.0,0.055416672029157905,26.9,28.28,26.33,27.96,2026-07-24,26.68,11.238648173473802
002318,久立特材,2026-07-27,125.39043484667236,136.02801150386622,124.19370747273807,135.62910237922142,20743550.0,412271998.0,0.021743191056234464,18.86,20.46,18.68,20.4,2026-07-24,18.9,6.648485410746149
002319,乐通股份,2026-07-27,21.402191742176587,22.037507266990737,20.84629065796421,21.144094810220842,14039095.0,150852207.0,0.06702118096546415,10.78,11.1,10.5,10.65,2026-07-24,10.76,1.9853610150442105
002320,海峡股份,2026-07-27,88.66845508216481,91.67174146398007,88.38242780770621,91.38571418952148,16471138.0,104505578.0,0.007367006364515525,6.2,6.41,6.18,6.39,2026-07-24,6.22,14.301363722929809
002321,华英农业,2026-07-27,3.6939891613680587,3.77607780939846,3.6734669993604583,3.75555564739086,15952700.0,29097215.0,0.007511160864801953,1.8,1.84,1.79,1.83,2026-07-24,1.81,2.0522162007600326
002322,理工能科,2026-07-27,60.197075510979474,61.29936173600249,59.76840864569274,60.93193299432815,2533800.0,25177438.0,0.00721059435229187,9.83,10.01,9.76,9.95,2026-07-24,9.83,6.12381236123901
002324,普利特,2026-07-27,71.03283400630298,74.82125181997246,69.7413279334611,74.5629506054041,35940269.0,305908205.0,0.046298314979898864,8.25,8.69,8.1,8.66,2026-07-24,8.25,8.610040485612481
002326,永太科技,2026-07-27,115.17133796020963,121.85870597080243,112.07533425160184,120.3726241906707,79419750.0,1504345786.0,0.09822575212809508,18.6,19.68,18.1,19.44,2026-07-24,17.97,6.192007417215571
002327,富安娜,2026-07-27,88.73135320002041,90.01318655282968,88.30407541575063,89.30105691238008,4519900.0,28367668.0,0.009205810798043548,6.23,6.32,6.2,6.27,2026-07-24,6.25,14.242592808992038
002328,新朋股份,2026-07-27,20.845080688751263,21.57882752899531,20.81172855964926,21.57882752899531,23865841.0,152824684.0,0.041811859063453145,6.25,6.47,6.24,6.47,2026-07-24,6.29,3.335212910200202
002329,皇氏集团,2026-07-27,17.810469087307215,19.020889316541687,17.52227379463234,18.67505496533184,35287700.0,113287972.0,0.054156051577994115,3.09,3.3,3.04,3.24,2026-07-24,3.1,5.763905853497481
002330,得利斯,2026-07-27,7.33435106095623,7.60445464110476,7.292796664010302,7.5421230456858686,11348564.0,41022152.0,0.01786755643977126,3.53,3.66,3.51,3.63,2026-07-24,3.55,2.0777198472963825
002331,皖通科技,2026-07-27,36.32873193303057,36.77244163602942,35.385848814158024,36.716977923154566,6218560.0,40821196.0,0.01546603092495876,6.55,6.63,6.38,6.62,2026-07-24,6.47,5.5463712874855835
002332,仙琚制药,2026-07-27,24.30173723200702,24.955329186902077,24.27202850678452,24.836494286012062,10261900.0,85606915.0,0.010422683325128919,8.18,8.4,8.17,8.36,2026-07-24,8.2,2.970872522250247
002333,罗普斯金,2026-07-27,17.95104011520508,18.908901939534207,17.91556375134104,18.731520120214,12985500.0,68118259.0,0.019482844161808996,5.06,5.33,5.05,5.28,2026-07-24,5.07,3.5476363864041662
002334,英威腾,2026-07-27,76.52535542234315,78.52601830920179,76.52535542234315,78.52601830920179,12045004.0,75138582.0,0.016387490897530724,6.12,6.28,6.12,6.28,2026-07-24,6.1,12.504143042866527
002335,科华数据,2026-07-27,255.3450954316573,262.53669465827,253.00565953866283,262.53669465827,19565675.0,585562872.0,0.029656884098750474,29.47,30.3,29.2,30.3,2026-07-24,29.58,8.664577381461056
002337,赛象科技,2026-07-27,22.4716559643512,23.180713070022474,22.4716559643512,23.12617021574007,7613800.0,32117407.0,0.01294871582677974,4.12,4.25,4.12,4.24,2026-07-24,4.14,5.454285428240582
002338,奥普光电,2026-07-27,128.20291649471062,132.4471538773521,126.31658876909216,132.34610060633682,4402718.0,170550494.0,0.018344658333333333,38.06,39.32,37.5,39.29,2026-07-24,38.05,3.368442367175791
002339,积成电子,2026-07-27,38.075068532587224,39.47901648732864,37.8504368598286,39.366700650949326,30691245.0,212907638.0,0.06411099241902288,6.78,7.03,6.74,7.01,2026-07-24,6.83,5.6157918189656675
002340,格林美,2026-07-27,162.45720628043205,165.465673063403,161.4543840194417,165.2149674981554,90767320.0,593799747.0,0.017881726552624443,6.48,6.6,6.44,6.59,2026-07-24,6.48,25.07055652475803
002342,巨力索具,2026-07-27,17.565573173889156,18.729861885703134,17.464330677209677,18.70455126153326,70285534.0,508825278.0,0.0736213158197949,6.94,7.4,6.9,7.39,2026-07-24,7.0,2.53106241698691
002343,慈文传媒,2026-07-27,14.17818032011226,14.933037142710829,14.112540596408035,14.834577557154493,12734900.0,56878158.0,0.0268850116341975,4.32,4.55,4.3,4.52,2026-07-24,4.33,3.281986185211171
002344,海宁皮城,2026-07-27,16.48599800123328,16.950392311127175,16.439558570243893,16.857513449148396,9123600.0,33014399.0,0.007120746872159098,3.55,3.65,3.54,3.63,2026-07-24,3.56,4.643943098938952
002345,潮宏基,2026-07-27,81.22265047755805,86.70845449166731,81.0588951338533,85.07090105461978,28499181.0,296019889.0,0.032862333945530085,9.92,10.59,9.9,10.39,2026-07-24,9.88,8.187767185237707
002346,柘中股份,2026-07-27,41.00491669818292,43.226120341602446,41.00491669818292,42.55227204528416,4336900.0,73397483.0,0.01106031869983555,16.43,17.32,16.43,17.05,2026-07-24,16.66,2.4957344308084553
002347,泰尔股份,2026-07-27,20.676618417804097,21.52634246237139,20.555229268580195,21.445416362888785,12660000.0,66675669.0,0.02565958401545821,5.11,5.32,5.08,5.3,2026-07-24,5.11,4.04630497412996
002348,高乐股份,2026-07-27,65.14724377837737,70.41503524049796,63.880306591285084,70.34835433591415,22115244.0,224179468.0,0.024476409853847518,9.77,10.56,9.58,10.55,2026-07-24,9.78,6.6680904583804885
002349,精华制药,2026-07-27,53.3867103870226,55.70427300847475,53.22117019977602,55.538732821228166,14016700.0,93218138.0,0.017215707052664026,6.45,6.73,6.43,6.71,2026-07-24,6.46,8.277009362329085
002350,北京科锐,2026-07-27,72.71640728182966,76.15569681542972,71.24242605314393,75.02564454010398,22633997.0,343316730.0,0.04266137776089375,14.8,15.5,14.5,15.27,2026-07-24,14.51,4.913270762285788
002351,漫步者,2026-07-27,76.96047272382347,78.62149012074052,76.80228059078375,77.98872158858164,6296200.0,62031020.0,0.012083520073220428,9.73,9.94,9.71,9.86,2026-07-24,9.73,7.909606651985968
002352,顺丰控股,2026-07-27,126.50505567497304,128.09251081042237,126.46725912412901,127.60115564944994,15325789.0,516648484.0,0.0031934613304522843,33.47,33.89,33.46,33.76,2026-07-24,33.5,3.7796550844031382
002353,杰瑞股份,2026-07-27,1245.9402773122877,1352.0291778379085,1208.6077275070693,1352.0291778379085,30684201.0,4389262047.0,0.04440301935948977,139.17,151.02,135.0,151.02,2026-07-24,137.29,8.9526498333857
002354,天娱数科,2026-07-27,17.90653579328776,19.05788665647716,17.815639672509647,19.05788665647716,181566604.0,1118084852.0,0.11168561161111511,5.91,6.29,5.88,6.29,2026-07-24,5.92,3.029870692603682
002355,兴民智通,2026-07-27,8.808886981072462,9.087513576580836,8.72315572091604,9.087513576580836,13182257.0,55137214.0,0.021324762505385886,4.11,4.24,4.07,4.24,2026-07-24,4.09,2.1432815039105746
002356,赫美集团,2026-07-27,13.83497373994433,14.22235300466277,13.724293950024775,14.167013109702994,14787850.0,37646661.0,0.011277699596771858,2.5,2.57,2.48,2.56,2026-07-24,2.51,5.533989495977732
002357,富临运业,2026-07-27,37.71566354028143,39.25603098685233,37.71566354028143,38.882608575562415,6142000.0,50807848.0,0.01959309486765356,8.08,8.41,8.08,8.33,2026-07-24,8.18,4.66778014112394
002358,森源电气,2026-07-27,47.48791581425961,49.149555594132416,47.05064218797729,49.06210086887595,47039819.0,260633180.0,0.05059374080611984,5.43,5.62,5.38,5.61,2026-07-24,5.45,8.745472525646337
002361,神剑股份,2026-07-27,95.00400721861729,98.46981864075569,93.06723024742232,98.26594738062991,64152482.0,607193143.0,0.0792966331721047,9.32,9.66,9.13,9.64,2026-07-24,9.2,10.19356300628941
002362,汉王科技,2026-07-27,28.235766633597585,29.024023540333665,27.99322604690956,29.024023540333665,2677700.0,38210265.0,0.012898739256020258,13.97,14.36,13.85,14.36,2026-07-24,14.01,2.021171555733542
002363,隆基机械,2026-07-27,17.528471703882577,18.065971687988004,17.528471703882577,17.946527247075686,4107400.0,24642461.0,0.009879300819603622,5.87,6.05,5.87,6.01,2026-07-24,5.86,2.9861110228079344
002364,中恒电气,2026-07-27,254.7920585058109,276.12252344168076,254.7920585058109,276.12252344168076,39724341.0,1530403864.0,0.07117725376971785,36.91,40.0,36.91,40.0,2026-07-24,36.36,6.903063086042019
002365,永安药业,2026-07-27,40.19535166737195,43.05682980114634,39.99336497557612,43.05682980114634,11590850.0,145700950.0,0.04725395425949644,11.94,12.79,11.88,12.79,2026-07-24,11.63,3.366444863263983
002366,融发核电,2026-07-27,12.23392085185284,13.016322766796916,12.186502553977439,12.968904468921517,68298994.0,367350086.0,0.036911255751981786,5.16,5.49,5.14,5.47,2026-07-24,5.18,2.37091489376993
002367,康力电梯,2026-07-27,50.08072252004919,51.066563514538345,49.88355432115136,50.7708112161916,8855700.0,45543553.0,0.011145193157176858,5.08,5.18,5.06,5.15,2026-07-24,5.06,9.858409944891573
002368,太极股份,2026-07-27,74.12547970194424,76.6343420918562,73.09912690607116,76.23520489346112,8299210.0,109969184.0,0.013351927077072178,13.0,13.44,12.82,13.37,2026-07-24,13.05,5.701959977072634
002369,卓翼科技,2026-07-27,21.867559669567825,22.646997439968267,21.694351276145508,22.517091144901524,18854820.0,97486826.0,0.03330042955738881,5.05,5.23,5.01,5.2,2026-07-24,5.05,4.330209835557985
002370,亚太药业,2026-07-27,16.380536093498982,17.63232378623362,16.273240005550296,17.131608709139766,21546300.0,102685316.0,0.02889531746138926,4.58,4.93,4.55,4.79,2026-07-24,4.58,3.5765362649561094
002371,北方华创,2026-07-27,4659.016603438221,4896.2784242535945,4551.021567756741,4845.931088271553,14235615.0,10748228046.0,0.019632356448150184,740.3,778.0,723.14,770.0,2026-07-24,757.0,6.293416997755263
002372,伟星新材,2026-07-27,80.26555618415641,82.7896302779978,80.16459322040276,82.48674138673684,10805800.0,87881307.0,0.007346597169499117,7.95,8.2,7.94,8.17,2026-07-24,7.98,10.096296375365586
002373,千方科技,2026-07-27,30.53704386381111,31.252098609933405,30.326733644363376,31.167974522154314,18056653.0,133113249.0,0.013107382398928724,7.26,7.43,7.21,7.41,2026-07-24,7.27,4.206204388954698
002374,中锐股份,2026-07-27,20.660265142354696,21.33323794829459,19.919995055820817,20.59296786176071,48064050.0,146656096.0,0.04429012058128515,3.07,3.17,2.96,3.06,2026-07-24,3.09,6.729728059398925
002375,亚厦股份,2026-07-27,21.56544352426647,22.20536766445242,21.373466282210686,22.077382836415232,10737313.0,36921285.0,0.008067123628512788,3.37,3.47,3.34,3.45,2026-07-24,3.37,6.399241401859487
002376,新北洋,2026-07-27,32.09950982212007,32.84230839651624,31.72811053492199,32.736194314459645,7038613.0,43236681.0,0.008942083966059096,6.05,6.19,5.98,6.17,2026-07-24,6.03,5.305704102829764
002377,国创高新,2026-07-27,10.496406675549057,11.067340929867624,10.408570636423123,10.935586871178726,20380200.0,50524958.0,0.02336046583548721,2.39,2.52,2.37,2.49,2026-07-24,2.43,4.391801956296677
002378,章源钨业,2026-07-27,64.53699012237753,66.49527451698782,63.356259825627205,66.46647621706708,24206601.0,550356435.0,0.020254512744805588,22.41,23.09,22.0,23.08,2026-07-24,22.3,2.879829992073964
002379,宏桥控股,2026-07-27,147.41158818137797,156.70355794922122,146.1516600772636,153.63248319544255,77902319.0,1504710699.0,0.06855343041348827,18.72,19.9,18.56,19.51,2026-07-24,19.06,7.874550650714635
002380,科远智慧,2026-07-27,95.18841900252674,97.20767463451187,94.23192949263905,96.00320636280145,4881300.0,131746008.0,0.0343260410625609,26.87,27.44,26.6,27.1,2026-07-24,27.11,3.5425537403247764
002381,双箭股份,2026-07-27,32.26413282323001,33.05266560098716,32.19842175841691,32.855532406547866,3990200.0,19881858.0,0.012390905717386613,4.91,5.03,4.9,5.0,2026-07-24,4.91,6.571106481309574
002382,蓝帆医疗,2026-07-27,38.26692662886528,40.67632571290494,38.26692662886528,40.46373167607791,26992025.0,152113985.0,0.027051749121312807,5.4,5.74,5.4,5.71,2026-07-24,5.43,7.0864678942343104
002383,合众思壮,2026-07-27,31.03525832953574,32.159370048558294,30.790886216704752,32.1104956259921,11788800.0,76803239.0,0.015923057895439168,6.35,6.58,6.3,6.57,2026-07-24,6.35,4.887442256619802
002384,东山精密,2026-07-27,1604.85500159372,1707.601179200147,1522.09396284721,1707.601179200147,82758019.0,16631532427.0,0.05969611355502073,199.15,211.9,188.88,211.9,2026-07-24,199.18,8.05852373383741
002385,大北农,2026-07-27,31.250304550416043,31.99945568689862,31.143282959489962,31.892434095972536,42842931.0,127030824.0,0.012369489281119557,2.92,2.99,2.91,2.98,2026-07-24,2.93,10.702159092608234
002386,天原股份,2026-07-27,14.01953972714761,14.296904721749451,13.994324727638352,14.271689722240193,10261374.0,57789630.0,0.007884845724953854,5.56,5.67,5.55,5.66,2026-07-24,5.55,2.521499950925829
002387,维信诺,2026-07-27,22.233085503791706,22.70381858449088,22.08824455588427,22.595187873560302,9216814.0,57296516.0,0.006607052445871537,6.14,6.27,6.1,6.24,2026-07-24,6.14,3.621023697685946
002388,新亚制程,2026-07-27,18.039955604883453,19.328523862375125,17.43593923418423,19.328523862375125,67233000.0,309866465.0,0.1328378214348336,4.48,4.8,4.33,4.8,2026-07-24,4.36,4.026775804661485
002389,航天彩虹,2026-07-27,114.5414473384368,119.52432386106936,112.7294922392977,119.00662240417249,28240360.0,514390010.0,0.028677369384838544,17.7,18.47,17.42,18.39,2026-07-24,18.02,6.471268211211119
002390,信邦制药,2026-07-27,32.5200954707529,33.53634845421393,32.18134447626589,33.310514457889255,23172200.0,67967565.0,0.01202008106628138,2.88,2.97,2.85,2.95,2026-07-24,2.87,11.291699816233645
002391,长青股份,2026-07-27,32.33916027211349,33.05062179809999,32.33916027211349,32.85658683646731,5171000.0,26212457.0,0.011142035808874124,5.0,5.11,5.0,5.08,2026-07-24,5.03,6.467832054422698
002392,北京利尔,2026-07-27,60.20127127712904,62.87688333389033,60.11208420857033,62.609322128214195,13353109.0,92603626.0,0.011535699154172518,6.75,7.05,6.74,7.02,2026-07-24,6.74,8.918706855870969
002393,力生制药,2026-07-27,30.5688691859596,31.191362522110047,30.34655013733444,30.991275378347403,1993368.0,27746460.0,0.006639758060573013,13.75,14.03,13.65,13.94,2026-07-24,13.78,2.223190486251607
002394,联发股份,2026-07-27,45.06667291822956,47.36484902475619,44.84246061515379,47.08458364591148,6293661.0,52494732.0,0.019477703522280267,8.04,8.45,8.0,8.4,2026-07-24,8.04,5.605307576894224
002395,双象股份,2026-07-27,37.87175568232515,39.7636542712727,37.83797177895108,39.696086464524576,3415863.0,39541248.0,0.01273692924988902,11.21,11.77,11.2,11.75,2026-07-24,11.32,3.378390337406347
002396,星网锐捷,2026-07-27,130.80384838717592,132.179027992978,121.33937698253794,126.59741665178126,131012412.0,4069144267.0,0.17297306452190037,32.34,32.68,30.0,31.3,2026-07-24,32.92,4.044645899417931
002397,梦洁股份,2026-07-27,42.74402990116375,44.19970893804548,41.95002315377371,44.067374480147144,17817600.0,58655736.0,0.02750274339772778,3.23,3.34,3.17,3.33,2026-07-24,3.2,13.233445789833977
002398,垒知集团,2026-07-27,24.717680490407762,25.600454793636608,24.717680490407762,25.53254907800362,9860149.0,36837203.0,0.016440690868008357,3.64,3.77,3.64,3.76,2026-07-24,3.66,6.790571563298835
002399,海普瑞,2026-07-27,36.38177814260035,37.50899135428349,36.22630045823027,37.081427722265744,3438620.0,32827587.0,0.002757068074050675,9.36,9.65,9.32,9.54,2026-07-24,9.34,3.8869421092521748
002400,省广集团,2026-07-27,110.663661170903,116.02453057018548,110.2807419280971,115.83307094878253,65130146.0,389228875.0,0.037731132547174015,5.78,6.06,5.76,6.05,2026-07-24,5.8,19.145962140294635
002401,中远海科,2026-07-27,83.60215433223111,86.01013717528367,83.45165540454033,85.63388985605673,3536700.0,40108515.0,0.00952391134034827,11.11,11.43,11.09,11.38,2026-07-24,11.19,7.524946384539255
002402,和而泰,2026-07-27,249.72285045030245,259.2092420998519,248.31271115104508,258.82465865459994,23689443.0,473016282.0,0.02894326529794351,19.48,20.22,19.37,20.19,2026-07-24,19.57,12.81944817506686
002403,爱仕达,2026-07-27,11.939521546576437,12.31879478503185,11.848495969347136,12.227769207802552,5466301.0,43857882.0,0.01839505402339295,7.87,8.12,7.81,8.06,2026-07-24,7.87,1.5170929538216564
002404,嘉欣丝绸,2026-07-27,35.23833541831251,35.94182305824253,35.04647515287705,35.74996279280706,7858700.0,43795031.0,0.017214432801086955,5.51,5.62,5.48,5.59,2026-07-24,5.51,6.3953421811819435
002405,四维图新,2026-07-27,24.785187155226705,25.4363579179256,24.66309263722066,25.4363579179256,32996008.0,204405232.0,0.014006535844685754,6.09,6.25,6.06,6.25,2026-07-24,6.09,4.069817266868096
002406,远东传动,2026-07-27,26.49475849288252,27.450307159838943,26.45132446256632,27.450307159838943,12616200.0,78979560.0,0.020949733959367972,6.1,6.32,6.09,6.32,2026-07-24,6.1,4.343403031620086
002407,多氟多,2026-07-27,263.3158058213908,286.25361403575425,249.75777048278943,286.25361403575425,210787299.0,6656065210.0,0.19539644018423638,30.88,33.57,29.29,33.57,2026-07-24,30.52,8.527066250692709
002408,齐翔腾达,2026-07-27,44.72561041297921,46.228992275600355,44.44372631373775,46.13503090918654,26246647.0,127080255.0,0.009540456835509567,4.76,4.92,4.73,4.91,2026-07-24,4.8,9.396136641382187
002409,雅克科技,2026-07-27,482.24215011605173,529.6219722578039,478.48929291670504,529.6219722578039,52401622.0,8579165121.0,0.16451453622557136,154.2,169.35,153.0,169.35,2026-07-24,153.95,3.1273809994555886
002410,广联达,2026-07-27,159.62107278306019,164.70934783045405,158.30189036336546,164.1439839362992,25469796.0,220178227.0,0.016221576459181975,8.47,8.74,8.4,8.71,2026-07-24,8.51,18.845463138495887
002412,汉森制药,2026-07-27,48.516715862171935,51.942247673766204,47.95744536231981,51.033433111506504,92434027.0,660506700.0,0.1856682843053561,6.94,7.43,6.86,7.3,2026-07-24,7.09,6.990881248151576
002413,雷科防务,2026-07-27,38.28813408176617,39.84988691931189,37.784342843848194,39.84988691931189,49969037.0,390318608.0,0.038573306028937805,7.6,7.91,7.5,7.91,2026-07-24,7.6,5.037912379179759
002414,高德红外,2026-07-27,209.62826254649121,213.4665265086101,200.6231047892124,211.10451791653696,148776235.0,2109082993.0,0.043775581364605444,14.2,14.46,13.59,14.3,2026-07-24,14.36,14.76255370045713
002415,海康威视,2026-07-27,886.926317183795,914.7853620777352,868.673839494662,888.3673022645162,289934387.0,10757769681.0,0.03205078305561794,36.93,38.09,36.17,36.99,2026-07-24,35.49,24.016418012017198
002416,爱施德,2026-07-27,33.4717649448065,34.42051111671145,33.39586525105411,34.344611422959055,13402630.0,120398073.0,0.010950717271111092,8.82,9.07,8.8,9.05,2026-07-24,8.85,3.794984687619785
002418,康盛股份,2026-07-27,16.149056603773587,16.996383647798744,16.049371069182392,16.946540880503147,36513400.0,122572105.0,0.032130847563859984,3.24,3.41,3.22,3.4,2026-07-24,3.26,4.984276729559749
002419,天虹股份,2026-07-27,19.609146599709497,19.928365265286164,19.42673593366569,19.79155726575331,9278895.0,40230176.0,0.008130539994701919,4.3,4.37,4.26,4.34,2026-07-24,4.28,4.560266651095232
002420,毅昌科技,2026-07-27,5.0960204283488,5.303597635206185,5.0545049869773235,5.272461054177578,8342301.0,41936722.0,0.020613181730688688,4.91,5.11,4.87,5.08,2026-07-24,4.91,1.0378860342869247
002421,达实智能,2026-07-27,49.546623283516844,51.38850518996729,48.80987052093667,51.38850518996729,110003888.0,301888145.0,0.05490922466759088,2.69,2.79,2.65,2.79,2026-07-24,2.67,18.418819064504405
002422,科伦药业,2026-07-27,329.5777229177413,343.6188205115393,324.5680850827681,335.2223852670068,39607225.0,1878635003.0,0.030499593682065427,46.71,48.7,46.0,47.51,2026-07-24,46.65,7.055827936581916
002423,中粮资本,2026-07-27,9.675154901020727,9.90551573199741,9.664185337640884,9.883576605237726,15380385.0,137946430.0,0.006675208448293434,8.82,9.03,8.81,9.01,2026-07-24,8.85,1.0969563379842093
002425,凯撒文化,2026-07-27,11.15136105531767,11.743065927640648,11.105845295908209,11.697550168231187,22747400.0,57713779.0,0.024720439023712387,2.45,2.58,2.44,2.57,2026-07-24,2.46,4.5515759409459875
002426,胜利精密,2026-07-27,12.80738200880888,13.401817460694522,12.75334242227382,13.401817460694522,85531624.0,209354988.0,0.025137138288352456,2.37,2.48,2.36,2.48,2026-07-24,2.39,5.403958653505856
002427,尤夫股份,2026-07-27,7.939871953100893,8.352332833781459,7.919248909066865,8.311086745713403,12009942.0,47986747.0,0.012198804055165326,3.85,4.05,3.84,4.03,2026-07-24,3.89,2.0623044034028295
002428,云南锗业,2026-07-27,393.60554422934905,415.80330913081843,370.2587185565095,412.8261971322685,67968381.0,5152332903.0,0.10408066328693782,75.36,79.61,70.89,79.04,2026-07-24,78.08,5.223003506228093
002429,兆驰股份,2026-07-27,74.00345056762421,76.42502944745485,73.2285453260784,76.42502944745485,54189300.0,421555142.0,0.011977302350622056,7.64,7.89,7.56,7.89,2026-07-24,7.67,9.686315519322541
002430,杭氧股份,2026-07-27,57.057548238462545,58.91973976060557,56.88374369639586,58.10037549086263,12957956.0,303232812.0,0.013250287472803764,22.98,23.73,22.91,23.4,2026-07-24,23.16,2.4829220295240444
002432,九安医疗,2026-07-27,225.11914567049695,243.86515141803275,217.3667867873805,241.92706169725363,48205001.0,3387358719.0,0.103605993582425,67.37,72.98,65.05,72.4,2026-07-24,67.58,3.341534001343282
002434,万里扬,2026-07-27,40.992412318638394,42.24888472687252,40.91388279312376,42.24888472687252,12971907.0,69321112.0,0.009892249056161184,5.22,5.38,5.21,5.38,2026-07-24,5.21,7.852952551463294
002436,兴森科技,2026-07-27,425.5914439459357,455.43321087350574,412.496322593753,449.51522333934633,129288145.0,4505803715.0,0.0851739594645494,33.8,36.17,32.76,35.7,2026-07-24,33.8,12.59146283863715
002437,誉衡药业,2026-07-27,43.50103164620417,46.67628943059863,43.18350586776472,46.04123787371974,75486400.0,216272077.0,0.03594327147225748,2.74,2.94,2.72,2.9,2026-07-24,2.76,15.876288921972323
002438,江苏神通,2026-07-27,52.397766454079004,53.573776174993505,52.00576321377418,53.3995525126358,3372293.0,41099788.0,0.0071922201902173966,12.03,12.3,11.94,12.26,2026-07-24,12.03,4.355591558942561
002439,启明星辰,2026-07-27,105.1658554763329,107.80499861756405,104.52606319967079,107.485102479233,22213849.0,296489209.0,0.03048843447743501,13.15,13.48,13.07,13.44,2026-07-24,13.33,7.997403458276265
002440,闰土股份,2026-07-27,65.21975438543488,69.42190978714427,65.21975438543488,68.55845319775193,53585818.0,632017406.0,0.056623114236042674,11.33,12.06,11.33,11.91,2026-07-24,11.85,5.756377262615612
002441,众业达,2026-07-27,43.97868282412064,45.43879845573155,43.80346894832733,45.32198920520268,4802790.0,36952029.0,0.012050533793365868,7.53,7.78,7.5,7.76,2026-07-24,7.54,5.840462526443644
002442,龙星科技,2026-07-27,12.364624151725614,12.85811247707165,12.337208133650835,12.830696458996867,12042800.0,55847232.0,0.02450159957533545,4.51,4.69,4.5,4.68,2026-07-24,4.52,2.7416018074779633
002443,金洲管道,2026-07-27,34.56827591019404,35.81397954659744,34.2568500010932,35.72500071542576,11347500.0,90083162.0,0.021799665083374133,7.77,8.05,7.7,8.03,2026-07-24,7.81,4.448941558583532
002444,巨星科技,2026-07-27,128.88977462813563,133.45346836496876,128.19830588013062,132.90029336656474,14778800.0,422733025.0,0.012887787471269977,27.96,28.95,27.81,28.83,2026-07-24,27.95,4.609791653366797
002445,中南文化,2026-07-27,19.529630109501717,20.59102305023551,19.458870580119466,20.59102305023551,51476500.0,147386904.0,0.021753949230300995,2.76,2.91,2.75,2.91,2026-07-24,2.79,7.07595293822526
002446,盛路通信,2026-07-27,37.097231852514504,38.75059037518925,36.94222949101375,38.64725546752207,24106990.0,178444976.0,0.028435522057198376,7.18,7.5,7.15,7.48,2026-07-24,7.23,5.166745383358566
002448,中原内配,2026-07-27,72.91874156557694,74.92683083416425,71.60093298306651,74.92683083416425,16781935.0,199048509.0,0.028908975251444115,11.62,11.94,11.41,11.94,2026-07-24,10.85,6.275278964335365
002449,国星光电,2026-07-27,18.951941008689253,19.532102468138923,18.919709816497605,19.499871275947275,6826930.0,40894201.0,0.011038289434415646,5.88,6.06,5.87,6.05,2026-07-24,5.9,3.223119219164839
002451,摩恩电气,2026-07-27,20.92506234654718,21.77593084557847,20.767494105985833,21.77593084557847,23874682.0,162369785.0,0.05436578928791822,6.64,6.91,6.59,6.91,2026-07-24,6.66,3.151364811226985
002452,长高电气,2026-07-27,62.71290113050627,63.823381206442534,62.06999161285894,63.64804224708418,16286212.0,176007604.0,0.031608594506798225,10.73,10.92,10.62,10.89,2026-07-24,10.68,5.844631978611954
002453,华软科技,2026-07-27,16.395116678624024,16.941620567911492,16.1428841143375,16.85754304648265,13587100.0,53911369.0,0.022545577028657022,3.9,4.03,3.84,4.01,2026-07-24,3.9,4.203876071442058
002454,松芝股份,2026-07-27,20.22272007202054,20.84223447247631,20.13421801481257,20.709481386664358,7828204.0,36524851.0,0.008922515333042181,4.57,4.71,4.55,4.68,2026-07-24,4.57,4.4251028603983675
002455,百川股份,2026-07-27,38.489601376533024,40.76516902548346,38.489601376533024,40.700152806942015,29003023.0,179027898.0,0.04388997806491015,5.92,6.27,5.92,6.26,2026-07-24,5.99,6.501621854144092
002456,欧菲光,2026-07-27,141.91537330413746,146.62448071392785,141.48727263052015,146.41043037711918,64253561.0,435021286.0,0.019367395188097068,6.63,6.85,6.61,6.84,2026-07-24,6.67,21.40503368086538
002457,青龙管业,2026-07-27,29.348333178794395,29.707334196271997,28.869665155490917,29.707334196271997,19502800.0,191359931.0,0.05851945742703921,9.81,9.93,9.65,9.93,2026-07-24,9.58,2.991675145646727
002458,益生股份,2026-07-27,94.47295661695077,96.54675322561556,93.20563646721119,95.74027676669037,43168731.0,356538037.0,0.04467029731412299,8.2,8.38,8.09,8.31,2026-07-24,8.34,11.521092270359851
002459,晶澳科技,2026-07-27,18.663227090169837,19.113262353337053,18.58380910255209,19.113262353337053,30148912.0,215369708.0,0.009117316238349054,7.05,7.22,7.02,7.22,2026-07-24,7.02,2.6472662539247995
002460,赣锋锂业,2026-07-27,708.6988272058459,720.0721283445555,695.1930321036281,711.9686512832249,41995486.0,2086165665.0,0.0346721107863818,49.85,50.65,48.9,50.08,2026-07-24,49.03,14.216626423387078
002461,珠江啤酒,2026-07-27,18.938171818236672,19.141322648229675,18.780165617131004,19.02846107601134,5981100.0,50353259.0,0.002702310142415011,8.39,8.48,8.32,8.43,2026-07-24,8.38,2.257231444366707
002462,嘉事堂,2026-07-27,21.186882097580877,21.56353777931565,20.923223120366536,21.488206642968695,2660501.0,30272252.0,0.009127859386650143,11.25,11.45,11.11,11.41,2026-07-24,11.17,1.8832784086738559
002463,沪电股份,2026-07-27,392.4409787131104,411.98958921931506,392.4409787131104,410.90549811789765,46161978.0,5324539916.0,0.024007554741408872,112.22,117.81,112.22,117.5,2026-07-24,112.22,3.4970680690884905
002465,海格通信,2026-07-27,69.17073874618893,71.51302831219743,68.65836290362458,71.36663521432192,49466817.0,476577186.0,0.01996330535815383,9.45,9.77,9.38,9.75,2026-07-24,9.49,7.319654893776606
002466,天齐锂业,2026-07-27,375.1193149025002,381.42031123344924,368.8183185715512,379.8240588296089,43960392.0,1970655366.0,0.02978903382268308,44.65,45.4,43.9,45.21,2026-07-24,43.88,8.401328441265402
002467,二六三,2026-07-27,49.85265167868544,51.969037834856046,49.499920652657,51.8514608261799,37130971.0,162362099.0,0.02716617977641575,4.24,4.42,4.21,4.41,2026-07-24,4.3,11.75770086761449
002468,申通快递,2026-07-27,30.456561705683317,31.56407304043544,30.29504963603197,31.56407304043544,21197365.0,286569748.0,0.01447802421332416,13.2,13.68,13.13,13.68,2026-07-24,13.19,2.307315280733585
002469,三维化学,2026-07-27,57.07458327884272,58.56812377585917,56.541175958479705,58.46144231178657,6142600.0,33446675.0,0.009765894050199243,5.35,5.49,5.3,5.48,2026-07-24,5.36,10.668146407260322
002470,金正大,2026-07-27,7.561999034084901,7.812673035214788,7.478441033708273,7.7708940350264735,83970700.0,154761700.0,0.025556131752873308,1.81,1.87,1.79,1.86,2026-07-24,1.83,4.177900018831437
002471,中超控股,2026-07-27,35.21174869537353,36.494767878605764,35.14046985186062,36.423489035092864,46659037.0,236620491.0,0.03471518834332948,4.94,5.12,4.93,5.11,2026-07-24,4.94,7.127884351290188
002472,双环传动,2026-07-27,189.97391333852087,195.2897464138497,189.97391333852087,195.23605113026053,17265537.0,621515793.0,0.023063911138343857,35.38,36.37,35.38,36.36,2026-07-24,35.36,5.369528358918057
002474,榕基软件,2026-07-27,35.22591950271738,36.74373291037486,34.90970837612207,36.617248459736736,16046200.0,92288429.0,0.03034270852784015,5.57,5.81,5.52,5.79,2026-07-24,5.6,6.324222531906172
002475,立讯精密,2026-07-27,2156.817981130622,2228.240478210685,2133.8354944464427,2223.643980873849,105050111.0,6542044110.0,0.014341164928833144,61.0,63.02,60.35,62.89,2026-07-24,60.59,35.35767182181347
002476,宝莫股份,2026-07-27,22.111068997553097,22.75352136552074,21.843380510899912,22.75352136552074,8572900.0,36043506.0,0.014008006535947713,4.13,4.25,4.08,4.25,2026-07-24,4.13,5.353769733063704
002478,常宝股份,2026-07-27,17.24359181238545,17.618452503959045,16.95523743425191,17.618452503959045,15696762.0,94783339.0,0.021718890401551914,5.98,6.11,5.88,6.11,2026-07-24,5.96,2.883543781335359
002479,富春环保,2026-07-27,23.618677693036528,25.05151332607788,23.618677693036528,24.866631308911256,27712910.0,147455464.0,0.03210958402023364,5.11,5.42,5.11,5.38,2026-07-24,5.13,4.622050429165661
002480,新筑股份,2026-07-27,21.031703621739638,21.559526299505304,21.031703621739638,21.356517577287743,6832200.0,35887866.0,0.008900383769744143,5.18,5.31,5.18,5.26,2026-07-24,5.23,4.060174444351282
002481,双塔食品,2026-07-27,75.06505691435044,77.15547622082602,74.49494255803891,76.5853618645145,9012659.0,36249807.0,0.008060312161327533,3.95,4.06,3.92,4.03,2026-07-24,3.95,19.003811877050744
002482,广田集团,2026-07-27,10.091200211842853,10.430400218963623,10.091200211842853,10.34560021718343,43638400.0,53024649.0,0.011656459052553577,1.19,1.23,1.19,1.22,2026-07-24,1.2,8.480000178019205
002483,润邦股份,2026-07-27,17.195986776549397,17.792582236143968,17.16089292598501,17.687300684450808,9223471.0,46145102.0,0.010419048489330987,4.9,5.07,4.89,5.04,2026-07-24,4.89,3.5093850564386524
002484,江海股份,2026-07-27,323.3134923652027,356.26620653664037,320.15573613857345,356.26620653664037,40626301.0,2725087235.0,0.049515751760359626,63.48,69.95,62.86,69.95,2026-07-24,63.59,5.093155204240748
002486,嘉麟杰,2026-07-27,8.996734860478616,9.333061397318938,8.828571592058454,9.206938946003817,27241200.0,59493483.0,0.033203240220467604,2.14,2.22,2.1,2.19,2026-07-24,2.12,4.204081710504026
002487,大金重工,2026-07-27,179.66453956541275,197.0014412269809,177.67902848126667,196.3234618323944,34180426.0,1339825409.0,0.054175508129897354,37.1,40.68,36.69,40.54,2026-07-24,38.19,4.84270996133188
002488,金固股份,2026-07-27,52.10583039674266,53.347924089156066,51.484783550535944,53.03740066605271,17365723.0,147123496.0,0.018874062606103425,8.39,8.59,8.29,8.54,2026-07-24,8.4,6.2104684620670625
002489,浙江永强,2026-07-27,32.88138217602193,33.90492714648176,32.625495933406974,33.77698402517428,15881200.0,41708483.0,0.008301631998436986,2.57,2.65,2.55,2.64,2026-07-24,2.58,12.794312130747834
002490,山东墨龙,2026-07-27,13.749465282283747,14.21228038294968,13.749465282283747,14.077292645255449,81697193.0,587846163.0,0.15081018123687057,7.13,7.37,7.13,7.3,2026-07-24,7.92,1.9283962527747192
002491,通鼎互联,2026-07-27,69.56392841106756,76.03192175479111,68.63992936196419,72.90792496972736,190493046.0,3123969837.0,0.16191932544554338,15.81,17.28,15.6,16.57,2026-07-24,15.71,4.399995471920782
002492,恒基达鑫,2026-07-27,16.91734231806168,18.404961376705142,16.882746526000204,18.370365584643665,15771450.0,82136014.0,0.0396432211894022,4.89,5.32,4.88,5.31,2026-07-24,4.93,3.459579206147583
002493,荣盛石化,2026-07-27,170.2955364302585,175.5056271427227,168.80693908384015,175.20790767343902,42912293.0,499850882.0,0.0045954148575679124,11.44,11.79,11.34,11.77,2026-07-24,11.59,14.885973464183435
002494,华斯股份,2026-07-27,11.65412288272667,12.017440862284095,11.626175345837638,11.7659130302828,16669304.0,70562168.0,0.058127693064373674,4.17,4.3,4.16,4.21,2026-07-24,4.2,2.794753688903278
002495,佳隆股份,2026-07-27,20.257215073779218,20.847231046801916,20.158879078275433,20.65055905579435,20604200.0,43181862.0,0.029692548476394135,2.06,2.12,2.05,2.1,2026-07-24,2.05,9.833599550378262
002497,雅化集团,2026-07-27,118.57032644249428,122.29288320289817,117.19160171641877,122.22394696659441,39874300.0,695978170.0,0.03763190455939786,17.2,17.74,17.0,17.73,2026-07-24,16.93,6.893623630377575
002498,汉缆股份,2026-07-27,54.18207952791674,59.98730233447924,52.58353991451546,59.734901342889565,327971088.0,2232855965.0,0.09858467065609072,6.44,7.13,6.25,7.1,2026-07-24,6.5,8.413366386322474
002500,山西证券,2026-07-27,6.814574839344404,6.931174028610753,6.775708442922289,6.918218563136715,18031770.0,95772122.0,0.005023096808227056,5.26,5.35,5.23,5.34,2026-07-24,5.27,1.2955465474038792
002506,协鑫集成,2026-07-27,23.17516106349528,24.343656579301765,22.88303718454366,24.24628195298456,222791442.0,546884457.0,0.038120254641406455,2.38,2.5,2.35,2.49,2026-07-24,2.38,9.737462631720707
002507,涪陵榨菜,2026-07-27,93.08064171956553,94.06475423113805,92.50657608781492,93.65470735131616,8348185.0,95059718.0,0.007235894586613168,11.35,11.47,11.28,11.42,2026-07-24,11.36,8.200937596437493
002508,老板电器,2026-07-27,124.80118619222094,127.74152827528376,123.90274833350732,126.92476658554408,7026508.0,108788585.0,0.007526639762085314,15.28,15.64,15.17,15.54,2026-07-24,15.24,8.167616897396659
002510,天汽模,2026-07-27,23.30072048856603,24.04529238387735,23.256922141783004,24.00149403709433,15741988.0,85677574.0,0.015666055475079287,5.32,5.49,5.31,5.48,2026-07-24,5.34,4.379834678301885
002511,中顺洁柔,2026-07-27,58.87642821145282,59.972980599345206,58.5390274767167,59.635579864609085,13225087.0,93511858.0,0.010452555100682846,6.98,7.11,6.94,7.07,2026-07-24,6.96,8.435018368402982
002513,蓝丰生化,2026-07-27,13.416932574717737,13.809770690644157,13.17518604183994,13.719115740814983,9240900.0,41642082.0,0.031970863458122674,4.44,4.57,4.36,4.54,2026-07-24,4.41,3.021831660972463
002515,金字火腿,2026-07-27,79.55331857847068,85.301687404786,76.57648472198598,85.301687404786,87174159.0,699014222.0,0.07911625369069199,7.75,8.31,7.46,8.31,2026-07-24,7.81,10.264944332705895
002516,旷达科技,2026-07-27,49.627975322917074,51.41816280951528,49.42906560218394,51.21925308878215,12944100.0,66191820.0,0.008862794714935594,4.99,5.17,4.97,5.15,2026-07-24,4.99,9.945486036656728
002517,恺英网络,2026-07-27,99.90059627514863,104.29405957547654,99.56263755973879,104.09128434623065,54417096.0,822802330.0,0.028806034565678183,14.78,15.43,14.73,15.4,2026-07-24,14.88,6.759174308196795
002518,科士达,2026-07-27,197.08165764288879,201.4639551568752,195.86435277789255,201.34222467037557,8870941.0,290321251.0,0.015696549491331185,32.38,33.1,32.18,33.08,2026-07-24,32.26,6.086524324981124
002519,银河电子,2026-07-27,59.44147335795763,62.23158333190258,58.59230945284395,61.86765594399671,40422200.0,204370315.0,0.03616860978001581,4.9,5.13,4.83,5.1,2026-07-24,4.98,12.130912930195434
002520,日发精机,2026-07-27,47.34882403170308,49.45525140642101,46.98248883609996,49.45525140642101,26320128.0,140008359.0,0.036686164315714066,5.17,5.4,5.13,5.4,2026-07-24,5.24,9.158379890077965
002521,齐峰新材,2026-07-27,26.4360829112459,26.895840874919738,25.93801178393257,26.167890765769492,5970500.0,40931011.0,0.014243502316069103,6.9,7.02,6.77,6.83,2026-07-24,6.89,3.831316363948681
002522,浙江众成,2026-07-27,40.131260056203075,44.00600240645716,39.854492745470644,44.00600240645716,36886112.0,169539046.0,0.04075723954346422,4.35,4.77,4.32,4.77,2026-07-24,4.34,9.2255770244145
002523,天桥起重,2026-07-27,24.727765864434964,25.510290100651257,24.493008593570075,25.27553282978637,20466464.0,65762960.0,0.014499358925868202,3.16,3.26,3.13,3.23,2026-07-24,3.16,7.825242362162963
002524,光正眼科,2026-07-27,15.914458022184844,16.83703529883324,15.683813703022743,16.60639097967114,16437402.0,58696483.0,0.032182962100644065,3.45,3.65,3.4,3.6,2026-07-24,3.45,4.6128863832419835
002526,山东矿机,2026-07-27,15.297214315833859,15.664347459413872,15.236025458570523,15.603158602150534,18092828.0,45914251.0,0.010215677814001548,2.5,2.56,2.49,2.55,2026-07-24,2.5,6.118885726333543
002527,新时达,2026-07-27,28.571422735125445,29.80122371371443,28.314022530304495,29.71542364544078,9818781.0,100505491.0,0.018564931040973988,9.99,10.42,9.9,10.39,2026-07-24,9.98,2.8600022757883328
002530,金财互联,2026-07-27,22.18115267320585,23.136648480667027,22.18115267320585,23.102523630400555,13132344.0,88101794.0,0.018892106418628728,6.5,6.78,6.5,6.77,2026-07-24,6.54,3.412485026647054
002531,天顺风能,2026-07-27,50.61107551216199,52.6921230249976,50.27810791010829,52.60888112448418,35639300.0,221929226.0,0.01994604501164524,6.08,6.33,6.04,6.32,2026-07-24,6.08,8.324190051342432
002532,天山铝业,2026-07-27,106.88615091345744,108.1586050909986,103.49293977334767,106.88615091345744,78675573.0,985418220.0,0.019157122914428344,12.6,12.75,12.2,12.6,2026-07-24,12.5,8.4830278502744
002533,金杯电工,2026-07-27,63.90889227030336,66.523623352723,63.66566147193875,66.4020079535407,9733527.0,104830538.0,0.01526479528631706,10.51,10.94,10.47,10.92,2026-07-24,10.51,6.0807699591154485
002534,西子洁能,2026-07-27,31.300137951015998,32.484603718888586,31.249735152383124,32.33339532298996,11150770.0,141635068.0,0.013510144528003516,12.42,12.89,12.4,12.83,2026-07-24,12.38,2.5201399316438002
002535,林州重机,2026-07-27,7.5133635980137665,7.835364895071499,7.477585676118462,7.799586973176196,14472740.0,31222341.0,0.019392695826231786,2.1,2.19,2.09,2.18,2026-07-24,2.1,3.577792189530365
002536,飞龙股份,2026-07-27,271.14635583633384,281.3889122419405,254.3755766667142,281.2200788945953,34555117.0,1650516829.0,0.06347363843835173,48.18,50.0,45.2,49.97,2026-07-24,48.19,5.62777824483881
002537,海联金汇,2026-07-27,37.21954891866929,38.70268084901475,36.93704759860349,38.70268084901475,23036653.0,124733181.0,0.019677375779419828,5.27,5.48,5.23,5.48,2026-07-24,5.3,7.0625330016450265
002539,云图控股,2026-07-27,69.63624264464089,72.88420172321555,69.18152837364043,72.16965072592912,25546788.0,281901996.0,0.02871091372451674,10.72,11.22,10.65,11.11,2026-07-24,10.81,6.495918157149336
002540,亚太科技,2026-07-27,47.74962290084579,50.59562691480349,47.74962290084579,50.068589134440955,18272671.0,85926326.0,0.021291822518882567,4.53,4.8,4.53,4.75,2026-07-24,4.53,10.540755607250727
002541,鸿路钢构,2026-07-27,94.56101060003404,95.75556606491573,93.65314844672397,94.56101060003404,6238511.0,123593716.0,0.0125730785853069,19.79,20.04,19.6,19.79,2026-07-24,19.79,4.778221859526733
002543,万和电气,2026-07-27,37.739769227967,38.761387184775025,37.499388532247465,38.641196836915256,3923700.0,25118502.0,0.005930460478740741,6.28,6.45,6.24,6.43,2026-07-24,6.26,6.009517392988376
002544,普天科技,2026-07-27,94.73775810212564,100.3105674022507,94.73775810212564,99.46816599641784,10027784.0,152570980.0,0.01473659121923959,14.62,15.48,14.62,15.35,2026-07-24,14.86,6.480010814098882
002545,东方铁塔,2026-07-27,103.09494595823972,103.260604682329,99.83699105115018,101.7144565908289,23555937.0,433913249.0,0.020842942339465036,18.67,18.7,18.08,18.42,2026-07-24,18.56,5.5219574696432625
002546,新联电子,2026-07-27,96.05566499391279,99.34765840863685,94.29209709316775,99.34765840863685,54495207.0,450153714.0,0.06801425862999877,8.17,8.45,8.02,8.45,2026-07-24,8.15,11.75711933830022
002548,金新农,2026-07-27,18.359805297851565,18.94575653076172,18.16448822021485,18.799268722534183,20472142.0,78627044.0,0.025447939676649226,3.76,3.88,3.72,3.85,2026-07-24,3.76,4.88292694091797
002549,凯美特气,2026-07-27,110.85315402560764,117.01166258258583,110.33994497919278,116.75505805937841,32166887.0,432993950.0,0.04645980273549381,12.96,13.68,12.9,13.65,2026-07-24,13.1,8.55348410691417
002550,千红制药,2026-07-27,71.5822610871766,74.9013767480967,71.13971233238726,74.56946518200469,21324461.0,142893926.0,0.022655706219426374,6.47,6.77,6.43,6.74,2026-07-24,6.48,11.063718869733634
002551,尚荣医疗,2026-07-27,23.055875360598655,24.14184050439497,23.055875360598655,23.974768943810922,13979002.0,39973927.0,0.022872064997572713,2.76,2.89,2.76,2.87,2026-07-24,2.79,8.353578029202412
002552,宝鼎科技,2026-07-27,130.80895935567216,137.548126350218,126.86913865116843,137.06428871984033,21060100.0,802301928.0,0.057150371865473365,37.85,39.8,36.71,39.66,2026-07-24,37.54,3.4559830741260806
002553,南方精工,2026-07-27,69.4501710710727,72.23414356926888,68.85360553574495,71.98557459621566,6294187.0,90520894.0,0.024566550363079823,13.97,14.53,13.85,14.48,2026-07-24,14.01,4.971379461064617
002554,惠博普,2026-07-27,19.299135392658926,19.72485161455581,18.944371874411516,19.72485161455581,14413099.0,39576693.0,0.010808709061442585,2.72,2.78,2.67,2.78,2026-07-24,2.76,7.095270364948134
002555,三七互娱,2026-07-27,284.04514367317864,288.88859771821086,284.04514367317864,288.4198763590142,23365915.0,429562674.0,0.014719995428078532,18.18,18.49,18.18,18.46,2026-07-24,18.16,15.624045306555482
002556,辉隆股份,2026-07-27,29.258025709849495,29.951642698660585,29.131913530065663,29.762474428984834,7321378.0,34483691.0,0.007838390366680723,4.64,4.75,4.62,4.72,2026-07-24,4.65,6.305608989191702
002557,洽洽食品,2026-07-27,70.36683289860667,71.95235166563536,69.9893284302665,71.76359943146528,5329507.0,100964757.0,0.010568780793394864,18.64,19.06,18.54,19.01,2026-07-24,18.69,3.7750446834016453
002558,巨人网络,2026-07-27,116.65666369959581,120.25507683580678,114.80882992694694,120.20644963126338,69441836.0,1691026054.0,0.036537720125307746,23.99,24.73,23.61,24.72,2026-07-24,24.18,4.862720454339134
002559,亚威股份,2026-07-27,70.82966209917616,73.79760943515522,69.62644020621167,73.79760943515522,29688050.0,268001948.0,0.058904275691434645,8.83,9.2,8.68,9.2,2026-07-24,8.75,8.021479286429916
002560,通达股份,2026-07-27,37.00076084884978,38.18031530544063,36.44202452730675,38.11823349193585,62483187.0,376971641.0,0.09865536657188571,5.96,6.15,5.87,6.14,2026-07-24,5.86,6.208181350478151
002561,徐家汇,2026-07-27,9.148184911591867,9.370228234688758,9.11857913517895,9.32581957006938,3598671.0,22621908.0,0.008683222564992208,6.18,6.33,6.16,6.3,2026-07-24,6.18,1.4802888206459333
002562,兄弟科技,2026-07-27,29.851120070872593,30.7795041879093,29.70829174517464,30.708090025060326,17479007.0,74618898.0,0.02148566983714176,4.18,4.31,4.16,4.3,2026-07-24,4.17,7.14141628489775
002563,森马服饰,2026-07-27,42.2317163199063,44.42262825779053,42.0806189448798,44.19598219525078,32983482.0,190368834.0,0.014944311426072847,5.59,5.88,5.57,5.85,2026-07-24,5.53,7.5548687513249195
002564,天沃科技,2026-07-27,13.451293432481688,14.043281896502885,13.253963944474622,13.977505400500531,16503380.0,69246992.0,0.019214453343686554,4.09,4.27,4.03,4.25,2026-07-24,4.07,3.288824800117772
002565,顺灏股份,2026-07-27,72.60017513397926,76.35388571669968,71.91768230075736,76.26857411254696,38536441.0,338853918.0,0.036356670563045285,8.51,8.95,8.43,8.94,2026-07-24,8.59,8.531160415273709
002566,益盛药业,2026-07-27,20.56421078423234,21.607566814201576,20.39592755359214,21.472940229689417,17870800.0,111744231.0,0.07709894265367288,6.11,6.42,6.06,6.38,2026-07-24,6.15,3.3656646128039838
002567,唐人神,2026-07-27,18.10111476826111,18.67825176087233,18.048647768932813,18.520850762887452,11839350.0,41655462.0,0.008269628892832712,3.45,3.56,3.44,3.53,2026-07-24,3.48,5.246699932829307
002568,百润股份,2026-07-27,156.47701565198034,159.97420969807044,155.6699708721134,158.7188067071663,11908351.0,210397114.0,0.015625531686903532,17.45,17.84,17.36,17.7,2026-07-24,17.61,8.967164220743859
002570,贝因美,2026-07-27,10.260608014570753,10.626125857328999,10.260608014570753,10.573909022649248,17623131.0,70926007.0,0.016317784402870194,3.93,4.07,3.93,4.05,2026-07-24,3.95,2.6108417339874688
002571,德力股份,2026-07-27,41.13835860755216,41.850368660375175,40.74279746709493,41.69214420419228,4918000.0,51533957.0,0.016486416299215354,10.4,10.58,10.3,10.54,2026-07-24,10.35,3.955611404572323
002572,索菲亚,2026-07-27,194.20336045478555,200.15595387868703,192.4671873728143,198.17175607071988,10724400.0,85573825.0,0.016462009037434815,7.83,8.07,7.76,7.99,2026-07-24,7.82,24.80247259958947
002573,清新环境,2026-07-27,26.2969030025786,27.233038708172014,26.126696510652522,26.9777289702829,8979000.0,28147391.0,0.006354550459224409,3.09,3.2,3.07,3.17,2026-07-24,3.11,8.510324596303754
002574,明牌珠宝,2026-07-27,9.944817040993916,10.232378015673257,9.848963382767469,10.088597528333587,5577600.0,23566664.0,0.010563636363636364,4.15,4.27,4.11,4.21,2026-07-24,4.13,2.3963414556611844
002575,群兴玩具,2026-07-27,18.346653243532533,20.425940611132884,18.265112562450167,19.569763459768033,54582833.0,258876040.0,0.09341169091542299,4.5,5.01,4.48,4.8,2026-07-24,4.56,4.07703405411834
002576,通达动力,2026-07-27,18.566854542329942,19.324393642209454,18.452509017819825,19.25292768939063,3519900.0,46922224.0,0.02172408052701105,12.99,13.52,12.91,13.47,2026-07-24,12.91,1.4293190563764389
002577,雷柏科技,2026-07-27,38.2914518652351,42.127745424851064,38.053172762153366,42.127745424851064,4636301.0,79040394.0,0.0165185144278217,16.07,17.68,15.97,17.68,2026-07-24,16.07,2.382791030817368
002578,闽发铝业,2026-07-27,14.759322344246565,15.238867113554214,14.759322344246565,15.18558436140892,20366304.0,57666140.0,0.023649778708854017,2.77,2.86,2.77,2.85,2026-07-24,2.76,5.328275214529445
002579,中京电子,2026-07-27,55.90717380218226,57.95369264352671,53.95367854453529,57.767645476131754,79185842.0,959288505.0,0.1357288783694218,12.02,12.46,11.6,12.42,2026-07-24,12.17,4.651179184873732
002580,圣阳股份,2026-07-27,71.29062590554354,72.4065538245948,71.29062590554354,72.4065538245948,11252187.0,189359076.0,0.02487557335342447,16.61,16.87,16.61,16.87,2026-07-24,15.34,4.292030457889436
002582,好想你,2026-07-27,52.327709197572105,53.63441703224473,52.090125954904344,53.575021221577785,12244399.0,109953636.0,0.03556941090602895,8.81,9.03,8.77,9.02,2026-07-24,8.89,5.939581066693768
002583,海能达,2026-07-27,44.00392646755794,45.552956473586704,43.659697577329325,45.438213510177164,21612715.0,169807633.0,0.016848502918314873,7.67,7.94,7.61,7.92,2026-07-24,7.66,5.737148170476915
002584,西陇科学,2026-07-27,18.900977212356644,19.829637942443533,18.737095907047195,19.829637942443533,39182250.0,280104501.0,0.08364652243531033,6.92,7.26,6.86,7.26,2026-07-24,6.96,2.7313550884908446
002585,双星新材,2026-07-27,31.158758882235297,33.062215600140775,30.744963943560194,33.020836106273265,48675584.0,379547129.0,0.05489169930566324,7.53,7.99,7.43,7.98,2026-07-24,7.55,4.1379493867510355
002587,奥拓电子,2026-07-27,40.099610764507744,41.05626151833298,40.019889868355634,41.05626151833298,11758200.0,60060814.0,0.022072309567184596,5.03,5.15,5.02,5.15,2026-07-24,5.03,7.972089615210287
002588,史丹利,2026-07-27,87.76542231371627,89.31787671785041,87.55842839316506,88.80039191647236,10338748.0,88736696.0,0.01204088943008798,8.48,8.63,8.46,8.58,2026-07-24,8.49,10.349696027560881
002589,瑞康医药,2026-07-27,25.177717154874404,26.431779695155505,24.984784456369617,26.335313345903113,32663500.0,87944754.0,0.023918938314928705,2.61,2.74,2.59,2.73,2026-07-24,2.61,9.646634925239235
002590,万安科技,2026-07-27,42.681253283766,44.00584390291736,42.681253283766,43.760549343815256,5408399.0,48047897.0,0.010927010781030382,8.7,8.97,8.7,8.92,2026-07-24,8.7,4.905891182042069
002591,恒大高新,2026-07-27,19.266486365441946,19.94187979891685,19.017657205740665,19.764144684844506,10035200.0,55523553.0,0.04489772028908169,5.42,5.61,5.35,5.56,2026-07-24,5.4,3.5547022814468536
002593,日上集团,2026-07-27,14.535069202902829,14.892196210345158,14.499356502158594,14.892196210345158,10346100.0,42848798.0,0.01845855502750274,4.07,4.17,4.06,4.17,2026-07-24,4.07,3.5712700744232992
002594,比亚迪,2026-07-27,299.53507573290875,302.3902627632918,296.9718964669967,299.79463819021635,26533222.0,2448353958.0,0.0076100267494518675,92.32,93.2,91.53,92.4,2026-07-24,91.89,3.2445307163443324
002595,豪迈科技,2026-07-27,360.246847672276,360.4656210615506,350.5478940810993,355.87137988678273,4498092.0,218992945.0,0.0039046662168087808,49.4,49.43,48.07,48.8,2026-07-24,49.43,7.292446309155384
002596,海南瑞泽,2026-07-27,14.097730890147085,14.787829605049392,14.048438124796922,14.738536839699227,33090217.0,97896386.0,0.02886130635195037,2.86,3.0,2.85,2.99,2026-07-24,2.85,4.929276535016464
002597,金禾实业,2026-07-27,107.41163138143447,112.33611286332334,106.7164104663443,111.1194762619155,6019600.0,114903330.0,0.010611959024489479,18.54,19.39,18.42,19.18,2026-07-24,18.54,5.79350762575159
002599,盛通股份,2026-07-27,20.999611763653718,21.613002485272467,20.819202727883496,21.288266220886072,9935300.0,58472995.0,0.024034820858273576,5.82,5.99,5.77,5.9,2026-07-24,5.87,3.6081807154044188
002600,领益智造,2026-07-27,53.70578732168927,55.588627945655006,53.12300331903321,55.588627945655006,108108276.0,1323309868.0,0.015015224636818463,11.98,12.4,11.85,12.4,2026-07-24,12.09,4.482953866585081
002601,龙佰集团,2026-07-27,194.11521078966564,197.45585363054496,193.87659344388854,197.0979276118793,14438578.0,237355693.0,0.0072643176502369825,16.27,16.55,16.25,16.52,2026-07-24,16.36,11.93086728885468
002602,世纪华通,2026-07-27,127.7218111059349,131.35617158455906,127.61797223511705,131.1484938429234,91146624.0,1139048248.0,0.013410171480283738,12.3,12.65,12.29,12.63,2026-07-24,12.38,10.383887081783325
002603,以岭药业,2026-07-27,69.32648395612942,71.4028884266981,69.11460594892854,70.93675681085615,27189200.0,452806197.0,0.019751927897190224,16.36,16.85,16.31,16.74,2026-07-24,16.4,4.237560144017691
002605,姚记科技,2026-07-27,84.84782871986896,87.00759163273835,84.69355994037828,86.85332285324768,6309700.0,106047325.0,0.018654921860336914,16.5,16.92,16.47,16.89,2026-07-24,16.59,5.142292649689027
002606,大连电瓷,2026-07-27,60.665005337326505,65.4927009572639,60.118473757710944,64.35409349973149,52385110.0,719934389.0,0.12432918186602655,13.32,14.38,13.2,14.13,2026-07-24,13.45,4.554429830129617
002607,中公教育,2026-07-27,14.438523956672832,15.102364138588824,14.272563911193833,15.019384115849325,151783322.0,271513693.0,0.027380708764826487,1.74,1.82,1.72,1.81,2026-07-24,1.74,8.298002273949903
002608,江苏国信,2026-07-27,19.375814150258215,20.13180689889546,19.375814150258215,20.10380716746445,23437611.0,166864610.0,0.00620357769985257,6.92,7.19,6.92,7.18,2026-07-24,6.99,2.7999731431008983
002609,捷顺科技,2026-07-27,42.617506037790946,43.49924754202111,42.617506037790946,43.44046477507243,3604600.0,26528100.0,0.007855556509320374,7.25,7.4,7.25,7.39,2026-07-24,7.25,5.878276694867717
002611,东方精工,2026-07-27,101.91548577592879,108.05932711703088,101.91548577592879,107.91476614429907,28736770.0,421280177.0,0.02862335282675925,14.1,14.95,14.1,14.93,2026-07-24,14.12,7.228048636590694
002612,朗姿股份,2026-07-27,30.9925468946676,34.25492025200103,30.530377335712032,34.25492025200103,9484300.0,116087296.0,0.03727237605732411,11.4,12.6,11.23,12.6,2026-07-24,11.45,2.7186444644445262
002613,北玻股份,2026-07-27,11.672544358956687,12.178354614511477,11.633635877760165,12.139446133314955,25291300.0,77892722.0,0.03268995484644165,3.0,3.13,2.99,3.12,2026-07-24,3.0,3.890848119652229
002614,奥佳华,2026-07-27,25.851606960534433,26.78529931125351,25.793251188614494,26.66858776741363,6840300.0,31060739.0,0.015501539105015876,4.43,4.59,4.42,4.57,2026-07-24,4.43,5.835577191994229
002615,哈尔斯,2026-07-27,35.90654619363235,36.84070024094636,35.7897769377181,36.66554635707499,6640980.0,41412672.0,0.021981075756028073,6.15,6.31,6.13,6.28,2026-07-24,6.16,5.838462795712577
002616,长青集团,2026-07-27,22.764074906870455,23.313208292781805,22.614311256167362,23.213365858979742,9098451.0,42128963.0,0.0154872452669338,4.56,4.67,4.53,4.65,2026-07-24,4.58,4.99212169010317
002617,露笑科技,2026-07-27,47.03381736161847,48.50362415416905,46.62553769702109,48.42196822124957,71090349.0,417782944.0,0.03786191050064346,5.76,5.94,5.71,5.93,2026-07-24,5.78,8.165593291947651
002622,皓宸医疗,2026-07-27,11.741753110847625,12.394072728116937,11.682451327459505,12.275469161340698,38150300.0,78073491.0,0.04541836202911931,1.98,2.09,1.97,2.07,2026-07-24,1.98,5.930178338811932
002623,亚玛顿,2026-07-27,15.23568661504898,15.672239240122014,15.006496486885634,15.650411608868362,3805928.0,54007029.0,0.01975708213170262,13.96,14.36,13.75,14.34,2026-07-24,13.82,1.0913815626825916
002624,完美世界,2026-07-27,37.37799607351155,39.40474872817536,37.183116010563104,39.32679670299599,76409403.0,758359319.0,0.04180555983066019,9.59,10.11,9.54,10.09,2026-07-24,9.61,3.897601258968879
002625,光启技术,2026-07-27,190.17600867128152,201.01572046401225,189.9194474454181,200.31017709288778,33382416.0,1018572639.0,0.015493755576808776,29.65,31.34,29.61,31.23,2026-07-24,29.96,6.414030646586224
002626,金达威,2026-07-27,113.40212147418845,117.01037079382172,112.88665728566943,115.63579962443764,3264900.0,43987912.0,0.005353514700378496,13.2,13.62,13.14,13.46,2026-07-24,13.22,8.59106980865064
002627,三峡旅游,2026-07-27,19.40104778385695,20.754609257149294,19.262220966083373,20.476955621602148,19122269.0,110913336.0,0.02738959527198468,5.59,5.98,5.55,5.9,2026-07-24,5.62,3.470670444339347
002628,成都路桥,2026-07-27,17.011627853725955,17.43983816583347,16.778058592576397,17.323053535258694,14588499.0,64298465.0,0.019353665610254638,4.37,4.48,4.31,4.45,2026-07-24,4.36,3.892821019159257
002629,仁智股份,2026-07-27,14.789785907859947,15.448736765140834,14.679960764979798,15.412128384180786,12440200.0,51823794.0,0.034341098630825295,4.04,4.22,4.01,4.21,2026-07-24,4.11,3.6608380960049374
002631,德尔未来,2026-07-27,26.17351314901141,28.17016589338044,25.652647215697748,28.126760398937634,27177501.0,169792218.0,0.034247036116500186,6.03,6.49,5.91,6.48,2026-07-24,6.04,4.340549444280499
002632,道明光学,2026-07-27,55.52859071399345,58.119924947313145,55.23243823018549,57.971848705409165,19401993.0,148946517.0,0.03377632814765075,7.5,7.85,7.46,7.83,2026-07-24,7.61,7.403812095199127
002633,申科股份,2026-07-27,20.419398644934436,21.070405911219282,20.212981706844122,20.848110747122018,2167400.0,28416449.0,0.01450072021224976,12.86,13.27,12.73,13.13,2026-07-24,12.86,1.5878226006947462
002635,安洁科技,2026-07-27,69.92976662722955,73.30643760144157,69.43960471161813,73.1975127313057,21647709.0,285400053.0,0.054730459997977064,12.84,13.46,12.75,13.44,2026-07-24,12.9,5.446243506793579
002636,金安国纪,2026-07-27,172.15730355652252,190.0294395756485,168.6067456495509,190.0294395756485,40018674.0,2400615538.0,0.05525034130262065,57.7,63.69,56.51,63.69,2026-07-24,57.9,2.9836621066988305
002637,赞宇科技,2026-07-27,43.83723376474251,45.12236439628219,43.599246610753674,45.07476696548442,7148400.0,67160805.0,0.015373740813655426,9.21,9.48,9.16,9.47,2026-07-24,9.21,4.759743079776602
002638,勤上股份,2026-07-27,17.837731895038075,18.30577733834811,17.837731895038075,18.149762190578098,15711900.0,54702252.0,0.011615385675445431,3.43,3.52,3.43,3.49,2026-07-24,3.48,5.200504925667077
002639,雪人集团,2026-07-27,34.706347189401065,36.23155885960792,34.4573330391632,36.200432090828194,22033145.0,253441645.0,0.03340209422915423,11.15,11.64,11.07,11.63,2026-07-24,11.21,3.1126768779731893
002640,跨境通,2026-07-27,38.78869850940912,42.518381058390766,38.415730254510954,42.518381058390766,179352400.0,593126281.0,0.11584111695617048,3.12,3.42,3.09,3.42,2026-07-24,3.11,12.432275163272154
002641,公元股份,2026-07-27,24.99780527176711,25.40099567937625,24.796210067962534,25.0650036730353,11979571.0,44702723.0,0.010564045402072985,3.72,3.78,3.69,3.73,2026-07-24,3.72,6.719840126819115
002642,荣联科技,2026-07-27,31.308478987145545,32.335788453911256,30.868203501388805,32.28686895549384,16828650.0,109719260.0,0.025437047731497416,6.4,6.61,6.31,6.6,2026-07-24,6.41,4.891949841741491
002643,万润股份,2026-07-27,81.65167885330047,84.00824056747528,80.69631599620257,83.62609542463613,19677685.0,255425908.0,0.021810417311076094,12.82,13.19,12.67,13.13,2026-07-24,12.82,6.369085713985996
002644,佛慈制药,2026-07-27,43.21270380690103,44.83462834657024,42.92307442481725,44.71877659373673,4897900.0,37561560.0,0.009591369549423585,7.46,7.74,7.41,7.72,2026-07-24,7.46,5.792587641675742
002645,华宏科技,2026-07-27,94.62150649060924,100.41693444998694,93.39555057612549,98.85662692246217,31733756.0,555178149.0,0.046652641638451724,16.98,18.02,16.76,17.74,2026-07-24,16.81,5.572526884017034
002646,天佑德酒,2026-07-27,6.974081436816363,7.162270935905059,6.951941495747105,7.117991053766541,4598085.0,29503698.0,0.009663039786616454,6.3,6.47,6.28,6.43,2026-07-24,6.32,1.1069970534629148
002647,仁东控股,2026-07-27,32.30618418126615,35.8421844399122,31.944547791177353,35.8421844399122,31174885.0,265200082.0,0.030705349329980754,8.04,8.92,7.95,8.92,2026-07-24,8.11,4.01818211209778
002648,卫星化学,2026-07-27,296.8651529863533,313.0348294043334,294.59129224007484,311.1399454491013,44459991.0,1080696335.0,0.013206660423186488,23.5,24.78,23.32,24.63,2026-07-24,24.11,12.632559701546947
002649,博彦科技,2026-07-27,44.05288435434679,45.48420550665408,43.522765409047786,45.43119361212418,7026800.0,59620275.0,0.01310077864019578,8.31,8.58,8.21,8.57,2026-07-24,8.4,5.301189452989986
002651,利君股份,2026-07-27,23.3084033477691,24.238174595479286,22.955731495189376,24.077869207943046,11480370.0,85688579.0,0.02030257857021085,7.27,7.56,7.16,7.51,2026-07-24,7.28,3.2061077507247733
002652,扬子新材,2026-07-27,17.40014898807601,18.163313417377587,17.298393730835794,18.01068053151727,18727002.0,65761180.0,0.03657160433070866,3.42,3.57,3.4,3.54,2026-07-24,3.42,5.087762862010528
002653,海思科,2026-07-27,223.00234358725066,231.3636722355304,220.9875655997134,226.8304217635715,10177695.0,686387803.0,0.018960428323881458,66.41,68.9,65.81,67.55,2026-07-24,66.12,3.3579633125621244
002654,万润科技,2026-07-27,73.08763354618863,78.83023332481774,71.45621315453263,77.7861242741579,51863242.0,607654758.0,0.06135900561105689,11.2,12.08,10.95,11.92,2026-07-24,11.28,6.525681566623985
002655,共达电声,2026-07-27,80.84457691693385,83.33939003272985,77.37078650253434,83.11833064272261,19740800.0,507114957.0,0.05425340148720851,25.6,26.39,24.5,26.32,2026-07-24,25.46,3.157991285817728
002657,中科金财,2026-07-27,50.061984227986216,51.90360376790463,49.46063907209449,51.90360376790463,9406278.0,128439364.0,0.027984260969589392,13.32,13.81,13.16,13.81,2026-07-24,13.28,3.7584072243232893
002658,雪迪龙,2026-07-27,43.605316984883835,44.26782870702986,43.12349027786854,44.02691535352221,9971308.0,72422941.0,0.02780919877847789,7.24,7.35,7.16,7.31,2026-07-24,7.23,6.022833837691137
002659,凯文教育,2026-07-27,7.835255589623573,8.142922693928163,7.794233309049627,8.081389273067245,10937598.0,42841587.0,0.018281811841009476,3.82,3.97,3.8,3.94,2026-07-24,3.82,2.0511140286972704
002660,茂硕电源,2026-07-27,17.17424508448242,17.653657508843995,16.92043850687923,17.5690553163096,4635400.0,28671901.0,0.013514809363896345,6.09,6.26,6.0,6.23,2026-07-24,6.05,2.820073084479872
002661,克明食品,2026-07-27,26.571445236171716,27.22800710973991,26.49420266281075,27.07352196301798,2247400.0,15688882.0,0.0070737731939632354,6.88,7.05,6.86,7.01,2026-07-24,6.89,3.8621286680482143
002662,峰璟股份,2026-07-27,15.926870395921831,16.344624373519782,15.874651148722089,16.292405126320038,8889900.0,27557768.0,0.00592667467610092,3.05,3.13,3.04,3.12,2026-07-24,3.03,5.221924719974371
002663,普邦股份,2026-07-27,11.680842449790553,12.167544218531827,11.680842449790553,12.167544218531827,32195599.0,47737064.0,0.018859641409994722,1.44,1.5,1.44,1.5,2026-07-24,1.45,8.111696145687885
002664,信质集团,2026-07-27,48.01838416527912,49.7108082098052,47.71972109859805,49.2462212171902,4071000.0,60231481.0,0.010112374086162813,14.47,14.98,14.38,14.84,2026-07-24,14.38,3.318478518678585
002666,德联集团,2026-07-27,18.69043542597906,19.238688198474446,18.640594264843116,19.139005876202557,8147000.0,31178060.0,0.01627226256787061,3.75,3.86,3.74,3.84,2026-07-24,3.75,4.984116113594416
002668,TCL智家,2026-07-27,52.872151192443866,56.05596286345973,52.66337665663954,55.42963925604677,26881797.0,283954614.0,0.024796156839331833,10.13,10.74,10.09,10.62,2026-07-24,10.14,5.219363395107982
002669,康达新材,2026-07-27,25.124547422351952,25.554220150546993,24.51395986123269,25.554220150546993,12029608.0,134080371.0,0.03973868731868427,11.11,11.3,10.84,11.3,2026-07-24,10.97,2.261435411552831
002670,国盛证券,2026-07-27,26.38848969295137,28.36939508545174,26.199832036522764,27.496853424469435,29951137.0,349193540.0,0.01845019576959736,11.19,12.03,11.11,11.66,2026-07-24,11.2,2.3582207053575845
002671,龙泉股份,2026-07-27,14.599939849915076,15.062762150632844,14.557865095304368,14.936537886800723,11355200.0,40249259.0,0.020593545286275553,3.47,3.58,3.46,3.55,2026-07-24,3.47,4.207475461070627
002672,东江环保,2026-07-27,20.31625028664532,21.0124457793341,20.126378788639293,20.94915527999876,8169600.0,26860752.0,0.009026002437413977,3.21,3.32,3.18,3.31,2026-07-24,3.21,6.329049933534368
002673,西部证券,2026-07-27,17.714420150428836,17.986113711018238,17.578573370134137,17.958944354959296,19547978.0,128292088.0,0.004373558710904022,6.52,6.62,6.47,6.61,2026-07-24,6.52,2.7169356058939935
002674,兴业科技,2026-07-27,31.190253837456307,34.0102722443867,28.611141525590316,33.48594721395241,26460962.0,596474520.0,0.09044514524996428,22.01,24.0,20.19,23.63,2026-07-24,22.42,1.417094676849446
002675,东诚药业,2026-07-27,65.80866730793412,67.56002700241945,65.54330977846664,67.24159796705848,8219804.0,103734489.0,0.011057278696264208,12.4,12.73,12.35,12.67,2026-07-24,12.39,5.307150589349525
002676,顺威股份,2026-07-27,21.677720427006054,22.88741464726309,21.677720427006054,22.790639109642523,11909380.0,55560386.0,0.01654134638866019,4.48,4.73,4.48,4.71,2026-07-24,4.52,4.838776881028137
002677,浙江美大,2026-07-27,31.571566791960997,34.167912745247264,31.519639872895276,33.49286279739284,17767709.0,113336085.0,0.03221648534473138,6.08,6.58,6.07,6.45,2026-07-24,6.08,5.1926919065725325
002678,珠江钢琴,2026-07-27,11.112043440936016,11.727824185773782,11.112043440936016,11.671844118061257,11308500.0,46586262.0,0.008329929910407388,3.97,4.19,3.97,4.17,2026-07-24,3.95,2.7990033856262007
002679,福建金森,2026-07-27,14.138547684239553,14.792773541093826,14.120374743771377,14.701908838752953,3920500.0,31413842.0,0.016629481328152836,7.78,8.14,7.77,8.09,2026-07-24,7.83,1.8172940468174232
002681,奋达科技,2026-07-27,45.27699702635546,46.95807364862113,44.60456637744919,46.95807364862113,45175399.0,186049530.0,0.028787619834347168,4.04,4.19,3.98,4.19,2026-07-24,4.08,11.207177481771152
002682,龙洲股份,2026-07-27,10.347584367943268,10.8215195298338,10.268595174294846,10.716200604969238,18966200.0,76879854.0,0.033725567541205904,3.93,4.11,3.9,4.07,2026-07-24,3.97,2.632973121614063
002683,广东宏大,2026-07-27,78.83149183173083,82.7957626301787,78.13547482131631,82.1602688380611,13830215.0,370333599.0,0.020748669768776113,26.05,27.36,25.82,27.15,2026-07-24,26.06,3.026160914845713
002685,华东重机,2026-07-27,14.897747537394757,15.166444386766605,14.71861630448019,15.136589181280845,20399460.0,102885933.0,0.020246486336218603,4.99,5.08,4.93,5.07,2026-07-24,4.99,2.9855205485761034
002686,亿利达,2026-07-27,24.62941372418388,25.3580946035976,24.483677548301134,25.212358427714857,6074800.0,31291581.0,0.01162132127780862,5.07,5.22,5.04,5.19,2026-07-24,5.06,4.857872529424828
002687,乔治白,2026-07-27,33.50280598456462,34.93149707132643,33.21706776721226,34.4314551909598,11371637.0,54724735.0,0.027508018346208446,4.69,4.89,4.65,4.82,2026-07-24,4.7,7.143455433809087
002688,金河生物,2026-07-27,30.562882719533828,31.458029912156157,30.17924820840997,31.266212656594227,5388800.0,26333831.0,0.007209447894772918,4.78,4.92,4.72,4.89,2026-07-24,4.8,6.393908518730926
002690,美亚光电,2026-07-27,89.44177683120515,92.98281646001737,89.31967201641852,91.51755868257783,7990309.0,119912607.0,0.018421588445974666,14.65,15.23,14.63,14.99,2026-07-24,14.71,6.10524073933141
002692,远程股份,2026-07-27,15.335725516750793,16.149632736913546,15.207213850409305,16.106795514799714,17464000.0,64729287.0,0.02433213334145612,3.58,3.77,3.55,3.76,2026-07-24,3.58,4.283722211382903
002693,双成药业,2026-07-27,29.035181156647653,30.80994773101487,28.99968582516031,30.419499084654085,14990000.0,127831818.0,0.03647365270341692,8.18,8.68,8.17,8.57,2026-07-24,8.3,3.549533148734432
002695,煌上煌,2026-07-27,35.492395852851175,36.67829929423522,35.45004215851602,36.25476235088377,7745400.0,66124341.0,0.015143851810846405,8.38,8.66,8.37,8.56,2026-07-24,8.46,4.235369433514459
002696,百洋股份,2026-07-27,17.541401485507564,18.616878532187727,17.467230654702032,18.394366039771143,13132370.0,64525227.0,0.039288016842081684,4.73,5.02,4.71,4.96,2026-07-24,4.72,3.70854154027644
002697,红旗连锁,2026-07-27,38.032750589809346,39.50554503178374,37.94611562263438,39.159005163083876,15308400.0,68892124.0,0.013365809854320582,4.39,4.56,4.38,4.52,2026-07-24,4.42,8.663496717496434
002698,博实股份,2026-07-27,38.215661811337206,40.16828686739093,38.06069156879325,39.920334479320616,17422932.0,222243081.0,0.02063990164171257,12.33,12.96,12.28,12.88,2026-07-24,12.4,3.09940485087893
002700,万憬能源,2026-07-27,34.01243064568841,36.24682389978472,33.01936697720116,35.99855798266291,20490202.0,116101852.0,0.09539828669066554,5.48,5.84,5.32,5.8,2026-07-24,5.59,6.20664792804533
002701,奥瑞金,2026-07-27,47.64197877826636,49.085675104880494,47.538857612079646,48.982553938693776,26272285.0,124141601.0,0.010273182629686083,4.62,4.76,4.61,4.75,2026-07-24,4.64,10.312116618672373
002702,海欣食品,2026-07-27,30.462710516258124,31.126546822907816,29.872633799236173,31.05278723328007,15353400.0,64135917.0,0.03346835787953514,4.13,4.22,4.05,4.21,2026-07-24,4.12,7.375958962774364
002703,浙江世宝,2026-07-27,31.88483727156909,32.98521785119596,31.753839583518268,32.959018313585794,16364856.0,203923960.0,0.027924084603339214,12.17,12.59,12.12,12.58,2026-07-24,12.22,2.619953761016359
002705,新宝股份,2026-07-27,24.356465662645846,25.318199384862346,24.356465662645846,25.18400398176237,5056393.0,56645337.0,0.006260772526909583,10.89,11.32,10.89,11.26,2026-07-24,11.11,2.236590051666285
002706,良信股份,2026-07-27,120.93623660609326,122.99064606146291,119.97751219358743,122.442803540031,16038752.0,142779351.0,0.0175405533003145,8.83,8.98,8.76,8.94,2026-07-24,8.83,13.696063035797652
002707,众信旅游,2026-07-27,59.24133829593233,61.19167042090128,58.26617223344785,60.460295874037925,35322223.0,173730104.0,0.040835511015043076,4.86,5.02,4.78,4.96,2026-07-24,4.68,12.189575781056034
002708,光洋股份,2026-07-27,31.186721518849644,31.64152787433287,30.212136471385598,31.381638528342457,13415340.0,128330947.0,0.02596568256810896,9.6,9.74,9.3,9.66,2026-07-24,9.53,3.2486168248801714
002709,天赐材料,2026-07-27,560.0889844685532,578.4844304203908,553.8076126801208,572.6517280454179,78766837.0,2982667432.0,0.05219765529094523,37.45,38.68,37.03,38.29,2026-07-24,36.83,14.955647115315172
002712,思美传媒,2026-07-27,21.383081171902514,22.726239536971768,21.329354837299743,22.618786867766225,16766634.0,69533942.0,0.03099764381150534,3.98,4.23,3.97,4.21,2026-07-24,4.01,5.372633460277013
002714,牧原股份,2026-07-27,776.0613880755585,792.7185112227711,772.8503763845295,789.3068113010528,37263651.0,1458049238.0,0.011359140224964495,38.67,39.5,38.51,39.33,2026-07-24,38.68,20.068823068930914
002715,登云股份,2026-07-27,18.96773524734209,19.569151242989523,18.674737711001033,19.322416475544422,2546800.0,31749420.0,0.018455072463768117,12.3,12.69,12.11,12.53,2026-07-24,12.3,1.5420922965318773
002716,湖南白银,2026-07-27,27.859738235366592,28.756030082080798,27.560974286461853,28.718684588467706,157092751.0,1190687741.0,0.06764021374201916,7.46,7.7,7.38,7.69,2026-07-24,7.21,3.7345493613091945
002718,友邦吊顶,2026-07-27,233.08962966633595,241.914469089463,222.27208456701896,241.40205905844272,1447650.0,118792158.0,0.015403674264443563,81.88,84.98,78.08,84.8,2026-07-24,80.9,2.8467223945571076
002721,金一文化,2026-07-27,6.860253529548645,7.0448343420028685,6.829490060806275,7.014070873260497,29563900.0,67107504.0,0.0111168450529185,2.23,2.29,2.22,2.28,2026-07-24,2.22,3.0763468742370605
002722,物产金轮,2026-07-27,13.04573282308133,13.510034078069468,13.04573282308133,13.430763132095883,2790724.0,32970346.0,0.01255064546874416,11.52,11.93,11.52,11.86,2026-07-24,11.61,1.132442085336921
002723,小崧股份,2026-07-27,19.303876743996096,19.615686794192804,18.481832066204777,19.02041306199909,7897981.0,53175360.0,0.024910850528661214,6.81,6.92,6.52,6.71,2026-07-24,6.76,2.8346368199700582
002724,海洋王,2026-07-27,9.883714845874053,10.676852456962711,9.883714845874053,10.493820700557636,13098060.0,66917067.0,0.023069098933471727,4.86,5.25,4.86,5.16,2026-07-24,4.87,2.0336861822786116
002725,跃岭股份,2026-07-27,30.280373870703386,31.55242610636764,29.893227538109922,31.469466177954754,8324280.0,92992137.0,0.03343575372948747,10.95,11.41,10.81,11.38,2026-07-24,10.85,2.7653309470961998
002727,一心堂,2026-07-27,25.70758514905756,26.621528467939278,25.379502932023097,26.55122513571761,15936676.0,177103039.0,0.04056006884820358,10.97,11.36,10.83,11.33,2026-07-24,10.95,2.343444407389021
002728,特一药业,2026-07-27,44.91638768163918,46.543032562633115,44.49660835751171,46.43808773160125,19801952.0,173560093.0,0.03950049864663088,8.56,8.87,8.48,8.85,2026-07-24,8.47,5.247241551593362
002729,好利科技,2026-07-27,36.258081087079766,37.015277961187465,35.82123673663303,36.98615500449101,3770500.0,47450242.0,0.021489097635545552,12.45,12.71,12.3,12.7,2026-07-24,12.23,2.9122956696449616
002730,电光科技,2026-07-27,50.212622844308406,52.41241394034478,49.399656569686265,52.17330621251473,9326400.0,198811944.0,0.026952585713118184,21.0,21.92,20.66,21.82,2026-07-24,21.19,2.3910772783004
002732,燕塘乳业,2026-07-27,13.885297348789338,14.251301891755778,13.850984422886233,14.114050188143363,1264800.0,15624669.0,0.008078373456549564,12.14,12.46,12.11,12.34,2026-07-24,12.12,1.1437641967701266
002733,雄韬股份,2026-07-27,44.909258594699274,46.936764626062676,44.909258594699274,46.88607697527859,12072913.0,220136524.0,0.03273009460952386,17.72,18.52,17.72,18.5,2026-07-24,17.7,2.5343825392042483
002734,利民股份,2026-07-27,46.973653986878645,48.677745535298534,46.677290239327355,48.60365459841071,9580437.0,124274661.0,0.022057165305353076,12.68,13.14,12.6,13.12,2026-07-24,12.73,3.7045468443910603
002735,王子新材,2026-07-27,34.45086311084038,36.51173228995347,34.00434145536588,36.27129755239027,18439800.0,191862474.0,0.06468758376874238,10.03,10.63,9.9,10.56,2026-07-24,10.02,3.434781965188473
002736,国信证券,2026-07-27,13.310247511592163,13.496033618433929,13.204084021968297,13.442951873621997,21978718.0,221791779.0,0.0022864894126129296,10.03,10.17,9.95,10.13,2026-07-24,10.03,1.3270436202983213
002737,葵花药业,2026-07-27,74.49969305525822,77.5346536485931,73.9270589810441,77.30560001890746,7192567.0,96085635.0,0.012316045710297454,13.01,13.54,12.91,13.5,2026-07-24,13.03,5.726340742141293
002738,中矿资源,2026-07-27,149.63780681424691,151.67970764042911,144.70067347332878,148.54066607182068,25619085.0,1240293743.0,0.03602091602616346,49.1,49.77,47.48,48.74,2026-07-24,48.36,3.047613173406251
002739,儒意电影,2026-07-27,27.508596113190908,27.907716369297468,26.710355600977774,27.53929767135295,105620752.0,943478458.0,0.05029769317315843,8.96,9.09,8.7,8.97,2026-07-24,8.86,3.070155816204342
002741,光华科技,2026-07-27,70.47222784809978,74.81244261064242,69.31483724475507,74.81244261064242,24209992.0,545095863.0,0.05629882495988417,21.92,23.27,21.56,23.27,2026-07-24,21.9,3.2149738981797342
002742,三圣股份,2026-07-27,16.212594236152757,16.85713162168788,16.063854839490805,16.85713162168788,8315500.0,27922862.0,0.01587048257105627,3.27,3.4,3.24,3.4,2026-07-24,3.27,4.95797988873173
002743,富煌钢构,2026-07-27,7.32524482629089,7.589217612823894,7.2812493618687215,7.523224416190643,9821700.0,33439661.0,0.0226009110069932,3.33,3.45,3.31,3.42,2026-07-24,3.3,2.199773221108375
002745,木林森,2026-07-27,24.785062224572606,26.133104731061763,24.14651577413037,25.943905782782583,59416444.0,638550272.0,0.05583785169910467,10.48,11.05,10.21,10.97,2026-07-24,10.55,2.3649868534897522
002746,仙坛股份,2026-07-27,28.70290543125957,28.751226820874486,28.31633431434025,28.557941262414825,11186115.0,66120235.0,0.01576227943732431,5.94,5.95,5.86,5.91,2026-07-24,5.91,4.83213896149151
002747,埃斯顿,2026-07-27,190.09836204860815,198.79361361065915,183.92347325816613,198.79361361065915,57040056.0,1758381091.0,0.07290352582116885,30.17,31.55,29.19,31.55,2026-07-24,30.04,6.300906929022477
002748,世龙实业,2026-07-27,21.190837765120275,21.877270336404216,20.681549083199933,21.83298436406331,4660343.0,45430583.0,0.019418095833333333,9.57,9.88,9.34,9.86,2026-07-24,9.38,2.214298617044961
002749,国光股份,2026-07-27,83.22088337690889,84.58516015357954,82.14895162381055,84.29281513000726,4645073.0,39827889.0,0.008533730656118678,8.54,8.68,8.43,8.65,2026-07-24,8.55,9.744834119075984
002752,昇兴股份,2026-07-27,12.421743500584064,12.747488522452528,12.31316182662791,12.704055852870065,10844377.0,62994775.0,0.011116431438672728,5.72,5.87,5.67,5.85,2026-07-24,5.71,2.1716334791230882
002753,永东股份,2026-07-27,22.59033232420323,23.17862222847936,22.55111299725149,23.17862222847936,2985900.0,17460996.0,0.010094699191605576,5.76,5.91,5.75,5.91,2026-07-24,5.8,3.9219326951741724
002755,奥赛康,2026-07-27,22.852853036054082,23.989081494943697,22.816200505122158,23.7508400438862,11558900.0,149062252.0,0.01245369216547415,12.47,13.09,12.45,12.96,2026-07-24,12.56,1.8326265465961573
002756,永兴材料,2026-07-27,140.52101614287497,144.03715317213647,139.46306340840692,143.13478172214903,13180214.0,601729364.0,0.03405054280786308,45.16,46.29,44.82,46.0,2026-07-24,44.9,3.111625689611935
002757,南兴股份,2026-07-27,42.397405827309534,44.29495171270014,42.11419002351989,44.23830855194221,7439400.0,114581562.0,0.02637587322571296,14.97,15.64,14.87,15.62,2026-07-24,15.08,2.8321580378964284
002758,浙农股份,2026-07-27,34.62417652188445,35.07975779190925,34.44194401387453,34.988641537904286,3071096.0,23518752.0,0.0059259219124019,7.6,7.7,7.56,7.68,2026-07-24,7.61,4.555812700247954
002759,天际股份,2026-07-27,33.30230812823068,36.58356495851223,33.0574382155231,36.58356495851223,47209962.0,671750617.0,0.0942424103153238,13.6,14.94,13.5,14.94,2026-07-24,13.58,2.448699127075785
002760,凤形股份,2026-07-27,15.917110441174406,16.57988503323917,15.780347430113423,16.474682717038412,3812600.0,59309285.0,0.0353055438964145,15.13,15.76,15.0,15.66,2026-07-24,15.07,1.0520231620075615
002761,浙江建投,2026-07-27,21.734737052955726,22.652215036268267,21.734737052955726,22.20929463053118,10861300.0,76190359.0,0.010040126961566592,6.87,7.16,6.87,7.02,2026-07-24,6.86,3.1637171838363503
002763,汇洁股份,2026-07-27,20.122114340747157,20.457482913092946,20.06113823668429,20.42699486106151,5442729.0,36299297.0,0.017926463913743165,6.6,6.71,6.58,6.7,2026-07-24,6.61,3.048805203143509
002765,蓝黛科技,2026-07-27,13.092288972585859,13.430700319211663,13.007686135929408,13.3249467733911,7177400.0,45099345.0,0.012045444086929527,6.19,6.35,6.15,6.3,2026-07-24,6.16,2.1150709164112858
002766,索菱股份,2026-07-27,7.17974247438233,7.615507191035593,7.138241072796305,7.449501584691493,23089506.0,81901389.0,0.026942936195720014,3.46,3.67,3.44,3.59,2026-07-24,3.44,2.0750700793012515
002767,先锋电子,2026-07-27,24.39199369904659,25.22229277807644,24.282331556533215,24.658316045150503,3015800.0,47687318.0,0.02316027007495202,15.57,16.1,15.5,15.74,2026-07-24,15.42,1.5666020359053687
002768,国恩股份,2026-07-27,138.9682669342192,148.75900761352145,136.67873988305928,147.79499622355937,10143446.0,476800828.0,0.03922640029877733,46.13,49.38,45.37,49.06,2026-07-24,46.5,3.012535593631459
002769,普路通,2026-07-27,31.981885514201263,33.447503835637654,31.406106887922682,33.29047330119804,6392050.0,40184358.0,0.0171363932833692,6.11,6.39,6.0,6.36,2026-07-24,6.11,5.234351147987113
002771,真视通,2026-07-27,30.125163040942525,31.739011060993022,29.93688077193664,31.335549055980398,6987895.0,80788744.0,0.04004188072342693,11.2,11.8,11.13,11.65,2026-07-24,11.27,2.689746700084154
002772,众兴菌业,2026-07-27,23.91078176677456,24.988306266994012,23.756849695314635,24.83437419553409,13731930.0,131857799.0,0.03694988330630823,9.32,9.74,9.26,9.68,2026-07-24,9.3,2.565534524332034
002773,康弘药业,2026-07-27,45.99850034492067,48.421792987612854,45.910380612459136,47.73886506103597,8061251.0,173583893.0,0.011737862980927233,20.88,21.98,20.84,21.67,2026-07-24,20.98,2.2029933115383464
002774,快意电梯,2026-07-27,20.875647175482307,21.109039504152292,20.590389884885653,20.590389884885653,13468300.0,214455073.0,0.04779922190292705,16.1,16.28,15.88,15.88,2026-07-24,17.64,1.2966240481666027
002775,文科股份,2026-07-27,15.845036568246401,17.460960977472666,15.800149779101229,17.460960977472666,18613276.0,70688475.0,0.032046651547062696,3.53,3.89,3.52,3.89,2026-07-24,3.54,4.488678914517394
002777,久远银海,2026-07-27,61.889435442895035,63.8791127244771,61.47055601519355,63.77439286755174,5998700.0,72499239.0,0.014829492198529411,11.82,12.2,11.74,12.18,2026-07-24,11.82,5.235992846268616
002778,中晟高科,2026-07-27,20.1840297435261,20.844117925545486,20.110686612190612,20.624088531539023,1452880.0,20402429.0,0.011771002442380924,13.76,14.21,13.71,14.06,2026-07-24,13.92,1.4668626267097455
002779,中坚科技,2026-07-27,124.20885150335653,133.04726354820437,123.26668575238291,131.56671736810296,2578420.0,147640348.0,0.015550605462626472,55.37,59.31,54.95,58.65,2026-07-24,55.37,2.243251788032446
002780,三夫户外,2026-07-27,23.444071868117685,24.276405780595233,23.186444704731773,24.09804851363576,6968300.0,83939205.0,0.053334911472565784,11.83,12.25,11.7,12.16,2026-07-24,11.8,1.9817474106608355
002782,可立克,2026-07-27,38.43074431820805,39.670445747827664,38.29299971491698,39.61534790651124,10008850.0,142173097.0,0.02042971838857339,13.95,14.4,13.9,14.38,2026-07-24,13.95,2.7548920658213656
002783,凯龙股份,2026-07-27,31.4432644354412,32.02721077495654,31.30850758786074,31.937372876569565,5366983.0,37942905.0,0.011639102046960418,7.0,7.13,6.97,7.11,2026-07-24,7.0,4.491894919348743
002785,万里石,2026-07-27,32.215833059099836,33.996708302739506,31.865660960631356,33.90666404884762,5952759.0,198650473.0,0.030764403692181787,32.2,33.98,31.85,33.89,2026-07-24,32.1,1.0004917099099326
002786,银宝山新,2026-07-27,21.890761699559675,22.831625382921835,21.73395108566598,22.800263260143097,9552400.0,68684703.0,0.019332459037627096,6.98,7.28,6.93,7.27,2026-07-24,7.0,3.1362122778738786
002787,华源控股,2026-07-27,47.39439359339591,49.49930219138341,47.25859303868704,49.27296793353529,15119294.0,323435335.0,0.06094443994640219,20.94,21.87,20.88,21.77,2026-07-24,21.24,2.26334257848118
002788,鹭燕医药,2026-07-27,31.886244167909158,34.168699679928295,31.613712166474038,33.89616767849318,24787900.0,243140336.0,0.064919253550341,9.36,10.03,9.28,9.95,2026-07-24,9.36,3.406650017939013
002790,瑞尔特,2026-07-27,17.23561851439184,18.087569239437826,17.202851178813148,17.890965225965676,4655800.0,25380635.0,0.01785901284055275,5.26,5.52,5.25,5.46,2026-07-24,5.3,3.2767335578691714
002791,坚朗五金,2026-07-27,20.82910688944583,21.560225652555577,20.70466114253353,21.482447060735392,3132883.0,42919543.0,0.014390526588094796,13.39,13.86,13.31,13.81,2026-07-24,13.39,1.5555718364037212
002792,通宇通讯,2026-07-27,75.58062755960276,78.63844616540607,74.80845114399587,78.48401088228468,14054782.0,351834503.0,0.0416037994546529,24.47,25.46,24.22,25.41,2026-07-24,24.47,3.088705662427575
002793,罗欣药业,2026-07-27,15.356252662155962,15.975719330056098,15.258442135645414,15.780098277035,53781710.0,258436706.0,0.04952578045196333,4.71,4.9,4.68,4.84,2026-07-24,4.71,3.2603508836849175
002795,永和智控,2026-07-27,20.82876756650592,22.350869811750584,20.82876756650592,22.03042723380434,13510192.0,73776061.0,0.031098737994547127,5.2,5.58,5.2,5.5,2026-07-24,5.25,4.0055322243280616
002796,世嘉科技,2026-07-27,63.217257178195645,66.66118238267944,62.76907513103679,65.34022477000072,7464152.0,205176407.0,0.032779460299021373,26.8,28.26,26.61,27.7,2026-07-24,26.94,2.3588528797834196
002797,第一创业,2026-07-27,10.962237106438725,11.168423384302775,10.893508347150707,11.134059004658768,32589184.0,210006448.0,0.0077548981534361315,6.38,6.5,6.34,6.48,2026-07-24,6.38,1.718218982200427
002798,帝欧水华,2026-07-27,14.138525874230364,14.610793961887328,13.90239183040188,14.522243695451646,8202289.0,40057621.0,0.01587286323994061,4.79,4.95,4.71,4.92,2026-07-24,4.76,2.9516755478560257
002799,环球印务,2026-07-27,15.408191124474719,15.933172082719173,15.32944398073805,15.880673986894726,5096880.0,30619770.0,0.015926037950920277,5.87,6.07,5.84,6.05,2026-07-24,5.88,2.624904791222269
002800,天顺股份,2026-07-27,23.4153186182883,24.54302660778555,23.29229592852496,24.461011481276657,3389100.0,39922122.0,0.022923662748799797,11.42,11.97,11.36,11.93,2026-07-24,11.42,2.050378162722268
002801,微光股份,2026-07-27,117.63535357558379,120.02870241992387,117.04830574584001,120.02870241992387,712000.0,18793747.0,0.006148388595429986,26.05,26.58,25.92,26.58,2026-07-24,26.02,4.515752536490741
002802,洪汇新材,2026-07-27,21.827016592836163,22.76557830632812,21.80518957624333,22.65644322336394,2952036.0,30437417.0,0.01972189171494702,10.0,10.43,9.99,10.38,2026-07-24,10.0,2.1827016592836164
002803,吉宏股份,2026-07-27,62.363926742125145,64.02179131049611,60.77660960219549,63.810149025172166,9067518.0,161384829.0,0.03047247864944603,17.68,18.15,17.23,18.09,2026-07-24,17.84,3.527371422065902
002805,丰元股份,2026-07-27,36.890812634494324,38.69250806988952,36.73700936561912,38.297013949924725,23343941.0,401699924.0,0.08372546088016584,16.79,17.61,16.72,17.43,2026-07-24,16.53,2.1971895553599956
002806,华锋股份,2026-07-27,21.212943109667226,22.353807276909833,21.03468308353557,22.335981274296667,9154500.0,112494536.0,0.05258031378003693,11.9,12.54,11.8,12.53,2026-07-24,11.91,1.7826002613165737
002807,江阴银行,2026-07-27,7.350799981355667,7.501199980974198,7.350799981355667,7.4447999811172485,39603795.0,156416702.0,0.01464892543104602,3.91,3.99,3.91,3.96,2026-07-24,3.92,1.8799999952316284
002809,红墙股份,2026-07-27,19.634609166250087,21.00645958834616,19.634609166250087,20.863558502711154,9495509.0,68602307.0,0.05586570061858578,6.87,7.35,6.87,7.3,2026-07-24,7.02,2.858021712700158
002810,山东赫达,2026-07-27,67.0703231361657,69.37947354147968,66.47554197116057,69.34448641412645,4698992.0,91484749.0,0.014552519363756452,19.17,19.83,19.0,19.82,2026-07-24,19.17,3.4987127353242404
002811,郑中设计,2026-07-27,18.437712979328793,19.27669883537626,18.437712979328793,19.056964444506683,4130200.0,39224569.0,0.014615678052629732,9.23,9.65,9.23,9.54,2026-07-24,9.3,1.997585371541581
002812,恩捷股份,2026-07-27,203.01652676334876,205.96768261775276,198.45564953381535,205.23947532900368,23763429.0,1261785473.0,0.02888781308928683,52.97,53.74,51.78,53.55,2026-07-24,51.84,3.832669940784383
002813,路畅科技,2026-07-27,18.80795217390396,19.41859997175798,18.74688739411856,19.22522816910421,1136500.0,21400554.0,0.009482206054219613,18.48,19.08,18.42,18.89,2026-07-24,18.48,1.0177463297567078
002815,崇达技术,2026-07-27,29.043499341212872,30.19522431508856,28.542749352571274,30.19522431508856,36628917.0,433683113.0,0.047132848745969354,11.6,12.06,11.4,12.06,2026-07-24,11.65,2.5037499432080064
002817,黄山胶囊,2026-07-27,21.22339679315256,22.128124187532066,21.185699818386748,21.90194233893719,7941041.0,46146300.0,0.027379190119738776,5.63,5.87,5.62,5.81,2026-07-24,5.67,3.769697476581272
002818,富森美,2026-07-27,29.9749064058411,30.51730947413727,29.889263816110127,30.37457182458565,3565800.0,37933413.0,0.011952340029050441,10.5,10.69,10.47,10.64,2026-07-24,10.5,2.854752991032486
002819,东方中科,2026-07-27,25.561386261898498,26.824008599585547,25.38676827902688,26.461340481313734,2545112.0,49932035.0,0.010705376006609129,19.03,19.97,18.9,19.7,2026-07-24,19.03,1.3432152528585652
002820,桂发祥,2026-07-27,14.520733845135396,15.021448805312478,14.390918855459855,15.002903806787401,5519900.0,44145967.0,0.027480195418595053,7.83,8.1,7.76,8.09,2026-07-24,7.85,1.8544998525077134
002821,凯莱英,2026-07-27,492.3397144898531,525.820802820667,489.4823303280396,506.09864039945467,9653042.0,1580710518.0,0.030447024146419515,158.52,169.3,157.6,162.95,2026-07-24,158.22,3.105852349797206
002823,凯中精密,2026-07-27,27.680930138392903,28.883443394196103,27.426552334280686,28.79094237451893,5602122.0,69008421.0,0.025593477874917937,11.97,12.49,11.86,12.45,2026-07-24,11.9,2.3125254919292315
002824,和胜股份,2026-07-27,46.44489495916453,48.72567105090922,44.91055467926356,48.72567105090922,14335906.0,326145579.0,0.06338381508251999,22.4,23.5,21.66,23.5,2026-07-24,22.01,2.073432810676988
002825,纳尔股份,2026-07-27,24.108910787524163,24.62186633619489,23.660074682437276,24.429508005443367,2697925.0,20542794.0,0.010513016173341683,7.52,7.68,7.38,7.62,2026-07-24,7.52,3.205972179192043
002826,易明医药,2026-07-27,16.80311407674492,17.38692410467983,16.61204897669349,17.185244276847772,3186687.0,51546789.0,0.01725057589805009,15.83,16.38,15.65,16.19,2026-07-24,15.8,1.0614727780634818
002827,高争民爆,2026-07-27,40.427298092489806,43.571077053023906,40.393311292916465,42.90833446134374,5047263.0,125551571.0,0.0182872692618417,23.79,25.64,23.77,25.25,2026-07-24,23.98,1.6993399786670789
002829,星网宇达,2026-07-27,47.40228645715542,48.605390174342105,46.07887236825007,48.58132809999838,15858360.0,313303274.0,0.10857984213953058,19.7,20.2,19.15,20.19,2026-07-24,19.83,2.4062074343733717
002830,名雕股份,2026-07-27,25.950100277587804,27.33744130908023,25.517977661221313,27.26921142228552,3776040.0,44611722.0,0.040674964587518646,11.41,12.02,11.22,11.99,2026-07-24,11.41,2.2743295598236464
002831,裕同科技,2026-07-27,72.35810654075745,73.612562832685,70.59652962017833,73.3990383574633,11013179.0,297363908.0,0.015419826760943072,27.11,27.58,26.45,27.5,2026-07-24,27.1,2.6690559402713925
002832,比音勒芬,2026-07-27,130.45678084878827,138.85652917164543,126.5755178306405,138.85652917164543,17746425.0,411840796.0,0.04557162755100631,22.52,23.97,21.85,23.97,2026-07-24,22.81,5.792929877832517
002833,弘亚数控,2026-07-27,67.13868437498179,69.01523145378563,67.13868437498179,68.05610739128589,3381267.0,55323494.0,0.011537537568933817,16.1,16.55,16.1,16.32,2026-07-24,16.15,4.1701046195640865
002835,同为股份,2026-07-27,24.355274928060208,25.140205519664363,24.355274928060208,25.07292575466972,2288200.0,25459218.0,0.017976680814942445,10.86,11.21,10.86,11.18,2026-07-24,10.92,2.2426588331547155
002836,新宏泽,2026-07-27,29.892769286690314,31.088480058157927,29.856535626948872,31.088480058157927,2875668.0,24424224.0,0.012481197916666667,8.25,8.58,8.24,8.58,2026-07-24,8.25,3.6233659741442805
002837,英维克,2026-07-27,845.673885770996,883.9826823675704,835.5926235087396,882.254465979755,31168879.0,1860988560.0,0.027571900039189953,58.72,61.38,58.02,61.26,2026-07-24,58.7,14.40180323179489
002838,道恩股份,2026-07-27,140.26796753935022,143.43905949577865,139.52804608285027,142.17062271320728,5479009.0,146557932.0,0.013025667555212738,26.54,27.14,26.4,26.9,2026-07-24,26.53,5.285153260714026
002839,张家港行,2026-07-27,7.162095570111603,7.261569119696485,7.145516645180788,7.228411269834859,23698234.0,103143108.0,0.009704356822160204,4.32,4.38,4.31,4.36,2026-07-24,4.33,1.6578924930813894
002840,华统股份,2026-07-27,16.8340864639056,17.432738187373083,16.594625774518605,17.336953911618284,16124548.0,116134860.0,0.020241012023537088,7.03,7.28,6.93,7.24,2026-07-24,7.08,2.3946068938699288
002841,视源股份,2026-07-27,82.36159542552734,84.54883708043423,79.49428703758217,84.54883708043423,15319052.0,686585277.0,0.029383688142928556,44.81,46.0,43.25,46.0,2026-07-24,45.2,1.838018197400744
002842,翔鹭钨业,2026-07-27,86.76965258011786,88.61760258666443,83.57773893244655,88.61760258666443,21551301.0,669323282.0,0.08027680707372463,30.99,31.65,29.85,31.65,2026-07-24,30.51,2.799924252343268
002843,泰嘉股份,2026-07-27,28.57275670085908,29.569880580913125,28.349263417398685,29.569880580913125,9183199.0,154164896.0,0.036703930267449024,16.62,17.2,16.49,17.2,2026-07-24,16.87,1.7191791035414608
002845,同兴达,2026-07-27,36.04186500789767,36.83066003332304,35.37442306330697,36.7699834929057,8745660.0,105124204.0,0.034949877844708856,11.88,12.14,11.66,12.12,2026-07-24,11.84,3.033827020866807
002846,英联股份,2026-07-27,24.73863114836989,25.901211628566507,24.60344737160284,25.84713811785969,5430700.0,51255703.0,0.02087481885020397,9.15,9.58,9.1,9.56,2026-07-24,9.1,2.7036755353409716
002847,盐津铺子,2026-07-27,106.32470576762206,110.1236917257947,106.11365099216802,108.69320935882845,2172300.0,100735128.0,0.008908755860563302,45.34,46.96,45.25,46.35,2026-07-24,45.69,2.345053060600398
002848,高斯贝尔,2026-07-27,12.019443511836029,12.311617746407064,11.83809398692987,12.079893353471416,3422500.0,40975179.0,0.020689651712065507,11.93,12.22,11.75,11.99,2026-07-24,11.93,1.0074973605897761
002849,威星智能,2026-07-27,29.39083060703478,30.004967365987746,28.688960025374246,29.96110045463396,3032612.0,41053201.0,0.013857250794465223,13.4,13.68,13.08,13.66,2026-07-24,13.25,2.1933455676891627
002850,科达利,2026-07-27,303.766375533088,313.3538543259839,291.4997945818961,298.2396742254081,8921419.0,1586512155.0,0.0425559214999996,180.28,185.97,173.0,177.0,2026-07-24,178.0,1.684969910878012
002851,麦格米特,2026-07-27,293.16690859082183,319.48936060102073,283.12218418984423,313.160465035727,27793220.0,3435519861.0,0.06026267575389603,122.29,133.27,118.1,130.63,2026-07-24,122.27,2.397308926247623
002852,道道全,2026-07-27,24.06924353056547,25.009186095217956,23.767119134784313,24.606353567509746,3605100.0,26421877.0,0.012614023409858385,7.17,7.45,7.08,7.33,2026-07-24,7.14,3.356937730901739
002853,皮阿诺,2026-07-27,49.908732150778164,53.39996301665136,49.908732150778164,52.8709886430342,2770400.0,54610482.0,0.02152522421169713,18.87,20.19,18.87,19.99,2026-07-24,18.87,2.6448718680857533
002855,捷荣技术,2026-07-27,8.945057778696652,9.361106977705798,8.89305162882051,9.319502057804884,3294059.0,29214881.0,0.013378126266716105,8.6,9.0,8.55,8.96,2026-07-24,8.64,1.0401229975228665
002857,三晖电气,2026-07-27,24.194939905986686,25.127470876434668,24.00843371189709,24.856189139577072,2936000.0,42874617.0,0.022833118754381824,14.27,14.82,14.16,14.66,2026-07-24,14.33,1.695510855359964
002858,力盛体育,2026-07-27,20.32638734262128,20.66783851339654,20.045192260806367,20.647753150409763,5475000.0,55729868.0,0.03714069859232275,10.12,10.29,9.98,10.28,2026-07-24,10.12,2.0085362986779924
002859,洁美科技,2026-07-27,259.7140352025146,279.47871347470596,256.6767015704852,279.0385201947017,15825624.0,971973016.0,0.03694854630421709,59.0,63.49,58.31,63.39,2026-07-24,59.38,4.40193280004262
002860,星帅尔,2026-07-27,71.29909944504026,74.30116679009457,70.66708526713408,72.95813666204396,35934672.0,663098402.0,0.1044695410988961,18.05,18.81,17.89,18.47,2026-07-24,17.79,3.9500886119135874
002861,瀛通通讯,2026-07-27,20.89025818100977,21.377697538566665,20.277477274366817,21.182721795543905,8214867.0,123387691.0,0.054704456304482674,15.0,15.35,14.56,15.21,2026-07-24,15.07,1.3926838787339846
002862,实丰文化,2026-07-27,24.940964838023664,26.281648101501045,24.706877284083166,26.068841234282413,3225590.0,39197433.0,0.025086739912044322,11.72,12.35,11.61,12.25,2026-07-24,11.79,2.1280686721863193
002863,今飞凯达,2026-07-27,7.351668545838821,7.54890843365401,7.315806748054243,7.459253939192561,9180933.0,38206294.0,0.015314737057824275,4.1,4.21,4.08,4.16,2026-07-24,4.08,1.793089889228981
002864,盘龙药业,2026-07-27,26.87541138026459,28.02817216764751,26.794986209051828,27.773492458807098,3340609.0,69052210.0,0.03388154050996034,20.05,20.91,19.99,20.72,2026-07-24,20.18,1.3404195202126978
002865,钧达股份,2026-07-27,61.088164328348526,62.35476830751113,60.40390700627217,62.165505643958106,7272255.0,307015129.0,0.031782225304554886,41.96,42.83,41.49,42.7,2026-07-24,41.34,1.4558666427156464
002866,传艺科技,2026-07-27,25.391308510993877,26.90833963935796,25.33441984368022,26.680784970103346,12611730.0,175550951.0,0.0695963555627888,13.39,14.19,13.36,14.07,2026-07-24,13.51,1.8962889104551064
002867,周大生,2026-07-27,38.14918783155834,38.77923222184007,37.960174514473835,38.43270780718512,6234090.0,76142455.0,0.005777136932378497,12.11,12.31,12.05,12.2,2026-07-24,12.09,3.1502219514086165
002868,绿康生化,2026-07-27,31.82321692459522,32.63919684573868,30.95096252613151,32.56885374908838,1578900.0,36000933.0,0.014755729454705095,22.62,23.2,22.0,23.15,2026-07-24,22.4,1.4068619330059777
002869,金溢科技,2026-07-27,23.17437063239163,24.656848753728447,23.089170740360778,24.43532903444823,3969640.0,56329111.0,0.02520131070889247,13.6,14.47,13.55,14.34,2026-07-24,13.73,1.7039978406170315
002870,香山股份,2026-07-27,40.36486737890999,41.01842344287076,39.877293807383715,40.9873017255393,3076390.0,119979633.0,0.02371331602295719,38.91,39.54,38.44,39.51,2026-07-24,38.91,1.0373905777154973
002871,伟隆股份,2026-07-27,62.99495744168245,68.75947296794568,62.33141608614136,67.05914824437166,4290117.0,68488997.0,0.028741301395959096,15.19,16.58,15.03,16.17,2026-07-24,15.18,4.147133472131827
002873,新天药业,2026-07-27,25.861814406253593,27.234368802116215,25.64509529111739,27.12600924454811,9489621.0,70296820.0,0.03959113565045543,7.16,7.54,7.1,7.51,2026-07-24,7.16,3.611985252270055
002875,安奈儿,2026-07-27,19.654425688983643,20.931608585740705,19.654425688983643,20.807438026333767,5864878.0,68222865.0,0.027611039410364694,11.08,11.8,11.08,11.73,2026-07-24,11.21,1.7738651343848053
002876,三利谱,2026-07-27,49.289203507515786,50.6859860603297,48.46644118188566,50.57118201489294,4806114.0,125983917.0,0.03226844225634772,25.76,26.49,25.33,26.43,2026-07-24,25.77,1.9134007572793394
002877,智能自控,2026-07-27,19.167542825569782,19.54281098329931,18.965475356023116,19.54281098329931,4820100.0,32375303.0,0.020040774896325234,6.64,6.77,6.57,6.77,2026-07-24,6.59,2.8866781363809917
002878,元隆雅图,2026-07-27,35.32950442498275,36.858497710410184,35.10178202077015,36.695838850258326,6279000.0,70182802.0,0.026617400355447213,10.86,11.33,10.79,11.28,2026-07-24,10.9,3.253177203037086
002879,长缆科技,2026-07-27,25.656320511646776,28.738551909831074,24.26714579697216,28.738551909831074,51475247.0,962946805.0,0.3753508419751662,17.73,19.86,16.77,19.86,2026-07-24,18.05,1.4470569944527227
002880,卫光生物,2026-07-27,42.44735030061546,43.582306191006246,42.152261769113856,43.400713248543724,1570260.0,29820594.0,0.006923544973544973,18.7,19.2,18.57,19.12,2026-07-24,18.8,2.2699117807815754
002881,美格智能,2026-07-27,83.24838743088556,84.69428047573778,78.60400371105722,84.69428047573778,9914544.0,372028697.0,0.054478551717112154,38.0,38.66,35.88,38.66,2026-07-24,38.24,2.190747037654883
002882,金龙羽,2026-07-27,20.124879484987414,20.893455963556267,20.113055231470973,20.787037681908267,4161900.0,72690558.0,0.016864644603113144,17.02,17.67,17.01,17.58,2026-07-24,17.02,1.182425351644384
002884,凌霄泵业,2026-07-27,101.62188977709587,102.44192985599236,101.24340974068211,102.25268983778548,1588700.0,25695031.0,0.005817869136637449,16.11,16.24,16.05,16.21,2026-07-24,16.09,6.308000606896082
002885,京泉华,2026-07-27,79.75492359714056,82.41870633358582,78.35960883043116,82.41870633358582,11791400.0,300590305.0,0.04969909590207111,25.15,25.99,24.71,25.99,2026-07-24,25.08,3.1711699243395852
002886,沃特股份,2026-07-27,46.70333841893288,48.555367356235394,46.30072343256277,48.44800335987003,8570650.0,152531345.0,0.040992563910213026,17.4,18.09,17.25,18.05,2026-07-24,17.45,2.6840999091340736
002887,绿茵生态,2026-07-27,45.833100794581256,47.653014932715095,45.30628354406883,46.69516538632887,2687700.0,26260766.0,0.012372525629523193,9.57,9.95,9.46,9.75,2026-07-24,9.57,4.789247731931166
002888,惠威科技,2026-07-27,29.47834403486825,31.49903697274228,29.418911889636657,31.479226257665086,4437260.0,68761700.0,0.059224254441425345,14.88,15.9,14.85,15.89,2026-07-24,15.0,1.9810715077196404
002889,东方嘉盛,2026-07-27,31.359319151229652,32.45057750997208,31.359319151229652,32.22083890813157,2284811.0,25606707.0,0.009092524644391791,10.92,11.3,10.92,11.22,2026-07-24,10.92,2.8717325230063784
002890,弘宇股份,2026-07-27,32.59827558693487,35.80062507784283,32.59827558693487,35.58166101008844,3048600.0,38980384.0,0.018879502808795152,11.91,13.08,11.91,13.0,2026-07-24,12.15,2.73705084692988
002891,中宠股份,2026-07-27,71.02601998300182,77.11906333402028,70.89855045682988,75.84436807230094,12108061.0,357842701.0,0.03761461877400036,27.86,30.25,27.81,29.75,2026-07-24,28.15,2.549390523438687
002892,科力尔,2026-07-27,78.52512501249778,80.73336812308546,78.17180611480374,79.67341143000336,6267908.0,56708906.0,0.012507700315691367,8.89,9.14,8.85,9.02,2026-07-24,8.89,8.832972442350705
002893,京能热力,2026-07-27,16.24397672214737,16.65229526270408,16.24397672214737,16.65229526270408,4531611.0,42265711.0,0.022347578086364117,9.15,9.38,9.15,9.38,2026-07-24,9.27,1.7752980024204774
002895,川恒股份,2026-07-27,41.168003463624856,43.23199880489992,41.15556975674971,42.95845725364659,6134496.0,208498676.0,0.010231685694726232,33.11,34.77,33.1,34.55,2026-07-24,33.46,1.243370687515097
002896,中大力德,2026-07-27,141.03537316127762,148.01591183289642,140.08564000867642,147.8734518600062,6308117.0,387136164.0,0.032098673399867814,59.4,62.34,59.0,62.28,2026-07-24,59.39,2.37433288150299
002897,意华股份,2026-07-27,93.34104768747558,97.37870114978368,90.66511264774982,97.09369031715018,9710153.0,582274969.0,0.052651511378487406,58.95,61.5,57.26,61.32,2026-07-24,59.01,1.583393514630629
002899,英派斯,2026-07-27,17.59158844135843,18.1149080059755,17.289673307925504,18.1149080059755,3395290.0,60010885.0,0.022972662174089407,17.48,18.0,17.18,18.0,2026-07-24,17.8,1.00638377810975
002900,哈三联,2026-07-27,17.393360554966204,20.047126963168765,17.393360554966204,20.047126963168765,24885871.0,302840678.0,0.15445320452029015,10.88,12.54,10.88,12.54,2026-07-24,11.4,1.598654462772629
002901,大博医疗,2026-07-27,48.00785784767001,49.180384848286465,47.72294474471647,48.687266016251506,1826660.0,80984383.0,0.006333504110885064,43.81,44.88,43.55,44.43,2026-07-24,43.49,1.0958196267443507
002902,铭普光磁,2026-07-27,33.030566653509794,33.90614840209461,32.60787201626196,33.87595592800548,10959097.0,242413638.0,0.06169549496716375,21.88,22.46,21.6,22.44,2026-07-24,21.93,1.5096237044565721
002903,宇环数控,2026-07-27,37.97401094928209,39.12175739420857,37.465723237957505,39.12175739420857,7802191.0,183215493.0,0.07314623848583156,23.16,23.86,22.85,23.86,2026-07-24,23.14,1.6396377784664113
002905,金逸影视,2026-07-27,16.1858125197149,16.964430323141418,16.02065116747291,16.964430323141418,5180460.0,36712719.0,0.01482503434065934,6.86,7.19,6.79,7.19,2026-07-24,6.87,2.359447889171268
002906,华阳集团,2026-07-27,26.27742520744364,26.918063888720067,26.266185932333528,26.71575693673804,3476200.0,82530444.0,0.00662622306945314,23.38,23.95,23.37,23.77,2026-07-24,23.45,1.1239275110112763
002907,华森制药,2026-07-27,12.493035062447223,13.043434778415389,12.274952156120214,12.981125376607672,5205000.0,64204935.0,0.015499527481792308,12.03,12.56,11.82,12.5,2026-07-24,12.25,1.0384900301286137
002908,德生科技,2026-07-27,19.29373962184589,20.049122576045406,19.26226533208758,19.923225417012155,3764498.0,23725107.0,0.011696994747289968,6.13,6.37,6.12,6.33,2026-07-24,6.17,3.147428975831304
002909,集泰股份,2026-07-27,14.349274149722351,14.763808736269887,14.189837770280993,14.66814690860507,9095000.0,41548593.0,0.02390924348756109,4.5,4.63,4.45,4.6,2026-07-24,4.43,3.1887275888271893
002910,庄园牧场,2026-07-27,8.376372763699667,8.629882153773805,8.260180959915687,8.545379023749092,8696784.0,69979946.0,0.05083996762576365,7.93,8.17,7.82,8.09,2026-07-24,7.95,1.0562891253089113
002911,佛燃能源,2026-07-27,33.642315013692254,34.792997255384705,33.30922278583392,34.73243503213774,11264486.0,127400621.0,0.008890408962564336,11.11,11.49,11.0,11.47,2026-07-24,11.13,3.028111162348538
002912,中新赛克,2026-07-27,48.437805963542615,51.37175306762005,48.161018500893796,50.48603318714384,3968900.0,72166704.0,0.024465895248464115,17.5,18.56,17.4,18.24,2026-07-24,17.59,2.7678746264881493
002913,奥士康,2026-07-27,98.05584455548829,102.27708270675596,97.15443432526968,101.85935601470342,6070687.0,275415153.0,0.019875289372090637,44.6,46.52,44.19,46.33,2026-07-24,45.08,2.1985615371185716
002915,中欣氟材,2026-07-27,35.39850104882873,36.43354493914536,35.00748446804244,36.43354493914536,5885163.0,92115182.0,0.020429335678794475,15.39,15.84,15.22,15.84,2026-07-24,15.43,2.3000975340369543
002916,深南电路,2026-07-27,816.9748308420076,872.016446009419,813.4855855947877,868.4780564629426,10010194.0,3435934419.0,0.015057237829576577,332.48,354.88,331.06,353.44,2026-07-24,332.81,2.4572149628308697
002917,金奥博,2026-07-27,25.073243354294593,25.617750190323743,24.813954384756904,25.514034602508666,2753600.0,26954995.0,0.010568626697731991,9.67,9.88,9.57,9.84,2026-07-24,9.63,2.592889695376897
002918,蒙娜丽莎,2026-07-27,24.603639981152977,27.133801539498492,24.516393030865196,27.133801539498492,9890314.0,89059883.0,0.04617219795149098,8.46,9.33,8.43,9.33,2026-07-24,8.48,2.908231676259217
002919,名臣健康,2026-07-27,53.39657951711645,56.66927310042358,53.39657951711645,56.39367785130299,4057300.0,65736480.0,0.015356450532438075,15.5,16.45,15.5,16.37,2026-07-24,15.74,3.4449406140075127
002920,德赛西威,2026-07-27,88.2592403120967,91.03716435661622,88.1389365148931,90.65437954733203,4331927.0,356928002.0,0.007260758898794099,80.7,83.24,80.59,82.89,2026-07-24,81.02,1.093670883669104
002921,联诚精密,2026-07-27,28.466519417074874,30.443361043260623,27.822215479651366,30.428717771955547,6911940.0,140201935.0,0.053813232362057824,19.44,20.79,19.0,20.78,2026-07-24,19.44,1.4643271305079666
002922,伊戈尔,2026-07-27,46.12203147571168,48.69403574668428,46.083354719757196,48.558667100843614,17431551.0,428962574.0,0.04623752881819856,23.85,25.18,23.83,25.11,2026-07-24,23.96,1.93383779772376
002923,润都股份,2026-07-27,38.76673815637882,41.18008252777395,38.34536056772253,41.103468420745536,11766840.0,124457126.0,0.045592915566642384,10.12,10.75,10.01,10.73,2026-07-24,10.12,3.8307053514208325
002925,盈趣科技,2026-07-27,44.12794371476686,48.2029165075659,43.91680522809334,48.2029165075659,17397251.0,387740873.0,0.023797682493999665,20.9,22.83,20.8,22.83,2026-07-24,20.75,2.1113848667352566
002926,华西证券,2026-07-27,8.934216030364466,8.988297241202025,8.793604882186818,8.988297241202025,15463967.0,127570306.0,0.005891035047619048,8.26,8.31,8.13,8.31,2026-07-24,8.44,1.081624216751146
002927,泰永长征,2026-07-27,36.60725858834456,38.26286324811893,36.44958195408033,38.210304370030855,6055000.0,86449812.0,0.027434107250178485,13.93,14.56,13.87,14.54,2026-07-24,13.91,2.627943904403773
002928,华夏航空,2026-07-27,14.546164867350374,14.707022930654407,14.155509570754866,14.38530680404634,41804240.0,262158721.0,0.03270465723998381,6.33,6.4,6.16,6.26,2026-07-24,6.08,2.297972332914751
002929,润建股份,2026-07-27,52.575063950363734,54.14525527700318,51.742546401340135,54.03987330877234,10258258.0,517253179.0,0.047366991806090525,49.89,51.38,49.1,51.28,2026-07-24,49.9,1.053819682308353
002930,宏川智慧,2026-07-27,16.695052500895255,17.219394602054027,16.5901840806635,17.15647354991497,8504238.0,69136713.0,0.019621329958497503,7.96,8.21,7.91,8.18,2026-07-24,7.98,2.0973684046350822
002931,锋龙股份,2026-07-27,101.42491849864844,106.85451799001078,100.33899860037596,106.85451799001078,7638650.0,328980381.0,0.03795535947076664,42.03,44.28,41.58,44.28,2026-07-24,42.05,2.4131553294943715
002933,新兴装备,2026-07-27,25.607741030015394,26.063507944042982,25.310962574369515,25.936317177337607,947700.0,23142271.0,0.008117783983224172,24.16,24.59,23.88,24.47,2026-07-24,24.12,1.0599230558781205
002935,天奥电子,2026-07-27,61.51581452133478,64.36613234493743,61.51581452133478,64.23850617373134,5068304.0,75419717.0,0.012246309169792663,14.46,15.13,14.46,15.1,2026-07-24,14.45,4.254205706869625
002936,郑州银行,2026-07-27,2.4832401861691604,2.525568143887953,2.4691308669295626,2.5114588246483556,93391649.0,165687873.0,0.013286060289420245,1.76,1.79,1.75,1.78,2026-07-24,1.76,1.4109319239597502
002937,兴瑞科技,2026-07-27,61.79979657524521,63.204337406500784,59.327804712235405,61.81852378632862,10182763.0,333354793.0,0.03230728747059871,33.0,33.75,31.68,33.01,2026-07-24,32.79,1.872721108340764
002938,鹏鼎控股,2026-07-27,105.81750056125814,112.62348980190269,105.04791873899444,112.17857531090651,22740082.0,2077630009.0,0.00984067142754239,88.0,93.66,87.36,93.29,2026-07-24,88.39,1.2024715972870244
002939,长城证券,2026-07-27,9.095925050626256,9.230679495820722,9.07346597642718,9.208220421621641,16292005.0,133069919.0,0.0045222159928213325,8.1,8.22,8.08,8.2,2026-07-24,8.12,1.122953709953859
002940,昂利康,2026-07-27,54.03336301847222,56.8880419606992,53.439589798489,56.15724415148909,10541011.0,256797352.0,0.056893924834076744,23.66,24.91,23.4,24.59,2026-07-24,23.65,2.2837431537815815
002941,新疆交建,2026-07-27,10.119431438040937,10.350372819407015,10.087939431491016,10.318880812857097,7223974.0,70563181.0,0.009899229048446121,9.64,9.86,9.61,9.83,2026-07-24,9.63,1.0497335516639976
002942,新农股份,2026-07-27,20.13742647169721,20.855551635621033,20.13742647169721,20.5862546991496,1452300.0,20007676.0,0.01046641729692965,13.46,13.94,13.46,13.76,2026-07-24,13.47,1.496094091507965
002943,宇晶股份,2026-07-27,51.85587767245934,53.98576466529967,50.85964020806628,53.98576466529967,9747287.0,296101790.0,0.0516133037779487,30.19,31.43,29.61,31.43,2026-07-24,30.23,1.717650800677686
002945,华林证券,2026-07-27,13.49007356905915,13.75191505914182,13.395810632629388,13.730967739935204,6721389.0,87385494.0,0.0024894033333333334,12.88,13.13,12.79,13.11,2026-07-24,12.89,1.0473659603306793
002946,新乳业,2026-07-27,16.50967034430135,16.821376359916417,16.348443094845283,16.466676411113067,6331760.0,97484492.0,0.007442870614301956,15.36,15.65,15.21,15.32,2026-07-24,15.43,1.0748483297071192
002947,恒铭达,2026-07-27,101.57686801877009,104.74435766654001,100.30987215966213,104.07465985529723,5888169.0,334173723.0,0.029692676307862823,56.12,57.87,55.42,57.5,2026-07-24,56.12,1.8099940844399518
002948,青岛银行,2026-07-27,8.035845309157146,8.177072818984161,7.97935430522634,8.134704566036056,31009929.0,177439316.0,0.008804149443234252,5.69,5.79,5.65,5.76,2026-07-24,5.71,1.4122750982701486
002949,华阳国际,2026-07-27,11.348965998310364,11.896503831562182,11.348965998310364,11.772063414914042,2584700.0,24426173.0,0.017017329187364955,9.12,9.56,9.12,9.46,2026-07-24,9.2,1.2444041664813996
002950,奥美医疗,2026-07-27,14.225470736460457,14.710810326292636,14.074848105133228,14.694074478367387,7411401.0,64365119.0,0.01725085039518917,8.5,8.79,8.41,8.78,2026-07-24,8.52,1.6735847925247596
002951,金时科技,2026-07-27,13.573893362086201,14.932495736128788,13.573893362086201,14.932495736128788,5210700.0,61925527.0,0.012990233641344578,11.19,12.31,11.19,12.31,2026-07-24,11.19,1.2130378339665953
002952,亚世光电,2026-07-27,44.29843136199433,47.10859713466987,44.29843136199433,46.77648663426276,3601900.0,65418823.0,0.02736069827534396,17.34,18.44,17.34,18.31,2026-07-24,17.74,2.5546961569777586
002953,日丰股份,2026-07-27,21.696682324817253,22.31138371282362,21.17304780910813,21.947116223634662,18057534.0,172476249.0,0.06419571648164779,9.53,9.8,9.3,9.64,2026-07-24,9.52,2.2766718074309815
002955,鸿合科技,2026-07-27,59.77622171413148,64.45897679291058,59.77622171413148,63.89022111532607,13381050.0,442849913.0,0.06839389370803677,31.53,34.0,31.53,33.7,2026-07-24,32.1,1.8958522586150168
002956,西麦食品,2026-07-27,68.65084477522048,69.87363335900302,67.03501700379353,69.69894927560551,5478836.0,86068065.0,0.01753167121288871,15.72,16.0,15.35,15.96,2026-07-24,15.68,4.367102084937689
002957,科瑞技术,2026-07-27,35.740046931080634,37.4110612265382,35.454991551267284,37.27344828455934,11575509.0,432163597.0,0.027647716615660727,36.36,38.06,36.07,37.92,2026-07-24,36.3,0.9829495855632737
002958,青农商行,2026-07-27,3.602534217377232,3.663182941575502,3.590404472537578,3.62679370705654,63967729.0,191371054.0,0.011759723501138833,2.97,3.02,2.96,2.99,2026-07-24,2.97,1.212974483965398
002959,小熊电器,2026-07-27,47.37044931967616,48.80951401870797,47.22209213420896,48.6759925517875,989118.0,32296207.0,0.007075519983312635,31.93,32.9,31.83,32.81,2026-07-24,31.94,1.483571854671975
002960,青鸟智控,2026-07-27,32.07828009425436,32.90414367391674,31.86094757329058,32.86067716972398,9747785.0,73344686.0,0.010067728023533092,7.38,7.57,7.33,7.56,2026-07-24,7.39,4.346650419275659
002961,瑞达期货,2026-07-27,20.523405411780857,21.206759643027723,20.50062693740596,21.172591931465377,5441862.0,100335200.0,0.011410161872347106,18.02,18.62,18.0,18.59,2026-07-24,18.05,1.1389237187447756
002962,五方光电,2026-07-27,18.250048184958036,19.297050066707616,18.250048184958036,19.248726902934557,10439888.0,122934322.0,0.04990767817070908,11.33,11.98,11.33,11.95,2026-07-24,11.49,1.6107721257685823
002963,豪尔赛,2026-07-27,13.683999184534063,14.362976243308655,13.4855289673538,14.289855636979082,4937700.0,65690503.0,0.04014584510626075,13.1,13.75,12.91,13.68,2026-07-24,13.14,1.0445800904224476
002965,祥鑫科技,2026-07-27,55.52793272460711,56.61099817910058,53.2368327247171,56.26386181548087,12309140.0,488187470.0,0.06464351076914819,39.99,40.77,38.34,40.52,2026-07-24,40.31,1.3885454544787974
002966,苏州银行,2026-07-27,11.452576381276605,11.624580031558606,11.366574556135603,11.567245481464607,38458361.0,308572366.0,0.008749523459111728,7.99,8.11,7.93,8.07,2026-07-24,8.02,1.4333637523500131
002967,广电计量,2026-07-27,28.274779129395117,29.400054609592143,28.274779129395117,29.257162485122677,4548152.0,74219658.0,0.008311275884019333,15.83,16.46,15.83,16.38,2026-07-24,15.96,1.7861515558682954
002968,新大正,2026-07-27,29.46453800829058,30.008164170805163,28.775944869105437,29.64574672912877,3623000.0,29611927.0,0.017008474727213972,8.13,8.28,7.94,8.18,2026-07-24,8.0,3.6241744167639087
002969,嘉美包装,2026-07-27,12.052004412530897,12.776685528918046,12.052004412530897,12.776685528918046,18503849.0,208080526.0,0.01694043393619865,10.81,11.46,10.81,11.46,2026-07-24,10.42,1.1148940252109987
002970,锐明技术,2026-07-27,102.43861851295017,108.00008466689316,101.1379530414635,106.74426972890605,3482400.0,162737607.0,0.027553584894356324,45.68,48.16,45.1,47.6,2026-07-24,45.65,2.2425266749770176
002971,和远气体,2026-07-27,49.41055881441237,55.21640097584291,48.99102243444886,53.61945604565921,23155250.0,898820354.0,0.14381736774065995,36.51,40.8,36.2,39.62,2026-07-24,37.43,1.3533431611726203
002972,科安达,2026-07-27,21.61290832754837,22.003797400540957,21.140584031015663,21.82463990875269,5010400.0,66525525.0,0.03721156423775875,13.27,13.51,12.98,13.4,2026-07-24,13.25,1.6287044708024394
002973,侨银股份,2026-07-27,9.504528508980822,9.748778962284241,9.504528508980822,9.716920207505535,4636000.0,42223598.0,0.014594538259125574,8.95,9.18,8.95,9.15,2026-07-24,9.01,1.0619584926235557
002975,博杰股份,2026-07-27,229.923020119048,240.87173536281222,223.9559703111965,240.87173536281222,7766603.0,660011304.0,0.056544409298367994,84.0,88.0,81.82,88.0,2026-07-24,84.48,2.7371788109410478
002976,瑞玛精密,2026-07-27,24.606755519634298,25.811825695161417,23.99774155995931,25.578586306349713,4688322.0,89594694.0,0.038514279634291944,18.99,19.92,18.52,19.74,2026-07-24,18.8,1.2957743822872196
002978,安宁股份,2026-07-27,29.899010739545556,30.236392572793346,29.677967469486664,30.20149100383668,2025200.0,52412130.0,0.0054841920061006995,25.7,25.99,25.51,25.96,2026-07-24,25.62,1.1633856318889322
002979,雷赛智能,2026-07-27,88.53273578179162,93.09046443171512,88.2278709891546,91.68808638558481,11369181.0,676997759.0,0.051032165561455664,58.08,61.07,57.88,60.15,2026-07-24,58.28,1.5243239631851173
002980,华盛昌,2026-07-27,141.30057475968965,146.47010798260513,137.1649481813573,145.60851911211924,5955600.0,491185397.0,0.058799228063166696,82.0,85.0,79.6,84.5,2026-07-24,81.9,1.7231777409718252
002981,朝阳科技,2026-07-27,31.58759645027915,32.41584265015084,30.88787121245651,32.20164104673575,2446400.0,54821874.0,0.020120927729721856,22.12,22.7,21.63,22.55,2026-07-24,22.03,1.428010689433958
002982,湘佳股份,2026-07-27,22.853716267009194,23.305046390774184,22.66908121637806,23.12041134014305,2830040.0,31901518.0,0.02175426897280592,11.14,11.36,11.05,11.27,2026-07-24,11.17,2.05150056256815
002983,芯瑞达,2026-07-27,29.83414387093946,30.7584374848412,29.406230160799765,30.7584374848412,1845495.0,32697282.0,0.014400208655726308,17.43,17.97,17.18,17.97,2026-07-24,17.36,1.7116548405587757
002984,森麒麟,2026-07-27,20.43488327364693,21.08975207484173,20.43488327364693,20.851617965316347,8793540.0,123166859.0,0.012317259177552128,13.73,14.17,13.73,14.01,2026-07-24,13.74,1.4883381845336436
002985,北摩高科,2026-07-27,55.46901213809603,58.979709108861606,55.42220284515249,58.72225799767213,6527016.0,161831285.0,0.019722689989072652,23.7,25.2,23.68,25.09,2026-07-24,23.88,2.340464647177048
002986,宇新股份,2026-07-27,33.52408588021569,34.39862725100392,33.11596657384784,34.194567597820004,4500628.0,52384959.0,0.014910767763530145,11.5,11.8,11.36,11.73,2026-07-24,11.53,2.915137902627451
002987,京北方,2026-07-27,68.23006929139896,70.41396093700145,68.0977122219685,70.41396093700145,14997153.0,158256717.0,0.014791180880772017,10.31,10.64,10.29,10.64,2026-07-24,10.49,6.617853471522692
002988,豪美新材,2026-07-27,19.659084193852415,20.90493378293651,19.57461981493146,20.90493378293651,2625400.0,50775661.0,0.01050981884649506,18.62,19.8,18.54,19.8,2026-07-24,18.94,1.055804736511945
002989,中天精装,2026-07-27,28.990534021497435,30.674745997984427,28.46594340587034,30.674745997984427,6205776.0,134553190.0,0.03136844847367933,21.0,22.22,20.62,22.22,2026-07-24,20.99,1.3805016200713065
002990,盛视科技,2026-07-27,99.10281166535577,101.343025922592,95.6891518448053,101.30035517483512,7310769.0,339450224.0,0.05296946179623679,46.45,47.5,44.85,47.48,2026-07-24,46.76,2.1335373878440422
002991,甘源食品,2026-07-27,45.7628962553392,46.890524089146325,45.586704406306836,46.65560162376983,656600.0,26046907.0,0.013149434572310735,38.96,39.92,38.81,39.72,2026-07-24,38.96,1.174612326882423
002992,宝明科技,2026-07-27,46.17551788500907,46.990379965332764,45.12977821526033,46.21626098902526,2092700.0,70339293.0,0.01339455713351792,34.0,34.6,33.23,34.03,2026-07-24,34.0,1.3581034672061492
002993,奥海科技,2026-07-27,54.321598723456155,56.018699239571546,53.21416872565204,55.256442228095985,6624676.0,252069881.0,0.027782601003301644,37.77,38.95,37.0,38.42,2026-07-24,37.57,1.438220776368974
002995,天地在线,2026-07-27,41.818525286758906,44.26838439756359,41.27727734367416,43.95503032525136,6566200.0,99912153.0,0.05840920724521108,14.68,15.54,14.49,15.43,2026-07-24,14.65,2.8486733846566015
002996,顺博合金,2026-07-27,7.95344162602428,8.127214300206322,7.899973110891343,8.08711291385662,6443676.0,38748360.0,0.014057575091530836,5.95,6.08,5.91,6.05,2026-07-24,5.92,1.3367128783234083
002997,瑞鹄模具,2026-07-27,26.936477639437545,27.397571802851484,26.882862039040575,27.34395620245451,1423107.0,36128473.0,0.006798671850562765,25.12,25.55,25.07,25.5,2026-07-24,25.16,1.0723120079393926
002998,优彩资源,2026-07-27,8.211015136594337,8.559431620466798,8.106490191432599,8.46652055810081,17847221.0,129461544.0,0.06597982252065272,7.07,7.37,6.98,7.29,2026-07-24,6.98,1.161388279574871
002999,天禾股份,2026-07-27,8.168138725716165,8.353778242209714,8.152668766008368,8.29189840337853,5363700.0,28679861.0,0.015612852943455912,5.28,5.4,5.27,5.36,2026-07-24,5.28,1.5469959707795766
003000,劲仔食品,2026-07-27,10.993751390003387,11.204529670941898,10.927189827601753,11.171248889741081,3879000.0,38838072.0,0.012591690857142106,9.91,10.1,9.85,10.07,2026-07-24,9.92,1.109359373360584
003001,中岩大地,2026-07-27,42.08474827853275,42.08474827853275,38.420653279158,41.07973936441853,29459482.0,563922853.0,0.25758820002157623,20.1,20.1,18.35,19.62,2026-07-24,20.39,2.093768571071281
003002,壶化股份,2026-07-27,16.935926879578094,17.714979516038685,16.59720834198653,17.13915800213303,4736800.0,71767668.0,0.02590577300099222,15.0,15.69,14.7,15.18,2026-07-24,15.01,1.1290617919718728
003003,天元股份,2026-07-27,10.019598217279798,10.388284731768449,10.008754496265427,10.301534963653472,3895900.0,36841557.0,0.033073187979336366,9.24,9.58,9.23,9.5,2026-07-24,9.24,1.0843721014372076
003004,声迅股份,2026-07-27,61.10682906466957,65.13739444771498,59.96141370112316,64.40259968619463,1657100.0,97095433.0,0.024105959972032374,56.55,60.28,55.49,59.6,2026-07-24,57.0,1.080580531647561
003005,竞业达,2026-07-27,23.63613544617625,24.467661759146395,23.345101236636705,24.342932812200875,3305961.0,38450273.0,0.026035656859099116,11.37,11.77,11.23,11.71,2026-07-24,11.39,2.078815782425352
003006,百亚股份,2026-07-27,15.087731458133064,15.802413474570944,14.985634027213367,15.768380997597713,5983004.0,82392791.0,0.01396029261901763,13.3,13.93,13.21,13.9,2026-07-24,13.32,1.134415899107749
003007,直真科技,2026-07-27,42.85153225552776,44.699504584047396,42.35606141382322,44.619157961068275,1495250.0,49283139.0,0.020599232180754917,32.0,33.38,31.63,33.32,2026-07-24,32.14,1.3391103829852424
003008,开普检测,2026-07-27,25.95770790475638,26.753956613491237,25.95770790475638,26.515082000870777,1021600.0,16985403.0,0.013144079855483055,16.3,16.8,16.3,16.65,2026-07-24,16.31,1.5924974174697164
003009,中天火箭,2026-07-27,52.68718009297976,52.87742467506072,49.23107018517546,52.422951506756185,6306992.0,306278669.0,0.038296771427485214,49.85,50.03,46.58,49.6,2026-07-24,50.59,1.056914344894278
003010,若羽臣,2026-07-27,66.90325271197915,71.86011040755619,65.72850609048402,71.25841091849772,14418919.0,352686878.0,0.0637604133491557,23.35,25.08,22.94,24.87,2026-07-24,23.37,2.8652356621832613
003011,海象新材,2026-07-27,26.5577863469382,27.413977667973818,26.08212450191841,27.04930358679198,2380560.0,40357068.0,0.030978681075391853,16.75,17.29,16.45,17.06,2026-07-24,16.76,1.5855394833992955
003012,东鹏控股,2026-07-27,5.3552938512808765,5.538694325639811,5.330840454699685,5.502014230768023,9551900.0,42742743.0,0.008418832094051735,4.38,4.53,4.36,4.5,2026-07-24,4.37,1.2226698290595608
003013,地铁设计,2026-07-27,20.072635447492107,21.22484110762005,19.781551912301886,21.13994174318957,11683417.0,199645698.0,0.029028825332653795,16.55,17.5,16.31,17.43,2026-07-24,16.37,1.2128480632925744
003015,日久光电,2026-07-27,11.313959648771307,11.648692182758623,11.235855390840932,11.637534431625712,4777567.0,49305468.0,0.0193390241336181,10.14,10.44,10.07,10.43,2026-07-24,10.16,1.1157751132910558
003016,欣贺股份,2026-07-27,7.390742264540613,7.617598650689678,7.319103405756697,7.581779221297721,4369900.0,27600418.0,0.010635391779148568,6.19,6.38,6.13,6.35,2026-07-24,6.16,1.1939809797319245
003017,大洋生物,2026-07-27,30.882627322496358,32.539899376954374,30.882627322496358,32.2530638290674,2177404.0,43698674.0,0.0261878483843989,19.38,20.42,19.38,20.24,2026-07-24,19.61,1.5935308215942394
003018,金富科技,2026-07-27,40.94461949353977,42.66366840357388,40.20788424638229,42.55204185097426,9341012.0,348338320.0,0.03283174925120967,36.68,38.22,36.02,38.12,2026-07-24,37.0,1.116265525996177
003019,宸展光电,2026-07-27,35.30289898190517,35.44255880205337,33.82871199145199,34.62011763895843,7789765.0,173532496.0,0.045542167475832354,22.75,22.84,21.8,22.31,2026-07-24,22.92,1.5517757794244031
003020,立方制药,2026-07-27,41.31747692131812,45.44922461344993,41.079106862156664,45.44922461344993,9453957.0,156428561.0,0.05609050654366015,15.6,17.16,15.51,17.16,2026-07-24,15.6,2.6485562129050075
003021,兆威机电,2026-07-27,172.65020279450934,178.46618354607662,171.26656221248325,177.78608902270787,2446216.0,183977933.0,0.011795484551015546,73.62,76.1,73.03,75.81,2026-07-24,73.62,2.3451535288577743
003022,联泓新科,2026-07-27,25.16705649451056,26.018315361209776,25.043486659021966,26.004585379488823,10816360.0,202370386.0,0.00810559205600481,18.33,18.95,18.24,18.94,2026-07-24,18.33,1.3729981720955027
003023,彩虹集团,2026-07-27,25.568471337666196,27.464039954097586,24.859441855184222,27.232520123083066,3489750.0,64816285.0,0.033197674809076386,17.67,18.98,17.18,18.82,2026-07-24,17.68,1.446998943840758
003025,思进智能,2026-07-27,42.817390277124616,44.187233658933906,42.817390277124616,44.030680129584276,3422699.0,38299197.0,0.015116864923036686,10.94,11.29,10.94,11.25,2026-07-24,10.96,3.9138382337408246
003026,中晶科技,2026-07-27,37.47351220609105,38.53317450497795,36.08356555430435,38.395556024603025,8977045.0,246388614.0,0.062098716209383314,27.23,28.0,26.22,27.9,2026-07-24,27.23,1.3761848037492124
003027,同兴科技,2026-07-27,23.98586639565155,24.77121536358557,23.95314352198763,24.6403238689299,1551876.0,23231309.0,0.014799367482474509,14.66,15.14,14.64,15.06,2026-07-24,14.63,1.6361436831958764
003028,振邦智能,2026-07-27,28.824821949801784,29.957984483454922,28.58402491140049,29.533048533335,782220.0,16276467.0,0.011064926698856736,20.35,21.15,20.18,20.85,2026-07-24,20.34,1.4164531670664267
003029,吉大正元,2026-07-27,15.515000837220148,15.980761369358177,15.318346390317425,15.93936043316813,2401900.0,36730797.0,0.013639485872643704,14.99,15.44,14.8,15.4,2026-07-24,14.98,1.0350234047511773
003030,祖名股份,2026-07-27,21.990327689471943,24.135985876648572,21.990327689471943,24.135985876648572,3704385.0,80471090.0,0.04575635113732056,20.6,22.61,20.6,22.61,2026-07-24,20.55,1.0674916354112594
003031,中瓷电子,2026-07-27,298.01118055162516,308.0565012443766,291.7399492716872,307.9146181837445,9040843.0,960634909.0,0.026578465472865482,105.02,108.56,102.81,108.51,2026-07-24,106.0,2.8376612126416414
003033,征和工业,2026-07-27,73.09184359920198,73.15574438043399,66.56331378333272,68.61878891296203,2641700.0,171413891.0,0.03271712712686406,68.63,68.69,62.5,64.43,2026-07-24,68.9,1.0650130205333235
003035,南网能源,2026-07-27,5.260134358117267,5.406792379254367,5.211248351071569,5.397015177845226,42185834.0,230113190.0,0.011137060178583798,5.38,5.53,5.33,5.52,2026-07-24,5.42,0.9777201409139903
003036,泰坦股份,2026-07-27,56.29803394355016,60.030751779306065,55.43313590843599,59.973850592785396,6675562.0,340048639.0,0.03081964181172936,49.47,52.75,48.71,52.7,2026-07-24,49.47,1.1380237304133851
003037,三和管桩,2026-07-27,5.6072427486862875,5.7251771086012955,5.564357526899012,5.7251771086012955,3019700.0,15997851.0,0.005040606974210985,5.23,5.34,5.19,5.34,2026-07-24,5.23,1.0721305446818905
003038,鑫铂股份,2026-07-27,17.022338957803584,17.39315754505864,16.845758678158315,17.287209377271477,3085360.0,30119700.0,0.018816379842342624,9.64,9.85,9.54,9.79,2026-07-24,9.58,1.7658027964526537
003039,顺控发展,2026-07-27,11.922524784287326,12.167362346821799,11.869299227214617,12.103491678334544,2917500.0,33143140.0,0.004724553051208665,11.2,11.43,11.15,11.37,2026-07-24,11.2,1.0645111414542257
003040,楚天龙,2026-07-27,10.494403333570503,10.973790178996762,10.42145316144042,10.94252581951244,13286325.0,138200399.0,0.029082450468923667,10.07,10.53,10.0,10.5,2026-07-24,10.08,1.042145316144042
003041,真爱美家,2026-07-27,54.64149204682924,57.458564525688,53.783418245797556,57.24809359335947,2000500.0,69757514.0,0.014621037044832974,33.75,35.49,33.22,35.36,2026-07-24,33.82,1.6190071717579035
003042,中农联合,2026-07-27,15.269887639067816,15.882815066115912,15.056695490529348,15.789543501130332,3345719.0,39267267.0,0.027134566107921514,11.46,11.92,11.3,11.85,2026-07-24,11.46,1.3324509283654289
003043,华亚智能,2026-07-27,93.04228666380877,98.35700639419485,90.61388992015976,97.95458636239017,7792731.0,528093373.0,0.08288623249062294,67.05,70.88,65.3,70.59,2026-07-24,68.56,1.387655282085142
003816,中国广核,2026-07-27,4.689192636298005,4.723841842970158,4.6198942229536994,4.6545434296258525,92497691.0,373451226.0,0.0023515257675743276,4.06,4.09,4.0,4.03,2026-07-24,4.06,1.1549735557384249
600000,浦发银行,2026-07-27,148.47275527719296,150.617361742308,147.8128763648499,149.2976039176218,55723092.0,504617087.0,0.0016730727957686626,9.0,9.13,8.96,9.05,2026-07-24,9.04,16.496972808576995
600004,白云机场,2026-07-27,20.575305465350624,20.736259615014383,20.468002698908116,20.54847977374,9368676.0,71851207.0,0.003958509158988062,7.67,7.73,7.63,7.66,2026-07-24,7.67,2.6825691610626627
600006,东风股份,2026-07-27,20.635239197371366,21.02094460292971,20.519527575703865,20.82809190015054,20282301.0,109452238.0,0.0101411505,5.35,5.45,5.32,5.4,2026-07-24,5.33,3.857054055583433
600007,中国国贸,2026-07-27,41.419246523260426,41.63897727404695,41.04570424692333,41.133596547237936,1861310.0,34977652.0,0.0018478529480786172,18.85,18.95,18.68,18.72,2026-07-24,18.86,2.1973075078652746
600008,首创环保,2026-07-27,29.500062349759606,29.80735466590294,29.39763157771183,29.602493121807385,77111949.0,222739165.0,0.010504869756818344,2.88,2.91,2.87,2.89,2026-07-24,2.89,10.243077204777641
600009,上海机场,2026-07-27,72.43328735882791,73.28903927699129,72.37216222181625,72.52497506434543,8079495.0,192086215.0,0.003948382877693031,23.7,23.98,23.68,23.73,2026-07-24,23.7,3.0562568505834564
600010,包钢股份,2026-07-27,18.37746874227563,18.71779223750296,18.2923878684688,18.632711363696128,319177981.0,694133837.0,0.010191449695520096,2.16,2.2,2.15,2.19,2026-07-24,2.16,8.508087380683163
600011,华能国际,2026-07-27,36.83274507480673,37.5683491133906,36.67511563796733,37.51580596777747,103399234.0,733845465.0,0.00940188773495145,7.01,7.15,6.98,7.14,2026-07-24,7.09,5.254314561313371
600012,皖通高速,2026-07-27,53.36610575198541,56.14341287841778,52.85842595468056,55.12805328380809,7753533.0,142619090.0,0.006651967227179135,17.87,18.8,17.7,18.46,2026-07-24,17.87,2.9863517488520093
600015,华夏银行,2026-07-27,42.927870961138055,43.29635054020361,42.805044434782864,43.05069748749324,72110490.0,505420316.0,0.004686387231359509,6.99,7.05,6.97,7.01,2026-07-24,7.01,6.141326317759378
600016,民生银行,2026-07-27,131.96638896868717,133.85162309681127,131.21229531743754,133.09752944556163,322017679.0,1131299898.0,0.009080609106957028,3.5,3.55,3.48,3.53,2026-07-24,3.5,37.70468256248205
600017,日照港,2026-07-27,9.779040721154976,9.924453966079213,9.706334098692857,9.851747343617095,28298600.0,76546053.0,0.009200840221459925,2.69,2.73,2.67,2.71,2026-07-24,2.7,3.635331123105939
600018,上港集团,2026-07-27,8.678996103630164,8.763422135766646,8.628340484348277,8.678996103630164,44742313.0,230367717.0,0.0019246722193801604,5.14,5.19,5.11,5.14,2026-07-24,5.14,1.688520642729604
600019,宝钢股份,2026-07-27,20.041148594067092,20.278522604487513,19.973327448232684,20.1428803128187,71717992.0,425900727.0,0.0033491020513135186,5.91,5.98,5.89,5.94,2026-07-24,5.91,3.39105729172032
600020,中原高速,2026-07-27,17.417669944281197,17.65240943140089,17.417669944281197,17.65240943140089,11725230.0,43919997.0,0.005217307538096793,3.71,3.76,3.71,3.76,2026-07-24,3.73,4.694789742393854
600021,上海电力,2026-07-27,32.71168819200087,34.07663633238652,32.71168819200087,33.958968389249826,43265990.0,615841474.0,0.015332350886363689,13.9,14.48,13.9,14.43,2026-07-24,14.21,2.3533588627338755
600022,山东钢铁,2026-07-27,7.870746043191026,8.049626635081731,7.870746043191026,7.989999771118163,80608521.0,107985016.0,0.007534316712572403,1.32,1.35,1.32,1.34,2026-07-24,1.32,5.962686396356838
600023,浙能电力,2026-07-27,10.537946880541368,10.617030909663628,10.47863385869967,10.597259902383064,42566604.0,226851536.0,0.003174543396218747,5.33,5.37,5.3,5.36,2026-07-24,5.36,1.9771007280565416
600025,华能水电,2026-07-27,12.433897167804922,12.570533400418162,12.222732081039004,12.284839459499569,40428179.0,402003663.0,0.0021699304636822654,10.01,10.12,9.84,9.89,2026-07-24,10.04,1.2421475692112809
600026,中远海能,2026-07-27,27.915674230442878,28.850993212390705,27.51996235346495,28.67112417740074,65007315.0,1024661254.0,0.016982092895495102,15.52,16.04,15.3,15.94,2026-07-24,15.55,1.79869034989967
600027,华电国际,2026-07-27,10.670695827199099,10.807499619855498,10.602293930870902,10.670695827199099,71605807.0,335365994.0,0.007769999367296641,4.68,4.74,4.65,4.68,2026-07-24,4.69,2.2800632109399785
600028,中国石化,2026-07-27,23.088870853275147,23.313908580889915,22.908840671183334,23.178885944321056,216504657.0,1112822982.0,0.002284949877490206,5.13,5.18,5.09,5.15,2026-07-24,5.19,4.5007545522953505
600029,南方航空,2026-07-27,8.686665504271877,8.788263931222426,8.635866290796603,8.720531646588729,84107204.0,432655277.0,0.006240808593870239,5.13,5.19,5.1,5.15,2026-07-24,5.04,1.6933071158424713
600030,中信证券,2026-07-27,188.09568374156956,188.09568374156956,184.57304372803486,187.82982411790655,105471509.0,2963799457.0,0.00866185418393174,28.3,28.3,27.77,28.26,2026-07-24,27.95,6.646490591574896
600031,三一重工,2026-07-27,1063.094777863286,1063.094777863286,1026.913374012083,1032.2341686960833,61839540.0,1203008489.0,0.007297226081169575,19.98,19.98,19.3,19.4,2026-07-24,19.58,53.207946840004304
600032,浙江新能,2026-07-27,6.753303143832741,7.199642144718238,6.74360012207436,7.160830057684716,42518106.0,309444557.0,0.017681433154673982,6.96,7.42,6.95,7.38,2026-07-24,7.1,0.9703021758380375
600033,福建高速,2026-07-27,31.462611905644447,31.640870330039032,31.106095056855278,31.373482693447155,18653200.0,65779073.0,0.00679682262060924,3.53,3.55,3.49,3.52,2026-07-24,3.52,8.912921219729306
600035,楚天高速,2026-07-27,12.808646465846161,12.994818652849741,12.771412028445447,12.957584215449025,13020136.0,45146177.0,0.008086458864180858,3.44,3.49,3.43,3.48,2026-07-24,3.44,3.7234437400715588
600036,招商银行,2026-07-27,251.93374960992963,252.70655252284357,249.1645391719882,251.16094669701576,71584573.0,2791660618.0,0.003470103535659682,39.12,39.24,38.69,39.0,2026-07-24,39.2,6.440024274282456
600037,歌华有线,2026-07-27,37.31614342006386,38.11010391836309,37.08929756340693,37.996680990034626,14584300.0,96970585.0,0.01047889908846978,6.58,6.72,6.54,6.7,2026-07-24,6.57,5.6711464164230785
600038,中直股份,2026-07-27,81.22447569029026,82.79859343622611,80.90965214110308,82.29487575752664,5492535.0,143420750.0,0.008210862319058545,25.8,26.3,25.7,26.14,2026-07-24,25.81,3.1482354918717155
600039,四川路桥,2026-07-27,122.27107843832962,123.38011316339384,120.46889701010026,120.88478503199936,17333477.0,151945795.0,0.00199336395969454,8.82,8.9,8.69,8.72,2026-07-24,8.81,13.862934063302678
600048,保利发展,2026-07-27,125.36618173047044,128.9335121049147,125.36618173047044,127.65946554261319,98815933.0,494948970.0,0.008254993532771737,4.92,5.06,4.92,5.01,2026-07-24,4.95,25.48093124603058
600050,中国联通,2026-07-27,8.199057574279097,8.199057574279097,8.070083634908414,8.070083634908414,134772955.0,593374925.0,0.004348860137308071,4.45,4.45,4.38,4.38,2026-07-24,4.42,1.842484848152606
600051,宁波联合,2026-07-27,29.00436315287328,29.36821717092008,28.796446571132254,29.31623802548482,5244000.0,29444553.0,0.016868244981986618,5.58,5.65,5.54,5.64,2026-07-24,5.56,5.197914543525678
600052,东望时代,2026-07-27,13.66488994125032,14.065619851550915,13.62481695022026,14.025546860520857,7876700.0,27390421.0,0.00933043007430912,3.41,3.51,3.4,3.5,2026-07-24,3.42,4.007299103005959
600054,黄山旅游,2026-07-27,50.09246176345323,51.26175358799696,50.09246176345323,51.121438569051705,5500364.0,59851708.0,0.010715690629261641,10.71,10.96,10.71,10.93,2026-07-24,10.82,4.677167298174904
600055,万东医疗,2026-07-27,155.77899103243394,161.38037360600057,154.71927000500244,161.07759616959157,5628498.0,59454893.0,0.008005702969826556,10.29,10.66,10.22,10.64,2026-07-24,10.31,15.138871820450335
600056,中国医药,2026-07-27,131.65523712194653,135.38810098799954,131.36809374763476,134.813814239376,14118692.0,132267716.0,0.009441721366326159,9.17,9.43,9.15,9.39,2026-07-24,9.2,14.357168715588498
600057,厦门象屿,2026-07-27,80.95230374966233,83.41719761383473,79.78472244558067,82.89827258979844,19311840.0,122931752.0,0.009229030440207698,6.24,6.43,6.15,6.39,2026-07-24,6.25,12.973125600907425
600058,五矿发展,2026-07-27,39.88795038223266,42.706380409240715,39.649100379943846,42.61084040832519,14844879.0,130343447.0,0.01384898839769127,8.35,8.94,8.3,8.92,2026-07-24,8.35,4.777000045776367
600059,古越龙山,2026-07-27,66.61847063680906,67.92471515909943,66.61847063680906,67.66346625464135,5933100.0,46014031.0,0.006508857860462495,7.65,7.8,7.65,7.77,2026-07-24,7.69,8.708296815269158
600060,海信视像,2026-07-27,180.87898712858453,189.75229593111885,178.0804820447083,189.41101482332908,11879164.0,324457888.0,0.009136632660154574,26.5,27.8,26.09,27.75,2026-07-24,26.5,6.825622155795642
600061,国投资本,2026-07-27,66.22823396425221,67.27780977985051,65.70344605645307,67.06789461673085,35431778.0,225427674.0,0.005541325650292023,6.31,6.41,6.26,6.39,2026-07-24,6.3,10.49575815598292
600062,华润双鹤,2026-07-27,147.14820559841766,150.25822202108955,146.88163276218867,149.28078828824982,6698916.0,112493212.0,0.006452275274162338,16.56,16.91,16.53,16.8,2026-07-24,16.63,8.885761207633918
600063,皖维高新,2026-07-27,85.0986131237,89.97487376479926,85.0986131237,89.03108138265102,49925444.0,280191491.0,0.02412898767201126,5.41,5.72,5.41,5.66,2026-07-24,5.45,15.729873035804067
600064,南京高科,2026-07-27,230.25351982982517,233.64413391031792,229.32880689878172,231.4864704045498,14931159.0,112354834.0,0.008629033641906201,7.47,7.58,7.44,7.51,2026-07-24,7.48,30.82376436811582
600066,宇通客车,2026-07-27,2059.01092604933,2120.143909956038,2034.297592129597,2091.5284706805573,12215008.0,390711317.0,0.005517318575461184,31.66,32.6,31.28,32.16,2026-07-24,31.66,65.03508926245514
600067,冠城新材,2026-07-27,60.970700951057054,63.409528989099336,60.970700951057054,63.1656461852951,16257102.0,41857806.0,0.011681732544830842,2.5,2.6,2.5,2.59,2026-07-24,2.51,24.38828038042282
600071,凤凰光学,2026-07-27,83.55286498419788,86.51363270156847,83.55286498419788,86.27677128417884,2009176.0,29103910.0,0.007135519586476998,14.11,14.61,14.11,14.57,2026-07-24,14.19,5.921535434741169
600072,中船科技,2026-07-27,35.64360697805374,37.15028118606326,35.557511309024626,36.93504201349047,22968266.0,195783508.0,0.02120139836482841,8.28,8.63,8.26,8.58,2026-07-24,8.34,4.304783451455766
600073,光明肉业,2026-07-27,16.71591840541893,17.053613726740522,16.580840276890292,16.884766066079727,6044695.0,30239155.0,0.006446096854680067,4.95,5.05,4.91,5.0,2026-07-24,4.95,3.376953213215945
600075,新疆天业,2026-07-27,49.41347014276097,50.53395699407074,48.7411780319751,50.42190830893976,21105600.0,93678949.0,0.012358375006559546,4.41,4.51,4.35,4.5,2026-07-24,4.47,11.204868513097725
600076,康欣新材,2026-07-27,8.912542484805675,9.181600371139432,8.878910249013956,9.181600371139432,11874099.0,32062437.0,0.008831324664888996,2.65,2.73,2.64,2.73,2026-07-24,2.66,3.3632235791719527
600078,澄星股份,2026-07-27,63.24731996222627,65.10753525523292,62.90283564870653,65.10753525523292,13816085.0,128809087.0,0.020852174625969173,9.18,9.45,9.13,9.45,2026-07-24,9.2,6.889686270395019
600081,东风科技,2026-07-27,99.30080869385795,101.40241311065918,98.03984604377722,100.98209222729892,2387825.0,22833304.0,0.004317743227232809,9.45,9.65,9.33,9.61,2026-07-24,9.39,10.508022084006132
600085,同仁堂,2026-07-27,302.6369600542158,309.7763365608926,302.15293452833936,307.7192280759179,8430187.0,213930252.0,0.006146824494543798,25.01,25.6,24.97,25.43,2026-07-24,25.06,12.100638146909867
600088,中视传媒,2026-07-27,39.16912037985067,40.42076520401883,38.83780263227674,40.38395212095506,4428420.0,48071138.0,0.011134897502278062,10.64,10.98,10.55,10.97,2026-07-24,10.67,3.681308306376942
600089,特变电工,2026-07-27,1175.5092534435587,1193.2939224805282,1159.4456814101673,1184.6884374626397,119562387.0,2452557582.0,0.023662635130960338,20.49,20.8,20.21,20.65,2026-07-24,20.39,57.369900119256165
600094,大名城,2026-07-27,13.777279229167666,14.085151390713314,13.584859128201638,14.046667370520106,14313478.0,51871554.0,0.006731857953557657,3.58,3.66,3.53,3.65,2026-07-24,3.57,3.8484020193205772
600095,湘财股份,2026-07-27,28.692266250112937,29.134732989438525,27.73926096541168,29.06666118338843,60692699.0,510874919.0,0.021227252092343628,8.43,8.56,8.15,8.54,2026-07-24,8.53,3.4035903025045005
600096,云天化,2026-07-27,84.43855450977989,86.02951122420002,83.99662208910763,86.02951122420002,21572674.0,624291890.0,0.011833671797204546,28.66,29.2,28.51,29.2,2026-07-24,28.8,2.9462161378150693
600097,开创国际,2026-07-27,12.170703459599498,12.560685946956491,12.138204918986414,12.511938136036868,3457400.0,26498254.0,0.01434983555152375,7.49,7.73,7.47,7.7,2026-07-24,7.49,1.6249270306541386
600098,广州发展,2026-07-27,39.253223178936175,40.267846072091224,38.999567455647416,40.141018210446845,28502285.0,179388288.0,0.00812988667688797,6.19,6.35,6.15,6.33,2026-07-24,6.19,6.341393082219091
600099,林海股份,2026-07-27,21.975446771035532,22.457488829238894,21.890380525470235,22.23064550773143,3051508.0,23894273.0,0.013926195691858342,7.75,7.92,7.72,7.84,2026-07-24,7.69,2.8355415188432946
600100,同方股份,2026-07-27,135.43263856412864,140.09573839492947,135.43263856412864,139.48750798221633,24232578.0,165862409.0,0.007232962582988218,6.68,6.91,6.68,6.88,2026-07-24,6.79,20.274347090438418
600101,明星电力,2026-07-27,77.85470337624598,80.74189825848528,77.65558648781568,80.44322292583983,13435197.0,107888374.0,0.024522937253718187,7.82,8.11,7.8,8.08,2026-07-24,7.93,9.955844421514831
600103,青山纸业,2026-07-27,14.228244470964857,14.77759753934188,14.173309164127156,14.77759753934188,61437307.0,163707299.0,0.02777042008435014,2.59,2.69,2.58,2.69,2026-07-24,2.6,5.493530683770215
600104,上汽集团,2026-07-27,114.14649047595341,115.79600623427643,114.03652275873186,114.80629677928262,37169910.0,388843844.0,0.003233493927142344,10.38,10.53,10.37,10.44,2026-07-24,10.38,10.996771722153508
600105,永鼎股份,2026-07-27,435.33545058600913,451.63347271967666,418.01880206898744,448.19560867585625,93557057.0,3205543030.0,0.06399274256790415,34.19,35.47,32.83,35.2,2026-07-24,33.57,12.732829791927733
600106,重庆路桥,2026-07-27,34.857853653606995,36.2486907071175,34.857853653606995,35.90098144373987,13143787.0,54138891.0,0.009889796194076587,4.01,4.17,4.01,4.13,2026-07-24,4.02,8.692731584440647
600108,亚盛集团,2026-07-27,30.927678627191593,32.441620937613564,30.71140115427417,32.22534346469614,67948200.0,201056052.0,0.034900442894038215,2.86,3.0,2.84,2.98,2026-07-24,2.87,10.813873645871187
600109,国金证券,2026-07-27,79.07663314133988,79.82528765628747,78.42156044076074,79.54454221318213,23690584.0,200788136.0,0.006393589990573965,8.45,8.53,8.38,8.5,2026-07-24,8.44,9.358181436844957
600110,诺德股份,2026-07-27,134.0526756386433,142.9996302344351,131.32309627043563,142.08977044503254,117687820.0,1069159038.0,0.06782452355810005,8.84,9.43,8.66,9.37,2026-07-24,8.7,15.164329823375938
600111,北方稀土,2026-07-27,808.3250077411543,808.3250077411543,793.0774283697793,802.6325781091742,38063504.0,1497351627.0,0.010529131601913435,39.76,39.76,39.01,39.48,2026-07-24,39.03,20.330105828499857
600113,浙江东日,2026-07-27,145.47610004909055,149.22204548245335,141.78146893673267,148.04181609933906,5276587.0,151205707.0,0.012824957156866776,28.35,29.08,27.63,28.85,2026-07-24,27.9,5.131432100497021
600114,东睦股份,2026-07-27,184.8880749316498,191.3376589408934,183.52649608525394,188.18452898081875,13078054.0,341187603.0,0.021217398726604737,25.8,26.7,25.61,26.26,2026-07-24,25.75,7.166204454715109
600115,中国东航,2026-07-27,4.949925136090514,5.074017966800305,4.908560859187252,5.018865597595954,200548664.0,725848849.0,0.011779681500691832,3.59,3.68,3.56,3.64,2026-07-24,3.54,1.3788092301087784
600116,三峡水利,2026-07-27,42.447140212148845,43.24802965011392,42.31365863915467,42.981066504125565,22116445.0,142206275.0,0.01156631387420613,6.36,6.48,6.34,6.44,2026-07-24,6.37,6.674078649708938
600117,西宁特钢,2026-07-27,5.976694915254238,6.03177966101695,5.89406779661017,6.004237288135594,8243000.0,17840242.0,0.002532322317989408,2.17,2.19,2.14,2.18,2026-07-24,2.15,2.7542372881355934
600118,中国卫星,2026-07-27,1003.1671982387775,1044.0950266391442,993.7625057552889,1039.7410023412328,27727271.0,1635653579.0,0.023448224748382148,57.6,59.95,57.06,59.7,2026-07-24,57.78,17.41609719164544
600120,浙江东方,2026-07-27,420.94507542594533,433.1463819600307,419.20203163536166,432.2748600647389,39073724.0,192550038.0,0.011440515237177493,4.83,4.97,4.81,4.96,2026-07-24,4.85,87.15218952918123
600121,郑州煤电,2026-07-27,16.045588617230475,17.155369962514424,16.045588617230475,17.155369962514424,50428152.0,183234735.0,0.041388422329425474,3.47,3.71,3.47,3.71,2026-07-24,3.64,4.624088938683133
600123,兰花科创,2026-07-27,79.84123169903735,84.81536594226812,79.84123169903735,84.17765642390519,30955230.0,200543487.0,0.021011667860467386,6.26,6.65,6.26,6.6,2026-07-24,6.41,12.754190367258364
600125,铁龙物流,2026-07-27,97.24291360655846,98.32740706685466,97.24291360655846,97.96590924675593,9488200.0,51394134.0,0.007267744944731581,5.38,5.44,5.38,5.42,2026-07-24,5.41,18.074891004936518
600126,杭钢股份,2026-07-27,36.487639870777336,37.64501075148646,35.87849730198305,37.58409649460704,62230531.0,377444856.0,0.01842672396202342,5.99,6.18,5.89,6.17,2026-07-24,6.07,6.0914256879427935
600127,金健米业,2026-07-27,31.015118264046034,31.47122294439965,30.73005283882502,31.357196774311245,8156800.0,44709135.0,0.012709587554219904,5.44,5.52,5.39,5.5,2026-07-24,5.45,5.7013085044202265
600128,苏豪弘业,2026-07-27,23.44481065105958,24.428509000055087,23.44481065105958,24.330139165155536,3195300.0,23578570.0,0.012948625730697924,7.15,7.45,7.15,7.42,2026-07-24,7.26,3.2789944966516895
600129,太极集团,2026-07-27,42.67805916190855,46.327769048857974,42.67805916190855,45.88627188511409,28693520.0,438202950.0,0.05203586095007005,14.5,15.74,14.5,15.59,2026-07-24,14.73,2.9433144249592105
600130,波导股份,2026-07-27,21.91823712180912,22.64682118125984,21.85752178352156,22.64682118125984,18337300.0,67697017.0,0.024449733333333334,3.61,3.73,3.6,3.73,2026-07-24,3.63,6.071533828755989
600131,国网信通,2026-07-27,80.53024131254972,83.82490577939447,80.53024131254972,83.50084042199991,9045083.0,139347026.0,0.007563378255845272,14.91,15.52,14.91,15.46,2026-07-24,15.06,5.401089289909438
600132,重庆啤酒,2026-07-27,274.5941829211883,276.6003504676445,270.89531150740976,273.84187009126725,3044061.0,133019573.0,0.006289756523899589,43.8,44.12,43.21,43.68,2026-07-24,43.5,6.269273582675533
600133,东湖高新,2026-07-27,36.73588974212721,38.04098056191331,36.54254295401075,37.75096037973862,18391204.0,143006635.0,0.017248655233420153,7.6,7.87,7.56,7.81,2026-07-24,7.66,4.833669702911475
600135,乐凯胶片,2026-07-27,19.44473633129181,20.390377003938223,19.385633789251408,20.27217191985742,7575700.0,51574832.0,0.013691673238408966,6.58,6.9,6.56,6.86,2026-07-24,6.58,2.955127102020032
600137,浪莎股份,2026-07-27,25.02040217402972,26.241714681205313,24.904872612540135,25.944638665946382,1691402.0,26482039.0,0.017398107017425696,15.16,15.9,15.09,15.72,2026-07-24,15.16,1.6504223069940447
600138,中青旅,2026-07-27,36.95890428815843,38.21082593562182,36.95890428815843,37.82980630378513,8818327.0,61179418.0,0.012182701978337753,6.79,7.02,6.79,6.95,2026-07-24,6.78,5.443137597666926
600141,兴发集团,2026-07-27,113.43447434676806,117.97341847378603,113.39534551808687,116.79955361335035,30587459.0,904578353.0,0.025452645863271887,28.99,30.15,28.98,29.85,2026-07-24,29.62,3.9128828681189396
600143,金发科技,2026-07-27,299.97488434558375,310.6501471336828,299.33436857829776,310.22313662215885,30321144.0,437101659.0,0.011507835309724669,14.05,14.55,14.02,14.53,2026-07-24,14.05,21.35052557619813
600148,长春一东,2026-07-27,40.26975303538174,41.580048687292205,40.12416462961391,41.08504810768158,2012809.0,28327460.0,0.014223145083133444,13.83,14.28,13.78,14.11,2026-07-24,13.94,2.911768115356597
600149,廊坊发展,2026-07-27,12.454040796054409,12.976587962322425,12.454040796054409,12.889496767944424,11298500.0,49941029.0,0.029720380892255892,4.29,4.47,4.29,4.44,2026-07-24,4.31,2.9030398126000954
600150,中国船舶,2026-07-27,111.56684944140434,112.40443840117464,110.39422489772593,112.33743128439303,62157592.0,2070723498.0,0.010237680029170085,33.3,33.55,32.95,33.53,2026-07-24,33.06,3.3503558390812116
600151,航天机电,2026-07-27,42.28017901783678,44.80436880994643,41.74621579258281,44.46457403023936,30478548.0,276392447.0,0.02125047892637594,8.71,9.23,8.6,9.16,2026-07-24,8.72,4.85421113867242
600152,维科技术,2026-07-27,22.617118789994528,23.87362538943867,22.491468130050116,23.842212724452565,23279112.0,174214450.0,0.04399928082624653,7.2,7.6,7.16,7.59,2026-07-24,7.21,3.141266498610351
600153,建发股份,2026-07-27,194.86894462166526,203.1319387398984,194.86894462166526,201.7547730535262,27991322.0,244508276.0,0.009653716102635119,8.49,8.85,8.49,8.79,2026-07-24,8.56,22.952761439536545
600155,华创云信,2026-07-27,16.507587953662195,16.921756827051567,16.38925398983666,16.862589845138803,33653202.0,190865148.0,0.015203323337896804,5.58,5.72,5.54,5.7,2026-07-24,5.53,2.958349095638386
600156,华升股份,2026-07-27,13.416297039655134,14.01300465547911,13.35855114134959,14.01300465547911,10252300.0,73606257.0,0.02549621273198543,6.97,7.28,6.94,7.28,2026-07-24,6.97,1.924863276851526
600157,永泰能源,2026-07-27,79.17693242720354,80.6995657431113,78.66938798856762,80.19202130447538,427680824.0,673165511.0,0.01960241302260168,1.56,1.59,1.55,1.58,2026-07-24,1.56,50.75444386359201
600158,中体产业,2026-07-27,41.990764309275136,43.9438231143577,41.40484666775037,43.618313313510605,61301172.0,403027300.0,0.06388779278604655,6.45,6.75,6.36,6.7,2026-07-24,6.6,6.510196016941881
600159,大龙地产,2026-07-27,11.48199138063073,11.901424855722263,11.377133011857845,11.84899567133582,17411258.0,39119656.0,0.02097733759186133,2.19,2.27,2.17,2.26,2026-07-24,2.19,5.2429184386441685
600160,巨化股份,2026-07-27,466.9532468837837,476.62736670300313,461.88023283224186,473.79591699981694,32312156.0,1286152247.0,0.011968590760221201,39.58,40.4,39.15,40.16,2026-07-24,39.78,11.797707096608988
600161,天坛生物,2026-07-27,233.2374500937684,237.47813100456418,231.69538430802447,236.8998563349102,10443585.0,127806184.0,0.0052815494130484175,12.1,12.32,12.02,12.29,2026-07-24,12.05,19.27582232179904
600162,香江控股,2026-07-27,27.29459556010233,28.61366523401062,26.381393478165823,28.41073143802473,204522516.0,560269436.0,0.06257500015782767,2.69,2.82,2.6,2.8,2026-07-24,2.72,10.146689799294547
600163,中闽能源,2026-07-27,12.042318429392767,12.761978893300704,12.018329747262504,12.714001529040173,30944596.0,162112407.0,0.01626098724047703,5.02,5.32,5.01,5.3,2026-07-24,5.09,2.398868213026448
600166,福田汽车,2026-07-27,77.52340262900927,79.87259664807014,77.26238107133582,79.61157509039671,146431500.0,443094855.0,0.01849489645747,2.97,3.06,2.96,3.05,2026-07-24,2.95,26.102155767343184
600167,联美控股,2026-07-27,25.486367938043777,25.938253894392073,25.441179342408947,25.893065298757243,7857260.0,44761630.0,0.0034722995847365668,5.64,5.74,5.63,5.73,2026-07-24,5.66,4.518859563482939
600168,武汉控股,2026-07-27,13.988640847985659,14.055572143909037,13.754381312253845,14.02210649594735,3745620.0,15640658.0,0.00377051456223163,4.18,4.2,4.11,4.19,2026-07-24,4.15,3.3465647961688183
600170,上海建工,2026-07-27,42.49624574985429,43.42411137758036,42.31067262430907,43.23853825203515,94262501.0,218632382.0,0.010608050888894256,2.29,2.34,2.28,2.33,2026-07-24,2.3,18.557312554521523
600171,上海贝岭,2026-07-27,65.25971429607931,66.48882102273193,64.29398758228082,66.45955657685924,10594722.0,238423132.0,0.014944807083030814,22.3,22.72,21.97,22.71,2026-07-24,22.4,2.9264445872681306
600172,黄河旋风,2026-07-27,104.74679137390274,108.63332390451814,100.38629146150497,108.53853042816165,120614460.0,1342398763.0,0.09450649683654706,11.05,11.46,10.59,11.45,2026-07-24,11.03,9.479347635647306
600173,卧龙新能,2026-07-27,14.798691106996902,15.300341652996796,14.547865833996953,15.124763961896834,13071531.0,78131465.0,0.01866251834102237,5.9,6.1,5.8,6.03,2026-07-24,5.9,2.508252729999475
600176,中国巨石,2026-07-27,808.02248283352,892.0828862895877,806.5020104195859,892.0828862895877,230654625.0,9065450823.0,0.058076185508177655,37.2,41.07,37.13,41.07,2026-07-24,37.34,21.72103448477204
600177,雅戈尔,2026-07-27,434.57388489998436,438.5041396729816,432.3280250297002,435.6968148351264,27700997.0,215035249.0,0.006151072315824617,7.74,7.81,7.7,7.76,2026-07-24,7.74,56.14649675710392
600178,东安动力,2026-07-27,20.365362925676845,21.480973569296093,19.796620244616054,20.846606732728283,23721548.0,224208865.0,0.05085264796629125,9.31,9.82,9.05,9.53,2026-07-24,9.5,2.187471850233818
600179,安通控股,2026-07-27,9.368494098106126,9.526898587687631,9.34586488530877,9.481640162092917,20686700.0,86509564.0,0.005356087093869703,4.14,4.21,4.13,4.19,2026-07-24,4.14,2.2629212797357794
600182,S佳通,2026-07-27,16.706649662332946,17.037867934782053,16.666903469639053,16.984873011190196,1080100.0,13829104.0,0.006353529411764706,12.61,12.86,12.58,12.82,2026-07-24,12.63,1.3248730897964272
600183,生益科技,2026-07-27,1777.4483039360298,1866.1725984408365,1698.3518544108765,1866.1725984408365,57520985.0,6950835942.0,0.02385032124429032,120.0,125.99,114.66,125.99,2026-07-24,118.71,14.812069199466915
600184,光电股份,2026-07-27,56.68043681623457,58.96814119375728,55.9975399871233,58.79741698647946,17692385.0,299255680.0,0.030361336939757917,16.6,17.27,16.4,17.22,2026-07-24,16.84,3.414484145556299
600185,珠免集团,2026-07-27,32.48657378427499,33.646808562284804,32.19651508977253,33.42926454140797,21342915.0,97587545.0,0.011322466517934497,4.48,4.64,4.44,4.61,2026-07-24,4.46,7.251467362561381
600186,莲花控股,2026-07-27,42.09178503345136,44.402312612853216,41.68995415007712,44.35208375243144,120645428.0,1046169262.0,0.06776735465256171,8.38,8.84,8.3,8.83,2026-07-24,8.48,5.022886042177966
600188,兖矿能源,2026-07-27,171.07719269950078,183.4897334947327,170.0877872737939,179.62205773969666,67308139.0,1316627345.0,0.01129075061734066,19.02,20.4,18.91,19.97,2026-07-24,19.73,8.994594779153564
600189,泉阳泉,2026-07-27,19.21831366446202,19.664602515886394,19.21831366446202,19.38567198374616,11413779.0,79414638.0,0.01595891207787979,6.89,7.05,6.89,6.95,2026-07-24,6.88,2.7893053214023253
600191,华资实业,2026-07-27,22.04666060581803,22.650319170024954,22.04666060581803,22.571581096432745,4972801.0,42450949.0,0.010254635701500417,8.4,8.63,8.4,8.6,2026-07-24,8.51,2.624602453073575
600192,长城电工,2026-07-27,10.882669659391338,11.494257706365397,10.864681775656807,11.494257706365397,9792900.0,61706719.0,0.022168521419451814,6.05,6.39,6.04,6.39,2026-07-24,6.08,1.7987883734531138
600195,中牧股份,2026-07-27,41.56193914357021,42.22480898637038,41.23050422217013,42.02594803353033,4149817.0,26298057.0,0.004063873153933592,6.27,6.37,6.22,6.34,2026-07-24,6.27,6.628698428001629
600196,复星医药,2026-07-27,327.4000744562355,334.7244609093951,325.4957339784139,333.25958361876314,19248692.0,436005411.0,0.009086048400562131,22.35,22.85,22.22,22.75,2026-07-24,22.67,14.648772906319259
600197,伊力特,2026-07-27,42.63202855690705,42.928672890802034,42.33538422301207,42.63202855690705,5058510.0,50915940.0,0.0106905754222705,10.06,10.13,9.99,10.06,2026-07-24,10.03,4.237776198499707
600198,大唐电信,2026-07-27,12.338945262408124,12.750243437821728,12.338945262408124,12.6941573229926,13103689.0,88389500.0,0.010064665288739503,6.6,6.82,6.6,6.79,2026-07-24,6.65,1.869537160970928
600199,金种子酒,2026-07-27,30.115911020448838,31.25321883844162,29.933941769569994,30.889280336683928,14260997.0,96033427.0,0.021679942012003392,6.62,6.87,6.58,6.79,2026-07-24,6.69,4.549231271971124
600201,生物股份,2026-07-27,183.63403056265145,185.5997828969528,179.53871319952364,183.14259247907611,20936600.0,233004449.0,0.01888824149417962,11.21,11.33,10.96,11.18,2026-07-24,11.19,16.38126945251128
600202,哈空调,2026-07-27,21.666237521672784,22.373294224011754,21.514725371171576,22.27228612367762,6751900.0,29588944.0,0.017613314978484725,4.29,4.43,4.26,4.41,2026-07-24,4.25,5.050405016706943
600203,福日电子,2026-07-27,15.661203505370494,16.549026833339344,15.661203505370494,16.51351390022059,19480043.0,178912480.0,0.03285064842163219,8.82,9.32,8.82,9.3,2026-07-24,8.97,1.7756466559376978
600206,有研新材,2026-07-27,182.0267207026398,200.52366229828914,172.6941728975622,197.7911595625682,149711042.0,6782112784.0,0.17684773816471142,43.3,47.7,41.08,47.05,2026-07-24,44.0,4.203850362647571
600207,安彩高科,2026-07-27,6.159332321699546,6.458634915337119,6.159332321699546,6.458634915337119,20113285.0,81408400.0,0.018464200128919105,3.91,4.1,3.91,4.1,2026-07-24,3.91,1.5752768086188096
600208,衢州发展,2026-07-27,19.36576173950926,19.92912935374953,19.295340787729227,19.858708401969494,80714602.0,225920551.0,0.009486933061741542,2.75,2.83,2.74,2.82,2026-07-24,2.76,7.042095178003367
600210,紫江企业,2026-07-27,64.88816730756025,65.7476132321637,64.67330582640939,65.31789026986198,12852400.0,78176240.0,0.008473721637220967,6.04,6.12,6.02,6.08,2026-07-24,6.04,10.743074057543089
600211,西藏药业,2026-07-27,129.2209482903477,133.44682254524827,128.45260751672944,132.64355719101096,3357580.0,126897130.0,0.010416940851391302,37.0,38.21,36.78,37.98,2026-07-24,37.22,3.4924580619012895
600212,绿能慧充,2026-07-27,13.354560870689367,13.877729234695757,13.354560870689367,13.795123703536852,9105807.0,45410174.0,0.017142594503986162,4.85,5.04,4.85,5.01,2026-07-24,4.88,2.753517705296777
600215,派斯林,2026-07-27,12.38859433725074,12.663896433634088,12.136234082232669,12.640954592268809,6901249.0,37586602.0,0.015105072442197878,5.4,5.52,5.29,5.51,2026-07-24,5.33,2.2941841365279148
600216,浙江医药,2026-07-27,77.06163614041326,79.8711749580325,76.99474235904137,79.67049361391683,14259245.0,168762306.0,0.014987810328677433,11.52,11.94,11.51,11.91,2026-07-24,11.63,6.689378137188651
600217,中再资环,2026-07-27,13.583203025092836,13.99069911584562,13.583203025092836,13.945421772428645,17506900.0,53521885.0,0.01056125310440524,3.0,3.09,3.0,3.08,2026-07-24,3.04,4.527734341697612
600218,全柴动力,2026-07-27,15.290242427301841,15.836322513991194,15.290242427301841,15.77079290358847,4781799.0,34375144.0,0.01097750204127104,7.0,7.25,7.0,7.22,2026-07-24,7.07,2.184320346757406
600219,南山铝业,2026-07-27,37.81829346378054,38.24131688060135,36.97224663013892,38.24131688060135,265112045.0,1176665907.0,0.023085939985285197,4.47,4.52,4.37,4.52,2026-07-24,4.46,8.460468336416229
600221,海航控股,2026-07-27,4.298792134995426,4.331113880371332,4.266470389619521,4.331113880371332,171061314.0,228143560.0,0.0039925139018050886,1.33,1.34,1.32,1.34,2026-07-24,1.33,3.232174537590546
600222,太龙药业,2026-07-27,28.774142672110692,29.85838572932066,28.48223107978493,29.774982417227584,11598600.0,81453647.0,0.0207353654164257,6.9,7.16,6.83,7.14,2026-07-24,6.9,4.170165604653723
600223,福瑞达,2026-07-27,10.213840985267549,10.724533034530925,10.213840985267549,10.685249030741435,9810300.0,52788607.0,0.009650404617238022,5.2,5.46,5.2,5.44,2026-07-24,5.22,1.9642001894745285
600226,亨通股份,2026-07-27,162.309261546665,172.19155975891582,159.31462572477082,171.8920961767264,124463821.0,690475337.0,0.04184528196846902,5.42,5.75,5.32,5.74,2026-07-24,5.4,29.94635821894188
600227,赤天化,2026-07-27,15.612952859061096,18.10438150678361,15.612952859061096,17.440000534057607,195108083.0,602444618.0,0.15271455313460158,2.82,3.27,2.82,3.15,2026-07-24,3.13,5.536508106050034
600229,城市传媒,2026-07-27,7.996175531439324,8.22117614163134,7.9615600529482435,8.186560663140261,4326951.0,20338196.0,0.006548963255441229,4.62,4.75,4.6,4.73,2026-07-24,4.61,1.7307739245539662
600230,沧州大化,2026-07-27,28.19684592787531,29.393349397993315,27.92593948181085,29.12244295192886,15199128.0,193864456.0,0.036716327019345046,12.49,13.02,12.37,12.9,2026-07-24,12.55,2.2575537172037876
600231,凌钢股份,2026-07-27,14.81840796019901,15.184294576500218,14.543992997973103,15.092822922424915,13841010.0,22641132.0,0.004879809299658282,1.62,1.66,1.59,1.65,2026-07-24,1.61,9.147165407530252
600232,金鹰股份,2026-07-27,18.58235735419423,19.69590685856542,18.58235735419423,19.55671317051902,6515500.0,36362626.0,0.017864460437196746,5.34,5.66,5.34,5.62,2026-07-24,5.4,3.479842201159968
600233,圆通速递,2026-07-27,94.75189965686637,97.37781835405436,94.15012662209413,96.66663204023261,17463864.0,306161839.0,0.0051004030839877645,17.32,17.8,17.21,17.67,2026-07-24,17.26,5.470663952474964
600234,科新发展,2026-07-27,41.5487633866447,43.912587999451624,40.45776741150305,42.54884303052455,3749295.0,69794031.0,0.014281887489423559,18.28,19.32,17.8,18.72,2026-07-24,18.11,2.272908281545115
600235,民丰特纸,2026-07-27,11.300207597684834,11.5708712527192,11.187431074753848,11.41298412061582,5446500.0,27572299.0,0.015503842869342442,5.01,5.13,4.96,5.06,2026-07-24,5.01,2.2555304586197273
600236,桂冠电力,2026-07-27,79.66914146803406,81.58610829835249,77.67549596450289,80.9726789126506,36526979.0,380567669.0,0.0046340051082976496,10.39,10.64,10.13,10.56,2026-07-24,10.7,7.66786732127373
600237,铜峰电子,2026-07-27,32.89373415487076,34.62043935985084,32.37572259337673,34.49093646947734,28444185.0,222329225.0,0.045538689907769624,7.62,8.02,7.5,7.99,2026-07-24,7.63,4.31676301245023
600241,时代万恒,2026-07-27,16.09759118573034,17.572567945244337,16.09759118573034,17.038524635765132,11144085.0,74531154.0,0.03786613969797668,6.33,6.91,6.33,6.7,2026-07-24,6.28,2.5430633784724077
600246,万通发展,2026-07-27,157.3456029217607,165.37466262911636,155.90756237715968,164.65564235681583,119879187.0,1614804236.0,0.06341430165212261,13.13,13.8,13.01,13.74,2026-07-24,13.52,11.98367120500843
600248,陕建股份,2026-07-27,12.320585002413443,12.53981249355959,12.189048507725753,12.45212149710113,16710259.0,47386364.0,0.0045092915907846195,2.81,2.86,2.78,2.84,2026-07-24,2.81,4.384549822922933
600249,两面针,2026-07-27,15.823783212654444,16.46483199952104,15.790043802819358,16.36361377001579,6323302.0,30506622.0,0.011496912727272728,4.69,4.88,4.68,4.85,2026-07-24,4.72,3.37394098350841
600250,南京商旅,2026-07-27,20.53688213155371,21.29550046886704,20.455601595412997,21.187126420679423,7268200.0,56436667.0,0.023236572063853777,7.58,7.86,7.55,7.82,2026-07-24,7.58,2.709351204690463
600251,冠农股份,2026-07-27,86.96340612841648,86.96340612841648,85.17713075929225,86.21129018352207,8445480.0,77233980.0,0.010869433396594729,9.25,9.25,9.06,9.17,2026-07-24,9.14,9.40144931118016
600252,中恒集团,2026-07-27,82.89612949047908,86.43198335500189,82.11038418725178,86.03911070338825,50686403.0,109940712.0,0.01591828115762928,2.11,2.2,2.09,2.19,2026-07-24,2.11,39.287265161364495
600255,鑫科材料,2026-07-27,41.0292643107649,42.13816334619098,40.89065193133664,42.13816334619098,49497050.0,148962123.0,0.02740477449134254,2.96,3.04,2.95,3.04,2026-07-24,2.96,13.86123794282598
600256,广汇能源,2026-07-27,316.10450208365546,323.82886021727865,306.59759976535,322.04631603259634,135545808.0,721053807.0,0.02120552959117808,5.32,5.45,5.16,5.42,2026-07-24,5.42,59.41813948940892
600257,大湖股份,2026-07-27,31.21954310663502,31.948661947766627,31.086976044611095,31.816094885742693,15480907.0,74099540.0,0.03216897485486928,4.71,4.82,4.69,4.8,2026-07-24,4.73,6.628353101196395
600258,首旅酒店,2026-07-27,29.96442748325101,30.675447796412897,29.71049165712176,30.294544057219028,23767074.0,282338204.0,0.02128515803564032,11.8,12.08,11.7,11.93,2026-07-24,11.54,2.5393582612924583
600259,中稀有色,2026-07-27,76.67641426673035,78.43539201742887,75.52878853914045,78.38176464698074,8210636.0,591745113.0,0.024404755128547367,71.49,73.13,70.42,73.08,2026-07-24,71.11,1.072547408962517
600261,阳光照明,2026-07-27,72.89841009007068,74.14667053681848,72.89841009007068,73.64736635811937,5937309.0,17503314.0,0.0044472460278403665,2.92,2.97,2.92,2.95,2026-07-24,2.92,24.965208934955715
600262,北方股份,2026-07-27,20.157350367716493,20.854521884193904,20.03610314745955,20.53624793101943,3642620.0,49409728.0,0.015305126050420169,13.3,13.76,13.22,13.55,2026-07-24,13.31,1.5155902532117662
600266,城建发展,2026-07-27,26.015826585472194,27.225865031308107,26.015826585472194,27.09141631510412,33565999.0,133859788.0,0.016170590868672292,3.87,4.05,3.87,4.03,2026-07-24,3.9,6.722435810199533
600267,海正药业,2026-07-27,81.4602854296232,84.20139943458895,80.89800563373278,83.35797974075332,39797062.0,469899866.0,0.033718548574412796,11.59,11.98,11.51,11.86,2026-07-24,11.56,7.028497448630129
600268,国电南自,2026-07-27,121.62999681901765,125.57170967889321,120.84165424704253,124.89598747434312,27704853.0,303280629.0,0.027282104513614513,10.8,11.15,10.73,11.09,2026-07-24,10.88,11.262036742501634
600269,赣粤高速,2026-07-27,56.24417586878692,56.812298857360524,55.818083627356714,56.24417586878692,16933616.0,67232690.0,0.00725082004913427,3.96,4.0,3.93,3.96,2026-07-24,3.96,14.203074714340131
600271,航天信息,2026-07-27,130.44549070135673,133.851901364833,129.443605212099,133.65152426698145,12867602.0,85078480.0,0.006944632027328622,6.51,6.68,6.46,6.67,2026-07-24,6.51,20.037709785154643
600272,开开实业,2026-07-27,13.258005786895817,13.614901256732495,13.152258981018282,13.535591152324344,2575000.0,26283277.0,0.01609375,10.03,10.3,9.95,10.24,2026-07-24,10.03,1.3218350734691742
600273,嘉化能源,2026-07-27,14.950650087901408,15.333422755814548,14.905618009323394,15.288390677236531,11394819.0,76900910.0,0.008689651287272903,6.64,6.81,6.62,6.79,2026-07-24,6.66,2.2516039289008147
600276,恒瑞医药,2026-07-27,3501.379721731821,3544.253759140782,3435.119845736154,3481.891522909566,55245201.0,2964873314.0,0.008660476768470893,53.9,54.56,52.88,53.6,2026-07-24,53.45,64.96066274085011
600278,东方创业,2026-07-27,14.225616664705957,14.485553181835137,14.201986072239668,14.414661404436268,3333900.0,20305472.0,0.0038742913624009896,6.02,6.13,6.01,6.1,2026-07-24,6.03,2.3630592466288967
600279,重庆港,2026-07-27,10.235242136003233,10.361291916003275,10.109192356003195,10.336081960003266,6689300.0,27306310.0,0.005636102479119798,4.06,4.11,4.01,4.1,2026-07-24,4.06,2.5209956000007967
600280,中央商场,2026-07-27,29.272512513764042,30.443413014314604,28.335792113323592,30.20923291420449,46073000.0,117675624.0,0.04083273908594583,2.5,2.6,2.42,2.58,2026-07-24,2.49,11.709005005505617
600281,华阳新材,2026-07-27,7.462147938502389,7.638419149648115,7.344633797738572,7.599247769393509,8287800.0,31908556.0,0.016111522889125485,3.81,3.9,3.75,3.88,2026-07-24,3.78,1.958569012730286
600282,南钢股份,2026-07-27,43.743770581170104,44.91870656785443,43.382251816036465,44.73794718528761,40356690.0,197226585.0,0.006546000688066728,4.84,4.97,4.8,4.95,2026-07-24,4.86,9.037969128340931
600283,钱江水利,2026-07-27,18.757126168331705,18.9789581466694,18.757126168331705,18.9789581466694,1561140.0,11988738.0,0.002783649594672596,7.61,7.7,7.61,7.7,2026-07-24,7.65,2.464799759307714
600284,浦东建设,2026-07-27,19.94136973270304,20.563241969689624,19.899911583570603,20.480325671424747,10334143.0,50589495.0,0.010650944699130952,4.81,4.96,4.8,4.94,2026-07-24,4.83,4.145814913243876
600285,羚锐制药,2026-07-27,190.83483824615067,193.24176413393997,188.513873997211,191.95233955119568,6668082.0,148850222.0,0.011770863173860963,22.2,22.48,21.93,22.33,2026-07-24,21.91,8.596163884961742
600287,苏豪时尚,2026-07-27,21.787102430668703,22.694898365279897,21.787102430668703,22.53469908270145,4039400.0,16993587.0,0.009247793742761525,4.08,4.25,4.08,4.22,2026-07-24,4.11,5.339976085948211
600288,大恒科技,2026-07-27,45.14042792561472,47.39744932189546,44.62319385563372,47.3034067637171,45991371.0,456646059.0,0.10529160027472527,9.6,10.08,9.49,10.06,2026-07-24,9.62,4.7021279089182
600292,电投水电,2026-07-27,51.17870462897307,52.20227872155254,50.79486434425578,52.11698088050425,9625821.0,116541689.0,0.021912544362032306,12.0,12.24,11.91,12.22,2026-07-24,12.0,4.264892052414423
600293,三峡新材,2026-07-27,8.6184203545511,8.926221081499353,8.515820112235017,8.892021000727325,28608299.0,73768617.0,0.024659243340853777,2.52,2.61,2.49,2.6,2026-07-24,2.52,3.4200080772028176
600295,鄂尔多斯,2026-07-27,110.43840594851586,111.0558730744261,108.49779498136942,108.58600457078518,10678570.0,132262533.0,0.005405293760936246,12.52,12.59,12.3,12.31,2026-07-24,12.44,8.82095894157475
600298,安琪酵母,2026-07-27,332.8697888383336,338.3065451365361,329.71296260066765,338.3065451365361,7416487.0,282479315.0,0.008652491308028459,37.96,38.58,37.6,38.58,2026-07-24,37.99,8.768961771294352
600299,安迪苏,2026-07-27,25.1497093727022,25.81404131839622,24.928265390804192,25.750771609282506,34671233.0,280069946.0,0.011257700668382676,7.95,8.16,7.88,8.14,2026-07-24,7.97,3.1634854556858114
600300,维维股份,2026-07-27,24.680982271849654,25.090965366066428,24.51698903416295,24.92697212837972,16262401.0,49342092.0,0.010056259246172157,3.01,3.06,2.99,3.04,2026-07-24,3.01,8.199661884335434
600301,华锡有色,2026-07-27,69.78925395807835,72.20056549180265,68.78309518861066,72.13117523183936,8195732.0,333745571.0,0.02976632730721159,40.23,41.62,39.65,41.58,2026-07-24,39.6,1.734756499082236
600303,曙光股份,2026-07-27,15.92971410453223,16.66906792372993,15.795286137405377,16.534639956603076,21089200.0,51454276.0,0.031127409451222422,2.37,2.48,2.35,2.46,2026-07-24,2.38,6.721398356342713
600305,恒顺醋业,2026-07-27,68.32308411598206,68.83679151535034,67.60389375686646,68.32308411598206,6483230.0,43173156.0,0.005878028705282731,6.65,6.7,6.58,6.65,2026-07-24,6.62,10.274147987365723
600307,酒钢宏兴,2026-07-27,5.880036692785764,6.005143856462057,5.880036692785764,5.963441468569959,32307200.0,46083014.0,0.005158128111323317,1.41,1.44,1.41,1.43,2026-07-24,1.41,4.170238789209762
600308,华泰股份,2026-07-27,34.49930993441878,35.16489147656191,34.38837967739493,35.05396121953806,5503530.0,17334575.0,0.0036282142579352815,3.11,3.17,3.1,3.16,2026-07-24,3.11,11.09302570238546
600309,万华化学,2026-07-27,3088.6065689049724,3088.6065689049724,2998.691405844551,3072.446700889505,28032197.0,2067192069.0,0.008954624206518842,74.54,74.54,72.37,74.15,2026-07-24,73.75,41.43555901401894
600310,广西能源,2026-07-27,42.53850680700016,46.246463816811314,42.33250919534399,45.11347695270235,84359633.0,364273008.0,0.057555445105081246,4.13,4.49,4.11,4.38,2026-07-24,4.17,10.299880582808756
600312,平高电气,2026-07-27,127.17150610830768,130.3064950048683,126.2173790528327,130.17019113980047,28523723.0,537351979.0,0.02102091168501209,18.66,19.12,18.52,19.1,2026-07-24,18.63,6.815193253392694
600313,农发种业,2026-07-27,22.092322578340873,22.754264827879176,21.926837015956295,22.67152204668689,18678600.0,101480215.0,0.017259862388131597,5.34,5.5,5.3,5.48,2026-07-24,5.42,4.1371390596143955
600315,上海家化,2026-07-27,97.09479181354287,103.08327298527635,96.97851062574222,102.56000764017342,7883392.0,137466205.0,0.011727294443454864,16.7,17.73,16.68,17.64,2026-07-24,16.7,5.814059390032507
600316,洪都航空,2026-07-27,109.31012464608249,111.86657110957957,107.15036815105907,111.42580447794215,12298206.0,307594490.0,0.017149570667174003,24.8,25.38,24.31,25.28,2026-07-24,24.88,4.407666316374294
600318,新力金融,2026-07-27,19.57044748239784,20.19017831934044,19.407360420044526,20.124943494399112,12688200.0,77693128.0,0.024746472021621023,6.0,6.19,5.95,6.17,2026-07-24,6.01,3.2617412470663067
600319,亚星化学,2026-07-27,7.844204386124701,8.102137605784506,7.813859301458842,8.041447436452787,4455000.0,23498539.0,0.011490565314766794,5.17,5.34,5.15,5.3,2026-07-24,5.17,1.5172542332929788
600320,振华重工,2026-07-27,59.632654379038264,60.49689574685043,59.34457392310089,59.920734834975654,32710186.0,136244262.0,0.009881616732627302,4.14,4.2,4.12,4.16,2026-07-24,4.12,14.404022796869148
600322,津投城开,2026-07-27,7.515400881281826,7.700205820985477,7.515400881281826,7.700205820985477,15626495.0,38749284.0,0.014132671610744324,2.44,2.5,2.44,2.5,2026-07-24,2.47,3.080082328394191
600323,瀚蓝环境,2026-07-27,121.53008593449047,124.25789690856446,121.36723154797858,121.57079953111844,4998600.0,150501035.0,0.006130640211991371,29.85,30.52,29.81,29.86,2026-07-24,30.07,4.071359662797001
600325,华发股份,2026-07-27,26.14486972507113,27.384497168932263,25.919482917096378,27.159110360957513,63302644.0,151164830.0,0.02300114286270069,2.32,2.43,2.3,2.41,2026-07-24,2.33,11.269340398737556
600326,西藏天路,2026-07-27,65.08657907520286,67.77166897104458,65.08657907520286,67.44945818354357,23091464.0,143763023.0,0.01694830603294219,6.06,6.31,6.06,6.28,2026-07-24,6.1,10.74035958336681
600327,大东方,2026-07-27,61.57683979251779,63.20681496349621,60.49018967853218,62.84459825883434,11435400.0,39478086.0,0.012924575860265337,3.4,3.49,3.34,3.47,2026-07-24,3.4,18.110835233093468
600328,中盐化工,2026-07-27,27.71137062556199,28.028330747096195,27.43969052138981,27.892490695010107,13214942.0,81170299.0,0.009012382244397507,6.12,6.19,6.06,6.16,2026-07-24,6.11,4.528001736202939
600329,达仁堂,2026-07-27,141.0271323718808,143.53171259159998,140.52621632793696,142.491348500332,3243100.0,119694812.0,0.0057188518276474224,36.6,37.25,36.47,36.98,2026-07-24,36.61,3.85320033802953
600330,天通股份,2026-07-27,94.44195705898379,99.25267337029933,91.35297079592856,99.25267337029933,76967922.0,1470305409.0,0.06240130889942672,18.65,19.6,18.04,19.6,2026-07-24,18.35,5.063911906647925
600331,宏达股份,2026-07-27,100.9605587307828,101.80189672020599,98.68894615934019,100.87642493184049,41593305.0,496347551.0,0.020469146161417325,12.0,12.1,11.73,11.99,2026-07-24,11.8,8.4133798942319
600332,白云山,2026-07-27,37.38924140827984,37.92634357864902,37.1986567671811,37.71843306108675,9308052.0,202607820.0,0.006620749643932731,21.58,21.89,21.47,21.77,2026-07-24,21.59,1.7325876463521706
600333,长春燃气,2026-07-27,14.63839656702114,15.19428504424979,14.214862489132644,15.114872404645697,15997841.0,89925314.0,0.026267709362242906,5.53,5.74,5.37,5.71,2026-07-24,5.58,2.647087986803099
600335,国机汽车,2026-07-27,28.87602647510762,29.587550741434708,28.81673278624703,29.350375985992343,9991087.0,49376936.0,0.006716891799510382,4.87,4.99,4.86,4.95,2026-07-24,4.89,5.929368886059059
600336,澳柯玛,2026-07-27,18.243956473869982,19.539975239773316,18.11103147223887,19.373818987734428,12627562.0,72855294.0,0.015823719673539023,5.49,5.88,5.45,5.83,2026-07-24,5.54,3.3231250407777746
600338,西藏珠峰,2026-07-27,23.114396302503266,23.75593873049111,22.944576248035894,23.718200940609474,34955135.0,434171842.0,0.038235338244454964,12.25,12.59,12.16,12.57,2026-07-24,12.16,1.8868894940818992
600339,中油工程,2026-07-27,13.418250755311899,14.09338286878671,13.418250755311899,14.051187111694535,66259714.0,216557510.0,0.011867806527441087,3.18,3.34,3.18,3.33,2026-07-24,3.33,4.219575709217578
600343,航天动力,2026-07-27,54.0171964935195,57.5974060285551,53.640332331936804,57.000704439382496,40536502.0,724044258.0,0.06351629394949233,17.2,18.34,17.08,18.15,2026-07-24,17.2,3.140534679855785
600345,长江通信,2026-07-27,91.61904735174943,95.82291878891756,90.87967297837817,95.40041914699111,7254517.0,321756270.0,0.034290702903971175,43.37,45.36,43.02,45.16,2026-07-24,43.38,2.1124982096322213
600346,恒力石化,2026-07-27,177.41492483693222,184.3723728697531,173.93620082052178,183.3624207359565,36828737.0,592913659.0,0.005232023713209512,15.81,16.43,15.5,16.34,2026-07-24,15.95,11.221690375517534
600348,华阳股份,2026-07-27,151.24594313904453,153.01904915474262,149.65014772491628,152.48711735003317,21774810.0,185675787.0,0.006035983367983368,8.53,8.63,8.44,8.6,2026-07-24,8.58,17.731060156980604
600350,山东高速,2026-07-27,35.98743622143499,37.596892224182525,35.98743622143499,37.435946623907775,10719064.0,123331349.0,0.0022171697112328475,11.18,11.68,11.18,11.63,2026-07-24,11.27,3.2189120054950795
600351,亚宝药业,2026-07-27,52.95261064553088,54.612567092099255,52.95261064553088,54.36357362511399,13644300.0,89083166.0,0.0197171952211113,6.38,6.58,6.38,6.55,2026-07-24,6.41,8.299782232841832
600352,浙江龙盛,2026-07-27,271.5263073166544,285.5938709358561,270.18653935292093,284.0308083115004,46800356.0,590254856.0,0.014385361842551162,12.16,12.79,12.1,12.72,2026-07-24,12.28,22.32946606222487
600353,旭光电子,2026-07-27,299.8141297842729,314.64072510391793,286.79841633572954,312.60348299892854,41342267.0,1096563156.0,0.04988140730378366,26.49,27.8,25.34,27.62,2026-07-24,26.48,11.318011694385538
600354,敦煌种业,2026-07-27,16.868637601327638,17.01456007192736,16.51842367188831,16.985375577807414,34209566.0,197621825.0,0.06481514055420168,5.78,5.83,5.66,5.82,2026-07-24,5.79,2.918449411994401
600356,恒丰纸业,2026-07-27,16.833978512960435,17.427850210839637,16.833978512960435,17.176596800198435,4290400.0,32342955.0,0.014362066779606929,7.37,7.63,7.37,7.52,2026-07-24,7.41,2.284121914920005
600358,国旅联合,2026-07-27,17.570659840025474,17.824256992355743,17.42574718155104,17.643116169262697,4269700.0,20842556.0,0.008455912074199564,4.85,4.92,4.81,4.87,2026-07-24,4.84,3.622816461860923
600359,新农开发,2026-07-27,8.804969148498564,9.206655697243937,8.772834224598935,9.045981077745788,6313814.0,35568779.0,0.016549415036695228,5.48,5.73,5.46,5.63,2026-07-24,5.51,1.6067461949814899
600360,华微电子,2026-07-27,82.04146475861022,85.87673648513062,79.37344964450907,85.29310817892099,63802592.0,640469366.0,0.06644059565243901,9.84,10.3,9.52,10.23,2026-07-24,9.93,8.337547231566079
600361,创新新材,2026-07-27,20.78790034604876,21.134365351816243,20.672412010792936,20.9611328489325,37804900.0,137103703.0,0.010128131278164523,3.6,3.66,3.58,3.63,2026-07-24,3.6,5.774416762791323
600362,江西铜业,2026-07-27,74.816213337358,75.1625846954013,73.01508227553269,74.816213337358,38372295.0,1643299662.0,0.01849046764619373,43.2,43.4,42.16,43.2,2026-07-24,42.5,1.73185679021662
600363,联创光电,2026-07-27,84.35398460615815,87.90537529727547,83.84664307885568,87.87155252878864,13400300.0,342528979.0,0.029719767716383065,24.94,25.99,24.79,25.98,2026-07-24,24.93,3.3822768486831656
600366,宁波韵升,2026-07-27,133.91719717976446,143.17876034920613,132.66563458929937,140.92594768636897,41592912.0,453779180.0,0.03784473015103055,10.7,11.44,10.6,11.26,2026-07-24,10.73,12.515625904650886
600367,红星发展,2026-07-27,137.3626873354998,142.71448034857121,131.73644339868113,142.6687385279467,19307227.0,584273104.0,0.059965326553191006,30.03,31.2,28.8,31.19,2026-07-24,29.6,4.574182062454206
600368,五洲交通,2026-07-27,21.201136224063827,21.599012775185667,21.201136224063827,21.42849425327631,8952991.0,33823215.0,0.005562059790372645,3.73,3.8,3.73,3.77,2026-07-24,3.75,5.683950730312018
600369,西南证券,2026-07-27,21.106553753744823,21.36648668174661,21.002580582544113,21.31450009614625,34428200.0,140512424.0,0.0051809833905746405,4.06,4.11,4.04,4.1,2026-07-24,4.06,5.198658560035671
600371,万向德农,2026-07-27,27.456286344341983,28.290957449209984,27.23663605358725,28.071307158455244,3825300.0,24376104.0,0.013074462194696799,6.25,6.44,6.2,6.39,2026-07-24,6.26,4.3930058150947175
600372,中航机载,2026-07-27,35.0805655806706,35.39462614987983,34.7979110683823,35.39462614987983,32794219.0,367295036.0,0.006777210076504569,11.17,11.27,11.08,11.27,2026-07-24,11.23,3.140605692092265
600373,中文传媒,2026-07-27,39.10434736227555,40.93379051372703,38.99000716530983,40.59076992282988,16564825.0,116684780.0,0.012294294582733168,6.84,7.16,6.82,7.1,2026-07-24,6.85,5.717009848285898
600375,汉马科技,2026-07-27,15.16474838089182,15.485695436572072,15.044393235011729,15.40545867265201,13204608.0,50562854.0,0.009027645145051525,3.78,3.86,3.75,3.84,2026-07-24,3.76,4.0118381960031275
600376,首开股份,2026-07-27,33.969830515320886,37.356550778177656,33.969830515320886,37.356550778177656,128866380.0,460643645.0,0.04995662753623038,3.31,3.64,3.31,3.64,2026-07-24,3.31,10.262788675323531
600377,宁沪高速,2026-07-27,44.12068963836038,44.62782400201969,43.794674690293675,44.33803293707152,9238200.0,112744391.0,0.002429709458374384,12.18,12.32,12.09,12.24,2026-07-24,12.21,3.622388311852248
600378,昊华科技,2026-07-27,172.4650855402767,181.3448668323962,168.4395846878492,181.3448668323962,61363637.0,2744553859.0,0.05721202559475155,43.7,45.95,42.68,45.95,2026-07-24,43.7,3.9465694631642263
600379,宝光股份,2026-07-27,30.651578332230514,33.020109385175594,30.372927620119327,32.825053886697766,20368965.0,233463480.0,0.06168645827492204,11.0,11.85,10.9,11.78,2026-07-24,11.15,2.786507121111865
600380,健康元,2026-07-27,118.67384332490747,121.04022105820573,118.55552443824256,120.33030773821625,11973393.0,121612215.0,0.006544792609435746,10.03,10.23,10.02,10.17,2026-07-24,10.05,11.831888666491274
600382,广东明珠,2026-07-27,43.01511667217168,43.90662168092135,42.42077999967189,43.68374542873393,9820900.0,57440036.0,0.014142836403508543,5.79,5.91,5.71,5.88,2026-07-24,5.74,7.429208406247267
600383,金地集团,2026-07-27,39.8824346791227,40.9954328562145,39.69693498294074,40.9954328562145,40498511.0,88762770.0,0.008970597255343046,2.15,2.21,2.14,2.21,2026-07-24,2.15,18.549969618196606
600386,北巴传媒,2026-07-27,19.013858100609433,19.576768373324843,18.888766928894896,19.514222787467574,7368144.0,22808452.0,0.009137083333333334,3.04,3.13,3.02,3.12,2026-07-24,3.03,6.2545585857267865
600388,龙净环保,2026-07-27,157.44620836480917,161.7357645060176,156.47130924180726,160.95584520761608,9367100.0,153220916.0,0.0073754004492811035,16.15,16.59,16.05,16.51,2026-07-24,16.13,9.748991230019143
600389,江山股份,2026-07-27,101.87705601920837,104.39118937590557,101.38516036246325,103.57136328133038,14992865.0,282010575.0,0.03481450133519099,18.64,19.1,18.55,18.95,2026-07-24,18.7,5.4655072971678305
600390,五矿资本,2026-07-27,33.297720378869705,33.984271314516505,33.09175509817567,33.70965094025779,31018834.0,151921292.0,0.006896038815516935,4.85,4.95,4.82,4.91,2026-07-24,4.85,6.865509356467981
600391,航发科技,2026-07-27,61.77905216984755,65.50465913276203,61.07165844271189,65.43391976004845,11167253.0,303873735.0,0.03382689974382073,26.2,27.78,25.9,27.75,2026-07-24,26.21,2.3579790904521967
600392,盛和资源,2026-07-27,211.61982676520432,217.53853634597795,208.81622749010103,217.43469933578896,49291256.0,1018503971.0,0.028121011424421756,20.38,20.95,20.11,20.94,2026-07-24,20.26,10.383701018901096
600395,盘江股份,2026-07-27,29.479265421644527,30.56871653505313,29.35109470241999,30.440545815828592,31621030.0,148440872.0,0.014730580125285737,4.6,4.77,4.58,4.75,2026-07-24,4.67,6.408535961227072
600396,华电辽能,2026-07-27,83.85584562254817,97.03319279180575,83.85584562254817,93.91854709725396,298728998.0,4524134587.0,0.20284349508786179,14.0,16.2,14.0,15.68,2026-07-24,14.77,5.989703258753441
600397,江钨装备,2026-07-27,57.53630698391083,61.233585916450956,55.66689628768268,61.233585916450956,50898300.0,722485380.0,0.05141450772446554,13.85,14.74,13.4,14.74,2026-07-24,13.85,4.154245991618111
600398,海澜之家,2026-07-27,73.09068288457249,74.31498243037773,72.72339302083093,73.33554279373354,32715647.0,196277187.0,0.006811828378976882,5.97,6.07,5.94,5.99,2026-07-24,5.98,12.242995458052343
600399,抚顺特钢,2026-07-27,13.748437869150724,13.993945688242702,13.538002595643315,13.958873142658133,33110022.0,130695927.0,0.016789220627757215,3.92,3.99,3.86,3.98,2026-07-24,3.88,3.5072545584568173
600400,红豆股份,2026-07-27,31.554824301475573,33.150982729176675,30.94091721389823,32.78263847663027,48477640.0,127641246.0,0.021156600993281295,2.57,2.7,2.52,2.67,2026-07-24,2.56,12.278141751546917
600403,大有能源,2026-07-27,29.569182896750185,31.991039781626863,28.83699360597351,31.427817250260194,110624066.0,599317609.0,0.04627049194970673,5.25,5.68,5.12,5.58,2026-07-24,5.35,5.6322253136667015
600405,动力源,2026-07-27,27.211360096471065,28.072933503219488,27.13956231257536,28.001135719323784,7866405.0,30482363.0,0.012836203006568932,3.79,3.91,3.78,3.9,2026-07-24,3.82,7.179778389570202
600406,国电南瑞,2026-07-27,1267.3451075132261,1272.0428447321797,1231.8510929700221,1247.5102170332002,55306496.0,1319362903.0,0.006906253668898749,24.28,24.37,23.6,23.9,2026-07-24,23.58,52.19708021059416
600408,安泰集团,2026-07-27,9.85336406287914,10.332070009253831,9.85336406287914,10.292177847055942,34549700.0,88112101.0,0.03431634882796981,2.47,2.59,2.47,2.58,2026-07-24,2.51,3.9892162197891246
600409,三友化工,2026-07-27,46.55078984120872,49.413136142124465,46.55078984120872,48.05728789432227,37659525.0,241190858.0,0.018242805275282055,6.18,6.56,6.18,6.38,2026-07-24,6.24,7.532490265567755
600410,华胜天成,2026-07-27,162.31392941060366,172.45854999876636,160.53862080767516,172.33174224141433,60246142.0,801203101.0,0.0549443083801985,12.8,13.6,12.66,13.59,2026-07-24,12.86,12.68077573520341
600415,小商品城,2026-07-27,470.6976090082147,485.2596824443196,467.27123878795476,475.40886806107216,61911097.0,686641093.0,0.011290312450069267,10.99,11.33,10.91,11.1,2026-07-24,10.95,42.829627753249746
600416,湘电股份,2026-07-27,30.109444626833362,30.915634645945318,29.899134187065027,30.740375946138368,12366800.0,108136270.0,0.008379826276609086,8.59,8.82,8.53,8.77,2026-07-24,8.6,3.5051739961389248
600418,江淮汽车,2026-07-27,144.1625916666645,154.50182128263586,143.50264084011314,149.80883762715948,62068116.0,1262301180.0,0.028419339627401882,19.66,21.07,19.57,20.43,2026-07-24,19.64,7.3327869616818155
600419,天润乳业,2026-07-27,25.794186654572886,26.20146328596088,25.69236749672589,26.133583847396217,3605700.0,27710681.0,0.011427989775998088,7.6,7.72,7.57,7.7,2026-07-24,7.58,3.3939719282332748
600420,XD国药现,2026-07-27,84.4720481881181,87.38141801882526,84.4720481881181,86.8798025307723,8876285.0,76716327.0,0.006618301321631741,8.42,8.71,8.42,8.66,2026-07-24,8.47,10.032309761059157
600422,昆药集团,2026-07-27,95.24881129461009,98.17787496767899,94.05548905743389,97.7439396087058,9392268.0,83885656.0,0.012407620604948912,8.78,9.05,8.67,9.01,2026-07-24,8.73,10.848383974329169
600425,青松建化,2026-07-27,22.08913451529838,22.221404781857053,21.89072911546037,22.15526964857772,9565437.0,31970855.0,0.0059608742463009715,3.34,3.36,3.31,3.35,2026-07-24,3.33,6.613513327933647
600426,华鲁恒升,2026-07-27,254.13997936815906,270.14185213948093,253.50998437716214,267.6218721754932,46607216.0,982064687.0,0.016950673459333678,20.17,21.44,20.12,21.24,2026-07-24,20.69,12.599899819938475
600428,中远海特,2026-07-27,71.34025811724662,75.95639246600963,70.85066811055964,75.53674388884937,66726022.0,705645131.0,0.02728761927191226,10.2,10.86,10.13,10.8,2026-07-24,10.69,6.994142952671237
600429,三元股份,2026-07-27,5.974989425257632,6.212799949645995,5.900673636386269,6.18307363409745,17380300.0,71439800.0,0.011605765293704336,4.02,4.18,3.97,4.16,2026-07-24,4.02,1.4863157774272717
600433,冠豪高新,2026-07-27,22.47460256390016,23.26444482652924,22.25919103772859,23.19264098447205,35421810.0,113448438.0,0.020237805106838057,3.13,3.24,3.1,3.23,2026-07-24,3.13,7.180384205718901
600435,北方导航,2026-07-27,140.7444624140879,144.73818982114125,138.9541708178226,143.22332770122446,21213100.0,220779675.0,0.014026509279319995,10.22,10.51,10.09,10.4,2026-07-24,10.33,13.771473817425429
600436,片仔癀,2026-07-27,919.0573544142737,954.7180508398754,916.585820998638,948.1508334783291,7264781.0,968837896.0,0.012041395271983042,130.15,135.2,129.8,134.27,2026-07-24,130.31,7.061524044673636
600438,通威股份,2026-07-27,136.76030711815477,137.86420197381702,135.90172223041748,137.00561708607972,43135162.0,481195393.0,0.009581352467137573,11.15,11.24,11.08,11.17,2026-07-24,11.14,12.265498396247065
600439,瑞贝卡,2026-07-27,32.79488477634111,33.59087712528142,32.79488477634111,33.431678655493364,9061720.0,18955090.0,0.008005155967377107,2.06,2.11,2.06,2.1,2026-07-24,2.06,15.919846978806362
600444,国机通用,2026-07-27,26.586075206670344,27.35192922496949,26.30161514273066,27.15499533454971,2040500.0,25245888.0,0.01393575383228791,12.15,12.5,12.02,12.41,2026-07-24,12.07,2.188154337997559
600446,金证股份,2026-07-27,168.19509504192374,175.0672133275999,166.6488684276466,174.03639558474848,15309817.0,153882703.0,0.016265107784521685,9.79,10.19,9.7,10.13,2026-07-24,9.85,17.180295714190372
600448,华纺股份,2026-07-27,5.335238469887768,5.558470205029516,5.290592122859419,5.5138238580011665,14204680.0,34888171.0,0.02255356708758959,2.39,2.49,2.37,2.47,2026-07-24,2.4,2.232317351417476
600449,宁夏建材,2026-07-27,51.368657600147245,52.42689603997861,51.324564331820945,52.20642969834707,4762600.0,56053647.0,0.009959826052660615,11.65,11.89,11.64,11.84,2026-07-24,11.7,4.409326832630665
600452,涪陵电力,2026-07-27,121.1444665430659,126.33822716656283,120.75493449630363,126.07853913538798,29716567.0,286234797.0,0.019339903296887777,9.33,9.73,9.3,9.71,2026-07-24,9.44,12.984401558742325
600455,博通股份,2026-07-27,23.31351534095027,24.13295078115199,23.082688456386407,23.80979314276258,1662200.0,34268997.0,0.026613083992442922,20.2,20.91,20.0,20.63,2026-07-24,20.11,1.1541344228193204
600456,XD宝钛股,2026-07-27,79.27685346034681,80.60998440418672,78.68435081864017,80.25448281916275,3765300.0,101797513.0,0.00788086440371572,26.76,27.21,26.56,27.09,2026-07-24,26.75,2.962513208533139
600458,时代新材,2026-07-27,93.9729715188586,98.38780910699289,93.9729715188586,97.75711802297371,21233904.0,227664332.0,0.024430120763106123,10.43,10.92,10.43,10.85,2026-07-24,10.41,9.009872628845503
600459,贵研铂业,2026-07-27,104.93034831132039,108.32095480437326,104.93034831132039,108.26147047993372,14096103.0,253432353.0,0.0185546753782302,17.64,18.21,17.64,18.2,2026-07-24,17.64,5.948432443952402
600460,士兰微,2026-07-27,465.7951749619378,481.12325899423155,455.6756631736273,481.12325899423155,68411565.0,2167364996.0,0.04111094434146862,31.3,32.33,30.62,32.33,2026-07-24,31.57,14.881634982809514
600461,洪城环境,2026-07-27,53.49217002879992,54.60051379166491,53.08383285300755,53.20050061751965,11715005.0,107714759.0,0.009122721532547538,9.17,9.36,9.1,9.12,2026-07-24,9.17,5.833388225605225
600463,空港股份,2026-07-27,21.573721855777325,21.96216837118606,21.00599233325687,21.812765865259625,3408601.0,24739110.0,0.011362003333333334,7.22,7.35,7.03,7.3,2026-07-24,7.13,2.9880501185287156
600467,好当家,2026-07-27,19.606195044728512,19.98143322740274,19.418575953391397,19.887623681734187,19085740.0,40340036.0,0.013063528001270015,2.09,2.13,2.07,2.12,2026-07-24,2.09,9.380954566855747
600468,百利电气,2026-07-27,70.41467798744343,71.97655624224808,69.1131127751062,71.97655624224808,33836111.0,184916225.0,0.031106934147263936,5.41,5.53,5.31,5.53,2026-07-24,5.36,13.015652123372167
600469,风神股份,2026-07-27,14.7773870688186,15.129229618076186,14.7773870688186,15.041268980761789,4206276.0,21567624.0,0.005766359555145421,5.04,5.16,5.04,5.13,2026-07-24,5.04,2.9320212438132143
600470,六国化工,2026-07-27,12.780221697087436,13.128321120743514,12.705628963446848,13.053728387102927,16403193.0,85527230.0,0.0314478393404908,5.14,5.28,5.11,5.25,2026-07-24,5.15,2.4864244546862717
600475,华光环能,2026-07-27,61.276576597820295,63.44915465608306,61.02969272756316,63.20227078582593,6070288.0,77144446.0,0.006437989051375281,12.41,12.85,12.36,12.8,2026-07-24,12.47,4.937677405142651
600477,杭萧钢构,2026-07-27,79.43408538877114,81.88359462983455,79.08415549719064,81.53366473825407,26955963.0,62305850.0,0.011427013006459744,2.27,2.34,2.26,2.33,2026-07-24,2.27,34.99298915804896
600478,科力远,2026-07-27,48.490001698955155,50.68933222957731,48.490001698955155,50.37514215377414,31781148.0,151553234.0,0.018761906310750472,4.63,4.84,4.63,4.81,2026-07-24,4.63,10.473002526772172
600479,千金药业,2026-07-27,152.87999461971202,156.4810223302406,151.89789615320424,155.9899730969867,3996900.0,37959480.0,0.009550375220978619,9.34,9.56,9.28,9.53,2026-07-24,9.35,16.368307775129768
600480,凌云股份,2026-07-27,34.526487631158666,35.6185663153559,34.526487631158666,35.240539078518395,11747603.0,98670827.0,0.009683273058086958,8.22,8.48,8.22,8.39,2026-07-24,8.24,4.200302631527818
600481,双良节能,2026-07-27,40.026721216267816,41.069083747941455,39.505539950431,41.069083747941455,38803799.0,151292458.0,0.018798456917347658,3.84,3.94,3.79,3.94,2026-07-24,3.82,10.42362531673641
600482,中国动力,2026-07-27,85.37688380360184,86.93812719181535,83.6710808424056,86.04185783932242,18286680.0,538044398.0,0.00806203429132968,29.53,30.07,28.94,29.76,2026-07-24,29.57,2.891191459654651
600483,福能股份,2026-07-27,41.66177611660306,42.20688346766142,41.272413722989945,42.16794722830011,14754476.0,158490842.0,0.005307085587586004,10.7,10.84,10.6,10.83,2026-07-24,10.69,3.893623936131127
600486,扬农化工,2026-07-27,274.8101480086239,281.82268506949487,274.4544396069855,278.92620237043946,3507403.0,192103920.0,0.008679285787394877,54.08,55.46,54.01,54.89,2026-07-24,54.38,5.081548594834022
600487,亨通光电,2026-07-27,632.9638384953346,668.401193553897,614.4071154072361,665.0490113186275,156117915.0,8419560601.0,0.06362690406353877,52.87,55.83,51.32,55.55,2026-07-24,52.43,11.972079411676464
600488,津药药业,2026-07-27,36.41139416508835,39.69438872095697,35.516032013487816,39.69438872095697,81052601.0,422905443.0,0.07423169682773308,4.88,5.32,4.76,5.32,2026-07-24,4.84,7.461351263337777
600489,中金黄金,2026-07-27,275.67929932673565,276.80707827852683,265.15336244335117,269.9150957953584,78132701.0,1688929787.0,0.01611876683593206,22.0,22.09,21.16,21.54,2026-07-24,21.36,12.530877242124348
600490,鹏欣资源,2026-07-27,85.72060624376128,88.04106851469112,84.76512177926075,87.90457073404819,49201296.0,312633301.0,0.02469174342184843,6.28,6.45,6.21,6.44,2026-07-24,6.06,13.649778064293196
600493,凤竹纺织,2026-07-27,14.404410667573549,15.01736431300221,14.348687608898217,14.878056666313878,6848800.0,36366250.0,0.02517941176470588,5.17,5.39,5.15,5.34,2026-07-24,5.18,2.786152933766644
600495,晋西车轴,2026-07-27,28.401363142139676,29.08118300458451,28.25029206159638,29.005647464312858,8802451.0,33560378.0,0.0072856459206893905,3.76,3.85,3.74,3.84,2026-07-24,3.78,7.553554027164807
600496,精工钢构,2026-07-27,34.101879473430344,34.63807254691195,33.780163629341374,34.42359531751931,16315269.0,52260046.0,0.00819811021384686,3.18,3.23,3.15,3.21,2026-07-24,3.18,10.723861469632183
600497,驰宏锌锗,2026-07-27,219.72409876035732,224.10398112767345,215.83086998940968,223.8606543294892,103509317.0,937457849.0,0.02053601257863612,9.03,9.21,8.87,9.2,2026-07-24,8.91,24.33267981842274
600498,烽火通信,2026-07-27,137.6261805901086,143.68233815182953,135.8850352911138,143.1902753499397,58183045.0,2165567897.0,0.045755004152745284,36.36,37.96,35.9,37.83,2026-07-24,36.36,3.7850984760755937
600499,科达制造,2026-07-27,498.620561105985,507.1160621471093,494.6995606254662,501.23456142633097,16970352.0,260159339.0,0.00884860413930753,15.26,15.52,15.14,15.34,2026-07-24,15.2,32.67500400432405
600500,中化国际,2026-07-27,44.33087222299576,46.294898207558866,43.86324698857597,46.201373160674905,81543170.0,395938449.0,0.02272469603049938,4.74,4.95,4.69,4.94,2026-07-24,4.71,9.35250468839573
600501,航天晨光,2026-07-27,62.99949244166673,65.12524218663096,62.75792997064808,64.98030470401974,6579100.0,87659097.0,0.015378045468208671,13.04,13.48,12.99,13.45,2026-07-24,13.04,4.831249420373216
600502,安徽建工,2026-07-27,76.12605420292445,78.4787357897698,76.12605420292445,78.14263842022046,31347416.0,145001257.0,0.01826204265819765,4.53,4.67,4.53,4.65,2026-07-24,4.53,16.804868477466766
600503,华丽家族,2026-07-27,5.792041798363918,6.035917242505557,5.792041798363918,6.005432811987853,25715834.0,50321353.0,0.016049425509739187,1.9,1.98,1.9,1.97,2026-07-24,1.91,3.0484430517704837
600505,西昌电力,2026-07-27,34.03861173674804,35.52573555048946,33.74118697399975,35.39354676704578,9280800.0,98537061.0,0.025457014133185213,10.3,10.75,10.21,10.71,2026-07-24,10.51,3.3047195860920424
600506,统一股份,2026-07-27,22.20885536169152,22.98397474457302,22.023500726654643,22.96712432320603,5312430.0,71657636.0,0.021281675371964723,13.18,13.64,13.07,13.63,2026-07-24,13.62,1.6850421366989015
600507,方大特钢,2026-07-27,115.58666434544645,115.85609712946847,114.23950042533636,115.04779877740239,25382293.0,108353706.0,0.010972862649734865,4.29,4.3,4.24,4.27,2026-07-24,4.26,26.94327840220197
600508,上海能源,2026-07-27,32.2228959855759,32.92594098889756,31.87137348391508,32.769708765937196,5616956.0,46886636.0,0.005551420372221847,8.25,8.43,8.16,8.39,2026-07-24,8.33,3.9058055740092006
600509,天富能源,2026-07-27,46.16067690655834,49.51312830200671,46.16067690655834,49.061836768004056,27272151.0,204785824.0,0.01984298781495009,7.16,7.68,7.16,7.61,2026-07-24,7.41,6.447021914323791
600510,黑牡丹,2026-07-27,39.31161110028736,40.62858299644439,39.11406531586381,40.365188617212986,6579700.0,40083363.0,0.0063755210255438495,5.97,6.17,5.94,6.13,2026-07-24,5.98,6.584859480785153
600511,国药股份,2026-07-27,170.0185371715935,173.03996989437633,169.51496505112965,171.65514656310086,4102519.0,111863212.0,0.0074140155643257575,27.01,27.49,26.93,27.27,2026-07-24,27.09,6.294651505797611
600512,腾达建设,2026-07-27,12.767653745706331,13.101885519154141,12.767653745706331,13.03503916446458,15567471.0,30291495.0,0.009806866805560465,1.91,1.96,1.91,1.95,2026-07-24,1.92,6.684635468956195
600513,联环药业,2026-07-27,103.34225262173116,110.78289481049579,103.34225262173116,109.81836711935964,21011476.0,330375096.0,0.07360663684143284,15.0,16.08,15.0,15.94,2026-07-24,15.42,6.88948350811541
600515,海南机场,2026-07-27,9.053521752625386,9.251053136319031,8.987677958060837,9.218131239036756,90563855.0,252125818.0,0.009869630726968054,2.75,2.81,2.73,2.8,2026-07-24,2.73,3.292189728227413
600516,方大炭素,2026-07-27,68.63832090109801,69.73215868438244,68.50159117818747,69.5954289614719,29704160.0,150662635.0,0.007378136768243596,5.02,5.1,5.01,5.09,2026-07-24,5.02,13.672972291055382
600517,国网英大,2026-07-27,110.62668793014072,113.7810130442384,110.62668793014072,112.20385048718957,25165518.0,125805008.0,0.004400769568217081,4.91,5.05,4.91,4.98,2026-07-24,4.93,22.530893672126417
600518,康美药业,2026-07-27,59.31341310021474,60.66144521612871,59.31341310021474,60.212101177490716,112099655.0,150161065.0,0.00811002740165457,1.32,1.35,1.32,1.34,2026-07-24,1.33,44.93440386379904
600519,贵州茅台,2026-07-27,11375.798333924673,11375.798333924673,11128.626935874108,11214.902103666565,3199044.0,4129228560.0,0.0025590681419844366,1308.0,1308.0,1279.58,1289.5,2026-07-24,1297.41,8.697093527465347
600520,三佳科技,2026-07-27,54.62150088918414,57.99940949680474,54.62150088918414,57.73588471181306,12372756.0,293192838.0,0.07809604241620906,22.8,24.21,22.8,24.1,2026-07-24,23.86,2.3956798635607077
600521,华海药业,2026-07-27,298.9325476466453,309.7553240283591,297.43975090434,309.19552524999455,33851567.0,555538654.0,0.02260912830212339,16.02,16.6,15.94,16.57,2026-07-24,16.01,18.65995927881681
600522,中天科技,2026-07-27,300.5121884932048,313.53214951106906,296.01264314144294,312.6705344437104,170918896.0,5466941589.0,0.05007952458362254,31.39,32.75,30.92,32.66,2026-07-24,31.39,9.57350074842959
600523,贵航股份,2026-07-27,23.98134913562526,24.58737600908871,23.93806150180644,24.15449967090053,3423215.0,38341975.0,0.00847236872006859,11.08,11.36,11.06,11.16,2026-07-24,11.13,2.1643816909409077
600526,菲达环保,2026-07-27,16.93407480549314,17.25894914228917,16.852856221294132,17.177730558090165,6126322.0,25851436.0,0.007017493579720321,4.17,4.25,4.15,4.23,2026-07-24,4.17,4.060929209950393
600527,江南高纤,2026-07-27,60.21165810083683,61.68743403468086,59.91650291406802,61.68743403468086,42102920.0,87331900.0,0.02431220150043554,2.04,2.09,2.03,2.09,2026-07-24,2.03,29.5155186768808
600528,中铁工业,2026-07-27,33.820109296824825,34.449095592760045,33.820109296824825,34.11041066417954,9159805.0,64659959.0,0.004123156558451255,6.99,7.12,6.99,7.05,2026-07-24,7.02,4.838356122578658
600529,山东药玻,2026-07-27,163.5006694342744,169.95231747141065,162.79363951239648,169.6871812507064,13537326.0,256996820.0,0.020399394369118844,18.5,19.23,18.42,19.2,2026-07-24,18.59,8.837874023474292
600530,交大昂立,2026-07-27,30.144498408017547,32.020443587915636,29.95043511354533,30.98543935073048,10113600.0,48758236.0,0.013051153667475352,4.66,4.95,4.63,4.79,2026-07-24,4.66,6.468776482407199
600531,豫光金铅,2026-07-27,131.09230438472304,133.25817723977497,129.95237130311673,133.25817723977497,31380200.0,363691488.0,0.02594986188848769,11.5,11.69,11.4,11.69,2026-07-24,11.3,11.399330816062871
600533,栖霞建设,2026-07-27,18.757092814667697,19.35572343641241,18.557549274086128,19.056408125540056,8868900.0,16913293.0,0.008446571428571428,1.88,1.94,1.86,1.91,2026-07-24,1.88,9.977177029078563
600535,天士力,2026-07-27,210.88615073299204,217.40840281751755,210.88615073299204,216.32136080342997,19618520.0,311753564.0,0.013131978937943108,15.52,16.0,15.52,15.92,2026-07-24,15.76,13.588025176094847
600536,中国软件,2026-07-27,259.8894636628206,272.94527286233523,256.64741708307537,272.0690440569987,22360508.0,682538350.0,0.026504298888351867,29.66,31.15,29.29,31.05,2026-07-24,30.56,8.762288053365497
600538,国发股份,2026-07-27,14.9386276466102,15.787770691785937,14.529780995229292,15.661971722130275,18409300.0,90035561.0,0.035118958444332986,4.75,5.02,4.62,4.98,2026-07-24,4.77,3.1449742413916213
600539,狮头股份,2026-07-27,24.1360118956719,24.1360118956719,20.010603182659217,21.07751922912802,56783128.0,1038713128.0,0.24688316521739131,20.36,20.36,16.88,17.78,2026-07-24,18.51,1.185462273854219
600540,新赛股份,2026-07-27,11.14743872386653,11.699633830931127,11.14743872386653,11.630609442548053,22029200.0,73708692.0,0.03789142246022271,3.23,3.39,3.23,3.37,2026-07-24,3.22,3.4512194191537247
600545,卓郎智能,2026-07-27,16.831546574273997,17.793349235661086,16.525518454741743,17.749630932870758,90650518.0,358624619.0,0.05070188395412177,3.85,4.07,3.78,4.06,2026-07-24,3.83,4.371830279032207
600546,山煤国际,2026-07-27,136.38653467403006,139.52959884758795,133.6924796681233,139.08058967993682,22027319.0,270075337.0,0.011111125515240907,12.15,12.43,11.91,12.39,2026-07-24,12.3,11.225229191278194
600547,山东黄金,2026-07-27,561.5468116328401,564.5134740339194,549.8920664857434,560.2753848895205,52219678.0,1373146117.0,0.014447502142575428,26.5,26.64,25.95,26.44,2026-07-24,25.94,21.190445721993967
600548,深高速,2026-07-27,25.86331058765675,26.109042754760377,25.86331058765675,26.016893192096518,2944300.0,24884006.0,0.0017173678124312467,8.42,8.5,8.42,8.47,2026-07-24,8.45,3.0716520887953385
600549,厦门钨业,2026-07-27,717.9002796293925,735.734495494753,698.0195144024331,733.8341282304114,45013089.0,2215637737.0,0.02896721965912562,49.11,50.33,47.75,50.2,2026-07-24,48.39,14.618209725705405
600550,保变电气,2026-07-27,84.90766050550634,89.86187768042366,84.90766050550634,88.64237806813632,76071377.0,879292808.0,0.04130882461291068,11.14,11.79,11.14,11.63,2026-07-24,11.35,7.621872576795901
600551,时代出版,2026-07-27,41.25135304859335,41.61912142644113,40.822289941104266,41.12876358931075,3247520.0,21901954.0,0.004789462293351589,6.73,6.79,6.66,6.71,2026-07-24,6.69,6.12947296412977
600552,凯盛科技,2026-07-27,129.97848416748198,137.83065480484913,127.13833734120024,136.91178377281682,59996846.0,958368948.0,0.06351514728623185,15.56,16.5,15.22,16.39,2026-07-24,15.55,8.353373018475706
600556,天下秀,2026-07-27,18.838823736704068,20.08551060163301,18.792650149114106,19.99316342645309,65183485.0,277316923.0,0.03605784540141029,4.08,4.35,4.07,4.33,2026-07-24,4.11,4.617358758996095
600557,康缘药业,2026-07-27,109.63670172395483,115.321567739271,109.63670172395483,114.68991595979143,7043934.0,89108914.0,0.012441622253951129,12.15,12.78,12.15,12.71,2026-07-24,12.37,9.023596849708216
600558,大西洋,2026-07-27,33.86892271937935,34.54181522373787,33.794156885561726,34.46704938992026,9817065.0,45018260.0,0.010936956510208444,4.53,4.62,4.52,4.61,2026-07-24,4.52,7.476583381761444
600559,老白干酒,2026-07-27,84.13909507591397,85.769985024522,83.91670099201289,85.47345957932053,8285605.0,95216655.0,0.009057806123807,11.35,11.57,11.32,11.53,2026-07-24,11.35,7.413136130036474
600560,金自天正,2026-07-27,48.42853001282917,50.0587973597957,48.23673385436253,49.81905216171239,2718800.0,28006876.0,0.012156739125088589,10.1,10.44,10.06,10.39,2026-07-24,10.1,4.794903961666255
600561,江西长运,2026-07-27,13.533379361008873,14.073577276679396,13.391222014779789,13.874556991958677,4740900.0,23123004.0,0.016665330881112272,4.76,4.95,4.71,4.88,2026-07-24,4.77,2.843146924581696
600562,国睿科技,2026-07-27,177.05664419489233,186.61932128061562,176.10037648632,183.3827228823708,15364198.0,384024628.0,0.012371945890360527,24.07,25.37,23.94,24.93,2026-07-24,24.17,7.35590545055639
600563,法拉电子,2026-07-27,393.45442988227234,429.308042747931,393.1114822809486,424.0079434547467,6596279.0,874463224.0,0.029316795555555556,126.2,137.7,126.09,136.0,2026-07-24,126.86,3.11770546657902
600566,济川药业,2026-07-27,68.94201226087557,70.05565107650955,68.57943218136683,69.79666530543187,5780465.0,155273387.0,0.006292543643879563,26.62,27.05,26.48,26.95,2026-07-24,26.66,2.589857710776693
600567,山鹰国际,2026-07-27,5.511382361000326,5.596172858861869,5.468987112069554,5.553777609931098,47590198.0,62257013.0,0.007545073374499588,1.3,1.32,1.29,1.31,2026-07-24,1.3,4.239524893077173
600569,安阳钢铁,2026-07-27,4.724921600980909,4.836754064909451,4.641047253034502,4.78083783294518,17663602.0,30072497.0,0.006149376998128227,1.69,1.73,1.66,1.71,2026-07-24,1.68,2.7958115982135556
600570,恒生电子,2026-07-27,930.6794437935516,953.2140550234197,923.9190604245913,948.2564405528487,19190154.0,402241137.0,0.010133960793014185,20.65,21.15,20.5,21.04,2026-07-24,20.78,45.06922245973616
600571,信雅达,2026-07-27,110.4469943686141,115.45646927518192,110.32772115655297,115.33719606312079,7280800.0,69759603.0,0.01590556616673035,9.26,9.68,9.25,9.67,2026-07-24,9.39,11.927321206113835
600572,康恩贝,2026-07-27,72.22875414154731,74.46440605545234,71.88480769325422,74.2924328313058,46368404.0,198729223.0,0.018314473451598957,4.2,4.33,4.18,4.32,2026-07-24,4.21,17.19732241465412
600573,惠泉啤酒,2026-07-27,12.414056254149777,12.602760692323605,12.319704035062863,12.562324027000642,5547972.0,51596345.0,0.022191888,9.21,9.35,9.14,9.32,2026-07-24,9.23,1.3478888440987813
600575,淮河能源,2026-07-27,61.455706370960556,63.16280932570946,60.88667205271092,62.97313121962625,44270840.0,145257766.0,0.011391627906500409,3.24,3.33,3.21,3.32,2026-07-24,3.24,18.96781060832116
600576,祥源文旅,2026-07-27,16.618254514763304,16.990304988974426,16.494237690026267,16.928296576605902,6176520.0,33632666.0,0.00935283578448285,5.36,5.48,5.32,5.46,2026-07-24,5.37,3.1004206184259897
600577,精达股份,2026-07-27,191.19246082457295,199.07948979173173,191.19246082457295,197.99162372729603,61227780.0,442875637.0,0.028349809504528187,7.03,7.32,7.03,7.28,2026-07-24,7.1,27.19665161089231
600578,京能电力,2026-07-27,31.55445017799257,34.335110538505326,31.55445017799257,33.54927174096912,150366915.0,825143778.0,0.022460855463376818,5.22,5.68,5.22,5.55,2026-07-24,5.54,6.0449138272016425
600579,中化装备,2026-07-27,13.207175503594367,13.810154061195876,13.090469976316657,13.65454669149226,6705200.0,46702220.0,0.013584257879960026,6.79,7.1,6.73,7.02,2026-07-24,6.81,1.945092121295194
600580,卧龙电驱,2026-07-27,262.5986003208381,273.09886003201854,262.5986003208381,272.9146449493663,25598756.0,751283773.0,0.016434400167704255,28.51,29.65,28.51,29.63,2026-07-24,28.46,9.210754132614454
600582,天地科技,2026-07-27,221.75601923030655,227.3114936160345,221.75601923030655,224.9967126219812,20472446.0,99541737.0,0.004946721342526621,4.79,4.91,4.79,4.86,2026-07-24,4.81,46.29561988106609
600583,海油工程,2026-07-27,114.6573028564453,119.40769958496094,112.92988586425783,119.40769958496094,55235682.0,301274366.0,0.012492931352172868,5.31,5.53,5.23,5.53,2026-07-24,5.51,21.59271240234375
600584,长电科技,2026-07-27,395.9191151485198,407.7347051798601,373.353275170632,398.7761635577373,142857990.0,11593743613.0,0.07983504348017016,81.76,84.2,77.1,82.35,2026-07-24,82.9,4.8424549308771985
600585,海螺水泥,2026-07-27,106.99238362326217,107.89654461162776,106.32933223179407,106.99238362326217,25067104.0,445417807.0,0.006302289331055314,17.75,17.9,17.64,17.75,2026-07-24,17.77,6.027739922437306
600586,金晶科技,2026-07-27,54.579259041594,56.38467982414036,54.30150199812533,56.106922780671695,14219512.0,57158751.0,0.010032550464155437,3.93,4.06,3.91,4.04,2026-07-24,3.94,13.887852173433588
600587,新华医疗,2026-07-27,96.45551352564856,99.35702084308676,95.90657970883592,99.1217634930242,6039725.0,76083714.0,0.009955953630434748,12.3,12.67,12.23,12.64,2026-07-24,12.34,7.841911668751915
600588,用友网络,2026-07-27,492.88568577021965,510.9581609151277,484.12327357874904,510.41051015316077,51835406.0,475171896.0,0.015169869858101495,9.0,9.33,8.84,9.32,2026-07-24,8.97,54.76507619669107
600589,大位科技,2026-07-27,37.200254848992216,39.158162998939176,37.14586851149369,39.158162998939176,55435541.0,391892136.0,0.037495211349890936,6.84,7.2,6.83,7.2,2026-07-24,6.92,5.438633749852663
600590,泰豪科技,2026-07-27,34.91851531606885,36.41114615211843,34.69235912878861,36.365914914662376,31572011.0,249868165.0,0.037426685221770395,7.72,8.05,7.67,8.04,2026-07-24,7.67,4.5231237456047735
600592,龙溪股份,2026-07-27,45.861377783080506,47.408075229882435,45.64555953468954,47.15628727342631,6825000.0,89201420.0,0.017081564264132182,12.75,13.18,12.69,13.11,2026-07-24,12.76,3.596970806516118
600593,大连圣亚,2026-07-27,67.8670152278968,69.33746722450122,67.48997625440848,68.99813214836175,3288097.0,119804654.0,0.02552870341614907,36.0,36.78,35.8,36.6,2026-07-24,35.71,1.8851948674415777
600594,益佰制药,2026-07-27,52.1993921389984,57.073431766435,51.57048379997432,57.073431766435,34179895.0,121261388.0,0.04357491178857969,3.32,3.63,3.28,3.63,2026-07-24,3.3,15.722708475601928
600595,中孚实业,2026-07-27,50.32647931646414,50.89013588480854,49.682300381213395,50.48752405027682,90731794.0,567371992.0,0.022638209094088847,6.25,6.32,6.17,6.27,2026-07-24,6.26,8.052236690634262
600596,新安股份,2026-07-27,129.56788325088067,133.6790443366302,129.30264705180005,133.41380813754958,28944428.0,288638312.0,0.02144671850123466,9.77,10.08,9.75,10.06,2026-07-24,9.84,13.261809954030774
600597,光明乳业,2026-07-27,17.58429356573155,17.87870335145917,17.503999987805834,17.691351669632503,7964546.0,52779755.0,0.005777877335589865,6.57,6.68,6.54,6.61,2026-07-24,6.55,2.676452597523828
600598,北大荒,2026-07-27,34.392525375869575,35.12118057451088,34.275940544086964,35.06288815861957,18261764.0,217959705.0,0.010272807780267262,11.8,12.05,11.76,12.03,2026-07-24,11.91,2.9146207945652183
600600,青岛啤酒,2026-07-27,99.61726921496843,100.62861204963816,98.84939780345994,99.411254933832,4833562.0,257650527.0,0.006816225027040084,53.19,53.73,52.78,53.08,2026-07-24,52.82,1.8728571012402413
600601,方正科技,2026-07-27,53810.201954904376,55665.726160245904,52802.917386290406,55665.726160245904,126953294.0,1301465682.0,0.030442293925885218,10.15,10.5,9.96,10.5,2026-07-24,10.15,5301.497729547229
600602,云赛智联,2026-07-27,9287.29820613195,9601.204555756458,9097.871960668886,9595.792377314656,44826792.0,777984356.0,0.041726396014219416,17.16,17.74,16.81,17.73,2026-07-24,17.33,541.2178441801836
600603,广汇物流,2026-07-27,755.3368486812493,792.9157963768339,753.4579012964701,789.1579016072756,14026519.0,57943560.0,0.01192789273803687,4.02,4.22,4.01,4.2,2026-07-24,4.02,187.89473847792274
600604,市北高新,2026-07-27,218.13702735862563,222.39335959976955,216.5409027681967,221.86131806962658,6705102.0,27867079.0,0.004763990986384811,4.1,4.18,4.07,4.17,2026-07-24,4.1,53.20415301429894
600605,汇通能源,2026-07-27,1418.4770085206228,1474.72895857234,1418.4770085206228,1440.5138549326357,2168920.0,54086921.0,0.010514322574706544,24.46,25.43,24.46,24.84,2026-07-24,24.85,57.99170108424459
600606,绿地控股,2026-07-27,199.54080053902496,204.40764933265973,197.91851760781338,202.78536640144813,79067776.0,98670219.0,0.005625910615123806,1.23,1.26,1.22,1.25,2026-07-24,1.23,162.22829312115852
600609,金杯汽车,2026-07-27,88.1137148827756,90.35865029380173,87.27186410364078,89.79741644104519,13112013.0,41813689.0,0.010050919462060668,3.14,3.22,3.11,3.2,2026-07-24,3.13,28.06169263782662
600610,中毅达,2026-07-27,475.05677353958146,497.93270163940076,475.05677353958146,497.17017070274005,17533362.0,113003015.0,0.02473924275225385,6.23,6.53,6.23,6.52,2026-07-24,6.36,76.25309366606443
600611,大众交通,2026-07-27,3846.5698203075585,3974.788814317811,3816.9808216898086,3964.9258147785604,50864842.0,202856288.0,0.032536499438830156,3.9,4.03,3.87,4.02,2026-07-24,3.98,986.2999539250151
600612,老凤祥,2026-07-27,5996.875606670133,6090.49398874775,5965.0806844550925,6039.268836290185,1570803.0,53747496.0,0.004953501412114164,33.95,34.48,33.77,34.19,2026-07-24,33.85,176.6384567502248
600613,神奇制药,2026-07-27,141.06093723890626,146.17402025183037,140.15862847191966,144.97094189584823,8368600.0,40208288.0,0.017459318167622882,4.69,4.86,4.66,4.82,2026-07-24,4.7,30.076958899553574
600615,鑫源智造,2026-07-27,879.102453851643,893.7367396470331,866.5587803127372,885.374290621096,1214900.0,10254873.0,0.005393178421692927,8.41,8.55,8.29,8.47,2026-07-24,8.31,104.53061282421439
600616,金枫酒业,2026-07-27,1480.023448399135,1507.2154802594864,1468.3697204589841,1499.446328299386,4453330.0,17160578.0,0.006656647308812887,3.81,3.88,3.78,3.86,2026-07-24,3.8,388.4575980050223
600617,国新能源,2026-07-27,216.76986067262408,231.0147372311108,216.15051821355945,231.0147372311108,54409991.0,199782970.0,0.030644146906230765,3.5,3.73,3.49,3.73,2026-07-24,3.39,61.93424590646402
600618,氯碱化工,2026-07-27,268.21894868671745,279.5123781051056,268.21894868671745,279.2300423696459,5438554.0,53317005.0,0.007252952862038393,9.5,9.9,9.5,9.89,2026-07-24,9.72,28.23357354597026
600619,海立股份,2026-07-27,718.6403609056266,743.1326757827095,713.8613726369275,741.9379287155348,14258224.0,175946313.0,0.018067257135091636,12.03,12.44,11.95,12.42,2026-07-24,12.03,59.73735335873871
600620,天宸股份,2026-07-27,1675.2087495358755,1736.4435341142105,1666.460923167542,1723.32179456171,5163200.0,20289630.0,0.007519108911963984,3.83,3.97,3.81,3.94,2026-07-24,3.82,437.3913184166777
600621,华鑫股份,2026-07-27,5117.456678149694,5241.395082073631,5097.466613000671,5225.403029954414,7359400.0,95588434.0,0.006936944963104001,12.8,13.11,12.75,13.07,2026-07-24,12.81,399.8013029804448
600622,光大嘉宝,2026-07-27,578.9074968006647,593.4529112931438,567.2711652066815,587.6347454961522,13845395.0,27930461.0,0.00923219962102425,1.99,2.04,1.95,2.02,2026-07-24,1.99,290.9082898495803
600623,华谊集团,2026-07-27,255.78031766601714,263.18025138465663,254.49337267147115,257.38899890919964,23943405.0,192443335.0,0.012762772766851537,7.95,8.18,7.91,8.0,2026-07-24,8.06,32.173624863649955
600626,申达股份,2026-07-27,36.3286881829048,37.593294417119836,36.3286881829048,37.478330214009375,8142010.0,26345856.0,0.007348525676996086,3.16,3.27,3.16,3.26,2026-07-24,3.18,11.49642031104582
600628,新世界,2026-07-27,285.6956882509007,292.6638757692153,285.19796057102104,291.17069272957644,5924100.0,34565553.0,0.009158023549092108,5.74,5.88,5.73,5.85,2026-07-24,5.73,49.772767987961785
600629,华建集团,2026-07-27,110.22925178304136,116.25888606860944,108.91026928307335,115.03411660435343,18793392.0,227600660.0,0.016344853252570738,11.7,12.34,11.56,12.21,2026-07-24,11.8,9.421303571200117
600630,龙头股份,2026-07-27,19.057651314103023,19.563326970861976,18.931232399913284,19.531722242314537,12092466.0,74093874.0,0.028462129986297637,6.03,6.19,5.99,6.18,2026-07-24,6.02,3.160472854743453
600633,浙数文化,2026-07-27,86.83146353306874,89.25789165574932,85.79156576620565,89.17123350851071,17725410.0,180690361.0,0.013978209002223333,10.02,10.3,9.9,10.29,2026-07-24,10.1,8.665814723859157
600635,大众公用,2026-07-27,731.5988288789614,751.734576462786,716.4970181910927,750.0565974974671,30274335.0,133882479.0,0.012516305274616096,4.36,4.48,4.27,4.47,2026-07-24,4.41,167.79789653187186
600637,东方明珠,2026-07-27,45.05458184447896,46.241790852238616,44.81714004292703,46.12306995146265,24253830.0,186667822.0,0.007214322650947692,7.59,7.79,7.55,7.77,2026-07-24,7.58,5.936045038798282
600638,新黄浦,2026-07-27,92.51551094890509,95.68385036496349,91.88184306569342,94.83895985401459,10142530.0,45232085.0,0.015061743998285136,4.38,4.53,4.35,4.49,2026-07-24,4.38,21.122262773722625
600639,浦东金桥,2026-07-27,73.2866682863161,74.08937002001069,72.72477707272988,73.60774897979393,3380081.0,30998560.0,0.003975458819965809,9.13,9.23,9.06,9.17,2026-07-24,9.07,8.027017336945903
600640,国脉文化,2026-07-27,99.45749382685678,103.00954717781595,98.54410867946727,102.80657270061828,5284011.0,52971911.0,0.006675512671104821,9.8,10.15,9.71,10.13,2026-07-24,9.77,10.148723859883344
600641,先导基电,2026-07-27,835.1421928339435,859.761517221449,790.553860887683,834.8686447851933,61724742.0,1849042431.0,0.06632576567063307,30.53,31.43,28.9,30.52,2026-07-24,30.52,27.354804875006334
600642,申能股份,2026-07-27,125.32061332931131,127.679589580216,122.81420106272509,127.23728153317138,27130840.0,231188282.0,0.005543905975800601,8.5,8.66,8.33,8.63,2026-07-24,8.53,14.743601568154272
600643,爱建集团,2026-07-27,36.27856581887496,37.445704665594796,36.08404267775499,37.34844309503481,13630164.0,51796362.0,0.008570534343360308,3.73,3.85,3.71,3.84,2026-07-24,3.73,9.726157055998648
600644,乐山电力,2026-07-27,98.16134279671364,106.98605840884883,96.96292462716443,102.19238573065195,60651245.0,563006518.0,0.10487473926625965,9.01,9.82,8.9,9.38,2026-07-24,9.39,10.894710632265665
600645,中源协和,2026-07-27,365.04334936354223,383.4297998974161,360.498384063034,381.36390657900336,9905189.0,181226450.0,0.02117533297575744,17.67,18.56,17.45,18.46,2026-07-24,17.8,20.658933184128024
600648,外高桥,2026-07-27,68.60878832792066,69.3430084170423,68.11930826850624,69.3430084170423,1570000.0,13272940.0,0.0013798914073099462,8.41,8.5,8.35,8.5,2026-07-24,8.41,8.15800099024027
600649,城投控股,2026-07-27,84.51400730527679,86.66875536688443,83.55634150011787,85.95050601301521,16559953.0,59398735.0,0.006612077429396899,3.53,3.62,3.49,3.59,2026-07-24,3.52,23.941645128973597
600650,锦江在线,2026-07-27,44.77214240978177,46.12322683213731,44.77214240978177,45.890281242076014,2866200.0,28100982.0,0.007338691749278264,9.61,9.9,9.61,9.85,2026-07-24,9.7,4.658911801225991
600651,飞乐音响,2026-07-27,28909.704333977617,30179.192348643308,28736.592331977758,30121.48834797668,18662851.0,96255873.0,0.007444213183234014,5.01,5.23,4.98,5.22,2026-07-24,5.04,5770.4000666622
600653,申华控股,2026-07-27,17153.257582720587,17369.021829044115,16937.493336397056,17153.257582720587,14508338.0,23133162.0,0.007454009821863607,1.59,1.61,1.57,1.59,2026-07-24,1.57,10788.212316176468
600654,中安科,2026-07-27,6546.191626149712,6640.043835843615,6428.876364032334,6616.580783420139,73451767.0,206039822.0,0.031695330266464546,2.79,2.83,2.74,2.82,2026-07-24,2.79,2346.305242347567
600655,豫园股份,2026-07-27,1316.0380553141115,1346.222414380949,1310.001183500744,1340.1855425675815,13037059.0,57614474.0,0.0033515614975563844,4.36,4.46,4.34,4.44,2026-07-24,4.36,301.8435906683742
600657,信达地产,2026-07-27,38.93075447285058,40.91870789274083,38.76509168785972,40.25605675277741,21427400.0,52086517.0,0.0075134334391257634,2.35,2.47,2.34,2.43,2026-07-24,2.36,16.566278499085353
600658,电子城,2026-07-27,26.27858440872663,27.516080073403504,26.132996683470523,27.443286210775454,11418175.0,42638091.0,0.01020769502599599,3.61,3.78,3.59,3.77,2026-07-24,3.61,7.27938626280516
600660,福耀玻璃,2026-07-27,5213.933189153494,5265.556290036203,5162.310088270787,5188.590939629256,12858495.0,711486729.0,0.006419661879150556,55.55,56.1,55.0,55.28,2026-07-24,55.67,93.86018342310521
600661,昂立教育,2026-07-27,38.54127530251081,40.55078029822995,38.4382237642688,40.19009991438293,7748252.0,59913195.0,0.02703990101791726,7.48,7.87,7.46,7.8,2026-07-24,7.51,5.1525769121003755
600662,外服控股,2026-07-27,292.28008701790515,299.2391367088076,290.8882770797246,297.84732677062715,14801604.0,62981104.0,0.006501164258694334,4.2,4.3,4.18,4.28,2026-07-24,4.19,69.59049690902503
600663,陆家嘴,2026-07-27,101.21174013997059,103.70175400737942,100.33291171617923,103.70175400737942,12628705.0,88806288.0,0.004001891936150601,6.91,7.08,6.85,7.08,2026-07-24,6.87,14.647140396522516
600664,哈药股份,2026-07-27,55.519896973948256,59.854164023959086,53.043172945370635,58.203014671574,515957295.0,2852255955.0,0.2048660995602147,5.38,5.8,5.14,5.64,2026-07-24,5.4,10.31968345240674
600665,天地源,2026-07-27,15.047945128994618,15.7945988949371,15.047945128994618,15.737163989864602,10172533.0,27584991.0,0.011772095684102648,2.62,2.75,2.62,2.74,2026-07-24,2.67,5.743490507249854
600666,奥瑞德,2026-07-27,63.06868431071084,66.48323091352003,62.86782862819265,66.08151954848366,117502560.0,381092697.0,0.046961135849880556,3.14,3.31,3.13,3.29,2026-07-24,3.18,20.08556825181874
600667,太极实业,2026-07-27,97.1705319597646,103.77210564475456,92.65366575424514,103.77210564475456,199990977.0,3435951026.0,0.09561890699772442,16.78,17.92,16.0,17.92,2026-07-24,16.29,5.790854109640321
600668,尖峰集团,2026-07-27,75.21631354916462,77.37150877979971,74.46199521844234,76.50943068754567,5953410.0,42181445.0,0.014418506745960263,6.98,7.18,6.91,7.1,2026-07-24,7.0,10.775976153175447
600671,天目药业,2026-07-27,55.12438247276953,57.85189098053677,54.55017015534485,56.99057250439975,3362300.0,65887820.0,0.02761177041082673,19.2,20.15,19.0,19.85,2026-07-24,19.33,2.871061587123413
600673,东阳光,2026-07-27,439.3783474896342,477.9203077957425,435.2158157765745,474.0661117651316,53761970.0,1616654484.0,0.017911355138740922,28.5,31.0,28.23,30.75,2026-07-24,28.31,15.416784122443305
600674,川投能源,2026-07-27,362.395688479734,365.1051889543489,359.0088128864654,360.5893548299908,38320299.0,613772732.0,0.00786120816552551,16.05,16.17,15.9,15.97,2026-07-24,16.08,22.57917062179028
600675,中华企业,2026-07-27,148.04416294041263,152.25394956431063,147.34253183642966,151.55231846032765,23479223.0,50558987.0,0.0038833439403210736,2.11,2.17,2.1,2.16,2026-07-24,2.12,70.16311039829984
600676,交运股份,2026-07-27,97.04946671656555,104.03581330336056,95.98632701857501,103.42830490450882,13833999.0,91404471.0,0.01345074760182312,6.39,6.85,6.32,6.81,2026-07-24,6.56,15.187709971293513
600679,上海凤凰,2026-07-27,22.95102652828095,23.385995815884936,22.74633509882025,23.258063672471998,1482800.0,13449953.0,0.004314299613100606,8.97,9.14,8.89,9.09,2026-07-24,8.96,2.5586428682587457
600681,百川能源,2026-07-27,35.08096438541747,36.04062602514013,34.97433531433717,35.933996954059836,14671340.0,49140642.0,0.010950323886967355,3.29,3.38,3.28,3.37,2026-07-24,3.31,10.662907108029625
600682,南京新百,2026-07-27,72.38180217337109,74.98645035764011,71.01093470796631,74.5751901180187,15823300.0,85572113.0,0.013593196451962077,5.28,5.47,5.18,5.44,2026-07-24,5.27,13.708674654047552
600683,京投发展,2026-07-27,49.163615715752194,54.574913016009475,49.09762428526125,54.574913016009475,17778600.0,141351407.0,0.023999915861386396,7.45,8.27,7.44,8.27,2026-07-24,7.52,6.599143049094254
600684,珠江股份,2026-07-27,43.77404261821089,47.72870690459132,43.63767488419778,46.63776503248637,33584674.0,114041501.0,0.03935116531425899,3.21,3.5,3.2,3.42,2026-07-24,3.2,13.636773401311805
600685,中船防务,2026-07-27,52.471838275494775,54.55322813172226,52.409396579807954,54.136950160476765,11913043.0,308347705.0,0.014502718261345079,25.21,26.21,25.18,26.01,2026-07-24,25.74,2.08138985622748
600686,金龙汽车,2026-07-27,143.10546776682207,146.78532265225465,142.42401315840863,146.2401589655239,12270400.0,131223052.0,0.01711239690582415,10.5,10.77,10.45,10.73,2026-07-24,10.5,13.62909216826877
600688,上海石化,2026-07-27,11.01392483952516,11.255989121712526,10.812204604369022,11.17530102765007,79314314.0,217953091.0,0.010822258473353157,2.73,2.79,2.68,2.77,2026-07-24,2.75,4.034404703122769
600689,上海三毛,2026-07-27,23.4615653633336,24.149363696460647,23.232299252291252,23.920097585418297,2529500.0,23698256.0,0.016619127115350598,9.21,9.48,9.12,9.39,2026-07-24,9.12,2.5474012338038654
600690,海尔智家,2026-07-27,1046.1025065896188,1060.5381437550689,1042.2530033454987,1052.3579493613138,36409130.0,796387525.0,0.005822639464735354,21.74,22.04,21.66,21.87,2026-07-24,21.76,48.1187905515004
600691,潞化科技,2026-07-27,22.977324191507602,23.787097731296416,22.673659114086796,23.787097731296416,29833656.0,69168258.0,0.012558440992161584,2.27,2.35,2.24,2.35,2026-07-24,2.3,10.122169247360176
600692,亚通股份,2026-07-27,72.7957088105285,75.53754341732807,72.7957088105285,74.57790130494823,5831600.0,31684615.0,0.02286807645662708,5.31,5.51,5.31,5.44,2026-07-24,5.32,13.709173033997835
600693,东百集团,2026-07-27,96.7773079360082,101.98038900783659,96.38707685562106,101.85031198104087,27023378.0,208676005.0,0.031098787597874333,7.44,7.84,7.41,7.83,2026-07-24,7.53,13.007702679570993
600694,大商股份,2026-07-27,127.27751327212766,129.46253495920283,126.36708756917969,128.64315182654963,3107272.0,43914536.0,0.008203073942553905,13.98,14.22,13.88,14.13,2026-07-24,14.03,9.104257029479804
600697,欧亚集团,2026-07-27,33.45018800562119,34.31341866383077,33.342284173344986,34.13357894337044,3641200.0,34420648.0,0.02343476243743283,9.3,9.54,9.27,9.49,2026-07-24,9.32,3.5967944092065793
600698,湖南天雁,2026-07-27,39.38666121377663,43.44651706196591,38.65952285290691,42.90116329131362,92962328.0,640018169.0,0.11194187863109074,6.5,7.17,6.38,7.08,2026-07-24,6.84,6.05948634058102
600699,均胜电子,2026-07-27,88.75406012302874,92.80087737216165,88.06426172829016,92.70890425286318,28535190.0,567797347.0,0.020445505376758454,19.3,20.18,19.15,20.16,2026-07-24,19.19,4.598655964923768
600702,舍得酒业,2026-07-27,114.22081060550234,117.79021093692428,113.65536104804934,117.08339899010807,5906985.0,194670783.0,0.017794757064422774,32.32,33.33,32.16,33.13,2026-07-24,32.59,3.534059734081137
600703,三安光电,2026-07-27,254.25265650673086,267.48594323617675,252.51714349303305,267.48594323617675,148750600.0,1803383075.0,0.029815602654481677,11.72,12.33,11.64,12.33,2026-07-24,11.77,21.69391267122277
600704,物产中大,2026-07-27,123.0045180621798,124.52309235924373,123.0045180621798,124.0169009268891,36728125.0,179684887.0,0.007102465159068369,4.86,4.92,4.86,4.9,2026-07-24,4.87,25.309571617732466
600706,曲江文旅,2026-07-27,19.73268175034255,20.68222433081016,19.6139889277841,20.622877919530936,8126200.0,55688597.0,0.031989111845114,6.65,6.97,6.61,6.95,2026-07-24,6.61,2.9673205639612856
600707,彩虹股份,2026-07-27,20.04769921740988,21.183349230881653,19.60734513055348,21.113819638220114,100477186.0,896165534.0,0.028006252945693387,8.65,9.14,8.46,9.11,2026-07-24,8.68,2.317653088717905
600708,光明地产,2026-07-27,37.305571314703734,38.33469052338521,37.17693141361855,38.07741072121485,9556154.0,28156917.0,0.004294364561825302,2.9,2.98,2.89,2.96,2026-07-24,2.91,12.863990108518529
600710,苏美达,2026-07-27,86.35575288826288,89.0026725170219,86.35575288826288,87.76192894104112,8126998.0,86585636.0,0.006219247384805066,10.44,10.76,10.44,10.61,2026-07-24,10.52,8.271623839871925
600711,盛屯矿业,2026-07-27,102.42087578773766,102.89548596284303,99.0986045620001,101.75642154259016,81933741.0,871946677.0,0.026510527009934164,10.79,10.84,10.44,10.72,2026-07-24,10.58,9.49220350210729
600712,南宁百货,2026-07-27,27.815105427228488,28.824270249985076,27.56281422153934,28.635051845718216,5530539.0,25040302.0,0.010267438458474425,4.41,4.57,4.37,4.54,2026-07-24,4.42,6.307280142228682
600713,南京医药,2026-07-27,83.56920175052785,85.27818338141799,83.22740542434983,85.27818338141799,10122107.0,50250878.0,0.007847727858548304,4.89,4.99,4.87,4.99,2026-07-24,4.89,17.0898163089014
600714,金瑞矿业,2026-07-27,34.37861623508514,35.81105857821368,34.352089525027196,35.758005158097816,12207500.0,162218751.0,0.04236122520746182,12.96,13.5,12.95,13.48,2026-07-24,13.13,2.6526710057936063
600715,文投控股,2026-07-27,6.517368391940467,6.7870526012621415,6.472421023720188,6.7870526012621415,22864800.0,34014744.0,0.007988059579564655,1.45,1.51,1.44,1.51,2026-07-24,1.45,4.4947368220279085
600716,凤凰股份,2026-07-27,14.639332587553909,15.506135174974865,14.543021188951581,15.217200979167881,7109800.0,22453368.0,0.007595448495486816,3.04,3.22,3.02,3.16,2026-07-24,3.04,4.815569930116418
600717,天津港,2026-07-27,148.24576402587198,149.99807802144966,147.19437562852536,149.29715242321856,19676325.0,83645332.0,0.006799004126687532,4.23,4.28,4.2,4.26,2026-07-24,4.23,35.046279911553654
600718,东软集团,2026-07-27,144.20452959769938,147.2574274845747,142.76787176858159,147.2574274845747,15014374.0,122188865.0,0.012549219690501993,8.03,8.2,7.95,8.2,2026-07-24,8.02,17.958222863972527
600719,大连热电,2026-07-27,35.82107014245282,37.96283816292832,35.60689334040527,37.909293962416434,14963413.0,104086336.0,0.03698326197060007,6.69,7.09,6.65,7.08,2026-07-24,6.82,5.354420051188762
600720,中交设计,2026-07-27,68.01437464576456,68.81611580072446,67.74712759411126,68.28162169741786,7304400.0,37422589.0,0.0072388897058676405,5.09,5.15,5.07,5.11,2026-07-24,5.08,13.362352582664943
600721,百花医药,2026-07-27,9.653902472021334,10.595746615633173,9.418441436118377,10.301420320754474,24716515.0,171599618.0,0.0642742608467739,6.56,7.2,6.4,7.0,2026-07-24,6.6,1.4716314743934962
600722,金牛化工,2026-07-27,55.152410408307375,55.152410408307375,55.152410408307375,55.152410408307375,14798600.0,152277594.0,0.02175242098980539,10.29,10.29,10.29,10.29,2026-07-24,11.43,5.3598066480376465
600724,宁波富达,2026-07-27,95.94163960723297,99.99836855468467,95.53596671248779,99.79553210731208,8180700.0,39669579.0,0.005661608729410457,4.73,4.93,4.71,4.92,2026-07-24,4.71,20.283644737258555
600725,云维股份,2026-07-27,24.870040805560713,25.599129949697673,24.62701109084839,25.599129949697673,12397780.0,38697219.0,0.010059295560946717,3.07,3.16,3.04,3.16,2026-07-24,3.12,8.100990490410656
600726,华电能源,2026-07-27,18.961820549737674,21.979964997100762,18.961820549737674,20.503698691325337,289336919.0,1787858171.0,0.03870553924923881,5.78,6.7,5.78,6.25,2026-07-24,6.28,3.280591790612054
600727,鲁北化工,2026-07-27,40.385690905519155,41.712649320986216,39.98183399646396,41.53956778853399,14459200.0,102998066.0,0.027354637411956022,7.0,7.23,6.93,7.2,2026-07-24,7.04,5.769384415074165
600728,佳都科技,2026-07-27,56.60918666001393,57.775050916169825,56.220565241295304,57.775050916169825,25280996.0,112013638.0,0.011854545981670019,4.37,4.46,4.34,4.46,2026-07-24,4.37,12.954047290621038
600729,重百集团,2026-07-27,91.22293321001926,93.07517550869987,90.66726052041508,91.77860589962344,3181273.0,63310344.0,0.01652756647756098,19.7,20.1,19.58,19.82,2026-07-24,19.76,4.630605746701486
600731,湖南海利,2026-07-27,46.90895676217741,48.23406853512028,46.82061597731455,47.88070539566885,5821590.0,31585079.0,0.010747233345560357,5.31,5.46,5.3,5.42,2026-07-24,5.36,8.834078486285765
600732,爱旭股份,2026-07-27,77.26223247949696,79.5106043241384,76.85343759865304,78.89741200287256,17148298.0,197434361.0,0.008145479582873268,11.34,11.67,11.28,11.58,2026-07-24,11.35,6.813248014064987
600733,北汽蓝谷,2026-07-27,38.98279218284507,40.69542531221692,38.656576348678996,40.042993643884785,78944036.0,386088645.0,0.014209997493609874,4.78,4.99,4.74,4.91,2026-07-24,4.73,8.155395854151687
600736,苏州高新,2026-07-27,172.40580922115385,177.01867368192046,172.40580922115385,176.73036965312255,16349469.0,99610117.0,0.014200963890764246,5.98,6.14,5.98,6.13,2026-07-24,5.97,28.83040287979161
600737,中粮糖业,2026-07-27,175.8404783724488,180.62118806481786,174.3465065935835,180.47179088693133,21652948.0,258703927.0,0.010123648661245729,11.77,12.09,11.67,12.08,2026-07-24,11.84,14.939717788653256
600738,丽尚国潮,2026-07-27,28.44659020525614,29.236773266513254,28.288553593004718,29.07873665426183,7682500.0,28148671.0,0.010099699500778131,3.6,3.7,3.58,3.68,2026-07-24,3.61,7.90183061257115
600739,辽宁成大,2026-07-27,339.7531021425973,346.87852468514944,337.8098050855376,345.90687615661955,14188796.0,150555216.0,0.00932053310290267,10.49,10.71,10.43,10.68,2026-07-24,10.5,32.388284284327675
600740,山西焦化,2026-07-27,48.903713156608745,50.76807758779911,48.33006256239633,50.624664939246,29364025.0,101877695.0,0.011460826102683199,3.41,3.54,3.37,3.53,2026-07-24,3.45,14.341264855310483
600741,华域汽车,2026-07-27,1005.6654485005406,1010.8821568789297,990.5949576296391,991.7542261581699,18843990.0,324666011.0,0.005977050352530956,17.35,17.44,17.09,17.11,2026-07-24,17.35,57.963426426544125
600742,富维股份,2026-07-27,165.76424180222625,168.7823582496057,165.76424180222625,167.1572186240937,4182342.0,30206787.0,0.005628554803833047,7.14,7.27,7.14,7.2,2026-07-24,7.15,23.216280364457457
600743,华远控股,2026-07-27,26.439502545405563,28.402831942341617,26.439502545405563,27.879277436492004,33791809.0,71421504.0,0.014403391335167288,2.02,2.17,2.02,2.13,2026-07-24,2.05,13.088862646240377
600744,华银电力,2026-07-27,27.049498961217537,30.150477433290817,27.049498961217537,28.43186285840683,340856082.0,2594474960.0,0.16781645828530925,7.24,8.07,7.24,7.61,2026-07-24,7.53,3.736118641052146
600746,江苏索普,2026-07-27,49.965857391971916,53.194943413902074,49.28604980840767,52.68508772622889,29072837.0,177802266.0,0.024894476301831028,5.88,6.26,5.8,6.2,2026-07-24,6.02,8.497594794553047
600748,上实发展,2026-07-27,22.4653272087906,23.75099352495633,22.4653272087906,23.615660228517836,15952487.0,55415822.0,0.00864838334826482,3.32,3.51,3.32,3.49,2026-07-24,3.36,6.766664821924881
600749,西藏旅游,2026-07-27,40.804077181396984,41.76235475156616,40.49495538456822,41.515057314103146,5746701.0,76835896.0,0.025319709689644178,13.2,13.51,13.1,13.43,2026-07-24,13.1,3.0912179682876504
600750,华润江中,2026-07-27,531.0733008061943,543.7639953171564,526.9864669806302,537.7412928373777,3777605.0,94721848.0,0.006007399934578649,24.69,25.28,24.5,25.0,2026-07-24,24.69,21.50965171349511
600751,海航科技,2026-07-27,13.503699967254745,13.690602388946854,13.316797545562638,13.643876783523824,23223107.0,67337730.0,0.009025029459825326,2.89,2.93,2.85,2.92,2026-07-24,2.88,4.67256054230268
600754,锦江酒店,2026-07-27,61.58474606349968,63.6849959292516,61.31374608082202,63.14299596389627,25319637.0,469369973.0,0.027945260097135032,18.18,18.8,18.1,18.64,2026-07-24,17.63,3.3874997834708296
600755,厦门国贸,2026-07-27,170.44272343871708,172.23371527870358,169.8457261587216,171.33821935871035,10552824.0,60554406.0,0.004949361909230343,5.71,5.77,5.69,5.74,2026-07-24,5.71,29.84986399977532
600756,浪潮软件,2026-07-27,70.93340790236775,71.5471071776586,69.70600935178605,71.5471071776586,15317200.0,212139915.0,0.04726090383939243,13.87,13.99,13.63,13.99,2026-07-24,13.87,5.114160627423774
600757,长江传媒,2026-07-27,67.96279894156996,69.99549643917217,67.25577372501266,69.02333676640589,11401641.0,89200846.0,0.009395688685051603,7.69,7.92,7.61,7.81,2026-07-24,7.66,8.837815206966184
600758,辽宁能源,2026-07-27,8.558825015385096,9.059016087712797,8.392094657942529,9.003439301898608,52544299.0,166945219.0,0.039783881743193486,3.08,3.26,3.02,3.24,2026-07-24,3.14,2.778839290709447
600760,中航沈飞,2026-07-27,434.7226247255188,435.7174133404513,425.3716117451529,430.44503368130887,13506641.0,585027362.0,0.004773419217071851,43.7,43.8,42.76,43.27,2026-07-24,43.3,9.947886149325372
600761,安徽合力,2026-07-27,306.6230062995702,315.3576676066202,306.44103418900664,309.3525879580233,8451204.0,144429704.0,0.009488349260312445,16.85,17.33,16.84,17.0,2026-07-24,16.91,18.197211056354313
600763,通策医疗,2026-07-27,115.50701349884496,119.75082673554326,115.40434059795709,119.06634072962417,6729373.0,233334799.0,0.01504479484127489,33.75,34.99,33.72,34.79,2026-07-24,33.89,3.422430029595406
600764,中国海防,2026-07-27,152.58276699029125,155.39417475728152,151.8160194174757,155.39417475728152,8292349.0,149881291.0,0.011669020678522855,17.91,18.24,17.82,18.24,2026-07-24,18.18,8.519417475728154
600765,中航重机,2026-07-27,172.61611053750775,178.41390356319502,172.61611053750775,177.88683146995072,17243116.0,231528047.0,0.011106718802566723,13.1,13.54,13.1,13.5,2026-07-24,13.2,13.176802331107462
600768,宁波富邦,2026-07-27,44.41378158403313,44.96209987519403,43.93400307926734,44.96209987519403,3084999.0,40124719.0,0.023065895958943438,12.96,13.12,12.82,13.12,2026-07-24,12.66,3.4269893197556427
600769,祥龙电业,2026-07-27,73.99062728392148,79.16077981152468,72.78425836081406,79.16077981152468,13082100.0,174768307.0,0.03488772117344734,12.88,13.78,12.67,13.78,2026-07-24,12.92,5.744613919559121
600770,综艺股份,2026-07-27,101.91798791775402,105.38753644261374,101.70114113495029,105.38753644261374,24595500.0,118121524.0,0.018919615384615385,4.7,4.86,4.69,4.86,2026-07-24,4.69,21.684678280373195
600771,广誉远,2026-07-27,105.51448668089802,108.8212084857125,103.33505640045213,108.06968080280012,7974341.0,114205829.0,0.016291083396747317,14.04,14.48,13.75,14.38,2026-07-24,13.94,7.515276829123791
600773,西藏城投,2026-07-27,62.70901956788523,65.59941525939095,62.70901956788523,64.97106836993319,17612501.0,180143881.0,0.01850855833324265,9.98,10.44,9.98,10.34,2026-07-24,10.01,6.283468894577678
600774,汉商集团,2026-07-27,39.587645985359366,41.583661749327064,39.587645985359366,41.3840601729303,6089701.0,37591254.0,0.020651442433175154,5.95,6.25,5.95,6.22,2026-07-24,5.96,6.653385879892331
600775,南京熊猫,2026-07-27,12.430788072301015,14.076259417611617,12.4158292418891,14.076259417611617,37303133.0,342460172.0,0.05552395611416326,8.31,9.41,8.3,9.41,2026-07-24,8.55,1.4958830411914577
600776,东方通信,2026-07-27,57.915132816223,60.23982401128954,57.81405928600271,60.1892872461794,12431500.0,146708716.0,0.013003660217328187,11.46,11.92,11.44,11.91,2026-07-24,11.53,5.053676511014223
600778,友好集团,2026-07-27,20.081490705584294,20.590957700229136,19.82675720826187,20.548502117342068,6868300.0,32952302.0,0.022069317366384813,4.73,4.85,4.67,4.84,2026-07-24,4.68,4.245558288707039
600779,水井坊,2026-07-27,187.57439503767785,189.2448163663993,185.41676748807933,189.2448163663993,2175151.0,58851194.0,0.004461818935595988,26.95,27.19,26.64,27.19,2026-07-24,26.84,6.9600888696726475
600780,通宝能源,2026-07-27,70.00212986429769,71.54979600075325,68.57351496910793,71.07359103568999,12929685.0,76710813.0,0.011277502439477841,5.88,6.01,5.76,5.97,2026-07-24,6.1,11.905124126581239
600782,新钢股份,2026-07-27,39.24910364185183,39.962723708067315,38.82093160212254,39.67727568158112,29804765.0,82479568.0,0.00947490809162574,2.75,2.8,2.72,2.78,2026-07-24,2.75,14.272401324309756
600783,鲁信创投,2026-07-27,93.17597049156197,97.56303305160039,92.8485777632009,96.51537632084494,17326234.0,253335220.0,0.023276708089306136,14.23,14.9,14.18,14.74,2026-07-24,14.27,6.547854567221502
600784,鲁银投资,2026-07-27,53.13218994769738,54.71935351654751,52.37639777205445,53.887982123340294,9459302.0,67628149.0,0.014000251789279473,7.03,7.24,6.93,7.13,2026-07-24,7.03,7.557921756429214
600785,新华百货,2026-07-27,37.838377492581074,39.56278271685235,37.59203388911375,39.21790167199809,14031107.0,111247564.0,0.044418572131108267,7.68,8.03,7.63,7.96,2026-07-24,7.72,4.926872069346494
600787,中储股份,2026-07-27,153.10158806414393,155.14294257166583,152.08091081038296,154.46249106915852,14791900.0,66942050.0,0.006816293799864893,4.5,4.56,4.47,4.54,2026-07-24,4.5,34.022575125365314
600789,鲁抗医药,2026-07-27,20.90497303786421,21.428324240481118,20.585147302931656,21.341099040044963,24179033.0,176192281.0,0.023932570672498193,7.19,7.37,7.08,7.34,2026-07-24,7.1,2.907506681205036
600790,轻纺城,2026-07-27,41.573676145066365,42.5185324210906,41.4386966770629,42.248573485083675,9458272.0,29545391.0,0.006452674675033873,3.08,3.15,3.07,3.13,2026-07-24,3.07,13.497946800346222
600791,京能置业,2026-07-27,46.4803559999208,49.613863145982876,45.883497495908976,49.390041206978445,15551500.0,100590557.0,0.034382111657304315,6.23,6.65,6.15,6.62,2026-07-24,6.27,7.460731300147801
600792,云煤能源,2026-07-27,21.794125660059596,22.85725374103811,21.794125660059596,22.657917225854643,16613200.0,56044698.0,0.01496787706829551,3.28,3.44,3.28,3.41,2026-07-24,3.35,6.64455050611573
600793,宜宾纸业,2026-07-27,29.885547775753658,30.832368542004176,29.861270320208774,30.638148897645095,4156000.0,52138440.0,0.023492967671811065,12.31,12.7,12.3,12.62,2026-07-24,12.38,2.427745554488518
600794,XD保税科,2026-07-27,66.74363102343477,67.63652240836366,66.29718533097032,67.41329956213144,6587500.0,19840264.0,0.005488887356138793,2.99,3.03,2.97,3.02,2026-07-24,2.98,22.32228462322233
600795,国电电力,2026-07-27,1467.0554493307839,1482.0254028953836,1455.079486479104,1464.0614586178638,135027871.0,659824943.0,0.007570685961569584,4.9,4.95,4.86,4.89,2026-07-24,4.93,299.3990712919967
600796,钱江生化,2026-07-27,42.3535352227025,43.5350716130354,42.26264780806151,43.17152195447143,5612500.0,26601917.0,0.01801893552707364,4.66,4.79,4.65,4.75,2026-07-24,4.68,9.088741464099249
600797,浙大网新,2026-07-27,80.81853988257676,82.39607894935378,79.11965165681688,82.39607894935378,27584295.0,184786272.0,0.026845340231998135,6.66,6.79,6.52,6.79,2026-07-24,6.66,12.134915898284799
600798,宁波海运,2026-07-27,27.07771641298257,27.421560430925204,26.819833399525596,27.335599426439547,12982117.0,41084597.0,0.01075984169304124,3.15,3.19,3.12,3.18,2026-07-24,3.15,8.596100448565895
600800,渤海化学,2026-07-27,35.90310427269643,36.528593894171976,35.152516726925775,36.40349596987687,20290867.0,58439172.0,0.01828450438444221,2.87,2.92,2.81,2.91,2026-07-24,2.86,12.509792429510952
600801,华新建材,2026-07-27,256.26477743987107,259.3272150287797,249.77240975138486,255.4072949149767,12287902.0,254734214.0,0.009158473229164911,20.92,21.17,20.39,20.85,2026-07-24,21.2,12.249750355634372
600802,福建水泥,2026-07-27,16.133977218243444,16.801015036051957,16.133977218243444,16.71763530882589,5901800.0,23524588.0,0.012879041148861623,3.87,4.03,3.87,4.01,2026-07-24,3.9,4.168986361303215
600803,新奥股份,2026-07-27,127.62762262159745,131.95526955165758,126.86838631807815,130.74049146602667,10005524.0,171888780.0,0.003257296287849738,16.81,17.38,16.71,17.22,2026-07-24,17.21,7.592363035193187
600805,悦达投资,2026-07-27,50.833433140605266,52.33960893736394,50.833433140605266,51.96306498817427,5706206.0,23572661.0,0.006711009415011068,4.05,4.17,4.05,4.14,2026-07-24,4.09,12.551464972988954
600807,济高发展,2026-07-27,15.169089750579467,15.696710263643102,15.103137186446514,15.696710263643102,11554100.0,27186447.0,0.01468084997812707,2.3,2.38,2.29,2.38,2026-07-24,2.32,6.595256413295421
600808,马钢股份,2026-07-27,6.152627005564525,6.277174110940325,6.152627005564525,6.252264689865164,60182400.0,150258497.0,0.01008460274637194,2.47,2.52,2.47,2.51,2026-07-24,2.47,2.490942107516002
600809,山西汾酒,2026-07-27,900.1396158649687,905.4832112100238,886.5244277255132,900.7984152910714,8979546.0,1101785749.0,0.007360499462253902,122.97,123.7,121.11,123.06,2026-07-24,120.56,7.3199936233631675
600810,神马股份,2026-07-27,31.27378056958903,32.22755557893444,30.972588461374688,32.12715820952966,12451702.0,78966143.0,0.011521320697540914,6.23,6.42,6.17,6.4,2026-07-24,6.22,5.019868470239009
600812,华北制药,2026-07-27,21.349806472601575,21.942856652396063,21.21294873880285,21.76037967399776,16376630.0,78069842.0,0.009544990452083681,4.68,4.81,4.65,4.77,2026-07-24,4.67,4.561924459957602
600814,杭州解百,2026-07-27,42.770141781899966,43.664051497598834,42.495092638608,43.389002354306875,4785700.0,30149209.0,0.006510460259652397,6.22,6.35,6.18,6.31,2026-07-24,6.23,6.87622858229903
600815,厦工股份,2026-07-27,16.732415900921023,17.782050846735256,16.485442972494145,17.72030761462854,70288899.0,196747647.0,0.03961959173673772,2.71,2.88,2.67,2.87,2026-07-24,2.71,6.1743232106719645
600816,建元信托,2026-07-27,79.55775496113267,82.19867628764331,78.89752462950501,81.53844595601565,69097347.0,169553181.0,0.012634047270951625,2.41,2.49,2.39,2.47,2026-07-24,2.41,33.01151658138285
600817,宇通重工,2026-07-27,46.073391137538174,46.85429607207272,45.96927047960023,46.80223574310375,1769100.0,15858257.0,0.003341127938729391,8.85,9.0,8.83,8.99,2026-07-24,8.85,5.206032896896969
600819,耀皮玻璃,2026-07-27,17.303530736969527,17.90755542388633,17.232469009096963,17.90755542388633,6889100.0,34314669.0,0.008728588254865315,4.87,5.04,4.85,5.04,2026-07-24,4.87,3.5530863936282397
600820,隧道股份,2026-07-27,198.58537622081892,201.8587615431401,198.58537622081892,201.13134258262428,15721102.0,86715273.0,0.005000197681617043,5.46,5.55,5.46,5.53,2026-07-24,5.47,36.37094802579101
600821,金开新能,2026-07-27,30.136523397107513,33.50705561915243,30.136523397107513,32.91225581526215,146927662.0,955140809.0,0.07468398231616391,6.08,6.76,6.08,6.64,2026-07-24,6.32,4.956665032418999
600822,上海物贸,2026-07-27,21.413937568711045,21.938924425234283,21.413937568711045,21.773139102121682,1783800.0,14048875.0,0.004502863612244546,7.75,7.94,7.75,7.88,2026-07-24,7.78,2.7630887185433606
600824,益民集团,2026-07-27,112.93923658261875,115.63629297862158,111.59070838461733,114.96202887962087,6488294.0,22092712.0,0.006155718544811989,3.35,3.43,3.31,3.41,2026-07-24,3.35,33.71320495003545
600825,新华传媒,2026-07-27,60.85680455134463,62.85867312211255,60.85680455134463,62.59175731267683,6962727.0,32505953.0,0.006663611793361364,4.56,4.71,4.56,4.69,2026-07-24,4.58,13.345790471786104
600826,兰生股份,2026-07-27,70.52537771839415,73.56188703682501,70.3294738913986,73.17007938283393,4345672.0,32266141.0,0.0060007879107248675,7.2,7.51,7.18,7.47,2026-07-24,7.27,9.795191349776966
600827,百联股份,2026-07-27,68.72893458736837,69.93145968782031,68.54393072576039,69.65395389540834,9142152.0,68717387.0,0.005697997728716892,7.43,7.56,7.41,7.53,2026-07-24,7.44,9.250193080399512
600828,茂业商业,2026-07-27,42.053790087463554,44.03862973760933,41.80568513119533,43.914577259475216,17646800.0,61775891.0,0.010192448800461353,3.39,3.55,3.37,3.54,2026-07-24,3.4,12.405247813411078
600829,人民同泰,2026-07-27,84.06499516025227,93.21763368657558,83.66705435475996,93.21763368657558,12094926.0,110993569.0,0.020857326842728036,8.45,9.37,8.41,9.37,2026-07-24,8.52,9.94852013730796
600830,香溢融通,2026-07-27,89.4637832970985,91.32761211578806,88.53186888775373,90.97814421228377,2873300.0,22314891.0,0.006324358661266855,7.68,7.84,7.6,7.81,2026-07-24,7.66,11.648930116809701
600831,广电网络,2026-07-27,18.16276794204176,18.952453504739232,18.096960811816974,18.820839244289655,10320300.0,29319059.0,0.014516272121733655,2.76,2.88,2.75,2.86,2026-07-24,2.84,6.5807130224789
600833,第一医药,2026-07-27,91.2472746789728,94.32191110837297,91.04891103836634,93.33009290534066,3289900.0,30980940.0,0.014747204588006454,9.2,9.51,9.18,9.41,2026-07-24,9.23,9.91818203032313
600834,申通地铁,2026-07-27,36.96235336931468,37.50352984617141,36.69176513088632,37.44941219848574,1279101.0,8827992.0,0.0026794082192956184,6.83,6.93,6.78,6.92,2026-07-24,6.81,5.411764768567303
600835,上海机电,2026-07-27,117.58036734572188,120.34458469731283,117.51294741031722,120.07490495569418,4083680.0,72459863.0,0.005063432395834716,17.44,17.85,17.43,17.81,2026-07-24,17.44,6.741993540465704
600838,上海九百,2026-07-27,83.2942780547033,85.69214363506597,82.28465044191901,85.56594018346794,6687000.0,44992493.0,0.016680719805163804,6.6,6.79,6.52,6.78,2026-07-24,6.6,12.62034515980353
600839,四川长虹,2026-07-27,220.51104462807007,227.602517732495,219.83566623717243,227.26482853704618,61805177.0,412637844.0,0.013392357752643093,6.53,6.74,6.51,6.73,2026-07-24,6.6,33.76891954488056
600841,动力新科,2026-07-27,16.24171359716684,16.97031383330143,16.24171359716684,16.90959714695688,12143002.0,67015663.0,0.011642106380313889,5.35,5.59,5.35,5.57,2026-07-24,5.4,3.035834317227447
600843,上工申贝,2026-07-27,18.430211313990593,19.044551691123612,18.371702706644594,18.986043083777613,6579200.0,42451607.0,0.014021486128773002,6.3,6.51,6.28,6.49,2026-07-24,6.31,2.9254303673000943
600844,金煤科技,2026-07-27,18.727081017741813,20.39914182289733,18.727081017741813,20.19849452627867,98595295.0,293437501.0,0.11983909547726893,2.8,3.05,2.8,3.02,2026-07-24,3.02,6.688243220622076
600845,宝信软件,2026-07-27,271.67664164726085,281.3454136078693,271.67664164726085,281.3454136078693,11071476.0,194944809.0,0.005188001431189549,17.14,17.75,17.14,17.75,2026-07-24,17.46,15.85044583706306
600846,同济科技,2026-07-27,258.0629464952191,266.97784828323574,255.24771435163487,264.1626161396515,4420989.0,49500758.0,0.007076282528259951,11.0,11.38,10.88,11.26,2026-07-24,11.01,23.460267863201732
600847,万里股份,2026-07-27,19.919835206982164,21.80493180705755,19.919835206982164,21.80493180705755,3255900.0,35417456.0,0.021240493347789838,10.25,11.22,10.25,11.22,2026-07-24,10.2,1.9433985567787477
600848,上海临港,2026-07-27,23.773159538290418,24.217240974248522,23.6843432510988,24.09881925799303,6516828.0,52954159.0,0.0027222501315109803,8.03,8.18,8.0,8.14,2026-07-24,8.02,2.96054290638735
600850,电科数字,2026-07-27,137.19946511784897,141.7727806217773,136.28480201706333,141.1630052212535,8513391.0,117406931.0,0.010430028863782238,13.5,13.95,13.41,13.89,2026-07-24,13.62,10.162923342062887
600851,海欣股份,2026-07-27,154.4807640967466,161.1519981737991,153.22990770729925,158.8587614598123,7110100.0,53910471.0,0.009631591914079389,7.41,7.73,7.35,7.62,2026-07-24,7.45,20.847606490789016
600853,龙建股份,2026-07-27,10.09714262826102,10.361120213313596,10.09714262826102,10.26212861891888,7207064.0,22414777.0,0.00710968936737867,3.06,3.14,3.06,3.11,2026-07-24,3.06,3.299719813157196
600854,春兰股份,2026-07-27,27.933475387809207,28.692162373650937,27.79553229947435,28.554219285316076,5653400.0,23346852.0,0.010883255517883123,4.05,4.16,4.03,4.14,2026-07-24,4.06,6.897154416743014
600855,航天长峰,2026-07-27,18.88587580417278,19.768549011951578,18.636062632159913,19.618661108743858,7707400.0,90217022.0,0.016481491067841865,11.34,11.87,11.19,11.78,2026-07-24,11.39,1.6654211467524498
600857,宁波中百,2026-07-27,104.4501553695099,106.18069048805799,97.8370390236297,103.33766850758613,6646900.0,109248898.0,0.029631340942130064,16.9,17.18,15.83,16.72,2026-07-24,16.82,6.18048256624319
600858,银座股份,2026-07-27,31.55548918789729,32.34258755766343,31.55548918789729,32.1994787631605,7169901.0,32213908.0,0.013853595411914901,4.41,4.52,4.41,4.5,2026-07-24,4.44,7.155439725146778
600859,王府井,2026-07-27,46.657156924963964,47.87727086128624,46.31552502279372,47.58444351656889,14135511.0,137297730.0,0.012578001433500418,9.56,9.81,9.49,9.75,2026-07-24,9.52,4.880455745289117
600860,京城股份,2026-07-27,12.680513080371474,13.106605589792558,12.612338278864101,13.089561889415714,4157847.0,31661846.0,0.009363660078902481,7.44,7.69,7.4,7.68,2026-07-24,7.49,1.7043700376843378
600861,北京人力,2026-07-27,32.49814222968556,33.73616669557835,32.36918134782174,33.50403710822345,3661271.0,47206196.0,0.006467388708267812,12.6,13.08,12.55,12.99,2026-07-24,12.66,2.5792176372766322
600862,中航高科,2026-07-27,143.78411853998142,147.68996895872453,143.45863100508615,147.5272251912769,11327191.0,204225500.0,0.008131221608112341,17.67,18.15,17.63,18.13,2026-07-24,17.84,8.137188372381518
600863,华能蒙电,2026-07-27,105.59842805688803,110.24741545561896,104.49152629528542,109.8046547509779,145000968.0,710352135.0,0.022215943064874597,4.77,4.98,4.72,4.96,2026-07-24,4.88,22.138035232051998
600864,哈投股份,2026-07-27,56.946921007370115,58.35972629953769,56.72956634703664,58.25104896937096,23803913.0,126730343.0,0.011441050794086999,5.24,5.37,5.22,5.36,2026-07-24,5.25,10.867733016673686
600865,百大集团,2026-07-27,48.32182867726501,50.274862170087985,48.13282543602408,50.022857848433404,5593300.0,44105812.0,0.014866296253057581,7.67,7.98,7.64,7.94,2026-07-24,7.68,6.300108041364409
600866,星湖科技,2026-07-27,71.38185688917957,73.49086629726897,71.38185688917957,73.0041718184791,16248600.0,72743583.0,0.012939159835696067,4.4,4.53,4.4,4.5,2026-07-24,4.46,16.223149292995355
600867,通化东宝,2026-07-27,311.4115955893092,328.779557470425,311.0076894990507,325.14440265809844,27382985.0,219779421.0,0.013981305179821523,7.71,8.14,7.7,8.05,2026-07-24,7.79,40.390609025850736
600868,梅雁吉祥,2026-07-27,92.71257890401033,97.92533434439645,92.71257890401033,97.18065499576986,52971729.0,137530561.0,0.02790704942455142,2.49,2.63,2.49,2.61,2026-07-24,2.53,37.23396743132945
600869,远东股份,2026-07-27,169.93692116178624,178.9417308429135,166.81987165678063,178.71083828698715,84505727.0,1267835525.0,0.03807674429056263,14.72,15.5,14.45,15.48,2026-07-24,14.65,11.544627796317
600871,石化油服,2026-07-27,4.905113731649187,5.0928692811859975,4.858174844264984,5.0928692811859975,172624741.0,367393982.0,0.012742642918403876,2.09,2.17,2.07,2.17,2026-07-24,2.17,2.3469443692101373
600872,中炬高新,2026-07-27,216.08653269358965,221.66678930710546,216.08653269358965,220.83568725828397,10754200.0,198759510.0,0.013948596732283559,18.2,18.67,18.2,18.6,2026-07-24,18.37,11.872886411735696
600873,梅花生物,2026-07-27,80.41361309379548,81.87745313797865,80.02325574867994,81.584685129142,16896638.0,140444283.0,0.0060253858650163045,8.24,8.39,8.2,8.36,2026-07-24,8.25,9.7589336278878
600874,创业环保,2026-07-27,10.411534679775594,10.507053346562525,10.392430946418207,10.468845879847754,5950900.0,32594963.0,0.004836486128209015,5.45,5.5,5.44,5.48,2026-07-24,5.47,1.910373335738641
600875,东方电气,2026-07-27,86.36013905211765,88.6739646847197,85.78168264396714,88.5718841421049,35896543.0,922793343.0,0.015859800652399395,25.38,26.06,25.21,26.03,2026-07-24,25.58,3.402684753826543
600876,凯盛新能,2026-07-27,8.946312115587375,9.31729156535655,8.932043675211638,9.288754684605074,3261001.0,21019901.0,0.008241615732456643,6.27,6.53,6.26,6.51,2026-07-24,6.29,1.4268440375737441
600877,电科芯片,2026-07-27,55.62464946627136,58.80455690162987,54.81780728118039,58.04517602154426,24313928.0,292413179.0,0.020534380378921028,11.72,12.39,11.55,12.23,2026-07-24,11.89,4.746130500535099
600879,航天电子,2026-07-27,551.3303858209099,570.2115634175163,545.2884089899958,569.4563163136521,77790881.0,1160533223.0,0.023578000394916577,14.6,15.1,14.44,15.08,2026-07-24,14.62,37.762355193213004
600880,博瑞传播,2026-07-27,131.05490757989523,136.20875226000348,129.9505122913006,135.47248873427372,21654456.0,78880389.0,0.019811398161994932,3.56,3.7,3.53,3.68,2026-07-24,3.55,36.813176286487426
600881,亚泰集团,2026-07-27,90.96360190385052,97.10224988509196,90.40554299646494,95.98613207032079,93449201.0,158448347.0,0.028912387245196357,1.63,1.74,1.62,1.72,2026-07-24,1.64,55.8058907385586
600882,妙可蓝多,2026-07-27,51.7031887943508,53.88889211073006,50.5224065429735,53.56229276460443,11013996.0,231746448.0,0.021661750417142744,20.58,21.45,20.11,21.32,2026-07-24,20.43,2.512302662504898
600883,博闻科技,2026-07-27,34.01472066149368,35.50519355432909,33.74856478777308,34.81318828265551,4937190.0,32330635.0,0.020912498729287386,6.39,6.67,6.34,6.54,2026-07-24,6.41,5.323117474412157
600884,杉杉股份,2026-07-27,425.6383799908058,441.8367636827636,424.60444060621273,437.35635968286033,61143191.0,770377744.0,0.033318547369319024,12.35,12.82,12.32,12.69,2026-07-24,12.31,34.46464615310168
600885,宏发股份,2026-07-27,281.60273355820453,288.6468973412196,280.45600922143467,285.53435985570127,15005228.0,521410462.0,0.009695840747122209,34.38,35.24,34.24,34.86,2026-07-24,34.15,8.19088811978489
600886,国投电力,2026-07-27,797.4784117346776,802.8595076303232,786.1781103538218,792.097315839032,45438748.0,670290200.0,0.006095740810851815,14.82,14.92,14.61,14.72,2026-07-24,14.82,53.81095895645598
600887,伊利股份,2026-07-27,2810.1501811344942,2810.1501811344942,2712.097427969445,2718.356114341682,107391351.0,2822807869.0,0.017062686709335754,26.94,26.94,26.0,26.06,2026-07-24,27.04,104.31143953728635
600888,新疆众和,2026-07-27,128.6470252656776,133.48779132470537,127.91357586279462,133.48779132470537,44861884.0,400007900.0,0.028885641537666117,8.77,9.1,8.72,9.1,2026-07-24,8.77,14.668988057659933
600893,航发动力,2026-07-27,127.24699585482217,129.71673766312838,126.8046540384091,129.5692903909907,21689566.0,757712348.0,0.008138292939155533,34.52,35.19,34.4,35.15,2026-07-24,34.6,3.686181803442125
600894,广日股份,2026-07-27,35.896514960442595,36.470094427187355,35.80091838265181,36.03990982712879,2712164.0,20500710.0,0.003216725219603386,7.51,7.63,7.49,7.54,2026-07-24,7.48,4.779828889539627
600895,张江高科,2026-07-27,589.2991393625089,622.655694420764,588.6450892633273,615.2431266300407,17551533.0,486436466.0,0.011333151308472381,27.03,28.56,27.0,28.22,2026-07-24,27.4,21.80166997271583
600897,厦门空港,2026-07-27,111.37495215878003,112.29794899987489,111.14420294850632,111.75953417590289,967600.0,14046520.0,0.0023207510061544513,14.48,14.6,14.45,14.53,2026-07-24,14.45,7.691640342457185
600900,长江电力,2026-07-27,109.94420492484929,109.94420492484929,106.73828471263242,106.92686825452753,138719264.0,3951796879.0,0.0056693652807123,29.15,29.15,28.3,28.35,2026-07-24,28.9,3.7716708379022057
600901,江苏金租,2026-07-27,13.78711899109357,13.934913528517235,13.618210948323663,13.829346001786044,31741935.0,207223053.0,0.0054817711358900205,6.53,6.6,6.45,6.55,2026-07-24,6.53,2.1113505346238237
600903,贵州燃气,2026-07-27,8.376530423461183,8.636491712465153,8.347645835794077,8.622049418631597,28219353.0,166892099.0,0.02424374054063286,5.8,5.98,5.78,5.97,2026-07-24,5.92,1.4442293833553765
600905,三峡能源,2026-07-27,4.07546060620136,4.11791332084929,4.064847427539377,4.086073784863342,98458943.0,378826397.0,0.0034441075957952726,3.84,3.88,3.83,3.85,2026-07-24,3.86,1.0613178661982707
600906,财达证券,2026-07-27,7.345330165923732,7.387911790074015,7.089840421022037,7.334684759886161,42728538.0,291640552.0,0.020114789091479734,6.9,6.94,6.66,6.89,2026-07-24,6.95,1.0645406037570626
600908,无锡银行,2026-07-27,7.239099301181578,7.306377175727874,7.212188151363059,7.252554876090836,15866284.0,85659434.0,0.007935869300362783,5.38,5.43,5.36,5.39,2026-07-24,5.38,1.3455574909259438
600909,华安证券,2026-07-27,10.975619025876705,10.975619025876705,10.18447028602518,10.24725986855308,306772771.0,2515224078.0,0.061058915746861134,8.74,8.74,8.11,8.16,2026-07-24,9.01,1.2557916505579754
600916,中国黄金,2026-07-27,8.246451716269219,8.382382239064864,8.22379662913661,8.325744521233345,22421840.0,164361530.0,0.013346333333333333,7.28,7.4,7.26,7.35,2026-07-24,7.2,1.132754356630387
600917,重庆燃气,2026-07-27,5.568965413104529,5.627586101663524,5.522068862257332,5.604137826239926,3219500.0,15353811.0,0.002062407430288643,4.75,4.8,4.71,4.78,2026-07-24,4.75,1.1724137711799008
600918,中泰证券,2026-07-27,5.763683123885541,5.836905958490258,5.732301909054949,5.815985148603195,32552883.0,180549348.0,0.00713437172911657,5.51,5.58,5.48,5.56,2026-07-24,5.51,1.0460404943530928
600919,江苏银行,2026-07-27,19.11915797183386,19.202140428308834,18.936596567588918,19.052772006653882,79077666.0,908532317.0,0.0043090985699390065,11.52,11.57,11.41,11.48,2026-07-24,11.57,1.659649129499467
600925,苏能股份,2026-07-27,4.7075631567741505,4.751252838043516,4.663873475504785,4.729407997408834,7117648.0,30702813.0,0.004431776262589356,4.31,4.35,4.27,4.33,2026-07-24,4.32,1.0922420317341417
600926,杭州银行,2026-07-27,40.736772224395324,41.36029424823811,40.26913070651324,41.178433657950634,42203393.0,664355241.0,0.00582195863783272,15.68,15.92,15.5,15.85,2026-07-24,15.74,2.5980084326782733
600927,永安期货,2026-07-27,13.159037231425291,13.41352304412006,13.08481220272265,13.381712317533212,4342113.0,54573552.0,0.002993642661261251,12.41,12.65,12.34,12.62,2026-07-24,12.44,1.0603575528948663
600928,西安银行,2026-07-27,4.452577961065279,4.515467480289364,4.427422153375645,4.465155864910096,21402798.0,76054255.0,0.004838590282544205,3.54,3.59,3.52,3.55,2026-07-24,3.53,1.257790384481717
600929,雪天盐业,2026-07-27,5.946344954184566,6.023857830682316,5.835612273473493,5.879905345757922,27152771.0,144743924.0,0.016555424389545936,5.37,5.44,5.27,5.31,2026-07-24,5.37,1.1073268071107198
600930,华电新能,2026-07-27,4.179265482282305,4.290308768043428,4.118696417321692,4.280213923883327,201144607.0,840751213.0,0.018722977553398388,4.14,4.25,4.08,4.24,2026-07-24,4.16,1.0094844160102185
600933,爱柯迪,2026-07-27,15.074641708229803,15.321960048755447,14.968648133718812,15.12174996356802,9805600.0,126215492.0,0.009995381855502868,12.8,13.01,12.71,12.84,2026-07-24,12.75,1.1777063834554533
600935,华塑股份,2026-07-27,2.274722091277445,2.3160806747552165,2.274722091277445,2.3160806747552165,9105600.0,20271336.0,0.0025961097382246547,2.2,2.24,2.2,2.24,2026-07-24,2.21,1.033964586944293
600936,北投科技,2026-07-27,4.8370114090276894,5.01149278249963,4.8370114090276894,4.982412553587639,82455373.0,419106476.0,0.049344152159659774,4.99,5.17,4.99,5.14,2026-07-24,4.96,0.9693409637330038
600938,中国海油,2026-07-27,37.527591456875136,39.06309028898951,36.85197197074481,38.755990522566634,107389567.0,3311492243.0,0.03591624314381271,30.55,31.8,30.0,31.55,2026-07-24,31.91,1.2283990656914938
600939,重庆建工,2026-07-27,2.6293117028981565,2.74784624688127,2.6185358352633283,2.7155186439767847,9332145.0,23513634.0,0.004905265653790392,2.44,2.55,2.43,2.52,2026-07-24,2.45,1.077586763482851
600941,中国移动,2026-07-27,115.75497889994462,116.59829993722646,115.03387830284858,115.36387349135015,7903929.0,748902355.0,0.008755217469431708,94.71,95.4,94.12,94.39,2026-07-24,94.69,1.2222044018577196
600955,维远股份,2026-07-27,12.058921932213366,12.524717199981263,12.058921932213366,12.514366194030865,3095800.0,37143005.0,0.005628727272727273,11.65,12.1,11.65,12.09,2026-07-24,11.77,1.0351005950397738
600956,新天绿能,2026-07-27,7.973846209556424,8.220923134359582,7.951384670937956,8.220923134359582,7390533.0,53582151.0,0.0031474675860378503,7.1,7.32,7.08,7.32,2026-07-24,7.15,1.12307693092344
600958,东方证券,2026-07-27,11.329453212323102,11.506673709499106,11.27881878455853,11.494015102557963,56655921.0,511086098.0,0.007584985738846726,8.95,9.09,8.91,9.08,2026-07-24,8.86,1.2658606941143131
600959,江苏有线,2026-07-27,4.224057177494508,4.29493062006992,4.195707800464344,4.280755931554838,26555190.0,79909057.0,0.005310275777883615,2.98,3.03,2.96,3.02,2026-07-24,2.98,1.4174688515082243
600960,渤海汽车,2026-07-27,16.31832825700999,16.91089324958298,16.044836721976303,16.865311327077364,11289200.0,41264449.0,0.011876923402317352,3.58,3.71,3.52,3.7,2026-07-24,3.53,4.55819225056145
600961,株冶集团,2026-07-27,34.182914567016205,34.79814700654547,33.80777283559592,34.73812432951822,32339732.0,740120237.0,0.04301569392315342,22.78,23.19,22.53,23.15,2026-07-24,22.5,1.5005669256811327
600962,国投中鲁,2026-07-27,41.851594599528944,46.18174553889968,41.851594599528944,46.18174553889968,8170493.0,187370663.0,0.03116011212387018,21.36,23.57,21.36,23.57,2026-07-24,21.43,1.9593443164573476
600963,岳阳林纸,2026-07-27,14.698674896914124,15.071974576835753,14.605349976933717,14.931987196865144,26928729.0,86175982.0,0.015321587123201901,3.15,3.23,3.13,3.2,2026-07-24,3.16,4.666245999020357
600966,博汇纸业,2026-07-27,32.90147749093561,33.63424981812794,32.828200258216384,33.48769535268948,9763050.0,44474685.0,0.007303056973528394,4.49,4.59,4.48,4.57,2026-07-24,4.49,7.327723271923299
600967,内蒙一机,2026-07-27,64.85105463872331,69.6698886002399,63.92212279072011,69.08930619523791,60650267.0,709486784.0,0.03563900403267629,11.17,12.0,11.01,11.9,2026-07-24,11.56,5.805824050019992
600968,海油发展,2026-07-27,4.148798918459943,4.227078143336546,4.003423215117681,4.204712650514659,49970900.0,186253502.0,0.004915925997582585,3.71,3.78,3.58,3.76,2026-07-24,3.79,1.1182746410943243
600969,郴电国际,2026-07-27,15.916124884065148,16.913479968184113,15.833011960388568,16.788810582669242,11944200.0,95228889.0,0.03227721761336758,7.66,8.14,7.62,8.08,2026-07-24,7.71,2.07782309191451
600970,中材国际,2026-07-27,118.75027315488599,120.28451441011707,118.13657665279355,119.82424203354773,16424700.0,128008493.0,0.006264634615860182,7.74,7.84,7.7,7.81,2026-07-24,7.71,15.34241255231085
600971,恒源煤电,2026-07-27,106.24859406952964,109.63950664621677,103.42283358895706,108.79177850204499,16727756.0,127855044.0,0.013939739931925144,7.52,7.76,7.32,7.7,2026-07-24,7.62,14.128802402862986
600973,宝胜股份,2026-07-27,50.26397247982492,52.597656916388225,49.994701198683,52.597656916388225,20300129.0,116996695.0,0.014802850099020375,5.6,5.86,5.57,5.86,2026-07-24,5.62,8.975709371397308
600975,新五丰,2026-07-27,34.04169457144074,34.762916914056014,33.82532786865617,34.402305742748375,8992830.0,42854726.0,0.00719621135236164,4.72,4.82,4.69,4.77,2026-07-24,4.73,7.2122234261527
600976,健民集团,2026-07-27,88.0213955405282,89.69615315783793,86.44325855498636,89.40629126253432,2143365.0,59096198.0,0.013981634535475209,27.33,27.85,26.84,27.76,2026-07-24,27.43,3.220687725595617
600977,中国电影,2026-07-27,13.363325180308403,13.884118118512793,13.296840975431246,13.795472512009917,36374743.0,448913555.0,0.01948299035886449,12.06,12.53,12.0,12.45,2026-07-24,12.08,1.1080700812859372
600979,广安爱众,2026-07-27,21.379129541611693,22.410830162922714,21.14986273687591,22.29619676055482,25178751.0,97087559.0,0.020277865541927117,3.73,3.91,3.69,3.89,2026-07-24,3.79,5.731670118394556
600980,北矿科技,2026-07-27,31.65790661639527,32.027095031746825,31.141042834903107,32.00863561097925,4497400.0,77281470.0,0.023762634539525596,17.15,17.35,16.87,17.34,2026-07-24,16.84,1.845942076757742
600981,苏豪汇鸿,2026-07-27,8.258839665499648,8.601372186188573,8.182721327568776,8.563313017223138,21392454.0,47739785.0,0.009539840061375617,2.17,2.26,2.15,2.25,2026-07-24,2.17,3.805916896543617
600982,宁波能源,2026-07-27,23.228439023138307,24.532322294707402,23.035271131053996,24.290862429602015,43295515.0,215575821.0,0.03873877081682543,4.81,5.08,4.77,5.03,2026-07-24,4.82,4.829197302107756
600983,惠而浦,2026-07-27,20.273370073176455,20.662174430744223,20.190054853697646,20.606630951091685,1516100.0,11223804.0,0.0019781091515436973,7.3,7.44,7.27,7.42,2026-07-24,7.34,2.7771739826269117
600984,建设机械,2026-07-27,9.36233749829444,9.796672743060677,9.241688819192708,9.676024063958945,71148148.0,282046752.0,0.05659957188846842,3.88,4.06,3.83,4.01,2026-07-24,4.0,2.41297358203465
600985,淮北矿业,2026-07-27,70.33232943755993,73.43879533404291,68.82763501895099,72.56510180065708,20506097.0,302680256.0,0.007613860833894365,14.49,15.13,14.18,14.95,2026-07-24,14.64,4.853852963254654
600986,浙文互联,2026-07-27,38.17401976358381,40.6005853609589,37.28625186210511,40.54140083419365,73457146.0,493462614.0,0.049387136616612586,6.45,6.86,6.3,6.85,2026-07-24,6.51,5.918452676524621
600987,航民股份,2026-07-27,52.53210084798988,53.181647690005214,52.36971413748605,52.77568091374563,4281398.0,27920468.0,0.004194081940724464,6.47,6.55,6.45,6.5,2026-07-24,6.46,8.119335525191635
600988,赤峰黄金,2026-07-27,195.08842388933758,199.0108366447846,185.95333102467814,196.84318749045863,74988829.0,2784384822.0,0.04506780228291702,37.8,38.56,36.03,38.14,2026-07-24,36.49,5.161069415061841
600989,宝丰能源,2026-07-27,25.38979695557655,26.659286803355382,24.92816428365698,26.347684749809666,120450800.0,2701888027.0,0.01642504936345686,22.0,23.1,21.6,22.83,2026-07-24,23.38,1.1540816797989342
600990,四创电子,2026-07-27,84.15762228761493,85.40699316480635,82.95822624551116,85.05716931919275,4434300.0,74905151.0,0.016483608639794457,16.84,17.09,16.6,17.02,2026-07-24,16.86,4.997483508765732
600992,贵绳股份,2026-07-27,14.586955288829172,15.25969450912388,14.537730467831997,15.144836593463808,10125400.0,92530348.0,0.04131298706597576,8.89,9.3,8.86,9.23,2026-07-24,9.06,1.6408273665724602
600993,马应龙,2026-07-27,297.40194696610604,304.22545484022015,296.6294743765837,301.52180077689195,4953662.0,115941484.0,0.011511631842952149,23.1,23.63,23.04,23.42,2026-07-24,23.16,12.874543158705889
600995,南网储能,2026-07-27,114.97674242265383,118.18071215576919,114.5190324607802,117.17375023964722,20748957.0,264476264.0,0.006492152475924555,12.56,12.91,12.51,12.8,2026-07-24,12.72,9.154199237472438
600996,贵广网络,2026-07-27,6.596031528965033,6.92267206793934,6.532810779486136,6.891061693199891,20316953.0,130990513.0,0.016295280220653602,6.26,6.57,6.2,6.54,2026-07-24,6.27,1.0536791579816347
600997,开滦股份,2026-07-27,27.085790108500536,27.819254444127242,27.033399798812916,27.609693205376754,9624900.0,50555172.0,0.00606178416879068,5.17,5.31,5.16,5.27,2026-07-24,5.21,5.239030968762193
600998,九州通,2026-07-27,16.453720445114243,16.7498874131263,16.2891832406631,16.71697997223607,30929066.0,156212591.0,0.006133713153417099,5.0,5.09,4.95,5.08,2026-07-24,5.01,3.2907440890228483
600999,招商证券,2026-07-27,41.69863729405307,41.69863729405307,38.84499049780222,40.32711712841313,88787253.0,1599354972.0,0.011962704113800042,18.85,18.85,17.56,18.23,2026-07-24,18.65,2.212129299419261
601000,唐山港,2026-07-27,34.41917927100741,34.937317453581706,34.41917927100741,34.64123849211067,43886688.0,205651405.0,0.007405875240602417,4.65,4.72,4.65,4.68,2026-07-24,4.65,7.401974036775786
601001,晋控煤业,2026-07-27,43.670487287589836,45.68817435847215,43.09005676034972,45.52233706497497,17279675.0,281115311.0,0.010324236721037224,15.8,16.53,15.59,16.47,2026-07-24,16.46,2.7639548916196097
601002,晋亿实业,2026-07-27,5.688048418554844,5.845377417365936,5.579128342454858,5.83327518668816,23696869.0,112533273.0,0.024828015510486603,4.7,4.83,4.61,4.82,2026-07-24,4.78,1.2102230677776264
601003,柳钢股份,2026-07-27,18.96782158507312,19.24512891818823,18.85689865182708,19.24512891818823,10206426.0,35089217.0,0.003982539831930255,3.42,3.47,3.4,3.47,2026-07-24,3.43,5.546146662302083
601005,重庆钢铁,2026-07-27,1.254076927441817,1.2646153890169585,1.2435384658666757,1.254076927441817,38684600.0,46171663.0,0.004653150241562634,1.19,1.2,1.18,1.19,2026-07-24,1.19,1.053846157514132
601006,大秦铁路,2026-07-27,12.74693349960061,12.878345185163504,12.668086488262874,12.694368825375452,89301697.0,432478184.0,0.004495905908474214,4.85,4.9,4.82,4.83,2026-07-24,4.86,2.6282337112578578
601007,金陵饭店,2026-07-27,9.529398466651541,9.882908409769259,9.529398466651541,9.82142841966183,6554630.0,41666842.0,0.01680674358974359,6.2,6.43,6.2,6.39,2026-07-24,6.19,1.5369997526857324
601008,连云港,2026-07-27,7.555007173602815,7.678859750219255,7.519620723140975,7.661166524988335,6631700.0,28521082.0,0.00534539484356245,4.27,4.34,4.25,4.33,2026-07-24,4.3,1.7693225230919942
601009,南京银行,2026-07-27,79.15876814750956,80.14648896218436,78.59435625340967,79.44097409455951,41789698.0,470343600.0,0.003380067999136765,11.22,11.36,11.14,11.26,2026-07-24,11.26,7.055148676248624
601011,宝泰隆,2026-07-27,6.120145219258612,6.4558493874036,6.120145219258612,6.430025989853985,25408465.0,62503552.0,0.01326352525858391,2.37,2.5,2.37,2.49,2026-07-24,2.41,2.5823397549614397
601012,隆基绿能,2026-07-27,237.629004200594,237.629004200594,231.63678344849075,236.69271970807787,85652597.0,1076114956.0,0.011302705295691261,12.69,12.69,12.37,12.64,2026-07-24,12.42,18.725689850322617
601015,陕西黑猫,2026-07-27,7.209930348321089,7.564517086763111,7.209930348321089,7.540877970866976,33569983.0,105629348.0,0.016435751189624752,3.05,3.2,3.05,3.19,2026-07-24,3.1,2.363911589613472
601016,节能风电,2026-07-27,9.086774802929662,9.538456591379381,9.086774802929662,9.511887074411751,167366803.0,592072925.0,0.027717734479883526,3.42,3.59,3.42,3.58,2026-07-24,3.46,2.656951696763059
601018,宁波港,2026-07-27,4.863912856060524,4.8781765301252165,4.821121833866442,4.849649181995829,42747506.0,145309543.0,0.0021973194491273404,3.41,3.42,3.38,3.4,2026-07-24,3.4,1.4263674064693617
601019,山东出版,2026-07-27,10.235750181627948,10.418531434871303,10.207629988821276,10.362291049257962,8085444.0,59406237.0,0.0038743801811299055,7.28,7.41,7.26,7.37,2026-07-24,7.31,1.4060096403335092
601020,华钰矿业,2026-07-27,25.380216564636626,26.29672438502628,25.211015120872382,26.282624264712595,19335547.0,354363418.0,0.023580950554532285,18.0,18.65,17.88,18.64,2026-07-24,17.77,1.4100120313687015
601021,春秋航空,2026-07-27,96.24672889091123,98.37655249991569,96.16153594655106,97.69500894503426,7758152.0,354179521.0,0.007929967245941673,45.19,46.19,45.15,45.87,2026-07-24,44.64,2.129823609004453
601022,宁波远洋,2026-07-27,8.404684399907437,8.509350457191466,8.331418159808619,8.457017428549452,4558100.0,36680556.0,0.00348309941491984,8.03,8.13,7.96,8.08,2026-07-24,8.01,1.0466605728402787
601026,道生天合,2026-07-27,14.872152536728047,16.08933696029795,14.872152536728047,15.496087409314299,7478606.0,113413999.0,0.06732285679640646,14.54,15.73,14.54,15.15,2026-07-24,14.64,1.0228440534200858
601033,永兴股份,2026-07-27,15.729411000085957,15.929220031844281,15.707209996557253,15.740511501850307,3863800.0,54978403.0,0.016099166666666668,14.17,14.35,14.15,14.18,2026-07-24,14.17,1.1100501764351416
601038,一拖股份,2026-07-27,15.426832771926339,16.132189432589637,15.415456051593061,15.927408466590617,11263601.0,157274989.0,0.015393630994391833,13.56,14.18,13.55,14.0,2026-07-24,13.8,1.1376720333279011
601058,赛轮轮胎,2026-07-27,74.59918052424354,77.17930255741285,73.64565716415922,76.50622724441216,40603119.0,550943392.0,0.01234850393897311,13.3,13.76,13.13,13.64,2026-07-24,13.21,5.6089609416724455
601059,信达证券,2026-07-27,16.766759588741508,16.84815162558006,16.624323524274043,16.756585584136687,5827062.0,95921193.0,0.0017968122109158187,16.48,16.56,16.34,16.47,2026-07-24,16.45,1.0174004604818876
601061,中信金属,2026-07-27,11.303484133397234,11.752698382691209,11.219909389342542,11.700464167657024,31627104.0,348255854.0,0.0064545110204081635,10.82,11.25,10.74,11.2,2026-07-24,10.76,1.044684300683663
601065,江盐集团,2026-07-27,7.166449934980496,7.308467997716391,7.166449934980496,7.286619064987791,3281100.0,21807004.0,0.0051045770170921375,6.56,6.69,6.56,6.67,2026-07-24,6.6,1.0924466364299537
601066,中信建投,2026-07-27,28.502770486562856,29.04014476660964,28.075064426933793,29.007244300484324,25144358.0,657124614.0,0.003870940794956683,25.99,26.48,25.6,26.45,2026-07-24,26.07,1.0966822041771012
601068,中铝国际,2026-07-27,4.23420068817417,4.373352823466279,4.23420068817417,4.353473946995978,13771674.0,59803469.0,0.005380420462362937,4.26,4.4,4.26,4.38,2026-07-24,4.26,0.9939438235150634
601069,西部黄金,2026-07-27,22.538978843809137,22.910876888127305,22.24537512461058,22.773861819167976,19918353.0,460023046.0,0.022451096108338283,23.03,23.41,22.73,23.27,2026-07-24,22.52,0.978679063995186
601077,渝农商行,2026-07-27,9.490321870915798,9.54757871478256,9.375808183182274,9.418750816082346,55306680.0,364879653.0,0.00625765592757233,6.63,6.67,6.55,6.58,2026-07-24,6.61,1.4314210966690495
601083,锦江航运,2026-07-27,11.52295346951533,11.566029931083612,11.339878507850134,11.501415238731191,5367447.0,57307395.0,0.027650149392128582,10.7,10.74,10.53,10.68,2026-07-24,10.64,1.0769115392070403
601086,国芳集团,2026-07-27,9.18119414589199,9.469393065269767,9.085127839432731,9.428221791072941,5429422.0,37070393.0,0.008152285285285285,6.69,6.9,6.62,6.87,2026-07-24,6.72,1.3723758065608356
601088,中国神华,2026-07-27,121.79357084693916,121.79357084693916,118.59549021200858,119.47496238661448,31397163.0,1406826201.0,0.0019038924709090575,45.7,45.7,44.5,44.83,2026-07-24,45.7,2.6650671957754737
601089,福元医药,2026-07-27,18.36767052631177,19.568245203352305,18.120823396452963,19.1979745085641,4550606.0,77556258.0,0.009480429166666667,16.37,17.44,16.15,17.11,2026-07-24,16.37,1.1220324084491
601096,宏盛华源,2026-07-27,4.135737009544009,4.278700758022074,4.135737009544009,4.268489061702212,33143721.0,137707776.0,0.020172972755792985,4.05,4.19,4.05,4.18,2026-07-24,4.07,1.0211696319861752
601098,中南传媒,2026-07-27,17.42986772562901,17.617469041658282,17.310485069974014,17.395758395441867,9980000.0,101931318.0,0.005556792873051225,10.22,10.33,10.15,10.2,2026-07-24,10.17,1.7054665093570458
601099,太平洋,2026-07-27,9.682475536162837,9.857460033804335,9.624147370282339,9.828295950864085,72975049.0,245050823.0,0.010705936320851844,3.32,3.38,3.3,3.37,2026-07-24,3.33,2.916408294024951
601100,恒立液压,2026-07-27,392.8659959218045,395.09590433822115,382.00890084515277,385.5913766616911,3847453.0,407345864.0,0.0028694755101208915,107.47,108.08,104.5,105.48,2026-07-24,106.79,3.6555875678961987
601101,昊华能源,2026-07-27,48.015086085006914,50.06312293223469,48.015086085006914,49.881075212481115,31007332.0,335539855.0,0.02153290045780247,10.55,11.0,10.55,10.96,2026-07-24,11.02,4.551192993839518
601106,中国一重,2026-07-27,2.943653393817205,3.0245785730286747,2.9234220990143376,3.0144629256272406,65346200.0,193015376.0,0.009528764718218676,2.91,2.99,2.89,2.98,2026-07-24,2.91,1.0115647401433694
601107,四川成渝,2026-07-27,8.4616534698338,8.49214591477014,8.339683690088448,8.431161024897463,10154200.0,56054326.0,0.004695062744481537,5.55,5.57,5.47,5.53,2026-07-24,5.52,1.524622246816901
601108,财通证券,2026-07-27,10.12342562933206,10.294801637567428,10.025496481768993,10.196872490004361,48810722.0,406820435.0,0.01051101424405696,8.27,8.41,8.19,8.33,2026-07-24,8.22,1.2241143445383387
601111,中国国航,2026-07-27,6.819913747379243,6.966943396991066,6.808603774332179,6.899083558708686,75109285.0,457034937.0,0.006453735906832388,6.03,6.16,6.02,6.1,2026-07-24,5.96,1.130997304706342
601112,振石股份,2026-07-27,14.911311714241664,15.386451816322586,14.860764894871352,15.386451816322586,5077643.0,76531887.0,0.028646802216075646,14.75,15.22,14.7,15.22,2026-07-24,14.73,1.0109363874062145
601113,华鼎股份,2026-07-27,6.718694843183003,6.863405193651559,6.698021935973209,6.8220593792319715,8876466.0,29244857.0,0.008039168686148172,3.25,3.32,3.24,3.3,2026-07-24,3.24,2.0672907209793854
601116,三江购物,2026-07-27,11.973732857580496,12.42777473191995,11.947787607618242,12.414802106938824,7658318.0,72445137.0,0.013983239068767365,9.23,9.58,9.21,9.57,2026-07-24,9.27,1.2972624981127296
601117,中国化学,2026-07-27,9.85158043585708,10.086764053689212,9.85158043585708,10.034501027504295,60898362.0,466627385.0,0.010002905417918075,7.54,7.72,7.54,7.68,2026-07-24,7.57,1.306575654622955
601118,海南橡胶,2026-07-27,4.799827474873552,4.934016199977544,4.748216426756631,4.923693990354159,46934285.0,221662801.0,0.010967420698837882,4.65,4.78,4.6,4.77,2026-07-24,4.67,1.0322209623383982
601121,宝地矿业,2026-07-27,6.6525961137152505,6.875701471187409,6.571466892816285,6.845278013350296,17183200.0,114890639.0,0.021479,6.56,6.78,6.48,6.75,2026-07-24,6.46,1.014115261237081
601126,四方股份,2026-07-27,141.47071470794438,148.85795517552663,140.6611541087573,148.7567601006282,25294385.0,1081515208.0,0.030656687174442795,41.94,44.13,41.7,44.1,2026-07-24,41.72,3.3731691632795515
601127,XD赛力斯,2026-07-27,58.34149719769948,59.510222371665314,57.77292819414854,58.34149719769948,17141851.0,950636433.0,0.011008100218677153,55.41,56.52,54.87,55.41,2026-07-24,54.33,1.052905562131375
601128,常熟银行,2026-07-27,9.774296856330459,9.837053176435308,9.711540536225609,9.774296856330459,37495645.0,233564402.0,0.010277906454752034,6.23,6.27,6.19,6.23,2026-07-24,6.23,1.5689080026212614
601133,柏诚股份,2026-07-27,29.827268320952946,31.696723870646476,27.91580253418765,31.507677803823533,19467610.0,557666743.0,0.037124527312612614,28.4,30.18,26.58,30.0,2026-07-24,28.38,1.0502559267941178
601136,首创证券,2026-07-27,14.50074317115189,14.625929443133058,14.271235005853084,14.563336307142475,8546700.0,118459294.0,0.0031268409295637438,13.9,14.02,13.68,13.96,2026-07-24,13.87,1.043218933176395
601137,博威合金,2026-07-27,41.02111164475458,41.960149140236915,40.77399651436449,41.9107261141589,9656301.0,162283041.0,0.010517476933493666,16.6,16.98,16.5,16.96,2026-07-24,16.46,2.471151303900878
601138,工业富联,2026-07-27,71.61158282145749,73.6087662434988,71.15713389907683,73.6087662434988,81580238.0,4963719056.0,0.004111059192451798,59.88,61.55,59.5,61.55,2026-07-24,60.25,1.1959182167912072
601139,深圳燃气,2026-07-27,16.57430623055001,16.96768375184471,16.57430623055001,16.915233415672084,29187250.0,187571707.0,0.01014593074100494,6.32,6.47,6.32,6.45,2026-07-24,6.43,2.622516808631331
601155,新城控股,2026-07-27,16.36428343660515,16.8113950059113,16.30466856069766,16.498416907396994,17211732.0,191655973.0,0.007630589464110307,10.98,11.28,10.94,11.07,2026-07-24,10.98,1.490371897687172
601156,东航物流,2026-07-27,18.719538326473987,19.43820433169511,18.47998299140028,19.392574744062024,19626240.0,328976182.0,0.02077740031205482,16.41,17.04,16.2,17.0,2026-07-24,16.24,1.1407396908271779
601158,重庆水务,2026-07-27,7.67294562010797,7.728146667734647,7.6177445724812936,7.636144921690187,7484400.0,31149375.0,0.0015592402160924856,4.17,4.2,4.14,4.15,2026-07-24,4.17,1.8400349208892015
601162,天风证券,2026-07-27,4.1346997350611066,4.239228660947482,4.111471084864133,4.227614335848997,134677222.0,486606945.0,0.01566383862415669,3.56,3.65,3.54,3.64,2026-07-24,3.57,1.1614325098486253
601163,三角轮胎,2026-07-27,15.64757856266591,15.910457882518697,15.64757856266591,15.7977953168675,2787700.0,35217590.0,0.003484625,12.5,12.71,12.5,12.62,2026-07-24,12.51,1.2518062850132727
601166,兴业银行,2026-07-27,106.04271628735984,106.10009870959325,104.43600846482408,105.0098326871583,87197687.0,1597886495.0,0.0041203168667464755,18.48,18.49,18.2,18.3,2026-07-24,18.33,5.738242223341983
601168,西部矿业,2026-07-27,49.11434130213599,50.2184827777799,48.47580165357084,50.17857404974457,71254477.0,2641107289.0,0.029901165337809482,36.92,37.75,36.44,37.72,2026-07-24,36.24,1.3302909345107257
601169,北京银行,2026-07-27,24.670092317288095,24.86511280991488,24.572582070974704,24.670092317288095,101459261.0,513758586.0,0.004798719977026336,5.06,5.1,5.04,5.06,2026-07-24,5.06,4.875512315669584
601177,杭齿前进,2026-07-27,12.692811869979682,13.089797532861548,12.692811869979682,13.046880163901347,3698300.0,44769350.0,0.009190229525876796,11.83,12.2,11.83,12.16,2026-07-24,11.92,1.072934224005045
601179,中国西电,2026-07-27,15.669378820560341,16.704593036933694,15.492921851860336,16.575191259887028,281810195.0,3914484593.0,0.05497788978516922,13.32,14.2,13.17,14.09,2026-07-24,13.55,1.176379791333359
601186,中国铁建,2026-07-27,9.483810931203974,9.51290237577822,9.425628042055484,9.440173764342607,70577238.0,458952782.0,0.006135419608318366,6.52,6.54,6.48,6.49,2026-07-24,6.5,1.454572228712266
601187,厦门银行,2026-07-27,9.387560059626988,9.514762770462042,9.349399246376471,9.46388168612802,12140442.0,90078786.0,0.00461021256934451,7.38,7.48,7.35,7.44,2026-07-24,7.39,1.2720271083505403
601188,龙江交通,2026-07-27,3.700542959667686,3.7668609338552788,3.687279364830167,3.7403337441802416,10056264.0,28387491.0,0.007703175603246284,2.79,2.84,2.78,2.82,2026-07-24,2.79,1.3263594837518589
601198,东兴证券,2026-07-27,15.764260789970075,15.948772986487647,15.591280605734852,15.902644937358254,19408087.0,266222867.0,0.006004149762128086,13.67,13.83,13.52,13.79,2026-07-24,13.7,1.1532012282348263
601199,江南水务,2026-07-27,27.712995654282118,28.434151675025518,27.455439932588046,28.382640530686704,11237000.0,61204490.0,0.012015479401931133,5.38,5.52,5.33,5.51,2026-07-24,5.4,5.1511144338814345
601200,上海环境,2026-07-27,11.604202550417254,11.839309403826576,11.58740920374516,11.721755977121916,9663599.0,67688132.0,0.007178266119649097,6.91,7.05,6.9,6.98,2026-07-24,6.94,1.6793346672094434
601208,东材科技,2026-07-27,133.61285090298753,140.7793290137542,131.19174343313392,139.84316745874415,60072416.0,2549285745.0,0.059466868270017896,41.39,43.61,40.64,43.32,2026-07-24,41.72,3.228143293138138
601211,国泰海通,2026-07-27,25.879959625756186,25.879959625756186,24.97282702031731,25.279651283921638,80519231.0,1527984323.0,0.005965752890743858,19.4,19.4,18.72,18.95,2026-07-24,19.22,1.3340185374101128
601212,白银有色,2026-07-27,4.662054133296885,4.789647193787116,4.6227947300691214,4.779832342980175,169941546.0,819017063.0,0.022950266175904087,4.75,4.88,4.71,4.87,2026-07-24,4.62,0.981485080694081
601216,君正集团,2026-07-27,84.61240530843698,84.97711395200784,83.51827937772444,84.43005098665155,49481279.0,228409678.0,0.005864088293849796,4.64,4.66,4.58,4.63,2026-07-24,4.64,18.235432178542453
601218,吉鑫科技,2026-07-27,10.117407301877957,11.139115921033122,10.117407301877957,11.139115921033122,20478978.0,89904462.0,0.021133405342951647,4.06,4.47,4.06,4.47,2026-07-24,4.06,2.4919722418418617
601222,林洋能源,2026-07-27,31.63314110156249,33.065801477539054,31.518528271484367,32.607350157226556,29926027.0,168953331.0,0.014660852192760728,5.52,5.77,5.5,5.69,2026-07-24,5.54,5.730641503906249
601225,陕西煤业,2026-07-27,40.948153974969294,41.6026531573561,40.293654792582494,41.21666646005106,51114050.0,1245632278.0,0.005272207323362558,24.4,24.79,24.01,24.56,2026-07-24,24.7,1.6782030317610368
601226,华电科工,2026-07-27,9.286549026057335,9.54999722537811,9.237152488684691,9.517066200463015,10768028.0,61795342.0,0.009265021871434905,5.64,5.8,5.61,5.78,2026-07-24,5.64,1.6465512457548468
601228,广州港,2026-07-27,3.3605112191587203,3.382547358300745,3.3384750800166962,3.3605112191587203,21457600.0,65430186.0,0.00284412629515495,3.05,3.07,3.03,3.05,2026-07-24,3.05,1.10180695710122
601229,上海银行,2026-07-27,34.10616689295107,34.5549322468057,34.068769780129855,34.25575534423595,55547022.0,509822573.0,0.003909273739634256,9.12,9.24,9.11,9.16,2026-07-24,9.14,3.739711282121829
601231,环旭电子,2026-07-27,60.36905157867336,62.66570028003593,60.21762419177033,62.514272893132905,20615853.0,500776532.0,0.008629722930530907,23.92,24.83,23.86,24.77,2026-07-24,23.94,2.5237897817171135
601233,桐昆股份,2026-07-27,62.79400636223432,65.382829251569,62.55318562834273,64.44964890773906,27899104.0,594227886.0,0.011748612614839112,20.86,21.72,20.78,21.41,2026-07-24,21.13,3.010259173644982
601236,红塔证券,2026-07-27,8.513482534477651,8.599976551518788,8.439344805585248,8.587620263370054,14028550.0,96743725.0,0.0029891010929341518,6.89,6.96,6.83,6.95,2026-07-24,6.91,1.2356288148733892
601238,广汽集团,2026-07-27,9.15437841322273,9.334228676743807,9.136393386870624,9.244303544983268,21521837.0,110625852.0,0.0029147776873437894,5.09,5.19,5.08,5.14,2026-07-24,5.1,1.7985026352107527
601279,英利汽车,2026-07-27,2.934801096943292,3.0461211385514857,2.9145610893781657,3.02588113098636,9712300.0,28938942.0,0.006124596945532975,2.9,3.01,2.88,2.99,2026-07-24,2.92,1.0120003782563076
601288,农业银行,2026-07-27,14.986508835505964,15.256131183371139,14.9640403065172,15.098851480449786,420482468.0,2831905728.0,0.001317118537487646,6.67,6.79,6.66,6.72,2026-07-24,6.66,2.2468528988764565
601298,青岛港,2026-07-27,11.63458119955427,11.76877475433575,11.58090377764168,11.674839265988714,12907900.0,112373964.0,0.0023938650704969796,8.67,8.77,8.63,8.7,2026-07-24,8.63,1.3419355478147947
601311,骆驼股份,2026-07-27,25.90499745708968,26.584027534601866,25.90499745708968,26.482173022975037,11194604.0,87071060.0,0.009542378249594993,7.63,7.83,7.63,7.8,2026-07-24,7.66,3.395150387560902
601318,中国平安,2026-07-27,166.69505886890929,166.69505886890929,162.88629024909267,164.05349353581065,65142408.0,3484806455.0,0.006110882765986579,54.27,54.27,53.03,53.41,2026-07-24,54.02,3.0715875966262995
601319,中国人保,2026-07-27,8.662241664765503,8.7203775148646,8.557597134587127,8.650614494745684,63738316.0,472238183.0,0.0017955589911990242,7.45,7.5,7.36,7.44,2026-07-24,7.45,1.1627170019819466
601326,秦港股份,2026-07-27,4.292093294875003,4.317193255663746,4.2418933732975175,4.292093294875003,21239234.0,72509726.0,0.004464313316976206,3.42,3.44,3.38,3.42,2026-07-24,3.43,1.2549980394371354
601328,交通银行,2026-07-27,18.9049371158704,18.931601343114224,18.638294843432174,18.69162329791982,195705196.0,1378496856.0,0.0075062095927798216,7.09,7.1,6.99,7.01,2026-07-24,7.04,2.666422724382285
601330,绿色动力,2026-07-27,7.996130446428766,8.322028048321059,7.996130446428766,8.310388848253476,11129800.0,79047698.0,0.011252508538092851,6.87,7.15,6.87,7.14,2026-07-24,6.98,1.16392000675819
601333,广深铁路,2026-07-27,4.181331227782321,4.223709584820655,4.167205108769543,4.1954573467950995,48106700.0,142726745.0,0.008511090387752673,2.96,2.99,2.95,2.97,2026-07-24,2.97,1.412611901277811
601336,新华保险,2026-07-27,82.7762413788365,83.22311216430498,81.48820205601561,83.19682564751271,18363024.0,1151900546.0,0.008805350339271916,62.98,63.32,62.0,63.3,2026-07-24,63.12,1.314325839613155
601339,百隆东方,2026-07-27,27.04998500242852,28.138789430199225,26.539607926911,27.526336939578204,16870946.0,136166170.0,0.011250529985615867,7.95,8.27,7.8,8.09,2026-07-24,8.03,3.4025138367834615
601360,三六零,2026-07-27,17.574477875605265,18.160992035935358,17.323114664035224,18.140045101637853,82227860.0,702076531.0,0.011747579121632691,8.39,8.67,8.27,8.66,2026-07-24,8.43,2.0946934297503295
601366,利群股份,2026-07-27,3.802567315279547,3.941262779666643,3.7910093599139554,3.8950309582042775,7453200.0,25097359.0,0.007765844245957608,3.29,3.41,3.28,3.37,2026-07-24,3.31,1.1557955365591328
601368,绿城水务,2026-07-27,4.814363541810409,4.950941230939781,4.814363541810409,4.928178282751553,4029500.0,17375864.0,0.00456355930317907,4.23,4.35,4.23,4.33,2026-07-24,4.25,1.138147409411444
601369,XD陕鼓动,2026-07-27,23.767496706021696,24.44270968062458,23.146300769387036,24.307667085704004,14589600.0,129417674.0,0.008550875303901107,8.8,9.05,8.57,9.0,2026-07-24,8.87,2.700851898411556
601375,中原证券,2026-07-27,4.359982482810927,4.424895373373868,4.327526037529456,4.424895373373868,36830570.0,149414941.0,0.010683207988630204,4.03,4.09,4.0,4.09,2026-07-24,4.04,1.081881509382364
601377,兴业证券,2026-07-27,17.170689764345877,17.340416516546988,17.02925080417828,17.312128724513467,55580247.0,337984357.0,0.006435888000740266,6.07,6.13,6.02,6.12,2026-07-24,6.08,2.828779203351874
601388,怡球资源,2026-07-27,16.39330165680361,16.668357053729846,16.228268418647872,16.668357053729846,32496500.0,97589529.0,0.014762932092280483,2.98,3.03,2.95,3.03,2026-07-24,2.99,5.501107938524702
601390,中国中铁,2026-07-27,6.328012331312721,6.4260125222843785,6.314012304031055,6.328012331312721,113419543.0,515618017.0,0.00558059376163578,4.52,4.59,4.51,4.52,2026-07-24,4.52,1.4000027281665313
601398,工商银行,2026-07-27,19.89406787615556,19.89406787615556,19.638688314202344,19.740840138983632,322895951.0,2500335795.0,0.0011976310270191948,7.79,7.79,7.69,7.73,2026-07-24,7.75,2.5537956195321643
601399,国机重装,2026-07-27,3.130064431062494,3.260903137184078,3.1099353993514813,3.2307095896175584,97619703.0,311269141.0,0.013532813010477695,3.11,3.24,3.09,3.21,2026-07-24,3.1,1.0064515855506413
601456,国联民生,2026-07-27,9.338212037009278,9.3486808845844,9.254461256408298,9.327743189434155,11659046.0,103808343.0,0.0026637182926966814,8.92,8.93,8.84,8.91,2026-07-24,8.89,1.0468847575122509
601500,通用股份,2026-07-27,5.041532635764749,5.174204547232243,5.028265444618,5.160937356085494,12360940.0,47963234.0,0.007808549754084605,3.8,3.9,3.79,3.89,2026-07-24,3.79,1.3267191146749342
601512,中新集团,2026-07-27,8.797563993457326,9.071742817101661,8.785643175038008,9.035980361843704,3352100.0,25319529.0,0.0022363882606462114,7.38,7.61,7.37,7.58,2026-07-24,7.4,1.192081841931887
601515,衢州东峰,2026-07-27,13.468925619004,14.069450965074243,13.426030951427554,14.026556297497796,13984532.0,45348287.0,0.007266690114187769,3.14,3.28,3.13,3.27,2026-07-24,3.15,4.289466757644586
601518,吉林高速,2026-07-27,4.742500066757201,4.777243656989855,4.725128271640875,4.7598718618735285,9954260.0,27281034.0,0.005265263184989007,2.73,2.75,2.72,2.74,2026-07-24,2.73,1.7371795116326745
601519,大智慧,2026-07-27,22.61296268374832,23.2675484456463,22.285669802799337,23.178286750842034,22550543.0,174574167.0,0.011336716503448693,7.6,7.82,7.49,7.79,2026-07-24,7.6,2.97538982680899
601528,瑞丰银行,2026-07-27,7.291141668283409,7.367568729795815,7.245285431375967,7.336997905190852,17663683.0,84586172.0,0.009518245562130238,4.77,4.82,4.74,4.8,2026-07-24,4.75,1.5285412302480943
601555,东吴证券,2026-07-27,11.482030311920846,11.510988774245995,11.279321075644818,11.438592618433127,39880452.0,313643488.0,0.008026330675891053,7.93,7.95,7.79,7.9,2026-07-24,7.91,1.4479231162573578
601566,九牧王,2026-07-27,14.612423560913411,15.280965815334286,14.574221146375075,15.223662193526781,5758700.0,45467596.0,0.01002145440822961,7.65,8.0,7.63,7.97,2026-07-24,7.69,1.9101207269167857
601567,三星电气,2026-07-27,85.46412401504662,88.32436912933868,85.23530440590326,86.5510171584776,16253596.0,245926901.0,0.011566671842644947,14.94,15.44,14.9,15.13,2026-07-24,15.0,5.7204902285841115
601568,北元化工,2026-07-27,4.971337813616447,5.027039077634559,4.9434871816073915,4.999188445625503,16398976.0,58735773.0,0.004128413536613857,3.57,3.61,3.55,3.59,2026-07-24,3.57,1.3925316004527863
601577,长沙银行,2026-07-27,12.439780130326374,12.560815828891712,12.345641253664445,12.439780130326374,19464427.0,180646240.0,0.004841074010144233,9.25,9.34,9.18,9.25,2026-07-24,9.22,1.3448410951704188
601579,会稽山,2026-07-27,15.53011460539895,16.04591624572267,15.507688447124005,15.866506979523116,3992900.0,56483559.0,0.008327851354346,13.85,14.31,13.83,14.15,2026-07-24,13.96,1.1213079137472166
601588,北辰实业,2026-07-27,2.074423128595719,2.125961591417972,2.0615385128901553,2.1130769757124086,19213400.0,31439271.0,0.007223082706766917,1.61,1.65,1.6,1.64,2026-07-24,1.62,1.288461570556347
601595,上海电影,2026-07-27,20.331460693945147,21.568801351167945,20.30541141695098,21.451579604694206,9352707.0,152831235.0,0.020867262382864793,15.61,16.56,15.59,16.47,2026-07-24,15.87,1.3024638497082093
601598,中国外运,2026-07-27,8.393455972727732,8.628141419333605,8.365845920185864,8.586726340520803,22563864.0,139070293.0,0.004374986768101027,6.08,6.25,6.06,6.22,2026-07-24,6.05,1.380502627093377
601599,浙文影业,2026-07-27,9.514514384972262,9.849532497119172,9.514514384972262,9.816030685904483,18435792.0,53748667.0,0.01588549557350833,2.84,2.94,2.84,2.93,2026-07-24,2.84,3.3501811214691064
601600,中国铝业,2026-07-27,10.006594417295688,10.006594417295688,9.794365479495143,9.953537182845553,208039222.0,1938949183.0,0.015756560347372196,9.43,9.43,9.23,9.38,2026-07-24,9.44,1.061144689002724
601601,中国太保,2026-07-27,50.38738174513452,50.38738174513452,48.85765330305794,49.35715646781764,51743071.0,1630359840.0,0.0075592049135369335,32.28,32.28,31.3,31.62,2026-07-24,31.95,1.5609473898740556
601606,长城军工,2026-07-27,32.550042924075754,35.57701529767238,32.539953016163764,35.57701529767238,71209660.0,2455893259.0,0.09832486547061672,32.26,35.26,32.25,35.26,2026-07-24,32.05,1.0089907911988765
601607,上海医药,2026-07-27,242.4092966589598,245.66509917818883,239.74545823413607,243.59322484777036,11202449.0,184668738.0,0.004016355534652127,16.38,16.6,16.2,16.46,2026-07-24,16.38,14.799102360131856
601608,中信重工,2026-07-27,7.297668520586479,7.479284705487952,7.198605147003858,7.462774143224181,40748017.0,182394383.0,0.008897814505401523,4.42,4.53,4.36,4.52,2026-07-24,4.43,1.6510562263770314
601609,金田股份,2026-07-27,10.39435592270644,10.862374042786415,10.339935211069232,10.688227765547355,23362153.0,227541156.0,0.013514773128699465,9.55,9.98,9.5,9.82,2026-07-24,9.48,1.0884142327441297
601611,中国核建,2026-07-27,10.70089690768846,11.011533554658394,10.690185299172256,11.00082194614219,23864666.0,243202085.0,0.007918373845840463,9.99,10.28,9.98,10.27,2026-07-24,10.01,1.0711608516204665
601615,明阳智能,2026-07-27,11.73240321777643,12.064553445859598,11.657401553370555,12.000266304940276,41802160.0,465729430.0,0.018484289580919692,10.95,11.26,10.88,11.2,2026-07-24,10.96,1.0714523486553817
601616,广电电气,2026-07-27,7.3550598388267305,7.644804620356269,7.3550598388267305,7.600228500120956,18847101.0,63917098.0,0.02207759856765872,3.3,3.43,3.3,3.41,2026-07-24,3.34,2.228806011765676
601618,中国中冶,2026-07-27,3.415506450731568,3.4670612650822332,3.402617747143902,3.428395154319235,85843469.0,228823745.0,0.004808452372313726,2.65,2.69,2.64,2.66,2026-07-24,2.65,1.2888703587666295
601619,嘉泽新能,2026-07-27,5.049057195565401,5.152333365474693,4.9687312856359505,5.140858235484772,43942837.0,195253871.0,0.018048193361442096,4.4,4.49,4.33,4.48,2026-07-24,4.44,1.1475129989921364
601628,中国人寿,2026-07-27,53.68061850486753,53.68061850486753,51.53233939455735,52.36265586050545,32573638.0,1288768192.0,0.0015642707072239914,40.73,40.73,39.1,39.73,2026-07-24,40.31,1.3179626443620804
601633,长城汽车,2026-07-27,64.054902769169,64.88936490201797,63.29991322040088,64.17411164529028,13923345.0,225124986.0,0.002238420999956201,16.12,16.33,15.93,16.15,2026-07-24,16.12,3.973629204042742
601636,旗滨集团,2026-07-27,22.673093221966816,23.722026360349624,22.55206247523034,23.47996486687667,74329630.0,429989767.0,0.025122787873606816,5.62,5.88,5.59,5.82,2026-07-24,5.62,4.034358224549256
601658,邮储银行,2026-07-27,6.902210620776647,6.915665222376601,6.821483011176921,6.84839221437683,142983690.0,729861086.0,0.001971432868600497,5.13,5.14,5.07,5.09,2026-07-24,5.12,1.3454601599954479
601665,齐鲁银行,2026-07-27,7.618854973982809,7.668167951160691,7.544885508215986,7.606526729688339,42493207.0,261996644.0,0.006905150209380765,6.18,6.22,6.12,6.17,2026-07-24,6.21,1.2328244294470565
601666,平煤股份,2026-07-27,27.751960953720733,28.368671197136752,27.098973637162597,28.259839977710392,33159649.0,253841259.0,0.013428410759974013,7.65,7.82,7.47,7.79,2026-07-24,7.69,3.6277073142118605
601668,中国建筑,2026-07-27,11.136038701362734,11.136038701362734,10.853517634943383,10.900604479346608,325412862.0,1514054769.0,0.007875357868193914,4.73,4.73,4.61,4.63,2026-07-24,4.7,2.3543422201612545
601669,中国电建,2026-07-27,6.3295359559348725,6.409656664237845,6.316182504551044,6.396303212854017,87008697.0,415446570.0,0.006656353512088262,4.74,4.8,4.73,4.79,2026-07-24,4.75,1.3353451383828845
601677,明泰铝业,2026-07-27,25.045497490551234,25.443297641290613,24.87046542422591,25.300089587024434,22470920.0,356508748.0,0.018073746807068948,15.74,15.99,15.63,15.9,2026-07-24,15.69,1.5912006029575116
601678,滨化股份,2026-07-27,32.29729932012653,34.12363469834797,30.470963941905087,33.9313888690615,452246439.0,3070229026.0,0.221327465435748,6.72,7.1,6.34,7.06,2026-07-24,6.54,4.806145732161686
601686,友发集团,2026-07-27,6.235247627082855,6.322541093862015,6.210306636574524,6.297600103353683,5366997.0,27030965.0,0.003627949235229158,5.0,5.07,4.98,5.05,2026-07-24,5.0,1.247049525416571
601688,华泰证券,2026-07-27,28.669770532073336,28.669770532073336,27.862563400587774,28.224414873322683,49081254.0,992388056.0,0.006717240845799529,20.6,20.6,20.02,20.28,2026-07-24,20.4,1.391736433595793
601689,拓普集团,2026-07-27,108.2136354938255,111.3935975894774,107.45424156053551,110.06465820621989,26782730.0,1235573689.0,0.015411544284298749,45.6,46.94,45.28,46.38,2026-07-24,45.62,2.373106041531261
601696,中银证券,2026-07-27,11.481981831854206,11.685202749232156,11.319405097951845,11.67504170336326,26049022.0,295722785.0,0.009376897768178545,11.3,11.5,11.14,11.49,2026-07-24,11.31,1.0161045868897527
601698,中国卫通,2026-07-27,25.655074448698073,26.314481984728868,25.46961607918941,26.09811388696876,18572281.0,469143855.0,0.0043964456811262185,24.9,25.54,24.72,25.33,2026-07-24,25.03,1.0303242750481154
601699,潞安环能,2026-07-27,118.188656212918,121.13739544412364,116.4353518051741,120.49983020494403,21011689.0,316434343.0,0.007024010289197479,14.83,15.2,14.61,15.12,2026-07-24,15.14,7.969565489744976
601700,风范股份,2026-07-27,30.990585818598703,31.562133507876137,30.60955402574708,31.244607013833118,37721040.0,184768993.0,0.03312474045171873,4.88,4.97,4.82,4.92,2026-07-24,4.86,6.35052988086039
601702,华峰铝业,2026-07-27,15.329559128903151,15.646722421225286,15.255554360694653,15.572717653016788,7705177.0,112899768.0,0.007716515648093308,14.5,14.8,14.43,14.73,2026-07-24,14.49,1.0572109744071139
601717,中创智领,2026-07-27,45.362086883502,45.8964570169464,45.21365073532301,45.510523031681004,13990300.0,214174674.0,0.009071852478527065,15.28,15.46,15.23,15.33,2026-07-24,15.34,2.968722963579974
601727,上海电气,2026-07-27,7.475518805664316,7.59052678728992,7.452517209339195,7.59052678728992,46708012.0,306444093.0,0.00370238952186887,6.5,6.6,6.48,6.6,2026-07-24,6.52,1.1500798162560486
601728,中国电信,2026-07-27,7.6168871432218594,7.641457746909671,7.506319426626703,7.51860472847061,107503148.0,661375152.0,0.0013848193185993297,6.2,6.22,6.11,6.12,2026-07-24,6.16,1.2285301843906224
601766,中国中车,2026-07-27,8.647090383728134,8.764339066897328,8.647090383728134,8.676402554520433,122693242.0,727435314.0,0.005043335272593101,5.9,5.98,5.9,5.92,2026-07-24,5.94,1.4656085396149379
601777,千里科技,2026-07-27,8.822719612848001,9.122404382306154,8.690858314286414,9.110416991527826,24969814.0,187911321.0,0.005522950965001987,7.36,7.61,7.25,7.6,2026-07-24,7.29,1.1987390778326088
601778,晶科科技,2026-07-27,3.516619662972716,3.6506843422062802,3.4341183219059075,3.6506843422062802,133256576.0,465269224.0,0.03579236726060748,3.41,3.54,3.33,3.54,2026-07-24,3.41,1.0312667633351074
601788,光大证券,2026-07-27,18.93168059131039,19.274454752434394,18.878946104983623,19.234903887689317,16781279.0,243385687.0,0.004295513857499063,14.36,14.62,14.32,14.59,2026-07-24,14.39,1.3183621581692473
601789,宁波建工,2026-07-27,10.200142041161717,11.189708060080394,10.200142041161717,11.189708060080394,43872300.0,185602715.0,0.04036838141278781,4.02,4.41,4.02,4.41,2026-07-24,4.01,2.537348766458139
601798,蓝科高新,2026-07-27,7.704024957843311,8.009134857163838,7.704024957843311,7.965547728689477,6485900.0,47003887.0,0.018294454535884335,7.07,7.35,7.07,7.31,2026-07-24,7.07,1.0896782118590256
601799,星宇股份,2026-07-27,121.40095459115008,123.02867688734428,120.45144991837014,122.07917221456434,2096904.0,187965290.0,0.007340059733179449,89.5,90.7,88.8,90.0,2026-07-24,89.5,1.3564352468284926
601800,中国交建,2026-07-27,9.045511593580082,9.104440007870506,8.971851075717053,9.016047386434872,31896424.0,195312757.0,0.0027208708808029573,6.14,6.18,6.09,6.12,2026-07-24,6.1,1.4732103572606
601801,皖新传媒,2026-07-27,14.63453095808754,15.027027956963453,14.550424458328418,14.94292145720433,10607470.0,56324676.0,0.0054176928175746755,5.22,5.36,5.19,5.33,2026-07-24,5.24,2.8035499919707934
601808,中海油服,2026-07-27,14.013282855685576,14.619455396516761,13.858768286454099,14.441169355095825,34952197.0,418977977.0,0.011806307989142258,11.79,12.3,11.66,12.15,2026-07-24,12.17,1.1885736094729074
601811,新华文轩,2026-07-27,16.32693543985518,16.393958984353766,16.11246009745971,16.246507186456878,1766200.0,21381974.0,0.0022303211286116916,12.18,12.23,12.02,12.12,2026-07-24,12.13,1.3404708899716897
601816,京沪高铁,2026-07-27,5.3509357094902965,5.393572647414522,5.3189580060471275,5.3189580060471275,140951458.0,707318830.0,0.002880930010885611,5.02,5.06,4.99,4.99,2026-07-24,5.02,1.0659234481056368
601818,光大银行,2026-07-27,6.519999980926514,6.5820952188401005,6.499301568288653,6.561396806202238,206065979.0,651346926.0,0.004440424892527566,3.15,3.18,3.14,3.17,2026-07-24,3.15,2.069841263786195
601825,沪农商行,2026-07-27,10.906765391758512,11.184729072859152,10.761165368324843,11.039129049425483,35495206.0,294395687.0,0.0037863809131753554,8.24,8.45,8.13,8.34,2026-07-24,8.18,1.3236365766697222
601827,三峰环境,2026-07-27,9.12784729365888,9.275620662049372,9.105112929291112,9.252886297681606,10742300.0,87136609.0,0.006425076885543222,8.03,8.16,8.01,8.14,2026-07-24,8.01,1.1367182183884035
601828,美凯龙,2026-07-27,2.5766906432852013,2.6499614672648755,2.564478839288589,2.6499614672648755,30134304.0,64773573.0,0.008341901595194975,2.11,2.17,2.1,2.17,2026-07-24,2.12,1.221180399661233
601838,成都银行,2026-07-27,25.552414626708483,25.621775144153396,25.122379418549976,25.261100453439816,25903872.0,472260247.0,0.00611165909687169,18.42,18.47,18.11,18.21,2026-07-24,18.45,1.3872103488983973
601857,中国石油,2026-07-27,18.447035898556766,19.289526596112168,18.28906889276513,19.131559590320528,233362493.0,2511426154.0,0.0014412024360402468,10.51,10.99,10.42,10.9,2026-07-24,11.03,1.7551889532404155
601858,中国科传,2026-07-27,20.235728805294983,20.811542226583864,20.03595680199068,20.694029283463685,9928895.0,173640066.0,0.012560271979759646,17.22,17.71,17.05,17.61,2026-07-24,17.13,1.1751294312017992
601860,紫金银行,2026-07-27,3.2197418043571546,3.2702475581509924,3.2197418043571546,3.2323682428056144,51362132.0,132097456.0,0.014461330095434023,2.55,2.59,2.55,2.56,2026-07-24,2.56,1.2626438448459432
601865,福莱特,2026-07-27,9.712373445195318,9.867358127831414,9.681376508668098,9.836361191304194,12452100.0,117985987.0,0.006550201391588999,9.4,9.55,9.37,9.52,2026-07-24,9.4,1.03323121757397
601866,中远海发,2026-07-27,2.9260155819860936,2.9501975289446567,2.901833635027531,2.9260155819860936,59448099.0,143744489.0,0.006122088615886427,2.42,2.44,2.4,2.42,2026-07-24,2.42,1.209097347928138
601868,中国能建,2026-07-27,2.6544433649196177,2.6962456226348874,2.6544433649196177,2.68579505820607,266838862.0,683987846.0,0.008228471526701992,2.54,2.58,2.54,2.57,2026-07-24,2.55,1.0450564428817393
601869,长飞光纤,2026-07-27,394.2548832126758,409.0454881871882,387.2405325297509,406.2155604978702,12424894.0,4099738772.0,0.030577707225511598,326.0,338.23,320.2,335.89,2026-07-24,331.65,1.209370807400846
601872,招商轮船,2026-07-27,24.959554061406635,26.097774767790003,24.8457319907683,25.853870330707853,77919946.0,1226000194.0,0.009650080432547302,15.35,16.05,15.28,15.9,2026-07-24,15.7,1.6260295805476637
601877,正泰电器,2026-07-27,48.04543651991298,49.07653957358012,47.98594980527834,48.71961928577227,19588732.0,479956396.0,0.009115409398074065,24.23,24.75,24.2,24.57,2026-07-24,24.45,1.982890487821419
601878,浙商证券,2026-07-27,10.53171579341198,10.610060119186564,10.430987374558942,10.598868072647338,18202751.0,171400442.0,0.003979790191104734,9.41,9.48,9.32,9.47,2026-07-24,9.41,1.1192046539226332
601880,辽港股份,2026-07-27,4.124499982595441,4.152749982476231,4.0962499827146495,4.152749982476231,75921473.0,110971337.0,0.004123242373989304,1.46,1.47,1.45,1.47,2026-07-24,1.46,2.824999988079069
601881,中国银河,2026-07-27,14.93021293367144,15.062126461599462,14.774315127938326,15.038142183794367,25496416.0,317920807.0,0.0035199428401092485,12.45,12.56,12.32,12.54,2026-07-24,12.45,1.1992138902547342
601882,海天精工,2026-07-27,20.326577239200457,21.235863536990284,20.315067286063876,21.166803818170806,4639202.0,84430296.0,0.008887360153256705,17.66,18.45,17.65,18.39,2026-07-24,17.94,1.15099531365801
601886,江河集团,2026-07-27,27.08614373400186,27.536507169009017,26.79662438292583,26.989637283643184,4687500.0,39490207.0,0.004137238726644504,8.42,8.56,8.33,8.39,2026-07-24,8.41,3.2168816786225487
601888,中国中免,2026-07-27,120.97621381603275,124.17223658103306,119.64828886437769,122.52921079339205,28464759.0,1542192216.0,0.014578804373490272,53.75,55.17,53.16,54.44,2026-07-24,53.2,2.25072025704247
601890,亚星锚链,2026-07-27,24.233221833859314,25.03407494219983,24.203560607624482,24.945091263495332,18275716.0,152869928.0,0.019049109860329372,8.17,8.44,8.16,8.41,2026-07-24,8.26,2.9661226234833924
601898,中煤能源,2026-07-27,19.158682036569218,19.59538728887337,18.820587647688583,19.496776425449852,44846903.0,615374848.0,0.004900229571668288,13.6,13.91,13.36,13.84,2026-07-24,13.67,1.4087266203359718
601899,紫金矿业,2026-07-27,66.25365203952197,66.25365203952197,63.558588227744785,64.86528583345493,231658923.0,7315150795.0,0.01124459999310526,32.45,32.45,31.13,31.77,2026-07-24,31.51,2.041715008922094
601900,南方传媒,2026-07-27,15.844043266717836,16.0693807709556,15.646872950509792,15.984879206866438,4380300.0,49693757.0,0.004966494929702231,11.25,11.41,11.11,11.35,2026-07-24,11.2,1.40835940148603
601901,方正证券,2026-07-27,7.689603563357869,7.7329252735739695,7.581299287817618,7.678773135803844,70153414.0,496456057.0,0.008521932691768064,7.1,7.14,7.0,7.09,2026-07-24,7.14,1.0830427554025168
601908,京运通,2026-07-27,12.520338667030648,13.124768809576956,12.520338667030648,13.081595227966506,39824594.0,119814636.0,0.016493227372184414,2.9,3.04,2.9,3.03,2026-07-24,2.93,4.3173581610450515
601916,浙商银行,2026-07-27,3.9396573965052752,4.008532525814808,3.9396573965052752,3.9809824740909954,151911529.0,438762679.0,0.007051079418411785,2.86,2.91,2.86,2.89,2026-07-24,2.87,1.3775025861906558
601918,新集能源,2026-07-27,16.597433321293686,17.327372797203985,16.26722260600093,17.240475240547998,35360478.0,343660073.0,0.013649838809781028,9.55,9.97,9.36,9.92,2026-07-24,9.74,1.7379511331197577
601919,中远海控,2026-07-27,36.05035107462651,36.12085371688458,35.53333169806733,35.97984843236844,94513019.0,1442380512.0,0.007526997233667603,15.34,15.37,15.12,15.31,2026-07-24,15.32,2.3500880752690034
601921,浙版传媒,2026-07-27,8.307373614417687,8.45122423977557,8.25942340596506,8.415261583436099,4317800.0,30248557.0,0.0019430099993199466,6.93,7.05,6.89,7.02,2026-07-24,6.91,1.1987552113156836
601928,凤凰传媒,2026-07-27,15.503708721197263,15.519824842529072,15.165270173229342,15.229734658556563,10043850.0,95235276.0,0.003946658021926205,9.62,9.63,9.41,9.45,2026-07-24,9.59,1.6116121331805888
601929,吉视传媒,2026-07-27,4.754762922142119,4.975914685962682,4.732647745760063,4.953799509580627,96383980.0,214059710.0,0.02761886262432878,2.15,2.25,2.14,2.24,2026-07-24,2.17,2.2115176382056365
601933,永辉超市,2026-07-27,27.608868810582923,28.720635339868142,27.23827996748785,28.535340918320603,149128446.0,455348237.0,0.016709000001122125,2.98,3.1,2.94,3.08,2026-07-24,2.99,9.26472107737682
601939,建设银行,2026-07-27,25.453809822465036,26.02552625402431,25.32952364169128,25.75209665632205,105306262.0,1089609357.0,0.010976654194343988,10.24,10.47,10.19,10.36,2026-07-24,10.26,2.4857236154751012
601949,中国出版,2026-07-27,5.832142478272726,5.949725995979836,5.773350719419169,5.914450940667703,6490500.0,32520280.0,0.0034089332467339807,4.96,5.06,4.91,5.03,2026-07-24,4.95,1.175835177071114
601952,苏垦农发,2026-07-27,12.362604956343713,12.549680945594819,12.315835959030938,12.518501614052965,7699130.0,61640301.0,0.005587177068214804,7.93,8.05,7.9,8.03,2026-07-24,8.01,1.5589665770925238
601956,东贝集团,2026-07-27,4.974280796713796,5.130775024026139,4.963102637620057,5.097240546744922,4820440.0,21905316.0,0.00775468363867187,4.45,4.59,4.44,4.56,2026-07-24,4.45,1.1178159093738866
601958,金钼股份,2026-07-27,33.7143820716882,34.264953152589925,33.32574366163992,34.264953152589925,33930584.0,710182599.0,0.010515879789911649,20.82,21.16,20.58,21.16,2026-07-24,20.7,1.6193267085344956
601963,重庆银行,2026-07-27,13.69158611510463,13.879657352949476,13.603819537443703,13.76681461024257,13692997.0,149996826.0,0.006731867592185377,10.92,11.07,10.85,10.98,2026-07-24,10.92,1.2538082522989589
601965,中国汽研,2026-07-27,26.628060439468104,27.23844577905476,26.227495060364355,27.104923986020182,9842666.0,138983272.0,0.00985838295376685,13.96,14.28,13.75,14.21,2026-07-24,13.79,1.9074541862083167
601966,玲珑轮胎,2026-07-27,12.598430656075017,12.63269655994467,12.449945072639865,12.575586720161917,8162265.0,89860015.0,0.005577212187454527,11.03,11.06,10.9,11.01,2026-07-24,10.96,1.1421967956550334
601968,宝钢包装,2026-07-27,4.575752195003814,4.709026530780624,4.575752195003814,4.664601752188354,7233700.0,30377425.0,0.005670023877010843,4.12,4.24,4.12,4.2,2026-07-24,4.13,1.110619464806751
601969,海南矿业,2026-07-27,8.63270511933721,8.953585045835355,8.570599327111761,8.912181184351724,24478101.0,208632713.0,0.01240983076881252,8.34,8.65,8.28,8.61,2026-07-24,8.46,1.0350965370907925
601975,招商南油,2026-07-27,3.339343686397207,3.4353018383051728,3.3105562408248175,3.4161102079235794,130070417.0,458998279.0,0.027790777378298034,3.48,3.58,3.45,3.56,2026-07-24,3.54,0.9595815190796572
601985,中国核电,2026-07-27,10.8116498462232,10.896876815731714,10.750773439431402,10.78729928350648,86551342.0,767096613.0,0.004583489716413439,8.88,8.95,8.83,8.86,2026-07-24,8.9,1.2175281358359458
601988,中国银行,2026-07-27,15.459443697189899,15.561993904136433,15.305618386770098,15.382531041979998,252277042.0,1518549669.0,0.0011969559734870822,6.03,6.07,5.97,6.0,2026-07-24,6.01,2.563755173663333
601990,南京证券,2026-07-27,8.867241361644846,8.91971024544156,8.801655256898952,8.906593024492382,17284722.0,116954811.0,0.0040845571999389,6.76,6.8,6.71,6.79,2026-07-24,6.76,1.3117220949178765
601991,大唐发电,2026-07-27,16.461018024420152,17.71675074270096,16.43371948706622,16.979690234144833,553118038.0,3432053114.0,0.04462036641316799,6.03,6.49,6.02,6.22,2026-07-24,6.29,2.72985373539306
601992,金隅集团,2026-07-27,3.702784707274617,3.7564482537568575,3.675952934033497,3.729616480515737,33236300.0,46177340.0,0.00398796122501856,1.38,1.4,1.37,1.39,2026-07-24,1.38,2.6831773241120414
601995,中金公司,2026-07-27,36.51475811454283,36.98790709292846,36.041609136157206,36.98790709292846,19564597.0,698175027.0,0.006692085851847596,35.5,35.96,35.04,35.96,2026-07-24,35.61,1.0285847356209248
601996,丰林集团,2026-07-27,9.959109871037013,10.566942867860867,9.912353486665948,10.42667371474767,32881102.0,72550079.0,0.029334177106345647,2.13,2.26,2.12,2.23,2026-07-24,2.12,4.675638437106579
601997,贵阳银行,2026-07-27,11.07304690789869,11.232371323839677,11.033215803913443,11.152709115869184,48143820.0,269868245.0,0.01316772751345871,5.56,5.64,5.54,5.6,2026-07-24,5.54,1.9915551992623544
601998,中信银行,2026-07-27,15.720460243186473,16.008531504187275,15.576424612686074,15.864495873686874,66689099.0,511852055.0,0.0016360204147506945,7.64,7.78,7.57,7.71,2026-07-24,7.61,2.057651864291423
601999,出版传媒,2026-07-27,6.581812250232866,6.675670535441178,6.546615393279748,6.675670535441178,3011800.0,17067262.0,0.005466908034946245,5.61,5.69,5.58,5.69,2026-07-24,5.6,1.1732285651038976
603000,人民网,2026-07-27,66.18490023868911,68.2368067764321,65.61735162186658,68.0621764327944,11488089.0,177676585.0,0.010389962854144676,15.16,15.63,15.03,15.59,2026-07-24,15.16,4.365758590942553
603001,奥康国际,2026-07-27,9.394347573303262,10.151696348509528,9.394347573303262,9.990558311231599,14800753.0,90465516.0,0.03691144944885032,5.83,6.3,5.83,6.2,2026-07-24,5.88,1.6113803727792901
603002,宏昌电子,2026-07-27,26.51517569687308,27.85550325957216,25.543923839844762,27.79722814815046,57532503.0,797316147.0,0.050730617451459,13.65,14.34,13.15,14.31,2026-07-24,13.49,1.942503714056636
603004,鼎龙科技,2026-07-27,18.121144132822913,18.919666935385617,17.897557748105356,18.919666935385617,3116400.0,54413955.0,0.05292798913043478,17.02,17.77,16.81,17.77,2026-07-24,17.01,1.0646970700836025
603005,晶方科技,2026-07-27,84.21768847251245,86.22877491624598,80.74649817236964,86.00838188131628,46049348.0,1411379624.0,0.07060923921774674,30.57,31.3,29.31,31.22,2026-07-24,30.76,2.7549129366212775
603006,联明股份,2026-07-27,25.90801095159043,26.780423565266435,25.56433325529382,26.17237841028013,3940900.0,39007964.0,0.015499839235725656,9.8,10.13,9.67,9.9,2026-07-24,9.65,2.6436745868969824
603007,顺景科技,2026-07-27,21.29948554955092,22.35193071788167,21.249369112963745,22.301814281294494,18867340.0,83163136.0,0.027143774700549905,4.25,4.46,4.24,4.45,2026-07-24,4.27,5.011643658717864
603009,北特科技,2026-07-27,101.42515244518167,104.99646062987115,99.30882166906936,103.54148322129396,7001935.0,270158681.0,0.020214032563284228,38.34,39.69,37.54,39.14,2026-07-24,38.99,2.6454134701403667
603010,XD万盛股,2026-07-27,48.62817020174644,51.38163585523258,48.43149408364028,50.152410117069124,9711813.0,99068825.0,0.017015035643620734,9.89,10.45,9.85,10.2,2026-07-24,9.92,4.916902952653836
603011,合锻智能,2026-07-27,37.93308070804628,40.173308075244925,37.41610516176968,39.9794422453912,31559895.0,573164459.0,0.06383287509057911,17.61,18.65,17.37,18.56,2026-07-24,17.61,2.154064776152543
603012,创力集团,2026-07-27,18.377534628725932,18.84396951777989,18.377534628725932,18.750682539969095,11258400.0,89876740.0,0.017414385150812065,7.88,8.08,7.88,8.04,2026-07-24,8.03,2.3321744452697883
603013,亚普股份,2026-07-27,20.75806093374913,21.3737094205012,20.74467727099365,21.199721804679964,2576000.0,40763557.0,0.005068675396368645,15.51,15.97,15.5,15.84,2026-07-24,15.52,1.3383662755479775
603014,威高血净,2026-07-27,31.33103384802542,32.49871419922162,31.279366575848595,32.23004438390214,1732866.0,53841641.0,0.017075114695408525,30.32,31.45,30.27,31.19,2026-07-24,30.31,1.0333454435364584
603015,弘讯科技,2026-07-27,20.80499074783689,22.2350455442514,20.75885994795255,21.72760674552367,6786979.0,63790627.0,0.016790351269979888,9.02,9.64,9.0,9.42,2026-07-24,9.03,2.30653999421695
603016,新宏泰,2026-07-27,31.256458101083027,32.64063887240275,31.256458101083027,32.64063887240275,1987233.0,54128881.0,0.013412749730021599,26.42,27.59,26.42,27.59,2026-07-24,26.57,1.1830604883074574
603017,中衡设计,2026-07-27,43.81241726233571,45.587890667484,43.55131823216684,45.22235202524758,4338900.0,37459693.0,0.015709820764772498,8.39,8.73,8.34,8.66,2026-07-24,8.39,5.221980603377319
603018,华设集团,2026-07-27,39.42661170248076,40.53945961343788,39.34712256598383,40.459970476940946,7103144.0,35910683.0,0.008671383397490646,4.96,5.1,4.95,5.09,2026-07-24,4.98,7.9489136496937025
603019,中科曙光,2026-07-27,381.0627062696767,384.51976999665936,363.42382429904944,380.04130107761364,56689868.0,5418585409.0,0.03874761606257874,97.0,97.88,92.51,96.74,2026-07-24,97.5,3.9284815079348117
603020,爱普股份,2026-07-27,22.121346592354634,23.548530243474286,22.121346592354634,23.277857482055044,5741100.0,53754489.0,0.01528360670138568,8.99,9.57,8.99,9.46,2026-07-24,9.08,2.4606614674476788
603022,新通联,2026-07-27,19.516070060786568,20.20926380611505,19.489408762889315,20.155941210320552,3544400.0,26582203.0,0.017722,7.32,7.58,7.31,7.56,2026-07-24,7.33,2.6661297897249407
603023,威帝股份,2026-07-27,23.84764704146058,25.386204915103196,23.56790924625283,25.316270466301262,17087514.0,60981875.0,0.03061634305915852,3.41,3.63,3.37,3.62,2026-07-24,3.41,6.993444880193718
603025,大豪科技,2026-07-27,38.639727897250786,39.55000580872135,38.639727897250786,39.42445023472541,8170780.0,102078459.0,0.007366539700412029,12.31,12.6,12.31,12.56,2026-07-24,12.35,3.13888934989852
603026,石大胜华,2026-07-27,69.6513794265359,74.54718088128604,68.43020446049844,72.82643433823326,16726101.0,1081392477.0,0.0718780752713007,62.74,67.15,61.64,65.6,2026-07-24,62.03,1.1101590600340436
603027,千禾味业,2026-07-27,58.72157871832013,59.80285424712773,58.22252847425509,59.55332912509521,11542470.0,82466876.0,0.008673731937974306,7.06,7.19,7.0,7.16,2026-07-24,7.06,8.317504067750727
603028,赛福天,2026-07-27,8.02860511543456,8.49763015654242,8.02860511543456,8.442450739941496,3855470.0,23400528.0,0.013566522396987931,5.82,6.16,5.82,6.12,2026-07-24,5.9,1.3794854150231202
603029,天鹅股份,2026-07-27,18.634032292004257,19.27024735508483,18.605756066978454,19.072313779904206,1436130.0,19353825.0,0.011835390878673501,13.18,13.63,13.16,13.49,2026-07-24,13.18,1.4138112512901562
603030,全筑股份,2026-07-27,6.354023147374389,6.644492776968646,6.281405739975824,6.608184073269364,38031400.0,68462515.0,0.02887875463903447,1.75,1.83,1.73,1.82,2026-07-24,1.75,3.630870369928222
603031,安孚科技,2026-07-27,117.6096825513698,123.20111790232131,116.28290128165251,122.82203753954495,11992249.0,457417809.0,0.038144454100628,37.23,39.0,36.81,38.88,2026-07-24,37.49,3.159003023136444
603032,德新科技,2026-07-27,29.27012117628961,30.82930438664886,29.146095239101943,30.545816530219906,7769847.0,132707661.0,0.033363936867489744,16.52,17.4,16.45,17.24,2026-07-24,16.52,1.7717991026809692
603033,三维股份,2026-07-27,51.61106107455074,52.520199006758276,50.98165789071476,52.380331632572506,4736132.0,35280045.0,0.004677517938517119,7.38,7.51,7.29,7.49,2026-07-24,7.39,6.993368709288719
603035,常熟汽饰,2026-07-27,13.068012210445337,13.355909031173539,13.068012210445337,13.268288259647564,1828100.0,19393188.0,0.004990076623512326,10.44,10.67,10.44,10.6,2026-07-24,10.47,1.2517253075139212
603036,如通股份,2026-07-27,13.25158905951846,13.340825349481548,12.850025754684566,13.318516276990774,3493300.0,41221505.0,0.016957271031272023,11.88,11.96,11.52,11.94,2026-07-24,11.79,1.1154536245385909
603037,凯众股份,2026-07-27,39.64853871921763,41.34139767576849,39.64853871921763,41.029555236403866,4250020.0,38945661.0,0.015968518915718773,8.9,9.28,8.9,9.21,2026-07-24,8.97,4.454891990923329
603038,华立股份,2026-07-27,46.220912577037566,46.762412808065626,45.292626466703766,46.3369483408293,3781842.0,45061266.0,0.014075788057654604,11.95,12.09,11.71,11.98,2026-07-24,11.79,3.8678587930575374
603039,泛微网络,2026-07-27,128.87578520327216,132.95987698788292,127.5144212750686,132.86911939266935,5803561.0,168250810.0,0.01886483263089022,28.4,29.3,28.1,29.28,2026-07-24,28.45,4.537879760678598
603040,新坐标,2026-07-27,126.96699680832604,135.1937450468595,125.82085541286472,134.91357715019117,1864130.0,95318167.0,0.009495101892911135,49.85,53.08,49.4,52.97,2026-07-24,50.38,2.5469808788029296
603041,美思德,2026-07-27,15.057683073145219,15.548522374162571,15.041849547305949,15.406020641609146,2222400.0,21532336.0,0.012134469049164976,9.51,9.82,9.5,9.73,2026-07-24,9.49,1.583352583926942
603042,华脉科技,2026-07-27,11.261164906940785,11.602099257334405,11.157851467427568,11.591767913383084,7322824.0,81170176.0,0.0350765748223022,10.9,11.23,10.8,11.22,2026-07-24,10.83,1.033134395132182
603043,广州酒家,2026-07-27,21.756571423730186,22.125042995186742,21.57233563800191,22.00780204063238,2994820.0,39274502.0,0.005324575305816562,12.99,13.21,12.88,13.14,2026-07-24,12.89,1.6748707793479742
603045,福达合金,2026-07-27,76.64844526315383,79.10348487366555,75.47364103235682,78.92274576123523,7408703.0,381041059.0,0.05469891484859683,50.89,52.52,50.11,52.4,2026-07-24,51.05,1.5061592702525808
603048,浙江黎明,2026-07-27,17.588282441213583,19.03479538964984,17.577324009786036,18.969044801084554,2979100.0,50364749.0,0.02028254357298475,16.05,17.37,16.04,17.31,2026-07-24,16.26,1.0958431427547404
603049,中策橡胶,2026-07-27,48.89883932490489,50.1161522026135,48.671882686688036,49.80666587777233,2368612.0,113706107.0,0.004690504121129392,47.4,48.58,47.18,48.28,2026-07-24,47.49,1.0316210828039007
603050,科林电气,2026-07-27,60.227711081187536,61.89503189642946,60.227711081187536,61.078384966515046,3434204.0,61704897.0,0.008514853891418948,17.7,18.19,17.7,17.95,2026-07-24,17.79,3.4026955413100306
603051,鹿山新材,2026-07-27,25.70212606151907,27.30018571301248,25.48017333214498,26.885873951514192,5799560.0,104269580.0,0.035881062231292324,17.37,18.45,17.22,18.17,2026-07-24,17.33,1.4796848624939014
603052,可川科技,2026-07-27,146.22390569861363,151.4919529341041,145.02791659650228,151.26414548608287,3272972.0,171252442.0,0.017418942760438653,51.35,53.2,50.93,53.12,2026-07-24,50.99,2.8475931002651143
603053,成都燃气,2026-07-27,10.277909798799513,10.277909798799513,10.15977290456044,10.20702766225607,1807071.0,15622201.0,0.0020329523338095826,8.7,8.7,8.6,8.64,2026-07-24,8.65,1.1813689423907487
603055,台华新材,2026-07-27,13.110351908121828,13.430898409542902,13.110351908121828,13.20651585854815,4225400.0,34991015.0,0.004763424285952677,8.18,8.38,8.18,8.24,2026-07-24,8.24,1.602732507105358
603057,紫燕食品,2026-07-27,22.5020470303799,23.36661166186905,22.315114137084944,23.273145215221575,2086531.0,41232913.0,0.005064395631067961,19.26,20.0,19.1,19.92,2026-07-24,19.35,1.1683305830934525
603058,永吉股份,2026-07-27,9.753761382753284,10.284107746354525,9.753761382753284,10.272578477580586,5435400.0,47759655.0,0.01310797582828871,8.46,8.92,8.46,8.91,2026-07-24,8.51,1.1529268773940051
603059,倍加洁,2026-07-27,29.53158663093037,30.587736909340535,29.314940419974437,30.452333027493076,804725.0,18023183.0,0.008011303282172888,21.81,22.59,21.65,22.49,2026-07-24,21.99,1.35403881847457
603060,国检集团,2026-07-27,21.016168643506457,21.342633399133742,20.8121281712394,21.342633399133742,5024779.0,26023091.0,0.006250004547777949,5.15,5.23,5.1,5.23,2026-07-24,5.15,4.0808094453410595
603061,金海通,2026-07-27,434.5959401024413,450.8788013249461,404.20319735794385,446.46040926723794,4201310.0,1263109402.0,0.04829091954022988,300.0,311.24,279.02,308.19,2026-07-24,294.6,1.4486531336748043
603062,麦加芯彩,2026-07-27,37.19143632375222,39.01454594746557,37.19143632375222,38.185859754868595,294094.0,10193584.0,0.00793281381918426,33.66,35.31,33.66,34.56,2026-07-24,34.49,1.104914923462633
603063,禾望电气,2026-07-27,31.457554917104385,33.558297937122255,31.42540068720615,33.36537255773286,21441142.0,651347868.0,0.04638598097859835,29.35,31.31,29.32,31.13,2026-07-24,29.35,1.0718076632744253
603065,宿迁联盛,2026-07-27,14.79673645418594,16.484814838395888,13.98395797289967,16.203468441027564,45379585.0,668017006.0,0.1083128815516061,14.2,15.82,13.42,15.55,2026-07-24,14.7,1.0420236939567564
603066,音飞储存,2026-07-27,27.839379782678627,28.569375438481877,27.706653299805303,28.370285714171903,4429600.0,37787658.0,0.015057444033411999,8.39,8.61,8.35,8.55,2026-07-24,8.4,3.3181620718329707
603067,振华股份,2026-07-27,92.0438931740901,97.69846681618438,90.12762099538037,96.41048059770735,22000057.0,660539493.0,0.029118884531909136,29.3,31.1,28.69,30.69,2026-07-24,29.32,3.1414298011634845
603068,博通集成,2026-07-27,36.08972354462441,36.08972354462441,34.1302328821529,34.99786805110795,14537300.0,519469273.0,0.09577414039442912,37.02,37.02,35.01,35.9,2026-07-24,37.02,0.9748709763539819
603069,海汽集团,2026-07-27,12.106624894840701,12.586803266197252,12.106624894840701,12.505070777455712,2874895.0,35032060.0,0.009097768987341772,11.85,12.32,11.85,12.24,2026-07-24,11.93,1.0216561092692575
603070,万控智造,2026-07-27,11.07044846518636,11.502723119541256,11.017732043923568,11.492179835288697,1953067.0,21063897.0,0.004870491271820449,10.5,10.91,10.45,10.9,2026-07-24,10.56,1.0543284252558438
603071,物产环能,2026-07-27,13.894730689436424,14.218142524449167,13.810883176655341,14.026491066663839,2374300.0,27880708.0,0.004255365351137397,11.6,11.87,11.53,11.71,2026-07-24,11.72,1.1978216111583124
603072,天和磁材,2026-07-27,31.086829209649533,31.853382145842154,30.941805681180657,31.729076264297404,1706421.0,52015223.0,0.013518347460983918,30.01,30.75,29.87,30.63,2026-07-24,30.0,1.035882346206249
603073,彩蝶实业,2026-07-27,15.182528159834577,15.7452448129432,15.07431341885215,15.55045827917483,1354314.0,19393942.0,0.026611086885921575,14.03,14.55,13.93,14.37,2026-07-24,13.94,1.082147409824275
603075,热威股份,2026-07-27,22.481167757762233,22.481167757762233,21.53359482803569,22.362721141546412,2501659.0,46890103.0,0.06065353368570194,18.98,18.98,18.18,18.88,2026-07-24,18.45,1.1844661621581787
603076,乐惠国际,2026-07-27,26.395677890306228,27.63366613306766,26.395677890306228,27.63366613306766,1565959.0,29046134.0,0.012973832337774133,17.91,18.75,17.91,18.75,2026-07-24,18.1,1.4737955270969418
603077,和邦生物,2026-07-27,32.102071908804085,33.2284603968323,31.96127334780056,32.94686327482525,126567401.0,294491368.0,0.014331030481668177,2.28,2.36,2.27,2.34,2026-07-24,2.29,14.07985610035267
603078,江化微,2026-07-27,176.90980539547257,182.08101509164794,169.1802077443473,182.08101509164794,19102661.0,620819218.0,0.049535310966641884,32.5,33.45,31.08,33.45,2026-07-24,32.24,5.4433786275530025
603079,圣达生物,2026-07-27,21.384483185248673,22.508865733679404,21.320838890054482,22.233073787837906,3934400.0,41063032.0,0.020813668867055463,10.08,10.61,10.05,10.48,2026-07-24,10.04,2.1214765064730825
603080,新疆火炬,2026-07-27,20.915488669258593,21.17516177914781,20.596798943485467,21.104341840087116,1159600.0,20601648.0,0.008195053003533568,17.72,17.94,17.45,17.88,2026-07-24,17.7,1.1803323176782503
603081,大丰实业,2026-07-27,8.97614379650212,9.294758447785549,8.932196948049233,9.261798311445883,4185200.0,34955956.0,0.009905818768879934,8.17,8.46,8.13,8.43,2026-07-24,8.12,1.0986712113221688
603082,北自科技,2026-07-27,35.103714940498634,39.33345943903828,35.103714940498634,39.33345943903828,4348963.0,155583913.0,0.10723114932354297,33.28,37.29,33.28,37.29,2026-07-24,33.9,1.0547991268178676
603083,剑桥科技,2026-07-27,384.4405477134348,400.9659597464403,380.15362074252954,400.5280478515629,18358109.0,3109230787.0,0.0666142362979878,166.8,173.97,164.94,173.78,2026-07-24,166.8,2.30479944672323
603085,天成自控,2026-07-27,24.660983939867343,25.121683639842885,24.38998411635232,24.904883781030865,4653687.0,42691733.0,0.011719181566356082,9.1,9.27,9.0,9.19,2026-07-24,9.01,2.7099982351502576
603086,先达股份,2026-07-27,29.779024509584698,30.78949041110753,29.719585338906885,30.61117289907409,5946444.0,30462023.0,0.013675860759342318,5.01,5.18,5.0,5.15,2026-07-24,5.04,5.943917067781377
603087,甘李药业,2026-07-27,91.38591390150503,95.84482610235723,91.35686561355159,93.95668738538399,8470453.0,547231943.0,0.015094615366822484,62.92,65.99,62.9,64.69,2026-07-24,63.3,1.4524143976717265
603088,宁波精达,2026-07-27,56.53814004456393,60.992660169287156,56.53814004456393,60.581473696235776,11056608.0,96178136.0,0.025250785709352765,8.25,8.9,8.25,8.84,2026-07-24,8.37,6.853107884189567
603089,XD正裕工,2026-07-27,17.803813154120178,18.416173606554885,17.667733053579134,18.302773522770682,1727058.0,13856133.0,0.007195077642320814,7.85,8.12,7.79,8.07,2026-07-24,7.87,2.2680016756840993
603090,宏盛股份,2026-07-27,43.6935926824585,44.80595502162496,41.82482395265885,44.78370777484163,4376900.0,172101803.0,0.043769,39.28,40.28,37.6,40.26,2026-07-24,37.68,1.1123623391664588
603091,众鑫股份,2026-07-27,47.316700225108164,48.60381253693105,47.00002973569141,48.031762620565324,513876.0,24048602.0,0.011674153369100153,46.32,47.58,46.01,47.02,2026-07-24,46.32,1.0215177077959448
603092,德力佳,2026-07-27,50.92425763735493,52.84019907395771,50.254201615810786,52.74597244592807,2525034.0,125437487.0,0.07303769729964323,48.64,50.47,48.0,50.38,2026-07-24,48.65,1.0469625336627246
603093,南华期货,2026-07-27,16.966742653843447,17.383104436759847,16.862652208114344,17.37269539218694,5849826.0,96963471.0,0.009588842889140173,16.3,16.7,16.2,16.69,2026-07-24,16.39,1.0409044572910089
603095,越剑智能,2026-07-27,27.452320676783046,28.972088868907235,27.452320676783046,28.947965564270344,3199696.0,37946399.0,0.012388995668085859,11.38,12.01,11.38,12.0,2026-07-24,11.52,2.4123304636891953
603096,新经典,2026-07-27,19.773034915880128,20.395210227891706,19.773034915880128,20.334510197451554,1355780.0,18025196.0,0.008790373813859073,13.03,13.44,13.03,13.4,2026-07-24,13.02,1.5175007610038473
603097,江苏华辰,2026-07-27,15.773558733002137,17.356052573316358,15.773558733002137,17.356052573316358,8803644.0,145447062.0,0.03918359730010003,15.35,16.89,15.35,16.89,2026-07-24,15.35,1.0275934028014422
603098,森特股份,2026-07-27,11.839383778158883,12.282095778410552,11.839383778158883,12.193553378360217,3751500.0,36107713.0,0.006962695161802698,9.36,9.71,9.36,9.64,2026-07-24,9.4,1.264891429290479
603099,长白山,2026-07-27,36.56417240508614,37.99405624215655,36.54374549312799,37.983842786177476,6664702.0,246059061.0,0.02447056582516712,35.8,37.2,35.78,37.19,2026-07-24,35.83,1.0213455979074342
603100,川仪股份,2026-07-27,29.000446001274383,29.640781241279278,28.949893219168732,29.48912289496233,3024351.0,52923686.0,0.005912256970759499,17.21,17.59,17.18,17.5,2026-07-24,17.24,1.6850927368549902
603101,汇嘉时代,2026-07-27,14.572751619510495,15.108514546698382,14.487029551160434,15.087084029610866,7687198.0,53478225.0,0.016341832482993198,6.8,7.05,6.76,7.04,2026-07-24,6.86,2.1430517087515435
603102,百合股份,2026-07-27,33.07084122035497,33.98045178437259,33.03835512878292,33.893822206847105,628200.0,19557787.0,0.009815625,30.54,31.38,30.51,31.3,2026-07-24,30.7,1.0828697190685976
603103,横店影视,2026-07-27,19.454102234289802,20.24723101768777,19.394243458184295,20.217301629635017,6180408.0,82602585.0,0.009745203405865658,13.0,13.53,12.96,13.51,2026-07-24,13.03,1.496469402637677
603105,芯能科技,2026-07-27,7.430496463756524,7.627186076032433,7.37586046034655,7.627186076032433,7474355.0,51698827.0,0.014948369924584216,6.8,6.98,6.75,6.98,2026-07-24,6.87,1.0927200681994889
603106,恒银科技,2026-07-27,12.052517203911625,12.633828323071349,11.955632017385005,12.595074248460701,7369217.0,47266782.0,0.014157413740106048,6.22,6.52,6.17,6.5,2026-07-24,6.22,1.9377037305324156
603107,上海汽配,2026-07-27,11.705371036136501,11.96948139345005,11.663113378966331,11.884966079109715,1352800.0,15227963.0,0.006200555576746593,11.08,11.33,11.04,11.25,2026-07-24,11.1,1.0564414292541968
603108,润达医疗,2026-07-27,50.664807785251355,54.37057658325831,50.491099872844785,53.79155020856972,24676458.0,227314760.0,0.04081426054625814,8.75,9.39,8.72,9.29,2026-07-24,8.83,5.790263746885869
603109,神驰机电,2026-07-27,24.403322579471656,25.38261448880968,24.403322579471656,25.35102442721813,1330000.0,21198600.0,0.0063682568539202315,15.45,16.07,15.45,16.05,2026-07-24,15.65,1.5795030795774536
603110,东方材料,2026-07-27,41.117117797945056,44.46260507284347,40.27535003200287,44.46260507284347,18714400.0,373984633.0,0.0930015600511765,19.05,20.6,18.66,20.6,2026-07-24,18.73,2.1583788870312364
603111,康尼机电,2026-07-27,15.871493414630317,16.29891244734029,15.871493414630317,16.156439436436965,4464600.0,25350879.0,0.005330259797717369,5.57,5.72,5.57,5.67,2026-07-24,5.59,2.849460218066484
603112,华翔股份,2026-07-27,15.621813306693534,16.809301698272453,15.564168239141159,16.71706959018865,11314302.0,159953231.0,0.021163792681691114,13.55,14.58,13.5,14.5,2026-07-24,13.55,1.1529013510474933
603113,金能科技,2026-07-27,4.9385157538467,5.067550607272624,4.891593988964546,5.032359283611008,7878100.0,33496282.0,0.009284840458388758,4.21,4.32,4.17,4.29,2026-07-24,4.21,1.1730441220538481
603115,海星股份,2026-07-27,93.51666712921298,102.62804892585099,93.22499179730842,102.62804892585099,10515553.0,752703823.0,0.0434723866676809,67.33,73.89,67.12,73.89,2026-07-24,67.17,1.3889301519265258
603116,红蜻蜓,2026-07-27,9.747794916466981,10.259800306018782,9.708409886501457,10.12195270113945,7356900.0,37601388.0,0.01276794478591491,4.95,5.21,4.93,5.14,2026-07-24,4.95,1.9692514982761578
603117,万林物流,2026-07-27,4.95005084067202,5.1305998075050425,4.91995934619985,5.100508313032872,8833400.0,29739746.0,0.014742044872392059,3.29,3.41,3.27,3.39,2026-07-24,3.29,1.5045747236085167
603118,共进股份,2026-07-27,34.75378463335439,39.01362561654519,33.28728199979691,37.71006772004964,141975976.0,2218093511.0,0.18033815686329613,14.93,16.76,14.3,16.2,2026-07-24,15.77,2.3277819580277557
603119,浙江荣泰,2026-07-27,82.8425193674262,84.5450033459517,81.12248400767879,83.4041635665274,7969871.0,375413813.0,0.03007061604230851,47.2,48.17,46.22,47.52,2026-07-24,46.88,1.755138122191233
603120,肯特催化,2026-07-27,42.54946102118443,44.878984585472736,41.36092859042508,43.68094389526731,3082223.0,139908813.0,0.08132514511873351,44.75,47.2,43.5,45.94,2026-07-24,44.73,0.9508259446074732
603121,华培动力,2026-07-27,21.206177975634755,23.05652095586171,21.039855011119972,22.37043872723823,7761891.0,83197148.0,0.022927970409092047,10.2,11.09,10.12,10.76,2026-07-24,10.2,2.07903705643478
603122,合富中国,2026-07-27,10.275936571096212,11.398517877182353,10.275936571096212,11.182636856781171,20401600.0,208871427.0,0.051253523550992316,9.52,10.56,9.52,10.36,2026-07-24,9.72,1.0794051020059046
603123,翠微股份,2026-07-27,9.730880243124458,9.855344990420239,9.493265725559793,9.844030013393347,24827525.0,214077554.0,0.038062916527986226,8.6,8.71,8.39,8.7,2026-07-24,8.56,1.1314977026888906
603124,XD江南新,2026-07-27,118.23888822603875,125.34020642274538,115.44492696831813,124.88424746749236,6065093.0,751259622.0,0.07814954255837707,121.88,129.2,119.0,128.73,2026-07-24,121.0,0.9701254367085557
603125,常青科技,2026-07-27,43.75779208176693,47.288052199917445,43.75779208176693,45.93696499420552,4612230.0,97238452.0,0.011392825064200321,20.08,21.7,20.08,21.08,2026-07-24,20.66,2.179172912438592
603126,中材节能,2026-07-27,9.384476540849827,9.75917433376942,9.367444822989846,9.674015744469513,6499400.0,36819700.0,0.010646027846027846,5.51,5.73,5.5,5.68,2026-07-24,5.54,1.7031717859981537
603127,昭衍新药,2026-07-27,355.0649141468724,398.1685152110986,355.0649141468724,397.4487890337739,77841109.0,3788499586.0,0.12400674900620856,44.4,49.79,44.4,49.7,2026-07-24,45.26,7.99695752583046
603128,华贸物流,2026-07-27,17.69992348658953,18.068671892560143,17.666400904228563,17.968104145477252,6981463.0,37251070.0,0.005333242961193096,5.28,5.39,5.27,5.36,2026-07-24,5.27,3.352258236096502
603129,春风动力,2026-07-27,321.60339804522243,336.41288446213383,319.898545426238,335.1740248923385,2008716.0,581405954.0,0.013087567364160625,282.96,295.99,281.46,294.9,2026-07-24,282.95,1.1365684126562852
603130,云中马,2026-07-27,37.49825522525067,38.122884818025184,36.35139433359909,37.76449078938407,913400.0,33472914.0,0.006642223130411259,36.62,37.23,35.5,36.88,2026-07-24,35.91,1.0239829389746222
603131,上海沪工,2026-07-27,39.72616669993806,41.0758001328754,39.43276812756039,40.81174141773549,4247500.0,58868355.0,0.012607328510205273,13.54,14.0,13.44,13.91,2026-07-24,13.57,2.9339857237768143
603132,金徽股份,2026-07-27,16.669301954596847,17.273592654729292,16.669301954596847,17.216584098113024,4130300.0,61711003.0,0.004223210633946831,14.62,15.15,14.62,15.1,2026-07-24,14.62,1.1401711323253658
603135,中重科技,2026-07-27,12.446530649373651,12.953943169851712,12.312215570423575,12.953943169851712,8461900.0,72452559.0,0.01344144265268274,8.34,8.68,8.25,8.68,2026-07-24,8.33,1.4923897661119485
603136,天目湖,2026-07-27,28.989286823369632,29.861407365588935,28.954402001680858,29.721868078833843,3462345.0,29411559.0,0.012817484801854656,8.31,8.56,8.3,8.52,2026-07-24,8.31,3.4884821688772116
603137,恒尚节能,2026-07-27,35.55448167025438,38.3144186035618,32.28043883760538,38.3144186035618,30536704.0,791917228.0,0.16692804603889197,26.28,28.32,23.86,28.32,2026-07-24,26.51,1.3529102614252047
603138,海量数据,2026-07-27,36.050008214426896,37.05401192448927,35.32838054781957,37.05401192448927,4583999.0,53529739.0,0.01589773771050678,11.49,11.81,11.26,11.81,2026-07-24,11.43,3.1375115939448994
603139,康惠股份,2026-07-27,33.906378932313814,34.33058742655188,32.77515628101231,33.71447508968231,2669159.0,88971425.0,0.026723658390068083,33.57,33.99,32.45,33.38,2026-07-24,33.3,1.0100202243763423
603150,万朗磁塑,2026-07-27,53.37633998235973,54.48745674740485,51.17547408236651,53.82506021439718,1462000.0,72393516.0,0.01710281576453798,49.96,51.0,47.9,50.38,2026-07-24,48.2,1.0683815048510754
603151,邦基科技,2026-07-27,12.17415803590943,13.010718624272103,12.163150659746764,12.603445706253432,4623100.0,53186877.0,0.026991192292467735,11.06,11.82,11.05,11.45,2026-07-24,11.07,1.1007376162666753
603153,上海建科,2026-07-27,13.557696607362418,13.77857451950719,13.557696607362418,13.725984540425102,1391300.0,18117415.0,0.003445686803900466,12.89,13.1,12.89,13.05,2026-07-24,12.91,1.0517995816417702
603155,新亚强,2026-07-27,31.153091700275834,33.319205107560634,30.69066299534986,33.319205107560634,14607299.0,194317497.0,0.031901267913493625,12.8,13.69,12.61,13.69,2026-07-24,12.85,2.4338352890840493
603156,XD养元饮,2026-07-27,145.60936156380848,155.38072686126978,138.9215828561198,150.93555658250665,15534527.0,576415783.0,0.012326274321699702,36.36,38.8,34.69,37.69,2026-07-24,36.75,4.004657908795613
603158,腾龙股份,2026-07-27,39.30396654627555,40.571836434865084,39.30396654627555,40.481274299965825,16421593.0,144991740.0,0.03346086363834827,8.68,8.96,8.68,8.94,2026-07-24,8.76,4.528106744962621
603159,上海亚虹,2026-07-27,27.71043155708408,28.9029529604467,27.522138703921556,28.793115462768565,2454040.0,44353178.0,0.01752885714285714,17.66,18.42,17.54,18.35,2026-07-24,17.66,1.56910710968766
603160,汇顶科技,2026-07-27,52.10160943902247,53.64307717390479,51.389345037387194,53.48361499443421,5103350.0,252821750.0,0.010951800136895623,49.01,50.46,48.34,50.31,2026-07-24,49.2,1.0630811964705666
603161,科华控股,2026-07-27,21.57610974929616,22.27554671086602,21.332827327880562,21.50008399260379,4221842.0,60063474.0,0.022132999560940766,14.19,14.65,14.03,14.14,2026-07-24,14.2,1.5205151338475098
603162,海通发展,2026-07-27,33.6210230636342,33.773707092079405,32.277403613316395,32.64384528158488,45264214.0,486724303.0,0.10730134149226776,11.01,11.06,10.57,10.69,2026-07-24,11.07,3.053680568904105
603163,圣晖集成,2026-07-27,104.39955077327416,108.31986043496447,101.85703110138081,108.31986043496447,2750496.0,204796047.0,0.02750496,73.5,76.26,71.71,76.26,2026-07-24,73.18,1.4204020513370634
603165,荣晟环保,2026-07-27,35.31373541679678,36.22505762110122,35.05742604683616,36.054184707794136,3860900.0,48679835.0,0.012345857528797723,12.4,12.72,12.31,12.66,2026-07-24,12.34,2.8478818884513535
603166,福达股份,2026-07-27,15.716014542848857,16.17535526017638,15.683204491611178,16.126140183319862,7451260.0,72823028.0,0.011629589488520236,9.58,9.86,9.56,9.83,2026-07-24,9.59,1.6405025618840143
603167,渤海轮渡,2026-07-27,13.841416502098962,13.987457238932363,13.808963005024875,13.93877699332123,2880462.0,24746832.0,0.006139818289632609,8.53,8.62,8.51,8.59,2026-07-24,8.58,1.6226748537044506
603168,莎普爱思,2026-07-27,22.95907523037799,24.121560052169283,22.765327760079444,24.02468631702001,10244500.0,50316308.0,0.02750097945981923,4.74,4.98,4.7,4.96,2026-07-24,4.74,4.843686757463711
603169,兰石重装,2026-07-27,10.037676581142597,10.435865404196187,10.037676581142597,10.41927420323562,14999143.0,93458793.0,0.011482230098179029,6.05,6.29,6.05,6.28,2026-07-24,6.08,1.6591200960566275
603170,宝立食品,2026-07-27,12.936629016493471,13.61631180194847,12.800692459402473,13.242486269948222,4768441.0,55770947.0,0.011920804479888003,11.42,12.02,11.3,11.69,2026-07-24,11.42,1.1328046424249976
603171,税友股份,2026-07-27,36.453600419111055,38.05999467721128,36.138621152816896,38.038996059458334,3889339.0,139235647.0,0.009582248885165932,34.72,36.25,34.42,36.23,2026-07-24,34.9,1.0499308876472078
603172,万丰股份,2026-07-27,15.02503286738946,15.526549632036655,14.810097111112091,15.424199271904575,1255600.0,18803876.0,0.009413705203178887,14.68,15.17,14.47,15.07,2026-07-24,14.64,1.0235036013208079
603173,福斯达,2026-07-27,32.04858172713259,33.851907648600076,32.04858172713259,33.53553467992157,727000.0,23044876.0,0.00454375,30.39,32.1,30.39,31.8,2026-07-24,31.39,1.0545765622616845
603175,超颖电子,2026-07-27,77.82114455788476,80.92127186917946,76.50955223387547,79.63948846162494,2451162.0,194944981.0,0.05390220925077582,78.32,81.44,77.0,80.15,2026-07-24,78.3,0.9936305484918893
603176,汇通集团,2026-07-27,4.123506438978054,4.226337023491222,4.030958912916202,4.205770906588588,4096300.0,16596616.0,0.00886997270916211,4.01,4.11,3.92,4.09,2026-07-24,3.96,1.0283058451316842
603177,德创环保,2026-07-27,8.105896880727894,8.555090158753117,8.105896880727894,8.493836529931496,4200900.0,34639286.0,0.020573283968030088,7.94,8.38,7.94,8.32,2026-07-24,8.09,1.0208938136936894
603178,圣龙股份,2026-07-27,15.880720328159553,16.717677210319312,15.880720328159553,16.5030728815604,9473200.0,144683649.0,0.0400707441602734,14.8,15.58,14.8,15.38,2026-07-24,14.89,1.0730216437945643
603179,新泉股份,2026-07-27,140.67515445227184,144.3233690386897,138.1943685335077,144.06799401764044,14288820.0,553766183.0,0.02000678662722199,38.56,39.56,37.88,39.49,2026-07-24,38.51,3.648214586417838
603180,金牌家居,2026-07-27,31.812601948704483,32.82514220317842,31.577127470919848,32.82514220317842,720640.0,9957376.0,0.004671680027258381,13.51,13.94,13.41,13.94,2026-07-24,13.56,2.354744777846372
603181,皇马科技,2026-07-27,38.66593799272586,39.95372943294987,38.601548420714664,39.59958678688827,5323078.0,65369801.0,0.009042089349413963,12.01,12.41,11.99,12.3,2026-07-24,12.04,3.2194786005600218
603182,嘉华股份,2026-07-27,12.084676262774027,12.518656349558729,12.073548568241085,12.474145571426966,1818600.0,20257949.0,0.011051959890610757,10.86,11.25,10.85,11.21,2026-07-24,10.85,1.1127694532941093
603183,建研院,2026-07-27,19.468438173924582,20.09958454864034,19.225689568264677,19.759736500716475,19370262.0,78766857.0,0.038962356096510775,4.01,4.14,3.96,4.07,2026-07-24,4.02,4.8549721131981505
603185,弘元绿能,2026-07-27,49.351320328490544,50.602584229436616,48.94649965465506,50.34497107335948,7730417.0,105353262.0,0.01138463068988133,13.41,13.75,13.3,13.68,2026-07-24,13.41,3.6801879439590266
603186,华正新材,2026-07-27,142.88771415449673,155.01007963766102,136.51526619275865,153.02930096394138,13095010.0,1690551361.0,0.08351914495237525,126.24,136.95,120.61,135.2,2026-07-24,124.5,1.131873527839803
603187,海容冷链,2026-07-27,52.68181403617864,54.799902367829965,52.50155119944236,54.25911385762111,7343880.0,87664087.0,0.01920662119541615,11.69,12.16,11.65,12.04,2026-07-24,11.69,4.5065709184070695
603188,亚邦股份,2026-07-27,7.992382786069963,8.29978212399573,7.94846859493771,8.255867932863477,9544728.0,35673411.0,0.016740144167528982,3.64,3.78,3.62,3.76,2026-07-24,3.64,2.195709556612627
603190,亚通精工,2026-07-27,15.504111227578244,16.32800119619351,15.418512269800035,16.007005104525227,1948450.0,29097753.0,0.03384969706045579,14.49,15.26,14.41,14.96,2026-07-24,14.44,1.069986972227622
603191,望变电气,2026-07-27,13.522883927458114,14.017495246205609,13.428171121740508,14.006971601125876,11427507.0,150327319.0,0.034632520122860805,12.85,13.32,12.76,13.31,2026-07-24,12.84,1.052364507973394
603192,汇得科技,2026-07-27,27.43210517858464,28.461323732058297,27.3085989521678,28.228034193270936,3095100.0,63333824.0,0.022201982925225412,19.99,20.74,19.9,20.57,2026-07-24,20.33,1.3722914046315478
603193,润本股份,2026-07-27,19.372586580008953,20.400943722861978,19.268712121134914,20.32823160165015,3157221.0,61098906.0,0.03055287031043124,18.65,19.64,18.55,19.57,2026-07-24,18.74,1.0387445887404265
603194,中力股份,2026-07-27,34.881639228009874,35.43915638093042,34.76592812079995,35.113061442429725,1110190.0,37087387.0,0.007025322325950897,33.16,33.69,33.05,33.38,2026-07-24,33.02,1.0519191564538564
603195,公牛集团,2026-07-27,132.3907995392593,134.78918358888356,131.19160751444716,132.42506216853963,2970505.0,115423308.0,0.0016501308016016137,38.64,39.34,38.29,38.65,2026-07-24,38.6,3.4262629280346606
603196,璞源材料,2026-07-27,21.79929048737519,23.160279559783973,21.79929048737519,23.113348902114705,2239300.0,43499229.0,0.009448990393541905,18.58,19.74,18.58,19.7,2026-07-24,18.8,1.173266441731711
603197,保隆科技,2026-07-27,44.598498437372825,45.620209492483546,44.598498437372825,45.409380227143245,3133798.0,87274137.0,0.014841422838236433,27.5,28.13,27.5,28.0,2026-07-24,27.75,1.62176357954083
603198,迎驾贡酒,2026-07-27,44.04500540003898,45.14549806798941,43.82996660285327,44.576277722497814,4311054.0,152055867.0,0.0053888175,34.82,35.69,34.65,35.24,2026-07-24,34.96,1.2649341010924464
603199,九华旅游,2026-07-27,34.56913047394991,35.29678380322671,34.56913047394991,35.20722647039264,1611189.0,50484928.0,0.01455718286953379,30.88,31.53,30.88,31.45,2026-07-24,30.78,1.1194666604258392
603200,上海洗霸,2026-07-27,79.25782120957413,85.79741206439404,79.25782120957413,85.39342189575652,4197000.0,140418231.0,0.023917241489196068,31.39,33.98,31.39,33.82,2026-07-24,32.2,2.5249385539845215
603201,常润股份,2026-07-27,37.87523278941988,38.960334956647465,37.746053959988025,38.62447000012464,3033677.0,45060078.0,0.0161061886087264,14.66,15.08,14.61,14.95,2026-07-24,14.65,2.5835765886371
603202,天有为,2026-07-27,52.50919551283482,53.455213487823535,52.50919551283482,53.30967226090219,929764.0,47588380.0,0.018516189208766104,50.51,51.42,50.51,51.28,2026-07-24,50.5,1.0395801922952845
603203,快克智能,2026-07-27,132.25111870308095,137.4361501559561,128.14903685745188,137.1408002630708,7917633.0,323310374.0,0.02426971910059854,40.3,41.88,39.05,41.79,2026-07-24,40.3,3.2816654765032496
603205,健尔康,2026-07-27,26.18264749737849,26.53788944834795,25.74846289063804,26.524732339052782,854348.0,17028874.0,0.020666376390904694,19.9,20.17,19.57,20.16,2026-07-24,19.87,1.315710929516507
603206,XD嘉环科,2026-07-27,13.374722361631335,13.735341362658668,13.321690155597906,13.650489833005178,2645598.0,33928419.0,0.008668407942401361,12.61,12.95,12.56,12.87,2026-07-24,12.58,1.060644120668623
603207,小方制药,2026-07-27,23.048274474259472,23.66888725026089,22.84497028901763,23.40138174336373,1240722.0,27119428.0,0.02272262013115556,21.54,22.12,21.35,21.87,2026-07-24,21.5,1.0700220275886478
603208,江山欧派,2026-07-27,25.78949171593193,26.943015307059877,25.78949171593193,26.778226222613025,1645488.0,15929136.0,0.009355777287483331,9.39,9.81,9.39,9.75,2026-07-24,9.46,2.746484740780823
603209,兴通股份,2026-07-27,18.41309960016947,18.79006069434617,18.41309960016947,18.55808463639128,4270180.0,54673143.0,0.01328240003734841,12.7,12.96,12.7,12.8,2026-07-24,12.87,1.4498503622180685
603210,泰鸿万立,2026-07-27,13.057317182803256,13.310365965415723,13.006707426280764,13.239512306284233,1600427.0,20889533.0,0.006878305809543252,12.9,13.15,12.85,13.08,2026-07-24,12.92,1.0121951304498649
603211,晋拓股份,2026-07-27,25.639131047019717,26.408726674664635,25.175265189261136,26.30330261608314,6534300.0,159846615.0,0.02404013126913115,24.32,25.05,23.88,24.95,2026-07-24,24.3,1.0542405858149555
603212,赛伍技术,2026-07-27,10.715491011198722,10.861280004548364,10.548875018799132,10.840453005498416,11136391.0,115223994.0,0.02545515282754532,10.29,10.43,10.13,10.41,2026-07-24,10.2,1.0413499524974463
603213,镇洋发展,2026-07-27,15.636366873950015,15.796038016353588,15.613556710749503,15.796038016353588,1512000.0,20835251.0,0.0033985651424300553,13.71,13.85,13.69,13.85,2026-07-24,13.8,1.1405081600255298
603214,爱婴室,2026-07-27,19.096955333857675,19.71350954174773,18.999604669453987,19.551258434408243,2719480.0,32705097.0,0.01962956036766152,11.77,12.15,11.71,12.05,2026-07-24,11.71,1.6225110733948749
603215,比依股份,2026-07-27,14.212610954087006,14.758821100557801,14.212610954087006,14.658496787940717,957700.0,12559076.0,0.00511514333457353,12.75,13.24,12.75,13.15,2026-07-24,12.85,1.114714584634275
603216,梦天家居,2026-07-27,20.293921215966115,21.32507180748007,20.151315283097166,21.17149618746735,2873000.0,55116699.0,0.01290134267367192,18.5,19.44,18.37,19.3,2026-07-24,18.6,1.0969687143765467
603217,元利科技,2026-07-27,44.16189672353488,48.017501721798695,44.16189672353488,48.017501721798695,3380644.0,61787983.0,0.016246253981496258,17.41,18.93,17.41,18.93,2026-07-24,17.69,2.5365822356998784
603218,日月股份,2026-07-27,19.512183251240042,20.20158587146587,19.512183251240042,20.013566975040643,7710136.0,73724468.0,0.0074933059523109545,9.34,9.67,9.34,9.58,2026-07-24,9.37,2.0890988491691695
603219,富佳股份,2026-07-27,20.0051384869438,20.61371914294287,19.6618365784315,19.80227826827744,4523016.0,58149726.0,0.008056672604203776,12.82,13.21,12.6,12.69,2026-07-24,12.74,1.5604632205104367
603220,中贝通信,2026-07-27,24.177872946667016,24.84948052851888,23.90922991392627,24.84948052851888,11629571.0,212006929.0,0.026779537284889087,18.0,18.5,17.8,18.5,2026-07-24,18.16,1.343215163703723
603221,爱丽家居,2026-07-27,14.732297472167643,14.732297472167643,14.732297472167643,14.732297472167643,545325.0,8398005.0,0.002250897758698972,15.4,15.4,15.4,15.4,2026-07-24,14.0,0.9566426929978988
603222,济民健康,2026-07-27,21.95349845795504,23.051173380852788,21.72833437120678,22.40382663145155,20142547.0,160469379.0,0.038360135231135295,7.8,8.19,7.72,7.96,2026-07-24,7.91,2.81455108435321
603223,恒通股份,2026-07-27,42.911687349223804,43.07882147716626,41.57461432568421,43.03703794518064,9485645.0,96507427.0,0.013439142455527749,10.27,10.31,9.95,10.3,2026-07-24,10.25,4.178353198561227
603225,新凤鸣,2026-07-27,37.0624582955268,39.03632292996279,36.97846405576357,38.889333010377136,11733991.0,215018235.0,0.007032466141412443,17.65,18.59,17.61,18.52,2026-07-24,17.7,2.099855994080839
603226,菲林格尔,2026-07-27,189.13935394466375,201.0309744772535,179.75123247156662,199.9878498691316,4557570.0,211796900.0,0.01282046557646046,45.33,48.18,43.08,47.93,2026-07-24,44.4,4.172498432487619
603227,雪峰科技,2026-07-27,16.28860022596204,17.064247855769754,16.218086805070428,16.899716540356,8523715.0,60331081.0,0.00795350671651358,6.93,7.26,6.9,7.19,2026-07-24,6.96,2.3504473630536853
603228,景旺电子,2026-07-27,163.16670972925328,179.48338070217864,163.16670972925328,179.48338070217864,55205552.0,4370012044.0,0.056223901913465255,74.6,82.06,74.6,82.06,2026-07-24,74.6,2.18722131004361
603229,奥翔药业,2026-07-27,34.87928452805678,35.84280067524067,34.445702261824025,35.65009744580389,9187529.0,67661535.0,0.011065350586024236,7.24,7.44,7.15,7.4,2026-07-24,7.27,4.817580735919444
603230,内蒙新华,2026-07-27,9.637334093848962,9.772594923236314,9.580975414937564,9.738779715889477,1912601.0,16489272.0,0.00541011758782314,8.55,8.67,8.5,8.64,2026-07-24,8.55,1.1271735782279486
603231,索宝蛋白,2026-07-27,14.638415951863687,15.136970698050346,14.585378212907658,15.041502767929497,1576000.0,22119742.0,0.014830710358466363,13.8,14.27,13.75,14.18,2026-07-24,13.76,1.060754779120557
603232,格尔软件,2026-07-27,46.132829248216765,50.97550193173123,46.132829248216765,50.06522511152175,8446198.0,113828331.0,0.03651620485335505,12.67,14.0,12.67,13.75,2026-07-24,12.92,3.641107280837945
603233,大参林,2026-07-27,58.24782222599995,59.29134998574913,57.362404732879426,58.848641239188865,7105488.0,131688204.0,0.006239153355601557,18.42,18.75,18.14,18.61,2026-07-24,18.4,3.162205332573287
603235,天新药业,2026-07-27,26.508070430838554,26.508070430838554,26.109951725994925,26.35324649006603,320500.0,7606607.0,0.0007321028827264836,23.97,23.97,23.61,23.83,2026-07-24,23.73,1.1058852912323136
603236,移远通信,2026-07-27,196.15446016766978,202.8671230463585,192.13490155767656,201.70145104946047,8691908.0,426807688.0,0.02157053699693111,48.8,50.47,47.8,50.18,2026-07-24,48.89,4.019558609993234
603237,五芳斋,2026-07-27,29.013225303017556,29.948434214584086,28.730487725102094,29.556951414393446,739580.0,9982593.0,0.003896485842671516,13.34,13.77,13.21,13.59,2026-07-24,13.25,2.174904445503565
603238,诺邦股份,2026-07-27,18.08435142776802,18.690530805235102,18.033836479645764,18.606339225031345,2872100.0,31583689.0,0.01618002467480522,10.74,11.1,10.71,11.05,2026-07-24,10.75,1.6838316040752346
603239,浙江仙通,2026-07-27,49.89145426465198,52.11492017011341,49.85244609087196,51.919879301213285,3431500.0,45265552.0,0.01267545803782506,12.79,13.36,12.78,13.31,2026-07-24,12.79,3.900817378002501
603248,锡华科技,2026-07-27,17.230752825587015,18.038286642837726,17.230752825587015,17.99790995197519,3038874.0,53753250.0,0.0424987914473223,17.07,17.87,17.07,17.83,2026-07-24,17.34,1.009417271563387
603255,鼎际得,2026-07-27,25.525492171166643,25.97532666434704,25.107041479836045,25.74517878411521,1033932.0,25349252.0,0.017040424787386117,24.4,24.83,24.0,24.61,2026-07-24,24.38,1.0461267283265019
603256,宏和科技,2026-07-27,157.09724029196522,170.5867304179361,153.6078453697898,170.5867304179361,22360403.0,3478163943.0,0.025417419598682548,147.67,160.35,144.39,160.35,2026-07-24,145.77,1.0638399152973876
603257,中国瑞林,2026-07-27,63.76961296953843,64.97378416344353,63.12121309589722,63.83136533845664,936431.0,58319017.0,0.03760767068273092,61.96,63.13,61.33,62.02,2026-07-24,62.4,1.0292061486368371
603258,电魂网络,2026-07-27,12.668799264689522,13.14576966859427,12.505931321892778,13.075969121681378,3878200.0,43207066.0,0.016069355707175752,10.89,11.3,10.75,11.24,2026-07-24,10.82,1.1633424485481654
603259,药明康德,2026-07-27,329.8101390526107,332.4070692813714,317.2669660476964,323.7333223173106,44704914.0,5590958604.0,0.018075151035674426,127.0,128.0,122.17,124.66,2026-07-24,125.0,2.596930228760714
603260,合盛硅业,2026-07-27,50.3208983278839,51.33511798410481,50.08684763798677,51.31951460477834,7688703.0,250279614.0,0.006503686227299862,32.25,32.9,32.1,32.89,2026-07-24,32.13,1.5603379326475628
603262,技源集团,2026-07-27,20.678857649423126,20.678857649423126,19.49542904900433,20.377810023000798,2902523.0,56130762.0,0.027815860101122813,19.92,19.92,18.78,19.63,2026-07-24,19.92,1.0380952635252572
603266,天龙股份,2026-07-27,31.48819654044043,32.115796334029966,30.860596746850895,31.92102398429528,1418100.0,20828847.0,0.007130188411244087,14.55,14.84,14.26,14.75,2026-07-24,14.55,2.1641372192742563
603267,鸿远电子,2026-07-27,67.75601693209076,70.08466052953511,67.20014717012016,70.06963702245483,7110386.0,327142966.0,0.03077011663950129,45.1,46.65,44.73,46.64,2026-07-24,45.0,1.5023507080286198
603268,松发股份,2026-07-27,214.18621893330385,218.96640143532528,208.03013820369762,215.70396233899015,7021332.0,1054681583.0,0.030102200476989062,151.0,154.37,146.66,152.07,2026-07-24,152.05,1.4184517810152573
603269,海鸥股份,2026-07-27,39.1424217858339,41.97832175421722,37.8119995784442,41.38313287196393,20928654.0,241771409.0,0.0484520720427015,11.18,11.99,10.8,11.82,2026-07-24,11.05,3.501111072078167
603270,金帝股份,2026-07-27,24.712560565437286,25.96219309620918,24.023108134666586,25.660557657747,4048218.0,95354783.0,0.05724559954161867,22.94,24.1,22.3,23.82,2026-07-24,22.44,1.077269423079219
603271,永杰新材,2026-07-27,43.82167806668966,44.59638091225105,43.332392058966676,44.49444632730876,1339513.0,58070444.0,0.014163350708989626,42.99,43.75,42.51,43.65,2026-07-24,43.2,1.019345849422881
603273,天元智能,2026-07-27,13.032176433673454,13.573881609173869,13.021759026452292,13.46970753696225,2012000.0,25865455.0,0.0358911420946727,12.51,13.03,12.5,12.93,2026-07-24,12.59,1.0417407221161834
603275,众辰科技,2026-07-27,34.40701780064945,35.37257382221263,34.199371344399296,35.34142685377511,529007.0,17856436.0,0.01273611978130855,33.14,34.07,32.94,34.04,2026-07-24,33.14,1.0382322812507376
603276,恒兴新材,2026-07-27,18.826593601951043,19.807826763970727,18.66959629602789,19.559247696259074,2954587.0,43765935.0,0.039059969174930737,14.39,15.14,14.27,14.95,2026-07-24,14.49,1.3083108826929146
603277,银都股份,2026-07-27,18.724901363955617,19.31005453157923,18.706025455322596,19.140171353882053,1674545.0,16940770.0,0.002746299166115925,9.92,10.23,9.91,10.14,2026-07-24,9.98,1.8875908633019773
603278,大业股份,2026-07-27,12.268207915396363,12.62466916233282,12.104829843883822,12.580111506465764,8021900.0,67462468.0,0.02347236151450082,8.26,8.5,8.15,8.47,2026-07-24,8.21,1.485255195568567
603279,景津装备,2026-07-27,23.965092818894966,24.511896667634502,23.738829157347567,24.361054226602906,5853672.0,75344819.0,0.010156048253474747,12.71,13.0,12.59,12.92,2026-07-24,12.6,1.8855305128949618
603280,南方路机,2026-07-27,24.5180136215968,25.61947082101195,24.5180136215968,25.587698017182667,986300.0,23561517.0,0.009098148917353948,23.15,24.19,23.15,24.16,2026-07-24,23.42,1.0590934609761038
603281,江瀚新材,2026-07-27,30.26693089334627,31.215840078110638,30.103325861490344,31.166758568553863,2695696.0,50740672.0,0.005197656295267406,18.5,19.08,18.4,19.05,2026-07-24,18.5,1.6360503185592579
603282,亚光股份,2026-07-27,13.98219558301208,14.428435867576296,13.610328679208568,14.162816650573786,1165000.0,15567947.0,0.008705724107009415,13.16,13.58,12.81,13.33,2026-07-24,13.17,1.0624768680100365
603283,赛腾股份,2026-07-27,91.05918321636554,94.30683584136622,88.83162660819198,93.1618301081929,21681324.0,954852010.0,0.06150272335895287,43.74,45.3,42.67,44.75,2026-07-24,43.71,2.0818286057696738
603284,林平发展,2026-07-27,38.69392846707379,40.65917272869096,38.46991098647494,39.7121897425231,1775260.0,69311049.0,0.09609815798421113,38.0,39.93,37.78,39.0,2026-07-24,38.62,1.0182612754493103
603285,键邦股份,2026-07-27,34.553435782698934,35.18187050442126,33.02424462650796,34.836231407473974,5177294.0,168749575.0,0.08310692783800383,32.99,33.59,31.53,33.26,2026-07-24,32.73,1.0473912028705346
603286,日盈电子,2026-07-27,38.633716152233816,41.46622355069413,38.633716152233816,41.38198541244996,3245000.0,125269284.0,0.02791753248656575,36.69,39.38,36.69,39.3,2026-07-24,37.63,1.0529767280521618
603288,海天味业,2026-07-27,315.5786897364916,320.33085070854133,313.81863011721384,316.98673743191375,13191575.0,475335790.0,0.002372329192794468,35.86,36.4,35.66,36.02,2026-07-24,35.85,8.800298096388499
603289,泰瑞机器,2026-07-27,11.317598899833769,11.699950214017342,11.302304847266425,11.669362108882655,2847130.0,21583960.0,0.009703989879626736,7.4,7.65,7.39,7.63,2026-07-24,7.4,1.529405256734293
603290,斯达半导,2026-07-27,122.93437482685837,125.61007490425874,120.03693164912099,125.47702904405651,5591348.0,468399906.0,0.023348507429211386,83.16,84.97,81.2,84.88,2026-07-24,83.78,1.4782873355803077
603291,联合水务,2026-07-27,7.98621117495285,8.16253012297129,7.9136092551805515,8.08992820319899,4410468.0,34214310.0,0.010421203406250041,7.7,7.87,7.63,7.8,2026-07-24,7.72,1.037170282461409
603293,埃泰克,2026-07-27,35.193304852228714,35.577489162594894,34.78890031500114,35.53704870887214,1462461.0,50962711.0,0.041669697594726725,34.81,35.19,34.41,35.15,2026-07-24,34.53,1.0110113430689087
603296,华勤技术,2026-07-27,112.42625272487807,119.61630377123656,110.45225689215056,113.64202499271688,41592376.0,3639387780.0,0.052081870362266545,86.0,91.5,84.49,86.93,2026-07-24,88.19,1.3072820084288148
603297,永新光学,2026-07-27,134.03180148982653,135.34440890376388,129.87521134569153,134.79019688454588,970779.0,88845549.0,0.008767153349932402,91.9,92.8,89.05,92.42,2026-07-24,90.27,1.458452682152628
603298,杭叉集团,2026-07-27,62.97696467458188,64.61798074805097,62.45374215840333,63.90449549871658,4781299.0,128255298.0,0.0036503702982808644,26.48,27.17,26.26,26.87,2026-07-24,26.37,2.378284164447956
603299,苏盐井神,2026-07-27,10.952532691309068,11.159184251522445,10.94037671717887,11.086248406741253,4631765.0,42185630.0,0.0059343091636542365,9.01,9.18,9.0,9.12,2026-07-24,9.11,1.2155974130198743
603300,海南华铁,2026-07-27,25.72425466715187,26.61901135122672,25.72425466715187,26.507166765717365,32224979.0,151783097.0,0.016119032078108733,4.6,4.76,4.6,4.74,2026-07-24,4.64,5.5922292754677985
603301,振德医疗,2026-07-27,215.25487032187914,215.25487032187914,208.12919185605142,213.8693217313015,1858253.0,158945823.0,0.0070421387906394375,87.0,87.0,84.12,86.44,2026-07-24,86.3,2.474193911745737
603303,得邦照明,2026-07-27,50.46966086471927,52.85875723701368,50.171023818182476,52.39722725600226,6092180.0,116381869.0,0.012773350027096966,18.59,19.47,18.48,19.3,2026-07-24,18.5,2.7148822412436404
603305,旭升集团,2026-07-27,22.835729859384884,23.600562916876246,22.77017274017134,23.382039186164427,17471793.0,186812223.0,0.015117819202162245,10.45,10.8,10.42,10.7,2026-07-24,10.44,2.1852373071181708
603306,华懋科技,2026-07-27,152.78483775472466,154.80652234588888,146.7652150956402,152.875699983541,10503484.0,694333084.0,0.031877454229698184,67.26,68.15,64.61,67.3,2026-07-24,67.26,2.2715557204092276
603307,扬州金泉,2026-07-27,23.360285685697217,24.166188315413578,22.979115522993535,23.490972598624193,948030.0,20519515.0,0.009758414822439526,21.45,22.19,21.1,21.57,2026-07-24,21.18,1.089057607724812
603308,应流股份,2026-07-27,69.88204071758138,75.08737723572467,69.88204071758138,74.8486003312227,20111760.0,922916096.0,0.029617463233737283,43.9,47.17,43.9,47.02,2026-07-24,44.1,1.591846030013243
603309,维力医疗,2026-07-27,36.72998855679489,37.66516824788098,36.63324583013081,37.43943521899813,2876660.0,33378619.0,0.009855915388056257,11.39,11.68,11.36,11.61,2026-07-24,11.41,3.2247575554692616
603310,巍华新材,2026-07-27,14.942777309097739,15.25142441875859,14.942777309097739,15.230138411195773,1324345.0,18897201.0,0.006826168754187929,14.04,14.33,14.04,14.31,2026-07-24,14.2,1.0643003781408646
603311,金海高科,2026-07-27,28.822244300319046,29.979258081850137,28.822244300319046,29.692868531966205,5753300.0,147614383.0,0.024390387937740916,25.16,26.17,25.16,25.92,2026-07-24,25.71,1.1455581995357331
603312,西典新能,2026-07-27,32.5456934086725,33.32679005048064,31.797142460273033,32.78436182700276,593535.0,18005395.0,0.011656339909072163,30.0,30.72,29.31,30.22,2026-07-24,30.02,1.08485644695575
603313,梦百合,2026-07-27,10.126465192839413,10.451958716894968,10.09029924572213,10.343460875543116,25138860.0,143402875.0,0.044057900139082236,5.6,5.78,5.58,5.72,2026-07-24,5.57,1.808297355864181
603315,福鞍股份,2026-07-27,23.19573941232861,25.553548088856516,23.153256373111894,25.553548088856516,7718300.0,90330038.0,0.02409211227059788,10.92,12.03,10.9,12.03,2026-07-24,10.94,2.1241519608359534
603316,诚邦股份,2026-07-27,17.910047185987743,18.475772867517403,17.24773419297741,18.25500186984729,13884160.0,180483513.0,0.05253897617533981,12.98,13.39,12.5,13.23,2026-07-24,12.62,1.3798187354381928
603317,天味食品,2026-07-27,38.1982221940448,38.76412178210472,37.88697742061185,38.42458202926877,10952212.0,148414354.0,0.010312068555044742,13.5,13.7,13.39,13.58,2026-07-24,13.59,2.829497940299615
603318,水发燃气,2026-07-27,26.568620700966164,27.51300295337018,25.529800223321754,27.450044136543244,71114138.0,603990403.0,0.15490882624489632,8.44,8.74,8.11,8.72,2026-07-24,8.94,3.1479408413467023
603319,美湖股份,2026-07-27,87.85388259089271,94.3726781434792,87.32938179930528,93.6233912983543,12871264.0,309214950.0,0.037951573700152536,23.45,25.19,23.31,24.99,2026-07-24,23.45,3.7464342256244225
603320,迪贝电气,2026-07-27,22.187520927828093,22.316351694505805,21.815343157425815,22.15889186856638,1583000.0,24425421.0,0.010613746566515005,15.5,15.59,15.24,15.48,2026-07-24,15.2,1.4314529630856834
603321,梅轮电梯,2026-07-27,6.458347149625061,6.595515584661344,6.4126243379462995,6.504069961303822,3917600.0,22342295.0,0.011369715546613717,5.65,5.77,5.61,5.69,2026-07-24,5.63,1.1430702919690372
603322,超讯通信,2026-07-27,49.5314254925652,52.256648501593894,48.81530849749197,52.05772711407355,5385669.0,137392099.0,0.03417588996479121,24.9,26.27,24.54,26.17,2026-07-24,24.8,1.9892138752034219
603323,苏农银行,2026-07-27,8.592902046155828,8.715950762807225,8.572393926713929,8.633918285039627,38839665.0,163802904.0,0.017492227660851213,4.19,4.25,4.18,4.21,2026-07-24,4.19,2.050811944189935
603324,盛剑科技,2026-07-27,34.58162316084532,36.14704643150087,33.973566187946055,35.97886046027341,5585020.0,152072067.0,0.037818498671244864,26.73,27.94,26.26,27.81,2026-07-24,27.1,1.2937382402111979
603325,博隆技术,2026-07-27,63.74481337920193,65.39033080161977,62.64358248881461,64.84604426958926,304909.0,15529826.0,0.008919849516721664,50.36,51.66,49.49,51.23,2026-07-24,50.3,1.265782632629109
603326,我乐家居,2026-07-27,14.564804307631167,15.02154033121542,14.412558966436416,14.86929499002067,4224188.0,24670716.0,0.013234628204488338,5.74,5.92,5.68,5.86,2026-07-24,5.71,2.537422353245848
603327,福蓉科技,2026-07-27,21.87471095701302,23.138232167526404,21.87471095701302,23.032938733316957,33383355.0,288406699.0,0.03193175772992266,8.31,8.79,8.31,8.75,2026-07-24,8.46,2.6323358552362235
603328,依顿电子,2026-07-27,26.732892996603788,27.928010565863723,26.607091147208006,27.833659178816884,13661466.0,119540507.0,0.013682775403903509,8.5,8.88,8.46,8.85,2026-07-24,8.51,3.145046234894563
603329,上海雅仕,2026-07-27,12.762759835277098,13.366403881540204,12.762759835277098,13.193934154036459,3324793.0,30369090.0,0.01610981595470438,8.88,9.3,8.88,9.18,2026-07-24,8.92,1.4372477291978714
603330,天洋新材,2026-07-27,32.57251320126181,35.824344802053346,32.40992162122224,35.824344802053346,13236974.0,84938647.0,0.030593436948594944,6.01,6.61,5.98,6.61,2026-07-24,6.01,5.419719334652548
603331,百达精工,2026-07-27,17.342156588029543,18.259061858864285,17.073408491405566,18.180018301033705,11324674.0,127019767.0,0.05601403919906551,10.97,11.55,10.8,11.5,2026-07-24,10.88,1.5808711566116265
603332,苏州龙杰,2026-07-27,20.4323962722579,21.388540960481564,20.4323962722579,21.243040681838835,2637760.0,26882847.0,0.012192254834248269,9.83,10.29,9.83,10.22,2026-07-24,9.95,2.078575409181882
603333,尚纬股份,2026-07-27,12.325060072026972,12.641860881711876,12.294888566342696,12.59660362318546,13649984.0,113010863.0,0.021961992206730466,8.17,8.38,8.15,8.35,2026-07-24,8.27,1.5085752842138276
603334,丰倍生物,2026-07-27,30.551044723980805,31.28245116512431,30.462089886544433,31.144076973556622,838998.0,26320798.0,0.026369734161330288,30.91,31.65,30.82,31.51,2026-07-24,31.15,0.9883870826263605
603335,迪生力,2026-07-27,9.82114188835213,10.232592277117337,9.82114188835213,10.232592277117337,14862823.0,83783240.0,0.03471449365471385,5.49,5.72,5.49,5.72,2026-07-24,5.53,1.7889147337617723
603336,宏辉果蔬,2026-07-27,34.580936050670644,38.21214545281678,33.7786921129872,37.36767814999209,33598469.0,293636253.0,0.055195372636217196,8.19,9.05,8.0,8.85,2026-07-24,8.3,4.2223365141234
603337,杰克科技,2026-07-27,98.42419230856625,100.64584074387771,97.31336809091052,98.4758585512479,2024480.0,77546054.0,0.004334798419743636,38.1,38.96,37.67,38.12,2026-07-24,37.78,2.5833121340831036
603338,浙江鼎力,2026-07-27,412.6613028945683,421.1519800944914,406.54513711496264,420.1446116131446,6117253.0,354521857.0,0.012081126936052594,57.35,58.53,56.5,58.39,2026-07-24,57.0,7.195489152477215
603339,四方科技,2026-07-27,19.605743431304788,20.280015030794107,19.553876385190225,20.280015030794107,5272774.0,60953950.0,0.017039665131829983,11.34,11.73,11.31,11.73,2026-07-24,11.36,1.7289015371520977
603341,龙旗科技,2026-07-27,38.097811112720315,38.710616689506175,37.15263640954215,38.53404559111025,7515100.0,275679956.0,0.028229668614282534,36.68,37.27,35.77,37.1,2026-07-24,36.67,1.0386535199760174
603344,星德胜,2026-07-27,21.938573850591784,23.179986255832112,21.7090690361776,22.470607738551923,3130900.0,67603177.0,0.05794638557360981,21.03,22.22,20.81,21.54,2026-07-24,21.13,1.0432037018826334
603345,安井食品,2026-07-27,95.70471012889968,97.91458798267534,95.27406726508697,96.87197894397093,3244101.0,276870582.0,0.01106090964652861,84.45,86.4,84.07,85.48,2026-07-24,84.6,1.1332706942439275
603348,文灿股份,2026-07-27,13.63047046941501,13.993096444344676,13.523815770906287,13.88644174583595,1400024.0,18205910.0,0.004451909504457799,12.78,13.12,12.68,13.02,2026-07-24,12.78,1.0665469850872467
603350,安乃达,2026-07-27,28.4906679351649,29.084681861226255,28.46866741938485,29.0186803138861,509075.0,13343202.0,0.011537241215197907,25.9,26.44,25.88,26.38,2026-07-24,25.94,1.1000257890025058
603351,威尔药业,2026-07-27,48.571894736480466,51.16943519412703,48.55077652137765,50.725952676967864,1487900.0,35452440.0,0.010985746719050149,23.0,24.23,22.99,24.02,2026-07-24,23.27,2.1118215102817595
603352,至信股份,2026-07-27,23.750820338930467,24.439105346652518,23.641093743496516,24.34932904129747,1071698.0,26005203.0,0.023640396711170634,23.81,24.5,23.7,24.41,2026-07-24,23.81,0.9975145039450007
603353,和顺石油,2026-07-27,36.51988198075206,39.18222978347257,36.51988198075206,39.00742917016264,6684700.0,187395729.0,0.039225316574540245,27.16,29.14,27.16,29.01,2026-07-24,28.8,1.3446201023840965
603355,莱克电气,2026-07-27,48.389837033481236,49.933372505043636,47.88818800522346,49.0072512221062,1784429.0,45210471.0,0.0031120312230787472,25.08,25.88,24.82,25.4,2026-07-24,25.07,1.929419339453
603356,华菱精工,2026-07-27,14.214369484016187,14.808402835587014,13.980999238756219,14.723540928219752,2528744.0,34292997.0,0.01896463176841158,13.4,13.96,13.18,13.88,2026-07-24,13.2,1.0607738420907602
603357,设计总院,2026-07-27,12.306254659411563,12.589407421486518,12.306254659411563,12.589407421486518,2916580.0,16724366.0,0.0052031310418787615,5.65,5.78,5.65,5.78,2026-07-24,5.68,2.178098169807356
603358,华达科技,2026-07-27,106.93679592981363,114.00118664402484,103.78962660689487,114.00118664402484,8089841.0,268752702.0,0.01751917563975586,31.94,34.05,31.0,34.05,2026-07-24,30.95,3.348052471190157
603360,百傲化学,2026-07-27,81.53901852544145,86.81064272901742,81.53901852544145,86.67371742502844,12866665.0,160289324.0,0.01821896636727492,11.91,12.68,11.91,12.66,2026-07-24,12.0,6.8462651994493235
603363,傲农生物,2026-07-27,3.5097724978335156,3.601789005267354,3.4703368517904427,3.5886437899196624,21631947.0,58771526.0,0.010077355408197186,2.67,2.74,2.64,2.73,2026-07-24,2.67,1.314521534769107
603365,水星家纺,2026-07-27,25.010413661951144,25.27828167749628,24.827135546051842,25.27828167749628,1530441.0,27224567.0,0.005860756386479416,17.74,17.93,17.61,17.93,2026-07-24,17.74,1.4098316607638752
603366,日出东方,2026-07-27,16.50392691850458,17.155740777845203,16.45178180975733,17.07752311472433,11710093.0,76378223.0,0.014402706292035236,6.33,6.58,6.31,6.55,2026-07-24,6.37,2.6072554373624928
603367,XD辰欣药,2026-07-27,16.18646846939273,16.945394463562057,15.96116231487371,16.88610337026758,14237600.0,199729253.0,0.031446648606930756,13.65,14.29,13.46,14.24,2026-07-24,13.84,1.1858218658895772
603368,柳药集团,2026-07-27,48.08496951937132,49.271065434182475,47.956742933986334,49.04666890975875,2901877.0,44314225.0,0.007305624482965751,15.0,15.37,14.96,15.3,2026-07-24,15.07,3.2056646346247546
603369,今世缘,2026-07-27,73.07774623895892,74.45224930301458,72.59094307043922,73.99408161499603,7415847.0,191234385.0,0.005947904058331368,25.52,26.0,25.35,25.84,2026-07-24,25.52,2.8635480501159454
603370,XD华新精,2026-07-27,32.35265697276345,33.17184283841996,32.16600702868982,33.0163012183586,489514.0,15459810.0,0.013990111460417263,31.2,31.99,31.02,31.84,2026-07-24,31.19,1.0369441337424183
603373,安邦护卫,2026-07-27,34.441055638375225,35.01201452403213,33.80892258639794,34.532816887855795,1151420.0,39009846.0,0.018103475777100683,33.78,34.34,33.16,33.87,2026-07-24,33.62,1.019569438673038
603375,盛景微,2026-07-27,34.026893126709446,34.7828223282803,33.13993619686631,34.2183951911074,1893403.0,63792141.0,0.02968603671483054,33.76,34.51,32.88,33.95,2026-07-24,33.73,1.007905602094474
603376,大明电子,2026-07-27,23.899680752484755,24.48788533058995,23.899680752484755,24.374372166394213,789700.0,18586639.0,0.02467750806229844,23.16,23.73,23.16,23.62,2026-07-24,23.19,1.031937856324903
603379,三美股份,2026-07-27,92.00599609027665,93.51076705436995,90.90045007584075,92.45128545720222,6378550.0,382550606.0,0.010448434120433198,59.92,60.9,59.2,60.21,2026-07-24,60.1,1.535480575605418
603380,易德龙,2026-07-27,37.15459073992657,40.131537917855965,36.066860040298515,39.26135335815353,3316600.0,111995156.0,0.020671747655839023,32.45,35.05,31.5,34.29,2026-07-24,32.75,1.1449796838190005
603381,永臻股份,2026-07-27,13.835712100882867,14.310315200540296,13.815077183506459,14.269045365787477,3421093.0,46815895.0,0.024068866577720987,13.41,13.87,13.39,13.83,2026-07-24,13.41,1.0317458688204972
603382,海阳科技,2026-07-27,16.118749099974487,16.648234225178953,16.108566693720554,16.597322193909292,1264321.0,20456149.0,0.010947839981069202,15.83,16.35,15.82,16.3,2026-07-24,15.91,1.0182406253932081
603383,顶点软件,2026-07-27,77.68023185716437,78.05523987302655,75.08196203297646,77.92130843879005,6246622.0,179494017.0,0.030415487110665936,29.0,29.14,28.03,29.09,2026-07-24,28.59,2.678628684729806
603385,惠达卫浴,2026-07-27,6.961693251437524,7.238316824342326,6.930957298892546,7.207580871797348,4112200.0,19114747.0,0.01080267517551024,4.53,4.71,4.51,4.69,2026-07-24,4.54,1.5367976272489015
603386,骏亚科技,2026-07-27,17.85443967463982,18.44441246388879,17.652606878317805,18.413361264454633,7766388.0,90921736.0,0.023799727484363938,11.5,11.88,11.37,11.86,2026-07-24,11.51,1.5525599717078105
603387,基蛋生物,2026-07-27,35.98352339534483,37.68250331352698,35.98352339534483,37.508248962944194,12586284.0,107613622.0,0.02481750313879811,8.26,8.65,8.26,8.61,2026-07-24,8.34,4.356358764569593
603390,通达电气,2026-07-27,9.471853986839935,9.82187770639841,9.471853986839935,9.790057368256731,4693800.0,43063540.0,0.013369832080514725,8.93,9.26,8.93,9.23,2026-07-24,9.01,1.0606779380559839
603391,力聚热能,2026-07-27,54.345464061130485,55.97473451286256,53.14264694911351,55.40613005990908,884836.0,44536358.0,0.03889389010989011,49.7,51.19,48.6,50.67,2026-07-24,50.2,1.0934701018336113
603392,万泰生物,2026-07-27,81.12406962785113,83.5435594237695,80.21320288115244,82.97426770708282,4458154.0,129336054.0,0.003525924843843069,28.5,29.35,28.18,29.15,2026-07-24,28.53,2.846458583433373
603393,新天然气,2026-07-27,66.59487611865296,69.07359359205195,65.65847173981334,68.30243704477228,7549600.0,186705872.0,0.017808964822380827,24.18,25.08,23.84,24.8,2026-07-24,25.18,2.7541305259988818
603395,红四方,2026-07-27,28.797188139684625,29.282607711970883,28.6003964211902,29.03333820187794,2090433.0,46364767.0,0.032160507692307695,21.95,22.32,21.8,22.13,2026-07-24,21.9,1.3119447899628531
603396,金辰股份,2026-07-27,33.112336969943364,34.38588839186426,33.067388096228505,34.23605881281475,2085060.0,47336577.0,0.015051598643844508,22.1,22.95,22.07,22.85,2026-07-24,22.11,1.4982957904951748
603399,永杉锂业,2026-07-27,20.183147271938527,21.261524815709972,19.74596718662578,20.955498755991048,78770318.0,1113990365.0,0.15376099125322898,13.85,14.59,13.55,14.38,2026-07-24,13.55,1.457266951042493
603400,华之杰,2026-07-27,36.86525864342332,43.06928687131514,36.82424027497444,39.94163627708869,8593357.0,318884256.0,0.23718849602160635,35.95,42.0,35.91,38.95,2026-07-24,39.9,1.025459211221789
603402,陕西旅游,2026-07-27,57.31902433772597,63.31497749063294,57.31902433772597,63.31497749063294,2908623.0,185894694.0,0.11572770250059145,60.13,66.42,60.13,66.42,2026-07-24,60.38,0.95325169362591
603406,天富龙,2026-07-27,26.074621601542784,27.232355291513052,26.074621601542784,27.05818296647328,778356.0,20509535.0,0.021230278543416914,25.45,26.58,25.45,26.41,2026-07-24,26.01,1.0245430884692646
603407,长裕集团,2026-07-27,52.526456460836776,55.77186057238381,52.00828269512759,55.290049877952455,7176472.0,428266480.0,0.19983497434506,57.78,61.35,57.21,60.82,2026-07-24,59.18,0.9090767819459463
603408,XD建霖家,2026-07-27,12.786053324137857,12.918140651866553,12.627548530863422,12.838888255229337,1387100.0,13489133.0,0.0030991592432966244,9.68,9.78,9.56,9.72,2026-07-24,9.65,1.3208732772869687
603409,汇通控股,2026-07-27,16.53911743046753,17.045944668799557,16.477056952304423,16.994227603663635,1602785.0,26154940.0,0.029748406455679915,15.99,16.48,15.93,16.43,2026-07-24,16.01,1.0343413027184196
603416,信捷电气,2026-07-27,74.11527298966365,76.16091746708537,73.7533512744275,75.38986685636486,1600990.0,76233083.0,0.011472837797281645,47.1,48.4,46.87,47.91,2026-07-24,47.0,1.5735726749397803
603418,友升股份,2026-07-27,43.68908131872655,44.23901381085038,43.44466687778262,43.92331182463115,821685.0,35421469.0,0.019864443548993038,42.9,43.44,42.66,43.13,2026-07-24,42.66,1.0183935039330199
603421,鼎信通讯,2026-07-27,8.038207954388243,8.251342256209142,7.9316408034777925,8.190446741403171,7816500.0,41805511.0,0.011984994979480773,5.28,5.42,5.21,5.38,2026-07-24,5.23,1.5223878701492883
603435,嘉德利,2026-07-27,41.90472576940568,47.18878587797277,41.90472576940568,47.18878587797277,3547469.0,163923301.0,0.09940356777723722,43.3,48.76,43.3,48.76,2026-07-24,44.33,0.9677765766606393
603439,三力制药,2026-07-27,10.469626006397055,10.894070303953693,10.469626006397055,10.894070303953693,8999900.0,88615844.0,0.02228579434000699,9.62,10.01,9.62,10.01,2026-07-24,9.68,1.0883187116836857
603444,吉比特,2026-07-27,478.63870024057763,485.62994379911044,473.7255625429473,485.3409356992499,1080500.0,377612888.0,0.01499838265936552,347.79,352.87,344.22,352.66,2026-07-24,347.8,1.3762290469552823
603456,九洲药业,2026-07-27,56.20448949665759,59.209642836796796,56.08265895584114,58.60049013271452,22525171.0,323926417.0,0.025547141673203246,13.84,14.58,13.81,14.43,2026-07-24,13.98,4.061018027215144
603458,勘设股份,2026-07-27,22.021476480104074,23.73743568634595,21.90707919968795,23.48004180540967,20412373.0,164628888.0,0.0666799686613794,7.7,8.3,7.66,8.21,2026-07-24,7.7,2.8599320104031265
603459,红板科技,2026-07-27,75.68635265149895,84.97375434231888,75.60367548511182,84.97375434231888,18959012.0,1702935814.0,0.23983006193225717,82.39,92.5,82.3,92.5,2026-07-24,84.09,0.9186351820791231
603466,风语筑,2026-07-27,45.02142216061268,47.46293095457215,45.02142216061268,47.26761025105539,37422420.0,356115799.0,0.06291295811028501,9.22,9.72,9.22,9.68,2026-07-24,9.5,4.883017587918945
603477,巨星农牧,2026-07-27,14.856218165098925,15.326869704764594,14.631123950476214,15.163164821402622,9213350.0,136384813.0,0.018062884143108183,14.52,14.98,14.3,14.82,2026-07-24,14.52,1.0231555210123227
603486,科沃斯,2026-07-27,80.93449376771461,84.15295931332106,80.85822681165759,83.81738470667015,4477862.0,244709554.0,0.007809961490802253,53.06,55.17,53.01,54.95,2026-07-24,53.3,1.525339121140494
603488,展鹏科技,2026-07-27,12.843286345236667,13.217527801654159,12.656165617027922,12.928341221695188,11374180.0,86416892.0,0.03895394657441525,7.55,7.77,7.44,7.6,2026-07-24,7.52,1.7010975291704196
603489,八方股份,2026-07-27,52.858296100410314,54.84960905521857,52.460033509448664,54.67260345923562,1938804.0,47603008.0,0.00826366337423783,23.89,24.79,23.71,24.71,2026-07-24,24.04,2.2125699497869533
603496,恒为科技,2026-07-27,69.2988080414222,71.99106942609284,68.65266530910125,71.8026111291659,27867550.0,731525411.0,0.08702918672463181,25.74,26.74,25.5,26.67,2026-07-24,26.26,2.6922613846706374
603499,翔港科技,2026-07-27,29.290103590636857,30.298175989549787,29.03808549090862,30.01815587874064,3385964.0,36091732.0,0.007992698457779453,10.46,10.82,10.37,10.72,2026-07-24,10.47,2.8002011080914775
603500,祥和实业,2026-07-27,25.444074173870597,26.136858371674005,25.444074173870597,26.073877990055507,5412800.0,44520114.0,0.016273759510748637,8.08,8.3,8.08,8.28,2026-07-24,8.08,3.1490190809245786
603501,豪威集团,2026-07-27,135.44720686297057,136.24883318930245,128.42606593578802,131.7293192460176,19916288.0,1888027794.0,0.016503908202943854,98.0,98.58,92.92,95.31,2026-07-24,96.9,1.3821143557445976
603505,金石资源,2026-07-27,61.320969986124815,63.213115785444785,61.05066344336482,62.82696358150193,16123148.0,260737795.0,0.019156166595423088,15.88,16.37,15.81,16.27,2026-07-24,15.87,3.8615220394285146
603506,南都物业,2026-07-27,24.300984917954516,25.456864155275117,24.025775575735327,24.989008273502492,4063200.0,36887729.0,0.021638343054424986,8.83,9.25,8.73,9.08,2026-07-24,8.73,2.7520934221919044
603507,振江股份,2026-07-27,31.330564606574104,34.52956538145046,31.12010402927961,34.52956538145046,11800152.0,280461212.0,0.04993635439702599,22.33,24.61,22.18,24.61,2026-07-24,22.37,1.403070515296646
603508,思维列控,2026-07-27,57.35742218668214,58.70919137869729,57.27790635185772,58.417633317674415,3534500.0,77787794.0,0.009270226936860223,21.64,22.15,21.61,22.04,2026-07-24,21.64,2.6505278274806905
603511,爱慕股份,2026-07-27,13.326083421634259,13.564688317276769,13.015897057298995,13.469246359019765,2763100.0,31106745.0,0.006875310360631639,11.17,11.37,10.91,11.29,2026-07-24,10.97,1.1930244782125567
603515,欧普照明,2026-07-27,27.732944247709764,28.616796349410677,27.732944247709764,28.450031801919938,1048570.0,17826432.0,0.0014213069735038585,16.63,17.16,16.63,17.06,2026-07-24,16.7,1.6676454749073821
603516,淳中科技,2026-07-27,190.10396540902812,202.60331694329508,186.14127048754045,202.05528466691914,7463571.0,694794481.0,0.0367178343650954,90.19,96.12,88.31,95.86,2026-07-24,89.06,2.107816447599824
603518,锦泓集团,2026-07-27,11.772472913816554,12.20611107026,11.772472913816554,12.157929052877396,4662340.0,35051431.0,0.013550399672182132,7.33,7.6,7.33,7.57,2026-07-24,7.37,1.6060672460868421
603519,立霸股份,2026-07-27,82.85966464762757,83.14323639522384,78.09565928801038,79.68366107454945,12277083.0,172223010.0,0.04609763307545179,14.61,14.66,13.77,14.05,2026-07-24,14.7,5.671434951925227
603520,司太立,2026-07-27,24.912022741216656,26.1871699726647,24.538808917378205,26.000563060745474,11813730.0,97586134.0,0.02694676947757936,8.01,8.42,7.89,8.36,2026-07-24,8.0,3.110115198653765
603527,众源新材,2026-07-27,19.803548557115565,20.743300282626834,19.803548557115565,20.628696413662045,6751017.0,60322689.0,0.021298518603582912,8.64,9.05,8.64,9.0,2026-07-24,8.69,2.2920773792957827
603528,多伦科技,2026-07-27,17.825305878091534,19.433850975746203,17.66116862322881,19.138403916993305,20948199.0,120280232.0,0.029674606706934854,5.43,5.92,5.38,5.83,2026-07-24,5.43,3.282745097254426
603529,爱玛科技,2026-07-27,49.65843435901457,50.61157129488817,49.53929224203037,50.039689133364014,3260896.0,68570176.0,0.003847390313388666,20.84,21.24,20.79,21.0,2026-07-24,20.86,2.3828423396840006
603530,神马电力,2026-07-27,46.05153148740745,49.1941271426284,45.89929501968048,49.08538680853771,3795461.0,167405242.0,0.008879002974874367,42.35,45.24,42.21,45.14,2026-07-24,42.41,1.0874033409069055
603533,掌阅科技,2026-07-27,19.102527799138045,20.929538097980334,19.091717087310574,20.64845959046614,22988217.0,428515885.0,0.05237726765562117,17.67,19.36,17.66,19.1,2026-07-24,17.92,1.0810711827469182
603535,嘉诚国际,2026-07-27,19.562493583469518,19.965152113489474,19.159835053449562,19.898042358486148,3935566.0,23081210.0,0.007702925812618768,5.83,5.95,5.71,5.93,2026-07-24,5.79,3.355487750166298
603536,惠发食品,2026-07-27,15.930717516503321,16.634151796452816,15.930717516503321,16.57208406586904,5204700.0,41233555.0,0.021638261745014993,7.7,8.04,7.7,8.01,2026-07-24,7.75,2.068924352792639
603538,美诺华,2026-07-27,43.883527585536456,47.16937134621707,42.665930658989836,46.218644978913545,67220217.0,1829899577.0,0.1995139106499514,26.31,28.28,25.58,27.71,2026-07-24,26.17,1.6679409952693447
603551,奥普科技,2026-07-27,12.682729610861685,12.996587936439813,12.639930748282847,12.811126198598192,2018000.0,18207416.0,0.005312152813104749,8.89,9.11,8.86,8.98,2026-07-24,8.92,1.426628752627861
603556,海兴电力,2026-07-27,36.5692212527904,37.53458324559337,36.1438074932501,36.81465226790979,5678309.0,127089583.0,0.011677416002087918,22.35,22.94,22.09,22.5,2026-07-24,22.38,1.6362067674626575
603558,健盛集团,2026-07-27,62.45227941893375,63.7003265695919,61.85321678661784,62.95149827919701,5137900.0,64884699.0,0.014995123906977418,12.51,12.76,12.39,12.61,2026-07-24,12.46,4.992188602632594
603565,中谷物流,2026-07-27,43.96578893502018,44.13359728973399,43.126747161451085,43.210651338808,12962264.0,134436421.0,0.006172321194293179,10.48,10.52,10.28,10.3,2026-07-24,10.43,4.1952088678454365
603566,普莱柯,2026-07-27,24.256469300052505,24.644572808853347,23.94113519915182,24.49903399305303,1503800.0,15189585.0,0.004345460679558098,10.0,10.16,9.87,10.1,2026-07-24,9.95,2.4256469300052506
603567,珍宝岛,2026-07-27,12.747988794944629,14.953924925217379,12.585446132714004,14.953924925217379,95801147.0,578892580.0,0.10198085083993938,5.49,6.44,5.42,6.44,2026-07-24,5.85,2.3220380318660525
603568,伟明环保,2026-07-27,71.85627002251597,74.36400562061719,71.56691591504274,74.36400562061719,9131449.0,139298723.0,0.0044577197064293575,14.9,15.42,14.84,15.42,2026-07-24,14.94,4.822568457886978
603569,长久物流,2026-07-27,9.210938105343667,9.498251771014937,9.177136497617635,9.44754935942589,3650100.0,20316189.0,0.006048146056160641,5.45,5.62,5.43,5.59,2026-07-24,5.46,1.6900803863015903
603577,汇金通,2026-07-27,20.05861002942901,20.864639135089188,20.05861002942901,20.542227492825113,3859700.0,34485918.0,0.011380875870697301,8.71,9.06,8.71,8.92,2026-07-24,8.78,2.3029403018862236
603578,三星新材,2026-07-27,21.91440732667736,22.711294865829263,21.595652311016597,22.631606111914074,3578207.0,39867945.0,0.01983957575882043,11.0,11.4,10.84,11.36,2026-07-24,11.0,1.99221884787976
603579,荣泰健康,2026-07-27,53.19007522397825,57.600638392303175,53.19007522397825,57.33732118822408,4671184.0,80640727.0,0.023233668617793517,16.16,17.5,16.16,17.42,2026-07-24,16.3,3.291465050988753
603583,捷昌驱动,2026-07-27,71.43700634191973,73.65865656105082,71.43700634191973,73.22058468685596,2331975.0,54283309.0,0.00610070262037797,22.83,23.54,22.83,23.4,2026-07-24,22.94,3.129084815677605
603585,苏利股份,2026-07-27,19.193315000540753,20.188994697036794,19.193315000540753,20.0618866506756,3530594.0,33253785.0,0.013037836070635472,9.06,9.53,9.06,9.47,2026-07-24,9.24,2.118467439353284
603586,金麒麟,2026-07-27,15.809853941443547,16.20675404039192,15.677553908460757,16.127374020602247,1345700.0,16363063.0,0.006863967958016205,11.95,12.25,11.85,12.19,2026-07-24,11.95,1.323000329827912
603587,地素时尚,2026-07-27,19.735056153367484,20.21166305510355,19.593839293593835,20.176358840160137,1600540.0,18204201.0,0.0033859330725714547,11.18,11.45,11.1,11.43,2026-07-24,11.18,1.7652107471706158
603588,高能环境,2026-07-27,86.57429547143283,92.29413065347694,86.57429547143283,92.08228490599382,64147693.0,815874135.0,0.04211281638569183,12.26,13.07,12.26,13.04,2026-07-24,12.37,7.061524916103821
603589,口子窖,2026-07-27,23.527218217935033,24.039494344825812,23.452250979853456,23.927043487703447,4718529.0,90140899.0,0.007888940622886125,18.83,19.24,18.77,19.15,2026-07-24,18.83,1.2494539680262897
603590,康辰药业,2026-07-27,34.6303256605403,36.10770981797819,34.31059326825897,35.34696722944674,2408500.0,77130765.0,0.015222140517111757,31.41,32.75,31.12,32.06,2026-07-24,31.57,1.1025254906252882
603596,伯特利,2026-07-27,53.6411765956634,54.43586069337694,53.310058221616096,53.72947482874268,10632754.0,259405967.0,0.011845209666777419,24.3,24.66,24.15,24.34,2026-07-24,24.2,2.207455826982033
603598,引力传媒,2026-07-27,30.047820075797674,31.55021107958756,29.759690294248934,31.509049682223452,8814300.0,133230353.0,0.032717910608980084,14.6,15.33,14.46,15.31,2026-07-24,14.62,2.0580698682053202
603599,广信股份,2026-07-27,46.57848236095123,47.858362151046066,46.57848236095123,47.172712263495264,9734845.0,100740003.0,0.010694466482335512,10.19,10.47,10.19,10.32,2026-07-24,10.26,4.570999250338688
603600,XD永艺股,2026-07-27,32.29892629293403,33.609818453639356,32.22609895067262,33.39133642685513,3901550.0,35687124.0,0.011807379991542617,8.87,9.23,8.85,9.17,2026-07-24,8.91,3.641367113070353
603601,再升科技,2026-07-27,112.12188392635801,118.08279421105046,111.97995749100818,117.94086777570064,69570069.0,570130835.0,0.06090131647742502,7.9,8.32,7.89,8.31,2026-07-24,7.94,14.192643534982025
603602,纵横通信,2026-07-27,25.615098090574396,26.65354801316525,25.535217327298177,26.38727880224452,3113380.0,30821542.0,0.013474481810142025,9.62,10.01,9.59,9.91,2026-07-24,9.62,2.6626921092073177
603605,珀莱雅,2026-07-27,117.10637478941237,122.4633685297791,116.60804979030848,121.96504353067523,5010633.0,291091792.0,0.012653878972361785,56.4,58.98,56.16,58.74,2026-07-24,56.25,2.0763541629328435
603606,东方电缆,2026-07-27,206.07325795885623,210.53599093376138,202.9755962468632,205.07570588211271,16312277.0,638804641.0,0.01977704792970074,39.25,40.1,38.66,39.06,2026-07-24,39.25,5.250274088123725
603607,京华激光,2026-07-27,44.65616474374911,49.23873215732464,44.27428412595115,49.23873215732464,5198000.0,102946756.0,0.02911770768913626,18.71,20.63,18.55,20.63,2026-07-24,18.75,2.3867538612372585
603608,天创时尚,2026-07-27,29.880957986244645,32.25385759103467,29.00210628076686,32.25385759103467,25967782.0,453360960.0,0.061096396269583846,17.0,18.35,16.5,18.35,2026-07-24,16.68,1.7577034109555674
603609,禾丰股份,2026-07-27,10.144848401976542,10.36069624031647,10.04522632274273,10.227866801338052,3980400.0,24514267.0,0.004403015845504267,6.11,6.24,6.05,6.16,2026-07-24,6.16,1.6603679872302033
603610,麒盛科技,2026-07-27,35.16712857974943,38.737252744120475,35.05468372417869,38.737252744120475,10470655.0,138651632.0,0.029662616269296657,12.51,13.78,12.47,13.78,2026-07-24,12.53,2.8111213892685396
603611,诺力股份,2026-07-27,59.34468034595,61.11223419655815,59.34468034595,60.660943851722024,1467320.0,23661132.0,0.005696100521678911,15.78,16.25,15.78,16.13,2026-07-24,15.91,3.7607528736343476
603612,索通发展,2026-07-27,25.35774616797095,26.381152963987713,25.341501615653225,26.12124012690409,10865369.0,173875509.0,0.021813434518963018,15.61,16.24,15.6,16.08,2026-07-24,15.64,1.6244552317726426
603613,国联股份,2026-07-27,79.65506724703138,85.22088523336461,78.92512390456145,83.94348438404222,13605936.0,247590730.0,0.018883028419217743,17.46,18.68,17.3,18.4,2026-07-24,17.49,4.562145890437078
603615,茶花股份,2026-07-27,16.53559531898862,17.15524982781956,16.38641923352932,17.01754882585713,2366911.0,34903047.0,0.009787904226284012,14.41,14.95,14.28,14.83,2026-07-24,14.48,1.1475083496869272
603616,韩建河山,2026-07-27,9.496020685865536,9.86519643607197,9.434491394164462,9.824176908271257,10424099.0,49481174.0,0.027125393905171314,4.63,4.81,4.6,4.79,2026-07-24,4.66,2.050976390035753
603617,君禾股份,2026-07-27,18.397523478795122,18.858229408981977,18.274668564078627,18.766088222944607,5138304.0,31227918.0,0.013286666845242557,5.99,6.14,5.95,6.11,2026-07-24,5.97,3.071372867912374
603618,杭电股份,2026-07-27,86.75891166114071,91.2790649746654,85.18211399363209,90.6833858558288,64390993.0,1621259512.0,0.09313460224781778,24.76,26.05,24.31,25.88,2026-07-24,24.64,3.503994816685812
603619,XD中曼石,2026-07-27,20.75165058405282,20.995429151853735,20.75165058405282,20.75165058405282,39987921.0,817811648.0,0.08649057859800247,20.43,20.67,20.43,20.43,2026-07-24,22.7,1.015744032503809
603626,科森科技,2026-07-27,27.3804368232201,28.514158035431556,27.230700059343118,28.514158035431556,15113182.0,198453877.0,0.027236862823362663,12.8,13.33,12.73,13.33,2026-07-24,12.9,2.1390966268140703
603628,清源股份,2026-07-27,9.35825491514085,9.589842775808002,9.316148031383186,9.505629008292674,2562600.0,23139724.0,0.009415311818200727,8.89,9.11,8.85,9.03,2026-07-24,8.88,1.052672093941603
603629,利通电子,2026-07-27,194.89148926490466,219.02091174532143,185.96360294715043,213.56395004590408,43858036.0,4694128455.0,0.12158356236385,105.0,118.0,100.19,115.06,2026-07-24,108.61,1.8561094215705205
603630,拉芳家化,2026-07-27,18.60837296735048,20.607737676045083,18.40843649648102,20.607737676045083,12539876.0,176592022.0,0.05568215353346721,13.03,14.43,12.89,14.43,2026-07-24,13.12,1.4281176490675733
603633,徕木股份,2026-07-27,15.927541695676068,16.715167383923788,15.869199052102164,16.62765341856293,10327560.0,58127433.0,0.02419704366537401,5.46,5.73,5.44,5.7,2026-07-24,5.45,2.9171321786952507
603636,南威软件,2026-07-27,30.324885467797287,31.234632031831207,29.465680379543034,31.032466128712556,13832400.0,84366355.0,0.023834150414810348,6.0,6.18,5.83,6.14,2026-07-24,6.06,5.054147577966215
603637,镇海股份,2026-07-27,30.151101410867387,31.55217489650249,29.646714956038753,31.496131957077086,7721735.0,85453503.0,0.03235103432617423,10.76,11.26,10.58,11.24,2026-07-24,10.72,2.8021469712702034
603638,艾迪精密,2026-07-27,91.77358363701485,94.31877102321474,91.47990816937642,93.53563644284554,6996212.0,133288963.0,0.00794397555875843,18.75,19.27,18.69,19.11,2026-07-24,18.72,4.894591127307459
603639,海利尔,2026-07-27,34.411005082871384,34.61401986212136,34.07264711745475,34.54634826903804,1369696.0,13945990.0,0.004029959708876532,10.17,10.23,10.07,10.21,2026-07-24,10.1,3.383579654166311
603648,畅联股份,2026-07-27,10.64381396849774,10.982708988721136,10.61871063366638,10.857192314564323,2389300.0,20676176.0,0.006592758313172162,8.48,8.75,8.46,8.65,2026-07-24,8.49,1.2551667415681298
603650,彤程新材,2026-07-27,69.88779148698711,72.70057853146417,67.684072503322,72.26869390652479,17081862.0,1094912484.0,0.027794055378545596,63.11,65.65,61.12,65.26,2026-07-24,63.44,1.107396474203567
603655,朗博科技,2026-07-27,25.787564864683382,26.779804638127963,25.787564864683382,26.48106578160701,994400.0,24614114.0,0.009381132075471699,24.17,25.1,24.17,24.82,2026-07-24,24.6,1.0669244875748192
603656,泰禾智能,2026-07-27,35.20643766557635,35.61941640652153,34.71086317644214,35.061895106245544,1989900.0,33916122.0,0.010877018262469387,17.05,17.25,16.81,16.98,2026-07-24,16.58,2.0648937047258857
603657,春光科技,2026-07-27,31.19707842431184,34.36453689698432,30.57632023117502,34.36453689698432,2556422.0,53834404.0,0.01890983840896575,19.6,21.59,19.21,21.59,2026-07-24,19.63,1.5916876747097877
603658,安图生物,2026-07-27,48.86851427419019,49.942034645065426,48.68181507925536,49.64642758641862,2156335.0,68660243.0,0.00377361136715726,31.41,32.1,31.29,31.91,2026-07-24,31.46,1.5558266244568668
603659,璞泰来,2026-07-27,104.3825173491395,107.16605114511655,103.29519946008597,105.73079153156587,31995754.0,775518233.0,0.01492211087697259,24.0,24.64,23.75,24.31,2026-07-24,23.83,4.349271556214146
603660,苏州科达,2026-07-27,15.814400897063582,17.371259016463625,15.568581194000416,17.371259016463625,20296731.0,165842862.0,0.03551529379476094,7.72,8.48,7.6,8.48,2026-07-24,7.71,2.0484975255263707
603661,恒林股份,2026-07-27,43.49275526822785,44.66045336847818,43.20482970926202,44.62846163970419,1444700.0,39971001.0,0.010388515449071463,27.19,27.92,27.01,27.9,2026-07-24,27.33,1.599586438699075
603662,柯力传感,2026-07-27,120.52509231972539,126.77936738064086,120.16025960783864,126.72724842179991,5247927.0,250342819.0,0.018687211005632778,46.25,48.65,46.11,48.63,2026-07-24,46.4,2.6059479420481164
603663,三祥新材,2026-07-27,112.74858324471248,117.86170116280472,109.19539960671614,117.45727375685392,14140891.0,557035312.0,0.02383964843002786,39.03,40.8,37.8,40.66,2026-07-24,38.7,2.888767185362861
603665,康隆达,2026-07-27,37.00887457324243,37.095546410650485,34.72073806566959,36.61018412116535,4544300.0,93767388.0,0.02837213621345032,21.35,21.4,20.03,21.12,2026-07-24,21.41,1.7334367481612378
603666,亿嘉和,2026-07-27,58.77191268459124,59.89880776556423,57.067122690298774,59.55207081757254,3355000.0,68179625.0,0.01632361769124006,20.34,20.73,19.75,20.61,2026-07-24,19.75,2.889474566597406
603667,五洲新春,2026-07-27,73.70795485756958,77.83367999207633,73.5129205784838,77.6836536235488,15581362.0,787802840.0,0.042548454780940076,49.13,51.88,49.0,51.78,2026-07-24,49.16,1.5002636852751796
603668,天马科技,2026-07-27,16.295400776850226,17.03324647676541,16.26400308749213,16.876258029974945,5213700.0,55509046.0,0.010307895781343245,10.38,10.85,10.36,10.75,2026-07-24,10.46,1.569884467904646
603669,灵康药业,2026-07-27,15.393559934290183,17.184239355217816,15.393559934290183,16.74442335709524,63919814.0,336784346.0,0.08973328297379773,4.9,5.47,4.9,5.33,2026-07-24,4.97,3.14154284373269
603676,卫信康,2026-07-27,9.638802452662851,9.975174620084298,9.638802452662851,9.92877845906065,1987500.0,16937592.0,0.004567269852686876,8.31,8.6,8.31,8.56,2026-07-24,8.38,1.1599040255911974
603677,奇精机械,2026-07-27,36.712298610878996,37.306829762472184,36.17722057444514,37.217650089733205,1586600.0,19748879.0,0.00823776154899408,12.35,12.55,12.17,12.52,2026-07-24,12.32,2.972655757965911
603678,火炬电子,2026-07-27,121.9819716582067,129.35325739303536,117.68442669311356,128.3571376991396,27428588.0,1195646025.0,0.05767559414823619,42.86,45.45,41.35,45.1,2026-07-24,42.02,2.846056268273605
603679,华体科技,2026-07-27,22.632198791236046,24.724609622878628,22.489857918335193,24.62497101184803,6828697.0,112937149.0,0.038431213829038864,15.9,17.37,15.8,17.3,2026-07-24,16.06,1.4234087290085564
603680,今创集团,2026-07-27,20.185617865897633,20.565284659613578,20.016877068690548,20.080154867643206,7895717.0,75815322.0,0.010074681547086139,9.57,9.75,9.49,9.52,2026-07-24,9.49,2.109259965088572
603681,永冠新材,2026-07-27,18.124609090270383,19.38783942080438,18.124609090270383,19.343900974524935,10927277.0,188169966.0,0.045962786607640735,16.5,17.65,16.5,17.61,2026-07-24,16.67,1.0984611569860838
603682,锦和商管,2026-07-27,10.638168587190934,11.339133184021344,10.624424183331515,11.325388780161925,9892100.0,79331380.0,0.020935661375661375,7.74,8.25,7.73,8.24,2026-07-24,7.71,1.3744403859419811
603683,晶华新材,2026-07-27,30.283949199647285,30.946106288256935,28.5701308526576,30.65397816092915,43846666.0,674853916.0,0.15211549047652187,15.55,15.89,14.67,15.74,2026-07-24,15.8,1.9475208488519153
603685,晨丰科技,2026-07-27,50.332663178767746,50.54198616363219,48.810314197935455,50.12334019390331,1644776.0,42924920.0,0.008164047856730703,26.45,26.56,25.65,26.34,2026-07-24,26.0,1.9029362260403686
603686,福龙马,2026-07-27,39.535756238984284,41.03458440305698,39.26929789870469,40.83474064784729,11721279.0,142943468.0,0.02821478372102972,11.87,12.32,11.79,12.26,2026-07-24,11.89,3.330729253494885
603687,大胜达,2026-07-27,12.811449434391406,13.141269532461015,12.399174311804392,13.13096265439634,16694600.0,207200618.0,0.030352059749033013,12.43,12.75,12.03,12.74,2026-07-24,12.34,1.0306878064675307
603688,石英股份,2026-07-27,127.72327903674007,132.34375941533014,125.41303884744504,132.0412279619701,13264003.0,625481473.0,0.024486864748607267,46.44,48.12,45.6,48.01,2026-07-24,46.44,2.7502859396369526
603689,皖天然气,2026-07-27,12.976154907140684,13.135697795343232,12.869792981672315,13.047062857452927,3000700.0,22070274.0,0.00573256598676432,7.32,7.41,7.26,7.36,2026-07-24,7.36,1.7726987578061042
603690,至纯科技,2026-07-27,30.64731482354557,32.09196939435243,30.311948583893976,32.09196939435243,35650300.0,871691481.0,0.09309041248628298,23.76,24.88,23.5,24.88,2026-07-24,22.62,1.2898701525061267
603693,江苏新能,2026-07-27,15.407981074827566,16.70334231563165,15.407981074827566,16.607894645256614,11995856.0,143561330.0,0.013456175617449122,11.3,12.25,11.3,12.18,2026-07-24,11.69,1.3635381482148288
603696,安记食品,2026-07-27,24.32024408671235,25.29400385971548,24.32024408671235,25.03275123769025,4728473.0,49717694.0,0.020104051870748298,10.24,10.65,10.24,10.54,2026-07-24,10.35,2.375023836593003
603697,有友食品,2026-07-27,16.47239070950953,16.800744012689126,16.253488507389804,16.764260312335836,4100820.0,37375841.0,0.009588252902441982,9.03,9.21,8.91,9.19,2026-07-24,8.98,1.8241850176643999
603698,航天工程,2026-07-27,32.23101539932619,33.37406587545722,31.4639683692909,33.32894546192573,21105014.0,458723924.0,0.039375760741804884,21.43,22.19,20.92,22.16,2026-07-24,21.26,1.50401378438293
603699,纽威股份,2026-07-27,59.51491027812523,60.63836975529892,58.71853393987552,59.58601530832609,4980749.0,209186971.0,0.006569671931219789,41.85,42.64,41.29,41.9,2026-07-24,41.81,1.4221006040173292
603700,宁水集团,2026-07-27,17.06738485542966,17.46467035020223,16.90847065752063,17.162733374175076,3861600.0,41705636.0,0.019311675591215275,10.74,10.99,10.64,10.8,2026-07-24,10.76,1.5891419790902848
603701,德宏股份,2026-07-27,62.11723453587947,64.63355769416162,61.5061274831538,64.27408295726417,3716700.0,65363186.0,0.014220511810556506,17.28,17.98,17.11,17.88,2026-07-24,17.18,3.594747368974506
603703,盛洋科技,2026-07-27,27.62345806821939,29.435392817743676,27.62345806821939,29.29864302532675,8819800.0,74335023.0,0.02125344581111109,8.08,8.61,8.08,8.57,2026-07-24,8.17,3.4187448104231914
603706,东方环宇,2026-07-27,23.91617846325481,24.61571348453102,23.836985819336743,24.140557621022648,953600.0,17563215.0,0.005035306443015702,18.12,18.65,18.06,18.29,2026-07-24,18.16,1.3198773986343713
603707,健友股份,2026-07-27,29.574070990750823,30.752320831019777,29.416971012048293,30.359570884263462,10253250.0,79284995.0,0.006346203402266907,7.53,7.83,7.49,7.73,2026-07-24,7.55,3.92749946756319
603708,家家悦,2026-07-27,17.85294416989587,18.21119723016134,17.79323532651829,18.071876595613656,2367912.0,21541471.0,0.003709491673835993,8.97,9.15,8.94,9.08,2026-07-24,8.98,1.9902947792526051
603709,中源家居,2026-07-27,16.00231703753814,16.66700310347949,15.736442611161596,16.53406589029122,3593420.0,35429892.0,0.02209404012004251,9.63,10.03,9.47,9.95,2026-07-24,9.54,1.6617151648533892
603711,香飘飘,2026-07-27,11.2887799856705,11.467966969570032,11.098393815277248,11.367174291126545,4707499.0,47748595.0,0.01140177841138497,10.08,10.24,9.91,10.15,2026-07-24,9.93,1.1199186493720734
603712,七一二,2026-07-27,11.203392665651178,11.626746674214955,11.15176412802145,11.61642096668901,9346800.0,104140913.0,0.012107253886010362,10.85,11.26,10.8,11.25,2026-07-24,10.89,1.0325707525945786
603713,密尔克卫,2026-07-27,66.78969790404138,68.51351024173786,66.243645548622,68.51351024173786,2482091.0,156169800.0,0.01555130669167616,62.38,63.99,61.87,63.99,2026-07-24,62.64,1.070690892979182
603716,塞力医疗,2026-07-27,47.92281651162187,54.116922047137614,47.81414799345492,54.116922047137614,14503620.0,213675585.0,0.06423477806466579,13.23,14.94,13.2,14.94,2026-07-24,13.58,3.6222839388981
603717,天域生物,2026-07-27,7.378093367376037,7.697617095884447,7.2619029206457055,7.552379037471534,12088630.0,62820343.0,0.04166392092484121,5.08,5.3,5.0,5.2,2026-07-24,5.06,1.452380584129141
603719,良品铺子,2026-07-27,8.936401466652715,9.211198559723217,8.936401466652715,9.156239141109115,4356500.0,36223056.0,0.010946436459410118,8.13,8.38,8.13,8.33,2026-07-24,8.19,1.0991883722820066
603721,中广天择,2026-07-27,20.071316852882518,20.910487742550668,19.782421956439382,20.800432543905664,2394000.0,35834693.0,0.018415384615384615,14.59,15.2,14.38,15.12,2026-07-24,14.4,1.375689983062544
603722,阿科力,2026-07-27,29.284096143220044,31.240791129007118,29.173548403910043,31.06391474611111,2052400.0,56518448.0,0.021446158882077068,26.49,28.26,26.39,28.1,2026-07-24,26.56,1.1054773931000395
603725,天安新材,2026-07-27,23.013226776176356,23.013226776176356,21.658385067131146,22.536169836371705,16376276.0,192184555.0,0.05371777414300338,12.06,12.06,11.35,11.81,2026-07-24,11.99,1.9082277592186032
603726,朗迪集团,2026-07-27,56.08156415393634,59.52123342204443,56.08156415393634,58.27497644084585,14760318.0,339790751.0,0.07995219221912929,22.5,23.88,22.5,23.38,2026-07-24,25.0,2.4925139623971706
603727,博迈科,2026-07-27,17.66755445657021,19.38285100575178,17.17583611247149,19.199886040505746,8917900.0,141916575.0,0.031655270789297106,15.45,16.95,15.02,16.79,2026-07-24,16.35,1.1435310327877157
603728,鸣志电器,2026-07-27,62.73823023838637,65.22291262406503,62.49516348326563,65.11488295512248,4287386.0,203645097.0,0.010235295100654717,46.46,48.3,46.28,48.22,2026-07-24,46.46,1.3503708617818848
603730,岱美股份,2026-07-27,66.3086794006186,67.13753789312634,65.41074936706856,67.13753789312634,12383639.0,118954004.0,0.0057636020758640594,9.6,9.72,9.47,9.72,2026-07-24,9.61,6.907154104231104
603733,仙鹤股份,2026-07-27,22.384430691862207,23.552219128736535,22.329861138737236,23.33394091623666,10333237.0,219347017.0,0.013300620384217468,20.51,21.58,20.46,21.38,2026-07-24,20.51,1.0913910624993761
603737,三棵树,2026-07-27,192.82999803576024,198.82288645734693,190.53859952162418,198.294102184854,7223861.0,161323026.0,0.008159042560309474,21.88,22.56,21.62,22.5,2026-07-24,21.7,8.813071208215733
603738,泰晶科技,2026-07-27,163.75455510549727,168.7448761376158,155.7803307758234,168.7448761376158,26183706.0,831837509.0,0.06785321251096679,31.83,32.8,30.28,32.8,2026-07-24,31.3,5.144660857854141
603739,蔚蓝生物,2026-07-27,16.394143893714844,16.743602011931195,16.22701175022007,16.7132143494776,2881100.0,31434989.0,0.011386447900375128,10.79,11.02,10.68,11.0,2026-07-24,10.81,1.5193831226797818
603755,日辰股份,2026-07-27,22.12206289231796,22.613907175991038,21.783236830232063,22.41716946252181,819500.0,16800854.0,0.008310205964221131,20.24,20.69,19.93,20.51,2026-07-24,20.1,1.0929872970512826
603757,大元泵业,2026-07-27,155.85314513474438,166.48069462532,151.50191519443425,165.95327281437332,10105900.0,614356217.0,0.05417340385580257,59.1,63.13,57.45,62.93,2026-07-24,58.86,2.6371090547334073
603758,秦安股份,2026-07-27,11.55230238101157,11.870986584625681,11.4460743131402,11.778037025238232,2350550.0,20757385.0,0.005427067423216174,8.7,8.94,8.62,8.87,2026-07-24,8.62,1.3278508483921345
603759,海天股份,2026-07-27,10.741789377682423,11.079480361112559,10.741789377682423,11.047319315071594,2706455.0,18516893.0,0.00586117247054747,6.68,6.89,6.68,6.87,2026-07-24,6.74,1.6080523020482669
603766,隆鑫通用,2026-07-27,48.98780934058659,49.69521452962033,48.56336622716635,49.341511935103455,13411400.0,186214680.0,0.006530862762792002,13.85,14.05,13.73,13.95,2026-07-24,13.82,3.5370259451687067
603767,中马传动,2026-07-27,22.526901803300984,23.320953514375194,22.47511582214397,23.217381552061166,3047000.0,40774812.0,0.009872615076555699,13.05,13.51,13.02,13.45,2026-07-24,13.05,1.7261993719004585
603768,常青股份,2026-07-27,9.963934283968143,10.331497163835364,9.904329492638325,10.301694768170453,3380900.0,34576224.0,0.014208097428759654,10.03,10.4,9.97,10.37,2026-07-24,10.07,0.9934131888303234
603773,沃格光电,2026-07-27,187.1722463857519,198.89925445168964,177.8366281999269,197.7495477785585,16774938.0,1397740483.0,0.07466191945364026,81.4,86.5,77.34,86.0,2026-07-24,79.88,2.299413346262308
603776,永安行,2026-07-27,48.18976385690206,49.700664043834635,48.18976385690206,49.541621918894364,1206762.0,22458654.0,0.004298188992149511,18.18,18.75,18.18,18.69,2026-07-24,18.35,2.650702082337847
603777,来伊份,2026-07-27,17.93205051617256,18.59411365384743,17.481284124564137,18.59411365384743,6600832.0,84811864.0,0.019737903749455717,12.73,13.2,12.41,13.2,2026-07-24,12.77,1.4086449737763205
603778,国晟科技,2026-07-27,53.9844189600629,57.43839837219963,53.28083056129431,57.37443579049339,45067824.0,396376591.0,0.070105504093474,8.44,8.98,8.33,8.97,2026-07-24,8.46,6.396258170623566
603779,威龙股份,2026-07-27,10.08133259228352,10.881682660678546,9.958201812530438,10.835508618271142,34560272.0,237721397.0,0.10407126411629314,6.55,7.07,6.47,7.04,2026-07-24,6.92,1.5391347469135144
603786,科博达,2026-07-27,43.13472738681905,43.826092914681915,42.400151513464756,43.18874031868334,2293033.0,91335386.0,0.00567783820350139,39.93,40.57,39.25,39.98,2026-07-24,39.92,1.0802586372857264
603787,新日股份,2026-07-27,10.566668761245875,10.87644080962116,10.53224964475973,10.807602576648874,1776900.0,16694208.0,0.007720825315338728,9.21,9.48,9.18,9.42,2026-07-24,9.26,1.1473038828714304
603788,XD宁波高,2026-07-27,27.880337566801213,28.96517560441994,27.72846024153459,28.813298279153315,1968700.0,26013911.0,0.008825675923403659,12.85,13.35,12.78,13.28,2026-07-24,12.86,2.1696760752374487
603790,雅运股份,2026-07-27,27.94445094619509,30.717007436940296,27.91526614102935,30.717007436940296,2975800.0,61088495.0,0.01555079431438127,19.15,21.05,19.13,21.05,2026-07-24,19.14,1.45924025828695
603797,联泰环保,2026-07-27,8.365173588742268,8.61186771602421,8.29789337221083,8.522160760648958,4686800.0,17775894.0,0.008128265373400471,3.73,3.84,3.7,3.8,2026-07-24,3.72,2.242673884381305
603798,康普顿,2026-07-27,32.30988724057851,32.75747009412765,31.582565103561155,32.44975688231261,4211910.0,48485698.0,0.016423925710173516,11.55,11.71,11.29,11.6,2026-07-24,11.7,2.797392834682122
603799,华友钴业,2026-07-27,101.29413936846285,103.3200221558321,100.47352861914872,102.75585226567866,46001843.0,1830956806.0,0.02437045327709672,39.5,40.29,39.18,40.07,2026-07-24,39.31,2.5644085916066546
603800,洪田股份,2026-07-27,67.87987961667874,70.53595568877346,65.05244379799727,70.3645959421867,5133400.0,327924846.0,0.024679807692307692,63.38,65.86,60.74,65.7,2026-07-24,63.9,1.0709984161672252
603801,志邦家居,2026-07-27,18.226619217913303,18.859976642474,18.085873123566483,18.75441707171388,4696570.0,24868200.0,0.0108128328872311,5.18,5.36,5.14,5.33,2026-07-24,5.18,3.518652358670522
603803,瑞斯康达,2026-07-27,9.31188477201256,9.651380570992185,9.166386572449863,9.58348141119626,22367422.0,218559271.0,0.0526436517287959,9.6,9.95,9.45,9.88,2026-07-24,9.61,0.9699879970846417
603806,福斯特,2026-07-27,97.71678430918126,99.624487256649,97.01022766197099,99.624487256649,25384251.0,353858462.0,0.009730442863993648,13.83,14.1,13.73,14.1,2026-07-24,13.75,7.065566472102766
603808,歌力思,2026-07-27,17.23074120832589,17.71137555165437,17.01445575382808,17.567185248655825,3287100.0,23981763.0,0.009037117595465907,7.17,7.37,7.08,7.31,2026-07-24,7.1,2.403171716642384
603809,XD豪能股,2026-07-27,70.45655075193348,72.73478652475049,70.45655075193348,71.97537460047816,8430354.0,71851744.0,0.00916055257423119,8.35,8.62,8.35,8.53,2026-07-24,8.36,8.437910269692633
603810,丰山集团,2026-07-27,21.90880098099385,22.888203162845862,21.823635573876285,22.462376127258032,1940500.0,20497486.0,0.011736267247330762,10.29,10.75,10.25,10.55,2026-07-24,10.3,2.12913517793915
603811,诚意药业,2026-07-27,31.24260315972722,32.19208892869143,31.197389551681308,31.875593672370027,3243490.0,22843269.0,0.007078362337009703,6.91,7.12,6.9,7.05,2026-07-24,6.93,4.5213608045914935
603815,交建股份,2026-07-27,5.523886184057882,5.624523786601446,5.4567944490288385,5.624523786601446,11557100.0,57624005.0,0.018672883281101442,4.94,5.03,4.88,5.03,2026-07-24,4.93,1.118195583817385
603816,顾家家居,2026-07-27,53.706031112174436,54.47455175940252,53.231356594768855,53.63822046683078,8754844.0,207983637.0,0.010730548962139113,23.76,24.1,23.55,23.73,2026-07-24,23.83,2.2603548447884863
603817,海峡环保,2026-07-27,5.877211624445845,5.986048876750397,5.801025547832658,5.942513975828576,7232200.0,39483337.0,0.01268619976220734,5.4,5.5,5.33,5.46,2026-07-24,5.39,1.0883725230455268
603818,曲美家居,2026-07-27,5.9089857000788575,6.210080512821729,5.739619867910991,6.115988383839581,26195600.0,84201775.0,0.03815575626993268,3.14,3.3,3.05,3.25,2026-07-24,3.09,1.881842579642948
603819,神力股份,2026-07-27,22.35941929884619,22.835573747091363,22.061822768692956,22.61733629164566,3266500.0,37147554.0,0.015002513179304806,11.27,11.51,11.12,11.4,2026-07-24,11.18,1.9839768676882157
603823,百合花,2026-07-27,154.52749931430947,154.89757581612662,140.46459224525842,140.46459224525842,18019581.0,1286833351.0,0.043278046848705634,75.16,75.34,68.32,68.32,2026-07-24,75.91,2.055980565650738
603826,坤彩科技,2026-07-27,27.749258777141023,28.61173573913324,27.56176378540358,28.480489244917035,7655638.0,115590520.0,0.008988022447637833,14.8,15.26,14.7,15.19,2026-07-24,14.75,1.8749499173743933
603829,洛凯股份,2026-07-27,14.67916780118968,15.354963450904826,14.67916780118968,15.288491747654158,3900100.0,53414396.0,0.020938317625371766,13.25,13.86,13.25,13.8,2026-07-24,13.25,1.107861720844504
603833,欧派家居,2026-07-27,52.760005044092374,54.55282074947415,52.57218625590952,53.528354632113135,3185540.0,100176846.0,0.005229459094050361,30.9,31.95,30.79,31.35,2026-07-24,30.99,1.7074435289350283
603836,海程邦达,2026-07-27,8.978774405842648,9.434549756393036,8.89901371949633,9.343394686282958,3926120.0,31935389.0,0.014075679928850221,7.88,8.28,7.81,8.2,2026-07-24,7.93,1.1394383763759706
603839,安正时尚,2026-07-27,11.64736028435263,12.160633788408846,11.469688686794706,12.101409922556206,5007700.0,30305896.0,0.0129392516385619,5.9,6.16,5.81,6.13,2026-07-24,5.85,1.9741288617546828
603848,好太太,2026-07-27,14.257605461792597,14.68754140481324,14.199506010033053,14.617822062701784,1626200.0,20322774.0,0.004041187096995059,12.27,12.64,12.22,12.58,2026-07-24,12.27,1.1619890351909208
603855,华荣股份,2026-07-27,21.893606668815508,22.12651737805822,21.660695959572788,21.93470855868187,1016600.0,16260097.0,0.0030298108230946332,15.98,16.15,15.81,16.01,2026-07-24,15.9,1.370062995545401
603856,东宏股份,2026-07-27,16.720885349123087,17.02910443389955,16.720885349123087,16.92122775422779,2197500.0,24114881.0,0.007791004384022099,10.85,11.05,10.85,10.98,2026-07-24,10.88,1.5410954238823122
603858,步长制药,2026-07-27,34.795801653073035,36.061103531366605,34.75061230027684,35.948130149376105,6792460.0,107451106.0,0.0064409854585806,15.4,15.96,15.38,15.91,2026-07-24,15.44,2.2594676398099374
603859,能科科技,2026-07-27,54.317413642023844,57.4885458835524,54.08193352507866,57.42575118570035,6663119.0,238523447.0,0.027230002459238466,34.6,36.62,34.45,36.58,2026-07-24,34.75,1.5698674463012672
603860,中公高科,2026-07-27,24.090792014052425,24.91231149371675,24.037446593295005,24.68826072653557,1262150.0,29160837.0,0.018928464307138574,22.58,23.35,22.53,23.14,2026-07-24,22.68,1.066908415148469
603861,白云电器,2026-07-27,12.438187287038891,12.863331287209371,12.372780517781894,12.819726774371372,14329560.0,166585194.0,0.02710920652798084,11.41,11.8,11.35,11.76,2026-07-24,11.56,1.0901128209499467
603863,松炀资源,2026-07-27,11.783412250895209,12.628678373077273,11.773349558964469,12.38717376673954,4262800.0,51901067.0,0.020829709259711702,11.71,12.55,11.7,12.31,2026-07-24,11.73,1.0062691930738863
603866,XD桃李面,2026-07-27,17.054082867728802,17.39860979434959,16.924885270246012,17.269412196866792,9915730.0,39747746.0,0.006198419246908374,3.96,4.04,3.93,4.01,2026-07-24,3.96,4.306586582759799
603867,新化股份,2026-07-27,37.901769761689266,40.82843546958729,37.901769761689266,40.495201255321675,6621502.0,182502260.0,0.030699624408534,26.16,28.18,26.16,27.95,2026-07-24,26.24,1.448844409850507
603868,飞科电器,2026-07-27,38.0248208204997,38.706410163025026,37.86753097222462,38.483582877968665,711506.0,20871679.0,0.0016333930211202938,29.01,29.53,28.89,29.36,2026-07-24,29.05,1.3107487356256358
603871,嘉友国际,2026-07-27,197.1585024501694,200.33080337454865,195.73096703419876,196.68265731151254,9336448.0,116215874.0,0.006824845694799689,12.43,12.63,12.34,12.4,2026-07-24,12.44,15.861504621896172
603876,鼎胜新材,2026-07-27,41.26679055024794,43.981973673050895,41.26679055024794,43.243284146994206,27929121.0,601797213.0,0.03005499452610086,20.67,22.03,20.67,21.66,2026-07-24,20.4,1.9964581785315885
603877,太平鸟,2026-07-27,16.281688178551537,16.86649983557706,16.148776438318464,16.78675279143722,1745500.0,21872362.0,0.0037191825613868607,12.25,12.69,12.15,12.63,2026-07-24,12.17,1.3291174023307377
603878,武进不锈,2026-07-27,17.127036958643632,18.022313890572732,17.0491867906498,17.905538638581977,13136680.0,59994891.0,0.02341028303972906,4.4,4.63,4.38,4.6,2026-07-24,4.41,3.8925083996917347
603879,永悦科技,2026-07-27,11.299606945178878,12.379522760452383,11.246928124921633,12.037110428780297,33536386.0,153014704.0,0.09332657547171175,4.29,4.7,4.27,4.57,2026-07-24,4.27,2.633941012862209
603880,南卫股份,2026-07-27,17.537426920747215,19.291169612821935,17.537426920747215,19.139984897987908,6075480.0,37405424.0,0.02101936742757108,5.8,6.38,5.8,6.33,2026-07-24,5.87,3.0236942966805542
603881,数据港,2026-07-27,72.53214072384513,74.90924449546694,71.6483457318319,74.60448760166928,27234068.0,659719100.0,0.031592125990939905,23.8,24.58,23.51,24.48,2026-07-24,24.22,3.047568937976686
603882,金域医学,2026-07-27,28.81619194278445,29.914165041693035,28.60331960728177,29.62286605626831,4719766.0,124666475.0,0.010257359989705794,25.72,26.7,25.53,26.44,2026-07-24,25.97,1.1203807131720238
603883,老百姓,2026-07-27,32.12105595554062,33.27978532306432,31.986319982572745,32.956418987941426,8859070.0,108042706.0,0.011673717198807127,11.92,12.35,11.87,12.23,2026-07-24,11.97,2.6947194593574344
603885,吉祥航空,2026-07-27,32.23193966103226,32.68168765630248,31.782191665762042,32.47180525850971,24493154.0,263924468.0,0.011292344173319915,10.75,10.9,10.6,10.83,2026-07-24,10.49,2.998319968468117
603886,元祖股份,2026-07-27,16.128718890644336,16.79796033838891,16.128718890644336,16.546994795484697,2775600.0,27419764.0,0.011565,9.64,10.04,9.64,9.89,2026-07-24,9.69,1.6731036193614455
603887,城地香江,2026-07-27,19.31709173474993,20.432452068328853,19.31709173474993,20.408720997401645,16799500.0,141739101.0,0.027904782414280047,8.14,8.61,8.14,8.6,2026-07-24,8.23,2.3731070927211215
603888,新华网,2026-07-27,55.24903567099884,56.83789682755044,54.924041343522376,56.693454904227565,7588927.0,118362840.0,0.010224743271964275,15.3,15.74,15.21,15.7,2026-07-24,15.35,3.6110480830718195
603889,新澳股份,2026-07-27,57.98684101585376,60.61305664157178,57.461597890710166,59.667619016313296,15915586.0,90189184.0,0.01689306330827625,5.52,5.77,5.47,5.68,2026-07-24,5.55,10.50486250287206
603890,春秋电子,2026-07-27,57.43442447165858,60.23461898749991,56.30825928593978,60.17374519367727,15253838.0,292243891.0,0.03413777326697638,18.87,19.79,18.5,19.77,2026-07-24,18.89,3.0436896911318803
603893,瑞芯微,2026-07-27,205.4609384568206,207.99401851998687,195.24418220204993,204.5227606556479,25502174.0,5481300348.0,0.06030401747768853,219.0,221.7,208.11,218.0,2026-07-24,221.8,0.9381778011726968
603895,天永智能,2026-07-27,31.53077141036748,32.24079337686932,30.98014213022319,32.081400690511764,1265700.0,27859818.0,0.01171076980014804,21.76,22.25,21.38,22.14,2026-07-24,21.6,1.449024421432329
603896,寿仙谷,2026-07-27,19.67966498367038,21.090393656334925,19.67966498367038,20.638960481082275,4492040.0,65111216.0,0.022659154399969593,13.95,14.95,13.95,14.63,2026-07-24,13.8,1.4107286726645436
603897,XD长城科,2026-07-27,33.252408125414966,35.85902825131367,33.137198396093474,35.80142338665292,8107000.0,197671189.0,0.039271311823269546,23.09,24.9,23.01,24.86,2026-07-24,23.34,1.4401216165186213
603898,好莱客,2026-07-27,38.28338824068134,39.3023377375816,37.51917611800614,38.865645096052916,2657884.0,28143280.0,0.008852841440801607,10.52,10.8,10.31,10.68,2026-07-24,10.51,3.6391053460723706
603899,晨光股份,2026-07-27,53.710331925373495,54.45731276417412,53.39708189619905,54.095870422818976,3045592.0,68373517.0,0.003325624999305931,22.29,22.6,22.16,22.45,2026-07-24,22.3,2.409615609034253
603900,莱绅通灵,2026-07-27,8.981559196012999,9.288912932758691,8.947408780819034,9.22061210237076,8245600.0,44323356.0,0.024059020813959133,5.26,5.44,5.24,5.4,2026-07-24,5.2,1.7075207596982889
603901,永创智能,2026-07-27,38.1453154714484,39.82884855845774,38.01240496457925,39.47442054013999,8290155.0,73391441.0,0.015286267531306207,8.61,8.99,8.58,8.91,2026-07-24,8.61,4.43035022897194
603903,中持股份,2026-07-27,28.881709416083755,28.881709416083755,24.93741626448426,25.346933039786936,26858300.0,317154544.0,0.1051948719306494,13.4,13.4,11.57,11.76,2026-07-24,12.85,2.1553514489614742
603906,龙蟠科技,2026-07-27,38.07253783942158,41.08453713349079,37.92085442173464,41.08453713349079,24729345.0,451038223.0,0.04392450906573393,17.57,18.96,17.5,18.96,2026-07-24,17.24,2.166905966956265
603908,牧高笛,2026-07-27,28.469728134796696,29.322221553680194,28.274365059635894,29.16237903763954,1600860.0,26077178.0,0.01719007598527722,16.03,16.51,15.92,16.42,2026-07-24,15.87,1.7760279560072798
603909,建发合诚,2026-07-27,21.999359252929686,22.739986060696644,21.807344895360476,22.493110458107658,2095120.0,17187583.0,0.00803734515953581,8.02,8.29,7.95,8.2,2026-07-24,8.04,2.7430622509887392
603912,佳力图,2026-07-27,20.319438179421187,21.484817722064463,20.259675125952302,21.305528561657802,13198466.0,93101247.0,0.024355677370076243,6.8,7.19,6.78,7.13,2026-07-24,6.82,2.9881526734442923
603915,国茂股份,2026-07-27,19.04263732330936,19.62445200618504,18.964013717515353,19.42003063112061,4794920.0,59208362.0,0.007302288793268343,12.11,12.48,12.06,12.35,2026-07-24,12.05,1.5724721158802115
603916,XD苏博特,2026-07-27,12.719438845729462,13.319149229903113,12.719438845729462,13.277308970542158,7791257.0,73435275.0,0.01853614528190928,9.12,9.55,9.12,9.52,2026-07-24,9.16,1.3946753120317394
603917,合力科技,2026-07-27,16.507703515958056,16.788023009625267,16.305250548309516,16.55442343156926,2951600.0,31368963.0,0.014479984301412873,10.6,10.78,10.47,10.63,2026-07-24,10.59,1.5573305203734016
603918,金桥信息,2026-07-27,33.12014135309919,34.50014724281166,32.82961379737025,34.39119940941331,9009800.0,84537389.0,0.0246771138867184,9.12,9.5,9.04,9.47,2026-07-24,9.14,3.6315944466117536
603919,金徽酒,2026-07-27,27.0153597914944,27.33429112236621,26.64014646105698,27.296769789322468,4526241.0,65566847.0,0.008922921237173764,14.4,14.57,14.2,14.55,2026-07-24,14.35,1.8760666521871112
603920,世运电路,2026-07-27,57.4792885519972,59.40045718471978,57.15043986711676,59.227378929519546,17793215.0,599513728.0,0.02469248502964541,33.21,34.32,33.02,34.22,2026-07-24,33.25,1.7307825520023246
603926,铁流股份,2026-07-27,30.43951994820187,32.90873974819586,30.43951994820187,32.63201683957585,13699489.0,204466266.0,0.05934660991353826,14.3,15.46,14.3,15.33,2026-07-24,14.74,2.128637758615515
603927,中科软,2026-07-27,27.96145812201042,28.68744405279432,27.609464943448526,28.643444905474084,9620836.0,124214979.0,0.011576862726222565,12.71,13.04,12.55,13.02,2026-07-24,12.8,2.1999573660118346
603928,兴业股份,2026-07-27,18.49588919754048,18.49588919754048,17.096634971291767,17.94905421256972,40700349.0,449146553.0,0.11945955726965342,11.5,11.5,10.63,11.16,2026-07-24,10.8,1.6083381910904766
603929,亚翔集成,2026-07-27,200.40286665494128,217.3123919043879,198.72044813697184,216.32488538297105,8658200.0,1492200549.0,0.04058023997000375,164.38,178.25,163.0,177.44,2026-07-24,165.5,1.2191438536010542
603931,格林达,2026-07-27,71.56472170204384,77.46784877609169,69.93922294252343,77.46784877609169,5341316.0,186612754.0,0.026765681300880473,33.46,36.22,32.7,36.22,2026-07-24,32.93,2.138814157263713
603933,睿能科技,2026-07-27,35.8642554497838,37.16029785644067,35.333090529022776,37.075311469118915,4289400.0,73830901.0,0.02066736747997388,16.88,17.49,16.63,17.45,2026-07-24,16.88,2.124659683044064
603936,博敏电子,2026-07-27,28.28403057966653,29.354459684573854,27.19301629966484,29.333874509479482,33282815.0,459947779.0,0.05279651075798774,13.74,14.26,13.21,14.25,2026-07-24,13.74,2.0585175094371566
603937,丽岛新材,2026-07-27,10.597967102479721,11.172963189954684,10.552869370128743,11.094042158340475,5558300.0,54133578.0,0.026608487828525696,9.4,9.91,9.36,9.84,2026-07-24,9.44,1.1274433087744384
603938,三孚股份,2026-07-27,109.7334496643278,115.19268878512811,107.45648058379301,114.04048756365266,12443562.0,507784546.0,0.032521603027419334,40.0,41.99,39.17,41.57,2026-07-24,40.0,2.743336241608195
603939,益丰药房,2026-07-27,146.49974266029452,150.526304529107,144.6206804548487,148.580132959181,11414743.0,251559139.0,0.009415055876550525,21.83,22.43,21.55,22.14,2026-07-24,21.78,6.710936448020821
603948,建业股份,2026-07-27,23.47369798737631,24.877016888795545,23.244063985325887,24.609110553070053,1996200.0,37867045.0,0.012285126675552469,18.4,19.5,18.22,19.29,2026-07-24,18.34,1.275744455835669
603949,雪龙集团,2026-07-27,19.913561735206823,20.92448388614802,19.865422585162005,20.76402005266529,3588975.0,46114345.0,0.017073667713969915,12.41,13.04,12.38,12.94,2026-07-24,12.44,1.6046383348273023
603950,XD长源东,2026-07-27,95.64611903423182,103.89420890119709,93.5840965674905,102.9107828016743,8011600.0,505929974.0,0.024737177523738007,60.3,65.5,59.0,64.88,2026-07-24,59.8,1.586171128262551
603955,大千生态,2026-07-27,23.141843520764898,25.64887656884776,23.141843520764898,25.64887656884776,2818440.0,51095958.0,0.02076657824933687,16.8,18.62,16.8,18.62,2026-07-24,16.93,1.3774906857598153
603956,威派格,2026-07-27,6.5546740184122685,6.608225276732631,6.286917726810461,6.565384270076341,37803480.0,227690608.0,0.06633280054749212,6.12,6.17,5.87,6.13,2026-07-24,6.31,1.0710251664072334
603958,哈森股份,2026-07-27,14.039046324884614,14.239906174412333,13.637326625829182,14.208191461329008,4844695.0,64327620.0,0.022085589897884755,13.28,13.47,12.9,13.44,2026-07-24,12.89,1.057157102777456
603960,克来机电,2026-07-27,45.59272815144158,47.1288272361138,45.42931335519985,47.06346131761711,4919500.0,70191887.0,0.01876254539033303,13.95,14.42,13.9,14.4,2026-07-24,13.94,3.2682959248345216
603966,法兰泰克,2026-07-27,25.798639228179788,27.128826868167348,25.76363429028538,26.91879724080089,6700007.0,50832391.0,0.01289213960834906,7.37,7.75,7.36,7.69,2026-07-24,7.37,3.5004937894409482
603967,中创物流,2026-07-27,19.380450306030138,19.6298311004092,19.255759908840606,19.558579444872326,2258770.0,24718074.0,0.006515681877847458,10.88,11.02,10.81,10.98,2026-07-24,10.94,1.7812913884218875
603968,醋化股份,2026-07-27,22.83977566296058,23.606211087892145,22.71203642547199,23.504019697901267,2389700.0,21826686.0,0.011686717527386542,8.94,9.24,8.89,9.2,2026-07-24,8.98,2.554784749771877
603969,银龙股份,2026-07-27,33.854004674980224,34.68089846732888,33.854004674980224,34.534976033385,8652212.0,61157362.0,0.010160499548002721,6.96,7.13,6.96,7.1,2026-07-24,7.01,4.864081131462676
603970,中农立华,2026-07-27,22.74988200118285,22.936931390709535,22.469307916892824,22.820025522255357,2070228.0,20182441.0,0.007701737232020874,9.73,9.81,9.61,9.76,2026-07-24,9.66,2.3381173690835406
603976,正川股份,2026-07-27,38.771356847307594,40.286950373847745,36.11133555582897,40.10136749304691,12118100.0,302875466.0,0.07271932100949643,25.07,26.05,23.35,25.93,2026-07-24,25.2,1.5465240066736177
603977,国泰集团,2026-07-27,23.91968666143199,24.75069924966953,23.91968666143199,24.683319850623242,5830812.0,63676325.0,0.009385736338410233,10.65,11.02,10.65,10.99,2026-07-24,10.75,2.2459799682095762
603978,深圳新星,2026-07-27,36.64126186750144,38.160283367890855,35.71753257672409,37.81131896915275,10374943.0,189647746.0,0.04914838083808223,17.85,18.59,17.4,18.42,2026-07-24,17.62,2.0527317572829937
603979,金诚信,2026-07-27,106.5854913367481,108.25464900299797,104.20957321722128,108.11931189492367,6342153.0,451232000.0,0.01016708630936264,70.88,71.99,69.3,71.9,2026-07-24,69.55,1.5037456452701483
603980,吉华集团,2026-07-27,10.248521092022996,10.622165090169666,10.230728520682678,10.51540966212776,18365940.0,108179308.0,0.027135098660030586,5.76,5.97,5.75,5.91,2026-07-24,5.82,1.77925713403177
603982,泉峰汽车,2026-07-27,5.400961958596382,5.577192963003558,5.369862369583352,5.546093373990527,5267473.0,28036071.0,0.015512937594161143,5.21,5.38,5.18,5.35,2026-07-24,5.19,1.0366529671010332
603983,丸美生物,2026-07-27,32.99647799256083,36.592852937412545,32.755321655150944,36.467032239633475,14720660.0,493788235.0,0.0367098753117207,31.47,34.9,31.24,34.78,2026-07-24,31.78,1.0485058148255744
603985,恒润股份,2026-07-27,71.93950784145598,74.29818022970044,71.27907957274752,74.29818022970044,12349700.0,190466404.0,0.02801287470333163,15.25,15.75,15.11,15.75,2026-07-24,15.36,4.7173447764889165
603986,兆易创新,2026-07-27,2552.785484235778,2553.357857662737,2354.171905081111,2484.272385028822,62878264.0,26910174775.0,0.09405986938953852,446.0,446.1,411.3,434.03,2026-07-24,457.0,5.723734269586946
603987,XD康德莱,2026-07-27,17.07279016477991,17.535533407477224,16.951015627227985,17.438113777435685,3201200.0,22875524.0,0.0073289075999022684,7.01,7.2,6.96,7.16,2026-07-24,7.03,2.4354907510385035
603988,中电电机,2026-07-27,49.02364576598168,56.40220469504524,49.02364576598168,56.40220469504524,21368458.0,366237940.0,0.09085228741496598,15.68,18.04,15.68,18.04,2026-07-24,16.4,3.1265080207896476
603989,艾华集团,2026-07-27,65.75084582021695,72.0140193689359,64.50320168700601,72.0140193689359,25292168.0,698339561.0,0.06342388504775542,26.35,28.86,25.85,28.86,2026-07-24,26.24,2.4952882664218956
603990,麦迪科技,2026-07-27,56.173000793417046,59.29372305971799,54.3629818789625,58.295091934501684,24218856.0,446725609.0,0.07934223919636654,18.0,19.0,17.42,18.68,2026-07-24,17.46,3.120722266300947
603991,领先股份,2026-07-27,125.73810356632336,130.86232586228985,122.16061777447818,130.01004248246792,2819640.0,338678006.0,0.031491515337131015,119.5,124.37,116.1,123.56,2026-07-24,119.44,1.0522017034838775
603992,松霖科技,2026-07-27,24.681744722149507,26.076649491593734,24.22061917853158,25.972896244279703,3384382.0,75138633.0,0.0076389673552713375,21.41,22.62,21.01,22.53,2026-07-24,21.62,1.1528138590448158
603993,洛阳钼业,2026-07-27,69.95455546531699,69.95455546531699,67.23926117759274,69.16854922413366,188796481.0,3607494374.0,0.010812564428278354,19.58,19.58,18.82,19.36,2026-07-24,19.04,3.572755641742441
603995,甬金股份,2026-07-27,33.187045503200935,34.08632969609642,32.85846089425834,33.9133904282319,3365890.0,65519639.0,0.009256880257402926,19.19,19.71,19.0,19.61,2026-07-24,18.99,1.729392678645176
603997,继峰股份,2026-07-27,20.479957904054697,21.127830034587184,20.407972111773308,20.821890417391288,11140150.0,129003346.0,0.008756156296712758,11.38,11.74,11.34,11.57,2026-07-24,11.38,1.7996448070346833
603998,方盛制药,2026-07-27,43.24394664061204,44.65301905923872,43.19535793652147,44.41007553878585,7719200.0,70348072.0,0.017580340919049718,8.9,9.19,8.89,9.14,2026-07-24,8.96,4.858870409057532
603999,读者传媒,2026-07-27,13.48002361118376,13.76627893883438,13.32388434155615,13.714232515625175,4947800.0,25983318.0,0.008589930555555556,5.18,5.29,5.12,5.27,2026-07-24,5.19,2.6023211604601855
605001,威奥股份,2026-07-27,7.074731360375325,7.369511833724297,7.074731360375325,7.310555739054503,5104556.0,25270437.0,0.012992460917416248,4.8,5.0,4.8,4.96,2026-07-24,4.85,1.4739023667448594
605003,众望布艺,2026-07-27,25.4852941795423,27.56017775957242,25.442365553748576,26.97348654039149,1618800.0,30268516.0,0.014716363636363637,17.81,19.26,17.78,18.85,2026-07-24,17.81,1.430954193124217
605005,合兴股份,2026-07-27,15.470318197258536,15.651319855450824,15.257375069973492,15.544848291808302,773502.0,11307020.0,0.0019289326683291771,14.53,14.7,14.33,14.6,2026-07-24,14.47,1.0647156364252262
605006,山东玻纤,2026-07-27,16.662565445026182,17.9324607329843,16.213612565445032,17.9324607329843,37764137.0,505945597.0,0.05777855210643827,12.99,13.98,12.64,13.98,2026-07-24,12.71,1.2827225130890056
605007,XD五洲特,2026-07-27,16.372354531501287,17.054070317454585,16.238246508035065,16.7411515960334,4852500.0,72872541.0,0.010224892792604872,14.65,15.26,14.53,14.98,2026-07-24,14.68,1.117566862218518
605008,长鸿高科,2026-07-27,17.08242226811011,17.503672477102622,16.980741183180882,17.431043130724603,2058488.0,24547371.0,0.003186699342541004,11.76,12.05,11.69,12.0,2026-07-24,11.83,1.4525869275603835
605009,豪悦护理,2026-07-27,54.359310986905626,55.603450146817195,53.45013237004717,55.53167288759153,999549.0,23080129.0,0.004649985315931335,22.72,23.24,22.34,23.21,2026-07-24,22.72,2.3925753075222547
605011,杭州热电,2026-07-27,16.52169552116962,17.48179405024485,16.301672941589878,17.381783786799513,9239927.0,158714836.0,0.02309404398900275,16.52,17.48,16.3,17.38,2026-07-24,16.86,1.0001026344533668
605016,百龙创园,2026-07-27,74.21411077610206,75.2123525258734,70.5653650700414,72.28647153516435,5018468.0,105694985.0,0.011948382847436474,21.56,21.85,20.5,21.0,2026-07-24,21.55,3.4422129302459217
605018,长华集团,2026-07-27,12.262524259039404,12.626757652872257,12.207337381185942,12.626757652872257,3400500.0,38425231.0,0.0072340937176000805,11.11,11.44,11.06,11.44,2026-07-24,11.11,1.1037375570692534
605020,永和股份,2026-07-27,48.704845975680946,49.7759360521162,48.27343469489452,49.59742103937699,10757641.0,355737562.0,0.021390192709181716,32.74,33.46,32.45,33.34,2026-07-24,32.75,1.4876251061600776
605028,世茂能源,2026-07-27,27.478822176424476,30.435404309330906,27.478822176424476,30.10931069173093,6850700.0,186816640.0,0.042816875,25.28,28.0,25.28,27.7,2026-07-24,27.2,1.0869787253332466
605033,美邦股份,2026-07-27,16.95286026295387,17.70818572021419,16.95286026295387,17.634751300758325,1280523.0,21286183.0,0.009471323964497042,16.16,16.88,16.16,16.81,2026-07-24,16.28,1.0490631350837791
605050,福然德,2026-07-27,11.919563804423271,12.234464218043064,11.907900826141057,12.001204652398773,3209102.0,33196753.0,0.006511590879193495,10.22,10.49,10.21,10.29,2026-07-24,10.22,1.1662978282214551
605055,迎丰股份,2026-07-27,8.244214068437847,8.546569107622611,8.082958047539307,8.4760195984795,4645800.0,38692426.0,0.010558636363636364,8.18,8.48,8.02,8.41,2026-07-24,8.02,1.0078501306158738
605056,咸亨国际,2026-07-27,14.70444518175444,15.645529673386726,14.598573176445809,15.45731277506027,6059200.0,78914915.0,0.015020580416328286,12.5,13.3,12.41,13.14,2026-07-24,12.53,1.1763556145403553
605058,澳弘电子,2026-07-27,25.666212816409004,26.65465632167097,25.58847006880413,26.65465632167097,2133883.0,50494347.0,0.014930076672316245,23.11,24.0,23.04,24.0,2026-07-24,23.33,1.1106106800696238
605060,联德股份,2026-07-27,42.04889239215328,44.628856726225116,41.69810776778387,44.142284505325605,4778512.0,184375716.0,0.01999876119735298,37.16,39.44,36.85,39.01,2026-07-24,37.34,1.1315633044174727
605066,天正电气,2026-07-27,9.041868858004333,9.559815519264811,9.02707038196832,9.485823139084744,8142056.0,51511208.0,0.016205253186680316,6.11,6.46,6.1,6.41,2026-07-24,6.14,1.479847603601364
605068,明新旭腾,2026-07-27,15.006516155688786,16.383260757128124,14.614673461432975,16.383260757128124,2717100.0,40436824.0,0.016751696740466056,14.17,15.47,13.8,15.47,2026-07-24,14.06,1.059034308799491
605069,正和生态,2026-07-27,12.648887926966559,13.340306238086917,12.648887926966559,13.231848463793527,4852400.0,46762587.0,0.02292135536727268,9.33,9.84,9.33,9.76,2026-07-24,9.45,1.3557221786673697
605077,华康股份,2026-07-27,29.357620192845847,30.14633237713126,29.1823508185602,30.00027456522655,3921499.0,40121994.0,0.013096563567713356,10.05,10.32,9.99,10.27,2026-07-24,10.04,2.921156238094114
605080,浙江自然,2026-07-27,28.024963674808685,28.533188404662727,27.908798022270616,28.25729497988482,932800.0,18173802.0,0.006646184713775158,19.3,19.65,19.22,19.46,2026-07-24,19.37,1.4520706567258386
605086,龙高股份,2026-07-27,31.951000295064766,32.82513143521277,31.875644162293387,32.749775302441385,1339400.0,28820028.0,0.007474330357142857,21.2,21.78,21.15,21.73,2026-07-24,21.18,1.5071226554275834
605088,冠盛股份,2026-07-27,22.694875073414686,23.677490947746147,22.694875073414686,23.274973601634464,4288575.0,84356857.0,0.02131563208034351,19.17,20.0,19.17,19.66,2026-07-24,19.31,1.1838745473873074
605089,味知香,2026-07-27,26.00184218588161,27.308009491948095,25.986654193950603,26.958685677534962,1722022.0,30369994.0,0.012478420289855073,17.12,17.98,17.11,17.75,2026-07-24,17.23,1.5187991931005613
605090,九丰能源,2026-07-27,52.235619126745185,53.17359618846384,51.103577845360626,52.63991958438253,22246868.0,716581560.0,0.031577028290562185,32.3,32.88,31.6,32.55,2026-07-24,33.11,1.6172018305493867
605098,行动教育,2026-07-27,97.62024035260131,101.87931984224566,96.6757582900442,101.50509110047774,1163400.0,65464040.0,0.009755884851376634,54.78,57.17,54.25,56.96,2026-07-24,54.78,1.7820416274662525
605099,共创草坪,2026-07-27,33.162652591940855,34.28315807263021,32.203758478658614,33.84142033505075,3746000.0,116741240.0,0.009330772533615155,30.78,31.82,29.89,31.41,2026-07-24,31.2,1.077409116047461
605100,华丰股份,2026-07-27,92.34129958426892,96.55578669063541,91.58646607268089,96.42998110537076,4889308.0,145854921.0,0.02055153153698454,29.36,30.7,29.12,30.66,2026-07-24,29.5,3.145139631616789
605108,同庆楼,2026-07-27,15.299825048739697,16.82980755361367,15.175772413209375,16.82980755361367,5214999.0,61421011.0,0.02005768846153846,11.1,12.21,11.01,12.21,2026-07-24,11.1,1.3783626170035763
605111,新洁能,2026-07-27,207.8815672461835,213.64663517960133,199.78032799334147,211.98870714646154,18874019.0,1046381942.0,0.04544314725023718,55.17,56.7,53.02,56.26,2026-07-24,55.16,3.7680182571358256
605116,奥锐特,2026-07-27,19.4085570306587,20.415703773871257,19.35610147111638,20.048514857075013,2940794.0,56373625.0,0.007240067422379133,18.5,19.46,18.45,19.11,2026-07-24,18.74,1.0491111908464161
605117,德业股份,2026-07-27,697.5423036561557,699.3384828975453,676.7691002557373,688.9518811973361,12760569.0,1119326840.0,0.01002219443227584,89.32,89.55,86.66,88.22,2026-07-24,88.45,7.80947496256332
605118,力鼎光电,2026-07-27,30.329972938262966,31.647704511703374,30.23031256716243,31.6144843880032,2212300.0,62434546.0,0.0054107861084920945,27.39,28.58,27.3,28.55,2026-07-24,27.66,1.1073374566726164
605122,四方新材,2026-07-27,13.692833585569272,14.325695642045165,13.54900130000657,14.038031070919759,2943320.0,28806860.0,0.017077178365457142,9.52,9.96,9.42,9.76,2026-07-24,9.59,1.4383228556270244
605123,派克新材,2026-07-27,79.10059536098807,80.44036777251144,77.47990292769369,80.3323216102918,1801200.0,132946832.0,0.014864956181060382,73.21,74.45,71.71,74.35,2026-07-24,72.32,1.0804616221962584
605128,上海沿浦,2026-07-27,70.74365439426703,77.7860091303479,70.708086946105,77.7860091303479,5638295.0,120024628.0,0.017957111647863427,19.89,21.87,19.88,21.87,2026-07-24,19.88,3.556744816202465
605133,嵘泰股份,2026-07-27,34.553082492848155,35.946351948204935,34.553082492848155,35.69556344624071,8085217.0,204790806.0,0.028658978832241725,24.8,25.8,24.8,25.62,2026-07-24,25.48,1.3932694553567804
605136,丽人丽妆,2026-07-27,7.381520759014378,7.736501955346045,7.318877018485259,7.694739461659966,8403800.0,61362608.0,0.020985445433172226,7.07,7.41,7.01,7.37,2026-07-24,7.06,1.0440623421519628
605138,盛泰集团,2026-07-27,5.581276955892185,5.753339443935103,5.505999617373408,5.699569916421692,5111200.0,26879890.0,0.009199892982306081,5.19,5.35,5.12,5.3,2026-07-24,5.2,1.0753905502682437
605151,西上海,2026-07-27,16.93484726834787,18.11811544286705,16.77201219845991,17.52105351994453,2779665.0,44884394.0,0.020658326128183475,15.6,16.69,15.45,16.14,2026-07-24,15.5,1.085567132586402
605155,西大门,2026-07-27,24.515879300477923,24.710141418548275,23.991371581687986,24.321617182407575,3695136.0,46216113.0,0.019778224414369328,12.62,12.72,12.35,12.52,2026-07-24,12.5,1.9426211807034806
605158,华达新材,2026-07-27,8.861204017939949,9.282474372891192,8.846677453976113,9.253421244963521,3040260.0,19177586.0,0.005944742090649564,6.1,6.39,6.09,6.37,2026-07-24,6.14,1.4526563963835983
605162,新中港,2026-07-27,7.82388863522683,8.7993606115983,7.82388863522683,8.437329775006827,45303002.0,376416441.0,0.10229960343962309,7.78,8.75,7.78,8.39,2026-07-24,8.64,1.0056412127540912
605166,聚合顺,2026-07-27,8.58272001125766,8.99621042846669,8.571544594576336,8.929157928378737,4813600.0,38218878.0,0.015294186097023094,7.68,8.05,7.67,7.99,2026-07-24,7.68,1.1175416681325079
605167,利柏特,2026-07-27,13.214881390295659,14.396700051216408,13.064468106178472,14.375212439199668,7590425.0,98482685.0,0.014885883421457732,12.3,13.4,12.16,13.38,2026-07-24,12.25,1.0743806008370453
605168,三人行,2026-07-27,121.44901587650656,126.58367773388088,121.27072900645884,126.26276136779497,3878959.0,135291198.0,0.0183996511552442,34.06,35.5,34.01,35.41,2026-07-24,34.07,3.565737400954391
605169,洪通燃气,2026-07-27,19.07079304817727,19.432134390142732,18.78974978220413,19.27153823815808,2495500.0,23833988.0,0.008821761877828054,9.5,9.68,9.36,9.6,2026-07-24,9.59,2.0074518998081334
605177,东亚药业,2026-07-27,14.891218254575852,15.570943806926577,14.598413401255542,15.52911454216653,2366300.0,34867220.0,0.020820517565528846,14.24,14.89,13.96,14.85,2026-07-24,14.32,1.0457316190011132
605178,时空科技,2026-07-27,90.27525363348525,93.56766215109444,86.59465721205314,93.55328482132322,3563340.0,225022976.0,0.03596427129592249,62.79,65.08,60.23,65.07,2026-07-24,63.51,1.4377329771219183
605179,一鸣食品,2026-07-27,13.249523775918142,13.658775475560402,13.085823096061239,13.535999965667724,4917139.0,64698131.0,0.012262192019950125,12.95,13.35,12.79,13.23,2026-07-24,13.0,1.023129249105648
605180,华生科技,2026-07-27,19.424723023279956,20.01112975605822,19.388072602481316,19.662950758471126,1763200.0,18943720.0,0.010433136094674555,10.6,10.92,10.58,10.73,2026-07-24,10.57,1.8325210399320715
605183,确成股份,2026-07-27,15.33627887608548,15.799644708008474,15.33627887608548,15.709231862755207,1221656.0,16912918.0,0.0029620969472730057,13.57,13.98,13.57,13.9,2026-07-24,13.57,1.1301605656658422
605186,健麾信息,2026-07-27,24.64473198742731,25.342730932604994,22.958796073690454,25.26756181543201,4622600.0,104565542.0,0.03398970588235294,22.95,23.6,21.38,23.53,2026-07-24,22.28,1.0738445310425844
605188,国光连锁,2026-07-27,11.310201439015247,11.661385775934441,11.06230661295464,11.630398922676866,3662000.0,40849473.0,0.007212260448865723,10.95,11.29,10.71,11.26,2026-07-24,10.96,1.0328951085858673
605189,富春染织,2026-07-27,25.488742513872833,26.613500330167287,25.17727111859129,26.49237256533558,25312793.0,380847505.0,0.10625138825669898,14.73,15.38,14.55,15.31,2026-07-24,14.59,1.7303966404530096
605196,华通线缆,2026-07-27,27.3600398512512,28.650958228482676,26.66350115850041,28.140163187132092,27441868.0,823221127.0,0.054344337904777176,29.46,30.85,28.71,30.3,2026-07-24,29.62,0.9287182570010591
605198,安德利,2026-07-27,57.63156545899792,59.19984197446173,53.81992651081766,59.137526351330706,5899491.0,322879457.0,0.021806676375787325,55.49,57.0,51.82,56.94,2026-07-24,54.63,1.0385937188502057
605208,永茂泰,2026-07-27,22.618720606176023,23.269477171131392,21.889084457589696,23.230037379315913,15951681.0,183355629.0,0.04834721767594108,11.47,11.8,11.1,11.78,2026-07-24,11.48,1.9719895907738467
605218,伟时电子,2026-07-27,12.90245351901132,13.47278716080248,12.87017048268352,13.47278716080248,3125400.0,38646122.0,0.014684721096015636,11.99,12.52,11.96,12.52,2026-07-24,12.04,1.0761012109267156
605222,起帆电缆,2026-07-27,18.34056223549135,19.46067648160869,18.34056223549135,19.345524549764853,8264372.0,151071429.0,0.02001505648647871,17.52,18.59,17.52,18.48,2026-07-24,17.7,1.0468357440348945
605228,神通科技,2026-07-27,11.325186650524135,11.767829789391142,11.238817257574475,11.51951778466087,5891659.0,62759545.0,0.012347983403006055,10.49,10.9,10.41,10.67,2026-07-24,10.53,1.079617411870747
605255,天普股份,2026-07-27,79.84248967252516,86.07352076566288,79.36864700384548,84.39137929185003,1316500.0,92560458.0,0.00981876491646778,67.4,72.66,67.0,71.24,2026-07-24,69.73,1.1846066716991863
605258,协和电子,2026-07-27,26.337632356896037,26.84347676836011,25.910474853881933,26.719825912224447,1535400.0,36193841.0,0.01744772727272727,23.43,23.88,23.05,23.77,2026-07-24,23.26,1.1240986921423832
605259,绿田机械,2026-07-27,38.164618064818676,39.134522661028605,37.80372333134522,38.90896345260769,604740.0,10352613.0,0.0035061456400742115,16.92,17.35,16.76,17.25,2026-07-24,16.99,2.2555920842091415
605266,健之佳,2026-07-27,48.147988009924326,48.91712519858127,47.74803667182272,48.609470323118494,1256400.0,19860302.0,0.008129779966379308,15.65,15.9,15.52,15.8,2026-07-24,15.68,3.0765487546277526
605268,王力安防,2026-07-27,9.545133465192855,9.848331822322509,9.511444758845116,9.79218397840961,2103000.0,18258735.0,0.00477357848144365,8.5,8.77,8.47,8.72,2026-07-24,8.52,1.1229568782579828
605277,新亚电子,2026-07-27,34.484924274582255,36.54147975859371,34.484924274582255,36.340840199177954,5907139.0,84860624.0,0.015473365665192118,13.75,14.57,13.75,14.49,2026-07-24,14.02,2.5079944926968913
605286,同力天启,2026-07-27,22.590088543684274,23.06555813417342,22.209712871292957,23.06555813417342,1865200.0,40222484.0,0.011102380952380952,21.38,21.83,21.02,21.83,2026-07-24,21.13,1.0565990899758781
605287,德才股份,2026-07-27,44.41887463521157,48.527583187072715,44.41887463521157,48.378175603368675,3553220.0,111500765.0,0.025380142857142858,29.73,32.48,29.73,32.38,2026-07-24,30.13,1.4940758370404161
605288,凯迪股份,2026-07-27,96.48407615386901,100.85778767489661,95.31775308159496,98.27729787749031,1185380.0,79704391.0,0.01206144047185428,66.18,69.18,65.38,67.41,2026-07-24,69.24,1.4579038403425355
605289,罗曼股份,2026-07-27,184.97749765101324,187.79887160508426,178.51262753108895,187.4064950949154,3614365.0,356924103.0,0.023716541694732345,99.0,100.51,95.54,100.3,2026-07-24,99.0,1.8684595722324568
605296,神农集团,2026-07-27,39.52650191457516,40.23679512701677,39.1976624643707,39.48704118055062,3069093.0,92311623.0,0.005925068193846712,30.05,30.59,29.8,30.02,2026-07-24,30.1,1.3153578008178088
605298,必得科技,2026-07-27,80.82261990661966,82.91488143511059,79.36164418413892,82.28359562910039,1107800.0,50001875.0,0.005947887528120655,44.81,45.97,44.0,45.62,2026-07-24,44.71,1.8036737314577027
605299,舒华体育,2026-07-27,12.269105226267344,13.150250056153816,12.057184317813636,13.083327664010541,40903478.0,469049661.0,0.10033740723516119,11.0,11.79,10.81,11.73,2026-07-24,11.89,1.1153732023879404
605300,佳禾食品,2026-07-27,9.092549665527255,9.449120240645971,9.092549665527255,9.365221281794508,2704131.0,24118610.0,0.005951010891875619,8.67,9.01,8.67,8.93,2026-07-24,8.76,1.048736985643282
605303,园林股份,2026-07-27,19.44237347591676,20.72120338903856,19.296815599626473,20.523660556930313,3538500.0,68379950.0,0.021945899800125786,18.7,19.93,18.56,19.74,2026-07-24,18.9,1.039699116359185
605305,中际联合,2026-07-27,76.31170972387363,78.81473380281668,76.10821183127663,78.7536844350376,2776872.0,105811859.0,0.013066403162055335,37.5,38.73,37.4,38.7,2026-07-24,37.54,2.0349789259699635
605318,法狮龙,2026-07-27,85.5849402604386,87.84879997055343,84.31497017915467,87.48437377331544,1510800.0,118304141.0,0.012016318140946735,77.5,79.55,76.35,79.22,2026-07-24,78.22,1.104321809812111
605319,无锡振华,2026-07-27,32.2123427887464,35.24950653739963,32.2123427887464,34.497885205662215,4264295.0,94161210.0,0.012248382060880778,21.0,22.98,21.0,22.49,2026-07-24,21.0,1.5339210851784
605333,沪光股份,2026-07-27,16.2537680322868,17.10540316241301,16.108366912509155,16.731514568699062,2888738.0,46137357.0,0.006225186347242356,15.65,16.47,15.51,16.11,2026-07-24,15.58,1.038579426983182
605337,李子园,2026-07-27,24.811220660084068,25.133064324306854,24.518635510790624,24.928254719801444,1833556.0,15638904.0,0.0047001884911559415,8.48,8.59,8.38,8.52,2026-07-24,8.42,2.925851492934442
605338,巴比食品,2026-07-27,20.70639684457606,21.268561464790793,20.636126267049217,21.081173258052548,1311800.0,23571074.0,0.005475720156755367,17.68,18.16,17.62,18.0,2026-07-24,17.9,1.1711762921140305
605339,南侨食品,2026-07-27,12.228040507877795,12.592097755923193,12.120964846687972,12.495729660852353,961300.0,11190786.0,0.00226566406078611,11.42,11.76,11.32,11.67,2026-07-24,11.42,1.0707566118982308
605358,立昂微,2026-07-27,64.10602349171805,66.51325757165101,61.3308045842794,66.40592866362852,37663353.0,1595726675.0,0.04877413051201739,41.81,43.38,40.0,43.31,2026-07-24,41.75,1.533270114606985
605365,立达信,2026-07-27,13.54654226333193,13.972259546385875,13.38280484677272,13.939512063074032,3436300.0,43447711.0,0.006845043552229524,12.41,12.8,12.26,12.77,2026-07-24,12.41,1.0915827770613964
605366,宏柏新材,2026-07-27,14.289485086756775,15.2568973352255,13.9670143372672,15.176279647853105,26925148.0,197939784.0,0.034839781234549436,7.09,7.57,6.93,7.53,2026-07-24,7.09,2.0154421843098413
605368,蓝天燃气,2026-07-27,12.8108775405707,12.86884531224749,12.6176516349814,12.79155495001177,4550080.0,30038259.0,0.006366990385586764,6.63,6.66,6.53,6.62,2026-07-24,6.64,1.9322590558930166
605369,拱东医疗,2026-07-27,45.84753445026114,47.54111092071934,45.54511008053647,47.389898735857,1196200.0,18612249.0,0.005425116791376399,15.16,15.72,15.06,15.67,2026-07-24,15.18,3.0242436972467774
605376,博迁新材,2026-07-27,149.8482645552017,161.58978812885303,147.13130583353103,161.58978812885303,13574444.0,1973518518.0,0.05189007645259939,140.64,151.66,138.09,151.66,2026-07-24,137.87,1.0654740084983056
605377,华旺科技,2026-07-27,28.044002278436437,28.194938781549663,27.259132462247692,27.95344037656851,6694460.0,61802544.0,0.012025898246823558,9.29,9.34,9.03,9.26,2026-07-24,9.04,3.0187300622644178
605378,野马电池,2026-07-27,28.015301895670177,29.249950617033843,27.97040557852968,29.092813507042106,2640456.0,33994287.0,0.010103280550258201,12.48,13.03,12.46,12.96,2026-07-24,12.48,2.2448158570248538
605388,均瑶健康,2026-07-27,6.948269940454236,7.335941653870138,6.888628138390251,7.291210302322148,10660139.0,51740038.0,0.01775257792047748,4.66,4.92,4.62,4.89,2026-07-24,4.67,1.4910450515996214
605389,长龄液压,2026-07-27,147.24656927428944,152.33402096550788,147.24656927428944,150.51411954751103,952710.0,68910499.0,0.005378082271522755,71.2,73.66,71.2,72.78,2026-07-24,72.0,2.0680697931782226
605398,新炬网络,2026-07-27,51.732696504304954,54.01670076498067,50.9618450663269,53.84540044542998,2235800.0,41712606.0,0.013740472924363686,18.12,18.92,17.85,18.86,2026-07-24,18.11,2.855005325844644
605399,晨光新材,2026-07-27,17.219656721772857,18.048410253836796,17.219656721772857,18.029993508679816,4308950.0,41742961.0,0.013853171218978503,9.35,9.8,9.35,9.79,2026-07-24,9.36,1.841674515697632
605488,福莱新材,2026-07-27,49.88971810854706,52.22080974069314,49.86793220544289,52.22080974069314,4056480.0,95534882.0,0.014698557869239586,22.9,23.97,22.89,23.97,2026-07-24,23.08,2.178590310416902
605499,东鹏饮料,2026-07-27,232.0361211447624,237.1158655181995,228.00166712975823,235.4287302028341,4203270.0,535699272.0,0.006217699587096121,126.53,129.3,124.33,128.38,2026-07-24,125.82,1.8338427340928034
605500,森林包装,2026-07-27,14.146374154359394,14.630997086237938,14.12329687188899,14.515610673885904,4575829.0,28687213.0,0.011042058397683397,6.13,6.34,6.12,6.29,2026-07-24,6.13,2.3077282470406844
605507,国邦医药,2026-07-27,24.551392564749538,25.167943955622192,24.47234751463766,24.94661781530893,5383700.0,84674714.0,0.006881421414811654,15.53,15.92,15.48,15.78,2026-07-24,15.53,1.580901002237575
605555,德昌股份,2026-07-27,29.356163671839827,30.700720786580586,29.188094032497233,30.67270918002348,6661444.0,72162952.0,0.013761351066781714,10.48,10.96,10.42,10.95,2026-07-24,10.55,2.801160655709907
605566,福莱蒽特,2026-07-27,24.630158020694456,25.069982271064003,23.959426038880903,25.047991058545527,4632335.0,103935137.0,0.03474077546122694,22.4,22.8,21.79,22.78,2026-07-24,21.7,1.0995606259238597
605567,春雪食品,2026-07-27,8.025508472950163,8.383132703723826,8.014990113221526,8.309504185623366,4510401.0,35440867.0,0.022552005,7.63,7.97,7.62,7.9,2026-07-24,7.67,1.0518359728637172
605577,龙版传媒,2026-07-27,9.39640804379833,9.669681655810361,9.364876473181557,9.585597467498966,2917700.0,26552775.0,0.0065648249917939685,8.94,9.2,8.91,9.12,2026-07-24,8.96,1.0510523538924306
605580,恒盛能源,2026-07-27,26.104190134936545,27.491130028253853,26.08767894573039,27.458107649841537,6320263.0,103637657.0,0.022572367857142856,15.81,16.65,15.8,16.63,2026-07-24,15.93,1.6511189206158472
605588,冠石科技,2026-07-27,40.97535776404218,42.24951745759334,40.125917968341405,42.17873080795161,1755300.0,71837238.0,0.024012456107636544,40.52,41.78,39.68,41.71,2026-07-24,40.53,1.011237852024733
605589,圣泉集团,2026-07-27,41.94811037853937,43.720565746646656,41.12319404369698,43.698270710569844,26014493.0,996206595.0,0.03075293622853473,37.63,39.22,36.89,39.2,2026-07-24,37.64,1.1147518038410673
605598,上海港湾,2026-07-27,36.027713786296225,37.15177845642867,35.768314247034894,36.87796783165282,5650500.0,143384531.0,0.02325147804899372,25.0,25.78,24.82,25.59,2026-07-24,25.01,1.4411085514518491
605599,菜百股份,2026-07-27,16.48469551558992,17.062715857336837,16.373537757561667,16.84040034128033,8384155.0,126620023.0,0.010779627549153499,14.83,15.35,14.73,15.15,2026-07-24,14.71,1.11157758028253
