code,name,date,open,high,low,close,volume,amount,turnover,raw_open,raw_high,raw_low,raw_close,raw_prev_date,raw_prev_close,scale
000001,平安银行,2026-07-24,1597.6683156245545,1610.6340639028422,1597.6683156245545,1599.108954322142,114093292.0,1269361122.0,0.005879400181429674,11.09,11.18,11.09,11.1,2026-07-23,11.08,144.06386975875154
000002,万  科Ａ,2026-07-24,521.1297920355968,526.1087390932618,509.51224890104527,509.51224890104527,112405079.0,349079945.0,0.0115679552239177,3.14,3.17,3.07,3.07,2026-07-23,3.17,165.9649019221646
000006,深振业Ａ,2026-07-24,315.8906545169381,321.64363001310755,312.7526678826639,316.41365228931716,14837414.0,89942208.0,0.010990717368899146,6.04,6.15,5.98,6.05,2026-07-23,6.14,52.29977723790366
000007,全新好,2026-07-24,109.95209517868153,112.07791441951532,106.17286097275478,110.30639838548716,8181200.0,75922557.0,0.023614507692241438,9.31,9.49,8.99,9.34,2026-07-23,9.27,11.810106893521109
000008,神州高铁,2026-07-24,62.39111328125,62.928967706088365,61.31540443157328,61.31540443157328,21118400.0,48564063.0,0.00777470224102361,2.32,2.34,2.28,2.28,2026-07-23,2.34,26.892721241918107
000009,中国宝安,2026-07-24,64.63880200709895,65.2603289494749,62.87780900370042,62.98139682742975,22248750.0,136604805.0,0.008636868496306764,6.24,6.3,6.07,6.08,2026-07-23,6.24,10.358782372932524
000011,深物业A,2026-07-24,37.162878789459214,38.856377063409255,36.41021288992586,38.856377063409255,25039293.0,204303352.0,0.04756022066536906,7.9,8.26,7.74,8.26,2026-07-23,7.51,4.704161872083445
000012,南  玻Ａ,2026-07-24,142.4749547819089,143.60870773773308,140.20744887026046,141.3412018260847,20526541.0,76896523.0,0.010476377845700258,3.77,3.8,3.71,3.74,2026-07-23,3.81,37.79176519414029
000014,沙河股份,2026-07-24,103.36991621739439,105.23034215606516,102.09087338455822,102.20715000572514,6180401.0,54992696.0,0.025533969908161012,8.89,9.05,8.78,8.79,2026-07-23,8.9,11.627662116692282
000017,深中华A,2026-07-24,18.48872323503099,19.26042646571054,18.10287161969121,18.64949474142256,22883613.0,133496827.0,0.05191123751457649,5.75,5.99,5.63,5.8,2026-07-23,5.68,3.215430127831476
000019,深粮控股,2026-07-24,38.69910820701591,39.08609928908607,37.86062752919724,37.86062752919724,5036598.0,29901541.0,0.012101202468995148,6.0,6.06,5.87,5.87,2026-07-23,6.04,6.4498513678359854
000020,深华发Ａ,2026-07-24,24.243973880742505,24.39090705577731,23.754196630626492,23.852152080649695,2288300.0,22467116.0,0.01263099970346985,9.9,9.96,9.7,9.74,2026-07-23,9.96,2.448886250580051
000021,深科技,2026-07-24,612.9257473461848,681.3823892575768,609.5825159970238,668.4870683393846,209695662.0,8593148112.0,0.1332115228407093,38.5,42.8,38.29,41.99,2026-07-23,39.09,15.920149281719087
000025,特  力Ａ,2026-07-24,39.19696892978635,40.830175968527456,38.69011157293567,39.81646125482608,7489738.0,105416772.0,0.019068613562988914,13.92,14.5,13.74,14.14,2026-07-23,14.05,2.8158742047260312
000026,飞亚达,2026-07-24,164.7214176616204,168.37493452990728,162.32053514817474,166.28721060517194,4730120.0,75209601.0,0.012974847732709602,15.78,16.13,15.55,15.93,2026-07-23,15.92,10.438619623676832
000027,深圳能源,2026-07-24,158.56565099827773,159.53399085170233,152.75561187773013,153.23978180444246,33011634.0,211981609.0,0.006939022149304106,6.55,6.59,6.31,6.33,2026-07-23,6.56,24.20849633561492
000028,国药一致,2026-07-24,116.71565514141976,118.19884528495685,115.00428189887694,115.00428189887694,2486571.0,50540189.0,0.0047285966204554395,20.46,20.72,20.16,20.16,2026-07-23,20.6,5.704577475142705
000029,深深房Ａ,2026-07-24,46.89991879321626,47.25343576904452,45.014494922132194,45.344444099571895,4841977.0,94483904.0,0.005430295179777045,19.9,20.05,19.1,19.24,2026-07-23,19.95,2.3567798388550885
000030,富奥股份,2026-07-24,18.07102273688259,18.200101470717467,17.76983902460121,17.76983902460121,7913569.0,33005114.0,0.00473609447118712,4.2,4.23,4.13,4.13,2026-07-23,4.21,4.302624461162521
000031,大悦城,2026-07-24,39.99156090484348,40.368839781304274,38.85972427546112,38.85972427546112,28538200.0,59608085.0,0.0066579961040431875,2.12,2.14,2.06,2.06,2026-07-23,2.14,18.863943823039378
000032,深桑达Ａ,2026-07-24,64.41689725801665,65.0303915176168,61.83145716398741,62.00674123815889,36500808.0,525282428.0,0.03207567275648119,14.7,14.84,14.11,14.15,2026-07-23,14.92,4.382101854286847
000034,神州数码,2026-07-24,114.04509415743436,116.26321892453309,111.07364399773607,111.61771233683577,57905059.0,1564735037.0,0.06819196391480672,27.25,27.78,26.54,26.67,2026-07-23,27.8,4.1851410699975915
000035,中国天楹,2026-07-24,23.622842650832936,24.871204254332238,21.94235587689157,21.94235587689157,84155940.0,404835855.0,0.0363834860345878,4.92,5.18,4.57,4.57,2026-07-23,4.83,4.801390782689621
000036,华联控股,2026-07-24,44.78353658536587,45.223669623059884,43.35310421286032,43.35310421286032,20157550.0,81049520.0,0.014367654787250678,4.07,4.11,3.94,3.94,2026-07-23,4.09,11.003325942350337
000037,深南电A,2026-07-24,51.92393145473871,52.856040044739295,49.182435601795795,49.182435601795795,39934800.0,367681732.0,0.11783369623893672,9.47,9.64,8.97,8.97,2026-07-23,9.97,5.482991705885818
000039,中集集团,2026-07-24,432.3370981806576,441.05563989960325,413.3614485570701,414.90001474276636,45169890.0,370577441.0,0.019627074755826528,8.43,8.6,8.06,8.09,2026-07-23,8.54,51.285539523209685
000042,中洲控股,2026-07-24,107.94423906790314,109.6049196689478,106.8371186672067,107.11389876738082,4008234.0,31267028.0,0.006035204263559047,7.8,7.92,7.72,7.74,2026-07-23,7.9,13.83900500870553
000045,深纺织Ａ,2026-07-24,26.769357573473428,27.384038574012425,26.738623523446474,26.861559723554276,3392900.0,29854104.0,0.007423933904744235,8.71,8.91,8.7,8.74,2026-07-23,8.94,3.0734050026949973
000048,京基智农,2026-07-24,212.42403581241925,213.09273686954128,201.0561178413454,201.0561178413454,12069051.0,222995830.0,0.0228017916022541,19.06,19.12,18.04,18.04,2026-07-23,18.88,11.145017618699857
000049,德赛电池,2026-07-24,233.05717998078555,235.5798638606775,227.23560179641956,229.27315416094763,6236978.0,148435390.0,0.016219538503117567,24.02,24.28,23.42,23.63,2026-07-23,24.29,9.702630307276667
000050,深天马Ａ,2026-07-24,53.90234980299665,53.987773495235956,52.4501470349286,52.5355707271679,23835693.0,148290017.0,0.009785745518663045,6.31,6.32,6.14,6.15,2026-07-23,6.38,8.54236922392974
000055,方大集团,2026-07-24,34.33770703305174,34.75518675381833,33.50274759151857,33.50274759151857,7711400.0,25074113.0,0.011409853467128792,3.29,3.33,3.21,3.21,2026-07-23,3.33,10.436993019164664
000058,深 赛 格,2026-07-24,29.18448808806369,29.231942540239405,28.425216853252277,28.47267130542799,5561200.0,33677374.0,0.005647382708338475,6.15,6.16,5.99,6.0,2026-07-23,6.16,4.745445217571332
000059,华锦股份,2026-07-24,8.226659044391486,8.297885529624313,7.9951729673848,8.012979588693007,26536603.0,120496770.0,0.0165914640031618,4.62,4.66,4.49,4.5,2026-07-23,4.63,1.780662130820668
000060,中金岭南,2026-07-24,258.0996671073455,260.16446444420427,252.31823456414097,252.31823456414097,99429844.0,616569517.0,0.02238848058532946,6.25,6.3,6.11,6.11,2026-07-23,6.43,41.29594673717528
000061,农 产 品,2026-07-24,135.571955962967,137.23980076391737,131.52147573208748,131.9980028180733,16194200.0,90700771.0,0.00902529777892784,5.69,5.76,5.52,5.54,2026-07-23,5.72,23.82635429929121
000062,深圳华强,2026-07-24,182.8031521427292,185.1371641171918,179.21877661051883,180.13570988620054,18504858.0,403848671.0,0.017709691488519242,21.93,22.21,21.5,21.61,2026-07-23,22.37,8.335757051652038
000063,中兴通讯,2026-07-24,599.7525236150179,613.6285460122806,596.1550363268386,599.5812146965332,179141974.0,6307641472.0,0.044478356747325844,35.01,35.82,34.8,35.0,2026-07-23,35.92,17.130891848472377
000065,北方国际,2026-07-24,166.24943518946014,167.5199003055368,160.8045846919887,161.3490697417359,13263030.0,119352027.0,0.013603633866913219,9.16,9.23,8.86,8.89,2026-07-23,9.27,18.149501658238005
000066,中国长城,2026-07-24,168.46531714253825,170.62658724767547,164.48403010675918,164.8252832812545,101564122.0,1492519674.0,0.03148738264821689,14.81,15.0,14.46,14.49,2026-07-23,15.06,11.375105816511699
000068,华控赛格,2026-07-24,6.158729054384137,6.204861856289637,5.951131445809391,6.04339704962039,9262600.0,24280916.0,0.009201214429179448,2.67,2.69,2.58,2.62,2026-07-23,2.67,2.306640095274958
000069,华侨城Ａ,2026-07-24,80.28899931340942,81.23916498575747,77.4385022963653,77.91358513253932,57013610.0,94636935.0,0.008264516754253857,1.69,1.71,1.63,1.64,2026-07-23,1.7,47.50828361740203
000070,特发信息,2026-07-24,47.78912277785742,48.326481729632434,46.03375020205906,46.57110915383407,38332886.0,505030561.0,0.044743406202349574,13.34,13.49,12.85,13.0,2026-07-23,13.68,3.58239301183339
000088,盐 田 港,2026-07-24,39.11698083739142,39.29641652930605,38.758109453562135,38.84782729951945,14896500.0,64775897.0,0.004709781309170352,4.36,4.38,4.32,4.33,2026-07-23,4.34,8.971784595731975
000089,深圳机场,2026-07-24,50.493261458290284,50.79698032420481,49.430245427589426,49.658034577025326,10833650.0,71453981.0,0.005282817441961483,6.65,6.69,6.51,6.54,2026-07-23,6.64,7.5929716478632
000090,天健集团,2026-07-24,32.06332452154793,32.45553644230082,31.573059620606838,31.769165580983277,11659065.0,37938243.0,0.006240028286743114,3.27,3.31,3.22,3.24,2026-07-23,3.28,9.805298018821999
000096,广聚能源,2026-07-24,22.174462033114114,22.976638954208678,21.257688409006036,21.31498676051279,8955510.0,68545771.0,0.017530674486344273,7.74,8.02,7.42,7.44,2026-07-23,7.71,2.8649175753377407
000099,中信海直,2026-07-24,56.55834765197551,56.679630742008335,54.7795289981607,54.81995669483831,6615147.0,90938887.0,0.0085271998553355,13.99,14.02,13.55,13.56,2026-07-23,14.03,4.042769667760937
000100,TCL科技,2026-07-24,19.83418685621956,19.990669592757783,19.63858343554678,19.716824803815893,427524240.0,2163255507.0,0.021254022374571125,5.07,5.11,5.02,5.04,2026-07-23,5.16,3.9120684134555344
000151,中成股份,2026-07-24,25.725986855175385,26.089506234650692,25.026911125415182,25.166726271367224,5951801.0,53926442.0,0.019328127348560056,9.2,9.33,8.95,9.0,2026-07-23,9.31,2.796302919040803
000153,丰原药业,2026-07-24,45.47414418870063,46.15286275868124,44.116707048739414,44.116707048739414,7589480.0,40051880.0,0.01653955337884091,5.36,5.44,5.2,5.2,2026-07-23,5.39,8.48398212475758
000155,川能动力,2026-07-24,19.26356764142205,19.7237352374692,18.43843953816509,18.50191093072332,75247981.0,896262003.0,0.04075900300537165,12.14,12.43,11.62,11.66,2026-07-23,12.29,1.5867848139556877
000156,华数传媒,2026-07-24,13.263803927074347,13.303997272307909,12.982450510439438,13.022643855672998,6492672.0,42326600.0,0.003819497698536962,6.6,6.62,6.46,6.48,2026-07-23,6.63,2.0096672616779316
000157,中联重科,2026-07-24,710.0573470560421,712.9166383864691,700.5263759546187,704.338764395188,43840964.0,324504103.0,0.006201274809221636,7.45,7.48,7.35,7.39,2026-07-23,7.49,95.30971101423384
000158,常山北明,2026-07-24,36.37971628976179,37.20119375436931,35.587577306033104,35.616915786911946,25877912.0,320360768.0,0.01629682160215171,12.4,12.68,12.13,12.14,2026-07-23,12.55,2.933848087884015
000159,国际实业,2026-07-24,16.869334688596442,17.355950112305955,16.285396180145025,16.317837208392326,9980500.0,51400328.0,0.02076379073175491,5.2,5.35,5.02,5.03,2026-07-23,5.26,3.244102824730085
000166,申万宏源,2026-07-24,7.438683534873998,7.470270301476436,7.312336468464249,7.328129851765467,67984905.0,317459036.0,0.0030167905273528655,4.71,4.73,4.63,4.64,2026-07-23,4.73,1.579338330121868
000301,东方盛虹,2026-07-24,27.86390171650181,28.184703216527325,26.511952537822857,26.580695716399752,24678721.0,292223209.0,0.0037344625060044354,12.16,12.3,11.57,11.6,2026-07-23,12.17,2.2914392858965305
000333,美的集团,2026-07-24,475.21625320006046,477.73952534094576,471.62759948857916,473.8144353440131,23791082.0,2014365070.0,0.0034573365798645154,84.75,85.2,84.11,84.5,2026-07-23,84.77,5.607271424189504
000338,潍柴动力,2026-07-24,639.3681066853347,651.2039591139925,628.2284808701274,640.9926354500525,65364440.0,1804518542.0,0.013187906210599752,27.55,28.06,27.07,27.62,2026-07-23,27.99,23.207553781681842
000400,许继电气,2026-07-24,188.5213316244257,194.79700844281535,185.5926824425105,185.67635813342238,32520656.0,738172494.0,0.03214452459231347,22.53,23.28,22.18,22.19,2026-07-23,23.08,8.367569091186226
000401,金隅冀东,2026-07-24,27.019802162640573,27.16908283757229,26.198758450516134,26.273398787981993,7829202.0,27816132.0,0.0029753503150693464,3.62,3.64,3.51,3.52,2026-07-23,3.64,7.464033746585794
000402,金 融 街,2026-07-24,90.117664310485,90.8655287445969,88.24800322520521,88.24800322520521,30038188.0,71637757.0,0.010050741414927688,2.41,2.43,2.36,2.36,2026-07-23,2.43,37.39322170559543
000403,派林生物,2026-07-24,103.83204686693519,105.55005384715335,101.25503639660793,101.36241183287157,11286269.0,107656702.0,0.01199794027723526,9.67,9.83,9.43,9.44,2026-07-23,9.7,10.737543626363514
000404,长虹华意,2026-07-24,35.59871476545837,35.69264277275509,33.9549746377657,33.9549746377657,10640605.0,78876661.0,0.015360431808694529,7.58,7.6,7.23,7.23,2026-07-23,7.64,4.6964003648361965
000407,胜利股份,2026-07-24,50.11759971549465,51.02411960698938,48.822571299073594,48.9520741407157,13595700.0,52201309.0,0.015524197076599473,3.87,3.94,3.77,3.78,2026-07-23,3.9,12.950284164210503
000408,藏格矿业,2026-07-24,535.382503836207,546.1176800056734,529.8772852877627,531.7352965478626,12246434.0,953073150.0,0.00780575411361252,77.8,79.36,77.0,77.27,2026-07-23,79.46,6.88152318555536
000409,云鼎科技,2026-07-24,19.697392752460328,20.05422957768606,19.459501535643174,19.721181874142044,6974728.0,57911170.0,0.011812084494148051,8.28,8.43,8.18,8.29,2026-07-23,8.32,2.3789121681715373
000410,沈阳机床,2026-07-24,13.727951405135682,13.962617241120908,13.493285569150457,13.493285569150457,14245400.0,66577621.0,0.007227431506594718,4.68,4.76,4.6,4.6,2026-07-23,4.74,2.933322949815317
000411,英特集团,2026-07-24,31.930924655409502,32.03392763816888,31.14123512092088,31.17556944850734,3239501.0,29704726.0,0.005746486596164059,9.3,9.33,9.07,9.08,2026-07-23,9.35,3.4334327586461826
000415,渤海租赁,2026-07-24,101.64359330558553,102.1264607322154,98.98782245912129,99.47068988575117,46360000.0,192270097.0,0.008596465844956271,4.21,4.23,4.1,4.12,2026-07-23,4.24,24.143371331493
000417,合百集团,2026-07-24,115.40515745480091,128.09368261998844,114.59953680939219,128.09368261998844,83388107.0,501174469.0,0.10704129474893177,5.73,6.36,5.69,6.36,2026-07-23,5.78,20.14051613521831
000419,通程控股,2026-07-24,82.18236123388941,83.24277879819765,80.0615261052729,80.23826236599095,6711300.0,30772411.0,0.01234642043536139,4.65,4.71,4.53,4.54,2026-07-23,4.68,17.673626071804172
000420,吉林化纤,2026-07-24,25.463720447285496,25.739003911580475,24.63787005440056,24.63787005440056,51814101.0,188361958.0,0.02107947504648939,3.7,3.74,3.58,3.58,2026-07-23,3.73,6.882086607374458
000421,南京公用,2026-07-24,58.89254553969358,59.560513920105976,57.1112965252605,57.4452807154667,7086200.0,36863268.0,0.012338926851899934,5.29,5.35,5.13,5.16,2026-07-23,5.32,11.132806340206725
000422,湖北宜化,2026-07-24,195.32490633866828,200.75059818140906,187.84625001489047,188.5794516152608,35705328.0,472656250.0,0.03375251827111345,13.32,13.69,12.81,12.86,2026-07-23,13.55,14.66403200740753
000423,东阿阿胶,2026-07-24,625.0823808512351,631.8979208293639,619.2404894414105,619.2404894414105,4095345.0,210065449.0,0.006411997997940483,51.36,51.92,50.88,50.88,2026-07-23,51.28,12.170607103801308
000425,徐工机械,2026-07-24,449.64237983088896,452.1293398963253,439.1971475560564,442.18149963458,80448229.0,716745332.0,0.008938140570236577,9.04,9.09,8.83,8.89,2026-07-23,9.14,49.739201308726656
000426,兴业银锡,2026-07-24,508.3440290088191,519.5516139003522,498.09709425084606,502.25991149627265,70072650.0,2221064152.0,0.03947298012597825,31.75,32.45,31.11,31.37,2026-07-23,33.59,16.010835559332886
000428,华天酒店,2026-07-24,40.53671517163534,41.064880841624074,39.87650808414943,40.1405909191438,7988957.0,24395214.0,0.007840566439564796,3.07,3.11,3.02,3.04,2026-07-23,3.1,13.204141749718353
000429,粤高速Ａ,2026-07-24,73.23602618125524,73.88947047799945,72.28099220909063,72.28099220909063,6470758.0,93978929.0,0.004964789014823696,14.57,14.7,14.38,14.38,2026-07-23,14.56,5.026494590340099
000430,张家界,2026-07-24,31.78813811615538,31.78813811615538,30.730296581507947,30.941864888437433,5644100.0,33215923.0,0.015231416027622844,6.01,6.01,5.81,5.85,2026-07-23,6.04,5.2892076732371684
000498,山东路桥,2026-07-24,16.12350999782901,16.188004037820324,15.833286817868089,15.897780857859404,7641511.0,37871698.0,0.005272379142342482,5.0,5.02,4.91,4.93,2026-07-23,5.01,3.224701999565802
000501,武商集团,2026-07-24,59.98429399654818,60.33253372947444,58.41721519838002,58.41721519838002,7753901.0,52584530.0,0.010092363210005012,6.89,6.93,6.71,6.71,2026-07-23,6.92,8.705993323156486
000503,国新健康,2026-07-24,62.42955941119091,63.016671255183304,60.57037190521501,60.66822387921374,14621601.0,91969486.0,0.014931649657397215,6.38,6.44,6.19,6.2,2026-07-23,6.43,9.785197399873184
000505,京粮控股,2026-07-24,18.127506010915727,18.261783833218807,17.623964177279177,17.623964177279177,5610114.0,29764581.0,0.00887142385780952,5.4,5.44,5.25,5.25,2026-07-23,5.41,3.3569455575769864
000506,招金黄金,2026-07-24,34.41459587378682,34.79698027238446,32.50267388079867,32.8850582793963,74762322.0,919859312.0,0.08050152000529691,12.6,12.74,11.9,12.04,2026-07-23,13.15,2.7313171328402244
000507,珠海港,2026-07-24,27.926397082094542,28.213115737968202,27.639678426220886,27.697022157395615,7694800.0,37349078.0,0.008527469396712848,4.87,4.92,4.82,4.83,2026-07-23,4.9,5.734373117473212
000509,华塑控股,2026-07-24,30.527254703917556,30.96335834254495,29.655047426662772,29.982125155633316,24796400.0,68913416.0,0.023106725159223046,2.8,2.84,2.72,2.75,2026-07-23,2.86,10.902590965684842
000510,新金路,2026-07-24,171.35558130820544,174.54571181128375,163.83598797952092,165.20318676655447,35430601.0,524667579.0,0.05840750746650578,15.04,15.32,14.38,14.5,2026-07-23,15.51,11.393323225279618
000513,丽珠集团,2026-07-24,313.0898478003564,315.34820080088355,307.44396529903844,307.54661770815335,5408205.0,163832382.0,0.00951914486032288,30.5,30.72,29.95,29.96,2026-07-23,30.72,10.265240911487094
000514,渝 开 发,2026-07-24,19.327025360175693,19.642998526827068,18.905727804640527,18.905727804640527,7761104.0,28230794.0,0.009198116932122687,3.67,3.73,3.59,3.59,2026-07-23,3.69,5.266219444189562
000516,国际医学,2026-07-24,184.99315906202932,186.78053257953687,180.97156864763738,180.97156864763738,17780883.0,73055662.0,0.008103461240489026,4.14,4.18,4.05,4.05,2026-07-23,4.16,44.68433793768825
000517,荣安地产,2026-07-24,25.157165843535243,25.759732690086985,24.705240708621435,24.85588242025937,18318100.0,30568724.0,0.007350802509350436,1.67,1.71,1.64,1.65,2026-07-23,1.68,15.064171163793558
000518,四环生物,2026-07-24,29.97709923664122,30.92738192137624,29.199595221858015,29.97709923664122,45879708.0,160142966.0,0.04456349431296502,3.47,3.58,3.38,3.47,2026-07-23,3.47,8.638933497591129
000519,中兵红箭,2026-07-24,116.91620870607011,122.9723000922838,116.4956468042497,119.18724297590025,88010968.0,1257056861.0,0.06320089068945448,13.9,14.62,13.85,14.17,2026-07-23,14.06,8.411238036407921
000520,凤凰航运,2026-07-24,26.413714278483884,27.555928949985887,26.12816061060838,27.127598448172634,30353613.0,114753646.0,0.029991215497144945,3.7,3.86,3.66,3.8,2026-07-23,3.76,7.1388416968875354
000521,长虹美菱,2026-07-24,32.14045930420408,32.20700269820864,31.608112152167575,31.674655546172136,7681000.0,36743622.0,0.00877598069042026,4.83,4.84,4.75,4.76,2026-07-23,4.86,6.654339400456331
000523,红棉股份,2026-07-24,18.411157934329715,18.545545948448908,17.73921786373374,17.806411870793337,17878501.0,48016854.0,0.013491577562178949,2.74,2.76,2.64,2.65,2026-07-23,2.76,6.71940070595975
000524,岭南控股,2026-07-24,41.53880994261402,42.038675284883745,40.439106189620624,40.439106189620624,8667000.0,71168819.0,0.012936451537880792,8.31,8.41,8.09,8.09,2026-07-23,8.39,4.998653422697235
000525,红太阳,2026-07-24,37.14774629912229,37.99393641983123,36.72465123876782,36.89388926290961,27153688.0,119733308.0,0.02442405544171379,4.39,4.49,4.34,4.36,2026-07-23,4.35,8.46190120708936
000526,学大教育,2026-07-24,75.63317304805008,77.7212054328122,74.65875793516109,75.35476873008179,4537400.0,148668025.0,0.03783401742774558,32.6,33.5,32.18,32.48,2026-07-23,33.05,2.3200359830690207
000528,柳    工,2026-07-24,133.54384627837786,134.15925570823214,130.46679912910648,130.62065148657004,28011706.0,240420102.0,0.013768391560933744,8.68,8.72,8.48,8.49,2026-07-23,8.7,15.385235746356896
000529,广弘控股,2026-07-24,16.474276501989483,16.656111783468397,16.14697299532744,16.219707107919007,3141120.0,14092814.0,0.005511854907368341,4.53,4.58,4.44,4.46,2026-07-23,4.56,3.6367056295782523
000530,冰山冷热,2026-07-24,52.24303609599679,52.803583693593325,51.79459801791957,51.79459801791957,8596150.0,40035415.0,0.014324130026537754,4.66,4.71,4.62,4.62,2026-07-23,4.73,11.210951951930642
000531,穗恒运Ａ,2026-07-24,100.78296528612492,101.79416560672149,96.23256384344035,96.40109723020643,17274074.0,100779295.0,0.018987809478424145,5.98,6.04,5.71,5.72,2026-07-23,6.05,16.853338676609518
000532,华金资本,2026-07-24,46.40074593982873,46.6794290986265,44.914435759573955,45.47180207716949,5603101.0,55176831.0,0.016309431356703725,9.99,10.05,9.67,9.79,2026-07-23,10.1,4.644719313296169
000533,顺钠股份,2026-07-24,21.74452342264165,21.74452342264165,21.74452342264165,21.74452342264165,8282311.0,79096070.0,0.01209268795086716,9.55,9.55,9.55,9.55,2026-07-23,8.68,2.276913447397031
000534,万泽股份,2026-07-24,114.18305395588659,115.28308337742692,108.72690802504654,109.9149398003101,13049300.0,329388480.0,0.02596679044243737,25.95,26.2,24.71,24.98,2026-07-23,26.27,4.400117686161333
000536,华映科技,2026-07-24,11.341185472928556,11.41604478298089,11.116607542771556,11.116607542771556,33500244.0,100512333.0,0.012124228576603247,3.03,3.05,2.97,2.97,2026-07-23,3.07,3.7429655026166855
000537,绿发电力,2026-07-24,55.482692466564465,55.62386980108498,52.235613772592494,52.235613772592494,31622309.0,240041744.0,0.015382611113802439,7.86,7.88,7.4,7.4,2026-07-23,7.93,7.058866726026013
000538,云南白药,2026-07-24,1657.7578265292584,1674.4348253645305,1631.4594822120985,1635.6287319209166,7637620.0,392295773.0,0.004307900189165033,51.69,52.21,50.87,51.0,2026-07-23,51.7,32.07115160629248
000539,粤电力Ａ,2026-07-24,106.93806402740272,107.82478097622031,100.37635860615246,100.37635860615246,139951934.0,815907662.0,0.05476741469355087,6.03,6.08,5.66,5.66,2026-07-23,6.29,17.734338976352024
000541,佛山照明,2026-07-24,165.07700635511185,165.07700635511185,162.03877924428156,162.03877924428156,6022994.0,29058800.0,0.00493054663657101,4.89,4.89,4.8,4.8,2026-07-23,4.9,33.75807900922533
000543,皖能电力,2026-07-24,49.20005880585829,49.63163826906757,47.35043253496136,47.53539516205105,44646737.0,349155398.0,0.01969538100927532,7.98,8.05,7.68,7.71,2026-07-23,8.07,6.16542090298976
000544,中原环保,2026-07-24,31.166224250362774,31.208685046344193,30.31700833073436,30.359469126715783,4664653.0,33676443.0,0.004785808184525042,7.34,7.35,7.14,7.15,2026-07-23,7.38,4.246079598142067
000545,金浦钛业,2026-07-24,12.262994685708431,12.413769210532715,11.911187461118436,11.961445636059862,29265600.0,70173237.0,0.02969911513247367,2.44,2.47,2.37,2.38,2026-07-23,2.47,5.0258174941427995
000546,金圆股份,2026-07-24,8.630733328618907,8.67242769252528,8.359719963227493,8.38056714518068,15768086.0,64174816.0,0.022632364254215147,4.14,4.16,4.01,4.02,2026-07-23,4.15,2.084718195318577
000547,航天发展,2026-07-24,164.72633591217337,168.54372993260998,159.6364772182579,159.9835130382976,97093678.0,1377582688.0,0.06109898126817477,14.24,14.57,13.8,13.83,2026-07-23,14.31,11.567860667989702
000548,湖南投资,2026-07-24,15.939820695503991,16.289719198576034,15.667677415336852,15.745432638241748,5633002.0,22949966.0,0.011283701108577267,4.1,4.19,4.03,4.05,2026-07-23,4.12,3.8877611452448764
000550,江铃汽车,2026-07-24,65.90671791174934,66.50952325850315,64.98241638006019,65.10297744941094,2206888.0,36022151.0,0.0042565955891639435,16.4,16.55,16.17,16.2,2026-07-23,16.52,4.018702311692033
000551,创元科技,2026-07-24,125.91094201864944,128.73360525045263,122.88665998457459,126.31417962319274,14438171.0,180462993.0,0.029797243571741846,12.49,12.77,12.19,12.53,2026-07-23,12.73,10.080940113582821
000552,甘肃能化,2026-07-24,20.82709432040944,21.146283505396557,20.188715950435203,20.34831054292876,70581725.0,183381830.0,0.01894397671927298,2.61,2.65,2.53,2.55,2026-07-23,2.61,7.9797296246779466
000553,安道麦A,2026-07-24,21.906701824614366,22.288056401832026,21.482974516594748,21.56771997819867,7402000.0,37949908.0,0.003399979482809572,5.17,5.26,5.07,5.09,2026-07-23,5.23,4.237273080196203
000554,泰山石油,2026-07-24,41.636840369201494,41.636840369201494,38.23181899037153,38.59024229340626,43309945.0,290369700.0,0.1205381763940101,6.97,6.97,6.4,6.46,2026-07-23,6.83,5.973721717245551
000555,神州信息,2026-07-24,32.80906771513722,33.36831318755433,31.410954034094434,31.47309241991856,26778449.0,276554116.0,0.027475457759815042,10.56,10.74,10.11,10.13,2026-07-23,10.65,3.1069192912061756
000557,西部创业,2026-07-24,28.35289394140062,28.430573102883912,27.18770651915128,27.343064842117858,9059400.0,32245623.0,0.0062139374076698485,3.65,3.66,3.5,3.52,2026-07-23,3.65,7.767916148328937
000558,天府文旅,2026-07-24,23.95538454789381,24.25296696463783,23.360219714405766,23.360219714405766,21420170.0,68286490.0,0.016621731855122772,3.22,3.26,3.14,3.14,2026-07-23,3.25,7.439560418600562
000559,万向钱潮,2026-07-24,461.5755220051874,465.5131330933833,449.76268874059963,451.51273811313115,26926214.0,280463495.0,0.008124133972609877,10.55,10.64,10.28,10.32,2026-07-23,10.73,43.7512343132879
000560,我爱我家,2026-07-24,11.285081417318105,11.494064406527698,10.867115438898916,10.919361186201312,63760524.0,136007802.0,0.027266309067400622,2.16,2.2,2.08,2.09,2026-07-23,2.18,5.224574730239863
000561,烽火电子,2026-07-24,18.51885699001426,18.777861982881593,18.02674750356633,18.02674750356633,12153750.0,86096145.0,0.01565705808004294,7.15,7.25,6.96,6.96,2026-07-23,7.2,2.590049928673323
000563,陕国投Ａ,2026-07-24,59.232496946153006,59.82089923369757,58.251826466912064,58.447960562760244,34846989.0,104641304.0,0.006814077235603719,3.02,3.05,2.97,2.98,2026-07-23,3.03,19.613409584818875
000564,供销大集,2026-07-24,16.918674698795204,17.042168674698814,16.177710843373514,16.177710843373514,239157128.0,319979631.0,0.015843593027947668,1.37,1.38,1.31,1.31,2026-07-23,1.38,12.34939759036146
000565,渝三峡Ａ,2026-07-24,42.20510803986181,42.67579697710934,41.028385696742994,41.18528200915883,8555400.0,45439246.0,0.019731442598301233,5.38,5.44,5.23,5.25,2026-07-23,5.41,7.844815620792159
000566,海南海药,2026-07-24,46.13797961016789,48.13608108934839,43.14082739139714,43.776586952954574,182533029.0,913473102.0,0.140763486677473,5.08,5.3,4.75,4.82,2026-07-23,5.09,9.082279450820451
000567,海德股份,2026-07-24,92.2238332309408,93.56527080520904,90.88239565667257,91.0500753534561,18265602.0,100212446.0,0.009373994665471126,5.5,5.58,5.42,5.43,2026-07-23,5.55,16.767969678352873
000568,泸州老窖,2026-07-24,3161.4353120650835,3201.803604061185,3102.3779959967123,3102.751776478158,9752307.0,818809358.0,0.0066294414175944736,84.58,85.66,83.0,83.01,2026-07-23,85.13,37.3780481445387
000570,苏常柴Ａ,2026-07-24,29.253047967516274,29.37367909315552,28.40863008804158,28.589576776500444,9356249.0,44578723.0,0.0168370976432835,4.85,4.87,4.71,4.74,2026-07-23,4.87,6.031556281962119
000571,新大洲A,2026-07-24,64.13556178920688,66.53111757759831,63.15556169395584,64.89778408551325,23009837.0,136971928.0,0.028267885630100978,5.89,6.11,5.8,5.96,2026-07-23,5.97,10.888889947233766
000572,海马汽车,2026-07-24,16.193287996637746,16.61207992758527,15.821028502462164,15.821028502462164,40060680.0,138981585.0,0.024393731273817134,3.48,3.57,3.4,3.4,2026-07-23,3.53,4.653243677194754
000573,粤宏远Ａ,2026-07-24,30.17640419472542,30.525264358826295,29.5658989075489,29.740328989599334,11289700.0,38833004.0,0.017836220372936716,3.46,3.5,3.39,3.41,2026-07-23,3.49,8.721504102521799
000576,甘化科工,2026-07-24,40.85780568039938,42.134612107911856,40.474763752145634,40.79396535902375,17043627.0,110581971.0,0.03928775341077731,6.4,6.6,6.34,6.39,2026-07-23,6.43,6.384032137562403
000581,威孚高科,2026-07-24,114.47775636310988,115.28299263295591,113.1356959133665,113.26990195834084,6417450.0,109148712.0,0.008083394843293519,17.06,17.18,16.86,16.88,2026-07-23,17.08,6.710302248716875
000582,北部湾港,2026-07-24,64.08787253808863,64.67534470302111,62.485675724636415,62.59248884553324,39646254.0,470292602.0,0.018381568798965044,12.0,12.11,11.7,11.72,2026-07-23,12.1,5.34065604484072
000586,汇源通信,2026-07-24,41.511583593276924,41.62940265740164,39.78357065278101,40.137027845155174,4517023.0,46740506.0,0.0236258329410534,10.57,10.6,10.13,10.22,2026-07-23,10.58,3.927302137490721
000589,贵州轮胎,2026-07-24,34.55445990462561,34.79553753186719,33.991945441061944,33.991945441061944,15930815.0,68070232.0,0.010317145628698393,4.3,4.33,4.23,4.23,2026-07-23,4.33,8.035920908052468
000590,古汉医药,2026-07-24,40.856980096267904,41.68341711465006,39.772281509641324,39.823933823290204,3020500.0,23590127.0,0.012619145170458038,7.91,8.07,7.7,7.71,2026-07-23,7.96,5.165231364888483
000591,太阳能,2026-07-24,70.96282261800178,71.27543417138504,68.61823596762727,68.61823596762727,57820858.0,257610105.0,0.014812962255139622,4.54,4.56,4.39,4.39,2026-07-23,4.58,15.630577669163388
000592,平潭发展,2026-07-24,37.66089528970459,40.65295260114917,35.774598289011266,35.90468773733494,261555311.0,1518856635.0,0.13657581446607228,5.79,6.25,5.5,5.52,2026-07-23,5.7,6.504472416183867
000593,德龙汇能,2026-07-24,125.83617169027534,127.40422367395477,114.99047880315919,114.99047880315919,21976010.0,399458588.0,0.061302766490551754,19.26,19.5,17.6,17.6,2026-07-23,19.55,6.533549931997681
000596,古井贡酒,2026-07-24,337.4038023764375,339.2576694224619,323.6851862358571,324.5008877361078,7088107.0,629702093.0,0.017347300538423885,91.0,91.5,87.3,87.52,2026-07-23,90.89,3.707734092048764
000597,东北制药,2026-07-24,23.82715784817806,24.083363846545566,23.05853985307554,23.05853985307554,12149082.0,55562867.0,0.00862123884645929,4.65,4.7,4.5,4.5,2026-07-23,4.7,5.12411996735012
000598,兴蓉环境,2026-07-24,228.33868960345984,229.88360631254957,223.08597279255483,224.3219061598266,24112845.0,176343554.0,0.008081772604018161,7.39,7.44,7.22,7.26,2026-07-23,7.43,30.898334181794297
000599,青岛双星,2026-07-24,27.79148561969352,28.042424541767506,27.101403583990077,27.101403583990077,9969500.0,43590278.0,0.012206423366106535,4.43,4.47,4.32,4.32,2026-07-23,4.46,6.273473051849554
000600,建投能源,2026-07-24,68.49176522222986,69.6269878502226,64.85905281265302,64.85905281265302,51430959.0,451988433.0,0.04718216381672813,9.05,9.2,8.57,8.57,2026-07-23,9.27,7.568150853285066
000601,韶能股份,2026-07-24,78.49951823812037,79.90338443611954,72.76706459629041,73.00104229595695,107349742.0,693321592.0,0.10241976419251878,6.71,6.83,6.22,6.24,2026-07-23,6.91,11.698884983326433
000603,盛达资源,2026-07-24,94.3330232972453,101.01773107570789,92.83879449970661,97.51808994463042,98554964.0,2434329418.0,0.14782142761251793,23.99,25.69,23.61,24.8,2026-07-23,24.83,3.932181046154452
000605,渤海股份,2026-07-24,19.506249287991704,19.726658884466186,18.955225296805498,18.991960229551246,3854200.0,20163998.0,0.010928983441776268,5.31,5.37,5.16,5.17,2026-07-23,5.37,3.673493274574709
000607,华媒控股,2026-07-24,12.486656158296517,12.640812407164374,12.255421784994729,12.293960847211693,8345459.0,26846259.0,0.00942954083439134,3.24,3.28,3.18,3.19,2026-07-23,3.26,3.8539062216964557
000608,阳光股份,2026-07-24,75.88109653943201,77.70133273827896,73.03697747873366,74.174625103013,56946901.0,376606602.0,0.07639494986795893,6.67,6.83,6.42,6.52,2026-07-23,6.42,11.376476242793405
000612,焦作万方,2026-07-24,117.33958087367178,117.66462126390356,112.68066861368297,112.7890154104269,41794137.0,442230735.0,0.035056331357269585,10.83,10.86,10.4,10.41,2026-07-23,11.04,10.834679674392593
000617,中油资本,2026-07-24,56.75022277434148,57.38876255239314,54.51533355116066,54.51533355116066,121306278.0,845029023.0,0.00959543736769565,7.11,7.19,6.83,6.83,2026-07-23,7.13,7.981747225645777
000619,海螺新材,2026-07-24,40.7654026415231,41.14638771293921,39.717693695128816,39.81293996298284,6658958.0,28107209.0,0.018497105555555556,4.28,4.32,4.17,4.18,2026-07-23,4.32,9.524626785402594
000620,盈新发展,2026-07-24,9.049643907567793,9.182726906208496,8.883290159266915,8.949831658587266,153861599.0,417280776.0,0.0329344759516999,2.72,2.76,2.67,2.69,2026-07-23,2.77,3.327074966017571
000623,吉林敖东,2026-07-24,457.08099532178494,459.09678802441675,444.7342650181644,445.2382131938225,14736194.0,263848758.0,0.012373307284617725,18.14,18.22,17.65,17.67,2026-07-23,18.31,25.197408782898837
000625,长安汽车,2026-07-24,112.81713061983555,114.67675365203064,111.57738193170549,111.57738193170549,66697630.0,485597773.0,0.008067733961924667,7.28,7.4,7.2,7.2,2026-07-23,7.33,15.496858601625762
000626,远大控股,2026-07-24,70.5806026266467,71.99221467917963,69.82050382912895,69.82050382912895,10981000.0,71667192.0,0.021800176375159783,6.5,6.63,6.43,6.43,2026-07-23,6.58,10.858554250253338
000628,高新发展,2026-07-24,110.26947263209846,113.89936675193795,108.6833004116644,109.07984346677291,10134272.0,369001965.0,0.052717158732727885,36.15,37.34,35.63,35.76,2026-07-23,36.4,3.0503311931424193
000629,钒钛股份,2026-07-24,25.481042290275543,25.644907514007215,24.743648783483003,24.743648783483003,96755600.0,296197523.0,0.010414528683640165,3.11,3.13,3.02,3.02,2026-07-23,3.14,8.193261186583776
000630,铜陵有色,2026-07-24,195.7014468619639,198.28496431228686,193.76380877422167,194.08674845551204,274147335.0,1659884222.0,0.02460267344552918,6.06,6.14,6.0,6.01,2026-07-23,6.3,32.29396812903695
000631,顺发恒能,2026-07-24,64.54352941542946,64.54352941542946,61.68956382903292,61.90909964337111,12699651.0,36264758.0,0.005521587187245691,2.94,2.94,2.81,2.82,2026-07-23,2.94,21.953581433819544
000633,合金投资,2026-07-24,36.14799623651565,36.2234617818946,34.86508196507355,35.393340782726185,7121500.0,33417105.0,0.018492484173001693,4.79,4.8,4.62,4.69,2026-07-23,4.79,7.546554537894708
000635,英 力 特,2026-07-24,27.52547403509582,27.797554503317524,26.573192396319854,26.61853914102347,4108200.0,24444145.0,0.011199504009347194,6.07,6.13,5.86,5.87,2026-07-23,6.07,4.534674470361749
000636,风华高科,2026-07-24,845.1729598661357,861.4721561758778,798.2630778039512,799.4557019241763,101316556.0,4200678494.0,0.0875673361319412,42.52,43.34,40.16,40.22,2026-07-23,43.21,19.877068670417113
000637,茂化实华,2026-07-24,61.90621503407589,62.94374936425593,59.312379208625785,59.48530159698912,11550090.0,40444669.0,0.03167972796130155,3.58,3.64,3.43,3.44,2026-07-23,3.56,17.292238836334047
000650,仁和药业,2026-07-24,149.77601216994302,150.8834133689814,145.623257673549,145.623257673549,15569904.0,83021017.0,0.011694509286779748,5.41,5.45,5.26,5.26,2026-07-23,5.37,27.68502997595989
000651,格力电器,2026-07-24,10094.451196075874,10171.546043840925,10062.121098626012,10062.121098626012,39494076.0,1606931657.0,0.0071521202898972075,40.59,40.9,40.46,40.46,2026-07-23,40.57,248.6930573066241
000652,泰达股份,2026-07-24,100.44325066528863,102.1456786426664,97.88960869922197,97.88960869922197,10746100.0,37598333.0,0.007369314505214009,3.54,3.6,3.45,3.45,2026-07-23,3.55,28.37379962296289
000655,金岭矿业,2026-07-24,42.12976570043434,42.12976570043434,40.480106200116126,40.480106200116126,5737000.0,37019826.0,0.009636506506539966,6.64,6.64,6.38,6.38,2026-07-23,6.65,6.3448442319931235
000657,中钨高新,2026-07-24,340.98573980533644,353.11853033478815,333.8026449147655,335.0702498954545,43545766.0,2458575539.0,0.029973914095015066,56.49,58.5,55.3,55.51,2026-07-23,57.75,6.036214193757062
000659,珠海中富,2026-07-24,41.2574491035392,42.11697929319627,40.22601287595072,41.085543065607794,22187702.0,53089096.0,0.01725725947865452,2.4,2.45,2.34,2.39,2026-07-23,2.42,17.190603793141335
000661,长春高新,2026-07-24,635.5672890647978,644.4603358565902,614.1913417303977,615.2519803385931,10254732.0,788037030.0,0.025661556963058465,77.9,78.99,75.28,75.41,2026-07-23,78.36,8.158758524580202
000663,永安林业,2026-07-24,20.233185969689636,20.52521133420062,19.607417331451813,19.690853149883523,5999500.0,28653366.0,0.019586929722598928,4.85,4.92,4.7,4.72,2026-07-23,4.9,4.171790921585492
000665,湖北广电,2026-07-24,22.46346664842228,22.584237974489067,21.73883869202156,21.73883869202156,11863519.0,43432053.0,0.010432954565261367,3.72,3.74,3.6,3.6,2026-07-23,3.74,6.038566303339322
000668,荣丰控股,2026-07-24,67.14415276351886,69.3012371104777,62.398567200209406,69.3012371104777,6716003.0,113582812.0,0.04573628819405689,17.12,17.67,15.91,17.67,2026-07-23,16.06,3.921971539925167
000670,盈方微,2026-07-24,58.943039182130946,66.0245350556025,58.63062024653661,66.0245350556025,56406900.0,342164625.0,0.06792328830141105,5.66,6.34,5.63,6.34,2026-07-23,5.76,10.41396451981112
000672,上峰水泥,2026-07-24,157.96182394282303,168.41517993903923,155.53326648915663,164.50837012227157,37918840.0,581471054.0,0.039115966554206544,14.96,15.95,14.73,15.58,2026-07-23,15.03,10.558945450723463
000676,智度股份,2026-07-24,77.42046290202946,83.45624111927914,74.86686442550075,75.09900974154881,161819724.0,1090508918.0,0.12852744785929918,6.67,7.19,6.45,6.47,2026-07-23,6.9,11.607265802403218
000678,襄阳轴承,2026-07-24,35.40530244504505,35.40530244504505,34.45935924994843,34.50440416400065,6359727.0,49144347.0,0.01383717093754232,7.86,7.86,7.65,7.66,2026-07-23,7.87,4.504491405222017
000679,大连友谊,2026-07-24,31.35271153730631,32.54937991659281,30.574877090770087,30.75437734766306,6993650.0,36557892.0,0.01962303591470258,5.24,5.44,5.11,5.14,2026-07-23,5.29,5.983341896432502
000680,山推股份,2026-07-24,58.378751625932765,58.70367974258916,56.59164698432257,56.69995635654138,17994820.0,190471313.0,0.013687619643029485,10.78,10.84,10.45,10.47,2026-07-23,10.88,5.41546861093996
000681,视觉中国,2026-07-24,84.26770209637083,84.26770209637083,81.48155848370229,81.48155848370229,23235668.0,364705747.0,0.034365424837180046,16.03,16.03,15.5,15.5,2026-07-23,16.26,5.256874740884019
000682,东方电子,2026-07-24,200.83888640577246,201.1736178831154,193.1400624268845,195.14845129094223,24339920.0,284639469.0,0.018155999755360152,12.0,12.02,11.54,11.66,2026-07-23,12.11,16.736573867147705
000683,博源化工,2026-07-24,50.53820790476116,51.03126359163687,48.89468894850876,49.63427247882234,89445347.0,541142497.0,0.026763120561024954,6.15,6.21,5.95,6.04,2026-07-23,6.18,8.217594781261976
000685,中山公用,2026-07-24,196.0529598277561,197.12233960863477,192.8448204851201,194.6271201199179,22483500.0,246117327.0,0.018036118829059884,11.0,11.06,10.82,10.92,2026-07-23,11.13,17.822996347977828
000686,东北证券,2026-07-24,121.9339150066318,122.54130686220657,120.11173943990755,120.11173943990755,17950080.0,143334267.0,0.0076694899029831586,8.03,8.07,7.91,7.91,2026-07-23,8.08,15.184796389368843
000688,国城矿业,2026-07-24,143.3485806677784,146.15540602351115,137.43419866819875,139.03809887147457,31673556.0,891353658.0,0.02672730958882228,28.6,29.16,27.42,27.74,2026-07-23,29.24,5.0121881352370075
000690,宝新能源,2026-07-24,278.3674970733229,282.311975776791,269.35154575111,269.9150427087483,83955275.0,410417830.0,0.038609566697733265,4.94,5.01,4.78,4.79,2026-07-23,4.99,56.34969576383054
000691,亚太实业,2026-07-24,39.641491993190535,40.13908394289585,37.941386165030686,38.978036060250105,7519006.0,70533085.0,0.02325921366040771,9.56,9.68,9.15,9.4,2026-07-23,9.69,4.1465995808776706
000692,惠天热电,2026-07-24,47.55316480690135,48.05904953888966,45.5296258789481,45.78256824494226,11551300.0,42312808.0,0.021679026111927426,3.76,3.8,3.6,3.62,2026-07-23,3.73,12.647118299707806
000695,滨海能源,2026-07-24,34.464782562186905,35.150386499919776,33.91102553555651,34.04287244665899,5389295.0,70517078.0,0.024296770743243563,13.07,13.33,12.86,12.91,2026-07-23,13.15,2.6369382220494955
000697,炼石航空,2026-07-24,32.22795450957696,32.994326394034985,31.703594799158314,32.34896059659665,8808400.0,70612373.0,0.013486909965067488,7.99,8.18,7.86,8.02,2026-07-23,8.02,4.033536233989607
000700,模塑科技,2026-07-24,216.13078206871054,217.72144099837905,208.57515215278508,209.3704816176193,36624663.0,390436856.0,0.03989547826632348,10.87,10.95,10.49,10.53,2026-07-23,11.11,19.883236620856536
000701,厦门信达,2026-07-24,7.814239877596407,8.006536608364998,7.674387709764703,7.70935075172263,10254900.0,45639253.0,0.01535747171744248,4.47,4.58,4.39,4.41,2026-07-23,4.52,1.748152097896288
000702,正虹科技,2026-07-24,12.91348962241391,13.076607386065454,12.478508919343126,12.641626682994671,6603001.0,30913220.0,0.024764233877904863,4.75,4.81,4.59,4.65,2026-07-23,4.79,2.7186293941924022
000703,恒逸石化,2026-07-24,152.6806145329449,157.45188373709942,143.04265074055274,143.61520304505132,110424922.0,1738276768.0,0.029040925573446,16.0,16.5,14.99,15.05,2026-07-23,15.82,9.542538408309056
000705,浙江震元,2026-07-24,36.34065724511887,36.86480134000039,35.525321986414276,35.64179845194351,5739300.0,35440535.0,0.02035462680354059,6.24,6.33,6.1,6.12,2026-07-23,6.3,5.823823276461357
000707,双环科技,2026-07-24,14.41674314060766,14.619320327595123,13.944063037636917,13.977825902134827,7904616.0,33246183.0,0.014353667123095507,4.27,4.33,4.13,4.14,2026-07-23,4.3,3.376286449791021
000708,中信特钢,2026-07-24,65.7610572168781,66.21964199523848,65.16489700500962,65.39418939418981,11858219.0,169558189.0,0.002349494584505885,14.34,14.44,14.21,14.26,2026-07-23,14.33,4.585847783603773
000709,河钢股份,2026-07-24,24.3801816448367,24.728469954048652,23.79970112948344,23.915797232554098,88337081.0,184168667.0,0.008547030113388998,2.1,2.13,2.05,2.06,2026-07-23,2.11,11.609610307065095
000710,贝瑞基因,2026-07-24,27.27819570708926,27.55869129276627,26.541894794687106,26.576956742896733,6125700.0,47089084.0,0.01858920714766167,7.78,7.86,7.57,7.58,2026-07-23,7.83,3.5061948209626297
000712,锦龙股份,2026-07-24,116.55844353854168,118.03556667094254,112.52992590472113,112.52992590472113,21957097.0,187823812.0,0.02451296248203115,8.68,8.79,8.38,8.38,2026-07-23,8.81,13.428392112735217
000713,国投丰乐,2026-07-24,36.848440823586316,37.239751699589,36.00060059224715,36.13103755091472,5136440.0,28754161.0,0.008365333366948148,5.65,5.71,5.52,5.54,2026-07-23,5.68,6.521847933378108
000715,中兴商业,2026-07-24,31.738650246271998,31.947457155786946,30.903422608212214,30.97302491138386,5220400.0,23431906.0,0.01073376899364007,4.56,4.59,4.44,4.45,2026-07-23,4.58,6.960230317164912
000716,黑芝麻,2026-07-24,17.681998715853954,17.884773930485306,17.276448286591247,17.35755837244379,12482902.0,53808692.0,0.0169668240747143,4.36,4.41,4.26,4.28,2026-07-23,4.4,4.055504292627053
000717,中南股份,2026-07-24,11.748325641338642,11.9638912494366,11.478868631216196,11.532760033240686,13867844.0,29984719.0,0.005722094141749803,2.18,2.22,2.13,2.14,2026-07-23,2.19,5.389140202448918
000718,苏宁环球,2026-07-24,17.895171592975483,18.09182183026093,17.40354599976187,17.501871118404594,17694790.0,31857250.0,0.007754649455945481,1.82,1.84,1.77,1.78,2026-07-23,1.83,9.832511864272243
000719,中原传媒,2026-07-24,57.579354490482466,58.56321652815548,57.15769933147975,57.485653344037416,5686387.0,70431518.0,0.008523432424602365,12.29,12.5,12.2,12.27,2026-07-23,12.3,4.6850573222524385
000720,新能泰山,2026-07-24,25.15299240250043,25.598178108739376,23.891632901490084,23.965830519196572,49718601.0,164271713.0,0.039568127174418606,3.39,3.45,3.22,3.23,2026-07-23,3.38,7.419761770649094
000721,西安饮食,2026-07-24,27.185753939192615,27.46943137160158,26.287442069897555,26.287442069897555,7245600.0,40915202.0,0.014141610672932924,5.75,5.81,5.56,5.56,2026-07-23,5.79,4.727957206816107
000722,湖南发展,2026-07-24,58.715059191699034,59.666961404092085,55.25359660117882,55.25359660117882,44357542.0,580217928.0,0.09556555106346243,13.57,13.79,12.77,12.77,2026-07-23,14.19,4.32682823815026
000723,美锦能源,2026-07-24,24.80569933869188,25.147375638122902,23.78067044039883,23.849005700285034,53188586.0,189669314.0,0.012101582619611485,3.63,3.68,3.48,3.49,2026-07-23,3.65,6.833525988620353
000725,京东方Ａ,2026-07-24,33.47890510934634,33.987874950535726,32.687174245273965,32.74372644985056,1553642535.0,9139868747.0,0.04392899152813196,5.92,6.01,5.78,5.79,2026-07-23,6.06,5.655220457659855
000726,鲁  泰Ａ,2026-07-24,51.90189107012294,52.2586050980963,51.188463014176236,51.366820028162905,4442800.0,25692879.0,0.007539256851712026,5.82,5.86,5.74,5.76,2026-07-23,5.86,8.917850699333838
000727,冠捷科技,2026-07-24,13.05296304414862,13.05296304414862,12.813459135081674,12.813459135081674,49953073.0,107783456.0,0.011028222613897631,2.18,2.18,2.14,2.14,2026-07-23,2.19,5.987597726673679
000728,国元证券,2026-07-24,23.157449079510325,23.22046254639335,22.653341344446158,22.653341344446158,22007568.0,159930165.0,0.005043237430894257,7.35,7.37,7.19,7.19,2026-07-23,7.36,3.150673344151065
000729,燕京啤酒,2026-07-24,107.3657736781833,108.6562276887384,106.50547100447992,106.84959207396126,21543616.0,269044040.0,0.008584459183698845,12.48,12.63,12.38,12.42,2026-07-23,12.48,8.603026737033918
000731,四川美丰,2026-07-24,82.5959030427731,83.58592242855977,80.05013890789311,80.75729561202644,7970300.0,45842998.0,0.014522456028405364,5.84,5.91,5.66,5.71,2026-07-23,5.88,14.143134082666627
000733,振华科技,2026-07-24,92.31284902789854,93.59233923516408,91.81526950285082,92.02851787072842,10783597.0,421146571.0,0.0194616486977567,38.96,39.5,38.75,38.84,2026-07-23,39.82,2.369426309750989
000735,罗 牛 山,2026-07-24,30.354335969395215,30.84293695079393,29.5603593746223,29.62143449729714,21230309.0,104516521.0,0.018446741509478816,4.97,5.05,4.84,4.85,2026-07-23,5.02,6.107512267483947
000736,中交地产,2026-07-24,17.91239965286988,18.27795882945906,17.4554506821334,17.50114557920705,6831300.0,26597429.0,0.009143775426177093,3.92,4.0,3.82,3.83,2026-07-23,3.97,4.569489707364765
000737,北方铜业,2026-07-24,50.779350777395976,51.847973124231274,50.304407512135846,50.38356472301253,49376911.0,635679838.0,0.0259259087155809,12.83,13.1,12.71,12.73,2026-07-23,13.56,3.9578605438344487
000738,航发控制,2026-07-24,33.287976915265936,33.80435550453322,32.624061586208,32.624061586208,13393802.0,240939916.0,0.010183975770550755,18.05,18.33,17.69,17.69,2026-07-23,18.08,1.8442092473831544
000739,普洛药业,2026-07-24,275.7751603909537,278.4828202867903,266.4337337503176,266.4337337503176,15890396.0,317579206.0,0.013722516624757859,20.37,20.57,19.68,19.68,2026-07-23,20.59,13.538299479182804
000750,国海证券,2026-07-24,52.96732921756256,53.10598714745147,51.99672370834021,52.13538163822911,38597370.0,146305866.0,0.006659077243167904,3.82,3.83,3.75,3.76,2026-07-23,3.84,13.865792988890723
000751,锌业股份,2026-07-24,15.411016574295148,15.481226217002645,14.954653896696431,14.954653896696431,47787549.0,206484563.0,0.0338950331490389,4.39,4.41,4.26,4.26,2026-07-23,4.53,3.5104821353747493
000753,漳州发展,2026-07-24,51.650651081224105,52.888466248748,49.40007804936249,49.625135352548654,35184926.0,159462003.0,0.03548723927176216,4.59,4.7,4.39,4.41,2026-07-23,4.53,11.252865159308085
000755,山西高速,2026-07-24,13.308291312928791,13.45263286729895,13.077344825936533,13.106213136810565,3348503.0,15302379.0,0.0022820689238909914,4.61,4.66,4.53,4.54,2026-07-23,4.6,2.886831087403208
000756,新华制药,2026-07-24,28.514154170127632,28.963364400864826,27.53016985517949,27.594342745284806,10705550.0,140541924.0,0.02145833791299824,13.33,13.54,12.87,12.9,2026-07-23,13.5,2.1390963368437834
000757,浩物股份,2026-07-24,17.76704965299894,17.92154573693806,17.303561401181575,17.50955617976707,12968700.0,44337546.0,0.02434448690723339,3.45,3.48,3.36,3.4,2026-07-23,3.46,5.149869464637374
000758,中色股份,2026-07-24,99.61487970649226,99.78872766409522,97.52870421525682,97.70255217285977,27271400.0,154528459.0,0.013754309774554252,5.73,5.74,5.61,5.62,2026-07-23,5.85,17.384795760295333
000759,中百集团,2026-07-24,47.414798965454125,48.3389254820222,45.49545927719737,46.63284575912729,78086100.0,512336685.0,0.11908705581895486,6.67,6.8,6.4,6.56,2026-07-23,6.79,7.108665512062088
000761,本钢板材,2026-07-24,5.516603546899447,5.563956367044507,5.20881021595656,5.20881021595656,16977602.0,38258829.0,0.004578159668488944,2.33,2.35,2.2,2.2,2026-07-23,2.34,2.3676410072529817
000762,西藏矿业,2026-07-24,129.3728173829302,131.3502620210204,126.85606966172453,127.09575992088698,16013449.0,343639456.0,0.0307477534521666,21.59,21.92,21.17,21.21,2026-07-23,21.81,5.992256479061149
000766,通化金马,2026-07-24,53.89545136723411,54.62329990659869,51.85054356616221,52.16247865446131,18574300.0,284206006.0,0.01922790094253919,15.55,15.76,14.96,15.05,2026-07-23,15.7,3.465945425545602
000767,晋控电力,2026-07-24,40.23670299391182,40.23670299391182,37.45108509433331,37.65742716096876,269034043.0,1006183989.0,0.09238024628489923,3.9,3.9,3.63,3.65,2026-07-23,4.03,10.317103331772262
000768,中航西飞,2026-07-24,177.69091364337478,181.5631127300343,174.67920324263963,174.76525211123206,27925982.0,578606007.0,0.010058291706307263,20.65,21.1,20.3,20.31,2026-07-23,20.79,8.604886859243331
000776,广发证券,2026-07-24,148.41082609253334,148.74018877804716,142.61404282748987,142.94340551300368,91359640.0,2011570220.0,0.015474064525474963,22.53,22.58,21.65,21.7,2026-07-23,22.82,6.587253710276668
000777,中核科技,2026-07-24,123.49036340040578,128.88594235513122,122.42644642341767,126.37813805223065,11776923.0,195597279.0,0.030716198319563886,16.25,16.96,16.11,16.63,2026-07-23,16.42,7.59940697848651
000778,新兴铸管,2026-07-24,61.26450477266658,61.7469024480419,59.8173117465406,60.13891019679081,47497330.0,178525485.0,0.012199070569141157,3.81,3.84,3.72,3.74,2026-07-23,3.83,16.07992251251091
000779,甘咨询,2026-07-24,26.27454777771848,29.30731650718545,26.24620414473281,28.31528935268691,111924396.0,1121071774.0,0.24081518245664893,9.27,10.34,9.26,9.99,2026-07-23,9.4,2.834363298567258
000782,恒申新材,2026-07-24,21.73611019690689,22.088969128674854,21.171535906078137,21.312679478785324,10240690.0,62448684.0,0.01939011873759754,6.16,6.26,6.0,6.04,2026-07-23,6.25,3.5285893176796894
000783,长江证券,2026-07-24,60.46562948554108,60.8755659566295,59.23582007227584,59.44078830782004,121926287.0,1069350224.0,0.022047862324148133,8.85,8.91,8.67,8.7,2026-07-23,9.01,6.832274518140236
000785,居然智家,2026-07-24,15.672126891765192,15.963701345565473,15.234765211064767,15.234765211064767,42127220.0,89801337.0,0.0072577054862792666,2.15,2.19,2.09,2.09,2026-07-23,2.17,7.289361345007066
000786,北新建材,2026-07-24,245.05848535585264,248.44986367702538,238.02451550453137,238.65254852697078,20065038.0,385428405.0,0.011876262128648942,19.51,19.78,18.95,19.0,2026-07-23,19.51,12.560660448787935
000788,北大医药,2026-07-24,20.664657237237854,21.427042649873812,19.82202072853495,19.942397372635362,23518900.0,119437897.0,0.039462074220777396,5.15,5.34,4.94,4.97,2026-07-23,5.19,4.012554803347156
000789,万年青,2026-07-24,27.990420764695884,28.278240001350852,27.558691909713428,27.558691909713428,3327831.0,12867147.0,0.0041732463479120605,3.89,3.93,3.83,3.83,2026-07-23,3.92,7.195480916374263
000790,华神科技,2026-07-24,47.24819763145721,48.02488033224829,46.342067813867615,46.47151493066613,10632151.0,38439237.0,0.017076616515140135,3.65,3.71,3.58,3.59,2026-07-23,3.71,12.94471167985129
000791,甘肃能源,2026-07-24,32.83046764026989,33.037469327787356,30.96745245261271,30.96745245261271,42199040.0,323014529.0,0.021801165595974153,7.93,7.98,7.48,7.48,2026-07-23,8.0,4.140033750349293
000792,盐湖股份,2026-07-24,206.58223934550986,209.92032914764079,203.1682838660578,203.6993436073059,64594920.0,1755982291.0,0.012207239967894695,27.23,27.67,26.78,26.85,2026-07-23,27.58,7.586567732115676
000795,英洛华,2026-07-24,39.265229079638864,39.265229079638864,38.64500067376364,38.74042042851367,9796069.0,79739662.0,0.008775881333870134,8.23,8.23,8.1,8.12,2026-07-23,8.31,4.7709877375016845
000796,凯撒旅业,2026-07-24,14.838376777213918,15.005569754985343,14.378596088342501,14.420394332785358,29535400.0,103142893.0,0.02219435289152601,3.55,3.59,3.44,3.45,2026-07-23,3.58,4.179824444285611
000797,中国武夷,2026-07-24,16.46996243346013,16.685726133461788,16.038435033456807,16.038435033456807,17647640.0,39930990.0,0.01123684529560009,2.29,2.32,2.23,2.23,2026-07-23,2.3,7.192123333388702
000798,中水渔业,2026-07-24,17.720978791814325,17.836050082670262,17.076579563021077,17.076579563021077,5999400.0,45127767.0,0.016399142029165772,7.7,7.75,7.42,7.42,2026-07-23,7.71,2.3014258171187434
000799,酒鬼酒,2026-07-24,85.12526758524571,86.06503305537808,83.07089655751449,83.13646159031443,7381987.0,283432890.0,0.02272092094807657,38.95,39.38,38.01,38.04,2026-07-23,39.18,2.1855010933310837
000800,一汽解放,2026-07-24,17.448960926132298,17.476613796062775,17.255390836618943,17.310696576479902,10892550.0,68454441.0,0.0022135558201508126,6.31,6.32,6.24,6.26,2026-07-23,6.3,2.7652869930479076
000801,四川九洲,2026-07-24,169.24995702312265,172.51973540167424,166.13588237688305,166.13588237688305,9013604.0,97726046.0,0.008871935662651974,10.87,11.08,10.67,10.67,2026-07-23,10.95,15.570373231198037
000802,北京文化,2026-07-24,12.586646038805306,13.030078013072158,12.450205431338581,12.688976494405349,40243566.0,150397081.0,0.05624191624664649,3.69,3.82,3.65,3.72,2026-07-23,3.73,3.4110151866681044
000803,山高环能,2026-07-24,39.20399258055854,40.06878653454145,37.93562811471694,38.05093397524799,16993014.0,113723066.0,0.036958385453393305,6.8,6.95,6.58,6.6,2026-07-23,6.8,5.765293026552727
000807,云铝股份,2026-07-24,190.17175973289565,191.9891504031259,183.7745445736851,184.6468920953956,93510778.0,2406491874.0,0.026964505614915948,26.16,26.41,25.28,25.4,2026-07-23,26.87,7.269562680921087
000809,和展能源,2026-07-24,8.625080205791065,8.683555325830326,8.39117972563402,8.508129965712543,10269000.0,29916958.0,0.01245042241249751,2.95,2.97,2.87,2.91,2026-07-23,2.96,2.923756001963073
000810,创维数字,2026-07-24,55.03234408529008,55.03234408529008,53.25901398587149,53.73190201238312,20330497.0,186183572.0,0.0183057662181646,9.31,9.31,9.01,9.09,2026-07-23,9.4,5.911100331395282
000811,冰轮环境,2026-07-24,938.8015444841055,1006.2714068984196,924.9378741249999,999.3395717188669,60480855.0,2533427068.0,0.06181635525842024,40.63,43.55,40.03,43.25,2026-07-23,42.85,23.106117265176113
000812,陕西金叶,2026-07-24,24.74683431309474,24.897729644272147,23.99235765720771,24.143252988385115,9706100.0,31285577.0,0.012844031892109253,3.28,3.3,3.18,3.2,2026-07-23,3.28,7.544766558870348
000813,德展健康,2026-07-24,13.635902711517252,13.886102761269862,13.260602636888338,13.302302645180438,23414505.0,75848654.0,0.011166990485236812,3.27,3.33,3.18,3.19,2026-07-23,3.3,4.170000829210169
000815,美利云,2026-07-24,56.30237372454511,56.30237372454511,52.31550442798838,52.47757228557199,164087835.0,2718983811.0,0.23600828282205452,17.37,17.37,16.14,16.19,2026-07-23,17.74,3.2413571516721422
000816,智慧农业,2026-07-24,18.78703788474754,19.31307494552047,18.486445278591578,18.56159343013057,28006048.0,70282889.0,0.019455277180774867,2.5,2.57,2.46,2.47,2026-07-23,2.51,7.514815153899016
000818,航锦科技,2026-07-24,26.88822091398467,26.994163470777362,25.46859065296263,25.46859065296263,25887141.0,318965523.0,0.039329521588578775,12.69,12.74,12.02,12.02,2026-07-23,12.92,2.118851135853796
000819,岳阳兴长,2026-07-24,97.87631110512861,98.96289696709843,92.94488296234245,92.94488296234245,5730758.0,64981175.0,0.015656948637679483,11.71,11.84,11.12,11.12,2026-07-23,11.77,8.358352784383314
000822,山东海化,2026-07-24,10.396531919774905,10.545408271848052,9.949902863555456,9.97471558890098,18882501.0,77569225.0,0.021095599738434015,4.19,4.25,4.01,4.02,2026-07-23,4.24,2.481272534552483
000823,超声电子,2026-07-24,43.069065950011826,44.308933000087926,42.31862010391314,42.54701666576926,32348977.0,427630051.0,0.0543742275075202,13.2,13.58,12.97,13.04,2026-07-23,13.53,3.2628080265160477
000825,太钢不锈,2026-07-24,29.45244165067197,29.778784494446732,28.4734131193477,28.4734131193477,32637411.0,115605051.0,0.005729633289991094,3.61,3.65,3.49,3.49,2026-07-23,3.61,8.158571094368968
000828,东莞控股,2026-07-24,45.02524917889981,45.38835602711675,44.48058890657442,44.525977262601536,5998343.0,59254978.0,0.0057703174129548045,9.92,10.0,9.8,9.81,2026-07-23,9.94,4.538835602711675
000829,天音控股,2026-07-24,142.16038329265226,144.1912459111187,139.11408936495255,139.28332791649143,20836863.0,173702709.0,0.02034592262164021,8.4,8.52,8.22,8.23,2026-07-23,8.59,16.92385515388717
000830,鲁西化工,2026-07-24,114.32943561692316,116.99652976039727,110.06208498736461,110.15098812548041,31586200.0,403829178.0,0.016587855212272802,12.86,13.16,12.38,12.39,2026-07-23,12.94,8.89031381158034
000831,中国稀土,2026-07-24,207.47328447557553,207.47328447557553,201.45956608497912,201.58661647351286,21508774.0,1034524991.0,0.020267953528732497,48.99,48.99,47.57,47.6,2026-07-23,49.78,4.23501295112422
000833,粤桂股份,2026-07-24,42.821176383117596,43.870200792307145,41.373522698436005,41.499405627538756,27064465.0,548013283.0,0.05965251078689255,20.41,20.91,19.72,19.78,2026-07-23,20.16,2.098048818379108
000837,秦川机床,2026-07-24,36.679720239184576,36.97416753468261,35.83844225204731,36.09082564818849,13095690.0,113137092.0,0.01299945068575845,8.72,8.79,8.52,8.58,2026-07-23,8.83,4.206389935686304
000839,国安股份,2026-07-24,57.8678102794074,59.683270994055476,56.05234956475933,56.05234956475933,84144825.0,214537855.0,0.02146646750233389,2.55,2.63,2.47,2.47,2026-07-23,2.59,22.693258933100942
000848,承德露露,2026-07-24,263.646633147346,265.5995711706597,259.7407571007187,261.04271578292776,12344576.0,99273345.0,0.012208523312771747,8.1,8.16,7.98,8.02,2026-07-23,8.11,32.548967055227905
000850,华茂股份,2026-07-24,40.932547423098725,40.932547423098725,39.602239631848015,39.602239631848015,6467916.0,25288059.0,0.00685614258510162,4.0,4.0,3.87,3.87,2026-07-23,3.98,10.233136855774681
000852,石化机械,2026-07-24,29.424282473485786,30.09301616606501,28.031087280612404,28.198270703757206,19097451.0,99214085.0,0.02009710358158371,5.28,5.4,5.03,5.06,2026-07-23,5.26,5.57278077149352
000856,冀东装备,2026-07-24,13.91709467692951,14.075468442812065,13.6003471451644,13.679534028105678,4314140.0,30000491.0,0.019005022026431718,7.03,7.11,6.87,6.91,2026-07-23,7.1,1.979672073531936
000858,五 粮 液,2026-07-24,1566.1559553227669,1580.8517886837044,1542.4326814686822,1544.5320862345302,31139902.0,2315849377.0,0.008022618721914903,74.6,75.3,73.47,73.57,2026-07-23,74.84,20.99404765848213
000859,国风新材,2026-07-24,27.489069759714692,28.02656553713928,27.181929315472072,27.911387870548296,23990781.0,173348085.0,0.026777658557641016,7.16,7.3,7.08,7.27,2026-07-23,7.23,3.8392555530327783
000860,顺鑫农业,2026-07-24,32.5922486466157,32.80213433247247,31.063081506802085,31.063081506802085,9466660.0,100275362.0,0.012762309647619005,10.87,10.94,10.36,10.36,2026-07-23,10.85,2.998366940811012
000862,银星能源,2026-07-24,15.543083635874053,16.695415698533683,14.819526294204055,14.899921554389609,94603687.0,549161591.0,0.1506507089428865,5.8,6.23,5.53,5.56,2026-07-23,5.92,2.6798420061851815
000863,三湘印象,2026-07-24,26.25391452843163,26.771597350119016,25.58832232911928,25.88414108436921,11493705.0,40538430.0,0.009880974206326268,3.55,3.62,3.46,3.5,2026-07-23,3.59,7.3954688812483464
000868,安凯客车,2026-07-24,17.401335779074074,17.50369657777451,17.04307298362255,17.094253382972767,9614200.0,32346429.0,0.010234030276202653,3.4,3.42,3.33,3.34,2026-07-23,3.41,5.118039935021787
000869,张  裕Ａ,2026-07-24,86.4505491210413,86.706319976429,84.66015313332744,85.17169484410283,863000.0,14451380.0,0.0018967341655307599,16.9,16.95,16.55,16.65,2026-07-23,16.86,5.115417107753924
000875,电投绿能,2026-07-24,7.976835469484428,8.037266041222946,7.644467324922576,7.644467324922576,56407674.0,290033502.0,0.016876502576854257,5.28,5.32,5.06,5.06,2026-07-23,5.32,1.5107642934629597
000876,新 希 望,2026-07-24,126.22939906993838,127.4989476238027,121.69529709185151,121.87666117097498,32156994.0,219227657.0,0.007145988287515679,6.96,7.03,6.71,6.72,2026-07-23,6.98,18.13640791234747
000877,天山股份,2026-07-24,29.082304118045055,29.241223812679184,28.287705644874425,28.287705644874425,16408600.0,59091783.0,0.002307660871798398,3.66,3.68,3.56,3.56,2026-07-23,3.68,7.945984731706299
000878,云南铜业,2026-07-24,48.59996068571413,49.23650241047791,47.80428352975942,47.836110615997605,43319791.0,658734960.0,0.02162075318033855,15.27,15.47,15.02,15.03,2026-07-23,16.0,3.1827086238188693
000880,潍柴重机,2026-07-24,121.99308097135892,124.74868938859433,120.61527676274123,121.41899588443488,7675945.0,163986616.0,0.03381074392979155,21.25,21.73,21.01,21.15,2026-07-23,21.63,5.74085086924042
000881,中广核技,2026-07-24,32.0563628078835,32.26119579707125,31.697905076804933,31.697905076804933,9027679.0,56423143.0,0.009989328134608295,6.26,6.3,6.19,6.19,2026-07-23,6.26,5.12082472969385
000882,华联股份,2026-07-24,4.022196800416905,4.051555901149875,3.904760397485025,3.934119498217995,46796800.0,63198135.0,0.017108244686480017,1.37,1.38,1.33,1.34,2026-07-23,1.37,2.935910073297011
000883,湖北能源,2026-07-24,29.12135936170227,29.42534014835887,28.087824687069833,28.20941700173247,40954800.0,193071904.0,0.006320589533195777,4.79,4.84,4.62,4.64,2026-07-23,4.79,6.079615733131998
000885,城发环境,2026-07-24,27.977081456951936,28.154011616363487,27.667453677981715,27.689569947908158,4078964.0,51348629.0,0.006352752126763738,12.65,12.73,12.51,12.52,2026-07-23,12.72,2.2116269926444216
000886,海南高速,2026-07-24,14.189296882903154,14.378908867975357,13.810072912758748,13.873276907782815,11841500.0,52501264.0,0.012110007345588985,4.49,4.55,4.37,4.39,2026-07-23,4.51,3.160199751203375
000887,中鼎股份,2026-07-24,164.17891709343706,164.66696381488012,158.12713774754343,158.12713774754343,33634795.0,553973150.0,0.025590038909330207,16.82,16.87,16.2,16.2,2026-07-23,17.15,9.760934428860706
000888,峨眉山Ａ,2026-07-24,62.367886038802865,62.89754961450395,60.44785557688643,60.5802714708117,8453100.0,78370921.0,0.016042683258234866,9.42,9.5,9.13,9.15,2026-07-23,9.51,6.620794696263574
000889,中嘉博创,2026-07-24,18.079325229306757,18.725015416067713,17.681977422069245,17.781314373878626,105757526.0,384564156.0,0.12158201547290119,3.64,3.77,3.56,3.58,2026-07-23,3.83,4.966847590468889
000890,法尔胜,2026-07-24,23.989407541333726,24.429580156771042,23.329148618177754,23.475872823323527,16726500.0,108314678.0,0.03987331829723965,6.54,6.66,6.36,6.4,2026-07-23,6.68,3.6681051286443007
000892,欢瑞世纪,2026-07-24,8.382262197119267,8.490072643384467,8.031878246757369,8.05883085832367,66411100.0,202495153.0,0.09342669418020591,3.11,3.15,2.98,2.99,2026-07-23,3.22,2.6952611566299898
000893,亚钾国际,2026-07-24,96.76049640419257,98.48663073571655,89.21593174168888,89.93353814917637,24041632.0,1151103360.0,0.029614984866759918,49.89,50.78,46.0,46.37,2026-07-23,50.8,1.9394767769932364
000895,双汇发展,2026-07-24,765.4360713914076,771.5230381619159,758.1317112667979,758.7404079438486,10637369.0,267321758.0,0.0030706483257815086,25.15,25.35,24.91,24.93,2026-07-23,25.06,30.43483385254106
000897,津滨发展,2026-07-24,11.185083738927332,11.315903431780283,10.988854199647905,10.988854199647905,22178300.0,37703455.0,0.013713667300793283,1.71,1.73,1.68,1.68,2026-07-23,1.72,6.540984642647563
000898,鞍钢股份,2026-07-24,6.586904131839667,6.684729440728374,6.456470386654722,6.456470386654722,43092920.0,86671991.0,0.005415401236783878,2.02,2.05,1.98,1.98,2026-07-23,2.02,3.260843629623597
000899,赣能股份,2026-07-24,42.73790600413767,43.67892411799025,40.346151631429045,40.463778895660624,35897412.0,380893352.0,0.03679228273072454,10.9,11.14,10.29,10.32,2026-07-23,11.19,3.9209088077190524
000900,现代投资,2026-07-24,60.099427810125555,60.58540701074652,59.28946247575729,59.45145554263094,9056500.0,33384787.0,0.005967102363509256,3.71,3.74,3.66,3.67,2026-07-23,3.72,16.19930668736538
000901,航天科技,2026-07-24,91.7001076210345,92.83138616207775,89.57064213201194,89.6371879285439,14621521.0,199956353.0,0.01831826891583808,13.78,13.95,13.46,13.47,2026-07-23,13.9,6.654579653195538
000902,新洋丰,2026-07-24,52.79572810955147,53.45664664995086,51.396135906352754,51.43501346755272,9410936.0,126141233.0,0.008235101328273124,13.58,13.75,13.22,13.23,2026-07-23,13.67,3.887756119996426
000905,厦门港务,2026-07-24,24.55177874154366,24.609209802927385,23.69031282078774,23.805174943555194,17582701.0,146930832.0,0.02370250867085687,8.55,8.57,8.25,8.29,2026-07-23,8.57,2.8715530691863926
000906,浙商中拓,2026-07-24,30.570329953600275,30.685040384945864,29.767356934181134,29.767356934181134,5937400.0,31302947.0,0.008467004161503882,5.33,5.35,5.19,5.19,2026-07-23,5.36,5.735521567279601
000910,大亚圣象,2026-07-24,13.916341401252309,13.97256904327757,13.466520265050214,13.550861728088107,5103800.0,24760572.0,0.00932744375261568,4.95,4.97,4.79,4.82,2026-07-23,4.97,2.8113821012630926
000912,泸天化,2026-07-24,8.142157772155493,8.324105431868466,7.914723197514278,7.914723197514278,24033986.0,85424292.0,0.015327797193877552,3.58,3.66,3.48,3.48,2026-07-23,3.61,2.274345746412149
000913,钱江摩托,2026-07-24,34.51776894827258,34.77536423893133,34.002578366955085,34.002578366955085,3488600.0,37228325.0,0.006707521740779356,10.72,10.8,10.56,10.56,2026-07-23,10.73,3.2199411332343826
000915,华特达因,2026-07-24,101.33805562487488,101.89639201950229,98.58625482278264,98.62613599382746,2323159.0,58169315.0,0.009920295687419938,25.41,25.55,24.72,24.73,2026-07-23,25.48,3.9881171044814985
000917,电广传媒,2026-07-24,52.788027363438765,52.95120519145558,51.07466016926224,51.07466016926224,22173795.0,141034256.0,0.01564333735329808,6.47,6.49,6.26,6.26,2026-07-23,6.53,8.158891400840613
000919,金陵药业,2026-07-24,24.4345743345861,24.791572985578426,23.839576582932214,23.839576582932214,11076400.0,67565668.0,0.01781439807116858,6.16,6.25,6.01,6.01,2026-07-23,6.2,3.9666516776925484
000920,沃顿科技,2026-07-24,39.75952967833433,41.08371555148124,39.419994839065886,39.48790180691958,14521514.0,171071426.0,0.03072694977707277,11.71,12.1,11.61,11.63,2026-07-23,12.0,3.3953483926844004
000921,海信家电,2026-07-24,40.50801573432062,40.54028018333243,37.830066466340845,39.42715669242517,28440144.0,698261150.0,0.030787275991996647,25.11,25.13,23.45,24.44,2026-07-23,25.45,1.613222450590228
000922,佳电股份,2026-07-24,38.90326366529918,38.90326366529918,36.72410931857443,37.0456238943207,17445407.0,183152292.0,0.024747743356009044,10.89,10.89,10.28,10.37,2026-07-23,10.97,3.572384174958602
000923,河钢资源,2026-07-24,25.019831751019776,25.539584702867607,24.50007879917194,24.53592383033386,14843286.0,206506645.0,0.023639519019097385,13.96,14.25,13.67,13.69,2026-07-23,14.3,1.7922515580959724
000925,众合科技,2026-07-24,24.03920431789237,24.54151604990803,23.71628963302516,23.895686680173608,19960400.0,134245884.0,0.029740486467546737,6.7,6.84,6.61,6.66,2026-07-23,6.79,3.58794094296901
000926,福星股份,2026-07-24,9.70656081460199,9.854376461524865,9.608017049986742,9.657288932294367,15441180.0,30465256.0,0.009815084058642436,1.97,2.0,1.95,1.96,2026-07-23,1.98,4.927188230762432
000927,中国铁物,2026-07-24,3.9799622463730153,3.9960754538482095,3.883283001521849,3.899396208997043,44741559.0,109338389.0,0.0073948704956870665,2.47,2.48,2.41,2.42,2026-07-23,2.47,1.6113207475194393
000928,中钢国际,2026-07-24,13.294351365479123,13.373171630491846,12.952796883757328,12.979070305428237,14998502.0,74938321.0,0.010454634729250832,5.06,5.09,4.93,4.94,2026-07-23,5.08,2.627342167090736
000930,中粮科技,2026-07-24,29.451399316462847,29.64140834431099,28.31134514937396,28.374681491990014,17173044.0,78183606.0,0.009250982714405586,4.65,4.68,4.47,4.48,2026-07-23,4.65,6.333634261604913
000931,中 关 村,2026-07-24,8.511486432205077,8.552604724148097,8.305894972489979,8.326454118461488,6075997.0,24769393.0,0.00809022380760388,4.14,4.16,4.04,4.05,2026-07-23,4.16,2.0559145971509847
000932,华菱钢铁,2026-07-24,10.015916123553472,10.119439804417075,9.627702320314967,9.627702320314967,113166022.0,429975836.0,0.01651429686966125,3.87,3.91,3.72,3.72,2026-07-23,3.89,2.5880920215900445
000933,神火股份,2026-07-24,393.80122265624993,396.24340078124993,380.97978749999993,381.2850597656249,61167474.0,1550989528.0,0.027216751525657362,25.8,25.96,24.96,24.98,2026-07-23,26.26,15.263613281249997
000935,四川双马,2026-07-24,59.98675153914293,60.89889355717999,58.51122768643592,59.82578530066581,7337313.0,162924236.0,0.00961085324267247,22.36,22.7,21.81,22.3,2026-07-23,22.98,2.682770641285462
000936,华西股份,2026-07-24,33.2122886557328,33.48733866530409,32.31837612462612,32.31837612462612,12437585.0,59265527.0,0.014039691595681992,4.83,4.87,4.7,4.7,2026-07-23,4.87,6.876250239282153
000937,冀中能源,2026-07-24,65.32420859515568,66.52649464291929,63.72116053147088,64.12192254739207,34270946.0,167408709.0,0.009074229393234509,4.89,4.98,4.77,4.8,2026-07-23,4.87,13.358733864040017
000938,紫光股份,2026-07-24,270.3632445229443,286.5810836238086,270.29731834773753,273.263996232042,360537121.0,15218589534.0,0.12605872720561506,41.01,43.47,41.0,41.45,2026-07-23,42.45,6.592617520676526
000948,南天信息,2026-07-24,35.4804669724157,35.8462449824406,33.15516390868595,33.181290909402016,18442337.0,241525508.0,0.04739141873446199,13.58,13.72,12.69,12.7,2026-07-23,13.86,2.612700071606458
000949,新乡化纤,2026-07-24,28.044437755579985,28.326291401364713,25.836584196932986,26.1654134503485,50800900.0,290061501.0,0.030668632137791876,5.97,6.03,5.5,5.57,2026-07-23,6.03,4.697560763078725
000950,重药控股,2026-07-24,13.340020343792693,13.465869592319038,12.987642447918924,13.012812297624192,23273000.0,121796090.0,0.013587866434275092,5.3,5.35,5.16,5.17,2026-07-23,5.34,2.516984970526923
000951,中国重汽,2026-07-24,119.20980675690453,120.36514409111243,115.79631008765396,116.05888675451939,7869371.0,176082143.0,0.006731740794319307,22.7,22.92,22.05,22.1,2026-07-23,22.7,5.25153333730857
000952,广济药业,2026-07-24,13.721173305588845,13.981537125429242,13.382700339796331,13.46080948574845,7192620.0,37501654.0,0.020909111245037654,5.27,5.37,5.14,5.17,2026-07-23,5.32,2.6036381984039556
000953,中哲精化,2026-07-24,13.799927963708576,14.012234547765631,13.454929764615862,13.508006410630125,5280401.0,27158499.0,0.014422509949171478,5.2,5.28,5.07,5.09,2026-07-23,5.23,2.6538323007131877
000955,欣龙控股,2026-07-24,9.284857347875592,9.437485139895465,9.055915659845784,9.13222955585572,7392601.0,26671288.0,0.013732907651521431,3.65,3.71,3.56,3.59,2026-07-23,3.7,2.543796533664546
000957,中通客车,2026-07-24,51.980519328055685,52.453547309807455,51.08702202919123,51.29725668774757,6557473.0,64846951.0,0.011059924891441435,9.89,9.98,9.72,9.76,2026-07-23,9.97,5.255866463908562
000958,电投产融,2026-07-24,26.75285876198908,26.851034390473444,25.967453734114173,26.016541548356354,21935284.0,117372185.0,0.004074601281417741,5.45,5.47,5.29,5.3,2026-07-23,5.48,4.90878142421818
000959,首钢股份,2026-07-24,8.98303871520851,9.07685635192087,8.72504021424952,8.818857850961878,42785445.0,161517328.0,0.005741773912704111,3.83,3.87,3.72,3.76,2026-07-23,3.84,2.3454409178090105
000960,锡业股份,2026-07-24,110.5770784293831,113.11260379464284,108.6050031452922,108.78108129565747,39404715.0,1234314651.0,0.023947945675969227,31.4,32.12,30.84,30.89,2026-07-23,32.83,3.5215630073051947
000962,东方钽业,2026-07-24,175.02308225144805,175.96200997264594,166.9204837685179,168.241937598352,15767613.0,774117004.0,0.031336070232359646,50.33,50.6,48.0,48.38,2026-07-23,51.25,3.4775100785107895
000963,华东医药,2026-07-24,406.18344285993345,411.193038655206,386.6866376026566,386.95742656456326,31511860.0,920623180.0,0.017975826898242606,30.0,30.37,28.56,28.58,2026-07-23,30.39,13.539448095331116
000965,天保基建,2026-07-24,8.762054511474956,8.904758982345884,8.590809146429843,8.590809146429843,9679900.0,29528770.0,0.008721959393642578,3.07,3.12,3.01,3.01,2026-07-23,3.1,2.8540894174185527
000966,长源电力,2026-07-24,17.240973527782113,17.439145637296853,16.448285089723168,16.448285089723168,75378778.0,320525749.0,0.021654128054884238,4.35,4.4,4.15,4.15,2026-07-23,4.37,3.9634421902947388
000967,盈峰环境,2026-07-24,41.830195292012576,41.9478611015541,39.94754233934815,40.24170686320197,76480554.0,530682130.0,0.022777876696126048,7.11,7.13,6.79,6.84,2026-07-23,7.24,5.8832904770763115
000968,蓝焰控股,2026-07-24,14.049443372311414,14.299638939215589,13.18338179456619,13.26036504592132,66782683.0,474317755.0,0.06902583916410111,7.3,7.43,6.85,6.89,2026-07-23,7.35,1.9245812838782759
000969,安泰科技,2026-07-24,114.82746823644405,115.69518210221062,111.79046970626102,112.15201715033042,20792030.0,325459050.0,0.019966421064645235,15.88,16.0,15.46,15.51,2026-07-23,16.03,7.230948881388164
000970,中科三环,2026-07-24,231.7924938920747,234.8050874671246,227.0077864493484,229.13432309056006,44526794.0,578962514.0,0.03662568894144848,13.08,13.25,12.81,12.93,2026-07-23,13.3,17.72113867676412
000973,佛塑科技,2026-07-24,49.77953524462982,52.707743200196276,49.40305136462842,50.07235604018646,49498051.0,603248254.0,0.06984712736218827,11.9,12.6,11.81,11.97,2026-07-23,11.99,4.1831542222378
000975,山金国际,2026-07-24,216.28849629760975,231.16278761152924,216.28849629760975,222.09558263249613,89203704.0,1964245176.0,0.03535287917589085,21.23,22.69,21.23,21.8,2026-07-23,22.81,10.187870762958537
000977,浪潮信息,2026-07-24,572.0825020683169,587.4037920662386,557.0242385081278,560.9696350741164,96043622.0,8310728034.0,0.06547691544326509,87.0,89.33,84.71,85.31,2026-07-23,87.96,6.575660943313988
000978,桂林旅游,2026-07-24,17.45031935505057,17.696531973816718,16.927117540172514,16.95789411751828,10186200.0,56798245.0,0.021759793557317806,5.67,5.75,5.5,5.51,2026-07-23,5.71,3.0776577345768206
000980,众泰汽车,2026-07-24,3.2897728914827917,3.2897728914827917,3.1632431648873,3.184331452653215,104724823.0,159758345.0,0.020768429036266023,1.56,1.56,1.5,1.51,2026-07-23,1.56,2.1088287765915332
000981,山子高科,2026-07-24,14.614196282616838,14.848023423138708,14.204998786703568,14.263455571834033,154728134.0,382714414.0,0.01626430593866345,2.5,2.54,2.43,2.44,2026-07-23,2.53,5.845678513046735
000983,山西焦煤,2026-07-24,76.03925388697651,76.62059374849774,73.01628660706614,73.13255457937038,56934750.0,364810785.0,0.010028903601479454,6.54,6.59,6.28,6.29,2026-07-23,6.53,11.626797230424543
000985,大庆华科,2026-07-24,25.07153273237949,25.23043681307767,24.012172194391628,24.453572418553236,1576800.0,21896110.0,0.012162959591791082,14.2,14.29,13.6,13.85,2026-07-23,14.19,1.7656008966464432
000987,越秀资本,2026-07-24,68.1521552450922,68.59355521429617,66.47483536211715,66.56311535595793,33622898.0,256266371.0,0.006706679956759039,7.72,7.77,7.53,7.54,2026-07-23,7.77,8.827999384079302
000988,华工科技,2026-07-24,1106.9291669242662,1147.6077635426993,1100.0640133387874,1108.56860658647,37565540.0,4110523621.0,0.037379180228439814,108.03,112.0,107.36,108.19,2026-07-23,111.91,10.246497888774101
000989,九芝堂,2026-07-24,51.50065656404323,52.93123035748888,49.841190963646284,50.07008277059759,35987127.0,321243559.0,0.051843164204573564,9.0,9.25,8.71,8.75,2026-07-23,9.16,5.722295173782581
000990,诚志股份,2026-07-24,30.901404912647536,31.3338250029214,29.47109230635707,29.604144641825954,53410945.0,488411486.0,0.04395103299701815,9.29,9.42,8.86,8.9,2026-07-23,9.28,3.326308386722017
000993,闽东电力,2026-07-24,18.85099014124805,19.088454164345166,17.937666975489908,17.974199902120233,16008185.0,160884520.0,0.034956074110518986,10.32,10.45,9.82,9.84,2026-07-23,10.48,1.826646331516284
000995,皇台酒业,2026-07-24,15.823102498655798,16.13989801759622,15.30622559933195,15.372919392793094,7828500.0,73011423.0,0.044127096861471864,9.49,9.68,9.18,9.22,2026-07-23,9.59,1.667344836528535
000997,新 大 陆,2026-07-24,212.1601723073285,213.91252771281677,202.7725540636414,202.89772230689059,20816415.0,345512211.0,0.020662697322132974,16.95,17.09,16.2,16.21,2026-07-23,17.19,12.516824324916136
000998,隆平高科,2026-07-24,99.1151718506957,99.5922605238639,96.37191197997849,96.61045631656259,15547374.0,127298288.0,0.011828399488565303,8.31,8.35,8.08,8.1,2026-07-23,8.3,11.927216829205259
000999,华润三九,2026-07-24,99.30261014190239,100.49424146360522,97.99181568802929,98.11097882019956,10444351.0,260050100.0,0.006281583370815826,25.0,25.3,24.67,24.7,2026-07-23,25.13,3.9721044056760957
001201,东瑞股份,2026-07-24,19.124487557428395,19.415289246584283,18.765261941412298,18.782367923127353,2057420.0,22746446.0,0.01021356057647627,11.18,11.35,10.97,10.98,2026-07-23,11.27,1.7105981715052232
001202,炬申股份,2026-07-24,17.916746822781565,17.916746822781565,17.916746822781565,17.916746822781565,1349500.0,18609605.0,0.011551569196574452,13.79,13.79,13.79,13.79,2026-07-23,15.32,1.2992564773590694
001203,大中矿业,2026-07-24,28.726075388268903,28.77868724795438,27.442346011943332,27.684360566496515,17275966.0,459732083.0,0.013228570728789905,27.3,27.35,26.08,26.31,2026-07-23,27.36,1.0522371937094837
001205,盛航股份,2026-07-24,17.878501365274044,17.878501365274044,17.546884001240734,17.71990175638855,2319234.0,28510529.0,0.013930644487265826,12.4,12.4,12.17,12.29,2026-07-23,12.45,1.4418146262317777
001206,依依股份,2026-07-24,47.356739922471434,48.89120412107666,46.03392595815659,46.03392595815659,12799213.0,227469975.0,0.11977053212584488,17.9,18.48,17.4,17.4,2026-07-23,19.33,2.6456279286296893
001207,联科科技,2026-07-24,23.5007787674398,23.61509805261845,23.05983295317929,23.174152238357937,2340804.0,33351077.0,0.007999409695970596,14.39,14.46,14.12,14.19,2026-07-23,14.53,1.633132645409298
001208,华菱线缆,2026-07-24,14.243256081604304,14.823767246502296,13.921901686750058,13.953000499155308,47326392.0,659429229.0,0.1484825683156517,13.74,14.3,13.43,13.46,2026-07-23,13.61,1.0366270801749857
001209,洪兴股份,2026-07-24,22.81270969800764,23.08829947959431,22.154356330883928,22.414635569049118,1311625.0,19289731.0,0.013649305045497027,14.9,15.08,14.47,14.64,2026-07-23,14.97,1.5310543421481637
001210,金房能源,2026-07-24,33.19605610063437,33.69538396398653,32.345349370478836,32.43781749332183,3832527.0,68199876.0,0.028725304534988713,17.95,18.22,17.49,17.54,2026-07-23,18.06,1.8493624568598537
001211,双枪科技,2026-07-24,19.795253167830673,20.004615972355584,19.240441735839646,19.303250577197122,4159394.0,77551645.0,0.044561694487607384,18.91,19.11,18.38,18.44,2026-07-23,19.11,1.0468140226245728
001212,中旗新材,2026-07-24,60.029051920443024,61.259757697269734,59.42288340349853,60.43316426507268,3328022.0,109384850.0,0.019143206366012785,32.68,33.35,32.35,32.9,2026-07-23,33.11,1.8368742937712064
001213,中铁特货,2026-07-24,3.69768158480423,3.718691139263345,3.6451576986564427,3.6451576986564427,6719000.0,23479321.0,0.0015117750001511776,3.52,3.54,3.47,3.47,2026-07-23,3.53,1.0504777229557472
001215,千味央厨,2026-07-24,31.656023638548422,32.53184029254826,31.23394332336778,32.07810395372907,2555250.0,77350709.0,0.026369522200666115,30.0,30.83,29.6,30.4,2026-07-23,30.5,1.055200787951614
001216,华瓷股份,2026-07-24,15.01395339491194,15.124675765080907,14.471413781084001,14.493558255117794,2663900.0,35626711.0,0.010848565650329808,13.56,13.66,13.07,13.09,2026-07-23,13.74,1.107223701689671
001217,华尔泰,2026-07-24,9.129003696560545,9.40403741163653,9.076112597507471,9.107847256939316,4008500.0,34821299.0,0.012214618808653576,8.63,8.89,8.58,8.61,2026-07-23,8.76,1.0578219810614768
001218,丽臣实业,2026-07-24,34.24506299109112,34.538312816894944,33.60968836851616,33.80518825238538,1676060.0,35118587.0,0.014121185257504833,21.02,21.2,20.63,20.75,2026-07-23,21.21,1.6291656989101388
001219,青岛食品,2026-07-24,28.56551283420167,28.855763599663497,28.226886941162867,28.27526206873984,1662153.0,19545099.0,0.008739089630515649,11.81,11.93,11.67,11.69,2026-07-23,11.92,2.418756378848575
001220,世盟股份,2026-07-24,28.093826125307057,28.417907753284645,27.658341437712178,27.739361844706576,561562.0,15486032.0,0.024838371582413952,27.74,28.06,27.31,27.39,2026-07-23,28.1,1.012755087429959
001221,悍高集团,2026-07-24,36.58737691235057,37.289854549067705,35.806846204887094,35.806846204887094,1465530.0,54369180.0,0.040698991918687,37.5,38.22,36.7,36.7,2026-07-23,37.9,0.9756633843293486
001222,源飞宠物,2026-07-24,19.260075211500283,19.62735353361127,18.819341224967097,18.834032357851534,3596468.0,46775432.0,0.031827520824689245,13.11,13.36,12.81,12.82,2026-07-23,13.28,1.4691132884439575
001223,欧克科技,2026-07-24,58.166454178738526,58.24863920760287,56.56384611588385,57.15968757515033,1085616.0,30353002.0,0.015545487350146346,28.31,28.35,27.53,27.82,2026-07-23,28.46,2.054625721608567
001225,和泰机电,2026-07-24,40.9321797671325,42.479482004978536,40.22985818399672,41.78813419657924,1410800.0,53488838.0,0.06705714254343635,37.3,38.71,36.66,38.08,2026-07-23,37.39,1.097377473649665
001226,拓山重工,2026-07-24,40.322816814860154,40.85338019400305,39.36780273240294,40.354650617608726,508100.0,19206883.0,0.01497653744576495,38.0,38.5,37.1,38.03,2026-07-23,38.23,1.0611267582857935
001227,兰州银行,2026-07-24,2.533791459567174,2.56947866322305,2.5218957250152156,2.5218957250152156,67733085.0,144672601.0,0.016060008180708893,2.13,2.16,2.12,2.12,2026-07-23,2.13,1.1895734551958563
001228,永泰运,2026-07-24,28.21568965616243,29.162378819327156,28.21568965616243,28.650949041525518,790200.0,20829759.0,0.00989424489638458,25.93,26.8,25.93,26.33,2026-07-23,26.32,1.0881484634077296
001229,魅视科技,2026-07-24,33.85051555885888,38.44241158249539,33.35992837684643,38.44241158249539,8421363.0,314287587.0,0.11418610719648581,34.5,39.18,34.0,39.18,2026-07-23,35.62,0.981174364024895
001230,劲旅环境,2026-07-24,22.155654360787914,23.026868839584775,21.954604865680942,22.209267559483106,4521568.0,75702253.0,0.04111309547374676,16.53,17.18,16.38,16.57,2026-07-23,16.72,1.340329967379789
001231,农心科技,2026-07-24,18.02127196360078,18.125743105418753,17.4884691403291,17.61383451051067,1317300.0,22401092.0,0.025848197322230364,17.25,17.35,16.74,16.86,2026-07-23,17.35,1.0447114181797552
001233,海安集团,2026-07-24,43.17713354174053,43.17713354174053,41.40636935000818,41.66214639992507,1116618.0,47739282.0,0.029608205121786906,43.89,43.89,42.09,42.35,2026-07-23,43.82,0.9837578842957514
001234,泰慕士,2026-07-24,20.498873857655447,20.998292711330333,20.181061859862343,20.635078999566783,1377700.0,25000533.0,0.015059217034393429,18.06,18.5,17.78,18.18,2026-07-23,18.26,1.135042849261099
001236,弘业期货,2026-07-24,7.257450601358093,7.297769771365638,7.005455788810937,7.005455788810937,12491100.0,88313739.0,0.016477333015821497,7.2,7.24,6.95,6.95,2026-07-23,7.22,1.007979250188624
001237,惠康科技,2026-07-24,53.8680324228796,53.970035892720304,52.021769618762725,52.2767782933645,2044386.0,105911450.0,0.0586522939446801,52.81,52.91,51.0,51.25,2026-07-23,53.55,1.0200346984071123
001238,浙江正特,2026-07-24,34.067014752976014,34.067014752976014,33.05773007373371,33.36490367176397,347356.0,7960065.0,0.0023933489818744585,23.29,23.29,22.6,22.81,2026-07-23,23.38,1.4627314191917569
001239,永达股份,2026-07-24,11.766452532091918,11.796961916358363,10.983378335919856,11.054566899208224,6093427.0,68025475.0,0.05345111403508772,11.57,11.6,10.8,10.87,2026-07-23,11.56,1.0169794755481347
001255,博菲电气,2026-07-24,23.038956270348436,23.17374764366731,22.292419433505465,22.499790777072956,1242000.0,27119992.0,0.01607396945666256,22.22,22.35,21.5,21.7,2026-07-23,22.28,1.0368567178374635
001256,炜冈科技,2026-07-24,23.036855314396632,24.804800024571257,22.99399604869543,24.129766589777308,3018000.0,67828913.0,0.02822867637307864,21.5,23.15,21.46,22.52,2026-07-23,21.91,1.071481642530076
001257,盛龙股份,2026-07-24,24.080595041553803,24.11912399362029,22.770610671293277,22.78987514732652,20520792.0,497504294.0,0.14984369102231718,25.0,25.04,23.64,23.66,2026-07-23,25.9,0.9632238016621522
001258,立新能源,2026-07-24,12.055098924889363,12.361348551156759,11.600364631340803,12.092220091709653,206099725.0,2713108790.0,0.2208234405871394,12.99,13.32,12.5,13.03,2026-07-23,12.11,0.9280291705072642
001259,利仁科技,2026-07-24,47.41147731261423,47.41147731261423,45.327456331839976,46.161064724149675,1773300.0,78650396.0,0.03729769031744346,45.5,45.5,43.5,44.3,2026-07-23,45.3,1.042010490387126
001260,坤泰股份,2026-07-24,15.791813799939254,15.984006259979083,15.375396803186293,15.546234545443918,1081800.0,15828618.0,0.00940695652173913,14.79,14.97,14.4,14.56,2026-07-23,14.86,1.0677358891101592
001266,宏英智能,2026-07-24,45.528708340855076,46.45997737509984,44.789605932724314,45.27741352209061,2758761.0,85205272.0,0.04744406940490645,30.8,31.43,30.3,30.63,2026-07-23,31.5,1.4782048162615284
001267,汇绿生态,2026-07-24,33.63928520103655,34.52198004471175,32.81041321368301,33.37017091942826,20874744.0,653563943.0,0.03430206071331171,31.25,32.07,30.48,31.0,2026-07-23,31.68,1.0764571264331697
001268,联合精密,2026-07-24,19.597271172072,19.875095081817843,19.04162335258032,19.35150386729683,2428040.0,44105834.0,0.025737771179867735,18.34,18.6,17.82,18.11,2026-07-23,18.41,1.0685534990224645
001269,欧晶科技,2026-07-24,25.11054340847303,25.345495861417806,24.65532303089252,24.816852842292054,2058500.0,35017081.0,0.010698376839251589,17.1,17.26,16.79,16.9,2026-07-23,17.29,1.4684528309048555
001270,铖昌科技,2026-07-24,188.99723966684073,191.9695998159038,180.3979587324444,180.7157582452373,8558823.0,847429298.0,0.04179046352661503,101.1,102.69,96.5,96.67,2026-07-23,102.25,1.8694088987818074
001277,速达股份,2026-07-24,26.908005187092556,27.148441907878542,26.301686499893112,26.552576991148054,599097.0,15273895.0,0.013152661273543595,25.74,25.97,25.16,25.4,2026-07-23,25.9,1.0453770468955927
001278,一彬科技,2026-07-24,14.163728422607983,14.163728422607983,13.689887326288005,13.957710554642777,1857200.0,25112102.0,0.02176979169689923,13.75,13.75,13.29,13.55,2026-07-23,13.74,1.0300893398260351
001279,强邦新材,2026-07-24,24.28923089928122,24.28923089928122,23.592030518888176,23.602283465658658,654300.0,15198510.0,0.0163575,23.69,23.69,23.01,23.02,2026-07-23,23.69,1.0252946770485951
001280,中国铀业,2026-07-24,58.902968891816826,59.28575883072386,57.119727956908434,57.119727956908434,7637550.0,474976674.0,0.043962872772428774,63.09,63.5,61.18,61.18,2026-07-23,63.94,0.933633997334234
001282,三联锻造,2026-07-24,29.77165534689295,30.12263880105188,29.276149293962693,29.296795379501454,2071600.0,29725864.0,0.01356405407812099,14.42,14.59,14.18,14.19,2026-07-23,14.54,2.0646085538760715
001283,豪鹏科技,2026-07-24,57.57958910218839,57.801582698726946,55.775891130312615,56.289251322308026,1886310.0,77200369.0,0.018243037754619006,41.5,41.66,40.2,40.57,2026-07-23,42.01,1.3874599783659853
001285,瑞立科密,2026-07-24,40.83507635327157,41.154906410611495,40.37080691519749,40.57714888767486,547898.0,21605730.0,0.013203389083053935,39.58,39.89,39.13,39.33,2026-07-23,39.95,1.0317098623868513
001286,陕西能源,2026-07-24,12.068453608414359,12.203046027839054,11.687108420044387,11.698324454996445,17135092.0,181544457.0,0.012692660740740741,10.76,10.88,10.42,10.43,2026-07-23,10.76,1.1216034952057954
001287,中电港,2026-07-24,22.437254914493447,23.178395008954087,22.132676793482226,22.569238766931644,24625572.0,551651146.0,0.032406328275544356,22.1,22.83,21.8,22.23,2026-07-23,22.38,1.0152604033707442
001288,运机集团,2026-07-24,35.403823574247696,35.85644936504911,34.767318555933215,35.36138990636006,3691120.0,92116360.0,0.024303994515100603,25.03,25.35,24.58,25.0,2026-07-23,25.17,1.4144555962544025
001289,龙源电力,2026-07-24,17.532467907009654,17.627124302428424,16.84883838454077,16.84883838454077,7634131.0,124827669.0,0.0015141274661038988,16.67,16.76,16.02,16.02,2026-07-23,16.68,1.0517377268752042
001296,长江材料,2026-07-24,31.50525612144215,31.95984890111165,30.932073920989318,31.248312376411572,1290621.0,20453955.0,0.016740295008850575,15.94,16.17,15.65,15.81,2026-07-23,16.25,1.9764903463890937
001298,好上好,2026-07-24,75.02124271866681,75.44061612516869,73.66992840882747,74.04270477016246,7339941.0,117577529.0,0.018015686379310985,16.1,16.19,15.81,15.89,2026-07-23,16.4,4.65970451668738
001299,美能能源,2026-07-24,17.5262212274111,17.850427713663535,17.507150257631544,17.5262212274111,2099672.0,19429313.0,0.007422606986691902,9.19,9.36,9.18,9.19,2026-07-23,9.35,1.907096977955506
001300,三柏硕,2026-07-24,9.999660981150416,10.111219065118627,9.55342864527758,9.735978237225558,3438900.0,33249146.0,0.014106807943298287,9.86,9.97,9.42,9.6,2026-07-23,9.91,1.0141643997109957
001301,尚太科技,2026-07-24,58.594198070886,60.755195100656294,58.05663662069439,59.88434555134588,7107508.0,395156784.0,0.027327216385856494,54.5,56.51,54.0,55.7,2026-07-23,55.2,1.0751229003832294
001306,夏厦精密,2026-07-24,47.326082842039625,48.11658444555501,46.608390596742765,46.899628029616856,538900.0,24452983.0,0.03476774193548387,45.5,46.26,44.81,45.09,2026-07-23,46.33,1.0401336888360357
001308,康冠科技,2026-07-24,33.16135070351824,33.2789441457293,32.592982399498126,32.592982399498126,2101620.0,35270467.0,0.004313345334318498,16.92,16.98,16.63,16.63,2026-07-23,17.03,1.9598907035176263
001309,德明利,2026-07-24,1228.7323988395167,1230.783705014541,1134.05892078944,1139.3011476811685,25208135.0,10356497017.0,0.15271362997591115,431.28,432.0,398.05,399.89,2026-07-23,435.0,2.8490363542003263
001311,多利科技,2026-07-24,45.10373259284639,45.10373259284639,43.41617797202561,43.661640462326815,3449856.0,49520987.0,0.019476345143913165,14.7,14.7,14.15,14.23,2026-07-23,14.76,3.0682811287650607
001312,福恩股份,2026-07-24,17.352842887318417,17.352842887318417,16.84839978012893,16.85848864227272,1971726.0,33380085.0,0.034494694207964624,17.2,17.2,16.7,16.71,2026-07-23,17.29,1.0088862143789779
001313,粤海饲料,2026-07-24,7.318651028958576,7.380498784132874,7.153723681827116,7.164031641022833,8290500.0,58158892.0,0.0118579152541193,7.1,7.16,6.94,6.95,2026-07-23,7.18,1.0307959195716305
001314,亿道信息,2026-07-24,50.83292449308867,53.89986602219672,49.79973497087142,52.21413574910541,8551352.0,411652659.0,0.06890728638329213,46.74,49.56,45.79,48.01,2026-07-23,47.65,1.0875679181234204
001316,润贝航科,2026-07-24,52.6500099428001,53.686094475811025,51.7196483213209,51.86766039746532,1868560.0,46394727.0,0.012440420223302,24.9,25.39,24.46,24.53,2026-07-23,25.23,2.114458230634542
001317,三羊马,2026-07-24,48.7542527708573,48.82414418379934,46.537696531838186,47.0269364224325,6051145.0,289446943.0,0.07078900640201088,48.83,48.9,46.61,47.1,2026-07-23,49.25,0.998448756314915
001318,阳光乳业,2026-07-24,10.305541268793428,10.32661599531448,10.063181913801357,10.07371927706188,3653600.0,35241887.0,0.012925776551333758,9.78,9.8,9.55,9.56,2026-07-23,9.81,1.053736326052498
001319,铭科精技,2026-07-24,18.954365538491516,19.052631258449132,18.124566125516083,18.1791581921592,2666500.0,45278251.0,0.04201556537643244,17.36,17.45,16.6,16.65,2026-07-23,17.47,1.0918413328624146
001322,箭牌家居,2026-07-24,6.5554889597216945,6.566200542989214,6.2662762114986785,6.287699378033717,2983900.0,17800755.0,0.003798185484634447,6.12,6.13,5.85,5.87,2026-07-23,6.11,1.071158326751911
001323,慕思股份,2026-07-24,20.657562175031273,20.775830660766186,20.22391106066993,20.22391106066993,1775509.0,27607237.0,0.005704482526876257,15.72,15.81,15.39,15.39,2026-07-23,15.73,1.3140942859434652
001324,长青科技,2026-07-24,18.42744729571782,18.783229923800956,18.20769920190176,18.647195389533874,1365300.0,24124606.0,0.009893478260869564,17.61,17.95,17.4,17.82,2026-07-23,17.82,1.0464194943621703
001325,元创股份,2026-07-24,34.4325573506473,34.859407235159445,34.0260336511119,34.06668602106545,490300.0,16576228.0,0.02501530612244898,33.88,34.3,33.48,33.52,2026-07-23,34.32,1.016309248838468
001326,联域股份,2026-07-24,50.548919023762544,50.99385369099618,47.75993830476148,48.97536959086311,1249400.0,56740172.0,0.05202077216829565,46.58,46.99,44.01,45.13,2026-07-23,47.23,1.0852065054478863
001328,登康口腔,2026-07-24,29.21410991556053,29.21410991556053,28.26147589657486,28.340862064823664,1082821.0,31191277.0,0.006695781331450207,29.44,29.44,28.48,28.56,2026-07-23,29.31,0.9923271031100723
001330,博纳影业,2026-07-24,4.620620948754409,4.681552214012709,4.519068839990576,4.539379261743342,36956100.0,167055904.0,0.03178069837787355,4.55,4.61,4.45,4.47,2026-07-23,4.63,1.0155210876383316
001331,胜通能源,2026-07-24,106.9425035598512,107.0835266414686,98.31659173425442,98.31659173425442,9543082.0,408013819.0,0.0333867804109481,45.5,45.56,41.83,41.83,2026-07-23,46.47,2.3503846936231034
001332,锡装股份,2026-07-24,62.31653762785715,63.93118181009155,61.81468876040592,62.84020601128453,2079111.0,60057995.0,0.03093689551004621,28.56,29.3,28.33,28.8,2026-07-23,28.85,2.181951597614046
001333,光华股份,2026-07-24,19.006831444638546,19.072409931509064,18.536852288733165,18.766376992779982,833200.0,14324361.0,0.006509375,17.39,17.45,16.96,17.17,2026-07-23,17.45,1.0929747811753046
001335,信凯科技,2026-07-24,30.434469810361588,30.434469810361588,29.169794206755345,29.385714431761286,677066.0,19514987.0,0.02650584109085372,29.6,29.6,28.37,28.58,2026-07-23,29.64,1.0281915476473509
001336,楚环科技,2026-07-24,20.876629958642503,20.981117596073144,20.134767732884935,20.55271828260751,1167650.0,22950954.0,0.02360772260536739,19.98,20.08,19.27,19.67,2026-07-23,20.15,1.0448763743064315
001337,四川黄金,2026-07-24,37.90407411969295,38.57320107715378,36.11317549825367,36.45757907929968,22179310.0,832309142.0,0.05280788095238095,38.52,39.2,36.7,37.05,2026-07-23,40.26,0.9840102315600454
001338,永顺泰,2026-07-24,8.79181403212421,8.802317991541326,8.50820712786214,8.529215046696367,3703600.0,30421081.0,0.00738164718814152,8.37,8.38,8.1,8.12,2026-07-23,8.37,1.0503959417113753
001339,智微智能,2026-07-24,77.72413661519674,80.15496366250443,76.77881498568821,77.35016322330326,8417010.0,633891172.0,0.05198904911925949,74.82,77.16,73.91,74.46,2026-07-23,76.35,1.0388149774819133
001356,富岭股份,2026-07-24,8.565834917978426,8.565834917978426,8.222393423625517,8.242595864469806,3846088.0,31759309.0,0.018167933810903817,8.48,8.48,8.14,8.16,2026-07-23,8.52,1.010122042214437
001358,兴欣新材,2026-07-24,32.001924611516294,32.001924611516294,30.71940473204713,30.948426139095194,1324520.0,27162905.0,0.02598305079292914,20.96,20.96,20.12,20.27,2026-07-23,20.42,1.526809380320434
001359,平安电工,2026-07-24,91.16850703505582,93.48698424431483,88.54018724944423,88.54018724944423,2864311.0,242384432.0,0.04750911888612502,85.33,87.5,82.87,82.87,2026-07-23,86.7,1.0684226770778837
001360,南矿集团,2026-07-24,14.07347356503288,14.333131748889576,13.886519672656059,14.031928255615808,3160400.0,42816506.0,0.02518560999246169,13.55,13.8,13.37,13.51,2026-07-23,13.74,1.0386327354267808
001365,天海电子,2026-07-24,39.777474221870655,40.329349531245605,37.68671583827714,37.81407167890213,9179167.0,336467085.0,0.1596220134628172,37.48,38.0,35.51,35.63,2026-07-23,38.75,1.0612986718748842
001366,播恩集团,2026-07-24,10.753678505548542,10.795278809245056,10.358475620431673,10.649677746307262,2914600.0,29597072.0,0.01813915857605178,10.34,10.38,9.96,10.24,2026-07-23,10.39,1.0400075924128185
001367,海森药业,2026-07-24,39.201329317586705,39.37951717812119,37.731279468177206,37.775826433310826,1244450.0,21406570.0,0.01023084727759164,17.6,17.68,16.94,16.96,2026-07-23,17.61,2.2273482566810627
001368,通达创智,2026-07-24,22.483445890561427,22.483445890561427,21.65328788844839,21.86082738897665,1086000.0,20716360.0,0.01004805682100263,19.5,19.5,18.78,18.96,2026-07-23,19.5,1.1529972251569962
001369,双欣材料,2026-07-24,13.533200698133577,13.712239150949351,12.932895297515977,12.932895297515977,15821439.0,199419619.0,0.07626501413452146,12.85,13.02,12.28,12.28,2026-07-23,13.0,1.0531673695045585
001373,翔腾新材,2026-07-24,25.283972029158868,25.388107004567264,24.47171922097337,24.8466051324436,1284600.0,30726601.0,0.03061451963302042,24.28,24.38,23.5,23.86,2026-07-23,24.23,1.0413497540839731
001376,百通能源,2026-07-24,10.220708917327567,10.360445172056655,9.751594347879914,9.751594347879914,12853700.0,128436615.0,0.06005235534558304,10.24,10.38,9.77,9.77,2026-07-23,10.38,0.9981161052077702
001378,德冠新材,2026-07-24,23.727806450555203,23.7424081776017,22.880906281858465,22.997720098230428,4253129.0,67722585.0,0.050427290445541895,16.25,16.26,15.67,15.75,2026-07-23,16.45,1.460172704649551
001379,腾达科技,2026-07-24,15.09636438570557,15.190065957754777,14.731969383291988,14.784025812208213,1684000.0,24082878.0,0.02502315273150224,14.5,14.59,14.15,14.2,2026-07-23,14.64,1.041128578324522
001380,华纬科技,2026-07-24,34.648627735798165,35.03691163263967,34.26034383895666,34.35170475586054,1016764.0,15394951.0,0.0043688122191341975,15.17,15.34,15.0,15.04,2026-07-23,15.35,2.2840229225971105
001382,新亚电缆,2026-07-24,18.07939115565348,18.59594518867215,17.356215509427344,17.459526316031074,14470028.0,251819858.0,0.22968298412698412,17.5,18.0,16.8,16.9,2026-07-23,16.57,1.0331080660373417
001386,马可波罗,2026-07-24,14.498605149292853,14.70858494800675,14.448609959122876,14.498605149292853,4080132.0,59441627.0,0.0379396110199846,14.5,14.71,14.45,14.5,2026-07-23,14.59,0.9999038033995071
001387,雪祺电气,2026-07-24,14.883642785591983,15.067043123234347,14.64381157482889,14.728457884509979,2200700.0,23074840.0,0.01889100860611757,10.55,10.68,10.38,10.44,2026-07-23,10.61,1.4107718280181973
001388,信通电子,2026-07-24,25.076661321218292,25.98751762929842,24.10957931510853,24.10957931510853,15120281.0,333488511.0,0.1208476148528933,22.3,23.11,21.44,21.44,2026-07-23,23.82,1.1245139605927486
001389,广合科技,2026-07-24,167.68046683108412,176.14939167483126,164.6027873765895,170.33363877461392,6973974.0,1122691725.0,0.045773931306318176,158.0,165.98,155.1,160.5,2026-07-23,160.5,1.0612687774119247
001390,古麒绒材,2026-07-24,16.92858891472557,17.116354933044185,16.859411960608185,16.869294382624958,725000.0,12443005.0,0.006103759705504118,17.13,17.32,17.06,17.07,2026-07-23,17.25,0.988242201676916
001391,国货航,2026-07-24,4.351763597754545,4.3719573963520135,4.220503906870997,4.220503906870997,24174109.0,102319187.0,0.015910780951499375,4.31,4.33,4.18,4.18,2026-07-23,4.33,1.0096899298734443
001393,维通利,2026-07-24,43.61458135052973,43.93557182965046,42.07984562223373,42.30052657662923,2754376.0,117618385.0,0.05733483810146344,43.48,43.8,41.95,42.17,2026-07-23,43.94,1.0030952472522938
001395,亚联机械,2026-07-24,31.365961948383095,31.3769752777189,29.73598920668341,29.82409584136988,5458530.0,151392993.0,0.1049586109428629,28.48,28.49,27.0,27.08,2026-07-23,29.0,1.101332933580867
001396,誉帆科技,2026-07-24,31.67649469771238,31.97092365483855,31.067331338140992,31.219622178033838,642257.0,19842540.0,0.0282715393988055,31.2,31.49,30.6,30.75,2026-07-23,31.51,1.01527226595232
001400,江顺科技,2026-07-24,98.60552402970052,100.77060258561347,96.13530017396089,97.50118865889927,1534683.0,103836622.0,0.03319561338048733,67.86,69.35,66.16,67.1,2026-07-23,69.1,1.4530728563174258
001696,宗申动力,2026-07-24,441.776285355538,442.36610683131306,424.9663732959481,426.44092698538583,27284369.0,399506812.0,0.030608957901584848,14.98,15.0,14.41,14.46,2026-07-23,15.0,29.491073788754203
001872,招商港口,2026-07-24,99.77451987746122,101.38226095605538,99.01793584047573,99.25436835203368,3803199.0,80504547.0,0.0016519466972275728,21.1,21.44,20.94,20.99,2026-07-23,21.42,4.728650231159299
001896,豫能控股,2026-07-24,20.295325634442694,20.505096442033835,18.86626200772806,18.86626200772806,138642713.0,2063902693.0,0.09086669909639017,15.48,15.64,14.39,14.39,2026-07-23,15.99,1.3110675474446185
001914,招商积余,2026-07-24,90.0643108170691,90.9917465119817,88.31248783778972,88.62163306942725,6935835.0,60127095.0,0.006582261841168601,8.74,8.83,8.57,8.6,2026-07-23,8.99,10.304841054584564
001965,招商公路,2026-07-24,13.81983086372075,14.008405553868986,13.658195415022263,13.698604277196884,11953432.0,122919942.0,0.0017591265484990294,10.26,10.4,10.14,10.17,2026-07-23,10.26,1.3469620724874025
001979,招商蛇口,2026-07-24,9.220841059969686,9.28670421039804,8.904697937913582,8.904697937913582,71776192.0,492559500.0,0.008092278356437475,7.0,7.05,6.76,6.76,2026-07-23,7.05,1.317263008567098
002001,新 和 成,2026-07-24,1483.0568369357186,1489.6335856582718,1386.2846771610093,1397.5591035425286,33921929.0,1026911308.0,0.011170103826085409,31.57,31.71,29.51,29.75,2026-07-23,31.76,46.97677658966483
002003,伟星股份,2026-07-24,270.7338178363065,275.3734094726142,269.64214921599887,272.91715507692186,8663667.0,86548273.0,0.008476332690092188,9.92,10.09,9.88,10.0,2026-07-23,9.96,27.29171550769219
002004,华邦健康,2026-07-24,107.17229350529448,108.4098488575496,103.70713851898012,103.95464958943113,21194353.0,90000758.0,0.011253703919011733,4.33,4.38,4.19,4.2,2026-07-23,4.32,24.75110704510265
002006,精工科技,2026-07-24,108.15767487231213,108.57366592951334,105.4121338947842,105.4121338947842,6581253.0,84331725.0,0.012661285221298675,13.0,13.05,12.67,12.67,2026-07-23,13.11,8.31982114402401
002007,华兰生物,2026-07-24,594.1558326445759,596.8792360027635,578.7232136148467,578.7232136148467,9856200.0,127168961.0,0.006263698965811709,13.09,13.15,12.75,12.75,2026-07-23,13.1,45.390055969791895
002008,大族激光,2026-07-24,1329.2799158933856,1370.6815822258143,1304.4128773100715,1324.8533226377174,33419775.0,3420493249.0,0.034931345782261716,102.1,105.28,100.19,101.76,2026-07-23,105.3,13.019391928436686
002009,天奇股份,2026-07-24,88.27806007526866,88.72166841735543,85.67186106550884,86.06001836483476,8627907.0,135294412.0,0.02436934399625831,15.92,16.0,15.45,15.52,2026-07-23,16.06,5.5451042760847145
002010,传化智联,2026-07-24,43.769890283268765,43.86483581533659,42.25076177018351,42.25076177018351,23758381.0,107236924.0,0.008616460137379973,4.61,4.62,4.45,4.45,2026-07-23,4.61,9.494553206782811
002011,盾安环境,2026-07-24,63.923479333911224,65.4260880547867,63.6104358503955,63.923479333911224,14279436.0,146573186.0,0.01345193355452288,10.21,10.45,10.16,10.21,2026-07-23,10.58,6.260869670314517
002012,凯恩股份,2026-07-24,28.852908826571266,31.732661722889322,28.68676923639907,31.732661722889322,10738800.0,59789463.0,0.02296453185067101,5.21,5.73,5.18,5.73,2026-07-23,5.21,5.537986339073179
002014,永新股份,2026-07-24,159.79425595720338,162.4452205721616,156.5541880944767,157.2905671541873,3409040.0,36850357.0,0.005656333257741118,10.85,11.03,10.63,10.68,2026-07-23,10.87,14.727581194212293
002015,协鑫能科,2026-07-24,77.2832172648703,78.32624269068153,72.01842225839455,72.01842225839455,115839442.0,1742706817.0,0.071359382467911,15.56,15.77,14.5,14.5,2026-07-23,16.11,4.966787741958245
002016,世荣兆业,2026-07-24,30.031623571119685,30.46897731244667,29.302700668908038,29.375592959129207,9326698.0,38005347.0,0.011527312262143074,4.12,4.18,4.02,4.03,2026-07-23,4.15,7.289229022116428
002017,东信和平,2026-07-24,110.35590888718087,112.39134265173993,108.85145784381113,108.85145784381113,10882029.0,135556473.0,0.01875934122458095,12.47,12.7,12.3,12.3,2026-07-23,12.64,8.849712019822043
002019,亿帆医药,2026-07-24,154.0709186022255,155.13243083668968,148.6117128249813,148.6117128249813,14383041.0,143613185.0,0.01707148784144221,10.16,10.23,9.8,9.8,2026-07-23,10.24,15.16446049234503
002020,京新药业,2026-07-24,184.60923195794635,186.97939328122953,177.23539672995423,177.23539672995423,16323053.0,224379593.0,0.02254663941897404,14.02,14.2,13.46,13.46,2026-07-23,14.15,13.167562907128842
002021,中捷资源,2026-07-24,26.542770750083516,26.77870649008426,25.952931400081663,26.188867140082404,18215228.0,40665976.0,0.015237285129688097,2.25,2.27,2.2,2.22,2026-07-23,2.27,11.796787000037119
002022,科华生物,2026-07-24,64.56998961540148,65.63506160905759,62.97238162491733,63.371783622538366,7440446.0,35847580.0,0.014467638152334508,4.85,4.93,4.73,4.76,2026-07-23,4.89,13.313399920701338
002023,海特高新,2026-07-24,92.53582115897969,96.59160109443671,91.8954348533812,92.74928326084584,18364768.0,161730068.0,0.024788437997350473,8.67,9.05,8.61,8.69,2026-07-23,8.76,10.673105093307923
002025,航天电器,2026-07-24,413.04318170837064,443.2878737023169,413.04318170837064,424.9733907038506,14421606.0,964668490.0,0.03177465953845211,64.05,68.74,64.05,65.9,2026-07-23,66.14,6.448761619178309
002026,山东威达,2026-07-24,37.171490073916644,38.04146111819979,36.85513696690458,36.9737693820341,3671600.0,34726885.0,0.008335188939750028,9.4,9.62,9.32,9.35,2026-07-23,9.51,3.9544138376507063
002027,分众传媒,2026-07-24,84.24733368350049,85.06686027575245,83.09999645434777,83.09999645434777,97269865.0,498261900.0,0.006735114237818428,5.14,5.19,5.07,5.07,2026-07-23,5.15,16.390531845039007
002028,思源电气,2026-07-24,3413.1614159787296,3413.1614159787296,3292.2794753427124,3355.8146932879226,12868325.0,2080459755.0,0.021067796248796147,165.46,165.46,159.6,162.68,2026-07-23,164.6,20.62831751467865
002029,七 匹 狼,2026-07-24,79.06053550907542,80.58093042271148,78.19173841556909,78.95193587238712,13044519.0,95242995.0,0.019603850587097012,7.28,7.42,7.2,7.27,2026-07-23,7.37,10.85996366882904
002030,达安基因,2026-07-24,152.01529521844125,158.0843469286832,149.12527059451654,150.2812804440864,24115476.0,127741517.0,0.01718304476990391,5.26,5.47,5.16,5.2,2026-07-23,5.3,28.900246239247387
002031,巨轮智能,2026-07-24,71.70754434987312,71.70754434987312,69.69415757547063,69.69415757547063,47424680.0,215839576.0,0.021562669403646016,4.63,4.63,4.5,4.5,2026-07-23,4.71,15.487590572326807
002032,苏 泊 尔,2026-07-24,492.84252258106494,492.84252258106494,478.66562555551684,479.2237711077037,2205929.0,95722603.0,0.002759190562319947,44.15,44.15,42.88,42.93,2026-07-23,44.07,11.162911043738731
002033,丽江股份,2026-07-24,54.51256168896406,54.8378156369889,53.53679984488953,53.6018506344945,11110753.0,92265576.0,0.02022047998124249,8.38,8.43,8.23,8.24,2026-07-23,8.42,6.505078960496904
002034,旺能环境,2026-07-24,55.99997606077623,56.03941266363593,54.02814591779114,54.264765534949355,7647293.0,106132662.0,0.014862173586082442,14.2,14.21,13.7,13.76,2026-07-23,14.31,3.943660285970157
002035,华帝股份,2026-07-24,89.81453792854084,90.96847203468913,87.89131441829372,88.08363676931843,6777300.0,31309486.0,0.008666206611247538,4.67,4.73,4.57,4.58,2026-07-23,4.7,19.23223510247127
002037,保利联合,2026-07-24,25.294853945767144,25.849378568524266,24.868296543646284,24.91095228385837,5292300.0,31275133.0,0.010937135236372133,5.93,6.06,5.83,5.84,2026-07-23,5.99,4.265574021208625
002038,双鹭药业,2026-07-24,126.56053808445839,128.1654724442251,120.59935331961071,121.2871823309393,29723100.0,160318433.0,0.03488989926740215,5.52,5.59,5.26,5.29,2026-07-23,5.59,22.92763371095261
002039,黔源电力,2026-07-24,76.54839635317781,77.04645899211239,74.7860208615631,74.82433337225038,9017554.0,177994229.0,0.021090885100057997,19.98,20.11,19.52,19.53,2026-07-23,20.14,3.831251068727618
002040,南 京 港,2026-07-24,25.42057583593352,25.67288924373435,25.136723252157584,25.199801604107794,8063840.0,64849122.0,0.016589688047294795,8.06,8.14,7.97,7.99,2026-07-23,8.05,3.153917597510362
002041,登海种业,2026-07-24,115.81151309029633,117.17240043565822,112.81756093050018,113.08973839957258,14103300.0,118594521.0,0.016026477272727272,8.51,8.61,8.29,8.31,2026-07-23,8.6,13.608873453618841
002042,华孚时尚,2026-07-24,28.69064074979378,28.849152577140707,27.660313872038756,27.660313872038756,28838018.0,102331192.0,0.01695674378696296,3.62,3.64,3.49,3.49,2026-07-23,3.67,7.925591367346348
002043,兔 宝 宝,2026-07-24,113.62296389435522,116.43541349570066,111.5605008533686,113.3417189342207,8590802.0,104167969.0,0.010638456776912967,12.12,12.42,11.9,12.09,2026-07-23,12.2,9.374832004484755
002044,美年健康,2026-07-24,44.28891690522038,44.888766795584544,43.089217124492066,43.18919210621943,74090465.0,323519317.0,0.01912393182157234,4.43,4.49,4.31,4.32,2026-07-23,4.49,9.997498172735979
002045,国光电器,2026-07-24,44.33021173621512,45.46382414938886,43.315926945480726,43.315926945480726,21193700.0,156436659.0,0.03772967991829139,7.43,7.62,7.26,7.26,2026-07-23,7.54,5.966381121967042
002046,国机精工,2026-07-24,269.48025008914345,276.9339591341623,264.03330886393735,273.493785728769,12071359.0,569056177.0,0.022768503178439255,47.0,48.3,46.05,47.7,2026-07-23,48.38,5.733622342322201
002047,宝鹰股份,2026-07-24,10.835456382662475,11.174064394620675,10.429126768312631,10.598430774291732,19066000.0,60566133.0,0.012575198770206505,3.2,3.3,3.08,3.13,2026-07-23,3.19,3.386080119582023
002048,宁波华翔,2026-07-24,153.8519304806217,156.52536649233653,150.661055240833,150.91977485486996,19427170.0,343948532.0,0.02743290540116971,17.84,18.15,17.47,17.5,2026-07-23,18.3,8.623987134563997
002049,紫光国微,2026-07-24,397.0728309073389,407.9032151668128,396.206400166581,399.1770198491796,22369872.0,1459142220.0,0.02653225591657985,64.16,65.91,64.02,64.5,2026-07-23,65.2,6.188791005413637
002050,三花智控,2026-07-24,552.1333722136624,555.9729645100022,538.0036725631319,538.310839946839,75389334.0,2674415524.0,0.020424190854870208,35.95,36.2,35.03,35.05,2026-07-23,37.19,15.358369185359173
002051,中工国际,2026-07-24,48.45047840122133,48.79532166386348,47.24352698197383,47.30100085908086,25397790.0,210798603.0,0.020709020747657847,8.43,8.49,8.22,8.23,2026-07-23,8.55,5.747387710702412
002052,同洲电子,2026-07-24,57.719133480752355,58.05746368872863,55.89215035768048,56.29814660725201,10907500.0,91216523.0,0.01582202383796954,8.53,8.58,8.26,8.32,2026-07-23,8.59,6.766604159525482
002053,云南能投,2026-07-24,22.152776232335597,22.26863803271392,21.110020028930677,21.110020028930677,11025526.0,102309784.0,0.01197485750922515,9.56,9.61,9.11,9.11,2026-07-23,9.58,2.317236007566485
002054,德美化工,2026-07-24,24.195671254728385,24.45229201046035,23.60910952734103,23.60910952734103,10934689.0,71511393.0,0.02847483844320748,6.6,6.67,6.44,6.44,2026-07-23,6.67,3.6660107961709674
002056,横店东磁,2026-07-24,221.43777265453167,228.35115628518403,216.82885023409676,221.85676560184393,34302513.0,727467818.0,0.021108828166800295,21.14,21.8,20.7,21.18,2026-07-23,21.75,10.474823682806607
002057,中钢天源,2026-07-24,49.702416632675565,49.76613767964053,48.49171674034116,48.49171674034116,22658800.0,174387713.0,0.03007882866530213,7.8,7.81,7.61,7.61,2026-07-23,7.88,6.3721046964968675
002059,云南旅游,2026-07-24,9.076884720255812,9.076884720255812,8.844144086403098,8.844144086403098,5915201.0,24979351.0,0.006017216540224405,4.29,4.29,4.18,4.18,2026-07-23,4.3,2.115823944115574
002060,广东建工,2026-07-24,15.10411751803848,15.197065933534102,14.778798063803805,14.825272271551615,13170720.0,42312939.0,0.008427563637008627,3.25,3.27,3.18,3.19,2026-07-23,3.25,4.647420774781071
002061,浙江交科,2026-07-24,13.448296244143885,13.561307136951818,13.184604160925378,13.184604160925378,13448156.0,47585944.0,0.0051740832989276946,3.57,3.6,3.5,3.5,2026-07-23,3.57,3.7670297602643936
002062,宏润建设,2026-07-24,77.81862152545,84.74315988152817,77.70870821821066,82.21515381502344,28534086.0,213226014.0,0.025370375784155106,7.08,7.71,7.07,7.48,2026-07-23,7.18,10.991330723933615
002063,远光软件,2026-07-24,98.92167863095654,99.85314453143637,96.49986728970902,96.49986728970902,28305424.0,148789290.0,0.01599933923068754,5.31,5.36,5.18,5.18,2026-07-23,5.37,18.629318009596336
002064,华峰化学,2026-07-24,133.74748932915486,134.46207965504524,126.00609413200876,126.48248768260235,43484823.0,472163755.0,0.008781281460000324,11.23,11.29,10.58,10.62,2026-07-23,11.3,11.909838764840147
002065,东华软件,2026-07-24,218.39646132839036,220.62824998430094,211.38226840981434,211.38226840981434,47853500.0,322177227.0,0.016456254939487887,6.85,6.92,6.63,6.63,2026-07-23,6.93,31.882695084436552
002066,瑞泰科技,2026-07-24,65.44106941732814,66.6709213648348,64.56722724409971,64.98796606824673,2911800.0,58545107.0,0.012605194805194805,20.22,20.6,19.95,20.08,2026-07-23,20.47,3.2364524934385823
002067,景兴纸业,2026-07-24,10.750194234755433,11.121805887314881,10.670563166349837,10.98908743997222,59132248.0,244288595.0,0.0442075939504639,4.05,4.19,4.02,4.14,2026-07-23,4.11,2.6543689468531935
002068,黑猫股份,2026-07-24,48.201500540785254,48.45687272908081,46.988482646381385,47.05232569345527,22286900.0,166071280.0,0.030323166058164513,7.55,7.59,7.36,7.37,2026-07-23,7.61,6.384304707388775
002069,獐子岛,2026-07-24,20.40635626685982,20.67574710866655,19.867574583246363,20.06961771460141,9169800.0,27469578.0,0.012911279801091103,3.03,3.07,2.95,2.98,2026-07-23,3.05,6.734771045168258
002072,凯瑞德,2026-07-24,7.480479787503331,7.609084024537771,7.223271313434448,7.233988333187318,8383598.0,57270598.0,0.02281053775482829,6.98,7.1,6.74,6.75,2026-07-23,7.04,1.07170197528701
002073,软控股份,2026-07-24,53.16874426415014,53.460880221645475,52.194957739165716,52.194957739165716,12421904.0,67169950.0,0.012250267305570939,5.46,5.49,5.36,5.36,2026-07-23,5.49,9.737865249844349
002074,国轩高科,2026-07-24,128.14382358527453,129.6252550718095,124.16247646521182,124.30136066707448,35622144.0,975889974.0,0.0205109556544878,27.68,28.0,26.82,26.85,2026-07-23,28.3,4.629473395421768
002075,沙钢股份,2026-07-24,10.663779851631501,10.694160990809939,10.299206181490254,10.32958732066869,29826800.0,102473746.0,0.013595816382398075,3.51,3.52,3.39,3.4,2026-07-23,3.52,3.0381139178437326
002077,大港股份,2026-07-24,17.543310699193903,18.371535667825373,17.498134791814003,18.085421587752684,41200909.0,493999331.0,0.07099339117286581,11.65,12.2,11.62,12.01,2026-07-23,11.85,1.5058635793299486
002078,太阳纸业,2026-07-24,131.90165728217534,133.4730154978705,131.0697617562191,131.9940901183927,15206764.0,217346205.0,0.005475269385202081,14.27,14.44,14.18,14.28,2026-07-23,14.35,9.243283621736184
002079,苏州固锝,2026-07-24,44.69274912653455,45.466872956670834,43.81540878571344,44.021841807083106,31481847.0,272007259.0,0.038821418332651195,8.66,8.81,8.49,8.53,2026-07-23,8.8,5.160825534241865
002080,中材科技,2026-07-24,290.6346756800849,298.41105282757087,278.4061742115192,280.30574725517994,36271101.0,1745718075.0,0.021614082148552892,48.96,50.27,46.9,47.22,2026-07-23,50.1,5.936165761439643
002081,金 螳 螂,2026-07-24,118.5180093423399,120.15499842165397,115.57142899957452,116.22622463130016,72607549.0,260488540.0,0.027458724105547196,3.62,3.67,3.53,3.55,2026-07-23,3.68,32.73978158628174
002083,孚日股份,2026-07-24,32.35580598064847,33.88535317246094,32.061662289915304,33.88535317246094,98908313.0,1132767037.0,0.10448366457138998,11.0,11.52,10.9,11.52,2026-07-23,10.47,2.941436907331679
002084,海鸥住工,2026-07-24,11.207220626362652,11.342655316711445,10.767057882729073,11.037927263426658,14944439.0,48524146.0,0.023186163011140737,3.31,3.35,3.18,3.26,2026-07-23,3.35,3.385867258719834
002085,万丰奥威,2026-07-24,85.1095005766895,85.2763819503693,83.2738054662119,83.2738054662119,21377300.0,215483788.0,0.010067972009876412,10.2,10.22,9.98,9.98,2026-07-23,10.29,8.344068683989168
002086,东方海洋,2026-07-24,7.132954530154957,7.214942513260186,6.968978563944498,6.968978563944498,28396400.0,48913458.0,0.017957798587719224,1.74,1.76,1.7,1.7,2026-07-23,1.75,4.0993991552614695
002088,鲁阳节能,2026-07-24,53.01436298263418,54.37923140630634,50.06912059471006,50.14095577490334,9177010.0,65949426.0,0.018137651134995436,7.38,7.57,6.97,6.98,2026-07-23,7.57,7.183518019327125
002090,金智科技,2026-07-24,52.72505234969403,53.088255925007644,50.969568402344855,50.969568402344855,6197940.0,52918816.0,0.015565334465145181,8.71,8.77,8.42,8.42,2026-07-23,8.76,6.053392921893688
002091,江苏国泰,2026-07-24,64.64511392042763,64.90096529478289,63.536424631554866,63.70699221445837,7441801.0,55912471.0,0.004644240332618728,7.58,7.61,7.45,7.47,2026-07-23,7.59,8.52837914517515
002092,中泰化学,2026-07-24,15.25397181548913,15.806151790710457,15.081415573232466,15.15043807013513,98079345.0,438760748.0,0.03808099888145948,4.42,4.58,4.37,4.39,2026-07-23,4.45,3.4511248451332874
002093,国脉科技,2026-07-24,80.94160193290266,81.8227702276621,78.42397823358999,78.54985941855561,14589800.0,92616932.0,0.014481191066997518,6.43,6.5,6.23,6.24,2026-07-23,6.51,12.5881184965634
002094,青岛金王,2026-07-24,23.199873325008088,23.576669411493143,22.392453139682985,22.607765189103013,25246811.0,106527350.0,0.036565545990118443,4.31,4.38,4.16,4.2,2026-07-23,4.34,5.382801235500717
002095,生 意 宝,2026-07-24,59.659474813257056,59.97753751218531,58.38722401754403,58.61441165963564,2001600.0,26014951.0,0.007952058337024608,13.13,13.2,12.85,12.9,2026-07-23,13.26,4.54375284183222
002096,易普力,2026-07-24,47.79829653650899,48.00521556913456,46.55678234075551,46.55678234075551,6175001.0,56195320.0,0.004978078476707524,9.24,9.28,9.0,9.0,2026-07-23,9.25,5.172975815639501
002097,山河智能,2026-07-24,34.925080976171806,35.02486692181801,33.927221519709754,33.927221519709754,16711700.0,115340267.0,0.015580126403316255,7.0,7.02,6.8,6.8,2026-07-23,6.99,4.989297282310258
002098,浔兴股份,2026-07-24,15.35671826972951,15.55203424136359,14.966086326461351,15.08815880873265,2976300.0,18548218.0,0.008313687150837988,6.29,6.37,6.13,6.18,2026-07-23,6.35,2.4414496454259953
002099,海翔药业,2026-07-24,37.40892729331379,37.77568148246392,36.30866472586339,36.8954714285036,17397400.0,87505348.0,0.010760103038881284,5.1,5.15,4.95,5.03,2026-07-23,5.12,7.335083783002704
002100,天康生物,2026-07-24,88.14869376436235,89.02892323133887,86.76547603054212,87.77145256422956,21296200.0,148703825.0,0.015598737497097741,7.01,7.08,6.9,6.98,2026-07-23,7.06,12.57470667109306
002101,广东鸿图,2026-07-24,37.772430572700735,37.772430572700735,36.265080056888735,37.01875531479474,7952016.0,66079803.0,0.012008259606223292,8.52,8.52,8.18,8.35,2026-07-23,8.56,4.433383870035298
002103,广博股份,2026-07-24,14.741935087596696,14.790348667523123,14.282006078295652,14.306212868258864,5498400.0,32867398.0,0.014166183596645614,6.09,6.11,5.9,5.91,2026-07-23,6.1,2.4206789963212967
002104,恒宝股份,2026-07-24,67.04580452299292,67.69463488934447,65.17140568686624,65.17140568686624,27207400.0,249980951.0,0.04536823116134451,9.3,9.39,9.04,9.04,2026-07-23,9.44,7.209226292794938
002105,信隆健康,2026-07-24,8.601388951340745,8.654483944867538,8.33591398370677,8.477500633111557,7280500.0,34954562.0,0.019975527543722785,4.86,4.89,4.71,4.79,2026-07-23,4.9,1.7698331175598239
002106,莱宝高科,2026-07-24,38.66550308848197,39.11368067960241,37.646917654117324,38.05435182786318,16079196.0,151325072.0,0.0228105259600553,9.49,9.6,9.24,9.34,2026-07-23,9.64,4.074341737458584
002107,沃华医药,2026-07-24,52.82885202247473,53.52857191681214,50.55476236587813,50.72969233946248,12011062.0,70942323.0,0.021020542287604332,6.04,6.12,5.78,5.8,2026-07-23,6.12,8.74649867921767
002108,沧州明珠,2026-07-24,80.82067983153053,81.39523442748929,79.09701604365429,79.28853424230721,18053500.0,75246680.0,0.010954805614636694,4.22,4.25,4.13,4.14,2026-07-23,4.26,19.151819865291596
002110,三钢闽光,2026-07-24,7.560588526585308,7.708835360439922,7.338218275803388,7.362926081445823,21939145.0,66220557.0,0.009031888236416387,3.06,3.12,2.97,2.98,2026-07-23,3.06,2.4707805642435647
002111,威海广泰,2026-07-24,50.14336445446098,50.41382488841169,49.22379897902858,49.54835149976943,6846609.0,62897203.0,0.014008361388535782,9.27,9.32,9.1,9.16,2026-07-23,9.27,5.40920867901413
002112,三变科技,2026-07-24,51.23965546318068,53.6961143003757,50.16711709764483,51.44724353392955,48398823.0,722111477.0,0.18467194368131867,14.81,15.52,14.5,14.87,2026-07-23,14.52,3.459801179147919
002114,罗平锌电,2026-07-24,11.5553061216269,11.5553061216269,11.186127012309747,11.259962834173178,5981400.0,36721234.0,0.018495886631885037,6.26,6.26,6.06,6.1,2026-07-23,6.34,1.845895546585767
002115,三维通信,2026-07-24,68.48551065393906,70.01733941041114,65.9324627264856,65.9324627264856,67313854.0,709947793.0,0.09020086045514855,10.73,10.97,10.33,10.33,2026-07-23,11.03,6.38261981863365
002116,中国海诚,2026-07-24,34.18644886840636,34.38434437560408,33.34539296281604,33.39486683961547,2998297.0,20415327.0,0.005431616747188085,6.91,6.95,6.74,6.75,2026-07-23,6.95,4.9473876799430325
002117,东港股份,2026-07-24,54.16222549493984,54.30327295716625,52.399132217109766,52.399132217109766,7064600.0,53306761.0,0.013493528507853278,7.68,7.7,7.43,7.43,2026-07-23,7.72,7.052373111320292
002119,康强电子,2026-07-24,84.44946005901153,89.57353568093394,84.29299973467802,86.36609903209701,38707235.0,862091510.0,0.10314118107886294,21.59,22.9,21.55,22.08,2026-07-23,21.98,3.911508108337727
002120,韵达股份,2026-07-24,44.55106629140278,44.684853277262846,43.94902485503248,44.01591834796251,23247300.0,153845288.0,0.008257984788782285,6.66,6.68,6.57,6.58,2026-07-23,6.71,6.689349293003421
002121,科陆电子,2026-07-24,76.51583717150086,76.83007058904295,73.68773641362198,73.68773641362198,27536733.0,131021804.0,0.019506458868131273,4.87,4.89,4.69,4.69,2026-07-23,4.87,15.711670877104899
002123,梦网科技,2026-07-24,60.14907488057545,60.614145047177836,58.753864380768285,58.90888776963575,16134309.0,123638635.0,0.02239221530599515,7.76,7.82,7.58,7.6,2026-07-23,7.83,7.751169443373125
002124,天邦食品,2026-07-24,36.27781610541461,36.603177684835366,34.488327418600434,34.65100820831081,59603864.0,128891886.0,0.030222498726862168,2.23,2.25,2.12,2.13,2026-07-23,2.21,16.26807897103794
002125,湘潭电化,2026-07-24,53.89172167162281,54.65774112682146,51.9992030176026,51.9992030176026,20980063.0,248074735.0,0.03332692578248238,11.96,12.13,11.54,11.54,2026-07-23,12.23,4.505996795286188
002126,银轮股份,2026-07-24,255.65335599478584,261.18431802351915,250.49112476796802,251.3514966391043,15323560.0,633364175.0,0.019271342592879867,41.6,42.5,40.76,40.9,2026-07-23,42.2,6.145513365259275
002127,南极电商,2026-07-24,32.336959004190774,32.55545197043531,31.353740656090384,31.572233622334917,48245401.0,140210926.0,0.02418639540858811,2.96,2.98,2.87,2.89,2026-07-23,2.99,10.924648312226614
002128,电投能源,2026-07-24,95.27104941610685,96.14670244382842,92.53901196961556,92.88927318070418,12921752.0,347142280.0,0.0057645899366459,27.2,27.45,26.42,26.52,2026-07-23,27.59,3.502612110886281
002129,TCL中环,2026-07-24,49.1547393473474,49.72038652050445,48.08000971834902,48.08000971834902,90857163.0,783859528.0,0.022491290949711067,8.69,8.79,8.5,8.5,2026-07-23,8.86,5.6564717315704724
002130,沃尔核材,2026-07-24,339.03732442122464,341.8145677844735,330.27832612174757,330.70559433147815,23150983.0,362935102.0,0.020184783559438386,15.87,16.0,15.46,15.48,2026-07-23,16.1,21.363410486529595
002131,利欧股份,2026-07-24,181.97570020164795,183.35779412723008,176.90802247451344,177.3687204497075,199302394.0,776382131.0,0.034040863330459574,3.95,3.98,3.84,3.85,2026-07-23,3.99,46.069797519404545
002132,恒星科技,2026-07-24,24.69150770838778,24.86957146590019,23.97925267833813,24.097961850013068,45623057.0,187306951.0,0.032606846837079526,4.16,4.19,4.04,4.06,2026-07-23,4.24,5.935458583747062
002133,广宇集团,2026-07-24,8.005944594801209,8.072660799757886,7.739079774974503,7.772437877452841,10558401.0,24849744.0,0.013714520949486652,2.4,2.42,2.32,2.33,2026-07-23,2.41,3.3358102478338374
002134,天津普林,2026-07-24,25.2464810824591,25.63335251773158,24.4477787644772,24.797211028594283,6905400.0,137971511.0,0.02788952856522988,20.23,20.54,19.59,19.87,2026-07-23,20.64,1.2479723718467177
002135,东南网架,2026-07-24,19.779934372203435,20.1985573218797,19.431081914139885,19.779934372203435,11108400.0,63238996.0,0.010641533819513724,5.67,5.79,5.57,5.67,2026-07-23,5.73,3.4885245806355267
002136,安 纳 达,2026-07-24,25.91767048849892,26.11189116659758,25.16236785144858,25.205528002137168,5251600.0,62206013.0,0.02448803426869952,12.01,12.1,11.66,11.68,2026-07-23,12.13,2.158007534429552
002137,实益达,2026-07-24,23.975154033768092,24.045154483501722,23.170148861831354,23.45015066076587,23747702.0,160059653.0,0.059899654309228216,6.85,6.87,6.62,6.7,2026-07-23,6.94,3.5000224866814733
002138,顺络电子,2026-07-24,291.00259385702094,296.7044860407161,284.4076342228675,289.2851564522935,29717455.0,1254791210.0,0.039282835345085705,42.36,43.19,41.4,42.11,2026-07-23,43.44,6.869749618909843
002139,拓邦股份,2026-07-24,172.43886956780744,172.97999572753903,168.83136183626334,168.83136183626334,14429994.0,136227613.0,0.013472253555961492,9.56,9.59,9.36,9.36,2026-07-23,9.65,18.037538657720443
002140,东华科技,2026-07-24,82.92314328629358,83.67870723423248,80.08977848152273,80.27866946850746,8270500.0,71156954.0,0.011696177281832016,8.78,8.86,8.48,8.5,2026-07-23,8.83,9.444549349236171
002141,贤丰控股,2026-07-24,39.78373730280714,44.14464696869177,39.01866543159931,39.86024448992792,263444971.0,1416649046.0,0.2550448648503515,5.2,5.77,5.1,5.21,2026-07-23,5.54,7.650718712078296
002142,宁波银行,2026-07-24,78.45982965881912,79.36730502530125,78.09193423997502,78.50888238133166,36315791.0,1168088236.0,0.005502857699802054,31.99,32.36,31.84,32.01,2026-07-23,31.85,2.452636125627356
002144,宏达高科,2026-07-24,11.3541067613688,11.438211255897459,11.005673855464362,11.17388284452168,4051300.0,37700627.0,0.029433672400211112,9.45,9.52,9.16,9.3,2026-07-23,9.53,1.2014927789808256
002145,钛能化学,2026-07-24,20.701790019499356,20.889136535512925,20.233423729465436,20.654953390495965,47405920.0,207478661.0,0.012454023536443943,4.42,4.46,4.32,4.41,2026-07-23,4.45,4.683662900339221
002146,荣盛发展,2026-07-24,13.253814317912699,13.37540894468254,12.889030437603175,13.010625064373016,72513400.0,78149711.0,0.018538413444032866,1.09,1.1,1.06,1.07,2026-07-23,1.1,12.159462676984127
002148,北纬科技,2026-07-24,63.02177430467086,63.235770142717286,61.202809681276285,61.30980760029951,10251600.0,59366152.0,0.02273507447937969,5.89,5.91,5.72,5.73,2026-07-23,5.91,10.69979190232103
002149,西部材料,2026-07-24,112.19982576009143,117.09893265587557,109.93869950049876,110.07573745562559,28092375.0,926209032.0,0.05754991760814558,32.75,34.18,32.09,32.13,2026-07-23,33.07,3.425948878170731
002150,正泰电源,2026-07-24,137.93740287875366,142.14356583649143,135.5869000494296,136.01988741272612,6732500.0,149586671.0,0.018779401810404626,22.3,22.98,21.92,21.99,2026-07-23,22.52,6.185533761379087
002151,北斗星通,2026-07-24,165.4486121541159,168.11323109071222,162.96567178137843,163.086790823951,11820509.0,322004122.0,0.02669400542048348,27.32,27.76,26.91,26.93,2026-07-23,27.63,6.055952128627961
002152,广电运通,2026-07-24,185.2042848421442,185.2042848421442,177.4101165421742,177.4101165421742,41592811.0,405354822.0,0.016756877674301184,9.98,9.98,9.56,9.56,2026-07-23,10.13,18.557543571357133
002153,石基信息,2026-07-24,338.08218450637173,338.08218450637173,326.8874101849687,326.8874101849687,18905412.0,139933991.0,0.011817627047648842,7.55,7.55,7.3,7.3,2026-07-23,7.63,44.77909728561215
002154,报 喜 鸟,2026-07-24,59.024297135932336,59.508102850161286,57.89541713606477,58.05668570747443,23540801.0,85358585.0,0.01995366435339518,3.66,3.69,3.59,3.6,2026-07-23,3.69,16.126857140965118
002155,湖南黄金,2026-07-24,78.12221479790179,80.90980497802316,77.1465582348593,77.28593774386536,44357804.0,1000964321.0,0.028388796392574557,22.42,23.22,22.14,22.18,2026-07-23,23.34,3.48448772515173
002156,通富微电,2026-07-24,177.81444778551844,200.7371687480202,177.81444778551844,200.3189663131285,263409653.0,19817875818.0,0.1735867852582709,68.03,76.8,68.03,76.64,2026-07-23,69.82,2.61376521807318
002157,正邦科技,2026-07-24,47.659455128205124,47.984775641025635,45.8701923076923,45.8701923076923,115764100.0,332150438.0,0.014865046736701408,2.93,2.95,2.82,2.82,2026-07-23,2.93,16.26602564102564
002158,汉钟精机,2026-07-24,113.74402195200055,114.95837094081195,110.64068564726034,111.81005874759722,9721739.0,243636283.0,0.018220283875820587,25.29,25.56,24.6,24.86,2026-07-23,25.64,4.497588847449607
002159,三特索道,2026-07-24,19.876955924050844,20.03597157144325,19.447613676091347,19.479416805569826,2443000.0,30111330.0,0.017642484164895538,12.5,12.6,12.23,12.25,2026-07-23,12.6,1.5901564739240674
002160,常铝股份,2026-07-24,7.768366288023215,7.78936187258544,7.474428104152066,7.474428104152066,20865693.0,75473267.0,0.020243616994254834,3.7,3.71,3.56,3.56,2026-07-23,3.76,2.0995584562224905
002161,远 望 谷,2026-07-24,52.991274705232115,54.4354813533831,51.99143933343528,53.10236752432066,14890448.0,71201809.0,0.020132855270150383,4.77,4.9,4.68,4.78,2026-07-23,4.8,11.109281908853694
002162,悦心健康,2026-07-24,8.32017346619987,8.38620658894749,8.078052016125271,8.078052016125271,12172899.0,45346726.0,0.013253104970064366,3.78,3.81,3.67,3.67,2026-07-23,3.83,2.2011040915872675
002163,海南发展,2026-07-24,35.22608283918822,35.93060449597199,34.051880077881954,34.0988481883342,18020053.0,133382000.0,0.022425584255842557,7.5,7.65,7.25,7.26,2026-07-23,7.56,4.696811045225097
002164,宁波东力,2026-07-24,31.995886268715868,32.46595315807016,31.745183927726906,31.776521720350527,5093900.0,52071113.0,0.010617265346737648,10.21,10.36,10.13,10.14,2026-07-23,10.49,3.1337792623619847
002165,红 宝 丽,2026-07-24,51.453857338014785,53.01543115707442,49.50189006419025,49.73612613704919,133451376.0,874445986.0,0.18341709005455092,6.59,6.79,6.34,6.37,2026-07-23,6.49,7.807869095298146
002166,莱茵生物,2026-07-24,48.93530105926328,49.702312047652995,47.938186774356666,47.938186774356666,11785590.0,74898564.0,0.015956976134480313,6.38,6.48,6.25,6.25,2026-07-23,6.45,7.670109883897067
002167,东方锆业,2026-07-24,126.30296187946911,129.78771557939316,120.10784419071527,120.49503904626239,116632493.0,1871406564.0,0.15372413374727065,16.31,16.76,15.51,15.56,2026-07-23,17.16,7.743897110942313
002169,智光电气,2026-07-24,91.4376590190586,92.43425475768595,87.86652428897729,88.28177251340536,19641478.0,212570715.0,0.02588922100183253,11.01,11.13,10.58,10.63,2026-07-23,11.15,8.30496448856118
002170,芭田股份,2026-07-24,102.76474830459867,103.21945958028273,98.8542313337157,99.12705809912616,18300703.0,202629923.0,0.023237767562726233,11.3,11.35,10.87,10.9,2026-07-23,11.36,9.094225513681298
002171,楚江新材,2026-07-24,52.08733161755118,52.48977236956316,50.765026289511795,50.82251782551351,38058511.0,341017569.0,0.023584019935981443,9.06,9.13,8.83,8.84,2026-07-23,9.21,5.749153600171211
002172,澳洋健康,2026-07-24,9.27950179575769,9.4311276420936,9.006575272353052,9.036900441620233,15988801.0,48247000.0,0.020896549318450214,3.06,3.11,2.97,2.98,2026-07-23,3.08,3.0325169267181993
002173,创新医疗,2026-07-24,59.81362128138938,63.18994687417625,58.14094621707295,58.26484807368898,91808031.0,1795010003.0,0.21814126676635198,19.31,20.4,18.77,18.81,2026-07-23,18.76,3.097546415400797
002174,游族网络,2026-07-24,34.44849343856287,34.67385741432918,32.29143824194258,33.192894145007784,33174644.0,344503630.0,0.03387729147973494,10.7,10.77,10.03,10.31,2026-07-23,10.9,3.2194853680899884
002176,江特电机,2026-07-24,103.50080183599003,105.20830237389342,101.39926271241663,101.39926271241663,54548489.0,428148442.0,0.032015113200057066,7.88,8.01,7.72,7.72,2026-07-23,7.99,13.134619522333761
002177,御银股份,2026-07-24,48.583870071283854,48.8588731094232,47.11718720120736,47.11718720120736,20268260.0,105692658.0,0.03003065717683799,5.3,5.33,5.14,5.14,2026-07-23,5.34,9.166767937978086
002178,延华智能,2026-07-24,28.177819148740625,28.177819148740625,27.24741945986711,27.5132479424024,8903100.0,36979639.0,0.012508163335890563,4.24,4.24,4.1,4.14,2026-07-23,4.23,6.645712063382223
002179,中航光电,2026-07-24,510.8237731947641,513.9994094402023,503.565176062334,504.01883838311085,16688398.0,561481879.0,0.007960387925027474,33.78,33.99,33.3,33.33,2026-07-23,34.1,15.12207735922925
002180,奔图科技,2026-07-24,78.66145422982618,80.82909993732294,78.27609499293787,78.95047365749242,11114892.0,182724341.0,0.008170987395195482,16.33,16.78,16.25,16.39,2026-07-23,16.62,4.816990461103869
002181,粤 传 媒,2026-07-24,18.754816767089284,18.825235353198504,18.05063090599707,18.05063090599707,30872238.0,241555734.0,0.027211307493738873,7.99,8.02,7.69,7.69,2026-07-23,8.1,2.3472862036407114
002182,宝武镁业,2026-07-24,55.17108223977555,55.31807446599164,53.50517034265977,53.70115997761457,14914976.0,165162092.0,0.017232679847841256,11.26,11.29,10.92,10.96,2026-07-23,11.44,4.899740873869942
002183,怡 亚 通,2026-07-24,69.21503903080061,69.21503903080061,66.54688559877428,67.01773620442597,43117047.0,185704796.0,0.016602674280016296,4.41,4.41,4.24,4.27,2026-07-23,4.41,15.69502018839016
002184,海得控制,2026-07-24,30.049615773626083,30.149008108048218,29.58578487965611,29.58578487965611,4099400.0,36955793.0,0.01651057712421479,9.07,9.1,8.93,8.93,2026-07-23,9.19,3.313077814071233
002185,华天科技,2026-07-24,182.3701681294404,199.63284954935844,180.8874838357051,196.87929300385002,526619629.0,9637807922.0,0.15849377771550796,17.22,18.85,17.08,18.59,2026-07-23,17.69,10.5906020981092
002186,全 聚 德,2026-07-24,20.86710586247995,20.961956343673037,20.226865114426584,20.250577734724857,2813800.0,24256269.0,0.009171399725610286,8.8,8.84,8.53,8.54,2026-07-23,8.85,2.3712620298272666
002187,广百股份,2026-07-24,12.249469419496247,12.375752609387963,11.895876487799448,11.921133125777791,8966900.0,42824828.0,0.012793506438506285,4.85,4.9,4.71,4.72,2026-07-23,4.89,2.525663797834278
002188,中天服务,2026-07-24,8.925440792954786,9.067114456335021,8.581376181888503,8.763528034805947,8445301.0,36780792.0,0.0328147432626166,4.41,4.48,4.24,4.33,2026-07-23,4.48,2.0239094768604957
002189,中光学,2026-07-24,18.40700595880717,20.63226606885076,18.352994791087664,20.63226606885076,8430524.0,155890474.0,0.03228107884134335,17.04,19.1,16.99,19.1,2026-07-23,17.36,1.080223354390092
002190,成飞集成,2026-07-24,57.74360994422889,63.18016554226873,57.47969947830464,60.30354146369426,14034355.0,324218837.0,0.03912240599732596,21.88,23.94,21.78,22.85,2026-07-23,22.34,2.639104659242637
002191,劲嘉股份,2026-07-24,28.423229384440944,28.812588691077124,28.267485661786473,28.73471682974989,8868300.0,32532276.0,0.00632223695567595,3.65,3.7,3.63,3.69,2026-07-23,3.66,7.787186132723547
002192,融捷股份,2026-07-24,190.07568414260476,194.33923353237682,185.60046918029082,185.69118299709444,19039967.0,1192514835.0,0.07348001057172329,62.86,64.27,61.38,61.41,2026-07-23,64.3,3.023793893455373
002194,武汉凡谷,2026-07-24,32.81352742773094,33.05362640890946,32.13324698105847,32.45337895596316,10146407.0,82650044.0,0.0198606910425045,8.2,8.26,8.03,8.11,2026-07-23,8.28,4.001649686308651
002195,岩山科技,2026-07-24,188.00323551625937,191.7383991357877,182.40049008696687,183.33428099184894,172555070.0,1034762303.0,0.03072652918498587,6.04,6.16,5.86,5.89,2026-07-23,6.04,31.12636349606943
002196,方正电机,2026-07-24,27.899172585061685,28.26888639097993,27.358821637950395,27.614777349739956,13551968.0,132503925.0,0.027747090982850414,9.81,9.94,9.62,9.71,2026-07-23,10.04,2.843952353217297
002197,证通电子,2026-07-24,26.643380722577277,27.424820659971303,25.675883657232294,25.675883657232294,103812516.0,733191197.0,0.19440545630549536,7.16,7.37,6.9,6.9,2026-07-23,7.67,3.7211425590191727
002200,交投生态,2026-07-24,12.565446079282797,12.774521721200982,12.314555308980978,12.398185565748252,3243400.0,19368783.0,0.0165711274799149,6.01,6.11,5.89,5.93,2026-07-23,6.13,2.09075641918183
002201,九鼎新材,2026-07-24,55.792311898794885,56.62390462357367,54.73392115816734,55.111917851248606,12178180.0,89508066.0,0.020228756983846883,7.38,7.49,7.24,7.29,2026-07-23,7.47,7.559933861625323
002202,金风科技,2026-07-24,152.43845081485955,153.45021044416174,148.47572560009274,148.56003890253461,89091340.0,1591360695.0,0.02648764840679603,18.08,18.2,17.61,17.62,2026-07-23,18.37,8.43133024418471
002203,海亮股份,2026-07-24,73.7524927222208,74.07228672860441,70.4346299059908,71.3540376743437,23909387.0,430060384.0,0.01080825503102171,18.45,18.53,17.62,17.85,2026-07-23,18.75,3.997425079795165
002204,大连重工,2026-07-24,26.345480379756097,26.648301993316515,25.891247959415473,25.891247959415473,23199432.0,120402227.0,0.012011904304001337,5.22,5.28,5.13,5.13,2026-07-23,5.24,5.047026892673582
002205,国统股份,2026-07-24,19.94090092209221,20.048457021995624,19.338586762633117,19.639743842362666,2178880.0,19932325.0,0.0117242905401966,9.27,9.32,8.99,9.13,2026-07-23,9.37,2.1511219980682
002206,海 利 得,2026-07-24,68.46355994878289,68.72587243900811,66.88968500743155,67.02084125254417,10520232.0,54218631.0,0.009953189008349942,5.22,5.24,5.1,5.11,2026-07-23,5.27,13.115624511261089
002208,合肥城建,2026-07-24,64.11485429084077,71.8847500705222,63.744859253713074,71.8847500705222,69139484.0,907429592.0,0.08609372635700792,12.13,13.6,12.06,13.6,2026-07-23,12.36,5.285643387538397
002209,达 意 隆,2026-07-24,15.351649386483004,15.60618450584438,15.192564936882144,15.415283166323347,3345130.0,32374388.0,0.02119199040033174,9.65,9.81,9.55,9.69,2026-07-23,9.73,1.5908444960086014
002210,飞马国际,2026-07-24,22.900159792947715,23.10834306379269,22.067426709567798,22.171518344990282,63986862.0,137898397.0,0.02409808186548791,2.2,2.22,2.12,2.13,2026-07-23,2.22,10.40916354224896
002212,天融信,2026-07-24,17.929075426468543,18.02669289703008,17.37590975995318,17.37590975995318,24792019.0,134213489.0,0.021247073664992008,5.51,5.54,5.34,5.34,2026-07-23,5.57,3.253915685384491
002213,大为股份,2026-07-24,51.941929325305296,53.510131904346174,51.2916989876542,51.50206762630602,17970223.0,490812027.0,0.08693114184563186,27.16,27.98,26.82,26.93,2026-07-23,27.89,1.9124421695620506
002215,诺 普 信,2026-07-24,77.90495285869582,78.99580400724231,76.63229318539157,76.9050059725282,9374791.0,79886877.0,0.011599375244092644,8.57,8.69,8.43,8.46,2026-07-23,8.66,9.090426237887494
002216,三全食品,2026-07-24,134.02800896991621,136.10596259735678,131.74225997973159,132.15785070521972,5417109.0,69345214.0,0.00859173429713999,12.9,13.1,12.68,12.72,2026-07-23,13.02,10.389768137202807
002217,合力泰,2026-07-24,8.194126746011158,8.252241120096343,8.0197836237556,8.0197836237556,116096876.0,161852353.0,0.01594885756722902,1.41,1.42,1.38,1.38,2026-07-23,1.43,5.811437408518552
002218,拓日新能,2026-07-24,22.443399933709046,24.107999928792324,21.984199935065384,24.107999928792324,249200153.0,1006822540.0,0.17958069531741874,3.91,4.2,3.83,4.2,2026-07-23,3.82,5.7399999830457915
002219,新里程,2026-07-24,44.547210728844924,45.2120944710665,43.660699072549505,43.660699072549505,54674200.0,109064969.0,0.01671037549513483,2.01,2.04,1.97,1.97,2026-07-23,2.02,22.162791407385537
002221,东华能源,2026-07-24,24.23177596975674,24.36135765943458,22.633601797063335,22.676795693622616,33760137.0,182851711.0,0.023109296517248332,5.61,5.64,5.24,5.25,2026-07-23,5.57,4.319389655928117
002222,福晶科技,2026-07-24,177.22467806463152,180.62684254315297,173.57281344089748,174.75888913065725,15542756.0,880480346.0,0.033200254394454703,56.78,57.87,55.61,55.99,2026-07-23,57.3,3.1212518151573003
002223,鱼跃医疗,2026-07-24,271.09612822537525,272.3894308554413,264.43064543965045,264.62961507504525,10288143.0,277276760.0,0.010918195844705974,27.25,27.38,26.58,26.6,2026-07-23,27.38,9.948481769738542
002224,三 力 士,2026-07-24,24.547764566689036,24.693882212919327,23.89023515865272,23.96329398176787,8163200.0,27043138.0,0.01012326231369355,3.36,3.38,3.27,3.28,2026-07-23,3.37,7.305882311514594
002225,濮耐股份,2026-07-24,7.115645609941905,7.156190599172343,6.852103179944057,6.872375674559276,22679077.0,78267781.0,0.023907388612661572,3.51,3.53,3.38,3.39,2026-07-23,3.55,2.0272494615219103
002226,江南化工,2026-07-24,63.309270303659076,64.39379741806866,62.63144085715309,62.767006746454285,21751391.0,101864090.0,0.00821142455222431,4.67,4.75,4.62,4.63,2026-07-23,4.67,13.556588930119716
002228,合兴包装,2026-07-24,35.70771792105269,35.828761032649474,34.86041613987516,35.102502363068744,13352000.0,38899685.0,0.011040899952950402,2.95,2.96,2.88,2.9,2026-07-23,2.96,12.104311159678877
002229,鸿博股份,2026-07-24,52.256961372597424,52.668028915351385,49.122571359098465,49.37948857331969,49611813.0,485982917.0,0.10060061441430268,10.17,10.25,9.56,9.61,2026-07-23,10.33,5.138344284424526
002230,科大讯飞,2026-07-24,556.9965174729837,557.5535139904566,541.4006149837402,541.4006149837402,39047760.0,1538075149.0,0.01783578778662168,40.0,40.04,38.88,38.88,2026-07-23,40.49,13.924912936824592
002232,启明信息,2026-07-24,43.46687048740073,43.886372578221966,42.43424995614845,42.43424995614845,3492251.0,46598129.0,0.008547948125271945,13.47,13.6,13.15,13.15,2026-07-23,13.61,3.22693916016338
002233,塔牌集团,2026-07-24,27.46461738756656,27.731634501056785,27.35018148178503,27.46461738756656,7328420.0,52833079.0,0.00624426877484366,7.2,7.27,7.17,7.2,2026-07-23,7.24,3.8145301927175774
002234,民和股份,2026-07-24,15.268438324794568,15.422664974539968,14.783725997023312,14.827790754093428,4353802.0,29594556.0,0.014444848078823647,6.93,7.0,6.71,6.73,2026-07-23,7.01,2.2032378535057098
002235,安妮股份,2026-07-24,33.36040981273655,33.50196742156004,30.718001114698005,30.95393046273716,35860788.0,242420926.0,0.06477997398098888,7.07,7.1,6.51,6.56,2026-07-23,7.19,4.718586960783104
002236,大华股份,2026-07-24,814.0509637178172,827.3315534582288,806.6728583064773,808.1484793887454,30673622.0,508285262.0,0.012828102584673918,16.55,16.82,16.4,16.43,2026-07-23,16.84,49.18736940893155
002237,恒邦股份,2026-07-24,105.94614803958389,108.63045266133105,104.85564928699908,104.93953380642868,23050330.0,292320037.0,0.019331751461263237,12.63,12.95,12.5,12.51,2026-07-23,13.24,8.388451942959927
002238,天威视讯,2026-07-24,19.3328841060314,19.367223154177104,18.714781239408726,18.74912028755443,4383900.0,24149851.0,0.005462401052154211,5.63,5.64,5.45,5.46,2026-07-23,5.64,3.4339048145704085
002239,奥特佳,2026-07-24,22.87523959926757,22.967851905337476,22.41217806891802,22.50479037498793,48179744.0,117849521.0,0.017961661699341113,2.47,2.48,2.42,2.43,2026-07-23,2.48,9.261230606990917
002240,盛新锂能,2026-07-24,49.43718538563628,50.116905238356296,46.93382690366744,47.18250489856501,65655291.0,1910246307.0,0.07191879036511166,29.82,30.23,28.31,28.46,2026-07-23,30.42,1.657853299317112
002241,歌尔股份,2026-07-24,556.0038972044638,595.5923833092714,552.9780256550517,571.637566876426,101065029.0,2302309750.0,0.03212788773380617,22.05,23.62,21.93,22.67,2026-07-23,22.49,25.215596245100397
002242,九阳股份,2026-07-24,47.34500741361616,47.51592801799744,45.749748439390814,45.97764257856587,6501708.0,52819410.0,0.008535945714356142,8.31,8.34,8.03,8.07,2026-07-23,8.38,5.697353479376192
002243,力合科创,2026-07-24,12.47870859610671,12.55354343026627,12.1232431338488,12.1232431338488,12392164.0,81382797.0,0.010291278782343904,6.67,6.71,6.48,6.48,2026-07-23,6.75,1.870870853989012
002244,滨江集团,2026-07-24,57.72216295418014,58.43478224991076,55.64908863932743,55.713872211666576,18096440.0,158212626.0,0.00656250814355329,8.91,9.02,8.59,8.6,2026-07-23,9.0,6.478357233914719
002245,蔚蓝锂芯,2026-07-24,353.6980560051847,362.6578378822763,344.5249459881624,347.72486808712375,51591247.0,849623422.0,0.03211207193521811,16.58,17.0,16.15,16.3,2026-07-23,17.02,21.332813993075074
002246,北化股份,2026-07-24,30.620086446652845,32.323021735664554,30.472717046642217,31.749918513401003,25052748.0,483816324.0,0.04563052883675711,18.7,19.74,18.61,19.39,2026-07-23,18.71,1.6374377778958742
002247,聚力文化,2026-07-24,13.37302514327993,13.505431332817356,12.909603479898943,13.042009669436368,20391000.0,40476515.0,0.0316856430171363,2.02,2.04,1.95,1.97,2026-07-23,2.04,6.6203094768712525
002248,华东数控,2026-07-24,16.542308029043415,16.666842342938345,16.18946080634111,16.251727963288577,4532600.0,35843552.0,0.014740373520791843,7.97,8.03,7.8,7.83,2026-07-23,8.06,2.0755718982488602
002249,大洋电机,2026-07-24,100.25448287386938,101.56215004178941,98.6562230019671,98.6562230019671,33597650.0,230867871.0,0.018026650514402068,6.9,6.99,6.79,6.79,2026-07-23,6.98,14.529635199111503
002250,联化科技,2026-07-24,101.2315525563483,101.99797440535536,95.41952020137815,95.41952020137815,20152244.0,310219602.0,0.022517083691817905,15.85,15.97,14.94,14.94,2026-07-23,15.92,6.386848741725445
002251,步步高,2026-07-24,17.191413229367058,17.486967611533824,16.551045401339056,16.600304465033517,85314287.0,291994651.0,0.03963548993128677,3.49,3.55,3.36,3.37,2026-07-23,3.53,4.925906369446148
002252,上海莱士,2026-07-24,126.14868048212811,127.13421704839475,122.45291835862825,122.69930250019493,53041872.0,267588402.0,0.008050968377972539,5.12,5.16,4.97,4.98,2026-07-23,5.12,24.638414156665647
002254,泰和新材,2026-07-24,73.58082854736239,76.26721676681194,72.7290469168052,73.05665523625028,27831750.0,316267275.0,0.0327211809102201,11.23,11.64,11.1,11.15,2026-07-23,11.34,6.5521663889013695
002255,海陆重工,2026-07-24,34.34224036034221,34.38527574926494,33.56760335973298,33.61063874865572,13148575.0,103810658.0,0.020609948386108703,7.98,7.99,7.8,7.81,2026-07-23,8.06,4.303538892273459
002256,兆新股份,2026-07-24,49.565196281776096,50.0130745614307,47.325804883503075,47.325804883503075,80837961.0,261375540.0,0.040131101528039365,3.32,3.35,3.17,3.17,2026-07-23,3.39,14.929275988486776
002258,利尔化学,2026-07-24,75.71885954977303,76.30253681329617,73.86170462038126,74.02088932861484,19938530.0,281308652.0,0.024949718512577566,14.27,14.38,13.92,13.95,2026-07-23,14.39,5.306156941119344
002259,升达林业,2026-07-24,9.024254668199916,9.154287156214323,8.686170199362454,9.050261165802798,15496267.0,53140038.0,0.02059774659510434,3.47,3.52,3.34,3.48,2026-07-23,3.47,2.60064976028816
002261,拓维信息,2026-07-24,271.2440182911132,277.7633574051749,265.11979063850976,265.31734636923886,55486517.0,1514592355.0,0.04841309802618421,27.46,28.12,26.84,26.86,2026-07-23,28.01,9.877786536457144
002262,恩华药业,2026-07-24,193.26116683487396,195.04648939224003,185.8520782218049,186.476941116883,11153136.0,236770913.0,0.012619863122490029,21.65,21.85,20.82,20.89,2026-07-23,21.78,8.926612786830207
002263,大东南,2026-07-24,12.614047731672017,12.885317575363889,12.387989528595458,12.433201169210768,52487000.0,146462118.0,0.027943214481726493,2.79,2.85,2.74,2.75,2026-07-23,2.82,4.521164061531189
002264,新 华 都,2026-07-24,29.280407556782002,29.42559966036935,28.506049670982808,28.506049670982808,13208804.0,79068220.0,0.020292893308256073,6.05,6.08,5.89,5.89,2026-07-23,6.12,4.839736786244959
002265,建设工业,2026-07-24,17.258640836522787,19.2937638022168,17.158879906831903,19.2937638022168,21037815.0,395112836.0,0.020364948803014246,17.3,19.34,17.2,19.34,2026-07-23,17.58,0.9976092969088315
002266,浙富控股,2026-07-24,54.448421241565654,54.687230106660245,52.418545888261676,52.77675918590356,78903509.0,352641192.0,0.016293674818046243,4.56,4.58,4.39,4.42,2026-07-23,4.63,11.940443254729312
002267,陕天然气,2026-07-24,23.531989480526004,23.628563992757986,23.210074439752734,23.27445744790739,5782401.0,42027421.0,0.0051996481227944025,7.31,7.34,7.21,7.23,2026-07-23,7.29,3.2191504077326956
002268,电科网安,2026-07-24,124.77602120474104,125.39285181804132,118.25524043556672,118.34335909460962,17001187.0,233871390.0,0.020113690423337275,14.16,14.23,13.42,13.43,2026-07-23,14.35,8.811865904289622
002269,美邦服饰,2026-07-24,6.012145748987854,6.05668016194332,5.834008097165992,5.834008097165992,33726149.0,44850821.0,0.014389952046825208,1.35,1.36,1.31,1.31,2026-07-23,1.35,4.4534412955465585
002270,华明装备,2026-07-24,50.13375631669128,50.867421043277005,48.80229070177645,49.04684561063836,22413201.0,409162527.0,0.025008841974032792,18.45,18.72,17.96,18.05,2026-07-23,18.4,2.717276765132319
002271,东方雨虹,2026-07-24,497.34447212276723,501.69188883712707,479.5200635938918,480.8242886081998,31657600.0,354456204.0,0.016535771188167472,11.44,11.54,11.03,11.06,2026-07-23,11.47,43.474167143598535
002272,川润股份,2026-07-24,54.4500009062195,55.8958882359831,53.03937912108427,53.321503478111325,21381108.0,328950043.0,0.052387586561283984,15.44,15.85,15.04,15.12,2026-07-23,15.79,3.5265544628380505
002273,水晶光电,2026-07-24,419.3918303695329,443.8300761241485,412.2968557956122,431.216787992734,60171732.0,1650333238.0,0.044176409322477024,26.6,28.15,26.15,27.35,2026-07-23,27.01,15.766610164268153
002274,华昌化工,2026-07-24,20.62576495942246,20.96575009611624,20.17245144383076,20.248003696429375,23973080.0,130535045.0,0.025561765995347246,5.46,5.55,5.34,5.36,2026-07-23,5.46,3.7776126299308537
002275,桂林三金,2026-07-24,28.303485704887926,28.41118542218202,27.67882734458218,27.67882734458218,1655336.0,21464663.0,0.0029310884018231708,13.14,13.19,12.85,12.85,2026-07-23,13.2,2.1539943458818818
002276,万马股份,2026-07-24,38.41781453719208,38.65423185742095,37.2357279360477,37.2357279360477,21123200.0,202596552.0,0.020974477405681317,9.75,9.81,9.45,9.45,2026-07-23,9.81,3.9402886704812388
002277,友阿股份,2026-07-24,35.045151965657304,35.578158079203426,34.57877161630446,34.97852620146404,12646306.0,66536876.0,0.0090708311050108,5.26,5.34,5.19,5.25,2026-07-23,5.26,6.662576419326484
002278,神开股份,2026-07-24,17.355875208329348,18.036497765518735,16.924814255442737,16.924814255442737,20528200.0,157393099.0,0.057213312092522166,7.65,7.95,7.46,7.46,2026-07-23,7.72,2.268741857297954
002279,久其软件,2026-07-24,58.890386075087825,59.97728917378911,56.81538925029446,56.91419862290367,30333420.0,178662580.0,0.03813129762901044,5.96,6.07,5.75,5.76,2026-07-23,6.07,9.880937260920776
002281,光迅科技,2026-07-24,615.1110604790612,642.6925996668081,598.3122922729364,614.0919571240908,29142629.0,5535927704.0,0.03736425370613036,187.11,195.5,182.0,186.8,2026-07-23,190.47,3.2874301773238264
002282,博深股份,2026-07-24,13.631419032211513,13.727924653678498,13.438407789277544,13.486660600011035,2757762.0,15477761.0,0.005460751158710811,5.65,5.69,5.57,5.59,2026-07-23,5.67,2.412640536674604
002283,天润工业,2026-07-24,37.56260969200912,39.49016466304643,37.41433623269856,38.99591979867789,37427100.0,294934181.0,0.03732160938873606,7.6,7.99,7.57,7.89,2026-07-23,7.68,4.9424486436854105
002284,亚太股份,2026-07-24,61.5875748861488,62.14367037044811,60.33636004647535,60.5448958530876,10831330.0,95142975.0,0.014793092555469074,8.86,8.94,8.68,8.71,2026-07-23,8.91,6.9511935537414
002285,世联行,2026-07-24,29.7754518821812,30.36799818829426,28.886632423011616,28.886632423011616,43915760.0,87528412.0,0.022233143536552185,2.01,2.05,1.95,1.95,2026-07-23,2.03,14.81365765282647
002286,保龄宝,2026-07-24,28.277193211581118,28.623444557029053,27.661635264118132,27.738580007551004,4057100.0,29529845.0,0.01097434266795432,7.35,7.44,7.19,7.21,2026-07-23,7.42,3.8472371716436897
002287,奇正藏药,2026-07-24,35.49261700054014,35.49261700054014,34.49233916476204,34.49233916476204,2498900.0,50534180.0,0.004376775844089832,20.58,20.58,20.0,20.0,2026-07-23,20.59,1.7246169582381023
002290,禾盛新材,2026-07-24,157.50378152224505,162.25441264365026,153.64898369801912,153.7032766251209,9066050.0,526523513.0,0.03667554484233173,58.02,59.77,56.6,56.62,2026-07-23,58.03,2.7146463550886772
002291,遥望科技,2026-07-24,8.422196271130934,8.457658150167275,8.156232178358378,8.156232178358378,20151358.0,94044559.0,0.0231857923081675,4.75,4.77,4.6,4.6,2026-07-23,4.82,1.7730939518170388
002292,奥飞娱乐,2026-07-24,59.12482492183069,60.44789792707444,58.132520167897866,58.29790429355333,39804390.0,284429278.0,0.03910505548326115,7.15,7.31,7.03,7.05,2026-07-23,7.3,8.269206282773522
002293,罗莱生活,2026-07-24,119.88238933125423,120.53867978379758,118.35104494198637,119.9917710733448,6372201.0,69730922.0,0.007675133709391297,10.96,11.02,10.82,10.97,2026-07-23,11.11,10.938174209056042
002294,信立泰,2026-07-24,429.554858225174,434.4106957529368,400.668850367713,400.79335902227103,36468929.0,1206577278.0,0.03272030336306696,34.5,34.89,32.18,32.19,2026-07-23,34.96,12.450865455802145
002295,精艺股份,2026-07-24,12.584568828714675,12.666713533862941,12.190274244002987,12.305276831210563,2648301.0,19954787.0,0.010575141658048053,7.66,7.71,7.42,7.49,2026-07-23,7.74,1.642894102965362
002296,辉煌科技,2026-07-24,46.70797179236063,46.86996475811448,45.628018687334944,45.628018687334944,5381100.0,46066499.0,0.015493007280066546,8.65,8.68,8.45,8.45,2026-07-23,8.73,5.399765525128396
002297,博云新材,2026-07-24,54.14304717880679,55.23842674600808,52.014881162529996,52.67210890285076,38510576.0,658033086.0,0.06719639186980907,17.3,17.65,16.62,16.83,2026-07-23,17.53,3.12965590628941
002298,中电鑫龙,2026-07-24,24.752390639384675,25.937175184866213,24.56026341579307,25.937175184866213,54922983.0,438947775.0,0.08312130492840329,7.73,8.1,7.67,8.1,2026-07-23,7.36,3.20212039319336
002299,圣农发展,2026-07-24,43.499557867871864,43.794925236110494,42.47919786850203,42.559752605294385,9339000.0,149046359.0,0.007663714117200498,16.2,16.31,15.82,15.85,2026-07-23,16.24,2.68515789307851
002300,太阳电缆,2026-07-24,52.64649364484455,56.720804989134486,52.566605187113375,56.720804989134486,85122718.0,583682969.0,0.11785034743926813,6.59,7.1,6.58,7.1,2026-07-23,6.45,7.988845773117534
002301,齐心集团,2026-07-24,36.677469297453484,36.83533501896333,34.88832445367527,34.94094636084521,19775850.0,134132233.0,0.02754334163126898,6.97,7.0,6.63,6.64,2026-07-23,7.11,5.262190716994761
002302,西部建设,2026-07-24,20.014020656571045,20.193921965843593,19.474316728753397,19.474316728753397,7968602.0,34909564.0,0.006312492439523539,4.45,4.49,4.33,4.33,2026-07-23,4.49,4.497532731813718
002303,美盈森,2026-07-24,53.34054840777629,58.73886896952714,52.56935975609759,58.73886896952714,38182916.0,169559817.0,0.03949080988148887,4.15,4.57,4.09,4.57,2026-07-23,4.15,12.853144194644887
002304,洋河股份,2026-07-24,199.66862240256185,201.61005253811405,195.73598187157148,195.8355423913434,5702833.0,226545765.0,0.003785712257618467,40.11,40.5,39.32,39.34,2026-07-23,40.25,4.978025988595409
002307,北新路桥,2026-07-24,12.170026414312598,12.29635886844041,12.001583142142183,12.043693960184786,16516310.0,47471580.0,0.01013815999460328,2.89,2.92,2.85,2.86,2026-07-23,2.92,4.211081804260415
002309,中利集团,2026-07-24,10.673328793522254,11.086732373553048,10.410253788048115,10.447835931687278,245880801.0,700593931.0,0.10218922716032122,2.84,2.95,2.77,2.78,2026-07-23,2.93,3.758214363916287
002310,东方新能,2026-07-24,111.88460712945451,112.84088582286864,104.71251692884844,104.71251692884844,161698064.0,364471822.0,0.036757835090916735,2.34,2.36,2.19,2.19,2026-07-23,2.38,47.813934670707056
002311,海大集团,2026-07-24,352.85674149230323,360.02951906256783,349.8558855700496,353.2226995316024,7646266.0,370853557.0,0.004623045995287751,48.21,49.19,47.8,48.26,2026-07-23,48.69,7.319160785984303
002312,川发龙蟒,2026-07-24,158.27536470054105,159.61830718890926,154.0546883085266,154.0546883085266,22292350.0,181439908.0,0.01183359317267134,8.25,8.32,8.03,8.03,2026-07-23,8.32,19.18489269097467
002313,日海智能,2026-07-24,20.022903183438125,20.2379142243341,19.807892142542144,19.83476852265414,6547600.0,48737117.0,0.01748947759214106,7.45,7.53,7.37,7.38,2026-07-23,7.53,2.687638011199748
002314,南山控股,2026-07-24,4.84763982963562,4.895399827957153,4.728239833831787,4.752119832992554,15439400.0,30961980.0,0.011536369033269678,2.03,2.05,1.98,1.99,2026-07-23,2.04,2.38799991607666
002315,焦点科技,2026-07-24,129.11796360922935,131.04350076330238,126.01570930544506,126.06919644861375,6054414.0,144571830.0,0.02302817985978623,24.14,24.5,23.56,23.57,2026-07-23,24.38,5.348714316869485
002316,亚联发展,2026-07-24,12.544853522997945,12.644679943605354,12.045721419960891,12.245374261175712,10668364.0,39394705.0,0.031305262849010376,3.77,3.8,3.62,3.68,2026-07-23,3.78,3.3275473535803566
002317,众生药业,2026-07-24,301.42054401256735,319.62715405359495,297.8241765970557,299.847133268281,40022669.0,1095876362.0,0.05254957237676367,26.82,28.44,26.5,26.68,2026-07-23,27.08,11.238648173473802
002318,久立特材,2026-07-24,128.9806169684753,131.10813229991405,122.86401039058883,125.65637426310221,15502185.0,293055334.0,0.016249242306359907,19.4,19.72,18.48,18.9,2026-07-23,19.59,6.648485410746149
002319,乐通股份,2026-07-24,22.295604198946485,22.295604198946485,21.203655640672167,21.362484521875704,9270700.0,100750479.0,0.04425735863861086,11.23,11.23,10.68,10.76,2026-07-23,11.13,1.9853610150442105
002320,海峡股份,2026-07-24,91.38571418952148,92.10078237566798,88.81146871939411,88.9544823566234,17113500.0,107756904.0,0.007654314074664206,6.39,6.44,6.21,6.22,2026-07-23,6.44,14.301363722929809
002321,华英农业,2026-07-24,3.8376442954212613,3.8786886194364616,3.6939891613680587,3.714511323375659,21530800.0,39386853.0,0.010137550530498154,1.87,1.89,1.8,1.81,2026-07-23,1.88,2.0522162007600326
002322,理工能科,2026-07-24,61.54431423045206,61.728028601289225,60.07459926375469,60.197075510979474,2474700.0,24470588.0,0.007042409757524939,10.05,10.08,9.81,9.83,2026-07-23,10.08,6.12381236123901
002324,普利特,2026-07-24,76.19885829767045,76.45715951223885,70.4301311723101,71.03283400630298,35326281.0,297845517.0,0.0455073746055272,8.85,8.88,8.18,8.25,2026-07-23,8.71,8.610040485612481
002326,永太科技,2026-07-24,108.54589002378896,116.96702011120213,108.54589002378896,111.2703732873638,78302764.0,1432950765.0,0.0968442722069602,17.53,18.89,17.53,17.97,2026-07-23,17.17,6.192007417215571
002327,富安娜,2026-07-24,90.01318655282968,90.44046433709944,88.01922355957079,89.01620505620023,4469100.0,27901443.0,0.009102344971688847,6.32,6.35,6.18,6.25,2026-07-23,6.33,14.242592808992038
002328,新朋股份,2026-07-24,21.01184133426127,21.445419012587298,20.81172855964926,20.97848920515927,21289282.0,134586115.0,0.037297845843610115,6.3,6.43,6.24,6.29,2026-07-23,6.46,3.3352129102002017
002329,皇氏集团,2026-07-24,18.847972140936765,18.90561119947174,17.81046908730722,17.868108145842193,25934501.0,81924551.0,0.039801692198855126,3.27,3.28,3.09,3.1,2026-07-23,3.27,5.763905853497482
002330,得利斯,2026-07-24,7.5421230456858686,7.625231839577723,7.313573862483266,7.3759054579021575,10177500.0,36380920.0,0.016023794346647913,3.63,3.67,3.52,3.55,2026-07-23,3.67,2.0777198472963825
002331,皖通科技,2026-07-24,35.49677623990774,36.273268220155714,35.10853024978375,35.88502223003172,6853000.0,44068699.0,0.01704393138101785,6.4,6.54,6.33,6.47,2026-07-23,6.45,5.5463712874855835
002332,仙琚制药,2026-07-24,24.925620461679575,25.074164087792084,24.361154682452025,24.361154682452025,11620400.0,96183803.0,0.011802468286704032,8.39,8.44,8.2,8.2,2026-07-23,8.39,2.970872522250247
002333,罗普斯金,2026-07-24,18.270327389981457,18.518661937029748,17.844611023612956,17.986516479069124,12506700.0,63867260.0,0.018764474766354518,5.15,5.22,5.03,5.07,2026-07-23,5.15,3.5476363864041662
002334,英威腾,2026-07-24,77.4006454353438,77.77576972662979,75.90014827019982,76.2752725614858,10075141.0,61807345.0,0.013707449281780115,6.19,6.22,6.07,6.1,2026-07-23,6.24,12.504143042866527
002335,科华数据,2026-07-24,261.23700805105085,262.7099862058992,255.69167852691578,256.29819894361805,20024580.0,598718705.0,0.030352474329976183,30.15,30.32,29.51,29.58,2026-07-23,30.73,8.664577381461056
002337,赛象科技,2026-07-24,22.79891309004563,23.071627361457665,22.417113110068794,22.58074167291601,7340300.0,30580936.0,0.012483577028988328,4.18,4.23,4.11,4.14,2026-07-23,4.24,5.454285428240582
002338,奥普光电,2026-07-24,127.76501898697775,130.93135481212298,126.41764204010744,128.16923207103883,3942928.0,150906729.0,0.016428866666666667,37.93,38.87,37.53,38.05,2026-07-23,38.53,3.368442367175791
002339,积成电子,2026-07-24,40.15291150560453,40.7144906875011,38.2435422871562,38.35585812353551,45202311.0,314915333.0,0.09442318217600212,7.15,7.25,6.81,6.83,2026-07-23,7.04,5.615791818965668
002340,格林美,2026-07-24,164.96426193290785,165.96708419389816,162.20650071518443,162.45720628043205,92013391.0,600133181.0,0.01812721028936092,6.58,6.62,6.47,6.48,2026-07-23,6.66,25.07055652475803
002342,巨力索具,2026-07-24,18.22364940230575,18.47675564400444,17.64150504639876,17.71743691890837,52075474.0,370224511.0,0.05454699850213158,7.2,7.3,6.97,7.0,2026-07-23,7.31,2.53106241698691
002343,慈文传媒,2026-07-24,14.572018662337602,14.76893783345027,14.112540596408035,14.211000181964371,9391160.0,41105202.0,0.01982594648239171,4.44,4.5,4.3,4.33,2026-07-23,4.49,3.281986185211171
002344,海宁皮城,2026-07-24,16.903952880137787,17.043271173105953,16.53243743222267,16.53243743222267,7384745.0,26587746.0,0.005763613032184942,3.64,3.67,3.56,3.56,2026-07-23,3.68,4.643943098938952
002345,潮宏基,2026-07-24,83.02395925831036,83.1877146020151,80.07636307162477,80.89513979014855,16586200.0,164774563.0,0.019125505511451403,10.14,10.16,9.78,9.88,2026-07-23,10.3,8.187767185237707
002346,柘中股份,2026-07-24,42.801845488365004,42.90167486559735,41.17961810833951,41.57893561726886,5878900.0,98454465.0,0.014992853790602322,17.15,17.19,16.5,16.66,2026-07-23,17.19,2.4957344308084553
002347,泰尔股份,2026-07-24,21.000322815734492,21.12171196495839,20.595692318321497,20.676618417804097,8720800.0,44863393.0,0.01767552134928973,5.19,5.22,5.09,5.11,2026-07-23,5.22,4.04630497412996
002348,高乐股份,2026-07-24,67.54775634339435,67.74779905714577,64.41375382795552,65.21392468296118,24865000.0,244809897.0,0.027519747510627444,10.13,10.16,9.66,9.78,2026-07-23,10.14,6.6680904583804885
002349,精华制药,2026-07-24,55.45596272760488,55.86981319572133,53.3867103870226,53.46948048064589,11521600.0,75741985.0,0.014151154721009498,6.7,6.75,6.45,6.46,2026-07-23,6.74,8.277009362329085
002350,北京科锐,2026-07-24,68.04880005765817,71.97941666748682,66.9678804899553,71.29155876076679,17987566.0,257010096.0,0.03390361623380124,13.85,14.65,13.63,14.51,2026-07-23,14.27,4.913270762285789
002351,漫步者,2026-07-24,77.90962552206179,78.70058618726038,76.96047272382347,76.96047272382347,7115300.0,69937985.0,0.013655517673673852,9.85,9.95,9.73,9.73,2026-07-23,9.93,7.9096066519859685
002352,顺丰控股,2026-07-24,127.79013840367011,128.43267976801863,126.54285222581706,126.61844532750513,15551044.0,523338952.0,0.0032403981068878096,33.81,33.98,33.48,33.5,2026-07-23,33.9,3.7796550844031382
002353,杰瑞股份,2026-07-24,1324.9921753410836,1324.9921753410836,1220.6042782838063,1229.1092956255225,42949053.0,6065504567.0,0.06215145155093829,148.0,148.0,136.34,137.29,2026-07-23,135.11,8.9526498333857
002354,天娱数科,2026-07-24,18.361016397178307,18.573107345660567,17.876237086361723,17.936834500213795,154967325.0,932059285.0,0.09532381005685081,6.06,6.13,5.9,5.92,2026-07-23,6.27,3.0298706926036814
002355,兴民智通,2026-07-24,8.91605105626799,8.980349501385309,8.701722905876933,8.766021350994249,10228090.0,42112722.0,0.016545845687404845,4.16,4.19,4.06,4.09,2026-07-23,4.2,2.1432815039105746
002356,赫美集团,2026-07-24,14.167013109702994,14.277692899622549,13.83497373994433,13.890313634904105,13224900.0,33469706.0,0.010085742646655745,2.56,2.58,2.5,2.51,2026-07-23,2.58,5.533989495977732
002357,富临运业,2026-07-24,38.64921956850622,39.11599758261862,37.90237474592639,38.182441554393826,4623666.0,37954460.0,0.014749581011778614,8.28,8.38,8.12,8.18,2026-07-23,8.38,4.66778014112394
002358,森源电气,2026-07-24,48.18755361631131,50.46137647297936,47.662825264772536,47.662825264772536,71683323.0,398064468.0,0.07709909478995591,5.51,5.77,5.45,5.45,2026-07-23,5.5,8.745472525646337
002361,神剑股份,2026-07-24,96.83884855974938,98.26594738062991,93.57690839773677,93.78077965786255,59397128.0,557712509.0,0.07341870686301036,9.5,9.64,9.18,9.2,2026-07-23,9.55,10.19356300628941
002362,汉王科技,2026-07-24,28.96338839366166,29.003811824776328,28.276190064712253,28.316613495826925,2270100.0,32044620.0,0.010935290729018034,14.33,14.35,13.99,14.01,2026-07-23,14.31,2.021171555733542
002363,隆基机械,2026-07-24,17.91666613684761,17.91666613684761,17.40902726297026,17.498610593654497,4511200.0,26654150.0,0.01085053850547691,6.0,6.0,5.83,5.86,2026-07-23,6.02,2.986111022807935
002364,中恒电气,2026-07-24,263.35185673250305,266.3201738595011,248.99348551353563,250.9953738084878,27540096.0,1019929823.0,0.04934577522215891,38.15,38.58,36.07,36.36,2026-07-23,38.8,6.903063086042019
002365,永安药业,2026-07-24,41.00329843455531,42.24888303396299,39.151753759760126,39.151753759760126,20625900.0,246469411.0,0.0840883399544423,12.18,12.55,11.63,11.63,2026-07-23,12.4,3.366444863263983
002366,融发核电,2026-07-24,12.376175745479035,12.731812979544525,12.139084256102041,12.281339149728236,43546030.0,226635930.0,0.023533855422723668,5.22,5.37,5.12,5.18,2026-07-23,5.29,2.37091489376993
002367,康力电梯,2026-07-24,50.96797941508943,51.165147613987266,49.784970221702444,49.88355432115136,10958964.0,55925873.0,0.01379222089530444,5.17,5.19,5.05,5.06,2026-07-23,5.21,9.858409944891573
002368,太极股份,2026-07-24,76.97645969048055,76.97645969048055,74.35355810102715,74.41057770079787,8970700.0,118361514.0,0.014432232975221905,13.5,13.5,13.04,13.05,2026-07-23,13.58,5.701959977072634
002369,卓翼科技,2026-07-24,21.737653374501086,22.300580653123628,21.65104917778993,21.867559669567825,15788700.0,80016710.0,0.027885203473315825,5.02,5.15,5.0,5.05,2026-07-23,5.07,4.330209835557985
002370,亚太药业,2026-07-24,16.9170165332424,17.131608709139766,16.380536093498982,16.380536093498982,17601200.0,82290243.0,0.02360462175414826,4.73,4.79,4.58,4.58,2026-07-23,4.81,3.5765362649561094
002371,北方华创,2026-07-24,4531.323172553767,4901.313157851799,4506.086570392768,4764.116667300734,15862082.0,12020960458.0,0.021875419350255467,720.01,778.8,716.0,757.0,2026-07-23,740.0,6.293416997755263
002372,伟星新材,2026-07-24,81.78000064046124,83.4963710242734,80.46748211166373,80.56844507541739,12238100.0,98969371.0,0.008320382648211807,8.1,8.27,7.97,7.98,2026-07-23,8.12,10.096296375365586
002373,千方科技,2026-07-24,30.91560225881703,31.378284741602048,30.494981819921563,30.579105907700654,16488433.0,120983791.0,0.011969006464825765,7.35,7.46,7.25,7.27,2026-07-23,7.4,4.206204388954698
002374,中锐股份,2026-07-24,19.381616811068906,20.794859703542677,19.381616811068906,20.794859703542677,25984903.0,79526628.0,0.023944600739284314,2.88,3.09,2.88,3.09,2026-07-23,2.81,6.7297280593989255
002375,亚厦股份,2026-07-24,21.94939800837804,22.205367664452417,21.56544352426647,21.56544352426647,8927980.0,30359814.0,0.0067077413513874085,3.43,3.47,3.37,3.37,2026-07-23,3.46,6.399241401859486
002376,新北洋,2026-07-24,32.630080232403046,32.895365437544534,31.940338699035177,31.993395740063477,8271560.0,50602810.0,0.010508460125637787,6.15,6.2,6.02,6.03,2026-07-23,6.19,5.305704102829764
002377,国创高新,2026-07-24,11.199094988556524,11.243013008119492,10.672078753800925,10.672078753800925,20297600.0,50181603.0,0.023265786957065448,2.55,2.56,2.43,2.43,2026-07-23,2.55,4.391801956296677
002378,章源钨业,2026-07-24,65.3145442202375,66.61046771667078,63.70183942467608,64.2202088232494,21875342.0,492312415.0,0.018303866508808112,22.68,23.13,22.12,22.3,2026-07-23,23.14,2.879829992073964
002379,宏桥控股,2026-07-24,159.0659231444356,159.0659231444356,148.04155223343514,150.08893540262093,98200142.0,1888231799.0,0.08641535563519831,20.2,20.2,18.8,19.06,2026-07-23,20.45,7.874550650714634
002380,科远智慧,2026-07-24,96.39288727423717,97.73905769556058,94.30278056744555,96.03863190020469,4498900.0,122169006.0,0.031636946333221734,27.21,27.59,26.62,27.11,2026-07-23,27.8,3.5425537403247764
002381,双箭股份,2026-07-24,32.92124347136097,33.24979879542644,32.19842175841691,32.26413282323001,3810900.0,18881108.0,0.011834119241739422,5.01,5.06,4.9,4.91,2026-07-23,5.06,6.571106481309574
002382,蓝帆医疗,2026-07-24,39.54249084982745,40.25113763925088,38.33779130780762,38.479520665692306,20694802.0,114857571.0,0.020740592520170034,5.58,5.68,5.41,5.43,2026-07-23,5.66,7.0864678942343104
002383,合众思壮,2026-07-24,31.866123513161106,32.208244471124495,30.986383906969543,31.03525832953574,11196800.0,72168610.0,0.015123447224794152,6.52,6.59,6.34,6.35,2026-07-23,6.54,4.887442256619802
002384,东山精密,2026-07-24,1604.5326606443668,1658.6859401357542,1587.3680050912928,1605.0967573057353,72822591.0,14607684920.0,0.05252935865594887,199.11,205.83,196.98,199.18,2026-07-23,206.65,8.05852373383741
002385,大北农,2026-07-24,32.320520459676864,32.641585232455114,31.357326141342128,31.357326141342128,58006500.0,172442449.0,0.01674747182878925,3.02,3.05,2.93,2.93,2026-07-23,3.03,10.702159092608234
002386,天原股份,2026-07-24,14.347334720767968,14.448194718805002,13.994324727638352,13.994324727638352,14546371.0,81803871.0,0.011177439901609933,5.69,5.73,5.55,5.55,2026-07-23,5.73,2.521499950925829
002387,维信诺,2026-07-24,22.63139811053716,22.66760834751402,22.160665029837986,22.233085503791706,10939300.0,67564924.0,0.007841812672049421,6.25,6.26,6.12,6.14,2026-07-23,6.33,3.6210236976859456
002388,新亚制程,2026-07-24,16.308442008879013,17.556742508324074,15.78496115427302,17.556742508324074,53465400.0,224558966.0,0.10563603079056345,4.05,4.36,3.92,4.36,2026-07-23,3.96,4.026775804661485
002389,航天彩虹,2026-07-24,114.86501074899736,120.68915213908735,114.21788392787624,116.61225316602436,37246540.0,681776648.0,0.03782291677185291,17.75,18.65,17.65,18.02,2026-07-23,17.89,6.471268211211119
002390,信邦制药,2026-07-24,33.08468046156459,33.536348454213936,32.29426147442823,32.407178472590566,16353900.0,47581928.0,0.008483234382141491,2.93,2.97,2.86,2.87,2026-07-23,2.96,11.291699816233647
002391,长青股份,2026-07-24,32.85658683646731,33.309335080276895,32.40383859265771,32.53319523374617,5433200.0,27499873.0,0.011707002312275167,5.08,5.15,5.01,5.03,2026-07-23,5.14,6.467832054422698
002392,北京利尔,2026-07-24,61.09314196271613,61.44989023695097,59.8445230028942,60.11208420857033,10253600.0,69535976.0,0.00885804533215623,6.85,6.89,6.71,6.74,2026-07-23,6.94,8.918706855870969
002393,力生制药,2026-07-24,31.169130617247532,31.502609190185275,30.61333299568463,30.635564900547145,2557727.0,35480482.0,0.008519595210214687,14.02,14.17,13.77,13.78,2026-07-23,14.21,2.223190486251607
002394,联发股份,2026-07-24,45.85141597899475,46.860371342835705,45.01061984246061,45.06667291822956,6318500.0,51539572.0,0.019554575580973916,8.18,8.36,8.03,8.04,2026-07-23,8.18,5.605307576894224
002395,双象股份,2026-07-24,38.47986594305829,38.88527278354705,38.20959471606579,38.243378619439845,2852350.0,32482435.0,0.010635725187433146,11.39,11.51,11.31,11.32,2026-07-23,11.53,3.378390337406347
002396,星网锐捷,2026-07-24,133.5542075987801,141.3603741846567,131.49143819007693,133.1497430088383,125624035.0,4215453743.0,0.16585889825123187,33.02,34.95,32.51,32.92,2026-07-23,33.93,4.044645899417931
002397,梦洁股份,2026-07-24,43.67037110645212,43.67037110645212,41.81768869587537,42.34702652746873,15626800.0,50298433.0,0.024121086483455262,3.3,3.3,3.16,3.2,2026-07-23,3.3,13.233445789833977
002398,垒知集团,2026-07-24,25.46464336237063,25.600454793636608,24.717680490407762,24.853491921673736,10401396.0,38395648.0,0.01734315944229024,3.75,3.77,3.64,3.66,2026-07-23,3.77,6.790571563298835
002399,海普瑞,2026-07-24,37.314644248820876,37.62559961756105,36.30403930041531,36.30403930041531,3696360.0,35000798.0,0.0029637226986983013,9.6,9.68,9.34,9.34,2026-07-23,9.65,3.8869421092521748
002400,省广集团,2026-07-24,114.49285359896193,115.2586920845737,111.04658041370888,111.04658041370888,57762234.0,340033300.0,0.03346276096594166,5.98,6.02,5.8,5.8,2026-07-23,6.07,19.145962140294635
002401,中远海科,2026-07-24,85.7843887837475,86.38638449451065,84.12890057914886,84.20415004299426,3567632.0,40204569.0,0.009607207527635756,11.4,11.48,11.18,11.19,2026-07-23,11.48,7.524946384539255
002402,和而泰,2026-07-24,254.85062972032915,257.79910280059454,250.74840630430776,250.87660078605845,21101704.0,418581434.0,0.02578161998619705,19.88,20.11,19.56,19.57,2026-07-23,20.21,12.81944817506686
002403,爱仕达,2026-07-24,12.151914560111468,12.364307573646501,11.727128533041405,11.939521546576437,4902690.0,38729026.0,0.01649840493780866,8.01,8.15,7.73,7.87,2026-07-23,8.18,1.5170929538216564
002404,嘉欣丝绸,2026-07-24,35.686009370995244,35.81391621461888,34.982521731065226,35.23833541831251,6541814.0,36085110.0,0.014329802321021271,5.58,5.6,5.47,5.51,2026-07-23,5.63,6.3953421811819435
002405,四维图新,2026-07-24,25.151470709244833,25.314263399919557,24.744488982558025,24.785187155226705,26604651.0,163417253.0,0.011293457010522446,6.18,6.22,6.08,6.09,2026-07-23,6.24,4.069817266868096
002406,远东传动,2026-07-24,27.015966856676933,27.059400886993135,26.40789043225012,26.49475849288252,11858400.0,72877531.0,0.019691374992768754,6.22,6.23,6.08,6.1,2026-07-23,6.28,4.343403031620086
002407,多氟多,2026-07-24,255.3003635457397,277.129653147513,255.21509288323278,260.24606197114144,180993411.0,5646725146.0,0.16777798460334373,29.94,32.5,29.93,30.52,2026-07-23,30.48,8.527066250692709
002408,齐翔腾达,2026-07-24,46.98068320691093,47.544451405393865,45.101455878634496,45.101455878634496,34039280.0,167266077.0,0.012373019744267681,5.0,5.06,4.8,4.8,2026-07-23,4.98,9.396136641382187
002409,雅克科技,2026-07-24,458.16131642024374,496.4717336635747,453.4702449210603,481.4603048661878,41718917.0,6387842148.0,0.13097625646183442,146.5,158.75,145.0,153.95,2026-07-23,149.07,3.1273809994555886
002410,广联达,2026-07-24,163.9555293049142,165.27471172460892,160.37489130859998,160.37489130859998,23157221.0,199567566.0,0.01474870984571979,8.7,8.77,8.51,8.51,2026-07-23,8.79,18.845463138495887
002412,汉森制药,2026-07-24,56.76595573499079,56.76595573499079,48.866259924579516,49.56534804939467,115247663.0,886773762.0,0.23149306109331216,8.12,8.12,6.99,7.09,2026-07-23,7.38,6.990881248151576
002413,雷科防务,2026-07-24,39.19495831001853,40.05140341447908,38.237754957974374,38.28813408176617,56174000.0,437238198.0,0.0433631909470169,7.78,7.95,7.59,7.6,2026-07-23,7.77,5.037912379179759
002414,高德红外,2026-07-24,199.44210049317581,220.70017782183407,196.4895897530844,211.99027113856437,200926574.0,2895394931.0,0.05912017862562805,13.51,14.95,13.31,14.36,2026-07-23,13.76,14.76255370045713
002415,海康威视,2026-07-24,850.1811976254088,859.3074364699754,834.8106900977177,852.3426752464904,78148919.0,2760348475.0,0.00863867396713935,35.4,35.78,34.76,35.49,2026-07-23,35.77,24.016418012017198
002416,爱施德,2026-07-24,33.85126341356848,34.30666157608285,33.43381509793031,33.585614485435094,14311650.0,127242032.0,0.011693438738001202,8.92,9.04,8.81,8.85,2026-07-23,9.0,3.794984687619785
002418,康盛股份,2026-07-24,16.448113207547166,16.647484276729557,16.099213836477986,16.24874213836478,33011502.0,108344424.0,0.029049267902086878,3.3,3.34,3.23,3.26,2026-07-23,3.33,4.984276729559748
002419,天虹股份,2026-07-24,19.882762598775216,20.065173264819023,19.47233860017664,19.517941266687597,7610534.0,32830078.0,0.006668655165085797,4.36,4.4,4.27,4.28,2026-07-23,4.4,4.560266651095232
002420,毅昌科技,2026-07-24,5.147914730063147,5.220566752463232,5.033747266291584,5.0960204283488,6526500.0,32128699.0,0.016126477642719884,4.96,5.03,4.85,4.91,2026-07-23,5.02,1.0378860342869247
002421,达实智能,2026-07-24,50.283376046097025,50.65175242738711,48.80987052093667,49.17824690222676,92291300.0,248960180.0,0.04606786013385299,2.73,2.75,2.65,2.67,2026-07-23,2.77,18.418819064504405
002422,科伦药业,2026-07-24,357.73047638470314,358.08326778153224,326.1203672288161,329.15437324154635,54237490.0,2623635854.0,0.04176564774066062,50.7,50.75,46.22,46.65,2026-07-23,51.35,7.055827936581916
002423,中粮资本,2026-07-24,10.037150492555515,10.091998309454725,9.708063591160252,9.708063591160252,16735821.0,150656785.0,0.007263478367305283,9.15,9.2,8.85,8.85,2026-07-23,9.17,1.0969563379842093
002425,凯撒文化,2026-07-24,11.469971371183888,11.561002890002808,11.15136105531767,11.19687681472713,17685200.0,43946152.0,0.01921915947414466,2.52,2.54,2.45,2.46,2026-07-23,2.55,4.5515759409459875
002426,胜利精密,2026-07-24,13.185659114554289,13.239698701089347,12.80738200880888,12.915461181878996,65439800.0,157511540.0,0.019232293568541704,2.44,2.45,2.37,2.39,2026-07-23,2.47,5.403958653505856
002427,尤夫股份,2026-07-24,8.311086745713403,8.372955877815487,8.001741085202978,8.022364129237006,11744092.0,46387363.0,0.011928773437360035,4.03,4.06,3.88,3.89,2026-07-23,4.06,2.0623044034028295
002428,云南锗业,2026-07-24,417.8402804982474,426.7193864588352,403.99932120674293,407.8121137662895,78996428.0,6250070130.0,0.12096802222696502,80.0,81.7,77.35,78.08,2026-07-23,76.58,5.223003506228093
002429,兆驰股份,2026-07-24,75.55326105071582,76.71561891303452,74.10031372281745,74.29404003320388,54301402.0,421662272.0,0.01200207992752579,7.8,7.92,7.65,7.67,2026-07-23,7.91,9.686315519322541
002430,杭氧股份,2026-07-24,57.10720667905302,58.572130676472206,56.9085729166911,57.504474203776866,13634901.0,318257953.0,0.013942504351243322,23.0,23.59,22.92,23.16,2026-07-23,23.28,2.4829220295240444
002432,九安医疗,2026-07-24,230.56584609268646,237.78355953558795,225.586960430685,225.820867810779,53737314.0,3700979028.0,0.11549647741778404,69.0,71.16,67.51,67.58,2026-07-23,73.48,3.341534001343282
002434,万里扬,2026-07-24,41.30653042069692,41.856237099299356,40.7568237420945,40.91388279312376,12132001.0,63670469.0,0.009251744977943222,5.26,5.33,5.19,5.21,2026-07-23,5.35,7.852952551463294
002436,兴森科技,2026-07-24,434.4054679329817,448.8856501974144,420.5548588104808,425.5914439459357,108963960.0,3747341724.0,0.07178455466382307,34.5,35.65,33.4,33.8,2026-07-23,34.69,12.59146283863715
002437,誉衡药业,2026-07-24,45.08866053840139,46.04123787371974,43.65979453542389,43.81855742464361,57291307.0,160770539.0,0.027279576195201327,2.84,2.9,2.75,2.76,2026-07-23,2.87,15.876288921972323
002438,江苏神通,2026-07-24,54.09644716206661,54.09644716206661,52.35421053848958,52.397766454079004,4000600.0,48672901.0,0.008532234919380882,12.42,12.42,12.02,12.03,2026-07-23,12.44,4.355591558942561
002439,启明星辰,2026-07-24,111.24388210462286,112.44349262336429,105.5657256492467,106.60538809882262,39625635.0,537531221.0,0.05438605332755505,13.91,14.06,13.2,13.33,2026-07-23,14.08,7.997403458276265
002440,闰土股份,2026-07-24,74.02701159723676,74.25726668774139,68.213070561995,68.213070561995,65007813.0,804546987.0,0.06869251901192028,12.86,12.9,11.85,11.85,2026-07-23,13.17,5.756377262615612
002441,众业达,2026-07-24,45.08837070414493,45.2051799546738,43.97868282412064,44.037087449385076,4609670.0,35084608.0,0.011565982295970641,7.72,7.74,7.53,7.54,2026-07-23,7.74,5.840462526443644
002442,龙星科技,2026-07-24,12.830696458996867,12.885528495146428,12.282376097501277,12.392040169800394,13099500.0,59855343.0,0.026651501614002284,4.68,4.7,4.48,4.52,2026-07-23,4.57,2.7416018074779633
002443,金洲管道,2026-07-24,34.70174415695155,35.50255363749659,34.47929707902237,34.746233572537385,9599700.0,75300370.0,0.01844196914746567,7.8,7.98,7.75,7.81,2026-07-23,7.9,4.448941558583532
002444,巨星科技,2026-07-24,136.21934335698884,136.21934335698884,127.78342463132759,128.84367671160197,17084802.0,482110750.0,0.014898726362406167,29.55,29.55,27.72,27.95,2026-07-23,29.49,4.609791653366797
002445,中南文化,2026-07-24,20.024946815177486,20.237225403324242,19.671149168266222,19.741908697648476,45789228.0,128578077.0,0.019350510256266003,2.83,2.86,2.78,2.79,2026-07-23,2.86,7.07595293822526
002446,盛路通信,2026-07-24,38.492253106021316,38.75059037518925,37.30390166784885,37.355569121682436,22734115.0,166714952.0,0.026816140402986206,7.45,7.5,7.22,7.23,2026-07-23,7.52,5.166745383358566
002448,中原内配,2026-07-24,70.09486603162601,70.09486603162601,67.58475444589186,68.0867767630387,13083250.0,143067368.0,0.022537529221657467,11.17,11.17,10.77,10.85,2026-07-23,11.18,6.275278964335364
002449,国星光电,2026-07-24,19.209790546222443,19.403177699372332,18.984172200880902,19.01640339307255,6475290.0,38521354.0,0.010469731664419774,5.96,6.02,5.89,5.9,2026-07-23,6.05,3.2231192191648392
002451,摩恩电气,2026-07-24,22.343176511599324,22.374690159711594,20.988089642771723,20.988089642771723,33900472.0,230870164.0,0.07719583102773774,7.09,7.1,6.66,6.66,2026-07-23,6.82,3.151364811226985
002452,长高电气,2026-07-24,64.29095176473149,64.58318336366209,62.36222321178955,62.42066953157566,18292300.0,197221481.0,0.03550204880648153,11.0,11.05,10.67,10.68,2026-07-23,11.21,5.844631978611954
002453,华软科技,2026-07-24,16.437155439338447,16.52123296076729,15.890651550050977,16.395116678624024,12548800.0,48433523.0,0.02082268747688699,3.91,3.93,3.78,3.9,2026-07-23,3.95,4.203876071442058
002454,松芝股份,2026-07-24,20.48822624364444,20.620979329456393,20.00146492900062,20.22272007202054,7214564.0,33074779.0,0.00822309407256302,4.63,4.66,4.52,4.57,2026-07-23,4.67,4.4251028603983675
002455,百川股份,2026-07-24,40.310055495693376,41.22028255527354,38.944714906323114,38.944714906323114,32175955.0,197508751.0,0.04869154360797273,6.2,6.34,5.99,5.99,2026-07-23,6.26,6.501621854144092
002456,欧菲光,2026-07-24,144.055876672224,145.55422902988457,141.91537330413746,142.77157465137208,68789744.0,462045365.0,0.020734697598099334,6.73,6.8,6.63,6.67,2026-07-23,6.84,21.40503368086538
002457,青龙管业,2026-07-24,29.557750438989665,29.557750438989665,28.63033114383918,28.660247895295644,19584100.0,190336807.0,0.05876340352138558,9.88,9.88,9.57,9.58,2026-07-23,10.03,2.991675145646727
002458,益生股份,2026-07-24,102.99856489701706,104.26588504675667,95.97069861209756,96.08590953480116,84370254.0,721196041.0,0.08730495994075144,8.94,9.05,8.33,8.34,2026-07-23,9.25,11.521092270359851
002459,晶澳科技,2026-07-24,19.616242941582765,19.748606254279004,18.58380910255209,18.58380910255209,44975811.0,324075940.0,0.013601110778499006,7.41,7.46,7.02,7.02,2026-07-23,7.46,2.6472662539247995
002460,赣锋锂业,2026-07-24,710.8313211693539,726.4696102350797,696.6146947459669,697.0411935386685,51251138.0,2555385406.0,0.04231371759012724,50.0,51.1,49.0,49.03,2026-07-23,51.19,14.216626423387078
002461,珠江啤酒,2026-07-24,18.96074413268034,19.141322648229675,18.87045487490567,18.915599503793008,7498850.0,63134125.0,0.0033880420677548954,8.4,8.48,8.36,8.38,2026-07-23,8.42,2.257231444366707
002462,嘉事堂,2026-07-24,21.394042722535,21.638868915662606,20.998554256713494,21.03621982488697,2516700.0,28347050.0,0.008634495427132865,11.36,11.49,11.15,11.17,2026-07-23,11.48,1.8832784086738559
002463,沪电股份,2026-07-24,391.67162373791086,407.3734593681182,384.7124582804248,392.4409787131104,42070923.0,4782409293.0,0.021879911362205875,112.0,116.49,110.01,112.22,2026-07-23,115.74,3.49706806908849
002465,海格通信,2026-07-24,71.65942141007297,72.2449938015751,69.46352494194,69.46352494194,48229757.0,465351775.0,0.019464065503558822,9.79,9.87,9.49,9.49,2026-07-23,9.9,7.319654893776606
002466,天齐锂业,2026-07-24,378.14379314135573,385.62097545408193,368.65029200272585,368.65029200272585,54985027.0,2460788743.0,0.03725969570617438,45.01,45.9,43.88,43.88,2026-07-23,46.38,8.401328441265402
002467,二六三,2026-07-24,51.969037834856046,52.439345869560626,50.44053672206616,50.558113730742306,43288220.0,188997607.0,0.03167101573295877,4.42,4.46,4.29,4.3,2026-07-23,4.5,11.75770086761449
002468,申通快递,2026-07-24,31.079536831481388,31.333341512362082,30.410415400068647,30.433488552875982,18371053.0,244989973.0,0.012547623261582817,13.47,13.58,13.18,13.19,2026-07-23,13.63,2.307315280733585
002469,三维化学,2026-07-24,59.95498280880301,59.95498280880301,57.07458327884272,57.181264742915324,8203700.0,44732037.0,0.013042761211802742,5.62,5.62,5.35,5.36,2026-07-23,5.63,10.668146407260322
002470,金正大,2026-07-24,7.93801003577973,8.105126036532988,7.6037780342732155,7.64555703446153,101133400.0,188907284.0,0.0307795277997687,1.9,1.94,1.82,1.83,2026-07-23,1.92,4.177900018831437
002471,中超控股,2026-07-24,35.92453713050254,36.49476787860576,35.21174869537353,35.21174869537353,50412800.0,253654240.0,0.03752317691338547,5.04,5.12,4.94,4.94,2026-07-23,5.09,7.127884351290187
002472,双环传动,2026-07-24,190.56456145800186,194.2695360256553,188.3630548308454,189.8665227713425,19575319.0,698292661.0,0.026149399113432392,35.49,36.18,35.08,35.36,2026-07-23,36.67,5.369528358918057
002474,榕基软件,2026-07-24,36.49076400909861,36.806975135693925,35.415646178674564,35.415646178674564,13243100.0,75263102.0,0.025042160966773433,5.77,5.82,5.6,5.6,2026-07-23,5.79,6.324222531906172
002475,立讯精密,2026-07-24,2121.460309308808,2209.500912145124,2107.317240580083,2142.321335683678,75736872.0,4614732731.0,0.010339398618492892,60.0,62.49,59.6,60.59,2026-07-23,61.19,35.35767182181347
002476,宝莫股份,2026-07-24,22.699983668190104,22.860596760182013,22.111068997553097,22.111068997553097,8128801.0,33967338.0,0.0132823545751634,4.24,4.27,4.13,4.13,2026-07-23,4.28,5.353769733063704
002478,常宝股份,2026-07-24,17.6472879417724,17.704958817399106,17.070579185505327,17.18592093675874,20781210.0,124548550.0,0.028754008145223494,6.12,6.14,5.92,5.96,2026-07-23,6.1,2.8835437813353595
002479,富春环保,2026-07-24,24.219544248828065,24.450646770286347,23.711118701619842,23.711118701619842,22789772.0,118761972.0,0.026405386472801592,5.24,5.29,5.13,5.13,2026-07-23,5.29,4.622050429165661
002480,新筑股份,2026-07-24,21.31591583284423,21.88434025505341,21.15350885507018,21.234712343957206,8592200.0,45324962.0,0.011193155561370512,5.25,5.39,5.21,5.23,2026-07-23,5.27,4.060174444351282
002481,双塔食品,2026-07-24,78.10566681467856,78.10566681467856,74.68498067680943,75.06505691435044,12829758.0,51233367.0,0.011474067135380269,4.11,4.11,3.93,3.95,2026-07-23,4.11,19.003811877050744
002482,广田集团,2026-07-24,10.34560021718343,10.430400218963623,10.091200211842853,10.176000213623047,46398100.0,55996145.0,0.012393615548835111,1.22,1.23,1.19,1.2,2026-07-23,1.23,8.480000178019205
002483,润邦股份,2026-07-24,17.406549879935717,17.68730068445081,17.055611374291853,17.16089292598501,10700105.0,52638359.0,0.012087088779910833,4.96,5.04,4.86,4.89,2026-07-23,5.03,3.509385056438653
002484,江海股份,2026-07-24,321.3780933875912,347.098527169007,319.6973521701918,323.8737394376692,38347505.0,2494393952.0,0.04673833185573921,63.1,68.15,62.77,63.59,2026-07-23,66.42,5.093155204240748
002486,嘉麟杰,2026-07-24,9.164898128898777,9.206938946003817,8.828571592058454,8.912653226268535,18315800.0,38977344.0,0.022324416957771338,2.18,2.19,2.1,2.12,2026-07-23,2.18,4.204081710504026
002487,大金重工,2026-07-24,193.61154425404854,199.22908780919354,184.7493850248112,184.9430934232645,44103361.0,1748222181.0,0.06990322450666056,39.98,41.14,38.15,38.19,2026-07-23,39.55,4.84270996133188
002488,金固股份,2026-07-24,56.88789111253429,56.88789111253429,52.167935081363325,52.167935081363325,29237000.0,254077311.0,0.031776446532899655,9.16,9.16,8.4,8.4,2026-07-23,9.27,6.2104684620670625
002489,浙江永强,2026-07-24,34.03287026778924,34.16081338909672,32.88138217602193,33.00932529732941,17965502.0,46771452.0,0.009391166049869257,2.66,2.67,2.57,2.58,2026-07-23,2.68,12.794312130747834
002490,山东墨龙,2026-07-24,16.00568889803017,16.68062758650132,15.215046434392534,15.272898321975775,94142816.0,776414471.0,0.17378436910444842,8.3,8.65,7.89,7.92,2026-07-23,8.23,1.9283962527747192
002491,通鼎互联,2026-07-24,70.92792700736301,72.90792496972736,68.77192922612183,69.12392886387549,95560809.0,1531604777.0,0.08122680621270768,16.12,16.57,15.63,15.71,2026-07-23,16.57,4.399995471920782
002492,恒基达鑫,2026-07-24,17.747641327537103,17.747641327537103,16.882746526000204,17.055725486307583,7785600.0,38760862.0,0.019569935731477434,5.13,5.13,4.88,4.93,2026-07-23,5.11,3.459579206147583
002493,荣盛石化,2026-07-24,181.60887626303787,184.43721122123273,171.33755457275132,172.528432449886,62338760.0,740239375.0,0.006675766869562535,12.2,12.39,11.51,11.59,2026-07-23,12.27,14.885973464183433
002494,华斯股份,2026-07-24,11.7659130302828,11.961545788506031,11.57028027205957,11.737965493393768,11358200.0,47630225.0,0.03960729034420207,4.21,4.28,4.14,4.2,2026-07-23,4.24,2.794753688903278
002495,佳隆股份,2026-07-24,20.74889505129813,20.847231046801916,20.060543082771655,20.158879078275433,18396900.0,38028287.0,0.026511626030876,2.11,2.12,2.04,2.05,2026-07-23,2.12,9.833599550378262
002497,雅化集团,2026-07-24,120.63841353160755,121.53458460355664,116.70904806229234,116.70904806229234,38857741.0,669877256.0,0.03667251339097617,17.5,17.63,16.93,16.93,2026-07-23,17.84,6.893623630377575
002498,汉缆股份,2026-07-24,54.68688151109608,54.68688151109608,52.58353991451546,54.68688151109608,74888648.0,484764947.0,0.022510742468128495,6.5,6.5,6.25,6.5,2026-07-23,5.91,8.413366386322474
002500,山西证券,2026-07-24,6.9570849595588315,6.97004042503287,6.814574839344404,6.827530304818443,16803500.0,89284042.0,0.004680938544415958,5.37,5.38,5.26,5.27,2026-07-23,5.38,1.2955465474038792
002506,协鑫集成,2026-07-24,24.343656579301765,24.635780458253386,23.077786437178077,23.17516106349528,224424800.0,546857711.0,0.03839972687930587,2.5,2.53,2.37,2.38,2026-07-23,2.51,9.737462631720707
002507,涪陵榨菜,2026-07-24,94.39279173499554,94.72082923885304,92.9166229676368,93.16265109552991,7415411.0,84600053.0,0.006427400963492273,11.51,11.55,11.33,11.36,2026-07-23,11.53,8.200937596437493
002508,老板电器,2026-07-24,126.43470957170028,127.49649976836184,123.65771982658542,124.47448151632508,7408783.0,113304156.0,0.007936124276306484,15.48,15.61,15.14,15.24,2026-07-23,15.65,8.167616897396659
002510,天汽模,2026-07-24,23.65110726283018,24.1766874242264,23.388317182132063,23.388317182132063,18848500.0,102112446.0,0.01875758300806937,5.4,5.52,5.34,5.34,2026-07-23,5.43,4.379834678301885
002511,中顺洁柔,2026-07-24,60.39473151776535,60.56343188513341,58.70772784408476,58.70772784408476,11233400.0,79048566.0,0.0088784090772341,7.16,7.18,6.96,6.96,2026-07-23,7.17,8.435018368402982
002513,蓝丰生化,2026-07-24,13.719115740814983,13.839989007253882,13.17518604183994,13.326277624888563,7538000.0,33490272.0,0.02607931789623616,4.54,4.58,4.36,4.41,2026-07-23,4.56,3.021831660972463
002515,金字火腿,2026-07-24,82.42750299162833,84.68579074482363,79.24537024848951,80.16921523843304,82387617.0,656843321.0,0.07477215360969032,8.03,8.25,7.72,7.81,2026-07-23,8.04,10.264944332705895
002516,旷达科技,2026-07-24,50.52306906621618,50.72197878694931,49.42906560218394,49.627975322917074,12357300.0,62061402.0,0.008461014140100401,5.08,5.1,4.97,4.99,2026-07-23,5.13,9.945486036656728
002517,恺英网络,2026-07-24,102.53667425534537,105.0375687493782,100.50892196288633,100.57651370596831,56770090.0,855553396.0,0.030051606848639285,15.17,15.54,14.87,14.88,2026-07-23,15.55,6.759174308196795
002518,科士达,2026-07-24,203.83769964361784,203.83769964361784,195.3774308318941,196.35127472389104,9096443.0,296633649.0,0.01609556052109614,33.49,33.49,32.1,32.26,2026-07-23,33.82,6.086524324981124
002519,银河电子,2026-07-24,60.897182909581076,62.23158333190258,60.169328133769355,60.41194639237327,43955700.0,221872467.0,0.03933028288681569,5.02,5.13,4.96,4.98,2026-07-23,5.02,12.130912930195434
002520,日发精机,2026-07-24,48.26466202071087,48.81416481411556,47.531991629504645,47.98991062400854,25038709.0,131764209.0,0.03490006555543152,5.27,5.33,5.19,5.24,2026-07-23,5.36,9.158379890077965
002521,齐峰新材,2026-07-24,26.282830256687955,26.780901384001282,26.014638111211546,26.39776974760641,6419076.0,44152130.0,0.015313646072024721,6.86,6.99,6.79,6.89,2026-07-23,6.93,3.831316363948681
002522,浙江众成,2026-07-24,40.684794677667945,41.14607352888867,39.94674851571479,40.03900428595893,21513531.0,94279962.0,0.023771335303453597,4.41,4.46,4.33,4.34,2026-07-23,4.47,9.2255770244145
002523,天桥起重,2026-07-24,25.58854252427289,25.745047371516147,24.727765864434964,24.727765864434964,30497600.0,97769415.0,0.02160586453906049,3.27,3.29,3.16,3.16,2026-07-23,3.34,7.825242362162963
002524,光正眼科,2026-07-24,16.0528446136821,16.329617796676622,15.683813703022743,15.914458022184844,11494604.0,39812774.0,0.022505405957335085,3.48,3.54,3.4,3.45,2026-07-23,3.5,4.6128863832419835
002526,山东矿机,2026-07-24,15.664347459413872,15.786725173940543,15.297214315833859,15.297214315833859,19831145.0,50214989.0,0.011197176472508761,2.56,2.58,2.5,2.5,2026-07-23,2.58,6.118885726333543
002527,新时达,2026-07-24,28.514222689609678,28.800222917188513,28.171022416515076,28.542822712367563,5850814.0,58317363.0,0.01106246879766085,9.97,10.07,9.85,9.98,2026-07-23,10.05,2.8600022757883328
002530,金财互联,2026-07-24,23.000149079601144,23.239023031466438,22.317652074271734,22.317652074271734,12778664.0,84995390.0,0.01838330462375185,6.74,6.81,6.54,6.54,2026-07-23,6.81,3.412485026647054
002531,天顺风能,2026-07-24,52.27591352243048,54.19047723423923,50.44459171113514,50.61107551216199,42038450.0,262424273.0,0.023527421018925677,6.28,6.51,6.06,6.08,2026-07-23,6.33,8.324190051342432
002532,天山铝业,2026-07-24,108.58275648351233,109.77038038255073,105.18954534340257,106.03784812843,118137919.0,1496557217.0,0.02876601400968226,12.8,12.94,12.4,12.5,2026-07-23,13.22,8.4830278502744
002533,金杯电工,2026-07-24,66.34120025394954,66.70604645149648,63.604853772347596,63.90889227030336,12457443.0,133267982.0,0.019536630163553607,10.91,10.97,10.46,10.51,2026-07-23,11.0,6.0807699591154485
002534,西子洁能,2026-07-24,32.434200920255705,32.53500651752146,30.79610996468724,31.19933235375025,10726707.0,134404713.0,0.012996354680398484,12.87,12.91,12.22,12.38,2026-07-23,13.0,2.5201399316438002
002535,林州重机,2026-07-24,7.692253207490284,7.728031129385588,7.477585676118462,7.5133635980137665,12814180.0,27161375.0,0.01717031432904777,2.15,2.16,2.09,2.1,2026-07-23,2.17,3.577792189530365
002536,飞龙股份,2026-07-24,278.57502311952106,292.64446873161813,267.3194666298435,271.2026336187822,42293087.0,2085384786.0,0.07768736863717618,49.5,52.0,47.5,48.19,2026-07-23,50.1,5.62777824483881
002537,海联金汇,2026-07-24,39.055807499097,39.408934149179245,37.43142490871864,37.43142490871864,30034200.0,162476049.0,0.025654518459528434,5.53,5.58,5.3,5.3,2026-07-23,5.6,7.0625330016450265
002539,云图控股,2026-07-24,73.14403844950152,73.92354862835944,70.22087527878432,70.22087527878432,38161168.0,417674936.0,0.042887661731674014,11.26,11.38,10.81,10.81,2026-07-23,11.4,6.495918157149336
002540,亚太科技,2026-07-24,50.068589134440955,50.173996690513455,47.74962290084579,47.74962290084579,12088203.0,55645793.0,0.014085509056022724,4.75,4.76,4.53,4.53,2026-07-23,4.74,10.540755607250727
002541,鸿路钢构,2026-07-24,96.52008156244,97.95354812029802,93.8920595397003,94.56101060003404,8229513.0,164392653.0,0.016585738755258223,20.2,20.5,19.65,19.79,2026-07-23,20.33,4.778221859526733
002543,万和电气,2026-07-24,38.460911315125614,38.70129201084515,37.619578880107234,37.619578880107234,3429704.0,21685839.0,0.005183812224629568,6.4,6.44,6.26,6.26,2026-07-23,6.4,6.009517392988377
002544,普天科技,2026-07-24,99.40336588827682,100.24576729410968,96.29296069750937,96.29296069750937,8545938.0,129102433.0,0.012558905825151992,15.34,15.47,14.86,14.86,2026-07-23,15.49,6.480010814098881
002545,东方铁塔,2026-07-24,106.07680299184707,107.34685320986503,102.48753063657894,102.48753063657894,30812815.0,581866462.0,0.02726402801814266,19.21,19.44,18.56,18.56,2026-07-23,19.6,5.5219574696432625
002546,新联电子,2026-07-24,96.64352096082781,101.11122630938188,95.5853802203808,95.82052260714678,78739107.0,655875411.0,0.0982725322576194,8.22,8.6,8.13,8.15,2026-07-23,8.22,11.75711933830022
002548,金新农,2026-07-24,19.33639068603516,19.4828784942627,18.359805297851565,18.359805297851565,30824814.0,118204413.0,0.03831685063614411,3.96,3.99,3.76,3.76,2026-07-23,4.0,4.88292694091797
002549,凯美特气,2026-07-24,110.93868886667678,114.18901282730415,110.42547982026193,112.05064180057562,28415694.0,374691125.0,0.04104181849590093,12.97,13.35,12.91,13.1,2026-07-23,13.19,8.55348410691417
002550,千红制药,2026-07-24,74.23755361591269,74.9013767480967,71.47162389847928,71.69289827587396,17993100.0,118838086.0,0.01911637473869847,6.71,6.77,6.46,6.48,2026-07-23,6.76,11.063718869733634
002551,尚荣医疗,2026-07-24,23.72416160293485,24.14184050439497,23.13941114089068,23.306482701474728,10527700.0,29584191.0,0.01722513800877532,2.84,2.89,2.77,2.79,2026-07-23,2.86,8.353578029202412
002552,宝鼎科技,2026-07-24,134.230382599057,138.5503614417146,128.70080968045528,129.73760460269307,15505600.0,595590599.0,0.042077236385263304,38.84,40.09,37.24,37.54,2026-07-23,39.9,3.455983074126081
002553,南方精工,2026-07-24,71.58786423933049,72.97985048842858,69.549598660294,69.64902624951529,4951300.0,70621816.0,0.019325190181466983,14.4,14.68,13.99,14.01,2026-07-23,14.4,4.971379461064617
002554,惠博普,2026-07-24,20.64723676199907,20.860094872947514,19.58294620725685,19.58294620725685,29406472.0,82976170.0,0.02205257872519003,2.91,2.94,2.76,2.76,2026-07-23,2.9,7.095270364948134
002555,三七互娱,2026-07-24,284.04514367317864,287.3261931875553,283.576422313982,283.73266276704754,22813030.0,416346141.0,0.014371690443135583,18.18,18.39,18.15,18.16,2026-07-23,18.48,15.624045306555482
002556,辉隆股份,2026-07-24,30.14081096833634,30.26692314812017,29.19496961995758,29.321081799741417,10525001.0,49515226.0,0.011268243006672373,4.78,4.8,4.63,4.65,2026-07-23,4.79,6.305608989191702
002557,洽洽食品,2026-07-24,71.72584898463126,72.2921056871415,70.51783468594273,70.55558513277676,5474846.0,103317954.0,0.01085699807723204,19.0,19.15,18.68,18.69,2026-07-23,19.11,3.7750446834016453
002558,巨人网络,2026-07-24,119.13665113130878,123.0268274947801,115.14922035875068,117.58058058592026,110968710.0,2698306798.0,0.058387621961009765,24.5,25.3,23.68,24.18,2026-07-23,25.26,4.862720454339134
002559,亚威股份,2026-07-24,70.82966209917616,72.19331357786925,69.70665499907597,70.18794375626176,22446400.0,198116162.0,0.04453606531517626,8.83,9.0,8.69,8.75,2026-07-23,9.0,8.021479286429916
002560,通达股份,2026-07-24,37.62157898389759,38.42864255945976,36.2557790867924,36.37994271380197,90716521.0,546843847.0,0.1432332770314864,6.06,6.19,5.84,5.86,2026-07-23,5.96,6.208181350478151
002561,徐家汇,2026-07-24,9.429439787514594,9.459045563927512,9.133382023385408,9.148184911591867,4326100.0,27016009.0,0.010438433838050988,6.37,6.39,6.17,6.18,2026-07-23,6.36,1.4802888206459333
002562,兄弟科技,2026-07-24,31.06516083930521,31.20798916500317,29.77970590802362,29.77970590802362,20434600.0,86624814.0,0.02511876497641182,4.35,4.37,4.17,4.17,2026-07-23,4.37,7.14141628489775
002563,森马服饰,2026-07-24,41.85397288234005,42.0806189448798,41.325132069747305,41.778424194826805,18425744.0,101705842.0,0.008348422904322025,5.54,5.57,5.47,5.53,2026-07-23,5.46,7.554868751324919
002564,天沃科技,2026-07-24,13.813064160494642,14.043281896502885,13.352628688478154,13.385516936479332,12674500.0,52547617.0,0.014756588583947967,4.2,4.27,4.06,4.07,2026-07-23,4.2,3.288824800117772
002565,顺灏股份,2026-07-24,78.48667582051812,79.68103827865643,73.11204475889569,73.28266796720115,38256340.0,338035047.0,0.03609241316103508,9.2,9.34,8.57,8.59,2026-07-23,9.06,8.531160415273709
002566,益盛药业,2026-07-24,22.549952905786693,23.15577253609141,20.5305541381043,20.698837368744503,31454902.0,201050674.0,0.1357040359399076,6.7,6.88,6.1,6.15,2026-07-23,6.4,3.3656646128039838
002567,唐人神,2026-07-24,19.045520756170383,19.202921754155263,18.25851576624599,18.25851576624599,18568200.0,65729594.0,0.012969641340774312,3.63,3.66,3.48,3.48,2026-07-23,3.64,5.246699932829307
002568,百润股份,2026-07-24,163.02304553312337,164.81647837727212,157.37373207405474,157.91176192729935,12624807.0,225837172.0,0.01656562876082016,18.18,18.38,17.55,17.61,2026-07-23,18.35,8.967164220743859
002570,贝因美,2026-07-24,10.626125857328999,10.652234274668873,10.312824849250502,10.312824849250502,16472212.0,65765082.0,0.015252114057052133,4.07,4.08,3.95,3.95,2026-07-23,4.08,2.6108417339874688
002571,德力股份,2026-07-24,40.980134151369256,41.692144204192275,39.991231300226175,40.94057803732354,5722600.0,59207887.0,0.01918364496012399,10.36,10.54,10.11,10.35,2026-07-23,10.25,3.9556114045723225
002572,索菲亚,2026-07-24,198.91583024870755,200.15595387868703,193.45928627679788,193.95533572878966,8749898.0,69127310.0,0.013431138334324794,8.02,8.07,7.8,7.82,2026-07-23,8.05,24.80247259958947
002573,清新环境,2026-07-24,26.9777289702829,27.062832216245937,26.2969030025786,26.467109494504673,6355800.0,19859223.0,0.004498079052092494,3.17,3.18,3.09,3.11,2026-07-23,3.18,8.510324596303754
002574,明牌珠宝,2026-07-24,10.136524357446811,10.208414601116646,9.801036553654244,9.896890211880692,6004400.0,24958222.0,0.011371969696969696,4.23,4.26,4.09,4.13,2026-07-23,4.25,2.3963414556611844
002575,群兴玩具,2026-07-24,19.610533800309216,19.936696524638684,18.59127528677963,18.59127528677963,62432224.0,293727649.0,0.10684494173196275,4.81,4.89,4.56,4.56,2026-07-23,5.02,4.07703405411834
002576,通达动力,2026-07-24,18.581147732893704,18.681200066840056,18.295283921618417,18.452509017819825,2118300.0,27402918.0,0.013073700895016194,13.0,13.07,12.8,12.91,2026-07-23,13.13,1.4293190563764389
002577,雷柏科技,2026-07-24,38.67269843016588,39.149256636329355,38.124656493077886,38.2914518652351,1840705.0,29837738.0,0.006558183366408597,16.23,16.43,16.0,16.07,2026-07-23,16.4,2.382791030817368
002578,闽发铝业,2026-07-24,15.292149865699509,15.345432617844802,14.706039592101268,14.706039592101268,25946900.0,72807915.0,0.030130083650954258,2.87,2.88,2.76,2.76,2026-07-23,2.92,5.328275214529445
002579,中京电子,2026-07-24,54.883914381510046,59.349046398988826,54.37228467117393,56.60485067991332,83472558.0,1023243980.0,0.14307654481929366,11.8,12.76,11.69,12.17,2026-07-23,12.05,4.651179184873732
002580,圣阳股份,2026-07-24,67.98576245296867,68.67248732623098,65.4534644828139,65.83974722402395,28392778.0,442614556.0,0.062768831681032,15.84,16.0,15.25,15.34,2026-07-23,16.13,4.292030457889436
002582,好想你,2026-07-24,54.64414581358266,55.1787081095851,52.74347987224067,52.802875682907604,18785400.0,169162264.0,0.054570715282482724,9.2,9.29,8.88,8.89,2026-07-23,9.3,5.939581066693768
002583,海能达,2026-07-24,45.667699436996244,45.782442400405785,43.8891835041484,43.94655498585317,19135800.0,149357533.0,0.014917588194925523,7.96,7.98,7.65,7.66,2026-07-23,8.01,5.737148170476915
002584,西陇科学,2026-07-24,19.20142627209064,19.966205696868073,18.98291786501137,19.01023141589628,36261200.0,257509391.0,0.07741064587488658,7.03,7.31,6.95,6.96,2026-07-23,7.14,2.7313550884908446
002585,双星新材,2026-07-24,31.862210277982975,32.40014369826061,31.034620400632768,31.241517869970316,37952725.0,289892420.0,0.042799477629904305,7.7,7.83,7.5,7.55,2026-07-23,7.86,4.1379493867510355
002587,奥拓电子,2026-07-24,40.498215245268256,40.81709882987667,39.94016897220354,40.099610764507744,11585750.0,58647038.0,0.021748589118063048,5.08,5.12,5.01,5.03,2026-07-23,5.11,7.972089615210287
002588,史丹利,2026-07-24,89.21437975757479,90.55984024115772,87.55842839316506,87.86891927399188,11232149.0,95992753.0,0.013081377374830422,8.62,8.75,8.46,8.49,2026-07-23,8.69,10.349696027560881
002589,瑞康医药,2026-07-24,26.142380647398326,26.528246044407897,25.177717154874404,25.177717154874404,25727800.0,68449049.0,0.01884004044817067,2.71,2.75,2.61,2.61,2026-07-23,2.72,9.646634925239235
002590,万安科技,2026-07-24,42.73031219558643,43.466195872892726,42.38689981284348,42.681253283766,4878992.0,42623202.0,0.009857408483464513,8.71,8.86,8.64,8.7,2026-07-23,8.88,4.905891182042069
002591,恒大高新,2026-07-24,19.408674456699817,20.084067890174722,19.01765720574066,19.19539231981301,9017900.0,49201022.0,0.04034629621680781,5.46,5.65,5.35,5.4,2026-07-23,5.57,3.554702281446853
002593,日上集团,2026-07-24,14.820770808856693,14.999334312577858,14.463643801414362,14.535069202902829,12138000.0,49799346.0,0.0216554973297985,4.15,4.2,4.05,4.07,2026-07-23,4.22,3.5712700744232992
002594,比亚迪,2026-07-24,296.9718964669967,302.0009190773305,296.258099709401,298.1399275248807,24303385.0,2244617938.0,0.006970484396965709,91.53,93.08,91.31,91.89,2026-07-23,92.65,3.2445307163443324
002595,豪迈科技,2026-07-24,360.8302433770084,364.98693777322694,358.27788716880406,360.4656210615506,3679269.0,182190796.0,0.0031938691709399955,49.48,50.05,49.13,49.43,2026-07-23,50.23,7.292446309155384
002596,海南瑞泽,2026-07-24,14.492073012948403,14.590658543648733,13.949852594096592,14.048438124796922,45878700.0,131866256.0,0.040015428600218166,2.94,2.96,2.83,2.85,2026-07-23,2.99,4.929276535016464
002597,金禾实业,2026-07-24,110.4242553468253,110.88773595688544,107.23782615266194,107.41163138143447,6536899.0,122451987.0,0.011523905963058384,19.06,19.14,18.51,18.54,2026-07-23,19.12,5.79350762575159
002599,盛通股份,2026-07-24,21.324348028040117,21.613002485272467,21.18002079942394,21.18002079942394,8097400.0,47987067.0,0.01958869469646457,5.91,5.99,5.87,5.87,2026-07-23,6.0,3.6081807154044188
002600,领益智造,2026-07-24,53.795446399020975,55.050673481664795,52.764367009706405,54.19891224701363,88580769.0,1074380156.0,0.012303037234976581,12.0,12.28,11.77,12.09,2026-07-23,12.2,4.482953866585081
002601,龙佰集团,2026-07-24,199.8420270883159,201.63165718164407,194.3538281354427,195.18898884566255,16152154.0,265860555.0,0.008126449667795948,16.75,16.9,16.29,16.36,2026-07-23,16.83,11.93086728885468
002602,世纪华通,2026-07-24,125.85271143121389,130.31778287638073,125.33351707712472,128.55252207247756,122921433.0,1525531832.0,0.018085118491412346,12.12,12.55,12.07,12.38,2026-07-23,12.28,10.383887081783325
002603,以岭药业,2026-07-24,71.44526402813827,72.1656492526213,69.49598636189013,69.49598636189013,22385954.0,372727838.0,0.016262550914253344,16.86,17.03,16.4,16.4,2026-07-23,16.94,4.237560144017691
002605,姚记科技,2026-07-24,86.39051651477567,87.161860412229,85.00209749935962,85.31063505834096,8814280.0,147162045.0,0.026059829255769763,16.8,16.95,16.53,16.59,2026-07-23,17.11,5.142292649689027
002606,大连电瓷,2026-07-24,61.98578998806409,63.306574638801685,59.4808535814928,61.25708121524335,43307956.0,582336760.0,0.10283455543284559,13.61,13.9,13.06,13.45,2026-07-23,13.61,4.554429830129617
002607,中公教育,2026-07-24,14.853424070370327,15.019384115849325,14.438523956672832,14.438523956672832,114875100.0,203417836.0,0.020722709293649003,1.79,1.81,1.74,1.74,2026-07-23,1.81,8.298002273949903
002608,江苏国信,2026-07-24,20.35580475034353,20.495803407498578,19.54381253884427,19.57181227027528,33455863.0,238075697.0,0.008855256008648778,7.27,7.32,6.98,6.99,2026-07-23,7.36,2.7999731431008983
002609,捷顺科技,2026-07-24,42.617506037790946,43.44046477507243,42.4999405038936,42.617506037790946,6521236.0,47631088.0,0.014211823200525539,7.25,7.39,7.23,7.25,2026-07-23,7.31,5.878276694867717
002611,东方精工,2026-07-24,102.63829063958785,104.0116198805401,101.12040042590381,102.0600467486606,14882757.0,210870782.0,0.014824018309849054,14.2,14.39,13.99,14.12,2026-07-23,14.42,7.228048636590694
002612,朗姿股份,2026-07-24,31.889699567934294,32.24312334831208,31.128479117889825,31.128479117889825,3563035.0,41269833.0,0.014002380821505836,11.73,11.86,11.45,11.45,2026-07-23,11.86,2.7186444644445262
002613,北玻股份,2026-07-24,11.944903727332342,12.022720689725388,11.672544358956687,11.672544358956687,22283200.0,67516249.0,0.0288018726532139,3.07,3.09,3.0,3.0,2026-07-23,3.11,3.890848119652229
002614,奥佳华,2026-07-24,26.551876223573743,26.72694353933357,25.793251188614494,25.851606960534433,5925800.0,26505023.0,0.013429092353917677,4.55,4.58,4.42,4.43,2026-07-23,4.57,5.835577191994229
002615,哈尔斯,2026-07-24,36.607161729117855,36.95746949686062,35.381084542018215,35.964930821589476,8599979.0,53006331.0,0.028465194880763163,6.27,6.33,6.06,6.16,2026-07-23,6.34,5.838462795712577
002616,长青集团,2026-07-24,23.76249924489109,23.962184112495216,22.86391734067252,22.86391734067252,14286200.0,66424870.0,0.02431775291557537,4.76,4.8,4.58,4.58,2026-07-23,4.8,4.99212169010317
002617,露笑科技,2026-07-24,48.25865635541062,48.666936020008,47.197129227457424,47.197129227457424,72854183.0,426090395.0,0.03880130840746752,5.91,5.96,5.78,5.78,2026-07-23,6.0,8.165593291947651
002622,皓宸医疗,2026-07-24,12.038262027788221,12.21616737795258,11.623149544071387,11.741753110847625,29532650.0,59244029.0,0.03515895260009149,2.03,2.06,1.96,1.98,2026-07-23,2.04,5.930178338811932
002623,亚玛顿,2026-07-24,15.333910955690412,15.333910955690412,15.006496486885634,15.082893196273416,3255760.0,45203406.0,0.0169010863371856,14.05,14.05,13.75,13.82,2026-07-23,14.17,1.0913815626825916
002624,完美世界,2026-07-24,38.898060564509414,39.248844677816614,37.41697208610124,37.455948098690925,73878270.0,722606337.0,0.04042071152775095,9.98,10.07,9.6,9.61,2026-07-23,10.22,3.897601258968879
002625,光启技术,2026-07-24,188.95734284843016,195.49965410794812,188.44422039670326,192.16435817172328,35706582.0,1072743153.0,0.01657246899059912,29.46,30.48,29.38,29.96,2026-07-23,29.71,6.414030646586224
002626,金达威,2026-07-24,116.8385493976487,117.8694777746868,113.40212147418845,113.57394287036148,3107900.0,41706684.0,0.005096079003126076,13.6,13.72,13.2,13.22,2026-07-23,13.68,8.59106980865064
002627,三峡旅游,2026-07-24,19.81752823717767,20.025768463838027,19.15810085275319,19.50516789718713,11482900.0,64373343.0,0.016447419683755776,5.71,5.77,5.52,5.62,2026-07-23,5.77,3.4706704443393463
002628,成都路桥,2026-07-24,17.517694586216656,17.55662279640825,16.972699643534362,16.972699643534362,17073953.0,75547824.0,0.02265096477761036,4.5,4.51,4.36,4.36,2026-07-23,4.55,3.892821019159257
002629,仁智股份,2026-07-24,15.668387050901133,15.814820574741331,14.936219431700145,15.046044574580293,11708900.0,48763796.0,0.03232234929972752,4.28,4.32,4.08,4.11,2026-07-23,4.28,3.6608380960049374
002631,德尔未来,2026-07-24,27.605894465623972,27.822921937837997,26.1301076545686,26.216918643454214,24666965.0,152611406.0,0.03108344807859435,6.36,6.41,6.02,6.04,2026-07-23,6.42,4.340549444280499
002632,道明光学,2026-07-24,57.00935313303328,58.564153673025096,56.34301004446536,56.34301004446536,20857294.0,160633469.0,0.036309816543899746,7.7,7.91,7.61,7.61,2026-07-23,7.88,7.403812095199127
002633,申科股份,2026-07-24,20.625815583024753,20.76871961708728,20.070077672781593,20.419398644934436,2017000.0,25902879.0,0.013494487712516271,12.99,13.08,12.64,12.86,2026-07-23,13.12,1.5878226006947462
002635,安洁科技,2026-07-24,69.87530419216161,71.56363967926762,69.05836766614257,70.25654123763717,15559740.0,201366041.0,0.039338653695359806,12.83,13.14,12.68,12.9,2026-07-23,13.05,5.446243506793579
002636,金安国纪,2026-07-24,184.65884778359063,186.80708450041377,170.06874008183334,172.7540359778623,45006797.0,2672114445.0,0.06213701371484131,61.89,62.61,57.0,57.9,2026-07-23,63.1,2.9836621066988305
002637,赞宇科技,2026-07-24,44.74158494990006,45.36035155027101,43.694441472349205,43.83723376474251,7061400.0,65963014.0,0.015186633845552352,9.4,9.53,9.18,9.21,2026-07-23,9.48,4.759743079776602
002638,勤上股份,2026-07-24,17.369686451728036,18.669812683144805,17.265676353214694,18.097757141321427,33174700.0,115166050.0,0.024525164694734536,3.34,3.59,3.32,3.48,2026-07-23,3.39,5.200504925667077
002639,雪人集团,2026-07-24,35.51564317767409,36.107051784488995,34.86198103329972,34.893107802079456,20244222.0,229986443.0,0.03069009943155719,11.41,11.6,11.2,11.21,2026-07-23,11.55,3.1126768779731893
002640,跨境通,2026-07-24,40.03192602573634,40.4048942806345,38.6643757577764,38.6643757577764,100772700.0,318158730.0,0.0650876270776922,3.22,3.25,3.11,3.11,2026-07-23,3.28,12.432275163272154
002641,公元股份,2026-07-24,25.535392481912634,25.669789284449017,24.99780527176711,24.99780527176711,6495889.0,24462496.0,0.005728324188138831,3.8,3.82,3.72,3.72,2026-07-23,3.82,6.719840126819115
002642,荣联科技,2026-07-24,33.41201741909438,34.04797089852078,31.357398485562957,31.357398485562957,29810992.0,196119210.0,0.04506027675584718,6.83,6.96,6.41,6.41,2026-07-23,6.93,4.891949841741491
002643,万润股份,2026-07-24,82.35227828183892,84.19931313889487,81.39691542474102,81.65167885330047,17434996.0,225668681.0,0.0193246582906954,12.93,13.22,12.78,12.82,2026-07-23,13.1,6.369085713985996
002644,佛慈制药,2026-07-24,44.54499896448646,45.41388711073782,43.21270380690103,43.21270380690103,3948200.0,29988242.0,0.007731608496505482,7.69,7.84,7.46,7.46,2026-07-23,7.69,5.792587641675742
002645,华宏科技,2026-07-24,96.90624251305621,97.40776993261775,92.28104519932207,93.67417692032633,26521168.0,450741318.0,0.03898947690078582,17.39,17.48,16.56,16.81,2026-07-23,17.63,5.572526884017034
002646,天佑德酒,2026-07-24,7.173340906439688,7.217620788578204,6.996221377885622,6.996221377885622,4325799.0,27706138.0,0.009090821036563192,6.48,6.52,6.32,6.32,2026-07-23,6.51,1.1069970534629148
002647,仁东控股,2026-07-24,32.18563871790322,33.06963878256473,31.78382050669344,32.587456929112996,19326883.0,156338348.0,0.01903579416490763,8.01,8.23,7.91,8.11,2026-07-23,8.17,4.01818211209778
002648,卫星化学,2026-07-24,319.6037604491378,320.740690822277,304.31836321026594,304.5710144042969,50618826.0,1249841303.0,0.015036117438763387,25.3,25.39,24.09,24.11,2026-07-23,25.03,12.632559701546947
002649,博彦科技,2026-07-24,46.17336013554278,46.756490975371676,44.52999140511589,44.52999140511589,10197270.0,87508985.0,0.019011808647508,8.71,8.82,8.4,8.4,2026-07-23,8.73,5.301189452989986
002651,利君股份,2026-07-24,23.372525502783596,24.238174595479286,23.276342270261853,23.340464425276352,11178721.0,82846554.0,0.01976912428928388,7.29,7.56,7.26,7.28,2026-07-23,7.36,3.2061077507247733
002652,扬子新材,2026-07-24,17.603659502556432,17.75629238841675,17.044005587735274,17.40014898807601,17838300.0,61143104.0,0.034836075178102735,3.46,3.49,3.35,3.42,2026-07-23,3.5,5.087762862010529
002653,海思科,2026-07-24,235.0574318793487,239.12056748754887,219.94659697281915,222.0285342266077,15233951.0,1027057273.0,0.02837992649858561,70.0,71.21,65.5,66.12,2026-07-23,72.02,3.3579633125621244
002654,万润科技,2026-07-24,74.39276985951342,75.76316298850446,72.50032220519246,73.60968807151855,36884804.0,419922617.0,0.043638129980357446,11.4,11.61,11.11,11.28,2026-07-23,11.61,6.525681566623985
002655,共达电声,2026-07-24,80.52877778835207,83.62360924845345,79.26558127402498,80.40245813691936,22909400.0,590852058.0,0.06296162648074316,25.5,26.48,25.1,25.46,2026-07-23,25.89,3.157991285817728
002657,中科金财,2026-07-24,51.0767541785535,51.22709046752644,49.83647979452682,49.91164793901328,6873400.0,92231590.0,0.020448791684487287,13.59,13.63,13.26,13.28,2026-07-23,13.75,3.7584072243232893
002658,雪迪龙,2026-07-24,42.15983686383796,44.02691535352221,42.15983686383796,43.545088646506926,10125400.0,72808543.0,0.028238949324562036,7.0,7.31,7.0,7.23,2026-07-23,7.07,6.022833837691137
002659,凯文教育,2026-07-24,8.163433834215136,8.224967255076054,7.8147444493366,7.835255589623573,11643600.0,45311661.0,0.0194618694481163,3.98,4.01,3.81,3.82,2026-07-23,3.98,2.0511140286972704
002660,茂硕电源,2026-07-24,17.258847277016812,17.371650200396008,16.89223777603443,17.061442161103223,3896199.0,23646320.0,0.011359620901929407,6.12,6.16,5.99,6.05,2026-07-23,6.16,2.8200730844798714
002661,克明食品,2026-07-24,27.34387096978136,27.53697740318377,26.571445236171716,26.610066522852197,2630699.0,18255482.0,0.008280220729547873,7.08,7.13,6.88,6.89,2026-07-23,7.09,3.8621286680482148
002662,峰璟股份,2026-07-24,16.03130889032132,16.083528137521064,15.7702126543226,15.822431901522345,10498194.0,31993061.0,0.006998884185940744,3.07,3.08,3.02,3.03,2026-07-23,3.1,5.221924719974371
002663,普邦股份,2026-07-24,12.167544218531827,12.329778141445585,11.680842449790553,11.761959411247433,34942900.0,51327289.0,0.02046896421542909,1.5,1.52,1.44,1.45,2026-07-23,1.52,8.111696145687885
002664,信质集团,2026-07-24,48.44978637270734,49.113482076443056,47.68653631341126,47.71972109859805,4037614.0,58735702.0,0.010029443179446863,14.6,14.8,14.37,14.38,2026-07-23,14.81,3.318478518678585
002666,德联集团,2026-07-24,19.039323553930668,19.238688198474446,18.590753103707172,18.69043542597906,9016300.0,34098907.0,0.01800854314357331,3.82,3.86,3.73,3.75,2026-07-23,3.87,4.984116113594416
002668,TCL智家,2026-07-24,50.78440583440067,53.498474799856815,50.10588859303663,52.92434482639494,34375608.0,344022440.0,0.0317085560692014,9.73,10.25,9.6,10.14,2026-07-23,9.66,5.219363395107982
002669,康达新材,2026-07-24,25.328076609391704,25.328076609391704,24.49134550711716,24.807946464734556,9307602.0,102528984.0,0.030746794539336635,11.2,11.2,10.83,10.97,2026-07-23,11.25,2.261435411552831
002670,国盛证券,2026-07-24,27.944915358487375,28.062826393755255,26.38848969295137,26.412071900004946,29744048.0,342475945.0,0.01832262690328921,11.85,11.9,11.19,11.2,2026-07-23,11.97,2.3582207053575845
002671,龙泉股份,2026-07-24,14.97861264141143,15.146911659854256,14.515790340693663,14.599939849915076,10739100.0,37602973.0,0.019476199642792884,3.56,3.6,3.45,3.47,2026-07-23,3.58,4.207475461070627
002672,东江环保,2026-07-24,20.75928378199273,20.885864780663415,20.25295978730998,20.31625028664532,7151900.0,23182577.0,0.007901619030569552,3.28,3.3,3.2,3.21,2026-07-23,3.29,6.329049933534368
002673,西部证券,2026-07-24,18.094791135254,18.149129847371874,17.714420150428836,17.714420150428836,24838734.0,163688657.0,0.005557283799558599,6.66,6.68,6.52,6.52,2026-07-23,6.69,2.7169356058939935
002674,兴业科技,2026-07-24,31.133570050382325,34.54876822158949,30.821809221475448,31.77126265496458,30907945.0,720528309.0,0.10564519819434029,21.97,24.38,21.75,22.42,2026-07-23,22.19,1.417094676849446
002675,东诚药业,2026-07-24,66.33938236686906,66.60473989633654,65.70252429614712,65.75559580204062,7143859.0,88817849.0,0.009609917697528473,12.5,12.55,12.38,12.39,2026-07-23,12.57,5.307150589349525
002676,顺威股份,2026-07-24,22.355149190349994,22.50031249678084,21.822883733436896,21.871271502247176,9464500.0,43202247.0,0.013145568694211986,4.62,4.65,4.51,4.52,2026-07-23,4.65,4.838776881028137
002677,浙江美大,2026-07-24,32.24661673981543,32.713959011406956,31.415786034763823,31.571566791960997,12995751.0,79728513.0,0.023563950852373717,6.21,6.3,6.05,6.08,2026-07-23,6.31,5.1926919065725325
002678,珠江钢琴,2026-07-24,11.335963711786112,11.391943779498638,11.056063373223493,11.056063373223493,8020900.0,32066965.0,0.005908257931501669,4.05,4.07,3.95,3.95,2026-07-23,4.09,2.7990033856262007
002679,福建金森,2026-07-24,14.283931207984947,14.574698255475733,14.102201803303204,14.229412386580425,3176600.0,25016428.0,0.013474100341030557,7.86,8.02,7.76,7.83,2026-07-23,7.94,1.8172940468174232
002681,奋达科技,2026-07-24,48.19086317161595,48.19086317161595,45.613212350808595,45.7252841256263,64373979.0,268035766.0,0.04102174359713454,4.3,4.3,4.07,4.08,2026-07-23,4.36,11.207177481771152
002682,龙洲股份,2026-07-24,10.663541142536955,10.8215195298338,10.42657356159169,10.45290329280783,19366800.0,77678799.0,0.03443791173018456,4.05,4.11,3.96,3.97,2026-07-23,4.1,2.632973121614063
002683,广东宏大,2026-07-24,78.9827998774731,81.82739113742807,78.52887574024624,78.86175344087927,8167300.0,215275093.0,0.012252926697272975,26.1,27.04,25.95,26.06,2026-07-23,26.3,3.0261609148457125
002685,华东重机,2026-07-24,14.927602742880516,15.226154797738126,14.748471509965952,14.897747537394757,27001425.0,135662671.0,0.026798943811303405,5.0,5.1,4.94,4.99,2026-07-23,5.08,2.9855205485761034
002686,亿利达,2026-07-24,25.06662225183211,25.309515878303355,24.580834998889628,24.580834998889628,4873600.0,25018534.0,0.00932338042067691,5.16,5.21,5.06,5.06,2026-07-23,5.21,4.857872529424828
002687,乔治白,2026-07-24,34.07428241926934,34.71719340831216,33.43137143022652,33.57424053890271,11457872.0,54327431.0,0.02771662102690299,4.77,4.86,4.68,4.7,2026-07-23,4.83,7.143455433809086
002688,金河生物,2026-07-24,31.330151741781542,31.649847167718086,30.690760889908447,30.690760889908447,6091082.0,29580923.0,0.008149001317879531,4.9,4.95,4.8,4.8,2026-07-23,4.93,6.393908518730926
002690,美亚光电,2026-07-24,90.72387738646476,91.45650627518454,89.25861960902522,89.80809127556505,6256543.0,92356080.0,0.014424405894758723,14.86,14.98,14.62,14.71,2026-07-23,15.0,6.1052407393314105
002692,远程股份,2026-07-24,15.721260515775255,15.806934960002913,15.292888294636963,15.335725516750793,15911800.0,57658463.0,0.02216949377591511,3.67,3.69,3.57,3.58,2026-07-23,3.66,4.283722211382903
002693,双成药业,2026-07-24,30.0290504382933,30.845443062502213,29.42562980300844,29.461125134495788,14326166.0,121007859.0,0.034858412492027986,8.46,8.69,8.29,8.3,2026-07-23,8.59,3.549533148734432
002695,煌上煌,2026-07-24,36.25476235088377,37.18654362625695,35.746518018862034,35.83122540753233,10939110.0,93848526.0,0.0213882124593369,8.56,8.78,8.44,8.46,2026-07-23,8.66,4.235369433514459
002696,百洋股份,2026-07-24,17.98642647034073,18.097682716549027,17.355974408493736,17.504316070104796,6840600.0,32510801.0,0.020464973802135026,4.85,4.88,4.68,4.72,2026-07-23,4.88,3.70854154027644
002697,红旗连锁,2026-07-24,39.07237019590892,39.33227509743381,38.20602052415928,38.29265549133424,12118882.0,53940059.0,0.010581032143068403,4.51,4.54,4.41,4.42,2026-07-23,4.53,8.663496717496434
002698,博实股份,2026-07-24,37.19285821054716,39.85834638230303,36.789935579932894,38.43262015089873,20180099.0,251892576.0,0.023906151873864984,12.0,12.86,11.87,12.4,2026-07-23,12.15,3.09940485087893
002700,万憬能源,2026-07-24,33.70209824928614,35.50202614841928,33.01936697720116,34.69516191777339,20721902.0,114801451.0,0.09647703559837406,5.43,5.72,5.32,5.59,2026-07-23,5.44,6.20664792804533
002701,奥瑞金,2026-07-24,48.363826941573436,48.57006927394688,47.538857612079646,47.84822111063981,19954720.0,92620019.0,0.007802841773536237,4.69,4.71,4.61,4.64,2026-07-23,4.69,10.312116618672373
002702,海欣食品,2026-07-24,30.83150846439684,30.97902764365233,30.020152978491662,30.38895092663038,12974600.0,53426703.0,0.02828289213749506,4.18,4.2,4.07,4.12,2026-07-23,4.22,7.375958962774364
002703,浙江世宝,2026-07-24,31.8062386587386,32.93281877597563,31.256048368925164,32.01583495961991,18609564.0,228099867.0,0.03175433010637281,12.14,12.57,11.93,12.22,2026-07-23,12.38,2.619953761016359
002705,新宝股份,2026-07-24,25.676053793128954,25.72078559416228,24.759051871945776,24.848515474012427,5948200.0,66906797.0,0.007364998556196795,11.48,11.5,11.07,11.11,2026-07-23,11.33,2.236590051666285
002706,良信股份,2026-07-24,123.67544921325279,123.81240984361077,120.25143345430337,120.93623660609326,18272700.0,162311650.0,0.019983678798117004,9.03,9.04,8.78,8.83,2026-07-23,9.13,13.696063035797652
002707,众信旅游,2026-07-24,59.24133829593233,59.607025569364,57.04721465534224,57.04721465534224,15492966.0,73551855.0,0.017911193860836217,4.86,4.89,4.68,4.68,2026-07-23,4.89,12.189575781056034
002708,光洋股份,2026-07-24,30.11467796663919,31.64152787433287,29.627385442907162,30.95931834110803,20580470.0,195082284.0,0.039833947639231614,9.27,9.74,9.12,9.53,2026-07-23,9.44,3.2486168248801714
002709,天赐材料,2026-07-24,552.1624914974361,581.0268904299944,550.6669267859046,550.8164832570577,92330452.0,3491334124.0,0.06118606878111869,36.92,38.85,36.82,36.83,2026-07-23,37.44,14.95564711531517
002712,思美传媒,2026-07-24,22.027797187135754,22.135249856341296,21.383081171902514,21.54426017571082,11109034.0,44839540.0,0.020538044727516712,4.1,4.12,3.98,4.01,2026-07-23,4.15,5.372633460277013
002714,牧原股份,2026-07-24,792.3171347613925,802.7529227572365,774.8572586914225,776.2620763062478,40804005.0,1591325673.0,0.012438352176901625,39.48,40.0,38.61,38.68,2026-07-23,39.7,20.068823068930914
002715,登云股份,2026-07-24,19.121944476995278,19.22989093775251,18.505107558382527,18.96773524734209,2012300.0,24584920.0,0.014581884057971015,12.4,12.47,12.0,12.3,2026-07-23,12.54,1.5420922965318773
002716,湖南白银,2026-07-24,26.814064414200015,27.8223927417535,26.739373426973835,26.92610089503929,133913090.0,973537097.0,0.05765963084098163,7.18,7.45,7.16,7.21,2026-07-23,7.78,3.7345493613091945
002718,友邦吊顶,2026-07-24,233.43123635368283,237.98599218497418,227.93706213218758,230.29984171967,1455800.0,118602495.0,0.015490394082946113,82.0,83.6,80.07,80.9,2026-07-23,82.86,2.8467223945571076
002721,金一文化,2026-07-24,7.0448343420028685,7.075597810745239,6.829490060806275,6.829490060806275,33688300.0,75949629.0,0.012667733661534312,2.29,2.3,2.22,2.22,2026-07-23,2.31,3.0763468742370605
002722,物产金轮,2026-07-24,13.419438711242513,13.544007340629577,13.057057243934699,13.147652610761652,2873014.0,33503861.0,0.012920725998249392,11.85,11.96,11.53,11.61,2026-07-23,11.8,1.132442085336921
002723,小崧股份,2026-07-24,19.700725898791905,19.842457739790408,19.105452166598194,19.162144902997593,7553440.0,51672609.0,0.02382414123523604,6.95,7.0,6.74,6.76,2026-07-23,6.9,2.8346368199700582
002724,海洋王,2026-07-24,10.066746602279128,10.1074203259247,9.883714845874053,9.904051707696839,4415900.0,21688589.0,0.007777551330526642,4.95,4.97,4.86,4.87,2026-07-23,4.96,2.0336861822786116
002725,跃岭股份,2026-07-24,29.810267609697032,30.114454013877616,28.980668325568175,30.003840775993766,9944591.0,106649245.0,0.039943982616692075,10.78,10.89,10.48,10.85,2026-07-23,10.78,2.7653309470961998
002727,一心堂,2026-07-24,26.457487359422046,26.69183180016095,25.613847372762,25.66071626090978,6603692.0,73192120.0,0.016806905164686237,11.29,11.39,10.93,10.95,2026-07-23,11.3,2.343444407389021
002728,特一药业,2026-07-24,46.59550497814906,47.38259121088805,44.44413594199578,44.44413594199578,20446500.0,177673464.0,0.04078622883129594,8.88,9.03,8.47,8.47,2026-07-23,9.03,5.247241551593362
002729,好利科技,2026-07-24,36.05422039020463,36.05422039020463,34.94754803573954,35.61737603975788,2947900.0,35985838.0,0.016800878111609796,12.38,12.38,12.0,12.23,2026-07-23,12.42,2.9122956696449616
002730,电光科技,2026-07-24,52.14939543973173,53.01018325991988,50.57128443605346,50.666927527185486,7760900.0,167362762.0,0.022428409939627178,21.81,22.17,21.15,21.19,2026-07-23,22.1,2.3910772783004
002732,燕塘乳业,2026-07-24,14.068299620272558,14.285614817658882,13.81667149698313,13.862422064853934,1494400.0,18240213.0,0.00954484605745388,12.3,12.49,12.08,12.12,2026-07-23,12.45,1.1437641967701266
002733,雄韬股份,2026-07-24,46.683326372142254,46.683326372142254,44.579788864602726,44.85857094391519,10650537.0,190983430.0,0.02887398291135159,18.42,18.42,17.59,17.7,2026-07-23,18.56,2.5343825392042483
002734,利民股份,2026-07-24,48.45547272463507,48.45547272463507,47.047744923766466,47.1588813290982,9352185.0,120088382.0,0.02153165774288203,13.08,13.08,12.7,12.73,2026-07-23,13.19,3.7045468443910603
002735,王子新材,2026-07-24,34.93173258596677,35.343906421789384,34.27912401258096,34.416515291188496,13600400.0,137632259.0,0.047710767702925407,10.17,10.29,9.98,10.02,2026-07-23,10.33,3.434781965188473
002736,国信证券,2026-07-24,13.655278852869726,13.668549289072711,13.29697707538918,13.310247511592163,28791857.0,291862597.0,0.002995273709775314,10.29,10.3,10.02,10.03,2026-07-23,10.31,1.3270436202983213
002737,葵花药业,2026-07-24,76.04580505563636,76.96201957437897,74.55695646267964,74.61421987010104,4498825.0,59251078.0,0.007703471423016142,13.28,13.44,13.02,13.03,2026-07-23,13.29,5.726340742141293
002738,中矿资源,2026-07-24,152.38065867031253,153.99589365221786,147.0473356168516,147.3825730659263,27250349.0,1339591700.0,0.038314503933791835,50.0,50.53,48.25,48.36,2026-07-23,50.74,3.047613173406251
002739,儒意电影,2026-07-24,27.846313252973385,29.565600510047815,27.140177415246384,27.201580531570468,150789672.0,1386202235.0,0.07180759947569015,9.07,9.63,8.84,8.86,2026-07-23,9.08,3.070155816204342
002741,光华科技,2026-07-24,70.08643098031821,73.49430331238872,69.44343620068226,70.40792837013618,19895190.0,441464170.0,0.04626502228309856,21.8,22.86,21.6,21.9,2026-07-23,22.35,3.2149738981797342
002742,三圣股份,2026-07-24,16.658812426138613,16.708392225025932,16.16301443726544,16.212594236152757,6576200.0,21671629.0,0.012550955142057634,3.36,3.37,3.26,3.27,2026-07-23,3.4,4.95797988873173
002743,富煌钢构,2026-07-24,7.39123802292414,7.523224416190643,7.149262968602219,7.259251629657638,7742279.0,25735817.0,0.017815913606637576,3.36,3.42,3.25,3.3,2026-07-23,3.4,2.199773221108375
002745,木林森,2026-07-24,24.71411261896791,25.707407097433606,24.52491367068873,24.950611304316887,50478506.0,537051596.0,0.04743823666088744,10.45,10.87,10.37,10.55,2026-07-23,10.66,2.3649868534897522
002746,仙坛股份,2026-07-24,28.992833768949062,29.524369054713127,28.557941262414825,28.557941262414825,13063115.0,77784681.0,0.018407147517426982,6.0,6.11,5.91,5.91,2026-07-23,6.01,4.83213896149151
002747,埃斯顿,2026-07-24,187.76702648486983,198.79361361065915,184.61657302035857,189.27924414783521,63950507.0,1946499893.0,0.08173584959929456,29.8,31.55,29.3,30.04,2026-07-23,31.31,6.300906929022477
002748,世龙实业,2026-07-24,21.633697488529265,21.633697488529265,20.72583505554083,20.770121027881732,3181900.0,30225778.0,0.013257916666666666,9.77,9.77,9.36,9.38,2026-07-23,9.77,2.214298617044961
002749,国光股份,2026-07-24,81.36936489428446,85.46219522429638,80.58977816475839,83.31833171809967,6142809.0,52589805.0,0.011285307567390592,8.35,8.77,8.27,8.55,2026-07-23,8.35,9.744834119075984
002752,昇兴股份,2026-07-24,12.508608839748987,12.660623183287605,12.31316182662791,12.400027165792833,9145000.0,52400397.0,0.009374421924529376,5.76,5.83,5.67,5.71,2026-07-23,5.8,2.1716334791230882
002753,永东股份,2026-07-24,22.825648285913683,22.943306266768907,22.276577708589297,22.7472096320102,3079938.0,17777926.0,0.010412621869049631,5.82,5.85,5.68,5.8,2026-07-23,5.83,3.9219326951741724
002755,奥赛康,2026-07-24,23.86079763668197,24.080712822273508,22.94448436338389,23.017789425247738,9333431.0,119406015.0,0.010055946199179296,13.02,13.14,12.52,12.56,2026-07-23,13.04,1.8326265465961573
002756,永兴材料,2026-07-24,140.02315603253706,145.219570934189,139.33859838082245,139.71199346357588,15118535.0,689696391.0,0.03905811568838535,45.0,46.67,44.78,44.9,2026-07-23,45.88,3.1116256896119348
002757,南兴股份,2026-07-24,43.700198524741886,44.18166539118428,42.397405827309534,42.70894321147814,8132225.0,124060255.0,0.028832235885014056,15.43,15.6,14.97,15.08,2026-07-23,15.71,2.8321580378964284
002758,浙农股份,2026-07-24,35.26199029991917,35.535339061934046,34.57861839488197,34.66973464888693,3874905.0,29671500.0,0.007476934764649391,7.74,7.8,7.59,7.61,2026-07-23,7.79,4.555812700247954
002759,天际股份,2026-07-24,32.44526343375415,34.991910525912964,31.612705730548385,33.25333414568916,57793003.0,799944361.0,0.11536869913347396,13.25,14.29,12.91,13.58,2026-07-23,13.28,2.448699127075785
002760,凤形股份,2026-07-24,15.980231830894859,16.380000632457733,15.811908124973648,15.853989051453953,3844700.0,58715518.0,0.035602797203626094,15.19,15.57,15.03,15.07,2026-07-23,15.39,1.0520231620075615
002761,浙江建投,2026-07-24,22.14602028685445,22.30420614604627,21.703099881117364,21.703099881117364,8004700.0,55483750.0,0.00739950137545709,7.0,7.05,6.86,6.86,2026-07-23,7.05,3.1637171838363503
002763,汇洁股份,2026-07-24,20.396506809030072,20.579435121218683,20.061138236684286,20.152602392778594,4474860.0,29724165.0,0.01473863870662176,6.69,6.75,6.58,6.61,2026-07-23,6.74,3.0488052031435084
002765,蓝黛科技,2026-07-24,13.38839890088344,13.409549610047552,12.94423400843707,13.02883684509352,7073300.0,43940031.0,0.011870738660250037,6.33,6.34,6.12,6.16,2026-07-23,6.31,2.1150709164112858
002766,索菱股份,2026-07-24,7.304246679140405,7.366498781519443,7.075988970417268,7.138241072796305,18344900.0,63722687.0,0.021406498268818054,3.52,3.55,3.41,3.44,2026-07-23,3.57,2.0750700793012515
002767,先锋电子,2026-07-24,24.56431992299618,24.877640330177258,23.859349006838766,24.157003393660787,3500700.0,54435549.0,0.02688412940227619,15.68,15.88,15.23,15.42,2026-07-23,15.77,1.5666020359053687
002768,国恩股份,2026-07-24,144.5715831383737,147.61424408794147,139.811776900436,140.08290510386283,8519997.0,403203855.0,0.03294825179395463,47.99,49.0,46.41,46.5,2026-07-23,49.41,3.012535593631459
002769,普路通,2026-07-24,32.34829009456036,32.87172520935907,31.77251146828178,31.981885514201263,5117750.0,31464946.0,0.013720133091255969,6.18,6.28,6.07,6.11,2026-07-23,6.27,5.234351147987113
002771,真视通,2026-07-24,30.71690731496104,31.039676918971136,29.96377823893748,30.313445309948417,6653855.0,75468319.0,0.038127772134666865,11.42,11.54,11.14,11.27,2026-07-23,11.64,2.689746700084154
002772,众兴菌业,2026-07-24,24.475199362127604,24.70609746931749,23.833815731044595,23.85947107628792,12302706.0,115355203.0,0.033104126736141104,9.54,9.63,9.29,9.3,2026-07-23,9.67,2.565534524332034
002773,康弘药业,2026-07-24,46.98984733511293,47.49653579676674,46.06459014426682,46.21879967607451,6408755.0,135726525.0,0.009331689097428217,21.33,21.56,20.91,20.98,2026-07-23,21.45,2.2029933115383464
002774,快意电梯,2026-07-24,21.757351528235596,22.885414450140537,21.109039504152292,22.872448209658874,23671500.0,404211345.0,0.08401054931024239,16.78,17.65,16.28,17.64,2026-07-23,16.89,1.2966240481666027
002775,文科股份,2026-07-24,15.710376200810881,16.24901767055297,15.171734731068792,15.889923357391577,28225144.0,98040208.0,0.048595494669163415,3.5,3.62,3.38,3.54,2026-07-23,3.53,4.488678914517394
002777,久远银海,2026-07-24,64.08855243832785,64.40271200910398,61.83707551443235,61.889435442895035,6493900.0,77981594.0,0.016053684863058686,12.24,12.3,11.81,11.82,2026-07-23,12.32,5.235992846268616
002778,中晟高科,2026-07-24,20.624088531539023,20.741437541675804,19.949331723252538,20.41872776379966,1340729.0,18598876.0,0.010862372896296275,14.06,14.14,13.6,13.92,2026-07-23,14.22,1.4668626267097455
002779,中坚科技,2026-07-24,125.17344977221047,131.9032051363078,122.79560287689608,124.20885150335653,2278306.0,128784674.0,0.013740599952348595,55.8,58.8,54.74,55.37,2026-07-23,56.58,2.243251788032446
002780,三夫户外,2026-07-24,24.276405780595233,24.6727552627274,23.206262178838386,23.38461944579786,7365700.0,88051385.0,0.05637658502554106,12.25,12.45,11.71,11.8,2026-07-23,12.36,1.9817474106608355
002782,可立克,2026-07-24,39.064369493346966,39.80819035111873,38.04505942899306,38.43074431820805,10476404.0,147892525.0,0.021384073439498427,14.18,14.45,13.81,13.95,2026-07-23,14.45,2.7548920658213656
002783,凯龙股份,2026-07-24,31.757697079795616,31.757697079795616,31.218669689473767,31.4432644354412,3810242.0,26652631.0,0.008263077312079162,7.07,7.07,6.95,7.0,2026-07-23,7.09,4.491894919348743
002785,万里石,2026-07-24,32.86615267054129,33.116275598018774,31.905680629027753,32.11578388810884,3173245.0,102819489.0,0.01639962077991019,32.85,33.1,31.89,32.1,2026-07-23,32.85,1.0004917099099326
002786,银宝山新,2026-07-24,22.29846929568328,22.48664203235571,21.890761699559675,21.95348594511715,7383600.0,52107330.0,0.014943170779094619,7.11,7.17,6.98,7.0,2026-07-23,7.24,3.136212277873879
002787,华源控股,2026-07-24,45.787420362674276,49.22770108196566,44.94998360863623,48.07339636694026,15825800.0,331540528.0,0.0637922986155155,20.23,21.75,19.86,21.24,2026-07-23,20.57,2.26334257848118
002788,鹭燕医药,2026-07-24,32.49944117113818,33.79396817795501,31.886244167909158,31.886244167909158,17202900.0,164828844.0,0.045054217053528585,9.54,9.92,9.36,9.36,2026-07-23,9.68,3.406650017939013
002790,瑞尔特,2026-07-24,17.825430554808293,17.95649989712306,17.17008384323446,17.36668785670661,3573305.0,19046210.0,0.013706709884061028,5.44,5.48,5.24,5.3,2026-07-23,5.46,3.2767335578691714
002791,坚朗五金,2026-07-24,21.71578283619595,21.82467286474421,20.79799545271775,20.82910688944583,3686300.0,50331495.0,0.016932581957798565,13.96,14.03,13.37,13.39,2026-07-23,14.02,1.5555718364037212
002792,通宇通讯,2026-07-24,76.90877099444661,78.42223676903613,75.05554759699008,75.58062755960276,11916148.0,294778845.0,0.035273192544997375,24.9,25.39,24.3,24.47,2026-07-23,25.4,3.088705662427575
002793,罗欣药业,2026-07-24,16.040926347729794,16.464771962608832,15.356252662155962,15.356252662155962,75600832.0,366943669.0,0.06961828115204526,4.92,5.05,4.71,4.71,2026-07-23,5.07,3.2603508836849175
002795,永和智控,2026-07-24,21.709984655858094,21.709984655858094,20.82876756650592,21.029044177722323,13598848.0,71855549.0,0.0313028127934578,5.42,5.42,5.2,5.25,2026-07-23,5.46,4.0055322243280616
002796,世嘉科技,2026-07-24,64.23156391650252,65.90634946114875,62.74548660223896,63.54749658136533,6171550.0,167920143.0,0.02710288833995146,27.23,27.94,26.6,26.94,2026-07-23,27.55,2.3588528797834196
002797,第一创业,2026-07-24,11.237152143590793,11.271516523234801,10.945054916616721,10.962237106438725,51431464.0,332479792.0,0.012238593184846755,6.54,6.56,6.37,6.38,2026-07-23,6.6,1.718218982200427
002798,帝欧水华,2026-07-24,14.640310717365887,14.669827472844448,14.049975607794682,14.049975607794682,7943685.0,38314651.0,0.015372419287611985,4.96,4.97,4.76,4.76,2026-07-23,4.98,2.9516755478560257
002799,环球印务,2026-07-24,15.670681603596945,15.723179699421392,15.276945884913607,15.43444017238694,4827768.0,28467622.0,0.015085153346015304,5.97,5.99,5.82,5.88,2026-07-23,5.97,2.624904791222269
002800,天顺股份,2026-07-24,23.78438668757831,23.927913158968867,23.04625054899829,23.4153186182883,2907184.0,33204502.0,0.019664012736333183,11.6,11.67,11.24,11.42,2026-07-23,11.69,2.050378162722268
002801,微光股份,2026-07-24,119.66744221700463,119.98354489455899,117.31925089802945,117.49988099948906,916348.0,23986645.0,0.007913010663827354,26.5,26.57,25.98,26.02,2026-07-23,26.7,4.515752536490741
002802,洪汇新材,2026-07-24,22.263556924692885,22.525481123806923,21.78336255965049,21.827016592836163,2217649.0,22380100.0,0.014815616557440542,10.2,10.32,9.98,10.0,2026-07-23,10.32,2.1827016592836164
002803,吉宏股份,2026-07-24,63.810149025172166,64.79781302335061,62.54029531322844,62.92830616965569,5976400.0,107384810.0,0.020084406934791774,18.09,18.37,17.73,17.84,2026-07-23,18.25,3.527371422065902
002805,丰元股份,2026-07-24,36.69306557451193,37.72574466553113,36.209683872332725,36.31954335010073,15067829.0,252839627.0,0.05404232847780623,16.7,17.17,16.48,16.53,2026-07-23,17.08,2.1971895553599956
002806,华锋股份,2026-07-24,21.587289164543705,21.640767172383203,20.85642305740391,21.23076911228039,6953400.0,82840792.0,0.03993794896915274,12.11,12.14,11.7,11.91,2026-07-23,12.25,1.7826002613165735
002807,江阴银行,2026-07-24,7.425999981164932,7.501199980974198,7.350799981355667,7.369599981307983,27235617.0,107311010.0,0.010074098265116495,3.95,3.99,3.91,3.92,2026-07-23,3.96,1.8799999952316284
002809,红墙股份,2026-07-24,20.80639806845715,21.00645958834616,20.006151988901106,20.063312423155107,9991773.0,71309117.0,0.05878541098395764,7.28,7.35,7.0,7.02,2026-07-23,7.33,2.858021712700158
002810,山东赫达,2026-07-24,67.52515579175784,68.18991121146944,66.05569644292166,67.0703231361657,3596628.0,68904305.0,0.011138558783294086,19.3,19.49,18.88,19.17,2026-07-23,19.47,3.4987127353242404
002811,郑中设计,2026-07-24,18.797278346206276,18.877181761067938,18.43771297932879,18.577543955336704,3092000.0,28860690.0,0.010941764693896454,9.41,9.45,9.23,9.3,2026-07-23,9.46,1.9975853715415808
002812,恩捷股份,2026-07-24,197.38250195039572,205.0478418319645,196.53931456342318,198.68560973026243,30422760.0,1593503733.0,0.0369831729478196,51.5,53.5,51.28,51.84,2026-07-23,51.61,3.832669940784383
002813,路畅科技,2026-07-24,18.584047981357486,19.215050705806643,18.553515591464784,18.80795217390396,1285200.0,23747580.0,0.01072286073108935,18.26,18.88,18.23,18.48,2026-07-23,18.6,1.0177463297567078
002815,崇达技术,2026-07-24,29.644399327582796,30.17018681565648,29.018461841780795,29.168686838373276,32558605.0,383873661.0,0.04189530924009469,11.84,12.05,11.59,11.65,2026-07-23,12.12,2.5037499432080064
002817,黄山胶囊,2026-07-24,21.600366540810693,21.939639313703008,21.110305868855125,21.374184692215813,7202200.0,40983494.0,0.024831807703849233,5.73,5.82,5.6,5.67,2026-07-23,5.81,3.7696974765812725
002818,富森美,2026-07-24,30.317476764764997,30.488761944226948,29.889263816110127,29.9749064058411,2760010.0,29061344.0,0.009251382019064308,10.62,10.68,10.47,10.5,2026-07-23,10.67,2.854752991032486
002819,东方中科,2026-07-24,25.76286854982728,25.99121514281324,25.49422549925557,25.561386261898498,1608000.0,30765361.0,0.006763649151246577,19.18,19.35,18.98,19.03,2026-07-23,19.2,1.3432152528585652
002820,桂发祥,2026-07-24,14.798908823011555,14.965813809737249,14.428008852510011,14.55782384218555,4610800.0,36422408.0,0.022954344288131683,7.98,8.07,7.78,7.85,2026-07-23,8.03,1.8544998525077134
002821,凯莱英,2026-07-24,506.2539330169446,515.4472559723444,488.8611598580802,491.40795878491394,8859193.0,1425593018.0,0.027943115050031973,163.0,165.96,157.4,158.22,2026-07-23,163.54,3.105852349797206
002823,凯中精密,2026-07-24,27.65780488347361,27.889057432666533,27.334051314603517,27.519053353957855,3865300.0,46144539.0,0.017658749671985063,11.96,12.06,11.82,11.9,2026-07-23,12.15,2.3125254919292315
002824,和胜股份,2026-07-24,47.06692480236763,49.098888956831075,45.61552183489374,45.63625616300051,11747933.0,266551060.0,0.051941524510124036,22.7,23.68,22.0,22.01,2026-07-23,23.47,2.073432810676988
002825,纳尔股份,2026-07-24,24.04479134394032,24.653926057986812,23.8524330131888,24.108910787524163,2919972.0,21987860.0,0.011378267691542524,7.5,7.69,7.44,7.52,2026-07-23,7.62,3.205972179192043
002826,易明医药,2026-07-24,16.83495826008682,17.14278536572523,16.505901698887143,16.771269893403012,2908913.0,45992217.0,0.015746894654958137,15.86,16.15,15.55,15.8,2026-07-23,16.03,1.0614727780634818
002827,高争民爆,2026-07-24,42.993301460277095,43.07826845921045,40.75017268843655,40.75017268843655,4077368.0,99746854.0,0.014773140709255088,25.3,25.35,23.98,23.98,2026-07-23,25.45,1.6993399786670789
002828,贝肯能源,2026-07-24,21.798141993922325,22.744334889645405,20.83409640205352,22.19090130912813,33006490.0,402058204.0,0.16422152411392546,12.21,12.74,11.67,12.43,2026-07-23,12.3,1.7852696145718527
002829,星网宇达,2026-07-24,48.3166452822173,50.21754915537227,47.42634853149916,47.715093423623955,17211989.0,347181611.0,0.11784793941664438,20.08,20.87,19.71,19.83,2026-07-23,21.08,2.4062074343733717
002830,名雕股份,2026-07-24,26.268506415963117,26.495939371945482,25.54072095681955,25.950100277587804,3732540.0,42599569.0,0.04020638878865077,11.55,11.65,11.23,11.41,2026-07-23,11.65,2.2743295598236464
002831,裕同科技,2026-07-24,72.0645103873276,73.53249115447686,70.83674465480276,72.33141598135474,8791171.0,237625598.0,0.012308737908085093,27.0,27.55,26.54,27.1,2026-07-23,27.33,2.6690559402713925
002832,比音勒芬,2026-07-24,129.5878413671134,137.4082967021873,124.49006307462078,132.1367305133597,18045802.0,405808538.0,0.04634040758086233,22.37,23.72,21.49,22.81,2026-07-23,22.59,5.792929877832517
002833,弘亚数控,2026-07-24,68.72332413041615,68.72332413041615,67.05528228259051,67.34718960596,3684916.0,59842251.0,0.012573646739037565,16.48,16.48,16.08,16.15,2026-07-23,16.47,4.1701046195640865
002835,同为股份,2026-07-24,24.714100341364965,24.983219401343533,24.377701516391756,24.489834458049494,2423300.0,26678487.0,0.019038060754676175,11.02,11.14,10.87,10.92,2026-07-23,11.19,2.2426588331547155
002836,新宏泽,2026-07-24,30.581208821777725,30.68990980100206,29.457965369793005,29.892769286690314,2987400.0,24760892.0,0.012966145833333333,8.44,8.47,8.13,8.25,2026-07-23,8.44,3.6233659741442805
002837,英维克,2026-07-24,849.7063906758985,875.1975823961756,835.3045874441036,845.3858497063601,25558003.0,1515554908.0,0.02260853538933232,59.0,60.77,58.0,58.7,2026-07-23,61.11,14.40180323179489
002838,道恩股份,2026-07-24,140.42652213717167,143.2276533653501,137.7310939742075,140.2151160067431,4258464.0,113138549.0,0.010123972484776254,26.57,27.1,26.06,26.53,2026-07-23,27.15,5.285153260714026
002839,张家港行,2026-07-24,7.228411269834859,7.294726969558114,7.162095570111603,7.178674495042416,18958756.0,82500564.0,0.007763554580829554,4.36,4.4,4.32,4.33,2026-07-23,4.34,1.6578924930813894
002840,华统股份,2026-07-24,17.744037083576174,17.959551704024467,16.953816808599097,16.953816808599097,21581700.0,156156382.0,0.02709132988958018,7.41,7.5,7.08,7.08,2026-07-23,7.49,2.3946068938699288
002841,视源股份,2026-07-24,82.71081888303348,85.19214344952448,81.8101899663071,83.07842252251363,14474397.0,659670502.0,0.027763543560328712,45.0,46.35,44.51,45.2,2026-07-23,45.9,1.838018197400744
002842,翔鹭钨业,2026-07-24,86.46166091236012,89.00959198199249,84.66970939086042,85.4256889389931,20064360.0,619669939.0,0.074738075291963,30.88,31.79,30.24,30.51,2026-07-23,31.61,2.799924252343268
002843,泰嘉股份,2026-07-24,29.82775744644435,30.41227834164844,28.89940073053195,29.002551476744443,8434000.0,144199740.0,0.03370948923960649,17.35,17.69,16.81,16.87,2026-07-23,17.6,1.7191791035414608
002845,同兴达,2026-07-24,35.64746749518498,36.25423289935834,35.19239344205496,35.920511927063,7855967.0,92685033.0,0.03139443872755903,11.75,11.95,11.6,11.84,2026-07-23,11.95,3.033827020866807
002846,英联股份,2026-07-24,25.036035457257398,25.279366255438084,24.495300350189204,24.60344737160284,3375500.0,30988345.0,0.012974929756543999,9.26,9.35,9.06,9.1,2026-07-23,9.34,2.7036755353409716
002847,盐津铺子,2026-07-24,110.21749384821871,110.87410870518683,107.07512274701416,107.14547433883219,2615292.0,121343955.0,0.010725497367805698,47.0,47.28,45.66,45.69,2026-07-23,47.28,2.345053060600398
002848,高斯贝尔,2026-07-24,12.523192192130917,12.523192192130917,11.898543828565257,12.019443511836029,4692700.0,56656685.0,0.02836824794425414,12.43,12.43,11.81,11.93,2026-07-23,12.55,1.0074973605897761
002849,威星智能,2026-07-24,29.500497885419236,29.851433176249504,28.623159658343575,29.061828771881405,3954755.0,52773564.0,0.018070901211782224,13.45,13.61,13.05,13.25,2026-07-23,13.62,2.1933455676891627
002850,科达利,2026-07-24,307.5070087352372,310.8769485569932,296.63895281007404,299.92464413628613,3754966.0,674189888.0,0.01791150469798218,182.5,184.5,176.05,178.0,2026-07-23,185.11,1.684969910878012
002851,麦格米特,2026-07-24,298.34509587151666,305.608941918047,290.79357275383666,293.1189624122968,17608238.0,2182858106.0,0.03817907882539089,124.45,127.48,121.3,122.27,2026-07-23,127.8,2.397308926247623
002852,道道全,2026-07-24,24.337798549037608,24.606353567509746,23.90139664402038,23.968535398638416,2500857.0,17985603.0,0.008750344995342213,7.25,7.33,7.12,7.14,2026-07-23,7.33,3.356937730901739
002853,皮阿诺,2026-07-24,51.15182192877847,51.89238605184248,49.85583471341645,49.908732150778164,1410000.0,26931153.0,0.010955301089551311,19.34,19.62,18.85,18.87,2026-07-23,19.32,2.6448718680857533
002855,捷荣技术,2026-07-24,8.997063928572796,9.121878688275538,8.861847938894822,8.986662698597568,3130600.0,27090862.0,0.012714271994090401,8.65,8.77,8.52,8.64,2026-07-23,8.75,1.0401229975228665
002857,三晖电气,2026-07-24,24.669682945487477,24.99183000800587,24.211895014540286,24.296670557308286,3129800.0,45460863.0,0.024340291238918337,14.55,14.74,14.28,14.33,2026-07-23,14.57,1.695510855359964
002858,力盛体育,2026-07-24,20.888777506251124,21.04946041014536,20.246045890674164,20.32638734262128,8406523.0,86165630.0,0.0570272396260144,10.4,10.48,10.08,10.12,2026-07-23,10.72,2.0085362986779924
002859,洁美科技,2026-07-24,262.09107891453755,268.7379974426019,256.45660493048297,261.38676966653077,13972029.0,831918755.0,0.03262090395110891,59.54,61.05,58.26,59.38,2026-07-23,60.81,4.401932800042619
002860,星帅尔,2026-07-24,65.21596298269333,72.60262868697173,64.78145323538283,70.27207640594271,39667719.0,697034510.0,0.11532228262358878,16.51,18.38,16.4,17.79,2026-07-23,16.91,3.950088611913587
002861,瀛通通讯,2026-07-24,21.405551216141344,21.405551216141344,19.497574302275787,20.98774605252115,10168614.0,151922009.0,0.0677148516512989,15.37,15.37,14.0,15.07,2026-07-23,15.37,1.3926838787339848
002862,实丰文化,2026-07-24,25.83475368034192,25.83475368034192,24.79200003097062,25.089929645076705,2387640.0,28240933.0,0.018569658165976926,12.14,12.14,11.65,11.79,2026-07-23,12.14,2.1280686721863193
002863,今飞凯达,2026-07-24,7.459253939192561,7.530977534761721,7.2799449502696625,7.315806748054243,10501050.0,43175645.0,0.017516827492485308,4.16,4.2,4.06,4.08,2026-07-23,4.2,1.793089889228981
002864,盘龙药业,2026-07-24,28.684977732551733,28.684977732551733,27.036261722690117,27.04966591789224,4472760.0,92554062.0,0.045364183336430636,21.4,21.4,20.17,20.18,2026-07-23,21.5,1.3404195202126978
002865,钧达股份,2026-07-24,62.514913638209855,62.57314830391848,60.170968343437664,60.18552700986483,7397412.0,311424271.0,0.032329203920189536,42.94,42.98,41.33,41.34,2026-07-23,43.25,1.4558666427156464
002866,传艺科技,2026-07-24,26.56700763547604,27.060042752194363,25.599900291143932,25.618863180248486,13528383.0,186986249.0,0.07465479783166842,14.01,14.27,13.5,13.51,2026-07-23,14.43,1.8962889104551062
002867,周大生,2026-07-24,39.06275219746684,39.06275219746684,38.086183392530174,38.086183392530174,6742192.0,82405915.0,0.006247995522744593,12.4,12.4,12.09,12.09,2026-07-23,12.35,3.1502219514086165
002868,绿康生化,2026-07-24,31.5840503959842,31.935765879235692,30.99316838412169,31.5137072993339,1266800.0,28250920.0,0.011838975282298065,22.45,22.7,22.03,22.4,2026-07-23,22.58,1.4068619330059777
002869,金溢科技,2026-07-24,23.20845058920397,23.77076987660759,23.003970848329928,23.395890351671845,2513650.0,34494448.0,0.015957939426095958,13.62,13.95,13.5,13.73,2026-07-23,13.75,1.7039978406170317
002870,香山股份,2026-07-24,39.711311314949235,43.570404264050886,39.659441786063454,40.36486737890999,6224500.0,250339504.0,0.047979461506797584,38.28,42.0,38.23,38.91,2026-07-23,39.85,1.0373905777154973
002871,伟隆股份,2026-07-24,62.62171542919059,63.36819945417432,61.17021871394445,62.95348610696114,2048800.0,30748333.0,0.0137257744485852,15.1,15.28,14.75,15.18,2026-07-23,15.24,4.147133472131827
002873,新天药业,2026-07-24,26.5480916041849,26.94540998193461,25.75345484868549,25.861814406253593,7487000.0,54253770.0,0.03123610865122641,7.35,7.46,7.13,7.16,2026-07-23,7.45,3.611985252270055
002875,安奈儿,2026-07-24,20.47040365080065,20.559096907519894,19.654425688983643,19.885028156453668,3710200.0,41686935.0,0.0174671115785077,11.54,11.59,11.08,11.21,2026-07-23,11.53,1.7738651343848053
002876,三利谱,2026-07-24,48.02635900771142,49.939759764990754,47.85415293955628,49.308337515088574,4358920.0,112284038.0,0.029265963795290582,25.1,26.1,25.01,25.77,2026-07-23,25.56,1.9134007572793392
002877,智能自控,2026-07-24,19.225276388297406,19.485077420571695,18.878875011931687,19.023208918750736,3865362.0,25568726.0,0.01607121216049657,6.66,6.75,6.54,6.59,2026-07-23,6.71,2.8866781363809917
002878,元隆雅图,2026-07-24,36.2729258138635,36.43558467401535,35.264440880922,35.459631513104235,5264800.0,57852675.0,0.0223180903633315,11.15,11.2,10.84,10.9,2026-07-23,11.3,3.2531772030370854
002879,长缆科技,2026-07-24,26.119378749871647,26.119378749871647,25.757614501258466,26.119378749871647,20446415.0,368888219.0,0.14909261310827063,18.05,18.05,17.8,18.05,2026-07-23,16.41,1.4470569944527227
002880,卫光生物,2026-07-24,44.26327972524072,44.6718638457814,42.6516423608858,42.67434147869362,1609410.0,30772558.0,0.007096164021164021,19.5,19.68,18.79,18.8,2026-07-23,19.61,2.2699117807815754
002881,美格智能,2026-07-24,85.00098506100946,88.2432906767387,83.70844430879309,83.77416671992273,10681546.0,419047191.0,0.05869308323002172,38.8,40.28,38.21,38.24,2026-07-23,40.36,2.190747037654883
002882,金龙羽,2026-07-24,20.57420111861228,20.739740667842494,20.077582470921637,20.124879484987414,4482000.0,77197540.0,0.018161737934874245,17.4,17.54,16.98,17.02,2026-07-23,17.41,1.182425351644384
002884,凌霄泵业,2026-07-24,101.24340974068211,102.44192985599236,101.24340974068211,101.49572976495796,1511540.0,24377446.0,0.005535306801027865,16.05,16.24,16.05,16.09,2026-07-23,16.15,6.308000606896082
002885,京泉华,2026-07-24,82.79924672450657,82.92609352148015,78.54987902589153,79.53294170243679,12045362.0,305938728.0,0.05076951008473659,26.11,26.15,24.77,25.08,2026-07-23,26.17,3.1711699243395852
002886,沃特股份,2026-07-24,47.2401584007597,48.528526357144045,46.595974422567515,46.83754341438958,8103700.0,143299882.0,0.03875918864487446,17.6,18.08,17.36,17.45,2026-07-23,17.86,2.6840999091340736
002887,绿茵生态,2026-07-24,47.413552546118545,47.413552546118545,45.73731583994264,45.833100794581256,2578600.0,25000052.0,0.011870296010822824,9.9,9.9,9.55,9.57,2026-07-23,9.9,4.789247731931166
002888,惠威科技,2026-07-24,29.933990481643765,30.46887978872807,28.646294001626,29.716072615794605,4500000.0,66770053.0,0.06006164727476282,15.11,15.38,14.46,15.0,2026-07-23,14.78,1.9810715077196404
002889,东方嘉盛,2026-07-24,31.703927053990416,31.933665655830925,31.33060182599959,31.359319151229652,2207278.0,24289581.0,0.008783978023575615,11.04,11.12,10.91,10.92,2026-07-23,11.15,2.8717325230063784
002890,弘宇股份,2026-07-24,32.81723965468926,33.556243383360325,32.51616406152698,33.255167790198044,1518912.0,18356077.0,0.009406384363416866,11.99,12.26,11.88,12.15,2026-07-23,12.29,2.73705084692988
002891,中宠股份,2026-07-24,74.87559967339423,75.48745339901951,71.66336761386148,71.76534323479903,9510199.0,273075148.0,0.029544161517676484,29.37,29.61,28.11,28.15,2026-07-23,29.8,2.549390523438687
002892,科力尔,2026-07-24,79.14343308346233,79.85007087885037,78.34846556365075,78.52512501249778,4685790.0,41878959.0,0.009350561154098536,8.96,9.04,8.87,8.89,2026-07-23,9.02,8.832972442350705
002893,京能热力,2026-07-24,16.86533102299454,17.007354863188176,16.457012482437825,16.457012482437825,6548100.0,61371361.0,0.03229186619666182,9.5,9.58,9.27,9.27,2026-07-23,9.6,1.7752980024204776
002895,川恒股份,2026-07-24,41.98862811738483,42.237302254887844,41.068533808623656,41.603183204255146,6089803.0,203936250.0,0.010157142532785235,33.77,33.97,33.03,33.46,2026-07-23,33.91,1.243370687515097
002896,中大力德,2026-07-24,144.78681911405232,146.44885213110442,140.96414317483251,141.01162983246257,5547246.0,333995823.0,0.02822700302209409,60.98,61.68,59.37,59.39,2026-07-23,62.43,2.37433288150299
002897,意华股份,2026-07-24,95.00361087783774,98.1545639719527,93.42021736320712,93.43605129835342,10062790.0,606508016.0,0.05456362038624204,60.0,61.99,59.0,59.01,2026-07-23,60.97,1.583393514630629
002899,英派斯,2026-07-24,19.463462268642566,19.463462268642566,17.571460765796235,17.91363125035355,5630300.0,102826584.0,0.03809482543134035,19.34,19.34,17.46,17.8,2026-07-23,19.18,1.00638377810975
002900,哈三联,2026-07-24,19.34371899954881,19.663449892103337,17.888943438425716,18.22466087560797,29826971.0,345904230.0,0.18511995228472267,12.1,12.3,11.19,11.4,2026-07-23,12.1,1.598654462772629
002901,大博医疗,2026-07-24,47.974983258867674,49.09271927814691,47.185993127611745,47.65719556711181,2388938.0,105414905.0,0.008283067808814746,43.78,44.8,43.06,43.49,2026-07-23,43.58,1.0958196267443507
002902,铭普光磁,2026-07-24,32.668256964440225,34.313746802297885,32.4569096458163,33.10604783873263,13201000.0,292845594.0,0.07431654533777086,21.64,22.73,21.5,21.93,2026-07-23,22.08,1.5096237044565721
002903,宇环数控,2026-07-24,38.170767482698054,39.25292841648589,37.596894260234805,37.94121819371276,7282000.0,170407681.0,0.0682694013327571,23.28,23.94,22.93,23.14,2026-07-23,23.59,1.6396377784664111
002905,金逸影视,2026-07-24,16.610513139765725,16.728485534224287,16.13862356193147,16.20940699860661,4512600.0,31272078.0,0.012913804945054945,7.04,7.09,6.84,6.87,2026-07-23,7.12,2.3594478891712676
002906,华阳集团,2026-07-24,26.40105723365488,26.659560561187472,26.19875028167285,26.35610013321443,3383212.0,79627951.0,0.0064489722695042564,23.49,23.72,23.31,23.45,2026-07-23,23.77,1.1239275110112763
002907,华森制药,2026-07-24,13.344596887152687,14.009230506435,12.69034816817166,12.721502869075518,7027100.0,89470662.0,0.020925404335696972,12.85,13.49,12.22,12.25,2026-07-23,12.63,1.0384900301286137
002908,德生科技,2026-07-24,20.143545445320346,20.143545445320346,19.38816249112083,19.419636780879145,4187686.0,26185562.0,0.013011918493594562,6.4,6.4,6.16,6.17,2026-07-23,6.43,3.147428975831304
002909,集泰股份,2026-07-24,14.28549959794581,14.349274149722351,13.80719045962173,14.126063218504449,5873740.0,25950583.0,0.015441086293856742,4.48,4.5,4.33,4.43,2026-07-23,4.52,3.1887275888271893
002910,庄园牧场,2026-07-24,8.577067697508358,8.651007936279983,8.270743851168776,8.397498546205846,7477300.0,59631459.0,0.04371106490952547,8.12,8.19,7.83,7.95,2026-07-23,8.16,1.0562891253089113
002911,佛燃能源,2026-07-24,33.672596125315735,34.33878058103242,33.127536116093005,33.70287723693923,10561564.0,118112617.0,0.00833563317885049,11.12,11.34,10.94,11.13,2026-07-23,11.12,3.0281111623485377
002912,中新赛克,2026-07-24,47.967267277039625,49.46191957534323,47.77351605318546,48.686914679926545,2955747.0,51980092.0,0.018220412830497634,17.33,17.87,17.26,17.59,2026-07-23,17.6,2.7678746264881493
002913,奥士康,2026-07-24,96.73670763321715,102.23311147601358,94.86793032666637,99.1111540933052,6993534.0,316354251.0,0.02289666918810911,44.0,46.5,43.15,45.08,2026-07-23,44.22,2.1985615371185716
002915,中欣氟材,2026-07-24,35.65151177757279,37.03157029799497,35.44450299950947,35.49050495019021,6273000.0,98800731.0,0.02177564541765075,15.5,16.1,15.41,15.43,2026-07-23,15.76,2.3000975340369543
002916,深南电路,2026-07-24,810.880937734187,833.5118875418592,793.6804329943709,817.7857117797417,7006412.0,2331824280.0,0.01053897774768394,330.0,339.21,323.0,332.81,2026-07-23,337.47,2.4572149628308697
002917,金奥博,2026-07-24,25.280674529924745,25.38439011773982,24.710238796941827,24.96952776647952,2866900.0,27624717.0,0.011003484848826208,9.75,9.79,9.53,9.63,2026-07-23,9.8,2.592889695376897
002918,蒙娜丽莎,2026-07-24,25.272533266692594,25.50519180079333,24.632722297915567,24.66180461467816,6742200.0,57761446.0,0.03147546104487103,8.69,8.77,8.47,8.48,2026-07-23,8.76,2.908231676259217
002919,名臣健康,2026-07-24,56.84152013112396,56.84152013112396,54.1544664521981,54.223365264478254,3084580.0,49418190.0,0.011674808415287959,16.5,16.5,15.72,15.74,2026-07-23,16.64,3.4449406140075127
002920,德赛西威,2026-07-24,89.75756942272336,91.43088587473709,88.58734157719742,88.60921499487081,4453310.0,365800067.0,0.0074642093949387305,82.07,83.6,81.0,81.02,2026-07-23,83.9,1.093670883669104
002921,联诚精密,2026-07-24,29.125466625803455,29.945489818887914,28.320086704024074,28.466519417074874,4491700.0,88647300.0,0.034970340570180745,19.89,20.45,19.34,19.44,2026-07-23,20.29,1.4643271305079666
002922,伊戈尔,2026-07-24,48.05586927343544,48.113884407367145,46.06401634177996,46.33475363346129,15454731.0,374947592.0,0.04099397523433266,24.85,24.88,23.82,23.96,2026-07-23,25.15,1.93383779772376
002923,润都股份,2026-07-24,39.95425681531928,41.21838958128816,38.76673815637882,38.76673815637882,8036474.0,83390227.0,0.031138885251734263,10.43,10.76,10.12,10.12,2026-07-23,10.55,3.8307053514208325
002925,盈趣科技,2026-07-24,42.54440506471542,45.45811618081008,42.14324194003572,43.81123598475657,12306938.0,257610219.0,0.016834648358947008,20.15,21.53,19.96,20.75,2026-07-23,20.42,2.1113848667352566
002926,华西证券,2026-07-24,9.226254568887276,9.280335779724833,9.10727590504465,9.128908389379673,14487600.0,123086657.0,0.005519085714285714,8.53,8.58,8.42,8.44,2026-07-23,8.61,1.081624216751146
002927,泰永长征,2026-07-24,37.448200637753764,37.527038954885874,36.34446419790418,36.55469971025648,5533747.0,77543147.0,0.02507240440848116,14.25,14.28,13.83,13.91,2026-07-23,14.25,2.627943904403773
002928,华夏航空,2026-07-24,14.10955012409657,14.408286527375488,13.92571233746339,13.971671784121686,26995002.0,165247096.0,0.02111896514809688,6.14,6.27,6.06,6.08,2026-07-23,6.26,2.297972332914751
002929,润建股份,2026-07-24,53.323275924802665,54.324404622995594,52.27999443931739,52.58560214718681,11650871.0,587625637.0,0.053797312486273764,50.6,51.55,49.61,49.9,2026-07-23,51.79,1.053819682308353
002930,宏川智慧,2026-07-24,17.09355249777592,17.282315654193077,16.695052500895255,16.736999868987958,7399754.0,59564555.0,0.01707301875202831,8.15,8.24,7.96,7.98,2026-07-23,8.32,2.0973684046350822
002931,锋龙股份,2026-07-24,103.76567916825798,105.57554566537875,100.82162966627484,101.47318160523831,6210180.0,264056547.0,0.030857496321753924,43.0,43.75,41.78,42.05,2026-07-23,44.03,2.4131553294943715
002933,新兴装备,2026-07-24,25.33216103548708,25.968114869013952,25.141374885429016,25.56534410778027,1057000.0,25590902.0,0.009054023077205813,23.9,24.5,23.72,24.12,2026-07-23,24.21,1.0599230558781205
002935,天奥电子,2026-07-24,63.04732857580784,63.64291737476959,61.473272464266074,61.473272464266074,4271100.0,62533636.0,0.010320061917182047,14.82,14.96,14.45,14.45,2026-07-23,14.86,4.254205706869625
002936,郑州银行,2026-07-24,2.4973495054087578,2.525568143887953,2.4691308669295626,2.4832401861691604,76189483.0,134802698.0,0.010838849890719445,1.77,1.79,1.75,1.76,2026-07-23,1.77,1.4109319239597502
002937,兴瑞科技,2026-07-24,58.89707885731703,62.923429240249675,57.455083603894636,61.40652514249365,12101975.0,395439974.0,0.03839645342693322,31.45,33.6,30.68,32.79,2026-07-23,31.39,1.872721108340764
002938,鹏鼎控股,2026-07-24,104.44668294035094,109.89387927606116,102.18603633745134,106.28646448420008,23467020.0,2092808031.0,0.0101552506804314,86.86,91.39,84.98,88.39,2026-07-23,87.61,1.2024715972870244
002939,长城证券,2026-07-24,9.264368107119337,9.298056718417952,9.095925050626256,9.118384124825333,18019139.0,147519806.0,0.005001621259180229,8.25,8.28,8.1,8.12,2026-07-23,8.29,1.122953709953859
002940,昂利康,2026-07-24,56.77385480301012,57.687352064522756,53.73647640848062,54.0105255869344,11831873.0,286368205.0,0.06386120772555327,24.86,25.26,23.53,23.65,2026-07-23,25.33,2.2837431537815815
002941,新疆交建,2026-07-24,10.402859496990217,10.423854168023496,10.087939431491016,10.108934102524298,9825539.0,95650621.0,0.013464231887523439,9.91,9.93,9.61,9.63,2026-07-23,9.96,1.0497335516639976
002942,新农股份,2026-07-24,20.765785990130556,20.91539539928135,20.00277800346149,20.15238741261229,1513600.0,20553279.0,0.010908193362688645,13.88,13.98,13.37,13.47,2026-07-23,13.88,1.496094091507965
002943,宇晶股份,2026-07-24,54.123176729353894,55.239649749794374,51.68411259239157,51.92458370448645,8976982.0,276449153.0,0.047534426653814285,31.51,32.16,30.09,30.23,2026-07-23,31.95,1.717650800677686
002945,华林证券,2026-07-24,13.961388251207955,13.992809230017874,13.500547228662457,13.500547228662457,9499670.0,124231104.0,0.003518396296296296,13.33,13.36,12.89,12.89,2026-07-23,13.46,1.0473659603306793
002946,新乳业,2026-07-24,16.853621809807628,17.090088442343195,16.531167310895494,16.58490972738085,5196295.0,80931016.0,0.006108151818569274,15.68,15.9,15.38,15.43,2026-07-23,15.76,1.0748483297071192
002947,恒铭达,2026-07-24,102.78956405534485,104.76245760738442,100.09267286952932,101.57686801877009,5880400.0,332658360.0,0.029653499035227515,56.79,57.88,55.3,56.12,2026-07-23,58.12,1.8099940844399518
002948,青岛银行,2026-07-24,8.148827317018757,8.177072818984161,8.035845309157146,8.064090811122549,27459187.0,157121363.0,0.007796044484259064,5.77,5.79,5.69,5.71,2026-07-23,5.77,1.4122750982701486
002949,华阳国际,2026-07-24,11.6476229982659,11.772063414914042,11.236969623327038,11.448518331628875,2643700.0,24306342.0,0.017405777526458287,9.36,9.46,9.03,9.2,2026-07-23,9.46,1.2444041664813996
002950,奥美医疗,2026-07-24,14.811225413844122,14.878168805545114,14.242206584385704,14.25894243231095,7964400.0,68942141.0,0.01853801634636213,8.85,8.89,8.51,8.52,2026-07-23,8.9,1.6735847925247596
002951,金时科技,2026-07-24,13.75584903718119,13.780109793860522,13.294894660273885,13.573893362086201,5145600.0,57453615.0,0.01282793985930924,11.34,11.36,10.96,11.19,2026-07-23,11.45,1.2130378339665953
002952,亚世光电,2026-07-24,45.422497671064555,46.44437613385565,44.73272970868056,45.32030982478543,3722700.0,66320559.0,0.028278317407374708,17.78,18.18,17.51,17.74,2026-07-23,17.78,2.5546961569777586
002953,日丰股份,2026-07-24,23.29035259001894,23.33588602616756,21.673915606742945,21.673915606742945,25847807.0,252081256.0,0.09189064740757796,10.23,10.25,9.52,9.52,2026-07-23,10.27,2.2766718074309815
002955,鸿合科技,2026-07-24,57.67182570706881,63.662718844292264,57.06515298431201,60.856857501542045,11088064.0,357529036.0,0.05667386869071627,30.42,33.58,30.1,32.1,2026-07-23,31.5,1.8958522586150168
002956,西麦食品,2026-07-24,73.14895992270628,73.27997298525443,68.47616069182295,68.47616069182295,7415427.0,119045694.0,0.023728548923015343,16.75,16.78,15.68,15.68,2026-07-23,16.81,4.367102084937689
002957,科瑞技术,2026-07-24,36.22169222800663,37.50935618509452,35.58277499739051,35.68106995594683,10490138.0,388263418.0,0.02505534423438088,36.85,38.16,36.2,36.3,2026-07-23,37.62,0.9829495855632736
002958,青农商行,2026-07-24,3.614663962216886,3.6510531967358477,3.578274727697924,3.602534217377232,70858939.0,210985461.0,0.013026592365410736,2.98,3.01,2.95,2.97,2026-07-23,2.98,1.212974483965398
002959,小熊电器,2026-07-24,49.00237835981533,49.00237835981533,47.38528503822288,47.38528503822288,930400.0,30093244.0,0.006655488821833265,33.03,33.03,31.94,31.94,2026-07-23,33.05,1.483571854671975
002960,青鸟智控,2026-07-24,32.99107668230225,33.03454318649501,32.07828009425436,32.12174659844712,10802685.0,80848121.0,0.01115725208382218,7.59,7.6,7.38,7.39,2026-07-23,7.67,4.346650419275659
002961,瑞达期货,2026-07-24,21.240927354590063,21.411765912401783,20.523405411780857,20.5575731233432,5599858.0,102559521.0,0.011741438177255857,18.65,18.8,18.02,18.05,2026-07-23,18.93,1.1389237187447756
002962,五方光电,2026-07-24,18.66884893765787,18.846033871492413,18.20172502118498,18.50777172508101,7823732.0,90027634.0,0.03740119613829939,11.59,11.7,11.3,11.49,2026-07-23,11.75,1.6107721257685823
002963,豪尔赛,2026-07-24,13.767565591767859,13.788457193576308,13.266167148365083,13.725782388150963,4586200.0,59436597.0,0.037287983236392055,13.18,13.2,12.7,13.14,2026-07-23,13.17,1.0445800904224476
002965,祥鑫科技,2026-07-24,58.55496181537089,59.56859999714041,55.3057654518905,55.97226727004033,11350175.0,466974963.0,0.059607345423337184,42.17,42.9,39.83,40.31,2026-07-23,42.98,1.3885454544787974
002966,苏州银行,2026-07-24,11.624580031558606,11.710581856699607,11.466910018800105,11.495577293847104,33444552.0,270112611.0,0.007608849797407696,8.11,8.17,8.0,8.02,2026-07-23,8.08,1.4333637523500131
002967,广电计量,2026-07-24,28.864209142831655,29.221439454005314,28.399809738305898,28.506978831657996,5237751.0,84214000.0,0.009571446506800597,16.16,16.36,15.9,15.96,2026-07-23,16.3,1.7861515558682954
002968,新大正,2026-07-24,29.609504984961134,29.754471961631694,28.739703124937794,28.99339533411127,3624700.0,29254679.0,0.01701645551855713,8.17,8.21,7.93,8.0,2026-07-23,8.2,3.6241744167639087
002969,嘉美包装,2026-07-24,11.817876667236586,12.085451233287225,11.550302101185945,11.617195742698605,20630148.0,217666070.0,0.018887079076791036,10.6,10.84,10.36,10.42,2026-07-23,10.73,1.1148940252109987
002970,锐明技术,2026-07-24,103.58230711718844,107.3721771978996,102.0349637114543,102.37134271270085,3089561.0,142911546.0,0.024445348409083512,46.19,47.88,45.5,45.65,2026-07-23,46.81,2.2425266749770176
002971,和远气体,2026-07-24,49.342891656353736,52.73978299089701,48.936888708001945,50.65563452269118,18259570.0,689277604.0,0.11341027600549863,36.46,38.97,36.16,37.43,2026-07-23,37.28,1.3533431611726203
002972,科安达,2026-07-24,21.710630595796516,22.101519668789102,21.026574718059493,21.580334238132323,6607840.0,87699471.0,0.04907553541290751,13.33,13.57,12.91,13.25,2026-07-23,13.41,1.6287044708024394
002973,侨银股份,2026-07-24,9.663822282874357,9.716920207505535,9.408952244644702,9.568246018538236,4361000.0,39282482.0,0.01372881392321972,9.1,9.15,8.86,9.01,2026-07-23,9.21,1.0619584926235557
002975,博杰股份,2026-07-24,233.59083972570903,240.0505817195299,227.18584130810697,231.23686594829974,6995016.0,594880154.0,0.050926904304576,85.34,87.7,83.0,84.48,2026-07-23,86.9,2.7371788109410478
002976,瑞玛精密,2026-07-24,24.49013582522845,24.96957234667472,23.98478381613644,24.36055838699973,3739260.0,70406706.0,0.03071779311773434,18.9,19.27,18.51,18.8,2026-07-23,19.23,1.2957743822872196
002978,安宁股份,2026-07-24,30.8297192450567,30.946057808245598,29.805939888994445,29.805939888994445,3187112.0,82735785.0,0.008630621248739687,26.5,26.6,25.62,25.62,2026-07-23,26.71,1.1633856318889322
002979,雷赛智能,2026-07-24,89.93511382792192,91.97770793858999,87.64862788314424,88.83760057442863,11035270.0,647022576.0,0.049533359144811294,59.0,60.34,57.5,58.28,2026-07-23,60.06,1.5243239631851173
002980,华盛昌,2026-07-24,143.14437494252948,146.98706130489666,138.25055015816952,141.1282569855925,5948520.0,491736790.0,0.05872932771144945,83.07,85.3,80.23,81.9,2026-07-23,84.59,1.723177740971825
002981,朝阳科技,2026-07-24,31.416235167547075,31.887478695060278,31.18775345723764,31.459075488230095,2411300.0,53009297.0,0.01983224044910003,22.0,22.33,21.84,22.03,2026-07-23,22.19,1.428010689433958
002982,湘佳股份,2026-07-24,23.264016379522822,23.89998155391895,22.710111227629422,22.915261283886238,3574656.0,40188338.0,0.027478066779711423,11.34,11.65,11.07,11.17,2026-07-23,11.57,2.05150056256815
002983,芯瑞达,2026-07-24,30.193591387456806,30.381873419918268,29.52604599963888,29.714328032100344,1643867.0,28700056.0,0.012826926002109372,17.64,17.75,17.25,17.36,2026-07-23,17.82,1.7116548405587757
002984,森麒麟,2026-07-24,20.83673458347101,20.911151492697694,20.360466364420244,20.449766655492265,8363391.0,115448550.0,0.011714742248310336,14.0,14.05,13.68,13.74,2026-07-23,14.13,1.4883381845336436
002985,北摩高科,2026-07-24,56.61583981521279,57.55202567408361,55.86689112811614,55.8902957745879,4243823.0,102544527.0,0.012823563692427944,24.19,24.59,23.87,23.88,2026-07-23,24.26,2.340464647177048
002986,宇新股份,2026-07-24,34.04881070268863,34.51523276710902,33.26172346897922,33.61154001729451,4009871.0,46568466.0,0.013284869409938877,11.68,11.84,11.41,11.53,2026-07-23,11.65,2.915137902627451
002987,京北方,2026-07-24,70.0830682634253,71.2742818882994,69.42128291627304,69.42128291627304,22058478.0,232545290.0,0.02175552506882674,10.59,10.77,10.49,10.49,2026-07-23,10.79,6.617853471522692
002988,豪美新材,2026-07-24,20.398147509410776,20.831027451380674,19.93359342534552,19.996941709536237,3364109.0,64707330.0,0.01346696738396574,19.32,19.73,18.88,18.94,2026-07-23,19.57,1.055804736511945
002989,中天精装,2026-07-24,28.783458778486743,29.99830020414949,28.438333373468915,28.976729005296722,5492060.0,116267055.0,0.02776081526699567,20.85,21.73,20.6,20.99,2026-07-23,21.16,1.3805016200713065
002990,盛视科技,2026-07-24,103.47656331043605,105.69544219379385,99.40150689965394,99.7642082555874,7117900.0,339487530.0,0.051572048319326436,48.5,49.54,46.59,46.76,2026-07-23,49.63,2.1335373878440422
002991,甘源食品,2026-07-24,47.10195430798516,47.10195430798516,45.72765788553272,45.7628962553392,860200.0,33885752.0,0.01722684072357858,40.1,40.1,38.93,38.96,2026-07-23,40.03,1.174612326882423
002992,宝明科技,2026-07-24,46.854569618612146,48.02253860040943,46.026126503616396,46.17551788500907,1006500.0,34796365.0,0.0064422142470902605,34.5,35.36,33.89,34.0,2026-07-23,34.88,1.3581034672061492
002993,奥海科技,2026-07-24,55.975552616280474,56.17690352497213,53.07034664801514,54.03395456818235,6114600.0,231964286.0,0.025643441595451344,38.92,39.06,36.9,37.57,2026-07-23,38.94,1.438220776368974
002995,天地在线,2026-07-24,42.81556097138871,42.844047705235276,41.59063141598637,41.73306508521921,4321900.0,63944234.0,0.03844518180882059,15.03,15.04,14.6,14.65,2026-07-23,15.16,2.848673384656601
002996,顺博合金,2026-07-24,8.18068281533926,8.220784201688963,7.899973110891343,7.913340239674577,9447660.0,56650981.0,0.02061109060872276,6.12,6.15,5.91,5.92,2026-07-23,6.19,1.3367128783234083
002997,瑞鹄模具,2026-07-24,27.50480300364542,27.50480300364542,26.893585159119965,26.979370119755117,1979800.0,50134485.0,0.009458185877621404,25.65,25.65,25.08,25.16,2026-07-23,25.76,1.0723120079393926
002998,优彩资源,2026-07-24,8.35038173014332,8.385223378530567,8.094876308636849,8.106490191432599,10879796.0,76929816.0,0.04022178069856968,7.19,7.22,6.97,6.98,2026-07-23,7.21,1.1613882795748707
002999,天禾股份,2026-07-24,8.291898403378532,8.353778242209716,8.090788927177188,8.168138725716165,5630700.0,29788689.0,0.016390046249551093,5.36,5.4,5.23,5.28,2026-07-23,5.39,1.5469959707795768
003000,劲仔食品,2026-07-24,11.049219358671417,11.137968108540262,10.993751390003387,11.004844983736993,2296406.0,22888732.0,0.007454404339903654,9.96,10.04,9.91,9.92,2026-07-23,10.04,1.109359373360584
003001,中岩大地,2026-07-24,39.50941293611507,42.691941164143415,38.79753162195084,42.691941164143415,35678991.0,709006333.0,0.3119704233182382,18.87,20.39,18.53,20.39,2026-07-23,18.54,2.093768571071281
003002,壶化股份,2026-07-24,17.353679742607685,17.534329629323185,16.924636261658375,16.94721749749781,2189000.0,33212614.0,0.011971739803067889,15.37,15.53,14.99,15.01,2026-07-23,15.45,1.1290617919718728
003003,天元股份,2026-07-24,10.2906912426391,10.2906912426391,9.911161007136078,10.019598217279798,3395669.0,31551849.0,0.02882661237521629,9.49,9.49,9.14,9.24,2026-07-23,9.49,1.0843721014372076
003004,声迅股份,2026-07-24,61.16085809125195,62.10096315378533,59.46434665656528,61.59309030391098,1376300.0,77300504.0,0.020021140974900823,56.6,57.47,55.03,57.0,2026-07-23,57.61,1.080580531647561
003005,竞业达,2026-07-24,24.25978018090386,24.426085443497886,23.63613544617625,23.677711761824764,2504700.0,28834373.0,0.019725432252523715,11.67,11.75,11.37,11.39,2026-07-23,11.79,2.078815782425352
003006,百亚股份,2026-07-24,15.428056227865387,15.496121181811853,15.031010663177675,15.110419776115219,4700200.0,63091686.0,0.010967094016301287,13.6,13.66,13.25,13.32,2026-07-23,13.62,1.134415899107749
003007,直真科技,2026-07-24,44.056731600214476,44.59237575340857,42.58371017893071,43.03900770914569,1545500.0,50180125.0,0.021291498635918227,32.9,33.3,31.8,32.14,2026-07-23,33.58,1.3391103829852424
003008,开普检测,2026-07-24,26.435457129997296,26.706181690967142,25.76660821466001,25.973632878931074,1018894.0,16729862.0,0.013109263997917533,16.6,16.77,16.18,16.31,2026-07-23,16.78,1.5924974174697164
003009,中天火箭,2026-07-24,54.43108876205531,56.38638030010973,53.469296708201526,53.469296708201526,4696994.0,243356920.0,0.028520680795895967,51.5,53.35,50.59,50.59,2026-07-23,52.97,1.056914344894278
003010,若羽臣,2026-07-24,67.79147576725596,70.91458263903571,66.96055742522282,66.96055742522282,11953568.0,287878894.0,0.05285863917241233,23.66,24.75,23.37,23.37,2026-07-23,24.24,2.8652356621832613
003011,海象新材,2026-07-24,26.87489424361806,27.192002140297916,26.034558317416437,26.573641741772196,1664350.0,27841709.0,0.02165850381751707,16.95,17.15,16.42,16.76,2026-07-23,16.96,1.5855394833992955
003012,东鹏控股,2026-07-24,5.489787532477428,5.538694325639811,5.3430671529902805,5.3430671529902805,9090500.0,40194709.0,0.008012164401949066,4.49,4.53,4.37,4.37,2026-07-23,4.51,1.2226698290595608
003013,地铁设计,2026-07-24,18.144207026856915,19.866451276732366,18.035050701160582,19.854322796099446,10896617.0,174424332.0,0.02707392808198372,14.96,16.38,14.87,16.37,2026-07-23,15.08,1.2128480632925744
003015,日久光电,2026-07-24,11.927635961081386,12.161948734872508,11.336275151037128,11.336275151037128,6040484.0,62793634.0,0.02445116224528803,10.69,10.9,10.16,10.16,2026-07-23,10.31,1.1157751132910558
003016,欣贺股份,2026-07-24,7.462381123324528,7.569839411500401,7.354922835148655,7.354922835148655,3807300.0,23671323.0,0.009266145019508992,6.25,6.34,6.16,6.16,2026-07-23,6.32,1.1939809797319245
003017,大洋生物,2026-07-24,31.870616431884788,31.96622828118044,31.153527562167383,31.249139411463034,1219340.0,24058213.0,0.014665120046180202,20.0,20.06,19.55,19.61,2026-07-23,20.11,1.5935308215942394
003018,金富科技,2026-07-24,41.89344519063652,43.52319285859094,40.96694480405969,41.301824461858544,8023117.0,301903765.0,0.028199617510085373,37.53,38.99,36.7,37.0,2026-07-23,38.17,1.116265525996177
003019,宸展光电,2026-07-24,34.91495503704907,36.21844669176557,34.542528849987214,35.56670086440732,6103996.0,139319780.0,0.035686469117336764,22.5,23.34,22.26,22.92,2026-07-23,22.86,1.5517757794244031
003020,立方制药,2026-07-24,43.22443739460972,44.44277325254603,41.31747692131812,41.31747692131812,10233851.0,163690263.0,0.06071763246673779,16.32,16.78,15.6,15.6,2026-07-23,16.59,2.6485562129050075
003021,兆威机电,2026-07-24,175.88651466433308,178.7006988989624,172.60329972393217,172.65020279450934,2504494.0,186458323.0,0.012076497040780997,75.0,76.2,73.6,73.62,2026-07-23,76.66,2.3451535288577743
003022,联泓新科,2026-07-24,25.64760585474399,25.798635653674495,25.098406585905792,25.16705649451056,9372700.0,173437487.0,0.00702373836145582,18.68,18.79,18.28,18.33,2026-07-23,18.86,1.3729981720955027
003023,彩虹集团,2026-07-24,25.250131570021225,26.393260735655424,25.105431675637153,25.5829413271046,2511428.0,44785725.0,0.023890986474793065,17.45,18.24,17.35,17.68,2026-07-23,17.61,1.446998943840758
003025,思进智能,2026-07-24,42.97394380647425,43.36532762984834,42.50428321842535,42.89566704179944,3092060.0,33891056.0,0.013656548049923414,10.98,11.08,10.86,10.96,2026-07-23,11.07,3.9138382337408246
003026,中晶科技,2026-07-24,37.239560789453684,38.450603416753,36.95056198066636,37.47351220609105,7893482.0,216846435.0,0.05460316826103416,27.06,27.94,26.85,27.23,2026-07-23,27.55,1.3761848037492124
003027,同兴科技,2026-07-24,24.296733695458766,24.673046742593815,23.658637659012374,23.936782085155674,1706200.0,25098809.0,0.016271068563853044,14.85,15.08,14.46,14.63,2026-07-23,15.0,1.6361436831958764
003028,振邦智能,2026-07-24,28.796492886460452,29.008960861520418,28.385721468011187,28.810657418131118,789800.0,16016752.0,0.01117214991531417,20.33,20.48,20.04,20.34,2026-07-23,20.39,1.4164531670664267
003029,吉大正元,2026-07-24,15.742705986265408,15.908309731025593,15.473599901030099,15.504650603172635,2041000.0,30901057.0,0.011590070638272118,15.21,15.37,14.95,14.98,2026-07-23,15.44,1.0350234047511773
003030,祖名股份,2026-07-24,22.033027354888393,22.257200598324758,21.5313062862451,21.93695310770138,1832513.0,37581705.0,0.022635095512940667,20.64,20.85,20.17,20.55,2026-07-23,20.78,1.0674916354112594
003031,中瓷电子,2026-07-24,300.792088540014,309.9577342568465,292.27910490208905,300.792088540014,6838557.0,729448476.0,0.02010413753548453,106.0,109.23,103.0,106.0,2026-07-23,107.59,2.8376612126416414
003033,征和工业,2026-07-24,73.48589841679932,74.7639140414393,72.78298982324733,73.379397114746,1566217.0,108549029.0,0.019397403451283508,69.0,70.2,68.34,68.9,2026-07-23,69.84,1.0650130205333235
003035,南网能源,2026-07-24,5.651222414482864,5.6609996158920035,5.289465962344687,5.299243163753827,63090869.0,349617660.0,0.016655989419864188,5.78,5.79,5.41,5.42,2026-07-23,5.85,0.9777201409139902
003036,泰坦股份,2026-07-24,57.959548589953705,59.507260863315906,55.64936041721453,56.29803394355016,5584410.0,281275728.0,0.02578202643160824,50.93,52.29,48.9,49.47,2026-07-23,51.51,1.1380237304133851
003037,三和管桩,2026-07-24,5.650127970473562,5.693013192260838,5.564357526899012,5.6072427486862875,2641300.0,13803971.0,0.004408966189019928,5.27,5.31,5.19,5.23,2026-07-23,5.32,1.0721305446818905
003038,鑫铂股份,2026-07-24,17.110629097626212,17.181261209484322,16.845758678158315,16.916390790016422,3252500.0,31297972.0,0.019835700027620563,9.69,9.73,9.54,9.58,2026-07-23,9.77,1.7658027964526537
003039,顺控发展,2026-07-24,12.231233015309053,12.337684129454475,11.911879672872784,11.922524784287326,3314049.0,37511425.0,0.005366718188450737,11.49,11.59,11.19,11.2,2026-07-23,11.55,1.0645111414542257
003040,楚天龙,2026-07-24,10.796625475252274,10.94252581951244,10.504824786731943,10.504824786731943,11280690.0,116251775.0,0.024692313952901387,10.36,10.5,10.08,10.08,2026-07-23,10.43,1.042145316144042
003041,真爱美家,2026-07-24,56.438590007480514,56.924292159007884,54.690062261981986,54.754822548852296,1095100.0,37556265.0,0.008003747896924065,34.86,35.16,33.78,33.82,2026-07-23,34.94,1.6190071717579035
003042,中农联合,2026-07-24,15.523053315457247,15.629649389726481,15.163291564798582,15.269887639067816,2919600.0,33628894.0,0.023678641036108426,11.65,11.73,11.38,11.46,2026-07-23,11.79,1.3324509283654289
003043,华亚智能,2026-07-24,88.9764566872993,99.35611819729615,87.68593727496012,95.13764613975734,10088675.0,697730239.0,0.10730670179329113,64.12,71.6,63.19,68.56,2026-07-23,65.09,1.387655282085142
003816,中国广核,2026-07-24,4.8046899918718475,4.827789462986615,4.689192636298005,4.689192636298005,102821742.0,423631256.0,0.0026139893133103123,4.16,4.18,4.06,4.06,2026-07-23,4.16,1.1549735557384249
600000,浦发银行,2026-07-24,149.7925131018791,150.45239201422217,148.8026947333645,149.13263418953602,50675120.0,459278079.0,0.0015215086179049876,9.08,9.12,9.02,9.04,2026-07-23,9.05,16.496972808576995
600004,白云机场,2026-07-24,20.575305465350624,20.763085306625012,20.52165408212937,20.575305465350624,11328433.0,87144972.0,0.004786557437516529,7.67,7.74,7.65,7.67,2026-07-23,7.96,2.6825691610626627
600006,东风股份,2026-07-24,20.673809737927204,20.98237406237388,20.442386494592196,20.5580981162597,22609822.0,121468125.0,0.011304911,5.36,5.44,5.3,5.33,2026-07-23,5.33,3.857054055583433
600007,中国国贸,2026-07-24,41.968573400226745,42.144358000855966,41.419246523260426,41.44121959833908,1455202.0,27616007.0,0.0014446810610537202,19.1,19.18,18.85,18.86,2026-07-23,19.05,2.1973075078652746
600008,首创环保,2026-07-24,30.012216209998492,30.114646982046267,29.500062349759606,29.602493121807385,64377250.0,187012263.0,0.008770036749455442,2.93,2.94,2.88,2.89,2026-07-23,2.93,10.243077204777641
600009,上海机场,2026-07-24,73.59466496204962,73.96141578411964,72.43328735882791,72.43328735882791,8248843.0,197162205.0,0.0040311418550265845,24.08,24.2,23.7,23.7,2026-07-23,24.2,3.056256850583456
600010,包钢股份,2026-07-24,18.71779223750296,18.80287311130979,18.37746874227563,18.37746874227563,356237311.0,776618380.0,0.011374765337349031,2.2,2.21,2.16,2.16,2026-07-23,2.22,8.508087380683163
600011,华能国际,2026-07-24,38.61921202565327,38.829384608105805,37.04291765725926,37.253090239711796,173749549.0,1250088860.0,0.015798702664436042,7.35,7.39,7.05,7.09,2026-07-23,7.43,5.25431456131337
600012,皖通高速,2026-07-24,52.85842595468056,54.500919416549166,52.64938133226092,53.36610575198541,6792573.0,122121015.0,0.005827533459162663,17.7,18.25,17.63,17.87,2026-07-23,17.99,2.9863517488520093
600015,华夏银行,2026-07-24,42.805044434782864,43.4191770665588,42.805044434782864,43.05069748749324,82585057.0,580314064.0,0.005367118662290288,6.97,7.07,6.97,7.01,2026-07-23,6.98,6.141326317759378
600016,民生银行,2026-07-24,132.7204826199368,133.47457627118646,131.96638896868717,131.96638896868717,220792263.0,777273159.0,0.006226143360729741,3.52,3.54,3.5,3.5,2026-07-23,3.53,37.70468256248205
600017,日照港,2026-07-24,9.924453966079213,9.997160588541332,9.779040721154976,9.815394032386036,27588100.0,74951762.0,0.008969832433889258,2.73,2.75,2.69,2.7,2026-07-23,2.74,3.635331123105939
600018,上港集团,2026-07-24,8.72965172291205,8.814077755048531,8.645225690775572,8.678996103630164,38268401.0,197747341.0,0.0016461850840120838,5.17,5.22,5.12,5.14,2026-07-23,5.18,1.6885206427296038
600019,宝钢股份,2026-07-24,20.244612031570313,20.414164896156326,20.00723802114989,20.041148594067092,65911015.0,392017808.0,0.0030779266036987775,5.97,6.02,5.9,5.91,2026-07-23,5.97,3.3910572917203203
600020,中原高速,2026-07-24,17.74630522624877,17.887148918520584,17.464617841705138,17.511565739129075,13112860.0,49325545.0,0.005834753205183004,3.78,3.81,3.72,3.73,2026-07-23,3.79,4.694789742393854
600021,上海电力,2026-07-24,35.53571882728152,35.55925241590886,33.41769585082103,33.44122943944837,78917661.0,1152307668.0,0.02796638351700953,15.1,15.11,14.2,14.21,2026-07-23,15.34,2.3533588627338755
600022,山东钢铁,2026-07-24,8.1092534990453,8.168880363008869,7.870746043191026,7.870746043191026,89548810.0,120235394.0,0.008369947586235589,1.36,1.37,1.32,1.32,2026-07-23,1.36,5.962686396356838
600023,浙能电力,2026-07-24,10.755427960627587,10.814740982469282,10.577488895102496,10.597259902383064,49808342.0,268591812.0,0.0037146196387361527,5.44,5.47,5.35,5.36,2026-07-23,5.45,1.9771007280565416
600025,华能水电,2026-07-24,12.69474815733929,12.73201258441563,12.446318643497033,12.47116159488126,30111379.0,304570662.0,0.0016161895047408005,10.22,10.25,10.02,10.04,2026-07-23,10.17,1.2421475692112809
600026,中远海能,2026-07-24,28.99488844038268,29.498521738354587,27.59190996746094,27.96963494093987,77358702.0,1224021789.0,0.0202086898011235,16.12,16.4,15.34,15.55,2026-07-23,16.01,1.79869034989967
600027,华电国际,2026-07-24,11.012705308840097,11.126708469387095,10.670695827199099,10.6934964593085,91449300.0,435384672.0,0.009923231549359129,4.83,4.88,4.68,4.69,2026-07-23,4.86,2.2800632109399785
600028,中国石化,2026-07-24,23.62896139955059,23.763984036119453,23.178885944321056,23.358916126412872,264841412.0,1376555184.0,0.00279508699853848,5.25,5.28,5.15,5.19,2026-07-23,5.19,4.5007545522953505
600029,南方航空,2026-07-24,8.669732433113452,8.737464717747152,8.534267863846056,8.534267863846056,71718051.0,364565041.0,0.005321525478559769,5.12,5.16,5.04,5.04,2026-07-23,5.18,1.6933071158424713
600030,中信证券,2026-07-24,190.08963091904204,190.08963091904204,185.37062259902385,185.76941203451833,129621942.0,3651964574.0,0.010645209984073114,28.6,28.6,27.89,27.95,2026-07-23,28.62,6.646490591574896
600031,三一重工,2026-07-24,1062.0306189264859,1062.0306189264859,1035.4266455064837,1041.8115991272841,52701558.0,1032501558.0,0.006218920508720974,19.96,19.96,19.46,19.58,2026-07-23,19.97,53.207946840004304
600032,浙江新能,2026-07-24,7.374296536369084,7.393702579885845,6.869739404933306,6.889145448450066,54346055.0,396683055.0,0.02260016329755459,7.6,7.62,7.08,7.1,2026-07-23,7.79,0.9703021758380375
600033,福建高速,2026-07-24,31.640870330039032,31.908257966630917,31.373482693447155,31.373482693447155,18700536.0,66409443.0,0.0068140708351552256,3.55,3.58,3.52,3.52,2026-07-23,3.55,8.912921219729306
600035,楚天高速,2026-07-24,13.06928752765117,13.106521965051886,12.73417759104473,12.808646465846161,14179796.0,49126644.0,0.00880669273012788,3.51,3.52,3.42,3.44,2026-07-23,3.52,3.7234437400715588
600036,招商银行,2026-07-24,252.32015106638661,252.77095276558637,250.51694426958753,252.44895155187228,98296005.0,3846185674.0,0.004764955634948354,39.18,39.25,38.9,39.2,2026-07-23,38.91,6.440024274282456
600037,歌华有线,2026-07-24,37.769835133377704,37.939969525870396,36.86245170675001,37.25943195589963,14124042.0,92938548.0,0.010148201205358426,6.66,6.69,6.5,6.57,2026-07-23,6.7,5.6711464164230785
600038,中直股份,2026-07-24,82.79859343622611,83.90047585838121,81.25595804520897,81.25595804520897,6577601.0,172443722.0,0.009832941656393961,26.3,26.65,25.81,25.81,2026-07-23,26.39,3.1482354918717155
600039,四川路桥,2026-07-24,124.62777722909108,124.62777722909108,120.0530089882012,122.1324490976966,21578092.0,190796441.0,0.002481498138646567,8.99,8.99,8.66,8.81,2026-07-23,9.52,13.862934063302678
600048,保利发展,2026-07-24,132.2460331668987,132.7556517918193,125.87580035539106,126.13060966785137,150884751.0,759701636.0,0.012604775423198947,5.19,5.21,4.94,4.95,2026-07-23,5.14,25.48093124603058
600050,中国联通,2026-07-24,8.162207877316044,8.199057574279097,8.088508483389939,8.143783028834518,141829139.0,626430860.0,0.004576549419027173,4.43,4.45,4.39,4.42,2026-07-23,4.42,1.842484848152606
600051,宁波联合,2026-07-24,29.68009204353162,29.836029479837393,28.744467425697,28.900404862002766,5676850.0,31855566.0,0.018260582861554298,5.71,5.74,5.53,5.56,2026-07-23,5.72,5.197914543525678
600052,东望时代,2026-07-24,14.225911815671154,14.386203779791392,13.70496293228038,13.70496293228038,9893920.0,34326014.0,0.011719949816650184,3.55,3.59,3.42,3.42,2026-07-23,3.58,4.007299103005959
600054,黄山旅游,2026-07-24,51.54238362588744,51.77624199079619,50.60695016625247,50.60695016625247,5880900.0,64139128.0,0.011457042665108124,11.02,11.07,10.82,10.82,2026-07-23,11.07,4.677167298174904
600055,万东医疗,2026-07-24,158.35259924191053,159.26093155113753,156.08176846884297,156.08176846884297,5326423.0,55370771.0,0.0075760461191693535,10.46,10.52,10.31,10.31,2026-07-23,10.48,15.138871820450335
600056,中国医药,2026-07-24,134.813814239376,136.39310279809072,132.08595218341418,132.08595218341418,13975038.0,130354856.0,0.009345654319806678,9.39,9.5,9.2,9.2,2026-07-23,9.44,14.357168715588498
600057,厦门象屿,2026-07-24,81.86042254172584,82.37934756576213,80.82257249365325,81.0820350056714,11178531.0,70218607.0,0.005342163298567375,6.31,6.35,6.23,6.25,2026-07-23,6.3,12.973125600907423
600058,五矿发展,2026-07-24,39.649100379943846,40.508960388183596,39.362480377197265,39.88795038223266,8273747.0,69018171.0,0.007718690479621488,8.3,8.48,8.24,8.35,2026-07-23,8.41,4.777000045776367
600059,古越龙山,2026-07-24,68.1859640635575,68.36012999986289,66.87971954126714,66.96680250941982,5552770.0,42918914.0,0.006091620006714926,7.83,7.85,7.68,7.69,2026-07-23,7.83,8.708296815269158
600060,海信视像,2026-07-24,188.5919401646336,188.5919401646336,175.7597705117378,180.87898712858453,15303471.0,404690583.0,0.011770373146824841,27.63,27.63,25.75,26.5,2026-07-23,27.74,6.825622155795642
600061,国投资本,2026-07-24,67.48772494297017,68.01251285076933,65.91336121957274,66.1232763826924,37196879.0,236759732.0,0.005817468947827157,6.43,6.48,6.28,6.3,2026-07-23,6.48,10.49575815598292
600062,华润双鹤,2026-07-24,150.96908291770023,152.30194709884535,147.68135127087572,147.77020888295203,7998644.0,134625871.0,0.007704149881566949,16.99,17.14,16.62,16.63,2026-07-23,17.11,8.885761207633918
600063,皖维高新,2026-07-24,86.51430169692236,86.98619788799648,85.09861312369999,85.72780804513216,38311376.0,209153181.0,0.018515903818537658,5.5,5.53,5.41,5.45,2026-07-23,5.56,15.729873035804065
600064,南京高科,2026-07-24,231.17823276086867,233.9523715539991,228.7123316114194,230.56175747350636,17530308.0,131591831.0,0.010131137005839763,7.5,7.59,7.42,7.48,2026-07-23,7.5,30.82376436811582
600066,宇通客车,2026-07-24,2107.1368921035464,2118.8432081707883,2041.4514519484671,2059.01092604933,15937775.0,508321581.0,0.00719883131136884,32.4,32.58,31.39,31.66,2026-07-23,32.18,65.03508926245514
600067,冠城新材,2026-07-24,62.92176338149088,63.897294596707795,60.970700951057054,61.21458375486127,15502803.0,39502643.0,0.011139722094454548,2.58,2.62,2.5,2.51,2026-07-23,2.61,24.38828038042282
600071,凤凰光学,2026-07-24,83.49364962985048,84.97403348853577,83.49364962985048,84.02658781897718,1347997.0,19168850.0,0.004787365067078361,14.1,14.35,14.1,14.19,2026-07-23,14.36,5.921535434741169
600072,中船科技,2026-07-24,36.16018099222843,37.1072333515487,35.858846150626526,35.901893985141086,24301901.0,205947880.0,0.02243244153144264,8.4,8.62,8.33,8.34,2026-07-23,8.5,4.304783451455766
600073,光明肉业,2026-07-24,17.154922323137,17.290000451665637,16.71591840541893,16.71591840541893,8357900.0,41920675.0,0.008912911718743548,5.08,5.12,4.95,4.95,2026-07-23,5.1,3.3769532132159448
600075,新疆天业,2026-07-24,51.094200419725624,51.542395160249534,49.74961619815391,50.08576225354683,21358320.0,96508282.0,0.012506355093913506,4.56,4.6,4.44,4.47,2026-07-23,4.56,11.204868513097725
600076,康欣新材,2026-07-24,9.215232606931151,9.215232606931151,8.912542484805675,8.946174720597394,9991400.0,26707176.0,0.007431073065566652,2.74,2.74,2.65,2.66,2026-07-23,2.74,3.3632235791719527
600078,澄星股份,2026-07-24,65.17643211793688,66.96775054823958,63.24731996222627,63.38511368763417,18648000.0,175769352.0,0.02814482919184944,9.46,9.72,9.18,9.2,2026-07-23,9.59,6.889686270395019
600081,东风科技,2026-07-24,99.30080869385795,99.72112957721819,98.35508670629739,98.67032736881758,1798939.0,16934491.0,0.0032529003103053877,9.45,9.49,9.36,9.39,2026-07-23,9.47,10.508022084006132
600085,同仁堂,2026-07-24,310.8653939941145,313.0435088605583,303.24199196156127,303.24199196156127,9989681.0,253466645.0,0.007283920969188321,25.69,25.87,25.06,25.06,2026-07-23,25.82,12.100638146909867
600088,中视传媒,2026-07-24,40.27351287176374,40.60483061933766,39.16912037985066,39.27955962904197,4302637.0,46420993.0,0.010818626504376093,10.94,11.03,10.64,10.67,2026-07-23,11.0,3.6813083063769416
600089,特变电工,2026-07-24,1210.5048925163053,1210.5048925163053,1166.3300694244779,1169.7722634316333,200760500.0,4150786829.0,0.039732582958628644,21.1,21.1,20.33,20.39,2026-07-23,21.53,57.36990011925617
600094,大名城,2026-07-24,14.20060345129293,14.27757149167934,13.73879520897446,13.73879520897446,12355552.0,44758823.0,0.005811013996863321,3.69,3.71,3.57,3.57,2026-07-23,3.68,3.8484020193205772
600095,湘财股份,2026-07-24,30.087738274139785,31.142851267916182,29.032625280363387,29.032625280363387,75242118.0,659717861.0,0.026315906741070552,8.84,9.15,8.53,8.53,2026-07-23,9.05,3.4035903025045005
600096,云天化,2026-07-24,88.09186252067057,89.35873545993104,84.73317612356139,84.851024769074,29921977.0,882786782.0,0.016413674787905435,29.9,30.33,28.76,28.8,2026-07-23,30.25,2.9462161378150693
600097,开创国际,2026-07-24,12.43069178450416,12.560685946956491,12.154454189292958,12.170703459599498,2784900.0,21060257.0,0.011558644364967459,7.65,7.73,7.48,7.49,2026-07-23,7.76,1.6249270306541386
600098,广州发展,2026-07-24,40.58491572620218,40.901985380313135,39.189809248113974,39.253223178936175,32755586.0,206743961.0,0.009343082570925738,6.4,6.45,6.18,6.19,2026-07-23,6.41,6.34139308221909
600099,林海股份,2026-07-24,22.14557926216613,22.372422583673593,21.578470958397475,21.805314279904938,3198000.0,24722618.0,0.014594742606790799,7.81,7.89,7.61,7.69,2026-07-23,7.91,2.8355415188432946
600100,同方股份,2026-07-24,141.7176861621645,142.52866004578206,137.66281674407685,137.66281674407685,30585259.0,210448607.0,0.009129116759182768,6.99,7.03,6.79,6.79,2026-07-23,7.05,20.274347090438415
600101,明星电力,2026-07-24,83.62909314072458,84.22644380601548,78.85028781839746,78.94984626261261,26067299.0,212771566.0,0.04758000480014628,8.4,8.46,7.92,7.93,2026-07-23,8.54,9.955844421514831
600103,青山纸业,2026-07-24,14.77759753934188,14.77759753934188,14.28317977780256,14.28317977780256,64625869.0,170617651.0,0.029211689412854326,2.69,2.69,2.6,2.6,2026-07-23,2.71,5.493530683770215
600104,上汽集团,2026-07-24,115.13619993094723,117.00565112371332,114.14649047595341,114.14649047595341,40401810.0,423163934.0,0.00351464416460946,10.47,10.64,10.38,10.38,2026-07-23,10.61,10.996771722153508
600105,永鼎股份,2026-07-24,441.5745371840538,450.86950293216097,422.34796419824295,427.441096115014,93364152.0,3187013864.0,0.06386079613434904,34.68,35.41,33.17,33.57,2026-07-23,35.36,12.732829791927733
600106,重庆路桥,2026-07-24,36.07483607542869,36.16176339127309,34.77092633776259,34.9447809694514,13930921.0,56648707.0,0.010482060420317341,4.15,4.16,4.0,4.02,2026-07-23,4.17,8.692731584440647
600108,亚盛集团,2026-07-24,31.900927255320003,32.33348220115485,30.927678627191593,31.035817363650306,57434500.0,167225369.0,0.029500258835372207,2.95,2.99,2.86,2.87,2026-07-23,2.98,10.813873645871187
600109,国金证券,2026-07-24,80.29319672812973,80.85468761434043,78.88946951260299,78.98305132697143,26922594.0,228720193.0,0.007265841463371552,8.58,8.64,8.43,8.44,2026-07-23,8.62,9.358181436844957
600110,诺德股份,2026-07-24,136.47896841038346,138.9052611821236,131.7780261651369,131.92966946337066,77313427.0,686733877.0,0.04455640652464247,9.0,9.16,8.69,8.7,2026-07-23,9.14,15.16432982337594
600111,北方稀土,2026-07-24,807.1052013914443,807.1052013914443,791.4510199034994,793.4840304863494,51139340.0,2006828874.0,0.014146171116957488,39.7,39.7,38.93,39.03,2026-07-23,40.27,20.330105828499857
600113,浙江东日,2026-07-24,149.11941684044342,150.29964622355774,143.06432696185692,143.16695560386688,4726960.0,134356080.0,0.011489066603511509,29.06,29.29,27.88,27.9,2026-07-23,29.29,5.131432100497021
600114,东睦股份,2026-07-24,187.61123262444156,190.97934871815767,182.7382135952353,184.52976470891406,12880983.0,334648408.0,0.020897677307466177,26.18,26.65,25.5,25.75,2026-07-23,26.66,7.16620445471511
600115,中国东航,2026-07-24,4.991289412993778,5.018865597595954,4.867196582283988,4.880984674585076,137257770.0,490614167.0,0.008062147021309573,3.62,3.64,3.53,3.54,2026-07-23,3.66,1.3788092301087784
600116,三峡水利,2026-07-24,43.381511223108106,43.71521515559355,42.51388099864594,42.51388099864594,30297475.0,195365906.0,0.015844775480232623,6.5,6.55,6.37,6.37,2026-07-23,6.51,6.674078649708939
600117,西宁特钢,2026-07-24,6.114406779661018,6.16949152542373,5.921610169491526,5.921610169491526,10964000.0,23928806.0,0.00336823752207156,2.22,2.24,2.15,2.15,2026-07-23,2.23,2.7542372881355934
600118,中国卫星,2026-07-24,1044.0950266391442,1055.067167869881,1005.7796128175243,1006.3020957332736,30024000.0,1770015177.0,0.02539050813350602,59.95,60.58,57.75,57.78,2026-07-23,61.07,17.41609719164544
600120,浙江东方,2026-07-24,428.7887724835716,434.88942575061435,422.68811921652895,422.68811921652895,39281298.0,192544523.0,0.011501291463928797,4.92,4.99,4.85,4.85,2026-07-23,4.96,87.15218952918123
600121,郑州煤电,2026-07-24,17.756501524543232,18.03394686086422,16.831683736806607,16.831683736806607,76547755.0,286515264.0,0.0628258360986417,3.84,3.9,3.64,3.64,2026-07-23,3.89,4.624088938683133
600123,兰花科创,2026-07-24,84.05011452023261,88.38653924510045,81.75436025412611,81.75436025412611,38015662.0,252064371.0,0.025804119802688957,6.59,6.93,6.41,6.41,2026-07-23,6.69,12.754190367258364
600125,铁龙物流,2026-07-24,99.05040270705213,99.59264943720021,97.42366251660782,97.78516033670657,8563355.0,46696749.0,0.006559334753819682,5.48,5.51,5.39,5.41,2026-07-23,5.5,18.074891004936518
600126,杭钢股份,2026-07-24,38.619638861557306,38.985124402833875,36.974953925812756,36.974953925812756,98243279.0,609914832.0,0.029090251266810696,6.34,6.4,6.07,6.07,2026-07-23,6.5,6.091425687942793
600127,金健米业,2026-07-24,31.870314539709064,32.09836687988587,31.015118264046034,31.072131349090235,9397100.0,51832150.0,0.014642171587602965,5.59,5.63,5.44,5.45,2026-07-23,5.63,5.7013085044202265
600128,苏豪弘业,2026-07-24,24.264559275222503,24.29734922018902,23.54318048595913,23.805500045691264,3098600.0,22555479.0,0.012556758892479763,7.4,7.41,7.18,7.26,2026-07-23,7.43,3.2789944966516895
600129,太极集团,2026-07-24,45.03271070187592,45.82740559661491,43.355021479649174,43.355021479649174,30499363.0,460954898.0,0.055310767453198885,15.3,15.57,14.73,14.73,2026-07-23,15.75,2.9433144249592105
600130,波导股份,2026-07-24,21.91823712180912,22.22181381324692,21.37179907722108,22.03966779838424,16513500.0,59495503.0,0.022018,3.61,3.66,3.52,3.63,2026-07-23,3.65,6.071533828755989
600131,国网信通,2026-07-24,84.14897113678904,84.74309095867908,81.28639381313704,81.34040470603614,9202400.0,140468147.0,0.007694924641552823,15.58,15.69,15.05,15.06,2026-07-23,15.72,5.401089289909438
600132,重庆啤酒,2026-07-24,278.0422833916599,282.05461848457225,272.7134008463857,272.7134008463857,2507622.0,110136508.0,0.005181345522962298,44.35,44.99,43.5,43.5,2026-07-23,44.5,6.269273582675534
600133,东湖高新,2026-07-24,36.01083928669049,37.65428698568039,35.67248240748669,37.0259099243019,18338099.0,138560983.0,0.017198849367737256,7.45,7.79,7.38,7.66,2026-07-23,7.48,4.833669702911475
600135,乐凯胶片,2026-07-24,19.799351583534214,19.947107938635217,19.356082518231208,19.44473633129181,5581600.0,37079586.0,0.010087707188445092,6.7,6.75,6.55,6.58,2026-07-23,6.79,2.955127102020032
600137,浪莎股份,2026-07-24,25.647562650687455,25.697075319897277,24.640805043421086,25.02040217402972,1099300.0,16733665.0,0.011307624706755736,15.54,15.57,14.93,15.16,2026-07-23,15.57,1.6504223069940447
600138,中青旅,2026-07-24,38.10196318366848,38.31968868757516,36.79561016022842,36.90447291218176,8927658.0,61293762.0,0.012333745026525199,7.0,7.04,6.76,6.78,2026-07-23,7.02,5.443137597666926
600141,兴发集团,2026-07-24,116.13436352577013,122.1602031426733,114.96049866533444,115.899590553683,42555862.0,1283350555.0,0.03541187533401416,29.68,31.22,29.38,29.62,2026-07-23,29.83,3.9128828681189396
600143,金发科技,2026-07-24,305.3125157396333,308.942105087587,299.97488434558375,299.97488434558375,25219586.0,358617909.0,0.009571632332455463,14.3,14.47,14.05,14.05,2026-07-23,14.57,21.35052557619813
600148,长春一东,2026-07-24,40.240635354228175,41.20151883229585,40.09504694846034,40.59004752807096,1561939.0,21751332.0,0.01103715504451956,13.82,14.15,13.77,13.94,2026-07-23,13.98,2.911768115356597
600149,廊坊发展,2026-07-24,12.918527166070424,13.179800749204434,12.454040796054409,12.51210159230641,10514750.0,45872947.0,0.027658748947811448,4.45,4.54,4.29,4.31,2026-07-23,4.51,2.9030398126000954
600150,中国船舶,2026-07-24,112.90699177703684,113.47655226968062,110.3272177809443,110.76276404002486,79452246.0,2651994948.0,0.01308619986673404,33.7,33.87,32.93,33.06,2026-07-23,33.76,3.3503558390812116
600151,航天机电,2026-07-24,42.717058020317296,44.173321361919015,42.23163690645005,42.3287211292235,28536117.0,253623457.0,0.019896162801098606,8.8,9.1,8.7,8.72,2026-07-23,8.89,4.85421113867242
600152,维科技术,2026-07-24,22.994070769827772,23.559498739577634,22.52288079503622,22.64853145498063,19096900.0,139631284.0,0.03609458410659081,7.32,7.5,7.17,7.21,2026-07-23,7.39,3.141266498610351
600153,建发股份,2026-07-24,198.54138645199112,200.6071349815494,196.47563792243284,196.47563792243284,12226133.0,105739928.0,0.004216578874518989,8.65,8.74,8.56,8.56,2026-07-23,8.65,22.952761439536545
600155,华创云信,2026-07-24,16.714672390356885,16.744255881313265,16.359670498880277,16.359670498880277,25077192.0,139752281.0,0.011328986120920054,5.65,5.66,5.53,5.53,2026-07-23,5.67,2.958349095638386
600156,华升股份,2026-07-24,13.39704840688662,13.666529265645833,13.243059344738498,13.416297039655134,9003100.0,62927270.0,0.022389605537034427,6.96,7.1,6.88,6.97,2026-07-23,7.09,1.924863276851526
600157,永泰能源,2026-07-24,81.71465462038314,82.22219905901906,79.17693242720354,79.17693242720354,517546496.0,821547026.0,0.02372133517258718,1.61,1.62,1.56,1.56,2026-07-23,1.62,50.75444386359201
600158,中体产业,2026-07-24,44.855250556729565,45.76667799910143,42.77198783130817,42.96729371181642,85715109.0,576653278.0,0.08933188296017235,6.89,7.03,6.57,6.6,2026-07-23,6.88,6.510196016941882
600159,大龙地产,2026-07-24,11.691708118176496,11.901424855722263,11.48199138063073,11.48199138063073,12736400.0,28227225.0,0.015345000487901715,2.23,2.27,2.19,2.19,2026-07-23,2.25,5.2429184386441685
600160,巨化股份,2026-07-24,473.0880545740205,480.75656418681626,466.24538445798726,469.31278830310555,37855636.0,1515546394.0,0.014021924604842124,40.1,40.75,39.52,39.78,2026-07-23,40.83,11.797707096608988
600161,天坛生物,2026-07-24,238.05640567421815,241.33329546892398,231.88814253124244,232.27365897767845,9876909.0,120498945.0,0.004994968962447534,12.35,12.52,12.03,12.05,2026-07-23,12.42,19.27582232179904
600162,香江控股,2026-07-24,26.178459682179934,29.425400417954187,25.46819139622931,27.59899625408117,234498715.0,640156953.0,0.07174641411185939,2.58,2.9,2.51,2.72,2026-07-23,2.65,10.146689799294547
600163,中闽能源,2026-07-24,12.737990211170438,12.857933621821761,12.16226184004409,12.210239204304619,37688914.0,195078174.0,0.01980503961536406,5.31,5.36,5.07,5.09,2026-07-23,5.39,2.398868213026448
600166,福田汽车,2026-07-24,81.43872599411074,81.9607691094576,76.74033795598896,77.0013595136624,215085259.0,644823786.0,0.027166146592318714,3.12,3.14,2.94,2.95,2026-07-23,3.14,26.102155767343184
600167,联美控股,2026-07-24,26.16419687256622,26.480517042010025,25.486367938043777,25.576745129313437,8077388.0,46188993.0,0.003569579089677079,5.79,5.86,5.64,5.66,2026-07-23,5.86,4.518859563482939
600168,武汉控股,2026-07-24,14.122503439832412,14.256366031679166,13.854778256138907,13.888243904100596,4112805.0,17157890.0,0.004140139988605107,4.22,4.26,4.14,4.15,2026-07-23,4.25,3.3465647961688183
600170,上海建工,2026-07-24,43.60968450312558,43.980830754216015,42.49624574985429,42.6818188753995,124042083.0,287967568.0,0.013959365759120322,2.35,2.37,2.29,2.3,2026-07-23,2.36,18.557312554521523
600171,上海贝岭,2026-07-24,65.52309430893345,67.01558104844018,65.25971429607931,65.55235875480612,12180600.0,275224028.0,0.017181830458181453,22.39,22.9,22.3,22.4,2026-07-23,22.66,2.9264445872681306
600172,黄河旋风,2026-07-24,107.59059566459692,110.24481300257818,103.51447618126858,104.55720442118978,129850392.0,1459162241.0,0.10174323759168176,11.35,11.63,10.92,11.03,2026-07-23,11.87,9.479347635647306
600173,卧龙新能,2026-07-24,15.174929016496822,15.852157253596681,14.773608579696905,14.798691106996902,21200900.0,128938483.0,0.030269001014202636,6.05,6.32,5.89,5.9,2026-07-23,6.14,2.508252729999475
600176,中国巨石,2026-07-24,814.5387931789516,842.5589276643075,797.813596625677,811.0634276613881,148089065.0,5572799537.0,0.037287125765080927,37.5,38.79,36.73,37.34,2026-07-23,38.36,21.72103448477204
600177,雅戈尔,2026-07-24,434.0124199324133,442.9958594135499,432.8894899972712,434.57388489998436,26993169.0,210683843.0,0.005993897423701943,7.73,7.89,7.71,7.74,2026-07-23,7.73,56.14649675710392
600178,东安动力,2026-07-24,18.812257912010832,20.78098257722127,18.702884319499145,20.78098257722127,17288184.0,161445296.0,0.03706123794823461,8.6,9.5,8.55,9.5,2026-07-23,8.64,2.187471850233818
600179,安通控股,2026-07-24,9.662673864471778,9.707932290066493,9.368494098106126,9.368494098106126,31814200.0,133970344.0,0.00823715846518727,4.27,4.29,4.14,4.14,2026-07-23,4.29,2.2629212797357794
600182,S佳通,2026-07-24,17.064365396577983,17.064365396577983,16.706649662332946,16.733147124128877,1050400.0,13357413.0,0.006178823529411764,12.88,12.88,12.61,12.63,2026-07-23,12.89,1.3248730897964272
600183,生益科技,2026-07-24,1833.8822875859987,1836.5484600419027,1747.6760448451012,1758.3407346687175,60458645.0,7261157013.0,0.025068383395112356,123.81,123.99,117.99,118.71,2026-07-23,125.1,14.812069199466915
600184,光电股份,2026-07-24,57.363333645345826,60.538803900713184,57.056030072245754,57.499913011168076,22245988.0,381788738.0,0.038175629640990257,16.8,17.73,16.71,16.84,2026-07-23,17.08,3.414484145556299
600185,珠免集团,2026-07-24,33.284235194156736,33.646808562284804,32.269029763398144,32.34154443702376,18144118.0,82043952.0,0.009625497199068293,4.59,4.64,4.45,4.46,2026-07-23,4.62,7.251467362561381
600186,莲花控股,2026-07-24,42.74476021893449,43.849795148213644,42.19224275429492,42.594073637669155,96289208.0,822572849.0,0.05408630079003311,8.51,8.73,8.4,8.48,2026-07-23,8.71,5.022886042177966
600188,兖矿能源,2026-07-24,195.45254455100695,197.70119324579534,176.83373335815907,177.46335499269983,73476461.0,1519488122.0,0.012325469248165619,21.73,21.98,19.66,19.73,2026-07-23,22.15,8.994594779153564
600189,泉阳泉,2026-07-24,19.859853888384556,19.99931915445467,19.134634504819953,19.190420611247998,13752570.0,95681161.0,0.019229043726436905,7.12,7.17,6.86,6.88,2026-07-23,7.19,2.7893053214023253
600191,华资实业,2026-07-24,22.020414581287294,23.253977734231874,22.020414581287294,22.335366875656124,7636445.0,65583686.0,0.015747455313322282,8.39,8.86,8.39,8.51,2026-07-23,8.46,2.624602453073575
600192,长城电工,2026-07-24,11.224439450347429,11.314378869020084,10.936633310594932,10.936633310594932,6415800.0,39446298.0,0.01452366507601619,6.24,6.29,6.08,6.08,2026-07-23,6.25,1.7987883734531136
600195,中牧股份,2026-07-24,42.55624390777045,43.28540073485063,41.56193914357021,41.56193914357021,6749872.0,42892921.0,0.006610080303128559,6.42,6.53,6.27,6.27,2026-07-23,6.47,6.628698428001628
600196,复星医药,2026-07-24,344.3926510275658,346.4434792344505,331.648218599068,332.08768178625763,29281505.0,675673492.0,0.013821883152959279,23.51,23.65,22.64,22.67,2026-07-23,23.71,14.648772906319259
600197,伊力特,2026-07-24,43.14056170072701,43.394828272637,42.504895270952055,42.504895270952055,4144100.0,41820718.0,0.008758075719417613,10.18,10.24,10.03,10.03,2026-07-23,10.2,4.237776198499707
600198,大唐电信,2026-07-24,12.731548066212019,12.862415667479985,12.41372674884696,12.432422120456671,14815446.0,99880549.0,0.011379429494503,6.81,6.88,6.64,6.65,2026-07-23,6.9,1.869537160970928
600199,金种子酒,2026-07-24,32.02658815467671,32.25404971827527,30.343372584047394,30.43435720948682,21757168.0,148384291.0,0.03307581795195776,7.04,7.09,6.67,6.69,2026-07-23,7.09,4.549231271971124
600201,生物股份,2026-07-24,188.3845987038797,191.66085259438196,182.978779784551,183.3064051736012,11056200.0,125945084.0,0.009974502813634913,11.5,11.7,11.17,11.19,2026-07-23,11.56,16.38126945251128
600202,哈空调,2026-07-24,21.918757772508133,22.12077397317641,21.36321322067037,21.46422132100451,5949000.0,25547921.0,0.015518833336839353,4.34,4.38,4.23,4.25,2026-07-23,4.39,5.050405016706943
600203,福日电子,2026-07-24,16.300436301508064,16.531270366779967,15.92755050376115,15.92755050376115,15651538.0,142429137.0,0.026394355089247815,9.18,9.31,8.97,8.97,2026-07-23,9.36,1.7756466559376978
600206,有研新材,2026-07-24,172.3578648685504,189.38345883727305,170.71836322711783,184.96941595649312,136499259.0,5869981643.0,0.16124118096318593,41.0,45.05,40.61,44.0,2026-07-23,41.57,4.203850362647571
600207,安彩高科,2026-07-24,6.379871074906179,6.4113766110785555,6.080568481268605,6.159332321699546,17678701.0,69762034.0,0.016229227263638055,4.05,4.07,3.86,3.91,2026-07-23,4.08,1.5752768086188096
600208,衢州发展,2026-07-24,19.78828745018946,19.92912935374953,19.36576173950926,19.436182691289293,88833400.0,246843451.0,0.010441190299704521,2.81,2.83,2.75,2.76,2026-07-23,2.84,7.042095178003367
600210,紫江企业,2026-07-24,66.49962841619173,66.60705915676715,64.78073656698483,64.88816730756025,16718590.0,101666227.0,0.011022741108806612,6.19,6.2,6.03,6.04,2026-07-23,6.19,10.743074057543089
600211,西藏药业,2026-07-24,133.86591751267642,134.73903202815174,129.95436448334698,129.989289063966,3337519.0,126219668.0,0.01035470130671336,38.33,38.58,37.21,37.22,2026-07-23,38.51,3.4924580619012895
600212,绿能慧充,2026-07-24,13.740053349430918,13.822658880589819,13.409631224795303,13.437166401848271,7730972.0,38084218.0,0.01455432979390744,4.99,5.02,4.87,4.88,2026-07-23,5.01,2.753517705296777
600215,派斯林,2026-07-24,12.34271065452018,12.595070909538252,11.998583034040996,12.228001447693785,7090156.0,37843271.0,0.015518541644633304,5.38,5.49,5.23,5.33,2026-07-23,5.43,2.2941841365279148
600216,浙江医药,2026-07-24,81.61041327370152,81.94488218056097,77.73057395413211,77.79746773550401,22001765.0,261658541.0,0.023125928526800236,12.2,12.25,11.62,11.63,2026-07-23,12.22,6.68937813718865
600217,中再资环,2026-07-24,13.854867085594693,14.398195206598407,13.62848036850981,13.76431239876074,20496263.0,63147280.0,0.01236462316215071,3.06,3.18,3.01,3.04,2026-07-23,3.08,4.527734341697612
600218,全柴动力,2026-07-24,15.683420089718174,15.836322513991194,15.44314485157486,15.44314485157486,3495400.0,24888570.0,0.008024335743735527,7.18,7.25,7.07,7.07,2026-07-23,7.23,2.184320346757406
600219,南山铝业,2026-07-24,39.764201181156274,39.9334105478846,37.64908409705222,37.73368878041638,407655857.0,1856102475.0,0.03549864605115171,4.7,4.72,4.45,4.46,2026-07-23,4.79,8.460468336416229
600221,海航控股,2026-07-24,4.298792134995426,4.331113880371332,4.266470389619521,4.298792134995426,167078900.0,222212704.0,0.0038995656899274266,1.33,1.34,1.32,1.33,2026-07-23,1.35,3.232174537590546
600222,太龙药业,2026-07-24,28.732441016064154,29.5664741369949,28.732441016064154,28.774142672110692,10032701.0,70059648.0,0.017935933763448996,6.89,7.09,6.89,6.9,2026-07-23,7.05,4.170165604653723
600223,福瑞达,2026-07-24,10.528113015583475,10.645965026951945,10.213840985267549,10.253124989057039,6670851.0,35256091.0,0.0065621246334267936,5.36,5.42,5.2,5.22,2026-07-23,5.41,1.9642001894745287
600226,亨通股份,2026-07-24,166.20228811512743,170.99370543015812,160.21301647133905,161.71033438228616,101712050.0,558496911.0,0.03419603686954958,5.55,5.71,5.35,5.4,2026-07-23,5.66,29.946358218941878
600227,赤天化,2026-07-24,17.88292118254161,19.37777837117512,17.052444966634106,17.329270371936605,227182150.0,743105817.0,0.17781949360554183,3.23,3.5,3.08,3.13,2026-07-23,3.34,5.536508106050034
600229,城市传媒,2026-07-24,8.15194518464918,8.186560663140261,7.944252313702704,7.9788677921937845,3658500.0,16972266.0,0.005537243678061465,4.71,4.73,4.59,4.61,2026-07-23,4.73,1.7307739245539662
600230,沧州大化,2026-07-24,30.680155016799475,30.680155016799475,28.287148076563458,28.332299150907538,24467245.0,318342778.0,0.059105191342716176,13.59,13.59,12.53,12.55,2026-07-23,13.49,2.2575537172037876
600231,凌钢股份,2026-07-24,15.27576623057552,15.367237884650823,14.726936306123708,14.726936306123708,13049800.0,21351701.0,0.004600858997911327,1.67,1.68,1.61,1.61,2026-07-23,1.68,9.147165407530252
600232,金鹰股份,2026-07-24,19.20872895040302,19.243527372414622,18.51276051017103,18.79114788626383,6813901.0,36921526.0,0.01868262832284174,5.52,5.53,5.32,5.4,2026-07-23,5.52,3.479842201159968
600233,圆通速递,2026-07-24,96.88545859833161,97.76076483072761,94.42365981971788,94.42365981971788,15394815.0,268888440.0,0.004496127655564719,17.71,17.87,17.26,17.26,2026-07-23,17.81,5.470663952474964
600234,科新发展,2026-07-24,41.79878329761466,42.412468533631845,40.09410208645583,41.16236897878203,3110300.0,56182734.0,0.011847815298170482,18.39,18.66,17.64,18.11,2026-07-23,18.44,2.272908281545115
600235,民丰特纸,2026-07-24,11.41298412061582,11.435539425202018,11.074654551822862,11.300207597684834,4692801.0,23430640.0,0.013358385994876175,5.06,5.07,4.91,5.01,2026-07-23,5.09,2.2555304586197273
600236,桂冠电力,2026-07-24,83.57975380188365,84.11650451437282,78.36560402341752,82.0461803376289,54042806.0,570993978.0,0.006856155256385667,10.9,10.97,10.22,10.7,2026-07-23,11.36,7.66786732127373
600237,铜峰电子,2026-07-24,33.670751497111794,34.23193068873032,32.93690178499526,32.93690178499526,23933785.0,185516423.0,0.03831761090831845,7.8,7.93,7.63,7.63,2026-07-23,7.98,4.31676301245023
600241,时代万恒,2026-07-24,16.250174988438683,16.453620058716478,15.817854214098375,15.970438016806721,3221300.0,20362295.0,0.010945555046384902,6.39,6.47,6.22,6.28,2026-07-23,6.43,2.5430633784724077
600246,万通发展,2026-07-24,168.49041714241855,173.40372233647201,161.3002144194135,162.019234691714,137872307.0,1904693897.0,0.07293239372379173,14.06,14.47,13.46,13.52,2026-07-23,14.47,11.98367120500843
600248,陕建股份,2026-07-24,12.627503490018047,12.715194486476506,12.276739504184212,12.320585002413443,17225033.0,48836392.0,0.004648204223398785,2.88,2.9,2.8,2.81,2026-07-23,2.88,4.384549822922933
600249,两面针,2026-07-24,16.194916720840368,16.397353179850874,15.857522622489528,15.925001442159694,5958801.0,28334733.0,0.010834183636363636,4.8,4.86,4.7,4.72,2026-07-23,4.86,3.37394098350841
600250,南京商旅,2026-07-24,20.99747183635109,21.24131344477323,20.455601595412997,20.53688213155371,6175000.0,47209540.0,0.019741591108430843,7.75,7.84,7.55,7.58,2026-07-23,7.84,2.709351204690463
600251,冠农股份,2026-07-24,86.86939163530468,88.3736235250935,85.55318873173945,85.92924670418667,10159032.0,93473303.0,0.01307479523933211,9.24,9.4,9.1,9.14,2026-07-23,9.3,9.40144931118016
600252,中恒集团,2026-07-24,86.43198335500189,86.82485600661553,82.89612949047908,82.89612949047908,48648600.0,104391162.0,0.015278300429506585,2.2,2.21,2.11,2.11,2026-07-23,2.2,39.287265161364495
600255,鑫科材料,2026-07-24,42.4153881050475,42.4153881050475,40.89065193133664,41.0292643107649,69846603.0,209582411.0,0.03867160576643112,3.06,3.06,2.95,2.96,2026-07-23,3.1,13.86123794282598
600256,广汇能源,2026-07-24,348.19029740793627,350.56702298751264,320.85795324280815,322.04631603259634,148001610.0,828616442.0,0.023154183568679584,5.86,5.9,5.4,5.42,2026-07-23,5.78,59.418139489408915
600257,大湖股份,2026-07-24,32.47893019586234,32.810347850922156,31.153259575623057,31.35211016865895,17907156.0,85971339.0,0.03721066544009479,4.9,4.95,4.7,4.73,2026-07-23,4.96,6.628353101196395
600258,首旅酒店,2026-07-24,30.345331222444877,30.523086300735347,29.278800752702043,29.304194335314968,13750189.0,160784748.0,0.012314302799112888,11.95,12.02,11.53,11.54,2026-07-23,12.02,2.5393582612924583
600259,中稀有色,2026-07-24,77.24486439348048,79.089645936896,76.03288582135283,76.26884625132459,8467941.0,610616791.0,0.02516955160939865,72.02,73.74,70.89,71.11,2026-07-23,74.04,1.072547408962517
600261,阳光照明,2026-07-24,74.39632262616803,74.6459747155176,72.89841009007068,72.89841009007068,5784200.0,17023573.0,0.004332562188397849,2.98,2.99,2.92,2.92,2026-07-23,2.98,24.965208934955715
600262,北方股份,2026-07-24,21.066704519643547,21.203107642432606,20.111882660120134,20.172506270248608,4838760.0,65634044.0,0.0203309243697479,13.9,13.99,13.27,13.31,2026-07-23,14.06,1.515590253211766
600266,城建发展,2026-07-24,27.225865031308103,27.427538105614094,26.083050943574186,26.217499659778177,33286522.0,131658339.0,0.01603595140138863,4.05,4.08,3.88,3.9,2026-07-23,4.07,6.722435810199532
600267,海正药业,2026-07-24,83.84997456215746,84.76367923047937,81.179145531678,81.2494305061643,48060228.0,562958662.0,0.04071961725002096,11.93,12.06,11.55,11.56,2026-07-23,12.06,7.02849744863013
600268,国电南自,2026-07-24,130.41438547816892,130.41438547816892,122.53095975841778,122.53095975841778,44677703.0,497066762.0,0.043995965713091084,11.58,11.58,10.88,10.88,2026-07-23,11.66,11.262036742501634
600269,赣粤高速,2026-07-24,56.812298857360524,57.52245259307753,56.10214512164352,56.24417586878692,17751657.0,70892141.0,0.007601097750235668,4.0,4.05,3.95,3.96,2026-07-23,4.0,14.203074714340131
600271,航天信息,2026-07-24,134.0522784626846,134.85378685409077,130.24511360350522,130.44549070135673,13907229.0,92050259.0,0.007505717687319937,6.69,6.73,6.5,6.51,2026-07-23,6.74,20.037709785154647
600272,开开实业,2026-07-24,13.773521465548795,13.918923323630404,13.258005786895817,13.258005786895817,3220300.0,32868913.0,0.020126875,10.42,10.53,10.03,10.03,2026-07-23,10.5,1.3218350734691742
600273,嘉化能源,2026-07-24,15.491035030837605,15.581099187993638,14.950650087901408,14.995682166479426,17437048.0,117534375.0,0.013297435141307589,6.88,6.92,6.64,6.66,2026-07-23,6.9,2.2516039289008147
600276,恒瑞医药,2026-07-24,3572.8364507467563,3578.033303766024,3442.915125265056,3472.1474234984385,70483651.0,3790751145.0,0.011049322131030173,55.0,55.08,53.0,53.45,2026-07-23,54.91,64.96066274085011
600278,东方创业,2026-07-24,14.367400219503692,14.414661404436268,14.083833109908223,14.249247257172247,4415900.0,26640906.0,0.005131672583828708,6.08,6.1,5.96,6.03,2026-07-23,6.1,2.3630592466288967
600279,重庆港,2026-07-24,10.436921784003298,10.53776160800333,10.184822224003218,10.235242136003233,7563200.0,31087510.0,0.006372411204472644,4.14,4.18,4.04,4.06,2026-07-23,4.16,2.5209956000007967
600280,中央商场,2026-07-24,29.85796276403932,30.443413014314604,29.03833241365393,29.155422463708987,37223500.0,93619708.0,0.03298976544539545,2.55,2.6,2.48,2.49,2026-07-23,2.58,11.709005005505617
600281,华阳新材,2026-07-24,7.677590529902721,7.7559332904119325,7.305462417483967,7.40339086812048,8278600.0,31421301.0,0.01609363804506796,3.92,3.96,3.73,3.78,2026-07-23,3.91,1.958569012730286
600282,南钢股份,2026-07-24,44.28604872887057,45.460984715554886,43.6533908898867,43.92452996373693,36319607.0,177823345.0,0.005891171263359635,4.9,5.03,4.83,4.86,2026-07-23,4.9,9.037969128340931
600283,钱江水利,2026-07-24,18.954310149076324,18.954310149076324,18.757126168331705,18.855718158704015,1753460.0,13401518.0,0.0031265730288600703,7.69,7.69,7.61,7.65,2026-07-23,7.69,2.464799759307714
600284,浦东建设,2026-07-24,20.480325671424747,20.729074566219378,19.982827881835483,20.02428603096792,12035180.0,58877653.0,0.012404128394980294,4.94,5.0,4.82,4.83,2026-07-23,4.92,4.145814913243876
600285,羚锐制药,2026-07-24,193.84349560588728,194.61715035553385,188.17002744181252,188.34195071951177,6994271.0,155371116.0,0.012346669843277827,22.55,22.64,21.89,21.91,2026-07-23,22.61,8.596163884961742
600287,苏豪时尚,2026-07-24,22.588098843560935,22.855097647858347,21.840502191528184,21.94730171324715,2986000.0,12364668.0,0.006836142029976212,4.23,4.28,4.09,4.11,2026-07-23,4.25,5.339976085948211
600288,大恒科技,2026-07-24,45.79872583286327,47.39744932189546,45.23447048379308,45.23447048379308,42583677.0,418803953.0,0.09749010302197803,9.74,10.08,9.62,9.62,2026-07-23,9.97,4.7021279089182
600292,电投水电,2026-07-24,53.78028878094587,53.78028878094587,51.05075786740064,51.17870462897307,17147595.0,208320613.0,0.03903536499792208,12.61,12.61,11.97,12.0,2026-07-23,12.7,4.264892052414423
600293,三峡新材,2026-07-24,8.721020596867183,8.857820919955296,8.58422027377907,8.6184203545511,27295518.0,69351236.0,0.02352767707288904,2.55,2.59,2.51,2.52,2026-07-23,2.61,3.420008077202817
600295,鄂尔多斯,2026-07-24,113.26111280981979,113.70216075689854,109.64451964377413,109.73272923318989,7105262.0,89620102.0,0.0035965516317650577,12.84,12.89,12.43,12.44,2026-07-23,12.81,8.82095894157475
600298,安琪酵母,2026-07-24,340.41109596164677,343.129474110748,330.7652380132229,333.13285769147245,10317675.0,394542343.0,0.012037180575731143,38.82,39.13,37.72,37.99,2026-07-23,38.87,8.768961771294352
600299,安迪苏,2026-07-24,26.1303898639648,26.415103554976525,25.181344227259057,25.212979081815917,38882388.0,314306255.0,0.012625056783412188,8.26,8.35,7.96,7.97,2026-07-23,8.32,3.1634854556858114
600300,维维股份,2026-07-24,25.25495860375314,25.33695522259649,24.680982271849654,24.680982271849654,17070800.0,51770533.0,0.01055615283004986,3.08,3.09,3.01,3.01,2026-07-23,3.08,8.199661884335434
600301,华锡有色,2026-07-24,69.49434535323438,71.12501646237168,67.46468024930816,68.69635736365655,8694476.0,346186568.0,0.03157773074823528,40.06,41.0,38.89,39.6,2026-07-23,41.83,1.734756499082236
600303,曙光股份,2026-07-24,16.064142071659084,16.332998005912795,15.728072153841948,15.996928088095657,19360701.0,46062399.0,0.02857616539696581,2.39,2.43,2.34,2.38,2026-07-23,2.43,6.721398356342713
600305,恒顺醋业,2026-07-24,69.45324039459229,69.45324039459229,68.01485967636108,68.01485967636108,5775791.0,38494395.0,0.005236628238349349,6.76,6.76,6.62,6.62,2026-07-23,6.75,10.274147987365723
600307,酒钢宏兴,2026-07-24,6.088548632246252,6.13025102013835,5.880036692785764,5.880036692785764,51326800.0,73662595.0,0.008194774228168014,1.46,1.47,1.41,1.41,2026-07-23,1.46,4.170238789209762
600308,华泰股份,2026-07-24,35.16489147656191,35.38675199060962,34.38837967739493,34.49930993441878,6694028.0,20990525.0,0.004413052683026711,3.17,3.19,3.1,3.11,2026-07-23,3.18,11.09302570238546
600309,万华化学,2026-07-24,3122.169371706327,3144.9589291640377,3048.414076661373,3055.872477283897,34032803.0,2534882955.0,0.010871461896457386,75.35,75.9,73.57,73.75,2026-07-23,75.49,41.43555901401894
600310,广西能源,2026-07-24,45.01047814687426,45.73146978767088,42.84750322448443,42.950502030312514,93423919.0,396241725.0,0.06373967086255647,4.37,4.44,4.16,4.17,2026-07-23,4.49,10.299880582808756
600312,平高电气,2026-07-24,133.3051800363611,135.89495347265034,126.76259451310412,126.96705031070589,44677313.0,856776910.0,0.03292550032464705,19.56,19.94,18.6,18.63,2026-07-23,20.05,6.815193253392694
600313,农发种业,2026-07-24,23.167978733840613,23.374835686821335,22.29917953132159,22.423293703110023,30908161.0,169945278.0,0.028560524104066464,5.6,5.65,5.39,5.42,2026-07-23,5.66,4.1371390596143955
600315,上海家化,2026-07-24,100.46694625976173,101.04835219876497,96.97851062574222,97.09479181354287,5863249.0,99380302.0,0.008722139837558792,17.28,17.38,16.68,16.7,2026-07-23,17.54,5.814059390032507
600316,洪都航空,2026-07-24,114.77563087838661,116.75908072075504,109.44235463557371,109.66273795139243,15315275.0,392223222.0,0.021356805285234558,26.04,26.49,24.83,24.88,2026-07-23,26.28,4.407666316374294
600318,新力金融,2026-07-24,20.222795731811104,20.320647969223092,19.57044748239784,19.603064894868503,11527237.0,70272278.0,0.022482184069221374,6.2,6.23,6.0,6.01,2026-07-23,6.25,3.2617412470663067
600319,亚星化学,2026-07-24,8.041447436452787,8.071792521118647,7.722824047461262,7.844204386124701,4878700.0,25266927.0,0.012583394164119587,5.3,5.32,5.09,5.17,2026-07-23,5.32,1.5172542332929788
600320,振华重工,2026-07-24,60.7849762027878,61.07305665872519,59.34457392310089,59.34457392310089,37992812.0,158293248.0,0.011477476978540058,4.22,4.24,4.12,4.12,2026-07-23,4.23,14.404022796869148
600322,津投城开,2026-07-24,7.792608290837302,7.9158115839730705,7.57700252784971,7.6078033511336525,16520526.0,41338628.0,0.014941237225287148,2.53,2.57,2.46,2.47,2026-07-23,2.56,3.080082328394191
600323,瀚蓝环境,2026-07-24,123.11791620298129,123.64719295914492,121.48937233786249,122.42578506030581,3972600.0,119435347.0,0.00487228049977132,30.24,30.37,29.84,30.07,2026-07-23,30.2,4.071359662797001
600325,华发股份,2026-07-24,27.384497168932263,27.72257738089439,26.14486972507113,26.257563129058507,59712568.0,142152302.0,0.021696681536188752,2.43,2.46,2.32,2.33,2026-07-23,2.43,11.269340398737556
600326,西藏天路,2026-07-24,68.63089773771392,68.7383013335476,65.40878986270387,65.51619345853754,31888350.0,197366783.0,0.023404904716546864,6.39,6.4,6.09,6.1,2026-07-23,6.43,10.74035958336681
600327,大东方,2026-07-24,63.38792331582714,63.750140020489006,61.39573144018686,61.57683979251779,8478401.0,29130340.0,0.009582501433990021,3.5,3.52,3.39,3.4,2026-07-23,3.51,18.110835233093468
600328,中盐化工,2026-07-24,28.3452908686304,28.481130920716488,27.66609060819996,27.66609060819996,13609331.0,83988820.0,0.009281349328852792,6.26,6.29,6.11,6.11,2026-07-23,6.3,4.528001736202939
600329,达仁堂,2026-07-24,145.65097277751624,145.95922880455862,141.0656643752611,141.0656643752611,3373534.0,125065247.0,0.005948857908029577,37.8,37.88,36.61,36.61,2026-07-23,37.52,3.8532003380295303
600330,天通股份,2026-07-24,94.08748322551844,97.02455213137424,91.70744462939392,92.92278348698943,58059321.0,1077258718.0,0.04707126722496124,18.58,19.16,18.11,18.35,2026-07-23,18.95,5.063911906647925
600331,宏达股份,2026-07-24,104.4941782863602,104.74657968318715,99.02548135510946,99.27788275193643,67682199.0,817889916.0,0.0333081687992126,12.42,12.45,11.77,11.8,2026-07-23,12.76,8.4133798942319
600332,白云山,2026-07-24,37.92634357864902,38.376816366700574,37.33726377888927,37.40656728474336,8843127.0,192431497.0,0.00629005187514014,21.89,22.15,21.55,21.59,2026-07-23,21.9,1.7325876463521706
600333,长春燃气,2026-07-24,14.71780920662523,14.956047125437511,14.532513047549015,14.770750966361295,12846695.0,71695727.0,0.021093674485537086,5.56,5.65,5.49,5.58,2026-07-23,5.55,2.647087986803099
600335,国机汽车,2026-07-24,29.528257052574116,30.002606563458837,28.935320163968207,28.9946138528288,9997510.0,49366119.0,0.006721209907843165,4.98,5.06,4.88,4.89,2026-07-23,5.02,5.929368886059059
600336,澳柯玛,2026-07-24,18.376881475501094,18.87535023161776,18.044568971423317,18.41011272590887,5929309.0,32816010.0,0.007430074267209458,5.53,5.68,5.43,5.54,2026-07-23,5.59,3.3231250407777746
600338,西藏珠峰,2026-07-24,23.680463150727835,23.92575878495848,22.906838458154255,22.944576248035894,41624636.0,515092037.0,0.04553070777046969,12.55,12.68,12.14,12.16,2026-07-23,12.82,1.886889494081899
600339,中油工程,2026-07-24,14.852906496445874,14.937298010630226,14.008991354602358,14.051187111694535,81523565.0,278837410.0,0.01460172159582922,3.52,3.54,3.32,3.33,2026-07-23,3.47,4.219575709217578
600343,航天动力,2026-07-24,57.000704439382496,60.706535361612325,54.0171964935195,54.0171964935195,54993321.0,1002909788.0,0.08616855844874799,18.15,19.33,17.2,17.2,2026-07-23,18.68,3.140534679855785
600345,长江通信,2026-07-24,93.52029574041845,95.69616889633961,91.11204778143771,91.64017233384577,6696035.0,295305611.0,0.03165086618717588,44.27,45.3,43.13,43.38,2026-07-23,45.17,2.1124982096322213
600346,恒力石化,2026-07-24,186.2800602335911,187.514446174898,178.20044316321844,178.98596148950466,44212265.0,714454409.0,0.00628095443226041,16.6,16.71,15.88,15.95,2026-07-23,16.62,11.221690375517534
600348,华阳股份,2026-07-24,157.27450359241794,159.93416261596505,152.13249614689357,152.13249614689357,27599337.0,241667713.0,0.007650543866943867,8.87,9.02,8.58,8.58,2026-07-23,8.87,17.731060156980604
600350,山东高速,2026-07-24,36.85654246291866,37.500324864017685,36.1805709417647,36.27713830192955,8767656.0,100127495.0,0.001813533469126497,11.45,11.65,11.24,11.27,2026-07-23,11.45,3.21891200549508
600351,亚宝药业,2026-07-24,54.69556491442767,55.02755620374134,53.201604112516144,53.201604112516144,12777543.0,83147064.0,0.01846465628703152,6.59,6.63,6.41,6.41,2026-07-23,6.59,8.299782232841832
600352,浙江龙盛,2026-07-24,292.739300075768,293.18588939701255,272.4194859591434,274.2058432441214,72152577.0,910601395.0,0.022178056252767277,13.11,13.13,12.2,12.28,2026-07-23,13.24,22.32946606222487
600353,旭光电子,2026-07-24,299.3614093164975,316.9043274427951,289.9674596101575,299.70094966732904,36012521.0,968141799.0,0.04345081579675015,26.45,28.0,25.62,26.48,2026-07-23,26.59,11.318011694385538
600354,敦煌种业,2026-07-24,17.539880966086354,17.627434448446184,16.751899624847866,16.897822095447584,46012400.0,268677761.0,0.08717737527673253,6.01,6.04,5.74,5.79,2026-07-23,6.04,2.9184494119944016
600356,恒丰纸业,2026-07-24,17.176596800198435,17.336485334242838,16.902502170408038,16.925343389557238,3699900.0,27605447.0,0.012385374528684429,7.52,7.59,7.4,7.41,2026-07-23,7.59,2.284121914920005
600358,国旅联合,2026-07-24,17.788028827737133,17.969169650830178,17.498203510788258,17.534431675406868,3799010.0,18495608.0,0.007523735749351216,4.91,4.96,4.83,4.84,2026-07-23,4.98,3.622816461860923
600359,新农开发,2026-07-24,9.045981077745788,9.206655697243937,8.804969148498564,8.853171534348009,5331102.0,29639909.0,0.013973585474794792,5.63,5.73,5.48,5.51,2026-07-23,5.69,1.6067461949814899
600360,华微电子,2026-07-24,82.37496664787287,85.96011195744627,81.79133834166323,82.79184400945117,59358203.0,598494075.0,0.06181244743439878,9.88,10.31,9.81,9.93,2026-07-23,10.1,8.337547231566079
600361,创新新材,2026-07-24,20.9611328489325,21.24985368707207,20.73015617842085,20.78790034604876,46742002.0,169881331.0,0.012522427845602783,3.63,3.68,3.59,3.6,2026-07-23,3.64,5.774416762791323
600362,江西铜业,2026-07-24,74.00224064595616,76.09778736211828,73.37877220147818,73.60391358420635,59627543.0,2561573992.0,0.028732739458599634,42.73,43.94,42.37,42.5,2026-07-23,45.06,1.73185679021662
600363,联创光电,2026-07-24,87.4995020754335,88.10831190819647,84.28633906918449,84.32016183767132,13192860.0,335446274.0,0.029259698269050803,25.87,26.05,24.92,24.93,2026-07-23,26.32,3.3822768486831656
600366,宁波韵升,2026-07-24,137.17125991497375,139.29891631876438,134.042353438811,134.29266595690402,37886601.0,411856340.0,0.03447241662677439,10.96,11.13,10.71,10.73,2026-07-23,11.16,12.515625904650888
600367,红星发展,2026-07-24,136.95101094987893,143.58357494043753,134.2979853536555,135.3957890486445,17408423.0,525255645.0,0.054067928551887905,29.94,31.39,29.36,29.6,2026-07-23,30.94,4.574182062454206
600368,五洲交通,2026-07-24,21.48533376057943,21.82637080439815,21.314815238670068,21.314815238670068,11573205.0,43841205.0,0.007189871873683292,3.78,3.84,3.75,3.75,2026-07-23,3.8,5.683950730312018
600369,西南证券,2026-07-24,21.418473267346965,21.52244643854768,21.106553753744823,21.106553753744823,29530800.0,120910934.0,0.004443990226337177,4.12,4.14,4.06,4.06,2026-07-23,4.14,5.198658560035671
600371,万向德农,2026-07-24,27.85165686770051,28.51060773996472,27.456286344341983,27.50021640249293,4907301.0,31155351.0,0.016772624735967846,6.34,6.49,6.25,6.26,2026-07-23,6.44,4.3930058150947175
600372,中航机载,2026-07-24,35.26900192219614,36.211183629823815,35.23759586527522,35.26900192219614,41019621.0,465727299.0,0.008477060812931645,11.23,11.53,11.22,11.23,2026-07-23,11.32,3.140605692092265
600373,中文传媒,2026-07-24,40.59076992282988,41.048130710692746,39.161517460758404,39.161517460758404,17582400.0,122771386.0,0.013049531466311756,7.1,7.18,6.85,6.85,2026-07-23,7.16,5.717009848285898
600375,汉马科技,2026-07-24,15.445577054612041,15.565932200492135,15.084511616971758,15.084511616971758,19696600.0,75010399.0,0.013466050288204077,3.85,3.88,3.76,3.76,2026-07-23,3.88,4.0118381960031275
600376,首开股份,2026-07-24,33.55931896830795,35.303993043112946,33.55931896830795,33.969830515320886,74664400.0,249787112.0,0.02894456739621397,3.27,3.44,3.27,3.31,2026-07-23,3.34,10.262788675323531
600377,宁沪高速,2026-07-24,44.22936128771595,45.02628671632344,44.1569135214789,44.22936128771595,11508504.0,141510802.0,0.0030268148579311372,12.21,12.43,12.19,12.21,2026-07-23,12.2,3.622388311852248
600378,昊华科技,2026-07-24,170.1366095570098,180.75288141292154,168.95263871806054,172.4650855402767,53417616.0,2376108022.0,0.04980359970844965,43.11,45.8,42.81,43.7,2026-07-23,44.33,3.9465694631642263
600379,宝光股份,2026-07-24,33.159434741231195,33.85606152150916,30.651578332230514,31.069554400397294,28419068.0,328428282.0,0.08606581887661804,11.9,12.15,11.0,11.15,2026-07-23,11.52,2.786507121111865
600380,健康元,2026-07-24,121.39517771820047,122.93332324484435,118.91048109823731,118.91048109823731,12365444.0,125799469.0,0.0067590921390111875,10.26,10.39,10.05,10.05,2026-07-23,10.31,11.831888666491274
600382,广东明珠,2026-07-24,44.05520584904629,44.35237418529618,42.19790374748447,42.64365625185931,14954700.0,86703474.0,0.021535895443752527,5.93,5.97,5.68,5.74,2026-07-23,5.98,7.429208406247266
600383,金地集团,2026-07-24,41.366432248578434,41.922931337124325,39.69693498294074,39.8824346791227,60332700.0,132176863.0,0.013363956838497972,2.23,2.26,2.14,2.15,2026-07-23,2.25,18.549969618196606
600386,北巴传媒,2026-07-24,19.63931395918211,19.701859545039376,18.95131251475216,18.95131251475216,7094095.0,21795590.0,0.008797240823412699,3.14,3.15,3.03,3.03,2026-07-23,3.14,6.2545585857267865
600388,龙净环保,2026-07-24,160.6633754707155,162.6131737167193,156.66628906640764,157.25122854020879,12032967.0,196058086.0,0.009474431811124541,16.48,16.68,16.07,16.13,2026-07-23,16.71,9.748991230019143
600389,江山股份,2026-07-24,106.46808214882934,109.31014594335662,101.82240094623667,102.20498645703843,18946273.0,360275864.0,0.043994596540113784,19.48,20.0,18.63,18.7,2026-07-23,19.34,5.4655072971678305
600390,五矿资本,2026-07-24,33.91561622095183,34.19023659521055,33.160410191740354,33.297720378869705,30929833.0,151289359.0,0.006876252309337502,4.94,4.98,4.83,4.85,2026-07-23,4.99,6.865509356467982
600391,航发科技,2026-07-24,63.80691418763644,64.3020897966314,61.77905216984755,61.80263196075207,7770222.0,207741789.0,0.023536900308538743,27.06,27.27,26.2,26.21,2026-07-23,27.11,2.3579790904521967
600392,盛和资源,2026-07-24,218.47306943767904,219.30376551919116,209.95843460218015,210.37378264293622,63716592.0,1313656931.0,0.03635076800553063,21.04,21.12,20.22,20.26,2026-07-23,21.47,10.383701018901096
600395,盘江股份,2026-07-24,31.465911569624925,31.850423727298544,29.863777579318157,29.927862938930424,40039776.0,191632096.0,0.018652432528810502,4.91,4.97,4.66,4.67,2026-07-23,4.89,6.408535961227072
600396,华电辽能,2026-07-24,95.35607587935479,98.29103047614397,88.46791713178833,88.46791713178833,291485651.0,4508950912.0,0.19792510473590078,15.92,16.41,14.77,14.77,2026-07-23,16.41,5.989703258753441
600397,江钨装备,2026-07-24,60.0288545788817,60.444279178043516,57.24550976449756,57.53630698391083,40290767.0,567187332.0,0.04069939371543139,14.45,14.55,13.78,13.85,2026-07-23,14.59,4.154245991618111
600398,海澜之家,2026-07-24,73.33554279373352,74.07012252121666,73.09068288457247,73.21311283915301,26258473.0,157900407.0,0.005467359748991002,5.99,6.05,5.97,5.98,2026-07-23,5.99,12.242995458052341
600399,抚顺特钢,2026-07-24,13.85365550590443,13.958873142658133,13.538002595643315,13.608147686812451,30667619.0,119769129.0,0.015550742355864308,3.95,3.98,3.86,3.88,2026-07-23,3.97,3.5072545584568173
600400,红豆股份,2026-07-24,32.04594997153745,32.53707564159933,30.94091721389823,31.432042883960108,50637046.0,130197052.0,0.022099008485157914,2.61,2.65,2.52,2.56,2026-07-23,2.63,12.278141751546917
600403,大有能源,2026-07-24,32.4416178067202,33.23012935063354,30.13240542811685,30.13240542811685,121418075.0,675670625.0,0.05078527905344202,5.76,5.9,5.35,5.35,2026-07-23,5.94,5.6322253136667015
600405,动力源,2026-07-24,27.64214679984528,27.785742367636683,27.13956231257536,27.42675344815817,6538500.0,24988255.0,0.010669360827271284,3.85,3.87,3.78,3.82,2026-07-23,3.89,7.179778389570202
600406,国电南瑞,2026-07-24,1262.6473702942728,1272.0428447321797,1228.7192681573865,1230.8071513658101,88639842.0,2114543681.0,0.011068667847319516,24.19,24.37,23.54,23.58,2026-07-23,24.37,52.19708021059416
600408,安泰集团,2026-07-24,10.451746495847507,10.611315144639073,9.973040549472813,10.012932711670702,40657131.0,104121187.0,0.04038252979737783,2.62,2.66,2.5,2.51,2026-07-23,2.63,3.989216219789125
600409,三友化工,2026-07-24,48.88586182353473,49.94041046071422,46.701439646520086,47.00273925714279,62322398.0,398643890.0,0.030189848942667966,6.49,6.63,6.2,6.24,2026-07-23,6.58,7.5324902655677555
600410,华胜天成,2026-07-24,169.9223948517257,170.04920260907772,163.07477595471585,163.07477595471585,38988338.0,510487890.0,0.035557252218796215,13.4,13.41,12.86,12.86,2026-07-23,13.6,12.68077573520341
600415,小商品城,2026-07-24,490.39923777470955,494.68220055003457,463.41657229016226,468.9844238980847,93113165.0,1029175028.0,0.01698042478660738,11.45,11.55,10.82,10.95,2026-07-23,11.25,42.829627753249746
600416,湘电股份,2026-07-24,30.670272466215593,31.125945085713656,30.109444626833362,30.14449636679475,13992195.0,121777097.0,0.009481204784458248,8.75,8.88,8.59,8.6,2026-07-23,8.8,3.5051739961389248
600418,江淮汽车,2026-07-24,150.39546058409405,150.90875567141174,144.01593592743086,144.01593592743086,54419370.0,1091198763.0,0.02491718225085558,20.51,20.58,19.64,19.64,2026-07-23,20.77,7.3327869616818155
600419,天润乳业,2026-07-24,26.371161882372544,26.54086047878421,25.726307216008223,25.726307216008223,5037600.0,38574999.0,0.01596628707201597,7.77,7.82,7.58,7.58,2026-07-23,7.82,3.3939719282332748
600420,XD国药现,2026-07-24,86.9801256283829,87.18077182360406,84.77301748094986,84.97366367617106,9479220.0,81196290.0,0.007067859386448051,8.67,8.69,8.45,8.47,2026-07-23,8.69,10.032309761059157
600422,昆药集团,2026-07-24,97.7439396087058,98.937261845882,94.38094057666376,94.70639209589365,10094208.0,89466593.0,0.013334915823466721,9.01,9.12,8.7,8.73,2026-07-23,9.08,10.848383974329169
600425,青松建化,2026-07-24,22.552080448253736,22.61821558153307,21.956864248739706,22.022999382019044,13488039.0,45258358.0,0.008405314290209962,3.41,3.42,3.32,3.33,2026-07-23,3.43,6.613513327933647
600426,华鲁恒升,2026-07-24,269.8898541430822,275.43381006385505,260.3139302799289,260.6919272745271,41800972.0,882269741.0,0.015202680774898681,21.42,21.86,20.66,20.69,2026-07-23,21.42,12.599899819938475
600428,中远海特,2026-07-24,76.9355724793836,78.68410821755141,74.76738816405552,74.76738816405552,62074793.0,675983743.0,0.02538549829580376,11.0,11.25,10.69,10.69,2026-07-23,11.04,6.994142952671236
600429,三元股份,2026-07-24,6.093894687451813,6.197936791871723,5.974989425257632,5.974989425257632,12144400.0,49305465.0,0.008109471990291476,4.1,4.17,4.02,4.02,2026-07-23,4.13,1.4863157774272717
600433,冠豪高新,2026-07-24,23.26444482652924,23.623464036815182,22.40279872184297,22.47460256390016,39165800.0,124728909.0,0.022376886648463136,3.24,3.29,3.12,3.13,2026-07-23,3.29,7.180384205718901
600435,北方导航,2026-07-24,141.98389505765618,148.31877301367186,141.98389505765618,142.2593245340047,30981102.0,326592544.0,0.02048529987067233,10.31,10.77,10.31,10.33,2026-07-23,10.39,13.771473817425429
600436,片仔癀,2026-07-24,954.6474355994288,957.3308147364047,919.4104306165073,920.1871982614215,9290422.0,1232019940.0,0.01539890101924989,135.19,135.57,130.2,130.31,2026-07-23,136.58,7.061524044673636
600438,通威股份,2026-07-24,141.05323155684124,142.52509136439087,136.39234216626735,136.6376521341923,41189984.0,466347063.0,0.009149281850842642,11.5,11.62,11.12,11.14,2026-07-23,11.6,12.265498396247065
600439,瑞贝卡,2026-07-24,33.27248018570529,33.59087712528142,32.79488477634111,32.79488477634111,10676600.0,22211296.0,0.009431746754622569,2.09,2.11,2.06,2.06,2026-07-23,2.12,15.919846978806362
600444,国机通用,2026-07-24,27.30816613820954,27.30816613820954,26.25785205597071,26.411022859630542,1754500.0,21297122.0,0.01198249453504001,12.48,12.48,12.0,12.07,2026-07-23,12.44,2.188154337997559
600446,金证股份,2026-07-24,173.17738079903896,174.3800014990323,169.22591278477515,169.22591278477515,15385591.0,153209258.0,0.0163456098752563,10.08,10.15,9.85,9.85,2026-07-23,10.2,17.180295714190372
600448,华纺股份,2026-07-24,5.446854337458642,5.469177510972817,5.268268949345243,5.357561643401943,10942100.0,26268288.0,0.017373385843898918,2.44,2.45,2.36,2.4,2026-07-23,2.45,2.232317351417476
600449,宁夏建材,2026-07-24,54.32290657800979,54.63155945629394,51.500937405126166,51.58912394177878,10948800.0,131207529.0,0.022896767203916042,12.32,12.39,11.68,11.7,2026-07-23,12.29,4.409326832630665
600452,涪陵电力,2026-07-24,129.84401558742326,131.2722997588849,122.3130626833527,122.57275071452754,51342045.0,497022236.0,0.03341402744686022,10.0,10.11,9.42,9.44,2026-07-23,10.16,12.984401558742325
600455,博通股份,2026-07-24,23.925206585044513,24.005995994641864,23.01344039101725,23.209643242896533,1209900.0,24596733.0,0.01937141759262224,20.73,20.8,19.94,20.11,2026-07-23,20.84,1.1541344228193204
600456,XD宝钛股,2026-07-24,81.76536455551465,82.20974153679461,79.24722832826147,79.24722832826147,5316776.0,144578355.0,0.011128141375436235,27.6,27.75,26.75,26.75,2026-07-23,27.88,2.962513208533139
600458,时代新材,2026-07-24,95.05415623432006,95.59474859205079,93.43237916112787,93.7927740662817,17317484.0,181174108.0,0.01992418471107141,10.55,10.61,10.37,10.41,2026-07-23,10.67,9.009872628845503
600459,贵研铂业,2026-07-24,107.07178399114323,108.20198615549421,104.7518953380018,104.93034831132039,18441162.0,329379372.0,0.024274068833588573,18.0,18.19,17.61,17.64,2026-07-23,18.52,5.948432443952402
600460,士兰微,2026-07-24,469.5155837076402,486.7782802876992,462.8188479653759,469.81321640729635,70460789.0,2248869333.0,0.04234239597990434,31.55,32.71,31.1,31.57,2026-07-23,32.22,14.881634982809514
600461,洪城环境,2026-07-24,54.60051379166491,54.77551543843307,53.25883449977571,53.49217002879992,9489535.0,87730051.0,0.007389701095165004,9.36,9.39,9.13,9.17,2026-07-23,9.33,5.833388225605225
600463,空港股份,2026-07-24,21.99204887237135,22.320734385409505,21.12551433799802,21.30479734510974,4343600.0,31166418.0,0.014478666666666667,7.36,7.47,7.07,7.13,2026-07-23,7.38,2.9880501185287156
600467,好当家,2026-07-24,20.0752427730713,20.169052318739855,19.512385499059956,19.606195044728512,19442400.0,40875242.0,0.013307649418460701,2.14,2.15,2.08,2.09,2026-07-23,2.14,9.380954566855747
600468,百利电气,2026-07-24,71.58608667854692,73.40827797581902,69.63373886004109,69.76389538127482,44911549.0,244656856.0,0.04128904167487267,5.5,5.64,5.35,5.36,2026-07-23,5.54,13.015652123372167
600469,风神股份,2026-07-24,15.099909405638055,15.246510467828715,14.660106219066071,14.7773870688186,4537050.0,23145741.0,0.006219815727658512,5.15,5.2,5.0,5.04,2026-07-23,5.19,2.9320212438132143
600470,六国化工,2026-07-24,13.17804960983724,13.252642343477829,12.780221697087436,12.8050859416343,24671661.0,128751134.0,0.04729996357361963,5.3,5.33,5.14,5.15,2026-07-23,5.35,2.4864244546862717
600475,华光环能,2026-07-24,64.73295078142014,65.5723559402944,61.57283724212886,61.57283724212886,10336100.0,132479294.0,0.010962197944137088,13.11,13.28,12.47,12.47,2026-07-23,13.35,4.937677405142651
600477,杭萧钢构,2026-07-24,81.18373484667357,82.58345441299554,79.43408538877114,79.43408538877114,32852200.0,75664369.0,0.013926511054003776,2.32,2.36,2.27,2.27,2026-07-23,2.35,34.99298915804896
600478,科力远,2026-07-24,49.53730195163238,50.47987217904187,48.490001698955155,48.490001698955155,25832600.0,121713292.0,0.01525019867007613,4.73,4.82,4.63,4.63,2026-07-23,4.78,10.473002526772172
600479,千金药业,2026-07-24,157.62680387449967,157.62680387449967,152.71631154196075,153.04367769746332,5759820.0,54421682.0,0.013762776703269301,9.63,9.63,9.33,9.35,2026-07-23,9.64,16.368307775129768
600480,凌云股份,2026-07-24,35.492557236410065,35.6185663153559,34.526487631158666,34.61049368378922,12687350.0,105562052.0,0.01045788442404119,8.45,8.48,8.22,8.24,2026-07-23,8.55,4.200302631527818
600481,双良节能,2026-07-24,40.54790248210464,41.069083747941455,39.71401245676572,39.81824870993309,37303258.0,144285000.0,0.0180715215123577,3.89,3.94,3.81,3.82,2026-07-23,3.94,10.42362531673641
600482,中国动力,2026-07-24,87.86330845890484,87.86330845890484,85.40579571819838,85.49253146198802,15964226.0,476488924.0,0.007038135815059751,30.39,30.39,29.54,29.57,2026-07-23,30.65,2.891191459654651
600483,福能股份,2026-07-24,42.71305457935847,42.8298632974424,41.54496739851913,41.622839877241745,12671137.0,137164646.0,0.004557722588794597,10.97,11.0,10.67,10.69,2026-07-23,10.99,3.893623936131127
600486,扬农化工,2026-07-24,284.61753679665355,289.29256150390086,274.4036241210372,276.3346125870741,4212974.0,233385030.0,0.01042526489281789,56.01,56.93,54.0,54.38,2026-07-23,56.6,5.081548594834022
600487,亨通光电,2026-07-24,658.4643676422055,666.3659400539119,626.139753230679,627.696123554197,144395460.0,7755244212.0,0.05884933885153763,55.0,55.66,52.3,52.43,2026-07-23,55.67,11.972079411676464
600488,津药药业,2026-07-24,37.679823879855775,38.575186031456305,35.963713089288085,36.11294011455484,84414800.0,418628127.0,0.07731095318426268,5.05,5.17,4.82,4.84,2026-07-23,5.13,7.461351263337777
600489,中金黄金,2026-07-24,268.16077298146104,277.934857230318,266.9076852572486,267.65953789177604,86416390.0,1870763404.0,0.017827690882118243,21.4,22.18,21.3,21.36,2026-07-23,22.45,12.530877242124348
600490,鹏欣资源,2026-07-24,84.62862399861781,85.58410846311833,82.30816172768797,82.71765506961677,48477873.0,297973509.0,0.024328692515598646,6.2,6.27,6.03,6.06,2026-07-23,6.49,13.649778064293196
600493,凤竹纺织,2026-07-24,14.655164431612548,14.738749019625546,14.125795374196885,14.432272196911216,6996400.0,36213687.0,0.02572205882352941,5.26,5.29,5.07,5.18,2026-07-23,5.29,2.786152933766644
600495,晋西车轴,2026-07-24,28.779040843497913,29.005647464312855,28.401363142139672,28.55243422268297,8238267.0,31237991.0,0.006818679974713863,3.81,3.84,3.76,3.78,2026-07-23,3.84,7.5535540271648065
600496,精工钢构,2026-07-24,35.06702700569724,35.388742849786205,33.99464085873402,34.101879473430344,24312890.0,78270589.0,0.012216761601487243,3.27,3.3,3.17,3.18,2026-07-23,3.3,10.723861469632183
600497,驰宏锌锗,2026-07-24,223.8606543294892,226.78057590769995,216.80417718214662,216.80417718214662,133236551.0,1208696612.0,0.026433828051151114,9.2,9.32,8.91,8.91,2026-07-23,9.4,24.33267981842274
600498,烽火通信,2026-07-24,140.42715346240453,144.43935784704465,137.096266803458,137.6261805901086,58647451.0,2170902880.0,0.046120211894254165,37.1,38.16,36.22,36.36,2026-07-23,37.92,3.7850984760755937
600499,科达制造,2026-07-24,515.9383132282768,517.2453133884497,496.66006086572554,496.66006086572554,16242000.0,250522317.0,0.008468830135676201,15.79,15.83,15.2,15.2,2026-07-23,15.94,32.67500400432405
600500,中化国际,2026-07-24,43.95677203545993,45.920798020023035,43.86324698857597,44.05029708234389,63661742.0,303449512.0,0.017741445858949014,4.7,4.91,4.69,4.71,2026-07-23,4.8,9.35250468839573
600501,航天晨光,2026-07-24,63.77249234892645,64.83536722140856,62.85455495905554,62.99949244166673,5352400.0,70527282.0,0.012510746236421408,13.2,13.42,13.01,13.04,2026-07-23,13.32,4.831249420373216
600502,安徽建工,2026-07-24,77.97458973544579,78.31068710499513,76.12605420292445,76.12605420292445,20766533.0,95082778.0,0.012097944899473348,4.64,4.66,4.53,4.53,2026-07-23,4.64,16.804868477466766
600503,华丽家族,2026-07-24,5.974948381470148,6.066401673023263,5.822526228881624,5.822526228881624,21890200.0,42524927.0,0.01366182151795243,1.96,1.99,1.91,1.91,2026-07-23,1.98,3.0484430517704837
600505,西昌电力,2026-07-24,37.01285936423087,37.34333132284008,34.69955565396644,34.732602849827366,16674728.0,180104973.0,0.04573838315263977,11.2,11.3,10.5,10.51,2026-07-23,11.43,3.3047195860920424
600506,统一股份,2026-07-24,24.06240171206031,24.214055504363213,22.798620109536134,22.950273901839036,7450290.0,103189566.0,0.029845975044752598,14.28,14.37,13.53,13.62,2026-07-23,14.28,1.6850421366989015
600507,方大特钢,2026-07-24,117.7421266176226,119.62815610577675,114.77836599338038,114.77836599338038,34913981.0,151581773.0,0.015093447942959791,4.37,4.44,4.26,4.26,2026-07-23,4.38,26.94327840220197
600508,上海能源,2026-07-24,33.550869880739036,33.980508493880045,32.53536043149664,32.53536043149664,7345742.0,62243152.0,0.007260035825077791,8.59,8.7,8.33,8.33,2026-07-23,8.6,3.905805574009201
600509,天富能源,2026-07-24,50.28677093172557,50.673592246585,47.70796216599606,47.7724323851393,43116520.0,328958022.0,0.03137121750987122,7.8,7.86,7.4,7.41,2026-07-23,7.95,6.447021914323791
600510,黑牡丹,2026-07-24,40.56273440163654,40.69443159125224,39.24576250547951,39.37745969509522,8286200.0,50024738.0,0.008029065507828843,6.16,6.18,5.96,5.98,2026-07-23,6.16,6.584859480785153
600511,国药股份,2026-07-24,172.47345125885454,173.98416762024596,170.14443020170944,170.52210929205728,3756600.0,102698115.0,0.0067888755345060295,27.4,27.64,27.03,27.09,2026-07-23,27.4,6.294651505797611
600512,腾达建设,2026-07-24,13.101885519154141,13.168731873843704,12.834500100395895,12.834500100395895,13522071.0,26253357.0,0.008518348884820908,1.96,1.97,1.92,1.92,2026-07-23,1.97,6.684635468956195
600513,联环药业,2026-07-24,112.84973986293042,116.08779711174468,106.23583569513963,106.23583569513963,25056013.0,401810774.0,0.08777531143386691,16.38,16.85,15.42,15.42,2026-07-23,16.57,6.88948350811541
600515,海南机场,2026-07-24,9.251053136319031,9.349818828165853,8.987677958060837,8.987677958060837,96332177.0,267108345.0,0.010498261299885316,2.81,2.84,2.73,2.73,2026-07-23,2.83,3.292189728227413
600516,方大炭素,2026-07-24,70.27907757602466,70.82599646766687,68.50159117818747,68.63832090109801,41484606.0,210275701.0,0.01030425020753655,5.14,5.18,5.01,5.02,2026-07-23,5.19,13.672972291055382
600517,国网英大,2026-07-24,113.55570410751714,114.45693985440221,110.85199686686197,111.07730580358323,28550543.0,142565464.0,0.0049927190368373574,5.04,5.08,4.92,4.93,2026-07-23,5.05,22.530893672126417
600518,康美药业,2026-07-24,61.1107892547667,62.00947733204267,59.76275713885273,59.76275713885273,176329715.0,238517281.0,0.012756853001696935,1.36,1.38,1.33,1.33,2026-07-23,1.37,44.93440386379904
600519,贵州茅台,2026-07-24,11349.707053342278,11386.321817092907,11186.20169502593,11283.696113468815,3569892.0,4622242878.0,0.0028557271758453792,1305.0,1309.21,1286.2,1297.41,2026-07-23,1292.01,8.697093527465347
600520,三佳科技,2026-07-24,55.57977283460842,58.622286261330515,54.813155278268994,57.160921544558484,13959100.0,334345408.0,0.08810894401312883,23.2,24.47,22.88,23.86,2026-07-23,23.45,2.3956798635607077
600521,华海药业,2026-07-24,309.00892565720636,313.11411669854607,298.3727488682808,298.74594805385715,34592201.0,565117120.0,0.023103790458558125,16.56,16.78,15.99,16.01,2026-07-23,16.74,18.65995927881681
600522,中天科技,2026-07-24,311.61744936138314,312.9577394661633,298.5017533360346,300.5121884932048,168995037.0,5378377371.0,0.04951583065427535,32.55,32.69,31.18,31.39,2026-07-23,32.99,9.57350074842959
600523,贵航股份,2026-07-24,24.67395127672635,24.89038944582044,24.089568220172303,24.089568220172303,2700500.0,30442735.0,0.006683667759268766,11.4,11.5,11.13,11.13,2026-07-23,11.47,2.1643816909409077
600526,菲达环保,2026-07-24,17.421386310687186,17.543214186985697,16.893465513393636,16.93407480549314,7504300.0,31593101.0,0.008595920532791975,4.29,4.32,4.16,4.17,2026-07-23,4.31,4.060929209950393
600527,江南高纤,2026-07-24,61.98258922144968,62.27774440821848,59.62134772729922,59.91650291406802,43045699.0,88721654.0,0.02485660633075085,2.1,2.11,2.02,2.03,2026-07-23,2.12,29.5155186768808
600528,中铁工业,2026-07-24,34.40071203153426,34.64262983766319,33.91687641927639,33.96525998050218,9286790.0,65709083.0,0.0041803170586556734,7.11,7.16,7.01,7.02,2026-07-23,7.13,4.838356122578658
600529,山东药玻,2026-07-24,167.8312277057768,168.44987888742,164.29607809638708,164.29607809638708,6461912.0,121398314.0,0.00973745415206382,18.99,19.06,18.59,18.59,2026-07-23,18.98,8.837874023474292
600530,交大昂立,2026-07-24,31.114814880378624,31.37356593967491,30.144498408017547,30.144498408017547,6049900.0,28553355.0,0.007807128477778352,4.81,4.85,4.66,4.66,2026-07-23,4.85,6.468776482407199
600531,豫光金铅,2026-07-24,131.32029100104427,133.37217054793558,128.81243822151046,128.81243822151046,37381349.0,428318671.0,0.030912513105568397,11.52,11.7,11.3,11.3,2026-07-23,11.92,11.399330816062871
600533,栖霞建设,2026-07-24,19.056408125540056,19.35572343641241,18.657321044376914,18.757092814667697,11301600.0,21457648.0,0.010763428571428571,1.91,1.94,1.87,1.88,2026-07-23,1.92,9.977177029078563
600535,天士力,2026-07-24,217.68016332103946,218.76720533512704,214.1472767752548,214.1472767752548,20681043.0,328847761.0,0.013843196178442397,16.02,16.1,15.76,15.76,2026-07-23,15.95,13.588025176094847
600536,中国软件,2026-07-24,289.24312864159504,292.57279810187396,267.7755229108496,267.7755229108496,38279884.0,1207475354.0,0.04537381203268899,33.01,33.39,30.56,30.56,2026-07-23,33.95,8.762288053365497
600538,国发股份,2026-07-24,14.120934343848381,15.158775843507616,13.837886662123134,15.001527131438031,21720801.0,100799664.0,0.04143622558688415,4.49,4.82,4.4,4.77,2026-07-23,4.46,3.1449742413916213
600539,狮头股份,2026-07-24,19.548272895856073,21.942906689041596,19.42972666847065,21.942906689041596,24460989.0,438161446.0,0.10635212608695652,16.49,18.51,16.39,18.51,2026-07-23,16.83,1.185462273854219
600540,新赛股份,2026-07-24,11.42353627739883,11.596097248356514,11.112926529674994,11.112926529674994,17868060.0,58324595.0,0.030734035280655086,3.31,3.36,3.22,3.22,2026-07-23,3.37,3.4512194191537247
600545,卓郎智能,2026-07-24,17.05013808822561,17.53103941891915,16.438081849161097,16.744109968693355,68092400.0,263724754.0,0.03808486745721234,3.9,4.01,3.76,3.83,2026-07-23,3.91,4.371830279032207
600546,山煤国际,2026-07-24,145.25446573513983,148.17302532487216,138.0703190527218,138.0703190527218,25979200.0,328155124.0,0.01310455221470877,12.94,13.2,12.3,12.3,2026-07-23,13.04,11.225229191278194
600547,山东黄金,2026-07-24,559.6396715178607,569.1753720927579,548.196830827984,549.6801620285236,82228481.0,2166534872.0,0.02274997090997426,26.41,26.86,25.87,25.94,2026-07-23,27.42,21.190445721993967
600548,深高速,2026-07-24,26.2933418800881,26.385491442751956,25.924743629432655,25.955460150320608,2484600.0,21129313.0,0.0014492314189337619,8.56,8.59,8.44,8.45,2026-07-23,8.55,3.0716520887953385
600549,厦门钨业,2026-07-24,719.6544647964771,740.5585047042359,703.1358878064301,707.3751686268846,42851080.0,2103919674.0,0.02757590457723896,49.23,50.66,48.1,48.39,2026-07-23,50.27,14.618209725705407
600550,保变电气,2026-07-24,89.93809640619163,93.36793906574978,86.50825374663347,86.50825374663347,112131234.0,1312895768.0,0.060890306730417766,11.8,12.25,11.35,11.35,2026-07-23,11.65,7.621872576795901
600551,时代出版,2026-07-24,41.43523723751724,41.86430034500633,40.88358467074556,41.006174130028164,2420585.0,16299514.0,0.0035698935142362345,6.76,6.83,6.67,6.69,2026-07-23,6.79,6.12947296412977
600552,凯盛科技,2026-07-24,132.81863099376372,134.73990678801312,128.47487702415637,129.89495043729724,55853001.0,879478106.0,0.05912830125925378,15.9,16.13,15.38,15.55,2026-07-23,16.23,8.353373018475706
600556,天下秀,2026-07-24,19.53142755055348,19.6237747257334,18.931170911883985,18.97734449947395,36978600.0,153611688.0,0.0204556206523875,4.23,4.25,4.1,4.11,2026-07-23,4.27,4.617358758996095
600557,康缘药业,2026-07-24,115.95321951875057,116.3141633927389,111.62189303089063,111.62189303089063,7418751.0,93299200.0,0.01310365735086703,12.85,12.89,12.37,12.37,2026-07-23,12.89,9.023596849708216
600558,大西洋,2026-07-24,34.99041022664356,34.99041022664356,33.794156885561726,33.794156885561726,14056548.0,64381895.0,0.015660062774327917,4.68,4.68,4.52,4.52,2026-07-23,4.71,7.476583381761445
600559,老白干酒,2026-07-24,87.32674361182964,87.62326905703111,83.99083235331324,84.13909507591397,10380579.0,119714357.0,0.011348027335947385,11.78,11.82,11.33,11.35,2026-07-23,11.74,7.413136130036473
600560,金自天正,2026-07-24,48.908020408995796,49.48340888439575,47.7572434581959,48.42853001282917,2100000.0,21246023.0,0.009389860292292936,10.2,10.32,9.96,10.1,2026-07-23,10.25,4.794903961666255
600561,江西长运,2026-07-24,13.703968176483775,13.84612552271286,13.305927607042337,13.56181083025469,6708400.0,31978833.0,0.02358153635024016,4.82,4.87,4.68,4.77,2026-07-23,4.87,2.843146924581696
600562,国睿科技,2026-07-24,175.29122688675875,180.14612448412598,173.08445525159186,177.79223473994796,11584030.0,279571861.0,0.00932798395024023,23.83,24.49,23.53,24.17,2026-07-23,24.03,7.3559054505563894
600563,法拉电子,2026-07-24,399.06629972211454,407.73352091920424,394.54562679557495,395.51211549021446,4343515.0,557681818.0,0.01930451111111111,128.0,130.78,126.55,126.86,2026-07-23,130.8,3.11770546657902
600566,济川药业,2026-07-24,70.44412973312603,71.29878277768235,69.04560656930663,69.04560656930663,5103039.0,138045289.0,0.005555105968796545,27.2,27.53,26.66,26.66,2026-07-23,27.02,2.5898577107766925
600567,山鹰国际,2026-07-24,5.553777609931098,5.596172858861869,5.468987112069554,5.511382361000326,67555000.0,88261561.0,0.010710344844842202,1.31,1.32,1.29,1.3,2026-07-23,1.32,4.239524893077173
600569,安阳钢铁,2026-07-24,4.83675406490945,4.892670296873722,4.696963484998773,4.696963484998773,16593792.0,28440564.0,0.005776935125492761,1.73,1.75,1.68,1.68,2026-07-23,1.74,2.795811598213555
600570,恒生电子,2026-07-24,959.9744383923802,963.5799761891591,935.1863660395253,936.5384427133174,20756564.0,436333912.0,0.010961152566763648,21.3,21.38,20.75,20.78,2026-07-23,21.51,45.06922245973616
600571,信雅达,2026-07-24,115.21792285105964,116.6492013957933,111.40118006510322,111.99754612540892,6917473.0,65824727.0,0.015111845471386482,9.66,9.78,9.34,9.39,2026-07-23,9.8,11.927321206113835
600572,康恩贝,2026-07-24,74.2924328313058,74.63637927959888,72.22875414154731,72.40072736569385,37536670.0,159931981.0,0.014826137776414108,4.32,4.34,4.2,4.21,2026-07-23,4.31,17.19732241465412
600573,惠泉啤酒,2026-07-24,12.414056254149777,12.589281803882617,12.292746258180884,12.441014031031752,6843422.0,63103186.0,0.027373688,9.21,9.34,9.12,9.23,2026-07-23,9.24,1.3478888440987813
600575,淮河能源,2026-07-24,64.11119985612551,65.05959038654157,61.455706370960556,61.455706370960556,62652800.0,206729551.0,0.01612161379590694,3.38,3.43,3.24,3.24,2026-07-23,3.38,18.96781060832116
600576,祥源文旅,2026-07-24,17.30034705081702,17.455368081738317,16.618254514763304,16.649258720947564,11150200.0,60958773.0,0.01688426323627879,5.58,5.63,5.36,5.37,2026-07-23,5.65,3.1004206184259893
600577,精达股份,2026-07-24,198.80752327562277,201.2552219206031,193.0962264373354,193.0962264373354,65894731.0,475547552.0,0.03051071051738489,7.31,7.4,7.1,7.1,2026-07-23,7.38,27.19665161089231
600578,京能电力,2026-07-24,36.14858468666583,36.450830378025906,33.4888226026971,33.4888226026971,187750769.0,1076156087.0,0.028045018318337174,5.98,6.03,5.54,5.54,2026-07-23,6.16,6.0449138272016425
600579,中化装备,2026-07-24,13.284979188446174,13.712899455131117,13.168273661168461,13.24607734602027,6648500.0,45775224.0,0.013469387716237282,6.83,7.05,6.77,6.81,2026-07-23,6.94,1.945092121295194
600580,卧龙电驱,2026-07-24,270.70406395753884,271.0724941228434,262.1380626142074,262.1380626142074,21453455.0,619999017.0,0.013773117117481633,29.39,29.43,28.46,28.46,2026-07-23,29.68,9.210754132614454
600582,天地科技,2026-07-24,226.38558121841317,227.77444981484516,222.21897542911722,222.68193162792787,18920431.0,91991423.0,0.004571710670894054,4.89,4.92,4.8,4.81,2026-07-23,4.89,46.29561988106609
600583,海油工程,2026-07-24,124.3740234375,125.02180480957031,118.75991821289062,118.97584533691406,61922029.0,345372918.0,0.014005216003022422,5.76,5.79,5.5,5.51,2026-07-23,5.67,21.59271240234375
600584,长电科技,2026-07-24,377.808333707039,410.64017813838643,377.808333707039,401.4395137697198,172161393.0,14208029489.0,0.0962110155390095,78.02,84.8,78.02,82.9,2026-07-23,80.81,4.8424549308771985
600585,海螺水泥,2026-07-24,108.98153779766648,109.70486658835895,107.05266102248656,107.11293842171092,21170175.0,379701819.0,0.005322536182842419,18.08,18.2,17.76,17.77,2026-07-23,18.15,6.027739922437306
600586,金晶科技,2026-07-24,55.82916573720302,57.6345865197494,54.718137563328334,54.718137563328334,12985998.0,51949926.0,0.009162246936633379,4.02,4.15,3.94,3.94,2026-07-23,4.07,13.887852173433588
600587,新华医疗,2026-07-24,99.74911642652437,100.06279289327443,96.76918999239862,96.76918999239862,5999090.0,75266922.0,0.009888970419150671,12.72,12.76,12.34,12.34,2026-07-23,12.73,7.841911668751915
600588,用友网络,2026-07-24,509.31520862922696,509.31520862922696,490.695082722352,491.24273348431893,50002250.0,454298487.0,0.014633388327512193,9.3,9.3,8.96,8.97,2026-07-23,9.45,54.76507619669107
600589,大位科技,2026-07-24,38.886231311446544,38.99500398644359,37.635345548980425,37.635345548980425,52548680.0,369010286.0,0.035542610881307835,7.15,7.17,6.92,6.92,2026-07-23,7.3,5.438633749852663
600590,泰豪科技,2026-07-24,35.46129016554142,36.18498996483819,34.69235912878861,34.69235912878861,23511224.0,183469335.0,0.027871115964913776,7.84,8.0,7.67,7.67,2026-07-23,7.95,4.5231237456047735
600592,龙溪股份,2026-07-24,46.760620484709534,47.300166105686955,45.861377783080506,45.897347491145666,5121700.0,66032825.0,0.01281855643833052,13.0,13.15,12.75,12.76,2026-07-23,13.17,3.596970806516118
600593,大连圣亚,2026-07-24,69.75221009533837,71.22266209194281,67.30145676766433,67.32030871633874,4257101.0,154502617.0,0.033052026397515526,37.0,37.78,35.7,35.71,2026-07-23,37.4,1.8851948674415777
600594,益佰制药,2026-07-24,55.343933834118786,55.658388003630826,51.57048379997432,51.88493796948636,42331200.0,143252168.0,0.05396676338253013,3.52,3.54,3.28,3.3,2026-07-23,3.55,15.722708475601928
600595,中孚实业,2026-07-24,52.3395384891227,52.50058322293538,50.00438984883876,50.407001683370474,117428226.0,745097861.0,0.02929915321343608,6.5,6.52,6.21,6.26,2026-07-23,6.64,8.052236690634262
600596,新安股份,2026-07-24,135.27046153111385,136.19878822789602,130.3635918481225,130.4962099476628,34900257.0,348690390.0,0.025859760901122124,10.2,10.27,9.83,9.84,2026-07-23,10.29,13.261809954030772
600597,光明乳业,2026-07-24,17.87870335145917,17.958996929384885,17.503999987805834,17.530764513781072,7089166.0,46785706.0,0.005142833195970525,6.68,6.71,6.54,6.55,2026-07-23,6.68,2.676452597523828
600598,北大荒,2026-07-24,35.033741950673914,35.616666109586966,34.56740262354348,34.71313366327175,22704904.0,273337246.0,0.01277221162541698,12.02,12.22,11.86,11.91,2026-07-23,12.07,2.914620794565218
600600,青岛啤酒,2026-07-24,100.44132633951415,101.09682632494822,98.83066923244753,98.92431208750955,3832056.0,204019596.0,0.005403914548363943,53.63,53.98,52.77,52.82,2026-07-23,53.85,1.8728571012402413
600601,方正科技,2026-07-24,54340.351727859095,55347.636296473065,53227.037204654174,53810.201954904376,121846563.0,1248638025.0,0.029217744320244977,10.25,10.44,10.04,10.15,2026-07-23,10.53,5301.497729547229
600602,云赛智联,2026-07-24,9942.171797589974,10142.42239993664,9363.068704317178,9379.305239642581,73880744.0,1323682954.0,0.06877086323663681,18.37,18.74,17.3,17.33,2026-07-23,19.04,541.2178441801836
600603,广汇物流,2026-07-24,781.6421120681587,794.7947437616133,755.3368486812493,755.3368486812493,11391200.0,46552899.0,0.009686866125339123,4.16,4.23,4.02,4.02,2026-07-23,4.21,187.89473847792274
600604,市北高新,2026-07-24,220.79723500934062,222.9254011299126,217.60498582848265,218.13702735862563,6603200.0,27313983.0,0.004691589371988104,4.15,4.19,4.09,4.1,2026-07-23,4.19,53.20415301429894
600605,汇通能源,2026-07-24,1482.2678797132917,1503.14489210362,1441.093771943478,1441.093771943478,2083900.0,52866760.0,0.01010216919638851,25.56,25.92,24.85,24.85,2026-07-23,25.66,57.99170108424459
600606,绿地控股,2026-07-24,206.02993226387133,206.02993226387133,199.54080053902496,199.54080053902496,94936292.0,118543771.0,0.006755003364749924,1.27,1.27,1.23,1.23,2026-07-23,1.28,162.22829312115852
600609,金杯汽车,2026-07-24,89.7974164410452,90.35865029380173,87.55248103001907,87.83309795639732,15802531.0,50047382.0,0.012113316725488071,3.2,3.22,3.12,3.13,2026-07-23,3.22,28.061692637826624
600610,中毅达,2026-07-24,512.420789435953,520.0460988025594,484.2071447795091,484.9696757161698,24846728.0,162703151.0,0.03505826410195733,6.72,6.82,6.35,6.36,2026-07-23,6.72,76.25309366606443
600611,大众交通,2026-07-24,4073.418809710312,4122.733807406563,3925.4738166215598,3925.4738166215598,91696398.0,370006322.0,0.05865504904290761,4.13,4.18,3.98,3.98,2026-07-23,4.2,986.2999539250151
600612,老凤祥,2026-07-24,6101.092296152765,6148.784679475326,5977.445376427608,5979.21176099511,1283200.0,43844350.0,0.004046550084272117,34.54,34.81,33.84,33.85,2026-07-23,34.63,176.6384567502248
600613,神奇制药,2026-07-24,145.8732506628348,147.3770986078125,141.06093723890626,141.3617068279018,8776300.0,41813746.0,0.018309898194979888,4.85,4.9,4.69,4.7,2026-07-23,4.86,30.07695889955357
600615,鑫源智造,2026-07-24,881.1930661081273,886.4195967493381,861.3322496715266,868.6493925692216,1427886.0,11895425.0,0.0063386648809263535,8.43,8.48,8.24,8.31,2026-07-23,8.51,104.53061282421439
600616,金枫酒业,2026-07-24,1511.1000562395368,1522.7537841796875,1476.1388724190847,1476.1388724190847,5485736.0,21044055.0,0.008199843663339113,3.89,3.92,3.8,3.8,2026-07-23,3.92,388.4575980050223
600617,国新能源,2026-07-24,190.13813493284457,209.95709362291305,186.42208017845672,209.95709362291305,48682772.0,158095145.0,0.027418530853470232,3.07,3.39,3.01,3.39,2026-07-23,3.08,61.93424590646403
600618,氯碱化工,2026-07-24,286.5707714915981,288.82945737527575,274.43033486683095,274.43033486683095,8493087.0,84489348.0,0.01132653268942279,10.15,10.23,9.72,9.72,2026-07-23,10.44,28.23357354597026
600619,海立股份,2026-07-24,732.3799521781366,737.1589404468357,718.0429873720393,718.6403609056266,10729679.0,130277536.0,0.0135960740601349,12.26,12.34,12.02,12.03,2026-07-23,12.34,59.73735335873871
600620,天宸股份,2026-07-24,1727.695707745877,1732.0696209300436,1670.8348363517086,1670.8348363517086,5492300.0,21260334.0,0.007998373465521342,3.95,3.96,3.82,3.82,2026-07-23,3.94,437.3913184166777
600621,华鑫股份,2026-07-24,5325.353355699524,5329.351368729329,5117.456678149693,5121.454691179498,11212727.0,145766375.0,0.0105690776537911,13.32,13.33,12.8,12.81,2026-07-23,13.38,399.80130298044475
600622,光大嘉宝,2026-07-24,596.3619941916395,602.1801599886311,575.998413902169,578.9074968006647,16094692.0,32322406.0,0.010732045520037675,2.05,2.07,1.98,1.99,2026-07-23,2.05,290.9082898495803
600623,华谊集团,2026-07-24,266.0758776223851,270.90192135193263,258.99768015238215,259.31941640101866,18258529.0,150261329.0,0.009732511173075385,8.27,8.42,8.05,8.06,2026-07-23,8.28,32.173624863649955
600626,申达股份,2026-07-24,37.478330214009375,37.593294417119836,36.3286881829048,36.55861658912571,7926400.0,25365871.0,0.007153928075025918,3.26,3.27,3.16,3.18,2026-07-23,3.26,11.49642031104582
600628,新世界,2026-07-24,292.6638757692153,295.1525141686134,285.19796057102104,285.19796057102104,5621300.0,32596798.0,0.008689927208607461,5.88,5.93,5.73,5.73,2026-07-23,5.91,49.772767987961785
600629,华建集团,2026-07-24,114.65726446150542,115.50518178291343,110.41767785446537,111.17138214016138,15400539.0,183450569.0,0.013394045628670572,12.17,12.26,11.72,11.8,2026-07-23,12.3,9.421303571200117
600630,龙头股份,2026-07-24,19.373698599577367,19.4053033281248,18.931232399913284,19.026046585555584,11083472.0,67024368.0,0.026087253068438666,6.13,6.14,5.99,6.02,2026-07-23,6.17,3.160472854743453
600633,浙数文化,2026-07-24,90.12447312813524,90.384447569851,87.52472871097748,87.52472871097748,20589396.0,211387702.0,0.016236740392326105,10.4,10.43,10.1,10.1,2026-07-23,10.61,8.665814723859157
600635,大众公用,2026-07-24,763.480429220017,768.5143661159731,738.3107447402363,739.9887237055549,41510849.0,185542251.0,0.01716181241611062,4.55,4.58,4.4,4.41,2026-07-23,4.57,167.79789653187186
600637,东方明珠,2026-07-24,46.12306995146265,46.41987220340257,44.995221394090976,44.995221394090976,24660690.0,189644682.0,0.0073353435088396035,7.77,7.82,7.58,7.58,2026-07-23,7.85,5.936045038798282
600638,新黄浦,2026-07-24,94.2052919708029,95.89507299270072,92.51551094890509,92.51551094890509,8308200.0,36815290.0,0.012337748223229566,4.46,4.54,4.38,4.38,2026-07-23,4.51,21.122262773722625
600639,浦东金桥,2026-07-24,73.84855949990231,74.41045071348852,72.80504724609935,72.80504724609935,3566846.0,32572179.0,0.004195121179095935,9.2,9.27,9.07,9.07,2026-07-23,9.21,8.027017336945903
600640,国脉文化,2026-07-24,101.79170031462994,101.9946747918276,99.15303211106026,99.15303211106026,4890789.0,48278939.0,0.0061787388294990446,10.03,10.05,9.77,9.77,2026-07-23,10.1,10.148723859883344
600641,先导基电,2026-07-24,818.7293099089395,878.3627845364533,792.7422452776835,834.8686447851933,64881655.0,1998959750.0,0.06971799810605703,29.93,32.11,28.98,30.52,2026-07-23,29.93,27.354804875006334
600642,申能股份,2026-07-24,129.4488217683945,130.33343786248378,125.6154853606744,125.76292137635593,36166375.0,312245493.0,0.007390223910706247,8.78,8.84,8.52,8.53,2026-07-23,9.02,14.743601568154272
600643,爱建集团,2026-07-24,37.83475094783474,38.029274088954715,36.27856581887496,36.27856581887496,14629390.0,55472113.0,0.009198839384281206,3.89,3.91,3.73,3.73,2026-07-23,3.89,9.726157055998648
600644,乐山电力,2026-07-24,106.76816419620353,108.40237079104337,102.30133283697461,102.30133283697461,58618647.0,558960316.0,0.10136008453356421,9.8,9.95,9.39,9.39,2026-07-23,10.43,10.894710632265665
600645,中源协和,2026-07-24,380.74413858347947,385.7022825476702,366.6960640182724,367.72901067747887,8397816.0,151919151.0,0.017952867943170338,18.43,18.67,17.75,17.8,2026-07-23,18.63,20.658933184128024
600648,外高桥,2026-07-24,69.26142840713989,70.32196853587112,68.11930826850624,68.60878832792066,1828507.0,15415485.0,0.0016070962404497375,8.49,8.62,8.35,8.41,2026-07-23,8.55,8.15800099024027
600649,城投控股,2026-07-24,86.18992246430496,87.38700472075362,84.03517440269732,84.27459085398706,15841578.0,56506843.0,0.006325243818012676,3.6,3.65,3.51,3.52,2026-07-23,3.62,23.941645128973597
600650,锦江在线,2026-07-24,46.16981595014957,46.72888536629669,45.19144447189211,45.19144447189211,4113151.0,40549835.0,0.010531416965751043,9.91,10.03,9.7,9.7,2026-07-23,10.2,4.658911801225991
600651,飞乐音响,2026-07-24,29659.856342643703,30006.080346643437,29082.816335977484,29082.816335977484,13181264.0,67276655.0,0.005257725051788063,5.14,5.2,5.04,5.04,2026-07-23,5.18,5770.4000666622
600653,申华控股,2026-07-24,17261.13970588235,17476.90395220588,16937.493336397056,16937.493336397056,16287205.0,25876921.0,0.00836794580059453,1.6,1.62,1.57,1.57,2026-07-23,1.61,10788.212316176468
600654,中安科,2026-07-24,6475.802468879284,6593.117730996663,6335.024154338431,6546.191626149712,80310120.0,221515075.0,0.03465479294922067,2.76,2.81,2.7,2.79,2026-07-23,2.81,2346.305242347567
600655,豫园股份,2026-07-24,1340.1855425675815,1343.203978474265,1316.0380553141115,1316.0380553141115,10071288.0,44251308.0,0.002589122369669543,4.44,4.45,4.36,4.36,2026-07-23,4.43,301.8435906683742
600657,信达地产,2026-07-24,40.58738232275912,41.08437067773168,39.09641725784143,39.09641725784143,19410764.0,46786148.0,0.0068063079662758225,2.45,2.48,2.36,2.36,2026-07-23,2.45,16.566278499085353
600658,电子城,2026-07-24,27.0793168976352,27.443286210775454,26.27858440872663,26.27858440872663,7379310.0,27027499.0,0.0065970039855127866,3.72,3.77,3.61,3.61,2026-07-23,3.74,7.27938626280516
600660,福耀玻璃,2026-07-24,5293.714345063134,5331.258418432376,5215.810392821957,5225.196411164267,7724914.0,431949766.0,0.0038566983092124265,56.4,56.8,55.57,55.67,2026-07-23,56.41,93.86018342310521
600661,昂立教育,2026-07-24,39.468739146688876,39.983996837898914,38.64432684075282,38.69585260987382,4594500.0,34959988.0,0.016033916453262083,7.66,7.76,7.5,7.51,2026-07-23,7.78,5.1525769121003755
600662,外服控股,2026-07-24,295.7596118633564,298.5432317397174,291.5841820488149,291.5841820488149,18158727.0,76643794.0,0.007975680673242426,4.25,4.29,4.19,4.19,2026-07-23,4.25,69.59049690902503
600663,陆家嘴,2026-07-24,101.79762575583148,103.55528260341418,100.47938312014446,100.62585452410968,6541232.0,45283105.0,0.002072841482423595,6.95,7.07,6.86,6.87,2026-07-23,6.96,14.647140396522515
600664,哈药股份,2026-07-24,57.17104632633333,61.81490387991637,55.726290642996396,55.726290642996396,525467965.0,2904526948.0,0.20864240796012665,5.54,5.99,5.4,5.4,2026-07-23,6.0,10.31968345240674
600665,天地源,2026-07-24,15.737163989864602,15.909468705082096,15.220249844212113,15.33511965435711,8934800.0,24143308.0,0.010339737459521669,2.74,2.77,2.65,2.67,2026-07-23,2.77,5.743490507249854
600666,奥瑞德,2026-07-24,66.48323091352003,66.8849422785564,63.6712513582654,63.87210704078359,189650610.0,614818995.0,0.07579586402392183,3.31,3.33,3.17,3.18,2026-07-23,3.4,20.08556825181874
600667,太极实业,2026-07-24,91.49549493231707,98.03916007621063,91.37967785012427,94.33301344604082,244667363.0,4008228682.0,0.11697940666630915,15.8,16.93,15.78,16.29,2026-07-23,16.23,5.790854109640321
600668,尖峰集团,2026-07-24,76.07839164141865,76.50943068754567,74.56975497997409,75.43183307222813,5749040.0,40050381.0,0.01392354499737048,7.06,7.1,6.92,7.0,2026-07-23,7.09,10.775976153175447
600671,天目药业,2026-07-24,57.421231742468265,57.93802282815047,55.41148863148187,55.49762047909557,3487400.0,68409766.0,0.028639112551145686,20.0,20.18,19.3,19.33,2026-07-23,20.18,2.871061587123413
600673,东阳光,2026-07-24,454.7951316120775,469.1327408459498,435.06164793535004,436.44915850636994,43852255.0,1274949749.0,0.014609831316442223,29.5,30.43,28.22,28.31,2026-07-23,30.16,15.416784122443305
600674,川投能源,2026-07-24,371.2015650222322,371.653148434668,362.395688479734,363.07306359838765,39050544.0,635501919.0,0.008011014093627327,16.44,16.46,16.05,16.08,2026-07-23,16.36,22.57917062179028
600675,中华企业,2026-07-24,152.95558066829366,155.76210508422565,148.04416294041263,148.74579404439567,26427197.0,56895274.0,0.004370923830384901,2.18,2.22,2.11,2.12,2026-07-23,2.18,70.16311039829984
600676,交运股份,2026-07-24,95.07506442029738,103.12455070508294,95.07506442029738,99.63137741168543,16025046.0,104735047.0,0.015581094740111314,6.26,6.79,6.26,6.56,2026-07-23,6.37,15.187709971293511
600679,上海凤凰,2026-07-24,23.283650101154585,23.36040938720235,22.92544009959836,22.92544009959836,1508100.0,13619545.0,0.0043879115501193845,9.1,9.13,8.96,8.96,2026-07-23,9.14,2.5586428682587457
600681,百川能源,2026-07-24,36.787029522702205,37.213545807023394,35.29422252757806,35.29422252757806,20873457.0,70294078.0,0.015579430017345788,3.45,3.49,3.31,3.31,2026-07-23,3.44,10.662907108029625
600682,南京新百,2026-07-24,75.26062385072106,76.08314432996391,72.10762868029012,72.2447154268306,17743459.0,95141903.0,0.015242732168658535,5.49,5.55,5.26,5.27,2026-07-23,5.53,13.708674654047552
600683,京投发展,2026-07-24,51.60529864391707,53.849007280609115,49.62555572918878,49.62555572918878,21016900.0,163181319.0,0.028371403353873295,7.82,8.16,7.52,7.52,2026-07-23,7.96,6.599143049094254
600684,珠江股份,2026-07-24,44.86498449031584,45.41045542636831,43.63767488419778,43.63767488419778,18487009.0,60322907.0,0.021661229980234252,3.29,3.33,3.2,3.2,2026-07-23,3.32,13.636773401311805
600685,中船防务,2026-07-24,53.69985829066899,55.11520339290367,53.53334710217079,53.574974899295334,14172091.0,369729804.0,0.017252841523961948,25.8,26.48,25.72,25.74,2026-07-23,26.11,2.08138985622748
600686,金龙汽车,2026-07-24,146.78532265225465,148.1482318690815,142.42401315840863,143.10546776682207,13053623.0,138736549.0,0.01820468589736235,10.77,10.87,10.45,10.5,2026-07-23,10.9,13.62909216826877
600688,上海石化,2026-07-24,11.619085544993576,11.780461733118486,11.054268886556388,11.094612933587616,123452800.0,346838983.0,0.016844854900455578,2.88,2.92,2.74,2.75,2026-07-23,2.88,4.034404703122769
600689,上海三毛,2026-07-24,23.63988344969987,23.71630548671399,23.003033141248903,23.232299252291252,2236300.0,20521122.0,0.01469276693736254,9.28,9.31,9.03,9.12,2026-07-23,9.28,2.5474012338038654
600690,海尔智家,2026-07-24,1045.1401307785889,1051.876761455799,1038.4035001013788,1047.064882400649,42908337.0,932415747.0,0.006862008962652065,21.72,21.86,21.58,21.76,2026-07-23,21.86,48.11879055150041
600691,潞化科技,2026-07-24,24.394427886138025,24.59687127108523,23.0785458839812,23.280989268928405,35433874.0,83063088.0,0.0149158459074774,2.41,2.43,2.28,2.3,2026-07-23,2.42,10.122169247360176
600692,亚通股份,2026-07-24,74.44080957460824,75.12626822630814,72.65861708018852,72.93280054086848,5038000.0,26966523.0,0.01975604794370108,5.43,5.48,5.3,5.32,2026-07-23,5.48,13.709173033997835
600693,东百集团,2026-07-24,100.8096957666752,102.37062008822372,97.55777009678245,97.94800117716959,24194900.0,184613374.0,0.02784374536935426,7.75,7.87,7.5,7.53,2026-07-23,7.87,13.007702679570993
600694,大商股份,2026-07-24,130.1908755215612,130.64608837303518,127.55064098301204,127.73272612360164,3201383.0,45184230.0,0.008451523222761008,14.3,14.35,14.01,14.03,2026-07-23,14.39,9.104257029479804
600697,欧亚集团,2026-07-24,34.205514831554574,34.709066048843496,33.09050856470053,33.52212389380532,4187100.0,39142441.0,0.026948174723106396,9.51,9.65,9.2,9.32,2026-07-23,9.61,3.59679440920658
600698,湖南天雁,2026-07-24,38.17476394566042,41.446886569574175,37.69000503841394,41.446886569574175,68327980.0,456719325.0,0.08227808628316188,6.3,6.84,6.22,6.84,2026-07-23,6.22,6.05948634058102
600699,均胜电子,2026-07-24,91.19134778443832,91.23733434408756,88.20222140723787,88.24820796688712,21628876.0,421209999.0,0.015497121293085551,19.83,19.84,19.18,19.19,2026-07-23,20.12,4.598655964923768
600702,舍得酒业,2026-07-24,120.15803095875866,121.85437963111758,115.06898494168182,115.17500673370427,8937320.0,297359542.0,0.02692362316935068,34.0,34.48,32.56,32.59,2026-07-23,34.2,3.534059734081137
600703,三安光电,2026-07-24,257.94062166083876,264.44879546220557,255.33735214029198,255.33735214029198,112156689.0,1339414516.0,0.02248071116530808,11.89,12.19,11.77,11.77,2026-07-23,12.13,21.69391267122277
600704,物产中大,2026-07-24,125.53547522395303,126.29476237248501,123.25761377835711,123.25761377835711,30567258.0,150120508.0,0.0059110799953238525,4.96,4.99,4.87,4.87,2026-07-23,4.97,25.309571617732466
600706,曲江文旅,2026-07-24,20.118433423657518,20.326145863134805,19.52496931086526,19.6139889277841,5747500.0,38310550.0,0.02262526400159887,6.78,6.85,6.58,6.61,2026-07-23,6.86,2.9673205639612856
600707,彩虹股份,2026-07-24,20.30264105716885,21.067466576445756,19.81593390853809,20.117228810071413,89133479.0,782917582.0,0.024844393619897452,8.76,9.09,8.55,8.68,2026-07-23,9.02,2.317653088717905
600708,光明地产,2026-07-24,37.82013091904447,38.20605062230003,37.305571314703734,37.43421121578892,7523300.0,22005278.0,0.0033808363603161163,2.94,2.97,2.9,2.91,2026-07-23,2.96,12.863990108518529
600710,苏美达,2026-07-24,89.74711866261038,89.91255113940781,86.93476655705393,87.01748279545265,9984300.0,106306846.0,0.007640561947241677,10.85,10.87,10.51,10.52,2026-07-23,10.83,8.271623839871925
600711,盛屯矿业,2026-07-24,103.55994020799055,104.88884869828557,100.33259101727407,100.42751305229514,111755962.0,1203372979.0,0.036159821496765,10.91,11.05,10.57,10.58,2026-07-23,11.26,9.49220350210729
600712,南宁百货,2026-07-24,29.076561455674224,29.076561455674224,27.87817822865077,27.87817822865077,5281200.0,23676237.0,0.009804540929355192,4.61,4.61,4.42,4.42,2026-07-23,4.62,6.307280142228682
600713,南京医药,2026-07-24,84.93638705523996,85.44908154450701,83.39830358743883,83.56920175052785,10298001.0,50829477.0,0.007984099489864937,4.97,5.0,4.88,4.89,2026-07-23,5.01,17.0898163089014
600714,金瑞矿业,2026-07-24,37.72098170238508,38.490256294065226,34.72346346583831,34.82957030607005,15773523.0,212644116.0,0.05473567561892925,14.22,14.51,13.09,13.13,2026-07-23,13.91,2.6526710057936063
600715,文投控股,2026-07-24,6.697157864821584,6.742105233041863,6.517368391940467,6.517368391940467,17215101.0,25269241.0,0.006014277511993242,1.49,1.5,1.45,1.45,2026-07-23,1.5,4.4947368220279085
600716,凤凰股份,2026-07-24,14.928266783360895,15.072733881264387,14.591176888252745,14.639332587553909,4268332.0,13089932.0,0.004559888585844642,3.1,3.13,3.03,3.04,2026-07-23,3.12,4.815569930116418
600717,天津港,2026-07-24,149.99807802144966,151.3999292179118,147.8953012267564,148.24576402587198,16249381.0,69285126.0,0.005614849748371099,4.28,4.32,4.22,4.23,2026-07-23,4.27,35.046279911553654
600718,东软集团,2026-07-24,144.02494736905965,146.53909857001582,143.30661845450078,144.02494736905965,14096166.0,113799056.0,0.01178176885215359,8.02,8.16,7.98,8.02,2026-07-23,8.04,17.958222863972527
600719,大连热电,2026-07-24,38.766001170606636,38.98017797265419,36.41005634808358,36.51714474910736,19608460.0,136142101.0,0.04846386402754724,7.24,7.28,6.8,6.82,2026-07-23,7.24,5.354420051188762
600720,中交设计,2026-07-24,69.2169863782044,69.61785695568436,67.88075111993791,67.88075111993791,6595104.0,33816370.0,0.006535955103051106,5.18,5.21,5.08,5.08,2026-07-23,5.2,13.362352582664943
600721,百花医药,2026-07-24,10.124824543827254,10.316136635498408,9.66861878676527,9.712767730997074,18813100.0,127274216.0,0.04892267768075079,6.88,7.01,6.57,6.6,2026-07-23,6.95,1.4716314743934962
600722,金牛化工,2026-07-24,60.08343252450202,63.781699111647995,56.81395046919905,61.2625899870703,163411213.0,1848058194.0,0.24019768759414803,11.21,11.9,10.6,11.43,2026-07-23,10.9,5.3598066480376465
600724,宁波富达,2026-07-24,97.56433118621365,97.56433118621365,95.33313026511522,95.53596671248779,5658701.0,26863911.0,0.003916211446297222,4.81,4.81,4.7,4.71,2026-07-23,4.81,20.283644737258555
600725,云维股份,2026-07-24,26.004179474218205,26.004179474218205,24.7080209957525,25.275090330081245,16713700.0,51950940.0,0.013561141447662012,3.21,3.21,3.05,3.12,2026-07-23,3.21,8.100990490410656
600726,华电能源,2026-07-24,21.487876228508952,22.209606422443603,20.6021164450437,20.6021164450437,282603865.0,1822524713.0,0.03780483675069508,6.55,6.77,6.28,6.28,2026-07-23,6.98,3.280591790612054
600727,鲁北化工,2026-07-24,41.88573085343844,42.462669294945854,40.55877243797138,40.61646628212212,20214400.0,144963441.0,0.03824261248895124,7.26,7.36,7.03,7.04,2026-07-23,7.36,5.769384415074165
600728,佳都科技,2026-07-24,57.64551044326362,58.03413186198225,56.479646187107726,56.60918666001393,25507360.0,112282058.0,0.011960690630662279,4.45,4.48,4.36,4.37,2026-07-23,4.48,12.954047290621038
600729,重百集团,2026-07-24,93.1677876236339,93.72346031323806,91.36185138242031,91.50076955482136,2918228.0,58042381.0,0.015160977151813073,20.12,20.24,19.73,19.76,2026-07-23,20.07,4.630605746701486
600731,湖南海利,2026-07-24,48.23406853512028,48.852454029160285,47.35066068649171,47.35066068649171,8065500.0,43859169.0,0.014889714072721895,5.46,5.53,5.36,5.36,2026-07-23,5.52,8.834078486285765
600732,爱旭股份,2026-07-24,79.78313424470102,80.66885648652946,77.05783503907502,77.3303649596376,28956260.0,332710066.0,0.01375428772152023,11.71,11.84,11.31,11.35,2026-07-23,11.89,6.813248014064988
600733,北汽蓝谷,2026-07-24,38.81968426576203,39.39056197555265,38.49346843159596,38.575022390137484,51964198.0,247986646.0,0.009353602384066698,4.76,4.83,4.72,4.73,2026-07-23,4.81,8.155395854151687
600736,苏州高新,2026-07-24,175.86545756672882,176.73036965312255,172.1175051923559,172.1175051923559,16403300.0,99086704.0,0.014247720888633946,6.1,6.13,5.97,5.97,2026-07-23,6.18,28.83040287979161
600737,中粮糖业,2026-07-24,185.70069211295998,187.3440610697118,176.73686143976803,176.88625861765456,30019898.0,363057190.0,0.014035543806710907,12.43,12.54,11.83,11.84,2026-07-23,12.55,14.939717788653256
600738,丽尚国潮,2026-07-24,29.07873665426183,29.473828184890387,28.367571899130425,28.52560851138185,9427400.0,34312626.0,0.012393609772031989,3.68,3.73,3.59,3.61,2026-07-23,3.71,7.90183061257115
600739,辽宁成大,2026-07-24,350.11735311358217,353.6800643848582,340.07698498544056,340.07698498544056,14310086.0,152823446.0,0.009400207760290871,10.81,10.92,10.5,10.5,2026-07-23,10.91,32.388284284327675
600740,山西焦化,2026-07-24,51.34172818201153,52.34561672188326,49.47736375082117,49.47736375082117,32636145.0,115135155.0,0.012737939792210154,3.58,3.65,3.45,3.45,2026-07-23,3.58,14.341264855310483
600741,华域汽车,2026-07-24,996.970934536559,1010.8821568789297,989.4356891011082,1005.6654485005406,20821430.0,359861664.0,0.006604266693078197,17.2,17.44,17.07,17.35,2026-07-23,17.2,57.963426426544125
600742,富维股份,2026-07-24,169.24668385689486,169.47884666053943,165.99640460587082,165.99640460587082,4315756.0,31072624.0,0.005808102055253085,7.29,7.3,7.15,7.15,2026-07-23,7.3,23.216280364457457
600743,华远控股,2026-07-24,26.701279798330372,28.14105468941681,26.439502545405563,26.832168424792773,41836560.0,87543021.0,0.01783237901815811,2.04,2.15,2.02,2.05,2026-07-23,2.04,13.088862646240377
600744,华银电力,2026-07-24,28.17033455353318,30.44936692457499,27.198943706859623,28.13297336712266,344997152.0,2673198896.0,0.1698552650944292,7.54,8.15,7.28,7.53,2026-07-23,7.88,3.736118641052146
600746,江苏索普,2026-07-24,54.04470289335738,55.574269956376924,50.73064092348169,51.15552066320934,37447647.0,233764606.0,0.03206565498925453,6.36,6.54,5.97,6.02,2026-07-23,6.48,8.497594794553047
600748,上实发展,2026-07-24,23.34499363564084,23.75099352495633,22.6006605052291,22.735993801667597,11854003.0,40464766.0,0.006426456398646883,3.45,3.51,3.34,3.36,2026-07-23,3.48,6.766664821924881
600749,西藏旅游,2026-07-24,42.04056436871205,42.28786180617506,40.46404320488534,40.49495538456822,6656301.0,88635854.0,0.02932736694094372,13.6,13.68,13.09,13.1,2026-07-23,13.77,3.0912179682876504
600750,华润江中,2026-07-24,543.1187057657515,545.2696709371011,530.8582042890594,531.0733008061943,3075316.0,76743253.0,0.00489057303164536,25.25,25.35,24.68,24.69,2026-07-23,25.25,21.50965171349511
600751,海航科技,2026-07-24,14.111132837754093,14.157858443177119,13.410248756408691,13.456974361831717,32600400.0,95292572.0,0.012669259561267557,3.02,3.03,2.87,2.88,2026-07-23,3.02,4.67256054230268
600754,锦江酒店,2026-07-24,61.85574604617735,62.63487099637563,59.68774618475602,59.721621182590724,14680400.0,262627742.0,0.01620274399391986,18.26,18.49,17.62,17.63,2026-07-23,18.45,3.3874997834708296
600755,厦门国贸,2026-07-24,174.3232057586879,174.62170439868564,170.44272343871708,170.44272343871708,12271281.0,70824357.0,0.005755332483405583,5.84,5.85,5.71,5.71,2026-07-23,5.83,29.849863999775323
600756,浪潮软件,2026-07-24,74.5133203415644,74.61560355411287,70.62655826472232,70.93340790236775,20171419.0,285270601.0,0.06223849617835463,14.57,14.59,13.81,13.87,2026-07-23,14.79,5.114160627423774
600757,长江传媒,2026-07-24,68.05117709363962,68.84658046226657,67.60928633329131,67.69766448536097,6464342.0,49841341.0,0.0053270353790041145,7.7,7.79,7.65,7.66,2026-07-23,7.71,8.837815206966184
600758,辽宁能源,2026-07-24,9.197958052248271,9.44805358841212,8.69776697992057,8.725555372827664,68849099.0,222370307.0,0.05212905043687843,3.31,3.4,3.13,3.14,2026-07-23,3.38,2.7788392907094472
600760,中航沈飞,2026-07-24,435.7174133404513,437.60751170882315,427.16223125203146,430.7434702657886,20048667.0,872468102.0,0.007085454654082703,43.8,43.99,42.94,43.3,2026-07-23,43.34,9.947886149325372
600761,安徽合力,2026-07-24,314.44780705380253,316.0855560488744,306.8049784101337,307.71483896295143,10744931.0,182721057.0,0.012063566103239049,17.28,17.37,16.86,16.91,2026-07-23,17.41,18.197211056354313
600763,通策医疗,2026-07-24,120.4695370417583,121.77006045300453,115.95192940269236,115.9861537029883,8161976.0,282176548.0,0.01824765166374482,35.2,35.58,33.88,33.89,2026-07-23,35.58,3.422430029595406
600764,中国海防,2026-07-24,153.34951456310677,158.8019417475728,153.1791262135922,154.88300970873786,9126402.0,167420226.0,0.012842702792479229,18.0,18.64,17.98,18.18,2026-07-23,18.18,8.519417475728154
600765,中航重机,2026-07-24,174.856166933796,178.94097565643932,173.9337907706185,173.9337907706185,18791760.0,251607317.0,0.012104238823500419,13.27,13.58,13.2,13.2,2026-07-23,13.39,13.176802331107462
600768,宁波富邦,2026-07-24,44.24243211804535,44.41378158403313,43.11152564252598,43.38568478810644,2187000.0,27889183.0,0.016351744186046513,12.91,12.96,12.58,12.66,2026-07-23,13.08,3.4269893197556427
600769,祥龙电业,2026-07-24,74.67998095426856,78.06930316680844,74.04807342311706,74.22041184070383,10851900.0,142237250.0,0.028940159561701352,13.0,13.59,12.89,12.92,2026-07-23,13.27,5.74461391955912
600770,综艺股份,2026-07-24,103.2190686145764,104.95384287700627,101.26744756934282,101.70114113495029,21888494.0,103735054.0,0.016837303076923077,4.76,4.84,4.67,4.69,2026-07-23,4.84,21.684678280373195
600771,广誉远,2026-07-24,108.89636125400375,110.24911108324602,104.61265346140318,104.76295899798565,9231317.0,130931166.0,0.018859007297131043,14.49,14.67,13.92,13.94,2026-07-23,14.53,7.515276829123792
600773,西藏城投,2026-07-24,64.6568949252043,66.10209277095717,62.834688945776776,62.89752363472255,19009500.0,194414665.0,0.019976631350412766,10.29,10.52,10.0,10.01,2026-07-23,10.47,6.283468894577678
600774,汉商集团,2026-07-24,40.785255443739985,41.31752631413137,39.3880444089626,39.65417984415829,5092130.0,30666455.0,0.017268471729111855,6.13,6.21,5.92,5.96,2026-07-23,6.17,6.653385879892331
600775,南京熊猫,2026-07-24,13.283441405780145,13.747165148549495,12.759882341363133,12.789800002186963,29430200.0,262215802.0,0.043805466238748564,8.88,9.19,8.53,8.55,2026-07-23,8.71,1.4958830411914577
600776,东方通信,2026-07-24,60.13875048106926,60.340897541509825,58.21835340688385,58.26889017199399,11929462.0,139641627.0,0.012478515901019857,11.9,11.94,11.52,11.53,2026-07-23,11.97,5.053676511014223
600778,友好集团,2026-07-24,20.378679785793786,20.76078003177742,19.699390459600657,19.86921279114894,7653948.0,36161956.0,0.02459377247904231,4.8,4.89,4.64,4.68,2026-07-23,4.87,4.245558288707039
600779,水井坊,2026-07-24,192.4464572464487,193.83847502038324,186.6695834846204,186.80878526201386,2851751.0,77524606.0,0.00584970726694597,27.65,27.85,26.82,26.84,2026-07-23,27.79,6.9600888696726475
600780,通宝能源,2026-07-24,74.52607703239855,75.35943572125925,72.50220593087974,72.62125717214555,14601654.0,90240517.0,0.012735823696046067,6.26,6.33,6.09,6.1,2026-07-23,6.31,11.905124126581239
600782,新钢股份,2026-07-24,40.53361976103971,40.961791800769,39.24910364185183,39.24910364185183,35135000.0,98099864.0,0.0111693850228066,2.84,2.87,2.75,2.75,2026-07-23,2.85,14.272401324309756
600783,鲁信创投,2026-07-24,94.48554140500627,97.2356403232393,92.58666358051204,93.43788467425082,17056042.0,247382939.0,0.02291372209292251,14.43,14.85,14.14,14.27,2026-07-23,14.68,6.547854567221502
600784,鲁银投资,2026-07-24,52.30081855449016,54.11471977603317,50.86481342076861,53.13218994769738,14413200.0,100034924.0,0.02133227473752745,6.92,7.16,6.73,7.03,2026-07-23,7.0,7.557921756429214
600785,新华百货,2026-07-24,39.26717039269156,39.75985759962621,37.936914933968005,38.035452375354936,12214845.0,95525197.0,0.03866879311110714,7.97,8.07,7.7,7.72,2026-07-23,8.07,4.926872069346494
600787,中储股份,2026-07-24,156.50384557668045,157.18429707918776,153.10158806414393,153.10158806414393,14864804.0,67500173.0,0.006849888881171916,4.6,4.62,4.5,4.5,2026-07-23,4.59,34.022575125365314
600789,鲁抗医药,2026-07-24,21.282948906420867,21.457399307293166,20.643297436555756,20.643297436555756,20383262.0,146961152.0,0.020175490820954125,7.32,7.38,7.1,7.1,2026-07-23,7.37,2.907506681205036
600790,轻纺城,2026-07-24,42.38355295308714,42.38355295308714,41.4386966770629,41.4386966770629,9047974.0,28038436.0,0.006172758902489263,3.14,3.14,3.07,3.07,2026-07-23,3.15,13.497946800346222
600791,京能置业,2026-07-24,49.390041206978445,50.28532896299618,46.629570625923755,46.778785251926706,14478800.0,92827608.0,0.03201052749019565,6.62,6.74,6.25,6.27,2026-07-23,6.56,7.460731300147801
600792,云煤能源,2026-07-24,22.923699246099268,23.58815429671084,22.259244195487696,22.259244195487696,23122800.0,79620588.0,0.020832785247561183,3.45,3.55,3.35,3.35,2026-07-23,3.49,6.6445505061157295
600793,宜宾纸业,2026-07-24,30.516761619920672,31.269362741812113,30.00693505347808,30.055489964567855,5540200.0,69443694.0,0.03131755040793255,12.57,12.88,12.36,12.38,2026-07-23,12.8,2.427745554488518
600794,XD保税科,2026-07-24,68.0829681008281,68.30619094706033,66.52040817720254,66.52040817720254,9213100.0,27721012.0,0.007676609958382135,3.05,3.06,2.98,2.98,2026-07-23,3.06,22.32228462322233
600795,国电电力,2026-07-24,1499.9893471729033,1511.9653100245832,1473.0434307566236,1476.0374214695435,151503511.0,754264964.0,0.008494435225570602,5.01,5.05,4.92,4.93,2026-07-23,5.04,299.3990712919967
600796,钱江生化,2026-07-24,44.08039610088135,44.44394575944532,42.44442263734349,42.53531005198448,6117400.0,28933164.0,0.019639917361838805,4.85,4.89,4.67,4.68,2026-07-23,4.86,9.088741464099249
600797,浙大网新,2026-07-24,85.55115708290784,85.55115708290784,80.81853988257676,80.81853988257676,46386217.0,315828300.0,0.04514357816432487,7.05,7.05,6.66,6.66,2026-07-23,7.17,12.134915898284799
600798,宁波海运,2026-07-24,27.249638421953886,28.109248466810477,26.991755408496914,27.07771641298257,20607093.0,66086330.0,0.01707957634596717,3.17,3.27,3.14,3.15,2026-07-23,3.18,8.596100448565895
600800,渤海化学,2026-07-24,37.52937728853286,38.1548669100084,35.652908424106215,35.77800634840132,23667800.0,68795325.0,0.021327525968708055,3.0,3.05,2.85,2.86,2026-07-23,3.01,12.509792429510952
600801,华新建材,2026-07-24,261.8996626034629,266.18707522793494,257.24475746832184,259.6947075394487,12782900.0,271583720.0,0.009527407318278754,21.38,21.73,21.0,21.2,2026-07-23,21.66,12.249750355634374
600802,福建水泥,2026-07-24,16.759325172438924,16.801015036051957,16.133977218243444,16.259046809082538,5748592.0,22586641.0,0.01254470719374034,4.02,4.03,3.87,3.9,2026-07-23,4.02,4.168986361303215
600803,新奥股份,2026-07-24,134.23297846221553,136.28291648171768,130.51272057497087,130.66456783567475,6914149.0,120731191.0,0.002250899790089952,17.68,17.95,17.19,17.21,2026-07-23,17.67,7.592363035193186
600805,悦达投资,2026-07-24,52.33960893736394,52.71615288655361,51.20997708979493,51.33549173952482,4597500.0,18973002.0,0.005407071841695407,4.17,4.2,4.08,4.09,2026-07-23,4.19,12.551464972988954
600807,济高发展,2026-07-24,15.564805135377192,15.762662827776056,15.235042314712423,15.300994878845376,10035768.0,23492789.0,0.012751629674599349,2.36,2.39,2.31,2.32,2026-07-23,2.38,6.595256413295421
600808,马钢股份,2026-07-24,6.426630637391285,6.5262683216919255,6.152627005564525,6.152627005564525,75138960.0,189351124.0,0.012590833239876299,2.58,2.62,2.47,2.47,2026-07-23,2.58,2.490942107516002
600809,山西汾酒,2026-07-24,907.3132096158646,907.3132096158646,877.5940355050102,882.4984312326635,7782229.0,940314419.0,0.006379063303382679,123.95,123.95,119.89,120.56,2026-07-23,122.98,7.3199936233631675
600810,神马股份,2026-07-24,32.02676084012488,32.428350317744,31.223581884886638,31.223581884886638,11579600.0,73180692.0,0.010714381467629467,6.38,6.46,6.22,6.22,2026-07-23,6.43,5.019868470239009
600812,华北制药,2026-07-24,21.89723740779649,22.03409514159522,21.258567983402425,21.304187228002,16202500.0,76537114.0,0.009443500146238014,4.8,4.83,4.66,4.67,2026-07-23,4.82,4.561924459957602
600814,杭州解百,2026-07-24,43.87033835506781,44.28291207000576,42.83890406772296,42.83890406772296,4292000.0,27035029.0,0.0058388314007204985,6.38,6.44,6.23,6.23,2026-07-23,6.43,6.87622858229903
600815,厦工股份,2026-07-24,15.92975388353367,17.041132061454622,15.92975388353367,16.732415900921023,81026900.0,218614922.0,0.04567225754515622,2.58,2.76,2.58,2.71,2026-07-23,2.64,6.1743232106719645
600816,建元信托,2026-07-24,82.19867628764331,82.85890661927094,79.22763979531884,79.55775496113267,66038788.0,161522167.0,0.01207480757992565,2.49,2.51,2.4,2.41,2026-07-23,2.5,33.01151658138285
600817,宇通重工,2026-07-24,46.906356401041684,47.11459771691757,46.073391137538174,46.073391137538174,1464892.0,13071038.0,0.002766599733435744,9.01,9.05,8.85,8.85,2026-07-23,9.01,5.206032896896969
600819,耀皮玻璃,2026-07-24,17.729901104204917,17.729901104204917,17.19693814516068,17.303530736969527,5631768.0,27581333.0,0.0071355306235830985,4.99,4.99,4.84,4.87,2026-07-23,5.01,3.5530863936282393
600820,隧道股份,2026-07-24,202.58618050365592,204.04101842468756,198.58537622081892,198.9490857010768,18827299.0,104167600.0,0.005988143630828861,5.57,5.61,5.46,5.47,2026-07-23,5.56,36.37094802579101
600821,金开新能,2026-07-24,33.754888870773385,34.34968867466366,31.326123004888075,31.326123004888075,156302384.0,1025787004.0,0.0794491950918695,6.81,6.93,6.32,6.32,2026-07-23,7.02,4.956665032418999
600822,上海物贸,2026-07-24,22.021817086790584,22.13234063553232,21.413937568711045,21.496830230267346,2092598.0,16423555.0,0.005282365393685229,7.97,8.01,7.75,7.78,2026-07-23,8.0,2.7630887185433606
600824,益民集团,2026-07-24,115.63629297862158,116.31055707762229,112.60210453311839,112.93923658261875,6512960.0,21979754.0,0.006179120220757365,3.43,3.45,3.34,3.35,2026-07-23,3.45,33.71320495003545
600825,新华传媒,2026-07-24,62.99213102683041,62.99213102683041,60.9902624560625,61.12372036078036,7453504.0,34514167.0,0.0071333052633351995,4.72,4.72,4.57,4.58,2026-07-23,4.75,13.345790471786104
600826,兰生股份,2026-07-24,73.85574277731833,74.34550234480717,71.11308919938077,71.21104111287853,5139515.0,37862055.0,0.007096978207050398,7.54,7.59,7.26,7.27,2026-07-23,7.61,9.795191349776966
600827,百联股份,2026-07-24,70.39396934184029,70.85647899586027,68.72893458736837,68.82143651817238,10020642.0,75307892.0,0.006245531178685839,7.61,7.66,7.43,7.44,2026-07-23,7.63,9.250193080399512
600828,茂业商业,2026-07-24,43.666472303206994,43.914577259475216,42.053790087463554,42.177842565597665,15465200.0,53203795.0,0.008932399029223142,3.52,3.54,3.39,3.4,2026-07-23,3.54,12.405247813411078
600829,人民同泰,2026-07-24,88.54182922204086,89.23822563165241,84.56242116711766,84.76139156986382,17709407.0,154508044.0,0.03053932615957268,8.9,8.97,8.5,8.52,2026-07-23,9.04,9.94852013730796
600830,香溢融通,2026-07-24,90.86165491111566,91.91005862162854,88.88133679125802,89.23080469476231,3634869.0,28056303.0,0.008000631762336126,7.8,7.89,7.63,7.66,2026-07-23,7.85,11.648930116809701
600831,广电网络,2026-07-24,18.82083924428965,18.88664637451444,18.294382202491338,18.689224983840074,7469900.0,21084195.0,0.010506971805290373,2.86,2.87,2.78,2.84,2026-07-23,2.89,6.580713022478899
600833,第一医药,2026-07-24,94.7186383895859,94.7186383895859,91.44563831957927,91.5448201398825,3090700.0,28843760.0,0.013854276792653743,9.55,9.55,9.22,9.23,2026-07-23,9.64,9.91818203032313
600834,申通地铁,2026-07-24,37.50352984617141,37.66588278922843,36.85411807394333,36.85411807394333,1028600.0,7066508.0,0.0021546690170420268,6.93,6.96,6.81,6.81,2026-07-23,6.97,5.411764768567303
600835,上海机电,2026-07-24,120.6816843743361,121.15362392216869,117.58036734572188,117.58036734572188,5613414.0,98936272.0,0.006960178637609248,17.9,17.97,17.44,17.44,2026-07-23,18.07,6.741993540465704
600838,上海九百,2026-07-24,85.18732982867384,86.19695744145811,83.2942780547033,83.2942780547033,6112750.0,40849499.0,0.015248253325708845,6.75,6.83,6.6,6.6,2026-07-23,6.83,12.62034515980353
600839,四川长虹,2026-07-24,230.97940968698302,232.33016646877826,222.8748689962117,222.8748689962117,100989322.0,679203646.0,0.021883039497174638,6.84,6.88,6.6,6.6,2026-07-23,6.94,33.76891954488056
600841,动力新科,2026-07-24,16.697088744750957,16.697088744750957,16.24171359716684,16.393505313028214,9871500.0,53469625.0,0.009464303236816443,5.5,5.5,5.35,5.4,2026-07-23,5.51,3.035834317227447
600843,上工申贝,2026-07-24,18.6349914397016,18.722754350720603,18.313194099298588,18.459465617663593,5705700.0,36062419.0,0.01215989685751157,6.37,6.4,6.26,6.31,2026-07-23,6.45,2.9254303673000943
600844,金煤科技,2026-07-24,21.33549587378442,22.138085060259073,19.930964797453786,20.19849452627867,153794044.0,484641214.0,0.1869312234701595,3.19,3.31,2.98,3.02,2026-07-23,3.07,6.688243220622076
600845,宝信软件,2026-07-24,277.8583155237155,282.45494481646375,276.2732709400091,276.74878431512104,12854235.0,226581895.0,0.006023387448687672,17.53,17.82,17.43,17.46,2026-07-23,17.87,15.850445837063061
600846,同济科技,2026-07-24,264.6318214969155,272.1391072131401,258.29754917385105,258.29754917385105,6636361.0,75160355.0,0.010622230771333233,11.28,11.6,11.01,11.01,2026-07-23,11.38,23.460267863201732
600847,万里股份,2026-07-24,20.522288759583578,20.6388926729903,19.64775940903314,19.822665279143227,1974200.0,20370156.0,0.012879075514360606,10.56,10.62,10.11,10.2,2026-07-23,10.56,1.9433985567787477
600848,上海临港,2026-07-24,24.306057261440145,24.394873548631764,23.743554109226544,23.743554109226544,5903000.0,47879073.0,0.0024658380620616836,8.21,8.24,8.02,8.02,2026-07-23,8.18,2.96054290638735
600850,电科数字,2026-07-24,142.99233142282483,143.39884835650733,138.41901591889652,138.41901591889652,10428932.0,144327339.0,0.01277681969246123,14.07,14.11,13.62,13.62,2026-07-23,14.29,10.162923342062887
600851,海欣股份,2026-07-24,158.02485720018075,160.31809391416755,154.4807640967466,155.31466835637818,8421601.0,63356405.0,0.01140819736645095,7.58,7.69,7.41,7.45,2026-07-23,7.78,20.847606490789016
600853,龙建股份,2026-07-24,10.394117411445167,10.46011180770831,10.09714262826102,10.09714262826102,7829022.0,24262986.0,0.00772324409362449,3.15,3.17,3.06,3.06,2026-07-23,3.16,3.299719813157196
600854,春兰股份,2026-07-24,28.34730465281379,28.485247741148648,27.79553229947435,28.002446931976635,5588012.0,22738670.0,0.010757378291470108,4.11,4.13,4.03,4.06,2026-07-23,4.14,6.897154416743014
600855,航天长峰,2026-07-24,19.20230582205574,19.51873583993871,18.919184227107827,18.969146861510403,6723900.0,77393772.0,0.014378376338461986,11.53,11.72,11.36,11.39,2026-07-23,11.6,1.6654211467524496
600857,宁波中百,2026-07-24,102.34879129698722,103.95571676421045,99.75298861916508,103.95571676421045,5610500.0,92726789.0,0.025011153824462642,16.56,16.82,16.14,16.82,2026-07-23,16.82,6.18048256624319
600858,银座股份,2026-07-24,32.4141419549149,32.771913941172244,31.770152379651694,31.770152379651694,4944778.0,22164214.0,0.009554239844279264,4.53,4.58,4.44,4.44,2026-07-23,4.58,7.155439725146778
600859,王府井,2026-07-24,47.58444351656889,47.92607541873913,46.4131341376995,46.46193869515239,13403664.0,129160665.0,0.011926792388768821,9.75,9.82,9.51,9.52,2026-07-23,9.81,4.880455745289117
600860,京城股份,2026-07-24,12.86799378451675,13.089561889415714,12.731644181502004,12.765731582255691,4278300.0,32264564.0,0.009634925699663429,7.55,7.68,7.47,7.49,2026-07-23,7.61,1.7043700376843378
600861,北京人力,2026-07-24,33.06557010988642,33.29769969724132,32.601310935176635,32.65289528792216,1636150.0,20873393.0,0.0030478811917562507,12.82,12.91,12.64,12.66,2026-07-23,12.91,2.5792176372766322
600862,中航高科,2026-07-24,148.91054721458178,151.02621619140095,144.51646549349576,145.16744056328628,15341104.0,277571537.0,0.011012608186539687,18.3,18.56,17.76,17.84,2026-07-23,18.45,8.137188372381518
600863,华能蒙电,2026-07-24,114.2322617973883,115.1177832066704,107.59085122777272,108.03361193241375,222842539.0,1112384417.0,0.03414223523567165,5.16,5.2,4.86,4.88,2026-07-23,5.23,22.138035232051998
600864,哈投股份,2026-07-24,59.01179028053811,59.33782227103833,56.83824367720338,57.05559833753685,32580801.0,173515162.0,0.0156595514003534,5.43,5.46,5.23,5.25,2026-07-23,5.46,10.867733016673686
600865,百大集团,2026-07-24,49.26684488346968,49.89685568760611,48.25882759685137,48.38482975767866,5122300.0,39671844.0,0.013614436789915942,7.82,7.92,7.66,7.68,2026-07-23,7.91,6.300108041364409
600866,星湖科技,2026-07-24,74.62648674777863,75.43764421242841,72.03078286089938,72.35524584675929,22528300.0,101758842.0,0.017939839403180072,4.6,4.65,4.44,4.46,2026-07-23,4.61,16.223149292995355
600867,通化东宝,2026-07-24,324.3365904775814,326.35612092887396,314.23893822111876,314.64284431137725,27676346.0,219310388.0,0.014131090518010826,8.03,8.08,7.78,7.79,2026-07-23,8.12,40.390609025850736
600868,梅雁吉祥,2026-07-24,98.29767401870974,99.41469304164961,93.8295979269502,94.2019376012635,63523901.0,163933298.0,0.03346624092348036,2.64,2.67,2.52,2.53,2026-07-23,2.67,37.23396743132945
600869,远东股份,2026-07-24,177.55637550735548,179.86530106661885,167.62799560252284,169.12879721604406,87041820.0,1301635440.0,0.03921946169074648,15.38,15.58,14.52,14.65,2026-07-23,15.61,11.544627796317
600871,石化油服,2026-07-24,5.4214414928754175,5.491849823951721,5.069399837493897,5.0928692811859975,225318691.0,503247131.0,0.016632352961822437,2.31,2.34,2.16,2.17,2026-07-23,2.29,2.3469443692101373
600872,中炬高新,2026-07-24,220.83568725828397,223.80390886121788,217.74873679123266,218.10492338358475,9303328.0,172172340.0,0.012066761873515663,18.6,18.85,18.34,18.37,2026-07-23,18.72,11.872886411735696
600873,梅花生物,2026-07-24,82.75575716448854,83.34129318216179,80.51120243007435,80.51120243007435,14376737.0,120414401.0,0.00512678249394092,8.48,8.54,8.25,8.25,2026-07-23,8.43,9.7589336278878
600874,创业环保,2026-07-24,10.526157079919912,10.64077948006423,10.449742146490365,10.449742146490365,5990800.0,33004757.0,0.004868914130110498,5.51,5.57,5.47,5.47,2026-07-23,5.56,1.910373335738641
600875,东方电气,2026-07-24,90.68154868947737,90.8516829271687,86.87054176519165,87.04067600288296,53514156.0,1390855864.0,0.023643609532021038,26.65,26.7,25.53,25.58,2026-07-23,27.75,3.402684753826543
600876,凯盛新能,2026-07-24,9.217412482726386,9.217412482726386,8.946312115587375,8.974848996338851,2553200.0,16151564.0,0.006452771185322635,6.46,6.46,6.27,6.29,2026-07-23,6.43,1.4268440375737441
600877,电科芯片,2026-07-24,54.533039451148284,59.089324731661975,53.67873596105197,56.43149165136233,33211285.0,395611872.0,0.028048662440011925,11.49,12.45,11.31,11.89,2026-07-23,11.63,4.746130500535099
600879,航天电子,2026-07-24,570.2115634175163,577.764034456159,552.0856329247741,552.0856329247741,78747721.0,1174297946.0,0.02386801348652653,15.1,15.3,14.62,14.62,2026-07-23,15.35,37.762355193213004
600880,博瑞传播,2026-07-24,134.3680934456791,135.10435697140886,130.68677581703037,130.68677581703037,16528102.0,59476243.0,0.015121359298246272,3.65,3.67,3.55,3.55,2026-07-23,3.7,36.813176286487426
600881,亚泰集团,2026-07-24,94.31195534816403,95.98613207032079,90.96360190385052,91.5216608112361,96016395.0,160400354.0,0.029706655213967374,1.69,1.72,1.63,1.64,2026-07-23,1.71,55.8058907385586
600882,妙可蓝多,2026-07-24,52.28101840672693,53.009586178853354,51.32634339497507,51.32634339497507,7313712.0,151181029.0,0.014384225667674284,20.81,21.1,20.43,20.43,2026-07-23,21.01,2.512302662504898
600883,博闻科技,2026-07-24,35.026112981632,35.026112981632,33.48240891405247,34.12118301098193,3823536.0,24527747.0,0.016195384771780015,6.58,6.58,6.29,6.41,2026-07-23,6.59,5.323117474412157
600884,杉杉股份,2026-07-24,431.15272337530206,442.8707030673566,423.91514768315074,424.25979414468173,56516354.0,709433851.0,0.030797261102879024,12.51,12.85,12.3,12.31,2026-07-23,12.75,34.46464615310168
600885,宏发股份,2026-07-24,285.45245097450345,286.6810841924712,276.1967473991465,279.718829290654,15842152.0,542249647.0,0.010236631051770995,34.85,35.0,33.72,34.15,2026-07-23,35.38,8.19088811978489
600886,国投电力,2026-07-24,817.9265761381308,817.9265761381308,795.3259733764193,797.4784117346776,60622656.0,908689335.0,0.008132706434636594,15.2,15.2,14.78,14.82,2026-07-23,15.12,53.81095895645598
600887,伊利股份,2026-07-24,2866.4783584846286,2866.4783584846286,2803.891494762257,2820.581325088223,57118637.0,1546192368.0,0.009075194597330968,27.48,27.48,26.88,27.04,2026-07-23,27.23,104.31143953728635
600888,新疆众和,2026-07-24,131.28744311605638,132.31427228009258,127.47350622106481,128.6470252656776,52358340.0,462845880.0,0.03371245489260427,8.95,9.02,8.69,8.77,2026-07-23,9.16,14.668988057659933
600893,航发动力,2026-07-24,129.86418493526605,132.0390321992969,127.39444312695986,127.54189039909754,27326538.0,960616740.0,0.0102533804160473,35.23,35.82,34.56,34.6,2026-07-23,35.6,3.686181803442125
600894,广日股份,2026-07-24,36.51789271608275,36.709085871664335,35.705321804861015,35.753120093756415,3429338.0,25859878.0,0.0040673196868420336,7.64,7.68,7.47,7.48,2026-07-23,7.63,4.779828889539627
600895,张江高科,2026-07-24,598.8918741505038,611.9728761341333,597.3657572524137,597.3657572524137,14331952.0,396985503.0,0.009254244661236335,27.47,28.07,27.4,27.4,2026-07-23,27.89,21.80166997271583
600897,厦门空港,2026-07-24,112.8363638238469,112.8363638238469,110.83653733480803,111.14420294850632,1034741.0,14999918.0,0.002481786086047192,14.67,14.67,14.41,14.45,2026-07-23,14.7,7.691640342457185
600900,长江电力,2026-07-24,110.1327884667444,110.50995555053463,108.43553658968841,109.00128721537374,102175770.0,2952607877.0,0.004175856663772706,29.2,29.3,28.75,28.9,2026-07-23,28.94,3.7716708379022057
600901,江苏金租,2026-07-24,13.871573012478523,14.040481055248428,13.744891980401093,13.78711899109357,26229138.0,172528073.0,0.00452972169490222,6.57,6.65,6.51,6.53,2026-07-23,6.57,2.1113505346238237
600903,贵州燃气,2026-07-24,8.809799238467795,8.93977988296978,8.506511067963165,8.549837949463829,31740678.0,190161833.0,0.02726897253866074,6.1,6.19,5.89,5.92,2026-07-23,6.13,1.4442293833553763
600905,三峡能源,2026-07-24,4.170979214159203,4.192205571483169,4.0966869635253245,4.0966869635253245,113861782.0,443283255.0,0.0039829010581292285,3.93,3.95,3.86,3.86,2026-07-23,3.94,1.0613178661982705
600906,财达证券,2026-07-24,7.643401534975709,7.685983159125992,7.398557196111585,7.398557196111585,43653968.0,308884479.0,0.020550442407512408,7.18,7.22,6.95,6.95,2026-07-23,7.25,1.0645406037570626
600908,无锡银行,2026-07-24,7.333288325546394,7.373655050274173,7.239099301181578,7.239099301181578,13148300.0,71190836.0,0.006576410098417498,5.45,5.48,5.38,5.38,2026-07-23,5.42,1.3455574909259438
600909,华安证券,2026-07-24,11.327240688032937,11.477935686099896,10.824924027809747,11.314682771527357,292423719.0,2592899598.0,0.05820293360001235,9.02,9.14,8.62,9.01,2026-07-23,9.14,1.2557916505579754
600916,中国黄金,2026-07-24,8.303089434100736,8.34839960836595,8.155831367738786,8.155831367738786,23906640.0,174075960.0,0.014230142857142858,7.33,7.37,7.2,7.2,2026-07-23,7.47,1.1327543566303868
600917,重庆燃气,2026-07-24,5.651034377087122,5.709655065646117,5.568965413104529,5.568965413104529,3965049.0,19012416.0,0.0025400051309391377,4.82,4.87,4.75,4.75,2026-07-23,4.85,1.1724137711799008
600918,中泰证券,2026-07-24,5.889207983207912,5.920589198038505,5.75322271894201,5.763683123885541,35350936.0,196907065.0,0.0077476000634478116,5.63,5.66,5.5,5.51,2026-07-23,5.66,1.0460404943530928
600919,江苏银行,2026-07-24,19.202140428308834,19.351508849963786,19.102561480538863,19.202140428308834,63310551.0,733799948.0,0.003449917259522436,11.57,11.66,11.51,11.57,2026-07-23,11.54,1.6596491294994669
600925,苏能股份,2026-07-24,4.816787359947565,4.84955462089959,4.718485577091492,4.718485577091492,8854319.0,38730624.0,0.005513107808308858,4.41,4.44,4.32,4.32,2026-07-23,4.41,1.0922420317341417
600926,杭州银行,2026-07-24,41.15245357362385,41.43823450121846,40.762752308722106,40.89265273035602,36774775.0,580146761.0,0.005073080710965698,15.84,15.95,15.69,15.74,2026-07-23,15.83,2.5980084326782733
600927,永安期货,2026-07-24,13.625594554699031,13.668008856814827,13.16964080695424,13.190847958012137,5789900.0,73025007.0,0.003991810356947532,12.85,12.89,12.42,12.44,2026-07-23,12.89,1.0603575528948663
600928,西安银行,2026-07-24,4.49031167259973,4.528045384134182,4.427422153375645,4.440000057220461,17565592.0,62467772.0,0.003971102411859245,3.57,3.6,3.52,3.53,2026-07-23,3.57,1.257790384481717
600929,雪天盐业,2026-07-24,6.3117628005311035,6.455715285455497,5.924198418042351,5.946344954184566,45129705.0,252140778.0,0.02751621257550521,5.7,5.83,5.35,5.37,2026-07-23,5.83,1.1073268071107198
600930,华电新能,2026-07-24,4.391257209644451,4.401352053804553,4.179265482282305,4.199455170602509,282626090.0,1193080641.0,0.026307451231216715,4.35,4.36,4.14,4.16,2026-07-23,4.37,1.0094844160102185
600933,爱柯迪,2026-07-24,15.369068304093666,15.498616006273766,15.01575638905703,15.01575638905703,13221478.0,170932947.0,0.013477372246892627,13.05,13.16,12.75,12.75,2026-07-23,13.2,1.1777063834554533
600935,华塑股份,2026-07-24,2.3264203206246594,2.336759966494102,2.2850617371468878,2.2850617371468878,12225000.0,27265777.0,0.003485486025061106,2.25,2.26,2.21,2.21,2026-07-23,2.26,1.033964586944293
600936,北投科技,2026-07-24,4.846704818665019,4.94363891503832,4.78854436084104,4.807931180115699,70240555.0,353178157.0,0.04203438184312078,5.0,5.1,4.94,4.96,2026-07-23,5.12,0.9693409637330039
600938,中国海油,2026-07-24,41.3601965418326,41.55674039234324,39.07537427964642,39.198214186215566,101079075.0,3316243120.0,0.03380571070234114,33.67,33.83,31.81,31.91,2026-07-23,32.99,1.2283990656914938
600939,重庆建工,2026-07-24,2.704742776341956,2.726294511611613,2.6293117028981565,2.6400875705329856,6607433.0,16333181.0,0.003473072284519927,2.51,2.53,2.44,2.45,2026-07-23,2.52,1.077586763482851
600941,中国移动,2026-07-24,115.59609232770312,116.35385905685492,115.37609553536873,115.73053481190746,9188498.0,871615894.0,0.010178140290409782,94.58,95.2,94.4,94.69,2026-07-23,94.43,1.2222044018577196
600955,维远股份,2026-07-24,12.421207140477286,12.524717199981263,12.13137897386615,12.183134003618138,3040500.0,36059114.0,0.005528181818181818,12.0,12.1,11.72,11.77,2026-07-23,12.07,1.0351005950397738
600956,新天绿能,2026-07-24,8.400615443307332,8.490461597781206,8.018769286793361,8.030000056102597,10707900.0,78215100.0,0.0045602621846806855,7.48,7.56,7.14,7.15,2026-07-23,7.51,1.12307693092344
600958,东方证券,2026-07-24,11.506673709499106,11.544649530322534,11.190208535970529,11.215525749852814,64908843.0,580569772.0,0.008689871063609418,9.09,9.12,8.84,8.86,2026-07-23,9.12,1.2658606941143131
600959,江苏有线,2026-07-24,4.323279997100084,4.337454685615166,4.224057177494508,4.224057177494508,34095000.0,102545300.0,0.006818021360304401,3.05,3.06,2.98,2.98,2026-07-23,3.06,1.417468851508224
600960,渤海汽车,2026-07-24,16.31832825700999,16.40949210202122,15.953672876965074,16.090418644481918,7702701.0,27295317.0,0.008103708833925635,3.58,3.6,3.5,3.53,2026-07-23,3.6,4.55819225056145
600961,株冶集团,2026-07-24,34.077874882218524,35.248317084249805,33.68772748154143,33.76275582782549,38575987.0,881868450.0,0.051310655560644264,22.71,23.49,22.45,22.5,2026-07-23,23.81,1.5005669256811327
600962,国投中鲁,2026-07-24,47.63166033307812,47.6512537762427,41.773220826870656,41.98874870168096,14512500.0,324861530.0,0.055346859387513825,24.31,24.32,21.32,21.43,2026-07-23,22.11,1.9593443164573479
600963,岳阳林纸,2026-07-24,15.16529949681616,15.398611796767177,14.698674896914124,14.74533735690433,31774560.0,101568285.0,0.018078710262983678,3.25,3.3,3.15,3.16,2026-07-23,3.27,4.666245999020357
600966,博汇纸业,2026-07-24,33.34114088725101,33.78080428356641,32.681645792777914,32.90147749093561,12175900.0,55183235.0,0.00910794182186759,4.55,4.61,4.46,4.49,2026-07-23,4.55,7.327723271923299
600967,内蒙一机,2026-07-24,64.44464695522191,71.1213446127449,64.03823927172051,67.11532601823112,70134022.0,822101527.0,0.04121180031879839,11.1,12.25,11.03,11.56,2026-07-23,11.14,5.805824050019993
600968,海油发展,2026-07-24,4.383636593089751,4.406002085911638,4.227078143336546,4.238260889747489,56605700.0,217606096.0,0.005568629587246988,3.92,3.94,3.78,3.79,2026-07-23,3.88,1.1182746410943243
600969,郴电国际,2026-07-24,16.747254120830952,16.913479968184113,15.978459576822583,16.020016038660874,11475534.0,90473676.0,0.03101072555278701,8.06,8.14,7.69,7.71,2026-07-23,8.19,2.07782309191451
600970,中材国际,2026-07-24,119.82424203354773,120.74478678668639,118.13657665279355,118.29000077831665,14505515.0,112668290.0,0.00553262777340707,7.81,7.87,7.7,7.71,2026-07-23,7.85,15.34241255231085
600971,恒源煤电,2026-07-24,112.32397910276075,112.74784317484664,107.52018628578733,107.66147430981596,14164547.0,110209722.0,0.011803741125440286,7.95,7.98,7.61,7.62,2026-07-23,7.85,14.128802402862986
600973,宝胜股份,2026-07-24,51.161543416964655,51.70008597924849,50.3537295735389,50.44348666725287,17196750.0,97779047.0,0.012539866738794056,5.7,5.76,5.61,5.62,2026-07-23,5.79,8.975709371397308
600975,新五丰,2026-07-24,35.051405851102125,35.412017022409756,34.11381680570227,34.11381680570227,9462091.0,45342713.0,0.007571721768484326,4.86,4.91,4.73,4.73,2026-07-23,4.9,7.2122234261527
600976,健民集团,2026-07-24,91.46753140691551,93.01346151520141,88.31125743583182,88.34346431308776,2541300.0,71099758.0,0.016577450805160647,28.4,28.88,27.42,27.43,2026-07-23,28.8,3.220687725595617
600977,中国电影,2026-07-24,13.562777794939871,13.928440921764231,13.374405881121262,13.38548658193412,29431100.0,360454850.0,0.015763845741831817,12.24,12.57,12.07,12.08,2026-07-23,12.47,1.1080700812859372
600979,广安爱众,2026-07-24,22.86936377239428,22.983997174762166,21.66571304753142,21.723029748715366,38340708.0,149189599.0,0.030877930426584276,3.99,4.01,3.78,3.79,2026-07-23,4.06,5.731670118394556
600980,北矿科技,2026-07-24,33.79919942543425,33.83611826696941,31.03028631029764,31.085664572600372,7680394.0,133025633.0,0.04058042329825347,18.31,18.33,16.81,16.84,2026-07-23,17.67,1.845942076757742
600981,苏豪汇鸿,2026-07-24,8.525253848257703,8.601372186188573,8.258839665499648,8.258839665499648,17243300.0,37969888.0,0.007689549040531683,2.24,2.26,2.17,2.17,2026-07-23,2.26,3.805916896543617
600982,宁波能源,2026-07-24,24.58061426772848,24.822074132833865,23.276730996159387,23.276730996159387,52448300.0,259853650.0,0.04692824818995929,5.09,5.14,4.82,4.82,2026-07-23,5.17,4.829197302107756
600983,惠而浦,2026-07-24,20.662174430744223,20.689946170570494,20.245598333350188,20.38445703248153,1994600.0,14697408.0,0.0026024249809834836,7.44,7.45,7.29,7.34,2026-07-23,7.44,2.7771739826269117
600984,建设机械,2026-07-24,9.121040140090976,9.6518943281386,8.952131989348551,9.6518943281386,87503984.0,344210376.0,0.06961091992071797,3.78,4.0,3.71,4.0,2026-07-23,3.64,2.41297358203465
600985,淮北矿业,2026-07-24,73.34171827477782,74.70079710448913,70.91479179315048,71.06040738204813,16577209.0,246276139.0,0.006155074870677788,15.11,15.39,14.61,14.64,2026-07-23,15.28,4.853852963254654
600986,浙文互联,2026-07-24,40.12710914683693,40.12710914683693,38.41075787064479,38.52912692417528,57429222.0,379981282.0,0.03861114931826746,6.78,6.78,6.49,6.51,2026-07-23,6.88,5.918452676524621
600987,航民股份,2026-07-24,53.01926097950138,53.50642111101288,52.36971413748605,52.45090749273796,4196330.0,27252958.0,0.004110748841925065,6.53,6.59,6.45,6.46,2026-07-23,6.58,8.119335525191635
600988,赤峰黄金,2026-07-24,187.60487323749794,195.4496987483919,180.63742952716444,188.3274229556066,83197689.0,3057067467.0,0.050001274166417774,36.35,37.87,35.0,36.49,2026-07-23,38.83,5.161069415061841
600989,宝丰能源,2026-07-24,28.459654223841717,28.852041994973355,26.774694971335272,26.98242967369908,110043880.0,2649287094.0,0.015005929069348839,24.66,25.0,23.2,23.38,2026-07-23,24.29,1.1540816797989342
600990,四创电子,2026-07-24,85.85676668059527,87.50593623848798,84.25757195779023,84.25757195779023,8508628.0,145794687.0,0.03162909456139572,17.18,17.51,16.86,16.86,2026-07-23,16.94,4.997483508765732
600992,贵绳股份,2026-07-24,15.25969450912388,15.5386351614412,14.816671120149314,14.86589594114649,14178000.0,130553058.0,0.05784813741890734,9.3,9.47,9.03,9.06,2026-07-23,9.54,1.6408273665724602
600993,马应龙,2026-07-24,303.967963977046,307.05785433513546,298.1744195556284,298.1744195556284,4782447.0,112045316.0,0.011113751639177435,23.61,23.85,23.16,23.16,2026-07-23,23.69,12.874543158705889
600995,南网储能,2026-07-24,121.11005591176037,123.58168970587792,116.25833031589995,116.44141430064943,37111292.0,485250487.0,0.011611772401020404,13.23,13.5,12.7,12.72,2026-07-23,12.86,9.154199237472438
600996,贵广网络,2026-07-24,6.606568320544849,6.743546611082462,6.564421154225585,6.606568320544849,13256347.0,83552337.0,0.010632297523512543,6.27,6.4,6.23,6.27,2026-07-23,6.32,1.0536791579816347
600997,开滦股份,2026-07-24,28.02881568287773,28.709889708816817,27.295351347251025,27.295351347251025,9221900.0,49036843.0,0.0058079738414083025,5.35,5.48,5.21,5.21,2026-07-23,5.42,5.239030968762193
600998,九州通,2026-07-24,16.58535020867516,16.71697997223607,16.420813004224016,16.48662788600447,23167446.0,116430807.0,0.0045944636110667025,5.04,5.08,4.99,5.01,2026-07-23,5.06,3.2907440890228488
600999,招商证券,2026-07-24,41.78712246602984,41.96409280998338,41.03499850422729,41.25621143416922,72705796.0,1360870545.0,0.009795977412504323,18.89,18.97,18.55,18.65,2026-07-23,19.08,2.212129299419261
601000,唐山港,2026-07-24,34.56721875174293,35.08535693431723,34.34515953063965,34.41917927100741,42852270.0,200985489.0,0.007231317282284088,4.67,4.74,4.64,4.65,2026-07-23,4.66,7.401974036775787
601001,晋控煤业,2026-07-24,48.81144338600231,49.41951346215862,45.49469751605878,45.49469751605878,28062002.0,476580163.0,0.016766446794527094,17.66,17.88,16.46,16.46,2026-07-23,17.6,2.7639548916196097
601002,晋亿实业,2026-07-24,5.688048418554844,5.978501954821475,5.579128342454858,5.7848662639770545,22125909.0,104684119.0,0.023182067294865626,4.7,4.94,4.61,4.78,2026-07-23,4.75,1.2102230677776264
601003,柳钢股份,2026-07-24,19.57789771792635,19.9661279842875,18.912360118450103,19.023283051696144,14692960.0,51146658.0,0.0057331820608857555,3.53,3.6,3.41,3.43,2026-07-23,3.58,5.546146662302083
601005,重庆钢铁,2026-07-24,1.2646153890169585,1.2751538505920996,1.254076927441817,1.254076927441817,43192400.0,51634871.0,0.005195367833547973,1.2,1.21,1.19,1.19,2026-07-23,1.21,1.053846157514132
601006,大秦铁路,2026-07-24,12.852062848050924,12.93090985938866,12.74693349960061,12.77321583671319,74527694.0,364253238.0,0.0037521067466339216,4.89,4.92,4.85,4.86,2026-07-23,4.89,2.6282337112578578
601007,金陵饭店,2026-07-24,9.683098441920112,9.744578432027541,9.498658471597825,9.514028469124684,3721890.0,23189929.0,0.009543307692307693,6.3,6.34,6.18,6.19,2026-07-23,6.31,1.5369997526857322
601008,连云港,2026-07-24,7.714246200681095,7.749632651142934,7.608086849295574,7.608086849295574,8506600.0,36842011.0,0.006856633408665702,4.36,4.38,4.3,4.3,2026-07-23,4.35,1.7693225230919942
601009,南京银行,2026-07-24,79.72318004160945,80.42869490923432,79.08821666074708,79.44097409455951,37411269.0,422869118.0,0.003025928379621152,11.3,11.4,11.21,11.26,2026-07-23,11.24,7.055148676248624
601011,宝泰隆,2026-07-24,6.430025989853985,6.533319580052442,6.22343880945707,6.22343880945707,25595250.0,62800853.0,0.013361029281964486,2.49,2.53,2.41,2.41,2026-07-23,2.51,2.5823397549614397
601012,隆基绿能,2026-07-24,240.06334388113595,240.06334388113595,231.824040346994,232.5730679410069,104471627.0,1309127985.0,0.013786061988784556,12.82,12.82,12.38,12.42,2026-07-23,12.8,18.725689850322617
601015,陕西黑猫,2026-07-24,7.5881562026592455,7.706351782139919,7.328125927801763,7.328125927801763,44065863.0,140313124.0,0.021574498867756097,3.21,3.26,3.1,3.1,2026-07-23,3.23,2.363911589613472
601016,节能风电,2026-07-24,9.804151761055689,9.830721278023319,9.166483353832554,9.193052870800184,254939239.0,909515189.0,0.042220667470750255,3.69,3.7,3.45,3.46,2026-07-23,3.76,2.656951696763059
601018,宁波港,2026-07-24,4.8781765301252165,4.920967552319298,4.849649181995829,4.849649181995829,41342619.0,141569658.0,0.0021251050483871857,3.42,3.45,3.4,3.4,2026-07-23,3.42,1.4263674064693617
601019,山东出版,2026-07-24,10.249810278031282,10.474771820484644,10.22169008522461,10.277930470837951,9933100.0,73053051.0,0.0047597393262734196,7.29,7.45,7.27,7.31,2026-07-23,7.28,1.4060096403335092
601020,华钰矿业,2026-07-24,26.268524144398906,26.29672438502628,25.04181367710814,25.055913797421823,21140039.0,384121313.0,0.025781645297124726,18.63,18.65,17.76,17.77,2026-07-23,19.04,1.4100120313687015
601021,春秋航空,2026-07-24,97.31164069541346,98.03578072247498,95.01143119768865,95.07532590595879,8105088.0,364986778.0,0.008284586634223576,45.69,46.03,44.61,44.64,2026-07-23,46.15,2.129823609004453
601022,宁波远洋,2026-07-24,8.383751188450631,8.509350457191466,8.37328458272223,8.383751188450631,4717400.0,38060960.0,0.0036048294640185284,8.01,8.13,8.0,8.01,2026-07-23,8.07,1.0466605728402787
601026,道生天合,2026-07-24,15.240376395959279,15.62905713625891,14.964208501535856,14.974436942070056,7458663.0,111733380.0,0.06714332872217835,14.9,15.28,14.63,14.64,2026-07-23,15.4,1.0228440534200858
601033,永兴股份,2026-07-24,15.829315515965119,15.98472254066604,15.662807989499846,15.729411000085957,4224883.0,60142960.0,0.017603679166666667,14.26,14.4,14.11,14.17,2026-07-23,14.3,1.1100501764351416
601038,一拖股份,2026-07-24,15.927408466590617,16.041175669923405,15.620237017592084,15.699874059925037,11491873.0,159105404.0,0.01570560359838871,14.0,14.1,13.73,13.8,2026-07-23,13.98,1.1376720333279011
601058,赛轮轮胎,2026-07-24,75.66488310316127,75.9453311502449,73.58956755474247,74.094374039493,26445200.0,351390688.0,0.008042698797768016,13.49,13.54,13.12,13.21,2026-07-23,13.7,5.608960941672445
601059,信达证券,2026-07-24,17.0312837084668,17.09232773609571,16.73623757492705,16.73623757492705,4965700.0,82318469.0,0.0015312056737588652,16.74,16.8,16.45,16.45,2026-07-23,16.81,1.0174004604818876
601061,中信金属,2026-07-24,12.003422614855289,12.003422614855289,11.230356232349378,11.240803075356213,36501012.0,400644661.0,0.00744918612244898,11.49,11.49,10.75,10.76,2026-07-23,11.66,1.044684300683663
601065,江盐集团,2026-07-24,7.330316930444989,7.384939262266487,7.188298867709095,7.210147800437694,4545299.0,30299443.0,0.007071356804489919,6.71,6.76,6.58,6.6,2026-07-23,6.77,1.0924466364299537
601066,中信建投,2026-07-24,29.445917182155167,29.456884004196937,28.51373730860463,28.590505062897027,28495487.0,749843184.0,0.004386842690533512,26.85,26.86,26.0,26.07,2026-07-23,26.91,1.0966822041771012
601068,中铝国际,2026-07-24,4.4628077675826345,4.492626082288086,4.224261249939019,4.23420068817417,18312230.0,79755684.0,0.007154358794979932,4.49,4.52,4.25,4.26,2026-07-23,4.52,0.9939438235150634
601069,西部黄金,2026-07-24,22.274735496530436,22.959810841327066,21.88326387093236,22.03985252117159,25173646.0,575469404.0,0.0283746324680201,22.76,23.46,22.36,22.52,2026-07-23,24.08,0.9786790639951861
601077,渝农商行,2026-07-24,9.590521347682632,9.619149769616012,9.404436605115656,9.461693448982418,50884141.0,337483935.0,0.0057572692222363775,6.7,6.72,6.57,6.61,2026-07-23,6.67,1.4314210966690495
601083,锦江航运,2026-07-24,11.555260815691543,11.695259315788457,11.447569661770839,11.45833877716291,4634302.0,49890053.0,0.023873387595301877,10.73,10.86,10.63,10.64,2026-07-23,10.76,1.0769115392070403
601086,国芳集团,2026-07-24,9.455669307204158,9.551735613663416,9.222365420088815,9.222365420088815,6091100.0,41410679.0,0.009145795795795796,6.89,6.96,6.72,6.72,2026-07-23,6.98,1.3723758065608356
601088,中国神华,2026-07-24,122.5930910056718,122.5930910056718,120.16787985751611,121.79357084693916,33796367.0,1538929951.0,0.0020493777949103023,46.0,46.0,45.09,45.7,2026-07-23,45.32,2.6650671957754737
601089,福元医药,2026-07-24,18.693059924762007,18.895025758282845,18.356450202227276,18.36767052631177,2872000.0,47604615.0,0.0059833333333333336,16.66,16.84,16.36,16.37,2026-07-23,16.82,1.1220324084491
601096,宏盛华源,2026-07-24,4.2889124543419355,4.37060602490083,4.145948705863871,4.156160402183733,57230936.0,237777881.0,0.034833690300389984,4.2,4.28,4.06,4.07,2026-07-23,4.37,1.0211696319861752
601098,中南传媒,2026-07-24,17.293430404880446,17.685687702032563,17.276375739786875,17.344594400161156,10465300.0,107257750.0,0.0058270044543429845,10.14,10.37,10.13,10.17,2026-07-23,10.17,1.7054665093570458
601099,太平洋,2026-07-24,9.944952282625083,9.974116365565333,9.682475536162837,9.711639619103087,89689401.0,302066858.0,0.013158045508970411,3.41,3.42,3.32,3.33,2026-07-23,3.44,2.916408294024951
601100,恒立液压,2026-07-24,387.4557263213181,392.93910767316237,383.83669462910086,390.3801963756351,5315160.0,565164555.0,0.003964108581020784,105.99,107.49,105.0,106.79,2026-07-23,107.42,3.6555875678961987
601101,昊华能源,2026-07-24,52.793838728538404,55.93416189428767,50.06312293223469,50.15414679211148,36029276.0,416053306.0,0.025020366591833553,11.6,12.29,11.0,11.02,2026-07-23,11.71,4.551192993839518
601106,中国一重,2026-07-24,3.034694220430108,3.0549255152329757,2.943653393817205,2.943653393817205,66683400.0,197020150.0,0.009723754850486535,3.0,3.02,2.91,2.91,2026-07-23,3.03,1.0115647401433694
601107,四川成渝,2026-07-24,8.537884582174646,8.568377027110985,8.370176135024789,8.415914802429294,7979279.0,44286394.0,0.003689430537188936,5.6,5.62,5.49,5.52,2026-07-23,5.56,1.5246222468169013
601108,财通证券,2026-07-24,10.380489641685113,10.453936502357411,10.049978768659761,10.062219912105144,59385592.0,494979108.0,0.01278823131122205,8.48,8.54,8.21,8.22,2026-07-23,8.57,1.2241143445383387
601111,中国国航,2026-07-24,6.785983828238052,6.842533693473369,6.729433963002735,6.740743936049798,67906796.0,406811101.0,0.005834864859426394,6.0,6.05,5.95,5.96,2026-07-23,6.07,1.130997304706342
601112,振石股份,2026-07-24,15.113498991722906,15.164045811093217,14.840546167123229,14.89109298649354,3074160.0,45451643.0,0.017343648125827497,14.95,15.0,14.68,14.73,2026-07-23,15.04,1.0109363874062145
601113,华鼎股份,2026-07-24,6.987442636910322,7.02878845132991,6.698021935973209,6.698021935973209,9356500.0,30893183.0,0.008473922145586473,3.38,3.4,3.24,3.24,2026-07-23,3.39,2.0672907209793854
601116,三江购物,2026-07-24,12.323993732070932,12.57047360671235,12.025623357505003,12.025623357505003,7523574.0,70777015.0,0.013737211473010439,9.5,9.69,9.27,9.27,2026-07-23,9.64,1.2972624981127296
601117,中国化学,2026-07-24,10.125961323327902,10.230487375697738,9.89077770549577,9.89077770549577,75446325.0,579873587.0,0.012457350151357044,7.75,7.83,7.57,7.57,2026-07-23,7.82,1.306575654622955
601118,海南橡胶,2026-07-24,5.0888493443283025,5.1920714405621435,4.8204718941203195,4.8204718941203195,59285374.0,285672086.0,0.0138535750133606,4.93,5.03,4.67,4.67,2026-07-23,5.0,1.0322209623383982
601121,宝地矿业,2026-07-24,6.7438664872265885,6.76414879245133,6.500478824529689,6.551184587591543,13836002.0,90155320.0,0.0172950025,6.65,6.67,6.41,6.46,2026-07-23,6.75,1.014115261237081
601126,四方股份,2026-07-24,147.64361427674598,147.71107766001157,139.31188644344547,140.7286174920229,23367928.0,990655699.0,0.028321829473652065,43.77,43.79,41.3,41.72,2026-07-23,44.77,3.3731691632795515
601127,XD赛力斯,2026-07-24,58.962711479357,59.362815592966925,56.909545633200814,57.2043591905976,17843734.0,981369812.0,0.01145883324662062,56.0,56.38,54.05,54.33,2026-07-23,56.38,1.052905562131375
601128,常熟银行,2026-07-24,9.884120416513944,9.946876736618796,9.727229616251819,9.774296856330459,36732152.0,230275268.0,0.010068625893426634,6.3,6.34,6.2,6.23,2026-07-23,6.29,1.5689080026212612
601133,柏诚股份,2026-07-24,29.21811988341236,31.26611894066089,28.88203798683824,29.806263202417064,17911581.0,514517337.0,0.0341571963916769,27.82,29.77,27.5,28.38,2026-07-23,28.11,1.0502559267941178
601136,首创证券,2026-07-24,14.8450054191001,14.959759501749504,14.459014413824834,14.469446603156598,7645386.0,107562050.0,0.002797091961472104,14.23,14.34,13.86,13.87,2026-07-23,14.39,1.043218933176395
601137,博威合金,2026-07-24,41.515341905534754,41.9107261141589,40.55159289701341,40.67515046220846,10366600.0,172435107.0,0.011291122385140587,16.8,16.96,16.41,16.46,2026-07-23,17.02,2.471151303900878
601138,工业富联,2026-07-24,73.01080713510319,73.45329687531596,71.95839910432694,72.05407256167024,111063990.0,6745295976.0,0.005596828940850535,61.05,61.42,60.17,60.25,2026-07-23,62.88,1.1959182167912072
601139,深圳燃气,2026-07-24,17.072584424189962,17.28238576888047,16.810332743326832,16.862783079499458,26215400.0,170653451.0,0.009112870611234046,6.51,6.59,6.41,6.43,2026-07-23,6.5,2.622516808631331
601155,新城控股,2026-07-24,16.871009881818786,16.93062475772627,16.36428343660515,16.36428343660515,8819444.0,98131864.0,0.003909981660515679,11.32,11.36,10.98,10.98,2026-07-23,11.33,1.4903718976871718
601156,东航物流,2026-07-24,18.696723532657444,18.696723532657444,18.251835053234846,18.525612579033368,7689296.0,124091045.0,0.008140305076768748,16.39,16.39,16.0,16.24,2026-07-23,16.23,1.1407396908271779
601158,重庆水务,2026-07-24,7.783347715361323,7.820148413779107,7.654545270899079,7.67294562010797,8525006.0,35870314.0,0.0017760317724373012,4.23,4.25,4.16,4.17,2026-07-23,4.24,1.8400349208892015
601162,天风证券,2026-07-24,4.262457311144455,4.297300286439914,4.1346997350611066,4.146314060159592,152702521.0,553756781.0,0.017760298370617548,3.67,3.7,3.56,3.57,2026-07-23,3.7,1.1614325098486253
601163,三角轮胎,2026-07-24,15.885421756818431,15.998084322469625,15.660096625516042,15.660096625516042,2065734.0,26077157.0,0.0025821675,12.69,12.78,12.51,12.51,2026-07-23,12.75,1.2518062850132727
601166,兴业银行,2026-07-24,105.52627448725907,105.87056902065957,104.60815573152435,105.18197995385853,109758300.0,2010109915.0,0.005186364344221879,18.39,18.45,18.23,18.33,2026-07-23,18.26,5.738242223341983
601168,西部矿业,2026-07-24,47.87717073304102,49.73957804135603,46.999178716263934,48.2097434666687,81438339.0,2971107919.0,0.03417471212757029,35.99,37.39,35.33,36.24,2026-07-23,37.84,1.3302909345107257
601169,北京银行,2026-07-24,24.76760256360149,24.91386793307158,24.670092317288095,24.670092317288095,94321017.0,479750858.0,0.004461102358426804,5.08,5.11,5.06,5.06,2026-07-23,5.09,4.875512315669584
601177,杭齿前进,2026-07-24,12.939586741500843,13.068338848381448,12.778646607900086,12.789375950140137,3128534.0,37555101.0,0.007774368098723586,12.06,12.18,11.91,11.92,2026-07-23,12.22,1.072934224005045
601179,中国西电,2026-07-24,16.481080876580357,17.033979378507038,15.916418576740345,15.939946172567014,369107208.0,5147727657.0,0.0720085211975228,14.01,14.48,13.53,13.55,2026-07-23,13.65,1.176379791333359
601186,中国铁建,2026-07-24,9.527448098065342,9.61472243178808,9.45471948662973,9.45471948662973,55904340.0,366066788.0,0.004859875415160008,6.55,6.61,6.5,6.5,2026-07-23,6.58,1.454572228712266
601187,厦门银行,2026-07-24,9.540203312629053,9.60380466804658,9.387560059626988,9.400280330710492,12713375.0,94843662.0,0.004827778199820917,7.5,7.55,7.38,7.39,2026-07-23,7.49,1.2720271083505403
601188,龙江交通,2026-07-24,3.7668609338552788,3.793388123530316,3.700542959667686,3.700542959667686,7968500.0,22423032.0,0.006103932314671533,2.84,2.86,2.79,2.79,2026-07-23,2.86,1.3263594837518589
601198,东兴证券,2026-07-24,16.121753170722872,16.21400926898166,15.775792802252424,15.798856826817119,20566769.0,284321104.0,0.006362603444589531,13.98,14.06,13.68,13.7,2026-07-23,14.04,1.1532012282348263
601199,江南水务,2026-07-24,29.36135227312418,29.567396850479437,27.712995654282118,27.81601794295975,23621200.0,130205412.0,0.02525763478231696,5.7,5.74,5.38,5.4,2026-07-23,5.75,5.1511144338814345
601200,上海环境,2026-07-24,11.839309403826576,11.923276137187047,11.637789243761443,11.654582590433538,7695256.0,53764470.0,0.005716151449043616,7.05,7.1,6.93,6.94,2026-07-23,7.06,1.6793346672094434
601208,东材科技,2026-07-24,133.90338379936995,139.35894596477343,130.09417471346694,134.67813818972311,54686996.0,2296903108.0,0.05413573489727791,41.48,43.17,40.3,41.72,2026-07-23,41.48,3.228143293138138
601211,国泰海通,2026-07-24,25.506434435281356,25.733217586641075,25.29299146929574,25.639836289022366,106567272.0,2038294574.0,0.00789567912034191,19.12,19.29,18.96,19.22,2026-07-23,19.05,1.3340185374101128
601212,白银有色,2026-07-24,4.642424431683003,4.701313536524649,4.514831371192773,4.534461072806654,157092428.0,736295679.0,0.021215018467697404,4.73,4.79,4.6,4.62,2026-07-23,4.98,0.981485080694081
601216,君正集团,2026-07-24,85.70653123914953,87.34772013521835,84.43005098665155,84.61240530843698,45413685.0,213288810.0,0.005382032638830578,4.7,4.79,4.63,4.64,2026-07-23,4.74,18.235432178542453
601218,吉鑫科技,2026-07-24,10.516122860572656,10.64072147266475,10.117407301877957,10.117407301877957,32131103.0,133137420.0,0.03315788628783769,4.22,4.27,4.06,4.06,2026-07-23,4.26,2.4919722418418617
601222,林洋能源,2026-07-24,32.37812449707031,32.55004374218749,31.63314110156249,31.747753931640617,23966464.0,134133333.0,0.011741244044427316,5.65,5.68,5.52,5.54,2026-07-23,5.64,5.730641503906249
601225,陕西煤业,2026-07-24,42.69348512800078,42.961997613082545,41.300576611639116,41.45161488449761,36498848.0,914617842.0,0.003764708406395049,25.44,25.6,24.61,24.7,2026-07-23,25.25,1.6782030317610368
601226,华电科工,2026-07-24,9.582928250293207,9.599393762750756,9.286549026057335,9.286549026057335,11661400.0,66571018.0,0.0100336966110741,5.82,5.83,5.64,5.64,2026-07-23,5.85,1.6465512457548466
601228,广州港,2026-07-24,3.3935654278717573,3.415601567013782,3.3605112191587203,3.3605112191587203,21023934.0,64597969.0,0.0027866454550836157,3.08,3.1,3.05,3.05,2026-07-23,3.08,1.10180695710122
601229,上海银行,2026-07-24,34.1435640057723,34.517535133984474,34.10616689295107,34.180961118593515,48765350.0,447401846.0,0.0034319950070243795,9.13,9.23,9.12,9.14,2026-07-23,9.12,3.7397112821218284
601231,环旭电子,2026-07-24,60.19238629395316,62.13570442587534,59.561438848523885,60.4195273743077,18007774.0,434179738.0,0.007537990313358282,23.85,24.62,23.6,23.94,2026-07-23,24.48,2.5237897817171135
601233,桐昆股份,2026-07-24,67.188984755756,67.97165214090369,63.51646856390912,63.60677633911847,38428009.0,828623289.0,0.01618244769798166,22.32,22.58,21.1,21.13,2026-07-23,22.61,3.010259173644982
601236,红塔证券,2026-07-24,8.748252009303595,8.772964585601063,8.525838822626385,8.538195110775119,13228986.0,92278775.0,0.002818735828792754,7.08,7.1,6.9,6.91,2026-07-23,7.09,1.2356288148733892
601238,广汽集团,2026-07-24,9.388183755800128,9.478108887560666,9.172363439574838,9.172363439574838,19833108.0,102547976.0,0.002686067210205133,5.22,5.27,5.1,5.1,2026-07-23,5.27,1.7985026352107527
601279,英利汽车,2026-07-24,3.02588113098636,3.056241142334049,2.9550411045084184,2.9550411045084184,10546538.0,31286910.0,0.006650669194809412,2.99,3.02,2.92,2.92,2026-07-23,3.01,1.0120003782563076
601288,农业银行,2026-07-24,14.91910324853967,14.986508835505964,14.784292074607084,14.9640403065172,377708192.0,2506649691.0,0.0011831324711596368,6.64,6.67,6.58,6.66,2026-07-23,6.59,2.2468528988764565
601298,青岛港,2026-07-24,11.58090377764168,11.782194109813897,11.554065066685382,11.58090377764168,11937187.0,103728668.0,0.0022138391991951153,8.63,8.78,8.61,8.63,2026-07-23,8.62,1.3419355478147947
601311,骆驼股份,2026-07-24,26.482173022975037,26.787736557855517,26.00685196871651,26.00685196871651,11002900.0,85265609.0,0.009378968085201472,7.8,7.89,7.66,7.66,2026-07-23,7.87,3.395150387560902
601318,中国平安,2026-07-24,167.64725102386342,167.70868277579595,164.63709517916965,165.92716196975272,85262157.0,4598516043.0,0.007998277340348577,54.58,54.6,53.6,54.02,2026-07-23,54.3,3.0715875966262995
601319,中国人保,2026-07-24,8.813394875023155,8.871530725122252,8.638987324725862,8.662241664765503,68132510.0,512617576.0,0.001919346926634482,7.58,7.63,7.43,7.45,2026-07-23,7.59,1.1627170019819466
601326,秦港股份,2026-07-24,4.279543314480632,4.367393177241231,4.26699333408626,4.304643275269375,27844612.0,95489405.0,0.0058527097614554015,3.41,3.48,3.4,3.43,2026-07-23,3.41,1.2549980394371354
601328,交通银行,2026-07-24,18.69162329791982,18.79828020689511,18.61163061618835,18.771615979651287,230953107.0,1621970084.0,0.008858131836447023,7.01,7.05,6.98,7.04,2026-07-23,6.95,2.666422724382285
601330,绿色动力,2026-07-24,8.380224048658969,8.426780848929296,8.112522447104585,8.124161647172167,13862300.0,98039689.0,0.014015134962677185,7.2,7.24,6.97,6.98,2026-07-23,7.26,1.16392000675819
601333,广深铁路,2026-07-24,4.209583465807877,4.251961822846211,4.181331227782321,4.1954573467950995,54133399.0,161683300.0,0.009577340617528953,2.98,3.01,2.96,2.97,2026-07-23,2.99,1.412611901277811
601336,新华保险,2026-07-24,85.83862058513516,86.20663182022683,82.30308407657576,82.96024699638234,27336196.0,1752829775.0,0.013108123298374144,65.31,65.59,62.62,63.12,2026-07-23,65.72,1.314325839613155
601339,百隆东方,2026-07-24,25.6549543293473,27.35621124773903,25.6549543293473,27.322186109371195,16788735.0,133457800.0,0.011195706899782538,7.54,8.04,7.54,8.03,2026-07-23,7.66,3.4025138367834615
601360,三六零,2026-07-24,18.286673641720377,18.328567510315384,17.616371744200272,17.658265612795276,90162549.0,772393826.0,0.012881177719882099,8.73,8.75,8.41,8.43,2026-07-23,8.85,2.0946934297503295
601366,利群股份,2026-07-24,3.906588913569869,3.9643786903978255,3.814125270645138,3.82568322601073,7414700.0,24794520.0,0.007725729261324247,3.38,3.43,3.3,3.31,2026-07-23,3.39,1.1557955365591328
601368,绿城水务,2026-07-24,4.973704179128011,4.973704179128011,4.837126489998638,4.837126489998638,5137600.0,22114740.0,0.005818523954836281,4.37,4.37,4.25,4.25,2026-07-23,4.38,1.138147409411444
601369,XD陕鼓动,2026-07-24,24.793820427418083,24.95587154132278,23.90253930094227,23.9565563389105,17337417.0,156353287.0,0.010161354037035643,9.18,9.24,8.85,8.87,2026-07-23,9.32,2.700851898411556
601375,中原证券,2026-07-24,4.435714188467692,4.457351818655339,4.37080129790475,4.37080129790475,35350700.0,143809335.0,0.01025395155827536,4.1,4.12,4.04,4.04,2026-07-23,4.12,1.081881509382364
601377,兴业证券,2026-07-24,17.510143268748102,17.53843106078162,17.198977556379393,17.198977556379393,70901951.0,435434272.0,0.008210057354908378,6.19,6.2,6.08,6.08,2026-07-23,6.22,2.828779203351874
601388,怡球资源,2026-07-24,16.888401371270835,16.943412450656083,16.393301656803615,16.44831273618886,45696180.0,138771578.0,0.0207594541632676,3.07,3.08,2.98,2.99,2026-07-23,3.11,5.501107938524703
601390,中国中铁,2026-07-24,6.398012467721048,6.45401257684771,6.314012304031055,6.328012331312721,105478117.0,480224727.0,0.005189850938821794,4.57,4.61,4.51,4.52,2026-07-23,4.6,1.4000027281665313
601398,工商银行,2026-07-24,19.817454007569594,19.89406787615556,19.5876124018117,19.791916051374272,368952150.0,2849308868.0,0.0013684548875790641,7.76,7.79,7.67,7.75,2026-07-23,7.68,2.5537956195321643
601399,国机重装,2026-07-24,3.2005160420510395,3.2206450737620522,3.119999915206988,3.119999915206988,72690060.0,227795135.0,0.010076869315002979,3.18,3.2,3.1,3.1,2026-07-23,3.21,1.0064515855506413
601456,国联民生,2026-07-24,9.463838207910747,9.484775903060994,9.30680549428391,9.30680549428391,14588546.0,130701242.0,0.00333301514069393,9.04,9.06,8.89,8.89,2026-07-23,9.06,1.0468847575122509
601500,通用股份,2026-07-24,5.134402973791995,5.200738929525742,5.014998253471251,5.028265444618,12768711.0,49075301.0,0.008066143443704718,3.87,3.92,3.78,3.79,2026-07-23,3.88,1.3267191146749342
601512,中新集团,2026-07-24,9.059821998682342,9.119426090778937,8.821405630295965,8.821405630295965,3114800.0,23320850.0,0.0020780711059517377,7.6,7.65,7.4,7.4,2026-07-23,7.64,1.192081841931887
601515,衢州东峰,2026-07-24,13.812082959615568,13.940766962344906,13.297346948698218,13.511820286580447,13923232.0,44161617.0,0.007234837199553249,3.22,3.25,3.1,3.15,2026-07-23,3.22,4.289466757644586
601518,吉林高速,2026-07-24,4.794615452106181,4.829359042338835,4.742500066757201,4.742500066757201,10527000.0,28965108.0,0.005568211554488156,2.76,2.78,2.73,2.73,2026-07-23,2.77,1.7371795116326745
601519,大智慧,2026-07-24,23.2675484456463,23.41631793698675,22.583208785480235,22.61296268374832,25793007.0,198273734.0,0.012966783466387822,7.82,7.87,7.59,7.6,2026-07-23,7.92,2.97538982680899
601528,瑞丰银行,2026-07-24,7.321712492888372,7.382854142098296,7.2605708436784475,7.2605708436784475,15071755.0,72154824.0,0.00812156021721315,4.79,4.83,4.75,4.75,2026-07-23,4.79,1.5285412302480943
601555,东吴证券,2026-07-24,11.641301854709155,11.684739548196879,11.424113387270552,11.4530718495957,27621768.0,220286118.0,0.005559150729303315,8.04,8.07,7.89,7.91,2026-07-23,8.07,1.4479231162573578
601566,九牧王,2026-07-24,14.822536840874257,14.956245291758432,14.650625975451746,14.688828389990082,6068390.0,46952218.0,0.010560385801718529,7.76,7.83,7.67,7.69,2026-07-23,7.86,1.9101207269167857
601567,三星电气,2026-07-24,88.32436912933868,89.69728678419887,85.57853381961831,85.80735342876167,23299295.0,357099586.0,0.016580656946929048,15.44,15.68,14.96,15.0,2026-07-23,15.44,5.7204902285841115
601568,北元化工,2026-07-24,5.08274034165267,5.096665657657198,4.957412497611919,4.971337813616447,13754920.0,49633672.0,0.0034627770613872883,3.65,3.66,3.56,3.57,2026-07-23,3.64,1.3925316004527863
601577,长沙银行,2026-07-24,12.480125363181486,12.560815828891712,12.372538075567853,12.399434897471263,14896796.0,137846313.0,0.0037050405824954704,9.28,9.34,9.2,9.22,2026-07-23,9.25,1.3448410951704188
601579,会稽山,2026-07-24,16.135620878822447,16.135620878822447,15.64224539677367,15.653458475911146,3543703.0,49947925.0,0.007390976941057874,14.39,14.39,13.95,13.96,2026-07-23,14.39,1.1213079137472166
601588,北辰实业,2026-07-24,2.125961591417972,2.1517308228290988,2.0744231285957184,2.087307744301282,20490900.0,33488134.0,0.007703345864661654,1.65,1.67,1.61,1.62,2026-07-23,1.64,1.2884615705563467
601595,上海电影,2026-07-24,21.438554966197128,22.037688337062903,20.644052017875115,20.67010129486928,8649320.0,140400103.0,0.01929790272199911,16.46,16.92,15.85,15.87,2026-07-23,16.41,1.3024638497082093
601598,中国外运,2026-07-24,8.24160068374746,8.434871051540533,8.24160068374746,8.35204089391493,16156067.0,97774833.0,0.003132556522657363,5.97,6.11,5.97,6.05,2026-07-23,5.99,1.380502627093377
601599,浙文影业,2026-07-24,9.7490270634751,9.816030685904483,9.481012573757573,9.514514384972262,12001400.0,34394103.0,0.010341198608440738,2.91,2.93,2.83,2.84,2026-07-23,2.93,3.350181121469107
601600,中国铝业,2026-07-24,10.176377567536123,10.377995058446642,9.868645607725334,10.017205864185716,313313010.0,2970812182.0,0.023729829895642606,9.59,9.78,9.3,9.44,2026-07-23,9.78,1.061144689002724
601601,中国太保,2026-07-24,51.18346491397028,51.6517491309325,49.24789015052645,49.872269106476075,70890878.0,2273385587.0,0.010356530119801883,32.79,33.09,31.55,31.95,2026-07-23,32.81,1.5609473898740556
601606,长城军工,2026-07-24,30.905387934421586,32.33815485792399,30.29999345970226,32.33815485792399,30260888.0,954656203.0,0.041783625165762624,30.63,32.05,30.03,32.05,2026-07-23,29.14,1.0089907911988765
601607,上海医药,2026-07-24,245.96108122539147,246.9970183906007,241.81733256455453,242.4092966589598,8930799.0,147104394.0,0.0032019127239513146,16.62,16.69,16.34,16.38,2026-07-23,16.59,14.799102360131856
601608,中信重工,2026-07-24,7.578348079070574,7.644390328125655,7.314179082850249,7.314179082850249,58902238.0,265430269.0,0.012862004736991565,4.59,4.63,4.43,4.43,2026-07-23,4.66,1.6510562263770314
601609,金田股份,2026-07-24,10.557618057618058,10.601154626927825,10.263746214777143,10.318166926414351,22948980.0,219337118.0,0.013275756658004142,9.7,9.74,9.43,9.48,2026-07-23,9.89,1.0884142327441297
601611,中国核建,2026-07-24,11.011533554658394,11.086514814271828,10.72232012472087,10.72232012472087,27869600.0,282766870.0,0.009247223981011733,10.28,10.35,10.01,10.01,2026-07-23,10.41,1.0711608516204665
601615,明阳智能,2026-07-24,12.000266304940276,12.150269633752028,11.657401553370555,11.743117741262985,49691776.0,551516277.0,0.021972959707684845,11.2,11.34,10.88,10.96,2026-07-23,11.26,1.0714523486553817
601616,广电电气,2026-07-24,7.756244920944552,7.7785329810622095,7.444212079297357,7.444212079297357,25105300.0,85600718.0,0.029408487561065358,3.48,3.49,3.34,3.34,2026-07-23,3.48,2.228806011765676
601618,中国中冶,2026-07-24,3.4670612650822332,3.5057273758452325,3.415506450731568,3.415506450731568,90871316.0,243726242.0,0.005090083148847005,2.69,2.72,2.65,2.65,2026-07-23,2.7,1.2888703587666295
601619,嘉泽新能,2026-07-24,5.22118414541422,5.2900349253537495,5.083482585535164,5.094957715525086,62946521.0,283860148.0,0.02585338271259262,4.55,4.61,4.43,4.44,2026-07-23,4.64,1.1475129989921364
601628,中国人寿,2026-07-24,54.76134787324444,55.02494040211686,52.58670951004701,53.12707419423547,42230897.0,1717041672.0,0.0020280373692644813,41.55,41.75,39.9,40.31,2026-07-23,41.73,1.3179626443620804
601633,长城汽车,2026-07-24,64.054902769169,65.00857377813927,63.89595760100729,64.054902769169,11007451.0,178006429.0,0.0017696400882394915,16.12,16.36,16.08,16.12,2026-07-23,16.21,3.973629204042742
601636,旗滨集团,2026-07-24,23.116872626667238,23.278246955649205,22.471375310739354,22.673093221966816,56121814.0,318048597.0,0.018968699672042188,5.73,5.77,5.57,5.62,2026-07-23,5.82,4.034358224549256
601658,邮储银行,2026-07-24,6.888756019176693,6.929119823976557,6.8349376127768755,6.888756019176693,155629931.0,795168122.0,0.002145796917896212,5.12,5.15,5.08,5.12,2026-07-23,5.11,1.3454601599954479
601665,齐鲁银行,2026-07-24,7.705152684044103,7.766793905516455,7.618854973982809,7.655839706866221,37261152.0,231949139.0,0.006054940770522887,6.25,6.3,6.18,6.21,2026-07-23,6.24,1.2328244294470565
601666,平煤股份,2026-07-24,29.529537537684547,29.783477049679377,27.89706924628921,27.89706924628921,27757100.0,218793028.0,0.011240581596797803,8.14,8.21,7.69,7.69,2026-07-23,8.11,3.6277073142118605
601668,中国建筑,2026-07-24,11.065408434757897,11.159582123564347,10.994778168153058,11.065408434757897,202378723.0,950046393.0,0.004897793095016283,4.7,4.74,4.67,4.7,2026-07-23,4.7,2.3543422201612545
601669,中国电建,2026-07-24,6.503130823924647,6.5431911780761345,6.342889407318701,6.342889407318701,143986724.0,693456636.0,0.011015295815675567,4.87,4.9,4.75,4.75,2026-07-23,4.91,1.3353451383828845
601677,明泰铝业,2026-07-24,25.87292180408914,26.016129858355317,24.886377430255482,24.965937460403357,33278011.0,529729090.0,0.026766075668324008,16.26,16.35,15.64,15.69,2026-07-23,16.5,1.5912006029575116
601678,滨化股份,2026-07-24,32.68179097869946,32.87403680798593,31.04770142976449,31.432193088337424,515475010.0,3463517734.0,0.2522712565985884,6.8,6.84,6.46,6.54,2026-07-23,6.22,4.806145732161686
601686,友发集团,2026-07-24,6.372423074878678,6.409834560641174,6.235247627082855,6.235247627082855,7484644.0,37896580.0,0.005059423076957656,5.11,5.14,5.0,5.0,2026-07-23,5.13,1.247049525416571
601688,华泰证券,2026-07-24,28.906365725784617,28.948117818792493,28.182662780314807,28.391423245354172,59211683.0,1209881812.0,0.008103687318097732,20.77,20.8,20.25,20.4,2026-07-23,20.85,1.391736433595793
601689,拓普集团,2026-07-24,108.92556730628488,111.36986652906208,107.6678211042733,108.26109761465612,26962960.0,1241863935.0,0.015515253750300129,45.9,46.93,45.37,45.62,2026-07-23,48.17,2.373106041531261
601696,中银证券,2026-07-24,11.979873079430183,12.020517262905775,11.492142877723104,11.492142877723104,40180501.0,462581656.0,0.014463823254139668,11.79,11.83,11.31,11.31,2026-07-23,11.82,1.0161045868897527
601698,中国卫通,2026-07-24,26.05690091596684,26.376301441231757,25.778713361703847,25.78901660445433,22288669.0,563551826.0,0.005276192114641267,25.29,25.6,25.02,25.03,2026-07-23,25.61,1.0303242750481154
601699,潞安环能,2026-07-24,126.79578694184258,128.6287870044839,120.49983020494403,120.65922151473895,26405455.0,408566352.0,0.008827095604305824,15.91,16.14,15.12,15.14,2026-07-23,15.96,7.969565489744976
601700,风范股份,2026-07-24,31.75264940430195,31.75264940430195,30.355532830512665,30.863575220981495,49941926.0,243516346.0,0.04385651446537379,5.0,5.0,4.78,4.86,2026-07-23,4.95,6.35052988086039
601702,华峰铝业,2026-07-24,15.731299299177856,15.889880945338922,15.234410141206512,15.31898701915908,10831013.0,158498052.0,0.010846951510549601,14.88,15.03,14.41,14.49,2026-07-23,15.09,1.0572109744071139
601717,中创智领,2026-07-24,46.31207823184759,46.93551005419939,45.480835802045206,45.5402102613168,16812201.0,260873479.0,0.010901682402189031,15.6,15.81,15.32,15.34,2026-07-23,15.71,2.968722963579974
601727,上海电气,2026-07-24,7.6825331725904045,7.694033970752965,7.487019603826877,7.4985204019894365,80519700.0,531870685.0,0.006382530123183681,6.68,6.69,6.51,6.52,2026-07-23,6.77,1.1500798162560486
601728,中国电信,2026-07-24,7.494034124782797,7.592316539534046,7.4203223137193595,7.567745935846235,145220796.0,890212127.0,0.0018706853474018477,6.1,6.18,6.04,6.16,2026-07-23,6.04,1.2285301843906224
601766,中国中车,2026-07-24,8.778995152293477,8.822963408481925,8.691058639916582,8.705714725312731,118098456.0,706284991.0,0.004854465487052533,5.99,6.02,5.93,5.94,2026-07-23,6.0,1.4656085396149379
601777,千里科技,2026-07-24,8.870669175961305,8.906631348296283,8.690858314286414,8.738807877399719,18607398.0,136412741.0,0.004115679305431592,7.4,7.43,7.25,7.29,2026-07-23,7.46,1.1987390778326088
601778,晶科科技,2026-07-24,3.702247680373035,3.7228730156397374,3.516619662972716,3.516619662972716,163299179.0,568640068.0,0.043861731732651454,3.59,3.61,3.41,3.41,2026-07-23,3.66,1.0312667633351074
601788,光大证券,2026-07-24,19.551310805649937,19.577678048813322,18.94486421289208,18.97123145605547,32675353.0,476693555.0,0.008363929329234892,14.83,14.85,14.37,14.39,2026-07-23,14.93,1.3183621581692473
601789,宁波建工,2026-07-24,10.529997380801277,10.656864819124184,10.174768553497136,10.174768553497136,45052200.0,184034461.0,0.041454047156980575,4.15,4.2,4.01,4.01,2026-07-23,4.19,2.537348766458139
601798,蓝科高新,2026-07-24,7.66043782936895,7.823889561147803,7.518779661827277,7.704024957843311,6862900.0,48183607.0,0.019357839626624,7.03,7.18,6.9,7.07,2026-07-23,7.07,1.0896782118590256
601799,星宇股份,2026-07-24,122.56748890342259,123.06936994474914,121.02115272203811,121.40095459115008,1595758.0,143481301.0,0.005585834658953854,90.36,90.73,89.22,89.5,2026-07-23,91.52,1.3564352468284926
601800,中国交建,2026-07-24,9.104440007870506,9.192832629306144,8.986583179289658,8.986583179289658,35242853.0,216988860.0,0.0030063323864806643,6.18,6.24,6.1,6.1,2026-07-23,6.22,1.4732103572606
601801,皖新传媒,2026-07-24,14.94292145720433,14.998992457043743,14.66256645800725,14.690601957926958,6829784.0,36020669.0,0.003488265507457145,5.33,5.35,5.23,5.24,2026-07-23,5.32,2.8035499919707934
601808,中海油服,2026-07-24,15.130542048590112,15.392028242674149,14.441169355095825,14.464940827285282,35530508.0,443266322.0,0.012001652441438313,12.73,12.95,12.15,12.17,2026-07-23,12.55,1.1885736094729074
601811,新华文轩,2026-07-24,16.380554275454053,16.46098252885235,16.233102477557164,16.2599118953566,1882585.0,22973508.0,0.002377289719118696,12.22,12.28,12.11,12.13,2026-07-23,12.17,1.34047088997169
601816,京沪高铁,2026-07-24,5.3829134129334655,5.404231881895579,5.329617240528184,5.3509357094902965,139172333.0,700872955.0,0.0028445661826688295,5.05,5.07,5.0,5.02,2026-07-23,5.04,1.0659234481056368
601818,光大银行,2026-07-24,6.5406983935643765,6.5820952188401005,6.519999980926514,6.519999980926514,167196030.0,529627605.0,0.0036028335057859584,3.16,3.18,3.15,3.15,2026-07-23,3.16,2.069841263786195
601825,沪农商行,2026-07-24,10.906765391758512,10.972947220591996,10.827347197158327,10.827347197158327,20794167.0,171287912.0,0.002218176647127526,8.24,8.29,8.18,8.18,2026-07-23,8.21,1.3236365766697222
601827,三峰环境,2026-07-24,8.991441107452271,9.230151933313836,8.991441107452271,9.105112929291112,9346700.0,75006999.0,0.005590354591298589,7.91,8.12,7.91,8.01,2026-07-23,8.0,1.1367182183884035
601828,美凯龙,2026-07-24,2.6133260552750386,2.6377496632682633,2.588902447281814,2.588902447281814,29275679.0,62616889.0,0.008104213502011397,2.14,2.16,2.12,2.12,2026-07-23,2.15,1.221180399661233
601838,成都银行,2026-07-24,25.705007765087306,25.92696142091105,25.49692621275254,25.59403093717543,14128900.0,261206530.0,0.0033335178699844727,18.53,18.69,18.38,18.45,2026-07-23,18.59,1.3872103488983973
601857,中国石油,2026-07-24,19.30707848564457,19.623012497227844,18.903385026399274,19.35973415424178,247691098.0,2716843491.0,0.0015296931791994675,11.0,11.18,10.77,11.03,2026-07-23,10.88,1.7551889532404155
601858,中国科传,2026-07-24,20.09471327355077,20.799790932271847,19.977200330430588,20.12996715648682,8786500.0,152063591.0,0.011115117014547754,17.1,17.7,17.0,17.13,2026-07-23,17.27,1.1751294312017992
601860,紫金银行,2026-07-24,3.2576211197025335,3.3081268734963714,3.2197418043571546,3.2323682428056144,45777059.0,118024516.0,0.012888817796682562,2.58,2.62,2.55,2.56,2026-07-23,2.58,1.2626438448459432
601865,福莱特,2026-07-24,10.03267512264325,10.156662868752125,9.702041133019579,9.712373445195318,15058300.0,144604788.0,0.007921145639286918,9.71,9.83,9.39,9.4,2026-07-23,9.77,1.03323121757397
601866,中远海发,2026-07-24,2.9743794759032194,2.986470449382501,2.9139246085068127,2.9260155819860936,66590500.0,162457337.0,0.006857627894479606,2.46,2.47,2.41,2.42,2026-07-23,2.46,1.209097347928138
601868,中国能建,2026-07-24,2.717146751492522,2.748498444778974,2.6544433649196177,2.664893929348435,419672281.0,1082149371.0,0.012941373639775818,2.6,2.63,2.54,2.55,2026-07-23,2.64,1.0450564428817393
601869,长飞光纤,2026-07-24,418.44229936069274,425.6985242050978,398.4876810385788,401.08782827449056,14294067.0,4842097277.0,0.035177748461101305,346.0,352.0,329.5,331.65,2026-07-23,356.12,1.209370807400846
601872,招商轮船,2026-07-24,26.01647328876262,26.422980683899535,25.15467761107236,25.528664414598317,103328515.0,1641795888.0,0.012796832286378514,16.0,16.25,15.47,15.7,2026-07-23,15.87,1.6260295805476637
601877,正泰电器,2026-07-24,49.77055124431763,50.18695824676012,48.4816724272337,48.4816724272337,22716086.0,563503241.0,0.010570690528200534,25.1,25.31,24.45,24.45,2026-07-23,25.46,1.9828904878214193
601878,浙商证券,2026-07-24,10.766748770735731,10.789132863814185,10.53171579341198,10.53171579341198,24568748.0,234016259.0,0.005371631040721485,9.62,9.64,9.41,9.41,2026-07-23,9.67,1.1192046539226332
601880,辽港股份,2026-07-24,4.152749982476231,4.180999982357021,4.0962499827146495,4.124499982595441,69853747.0,102220901.0,0.0037937083967315576,1.47,1.48,1.45,1.46,2026-07-23,1.47,2.824999988079069
601881,中国银河,2026-07-24,15.361929934163147,15.38591421196824,14.906228655866347,14.93021293367144,43266996.0,544925126.0,0.005973284746500665,12.81,12.83,12.43,12.45,2026-07-23,12.86,1.1992138902547342
601882,海天精工,2026-07-24,20.833015177209983,20.913584849166043,20.51073648938574,20.6488559270247,3075570.0,55272825.0,0.005891896551724138,18.1,18.17,17.82,17.94,2026-07-23,18.18,1.15099531365801
601886,江河集团,2026-07-24,26.281923314346223,27.150481367574308,26.249754497559998,27.053974917215633,3972300.0,33177735.0,0.0035059953906879924,8.17,8.44,8.16,8.41,2026-07-23,8.31,3.2168816786225487
601888,中国中免,2026-07-24,123.5645421116316,124.26226539131476,119.33318802839176,119.7383176746594,32369094.0,1744791630.0,0.01657848883150979,54.9,55.21,53.02,53.2,2026-07-23,55.24,2.25072025704247
601890,亚星锚链,2026-07-24,24.767123906086326,25.123058620904335,24.470511643737986,24.500172869972822,24016522.0,200888397.0,0.02503285595163644,8.35,8.47,8.25,8.26,2026-07-23,8.37,2.9661226234833924
601898,中煤能源,2026-07-24,20.201139735617836,20.637844987921987,19.243205633789376,19.257292899992734,58734972.0,823924808.0,0.006417719562162607,14.34,14.65,13.66,13.67,2026-07-23,14.27,1.4087266203359718
601899,紫金矿业,2026-07-24,64.80403438318726,65.51863463631001,63.23191382631725,64.3344399311352,401039285.0,12602496385.0,0.019466232005861214,31.74,32.09,30.97,31.51,2026-07-23,33.06,2.041715008922094
601900,南方传媒,2026-07-24,16.08346436497046,16.139798741029903,15.745458108613814,15.773625296643534,4684457.0,52760814.0,0.005311355829260124,11.42,11.46,11.18,11.2,2026-07-23,11.42,1.40835940148603
601901,方正证券,2026-07-24,7.6354514255877435,7.830399121560197,7.6137905704796935,7.7329252735739695,128018992.0,918559009.0,0.015551192321046476,7.05,7.23,7.03,7.14,2026-07-23,7.07,1.0830427554025168
601908,京运通,2026-07-24,13.124768809576956,13.34063671762921,12.649859411862002,12.649859411862002,46968544.0,140508115.0,0.019451871261573894,3.04,3.09,2.93,2.93,2026-07-23,3.07,4.3173581610450515
601916,浙商银行,2026-07-24,3.9672074482290887,3.9947574999529016,3.9534324223671824,3.9534324223671824,94702872.0,273304288.0,0.004395699760376224,2.88,2.9,2.87,2.87,2026-07-23,2.88,1.3775025861906558
601918,新集能源,2026-07-24,17.570685955840748,17.813999114477514,16.858125991261645,16.92764403658644,49550407.0,488064493.0,0.019127430022553585,10.11,10.25,9.7,9.74,2026-07-23,10.26,1.7379511331197575
601919,中远海控,2026-07-24,35.95634755161576,36.19135635914265,35.88584490935768,36.003349313121134,101447893.0,1556149499.0,0.00807928916091874,15.3,15.4,15.27,15.32,2026-07-23,15.27,2.3500880752690034
601921,浙版传媒,2026-07-24,8.427249135549257,8.45122423977557,8.22346074962559,8.283398510191374,5618300.0,39096756.0,0.0025282349991151178,7.03,7.05,6.86,6.91,2026-07-23,7.03,1.1987552113156836
601928,凤凰传媒,2026-07-24,15.552057085192683,15.761566662506157,15.35866362921101,15.455360357201847,8231500.0,79357917.0,0.0032345082321505758,9.65,9.78,9.53,9.59,2026-07-23,9.57,1.6116121331805888
601929,吉视传媒,2026-07-24,4.93168433319857,4.975914685962682,4.798993274906231,4.798993274906231,79420700.0,174580583.0,0.02275802890509428,2.23,2.25,2.17,2.17,2026-07-23,2.26,2.2115176382056365
601933,永辉超市,2026-07-24,28.62798812909437,28.813282550641908,27.608868810582923,27.701516021356692,148501900.0,449798847.0,0.016638799060956066,3.09,3.11,2.98,2.99,2026-07-23,3.13,9.26472107737682
601939,建设银行,2026-07-24,25.453809822465036,25.702382184012546,25.404095350155536,25.50352429477454,79169522.0,813280420.0,0.008252277207650848,10.24,10.34,10.22,10.26,2026-07-23,10.24,2.4857236154751012
601949,中国出版,2026-07-24,5.973242699521259,5.973242699521259,5.796867422960592,5.820384126502014,6707700.0,33393331.0,0.003523010791020341,5.08,5.08,4.93,4.95,2026-07-23,5.03,1.175835177071114
601952,苏垦农发,2026-07-24,12.658808605991293,12.721167269074995,12.456142950969266,12.487322282511116,10974804.0,88429744.0,0.007964298984034833,8.12,8.16,7.99,8.01,2026-07-23,8.1,1.5589665770925238
601956,东贝集团,2026-07-24,4.985458955807534,5.052527910369967,4.907211842151362,4.974280796713796,5358700.0,23851306.0,0.00862058716933536,4.46,4.52,4.39,4.45,2026-07-23,4.51,1.1178159093738866
601958,金钼股份,2026-07-24,34.0382474133951,34.45927235761407,33.27716386038389,33.520062866664055,51053496.0,1064012126.0,0.01582266980110732,21.02,21.28,20.55,20.7,2026-07-23,21.85,1.6193267085344956
601963,重庆银行,2026-07-24,13.879657352949476,13.979962013133392,13.679048032581642,13.69158611510463,14075758.0,154881656.0,0.006920043808937083,11.07,11.15,10.91,10.92,2026-07-23,11.07,1.2538082522989589
601965,中国汽研,2026-07-24,26.704358606916436,27.44826573953768,26.265644144088522,26.303793227812687,12615700.0,176407034.0,0.012635844986494152,14.0,14.39,13.77,13.79,2026-07-23,14.07,1.9074541862083167
601966,玲珑轮胎,2026-07-24,12.712650335640523,12.849713951119126,12.518476880379167,12.518476880379167,7877524.0,87052713.0,0.0053826508769031075,11.13,11.25,10.96,10.96,2026-07-23,11.18,1.1421967956550334
601968,宝钢包装,2026-07-24,4.653495557540286,4.686814141484488,4.575752195003814,4.586858389651881,7509900.0,31212753.0,0.00588651897562295,4.19,4.22,4.12,4.13,2026-07-23,4.22,1.110619464806751
601969,海南矿业,2026-07-24,9.160604353253513,9.295166903075318,8.746565738417196,8.756916703788105,30568556.0,264818859.0,0.015497550516968968,8.85,8.98,8.45,8.46,2026-07-23,8.89,1.0350965370907925
601975,招商南油,2026-07-24,3.5024725446407485,3.550451620594732,3.3681311319695966,3.3969185775419866,168826750.0,605947368.0,0.036071435249966005,3.65,3.7,3.51,3.54,2026-07-23,3.64,0.9595815190796572
601985,中国核电,2026-07-24,11.067330754748747,11.079506036107107,10.8116498462232,10.836000408939917,84666711.0,760375976.0,0.004483685523802144,9.09,9.1,8.88,8.9,2026-07-23,9.09,1.2175281358359458
601988,中国银行,2026-07-24,15.356893490243365,15.485081248926532,15.305618386770098,15.408168593716631,256423299.0,1539131120.0,0.001216628342579481,5.99,6.04,5.97,6.01,2026-07-23,5.97,2.563755173663333
601990,南京证券,2026-07-24,8.972179129238276,9.03776523398417,8.854124140695667,8.867241361644846,15076929.0,102570610.0,0.0035628330556845287,6.84,6.89,6.75,6.76,2026-07-23,6.88,1.3117220949178765
601991,大唐发电,2026-07-24,18.399214176549226,18.672199550088532,17.170779995622347,17.170779995622347,623932619.0,4060645967.0,0.0503330214606155,6.74,6.84,6.29,6.29,2026-07-23,6.99,2.72985373539306
601992,金隅集团,2026-07-24,3.783280026997978,3.8101118002390986,3.675952934033497,3.702784707274617,41172400.0,57329424.0,0.004940198961405276,1.41,1.42,1.37,1.38,2026-07-23,1.41,2.6831773241120414
601995,中金公司,2026-07-24,37.337625903039566,37.491913613382714,36.62790243546113,36.62790243546113,22279207.0,801183270.0,0.0076206203457747645,36.3,36.45,35.61,35.61,2026-07-23,36.65,1.0285847356209248
601996,丰林集团,2026-07-24,10.146135408521275,10.333160946005538,9.77208433355275,9.912353486665948,31274206.0,66795774.0,0.027900618953231485,2.17,2.21,2.09,2.12,2026-07-23,2.17,4.675638437106579
601997,贵阳银行,2026-07-24,11.112878011883936,11.19254021985443,11.033215803913443,11.033215803913443,31001583.0,172899954.0,0.008479185852511784,5.58,5.62,5.54,5.54,2026-07-23,5.57,1.9915551992623541
601998,中信银行,2026-07-24,15.597001131328987,15.885072392329787,15.535271575400245,15.658730687257732,62919802.0,480566462.0,0.0015435518264247591,7.58,7.72,7.55,7.61,2026-07-23,7.55,2.057651864291423
601999,出版传媒,2026-07-24,6.663938249790138,6.699135106743255,6.546615393279748,6.570079964581827,2383800.0,13421227.0,0.004326985647687382,5.68,5.71,5.58,5.6,2026-07-23,5.72,1.1732285651038976
603000,人民网,2026-07-24,67.712915745519,68.84801297916407,66.18490023868911,66.18490023868911,12447427.0,191816758.0,0.011257599428388611,15.51,15.77,15.16,15.16,2026-07-23,15.66,4.365758590942553
603001,奥康国际,2026-07-24,9.652168432947947,9.94221690004822,9.378233769575468,9.474916591942225,13629600.0,80974390.0,0.03399072272931318,5.99,6.17,5.82,5.88,2026-07-23,6.02,1.61138037277929
603002,宏昌电子,2026-07-24,26.35977539974855,27.874928296712724,25.91299954551552,26.20437510262402,44838502.0,615982436.0,0.039537387971082694,13.57,14.35,13.34,13.49,2026-07-23,13.94,1.942503714056636
603004,鼎龙科技,2026-07-24,18.302142634737127,18.674786609266388,18.04661533791706,18.11049716212208,2079500.0,35769402.0,0.03531759510869565,17.19,17.54,16.95,17.01,2026-07-23,17.5,1.0646970700836025
603005,晶方科技,2026-07-24,83.80445153201927,87.00015053849994,82.67493722800454,84.7411219304705,44949864.0,1389837076.0,0.06892335804583341,30.42,31.58,30.01,30.76,2026-07-23,30.84,2.7549129366212775
603006,联明股份,2026-07-24,26.198815156149095,26.198815156149095,25.247092304866182,25.51145976355588,3066000.0,29782909.0,0.012058795477361736,9.91,9.91,9.55,9.65,2026-07-23,9.91,2.6436745868969824
603007,顺景科技,2026-07-24,21.650300605661172,22.151464971532956,21.349601986138097,21.399718422725275,19055386.0,82476611.0,0.027414309829367198,4.32,4.42,4.26,4.27,2026-07-23,4.42,5.011643658717864
603009,北特科技,2026-07-24,104.75837341755852,107.61541996531011,102.3775012944322,103.1446712007729,6770709.0,267044669.0,0.020007474979165003,39.6,40.68,38.7,38.99,2026-07-23,41.25,2.6454134701403667
603010,XD万盛股,2026-07-24,49.660719821803745,50.29991720564875,48.38232505411375,48.77567729032605,9190241.0,92053009.0,0.01610124476124743,10.1,10.23,9.84,9.92,2026-07-23,10.18,4.916902952653836
603011,合锻智能,2026-07-24,38.64392208417662,40.19484872300645,37.7822961737156,37.93308070804628,31053393.0,557647500.0,0.06280842685020542,17.94,18.66,17.54,17.61,2026-07-23,18.12,2.154064776152543
603012,创力集团,2026-07-24,19.310404406833847,19.310404406833847,18.377534628725932,18.7273607955164,17558100.0,140851361.0,0.027158700696055683,8.28,8.28,7.88,8.03,2026-07-23,8.34,2.3321744452697883
603013,亚普股份,2026-07-24,21.3737094205012,21.3737094205012,20.691142619971732,20.77144459650461,1909314.0,29827981.0,0.0037568683601483708,15.97,15.97,15.46,15.52,2026-07-23,15.9,1.3383662755479775
603014,威高血净,2026-07-24,31.909707296405834,32.12670983954849,31.31036693915469,31.32070039359005,1372263.0,42113231.0,0.013521846534738051,30.88,31.09,30.3,30.31,2026-07-23,31.11,1.0333454435364584
603015,弘讯科技,2026-07-24,21.28936414662245,21.450821946217637,20.80499074783689,20.82805614777906,3497172.0,31794943.0,0.008651676442720406,9.23,9.3,9.02,9.03,2026-07-23,9.22,2.30653999421695
603016,新宏泰,2026-07-24,32.39219616985818,32.463179799156634,31.256458101083027,31.433917174329142,1952953.0,52434554.0,0.013181378239740821,27.38,27.44,26.42,26.57,2026-07-23,27.4,1.1830604883074574
603017,中衡设计,2026-07-24,44.64793415887608,44.804593576977396,43.60353803820061,43.81241726233571,3759500.0,31735980.0,0.013611991787126276,8.55,8.58,8.35,8.39,2026-07-23,8.64,5.221980603377319
603018,华设集团,2026-07-24,40.618948749934816,40.936905295922564,39.58558997547464,39.58558997547464,8714495.0,43894975.0,0.010638490119377455,5.11,5.15,4.98,4.98,2026-07-23,5.14,7.948913649693702
603019,中科曙光,2026-07-24,376.34852846015497,398.74087305538336,376.34852846015497,383.02694702364414,67333194.0,6646060678.0,0.046022346521941634,95.8,101.5,95.8,97.5,2026-07-23,97.82,3.9284815079348117
603020,爱普股份,2026-07-24,22.465839197797308,23.081004564659228,22.219773051052538,22.342806124424925,4873977.0,44701437.0,0.012975204671508889,9.13,9.38,9.03,9.08,2026-07-23,9.22,2.4606614674476788
603022,新通联,2026-07-24,19.915989529245305,20.075957316628806,19.276118379711324,19.542731358683817,3376640.0,24863226.0,0.0168832,7.47,7.53,7.23,7.33,2026-07-23,7.54,2.6661297897249407
603023,威帝股份,2026-07-24,23.987515939064455,24.12738483666833,23.28817145104508,23.84764704146058,8001200.0,27146084.0,0.014336051697452253,3.43,3.45,3.33,3.41,2026-07-23,3.43,6.993444880193718
603025,大豪科技,2026-07-24,39.20472798023252,39.236116873731504,38.3886167492589,38.765283471246725,5355744.0,66297197.0,0.00482858439478771,12.49,12.5,12.23,12.35,2026-07-23,12.57,3.13888934989852
603026,石大胜华,2026-07-24,69.15180784952058,72.7043168416295,68.65223627250526,68.86316649391173,19138115.0,1219939698.0,0.08224336744832578,62.29,65.49,61.84,62.03,2026-07-23,62.82,1.1101590600340436
603027,千禾味业,2026-07-24,59.80285424712773,60.21872945051527,58.72157871832013,58.72157871832013,9648180.0,68531888.0,0.0072502442726145215,7.19,7.24,7.06,7.06,2026-07-23,7.21,8.317504067750727
603028,赛福天,2026-07-24,8.125169094486177,8.359681615040108,8.069989677885253,8.138963948636409,3303300.0,19604539.0,0.011623561701678454,5.89,6.06,5.85,5.9,2026-07-23,6.06,1.3794854150231202
603029,天鹅股份,2026-07-24,19.0440375548784,19.19955679252032,18.478513054362338,18.634032292004257,1325230.0,17570702.0,0.010921445171498739,13.47,13.58,13.07,13.18,2026-07-23,13.5,1.413811251290156
603030,全筑股份,2026-07-24,6.5718753695700824,6.5718753695700824,6.317714443675106,6.354023147374389,33721400.0,59601939.0,0.02560600021783939,1.81,1.81,1.74,1.75,2026-07-23,1.81,3.630870369928222
603031,安孚科技,2026-07-24,116.28290128165251,122.53772726746267,113.72410883291198,118.4310233373853,21670291.0,814314210.0,0.0689279734265651,36.81,38.79,36.0,37.49,2026-07-23,37.19,3.159003023136444
603032,德新科技,2026-07-24,30.085148763522856,30.191456709683713,28.986633319860655,29.27012117628961,5556453.0,92520765.0,0.023859562112249315,16.98,17.04,16.36,16.52,2026-07-23,17.21,1.7717991026809692
603033,三维股份,2026-07-24,52.170530571293845,53.149602190594265,51.61106107455075,51.68099476164363,4950888.0,36947057.0,0.0048896161322338864,7.46,7.6,7.38,7.39,2026-07-23,7.44,6.99336870928872
603035,常熟汽饰,2026-07-24,13.418495296549237,13.49359881500007,13.105563969670756,13.105563969670756,2391452.0,25265739.0,0.006527831476096384,10.72,10.78,10.47,10.47,2026-07-23,10.78,1.2517253075139212
603036,如通股份,2026-07-24,13.084271015837672,13.820470408033142,12.961571117138424,13.151198233309985,4919900.0,58705139.0,0.023882311209101774,11.73,12.39,11.62,11.79,2026-07-23,11.76,1.1154536245385909
603037,凯众股份,2026-07-24,40.31677251785613,40.36132143776536,39.29214735994376,39.960381158582265,3246092.0,29050590.0,0.012196479429311716,9.05,9.06,8.82,8.97,2026-07-23,9.1,4.454891990923329
603038,华立股份,2026-07-24,45.87280528566239,46.60769845634332,45.17659070291203,45.60205517014836,3029873.0,35809719.0,0.011277004747847775,11.86,12.05,11.68,11.79,2026-07-23,12.05,3.867858793057537
603039,泛微网络,2026-07-24,133.0506345830965,133.36828616634398,128.87578520327216,129.1026791913061,6927152.0,199652078.0,0.02251713440915611,29.32,29.39,28.4,28.45,2026-07-23,29.75,4.537879760678598
603040,新坐标,2026-07-24,133.7929055635179,134.98998657655525,128.21501743893947,128.3168966740916,1721435.0,88548077.0,0.008768272989020873,52.53,53.0,50.34,50.38,2026-07-23,53.3,2.5469808788029296
603041,美思德,2026-07-24,15.326853012412798,15.390187115769876,14.867680763073986,15.02601602146668,1780100.0,16976708.0,0.00971947820123226,9.68,9.72,9.39,9.49,2026-07-23,9.73,1.583352583926942
603042,华脉科技,2026-07-24,11.395472378307968,11.457460442015899,11.137188779524923,11.188845499281532,6803470.0,74418590.0,0.03258885158325372,11.03,11.09,10.78,10.83,2026-07-23,11.19,1.033134395132182
603043,广州酒家,2026-07-24,22.1585404107737,22.275781365328058,21.58908434579539,21.58908434579539,2495722.0,32536880.0,0.004437214834742362,13.23,13.3,12.89,12.89,2026-07-23,13.23,1.6748707793479742
603045,福达合金,2026-07-24,79.07336168826048,80.35359706797517,76.04598155505279,76.88943074639424,6018804.0,311401836.0,0.04443720412147633,52.5,53.35,50.49,51.05,2026-07-23,53.2,1.5061592702525806
603048,浙江黎明,2026-07-24,17.621157735496222,18.04853656117057,17.380072244090183,17.81840950119208,2201700.0,35635092.0,0.014989787581699346,16.08,16.47,15.86,16.26,2026-07-23,16.15,1.0958431427547404
603049,中策橡胶,2026-07-24,50.42563852745467,50.9105004363725,48.99168522235725,48.99168522235725,2231347.0,107585153.0,0.004418681615718279,48.88,49.35,47.49,47.49,2026-07-23,49.11,1.0316210828039007
603050,科林电气,2026-07-24,62.949867514235564,64.20886486452028,60.227711081187536,60.533953679905444,6655413.0,120864253.0,0.01650160249130519,18.5,18.87,17.7,17.79,2026-07-23,18.67,3.4026955413100306
603051,鹿山新材,2026-07-24,26.515952735890714,26.85628025426431,25.524563878019798,25.64293866701931,4265940.0,75369514.0,0.026392770936926106,17.92,18.15,17.25,17.33,2026-07-23,18.1,1.4796848624939014
603052,可川科技,2026-07-24,148.04636528278328,150.46681941800864,143.9458312184015,145.19877218251818,2976300.0,153524454.0,0.01584003753710498,51.99,52.84,50.55,50.99,2026-07-23,52.3,2.8475931002651143
603053,成都燃气,2026-07-24,10.443301450734218,10.443301450734218,10.20702766225607,10.218841351679977,1735592.0,15152383.0,0.0019525385593268008,8.84,8.84,8.64,8.65,2026-07-23,8.82,1.1813689423907487
603055,台华新材,2026-07-24,13.350761784187632,13.478980384756062,13.078297257979722,13.20651585854815,3825500.0,31554999.0,0.0043126046305466854,8.33,8.41,8.16,8.24,2026-07-23,8.39,1.602732507105358
603057,紫燕食品,2026-07-24,23.284828521052507,23.308195132714378,22.607196782858306,22.607196782858306,1585131.0,30960810.0,0.0038474053398058253,19.93,19.95,19.35,19.35,2026-07-23,19.73,1.1683305830934525
603058,永吉股份,2026-07-24,9.869054070492684,9.984346758232084,9.684585770109644,9.811407726622983,3409800.0,28936383.0,0.008223051841501792,8.56,8.66,8.4,8.51,2026-07-23,8.6,1.1529268773940051
603059,倍加洁,2026-07-24,30.19506565198291,30.371090698384606,29.287859643604946,29.77531361825579,915100.0,20141006.0,0.009110122878643526,22.3,22.43,21.63,21.99,2026-07-23,22.39,1.35403881847457
603060,国检集团,2026-07-24,21.342633399133742,21.709906249214438,21.016168643506457,21.016168643506457,7036400.0,36814033.0,0.008752132581350295,5.23,5.32,5.15,5.15,2026-07-23,5.35,4.0808094453410595
603061,金海通,2026-07-24,423.15158034641036,446.9094917386771,414.3582558250042,426.7732131805974,3626225.0,1078197309.0,0.04168074712643678,292.1,308.5,286.03,294.6,2026-07-23,298.56,1.4486531336748043
603062,麦加芯彩,2026-07-24,39.77693724465479,39.77693724465479,38.06431911328771,38.108515710226214,283794.0,9938652.0,0.007654984341746441,36.0,36.0,34.45,34.49,2026-07-23,35.92,1.104914923462633
603063,禾望电气,2026-07-24,31.618326066595547,33.00095795221956,31.307501844245966,31.457554917104385,16585999.0,494666167.0,0.03588231606903453,29.5,30.79,29.21,29.35,2026-07-23,30.06,1.0718076632744253
603065,宿迁联盛,2026-07-24,13.858915129624862,15.474051855257832,13.765132997168752,15.317748301164318,47653223.0,675277868.0,0.11373964522485765,13.3,14.85,13.21,14.7,2026-07-23,13.55,1.0420236939567564
603066,音飞储存,2026-07-24,28.370285714171903,28.370285714171903,27.739834920523634,27.872561403396954,3274600.0,27623574.0,0.011131277368568478,8.55,8.55,8.36,8.4,2026-07-23,8.62,3.3181620718329707
603067,振华股份,2026-07-24,94.24289403490454,95.53088025338157,91.72975019397374,92.10672177011337,24278350.0,719148505.0,0.03213439266431337,30.0,30.41,29.2,29.32,2026-07-23,31.03,3.1414298011634845
603068,博通集成,2026-07-24,32.14149609039078,36.08972354462441,32.04400899275538,36.08972354462441,10513750.0,376209414.0,0.06926632652362745,32.97,37.02,32.87,37.02,2026-07-23,33.65,0.9748709763539819
603069,海汽集团,2026-07-24,12.505070777455712,12.61745294947533,12.157707700304165,12.188357383582241,2698333.0,32556499.0,0.008539028481012657,12.24,12.35,11.9,11.93,2026-07-23,12.35,1.0216561092692575
603070,万控智造,2026-07-24,11.281314150237527,11.386746992763113,11.07044846518636,11.133708170701711,2018994.0,21417721.0,0.005034897755610972,10.7,10.8,10.5,10.56,2026-07-23,10.87,1.0543284252558438
603071,物产环能,2026-07-24,14.457706846680832,14.613423656131411,14.026491066663839,14.038469282775422,2989920.0,35561908.0,0.005358717083213041,12.07,12.2,11.71,11.72,2026-07-23,12.09,1.1978216111583124
603072,天和磁材,2026-07-24,31.41831156043553,31.687640970449156,30.941805681180657,31.07647038618747,1697500.0,51151841.0,0.013447674879188782,30.33,30.59,29.87,30.0,2026-07-23,30.72,1.035882346206249
603073,彩蝶实业,2026-07-24,15.50717238278186,15.50717238278186,14.87952688508378,15.085134892950393,1475250.0,20605459.0,0.028987373628608877,14.33,14.33,13.75,13.94,2026-07-23,14.24,1.082147409824275
603075,热威股份,2026-07-24,22.161361893979524,22.350876479924832,21.770488060467322,21.853400691818397,2568408.0,47552867.0,0.06227188483587346,18.71,18.87,18.38,18.45,2026-07-23,19.09,1.1844661621581787
603076,乐惠国际,2026-07-24,27.1325756538547,27.1325756538547,26.425153800848168,26.67569904045465,1547300.0,28080596.0,0.012819244166825514,18.41,18.41,17.93,18.1,2026-07-23,18.52,1.4737955270969418
603077,和邦生物,2026-07-24,33.369258957835825,33.7916546408464,32.102071908804085,32.24287046980761,171428517.0,400428080.0,0.019410585057001932,2.37,2.4,2.28,2.29,2026-07-23,2.39,14.07985610035267
603078,江化微,2026-07-24,170.64991997378664,180.50243528965754,168.7447374541431,175.4945269523088,23240863.0,751383171.0,0.060266126056370974,31.35,33.16,31.0,32.24,2026-07-23,31.93,5.4433786275530025
603079,圣达生物,2026-07-24,22.12699996251425,22.211859022773176,21.087476474342438,21.299624124989748,4111900.0,41600687.0,0.021752675125672364,10.43,10.47,9.94,10.04,2026-07-23,10.44,2.1214765064730825
603080,新疆火炬,2026-07-24,21.245981718208505,21.387621596329897,20.880078699728248,20.89188202290503,1088800.0,19416500.0,0.00769469964664311,18.0,18.12,17.69,17.7,2026-07-23,18.04,1.1803323176782503
603081,大丰实业,2026-07-24,9.118971053974002,9.118971053974002,8.910223523822788,8.92121023593601,2643300.0,21641668.0,0.0062563439624821575,8.3,8.3,8.11,8.12,2026-07-23,8.31,1.0986712113221688
603082,北自科技,2026-07-24,35.32522275713039,37.63523284486151,34.80837118498963,35.75769039912571,7496428.0,258575775.0,0.18483730265380244,33.49,35.68,33.0,33.9,2026-07-23,33.48,1.0547991268178676
603083,剑桥科技,2026-07-24,381.4673564271618,403.08637523742567,375.7053578103537,384.4405477134348,14892855.0,2520396741.0,0.054040215259734486,165.51,174.89,163.01,166.8,2026-07-23,169.03,2.30479944672323
603085,天成自控,2026-07-24,25.311383516303405,25.311383516303405,24.308684169297813,24.41708409870382,4881782.0,44299602.0,0.01229358348023168,9.34,9.34,8.97,9.01,2026-07-23,9.23,2.7099982351502576
603086,先达股份,2026-07-24,31.146125435174415,31.146125435174415,29.897902850940326,29.95734202161814,6324684.0,32235283.0,0.014545751667860693,5.24,5.24,5.03,5.04,2026-07-23,5.23,5.943917067781377
603087,甘李药业,2026-07-24,95.85935024633395,96.9922334765179,91.93783137262028,91.93783137262028,10450469.0,673829684.0,0.01862306655357181,66.0,66.78,63.3,63.3,2026-07-23,66.65,1.4524143976717265
603088,宁波精达,2026-07-24,58.936727804030276,58.936727804030276,57.36051299066667,57.36051299066667,4814900.0,40716844.0,0.010996139875083084,8.6,8.6,8.37,8.37,2026-07-23,8.67,6.853107884189567
603089,XD正裕工,2026-07-24,18.03061332168859,18.325453539527523,17.735773103849656,17.849173187633863,1272200.0,10085560.0,0.005300098651325282,7.95,8.08,7.82,7.87,2026-07-23,8.03,2.2680016756840993
603090,宏盛股份,2026-07-24,42.881568174866985,43.52673833158354,41.49111525090891,41.913812939792166,3039000.0,116278614.0,0.03039,38.55,39.13,37.3,37.68,2026-07-23,38.55,1.1123623391664588
603091,众鑫股份,2026-07-24,46.07044862159711,47.75595283946042,45.988727204973436,47.316700225108164,744859.0,34449584.0,0.01692158848507144,45.1,46.75,45.02,46.32,2026-07-23,45.82,1.0215177077959448
603092,德力佳,2026-07-24,49.05019470209865,52.93442570198736,49.05019470209865,50.93472726269155,3196230.0,156451915.0,0.09245233103397367,46.85,50.56,46.85,48.65,2026-07-23,47.63,1.0469625336627246
603093,南华期货,2026-07-24,17.59128532821805,17.695375773947152,17.029196921280906,17.060424054999636,7667300.0,127300162.0,0.012567986651894339,16.9,17.0,16.36,16.39,2026-07-23,17.12,1.0409044572910089
603095,越剑智能,2026-07-24,28.39312955762183,28.63436260399075,27.5729371999675,27.79004694169953,2814460.0,32714912.0,0.010897389235727684,11.77,11.87,11.43,11.52,2026-07-23,11.86,2.4123304636891953
603096,新经典,2026-07-24,20.25863515940136,20.440735250721826,19.69715987782994,19.757859908270092,1101120.0,14465499.0,0.007139252986411145,13.35,13.47,12.98,13.02,2026-07-23,13.43,1.5175007610038473
603097,江苏华辰,2026-07-24,15.681075326750008,15.968801479534411,15.167278625349287,15.773558733002137,3392400.0,51423937.0,0.015099024390452333,15.26,15.54,14.76,15.35,2026-07-23,15.45,1.0275934028014422
603098,森特股份,2026-07-24,12.168255549774406,12.370638178460883,11.864681606744693,11.889979435330503,3571942.0,34041571.0,0.006629439765864282,9.62,9.78,9.38,9.4,2026-07-23,9.61,1.264891429290479
603099,长白山,2026-07-24,37.38124888341209,37.6570121948471,36.56417240508614,36.594812773023364,4233300.0,153137116.0,0.015543267547098123,36.6,36.87,35.8,35.83,2026-07-23,36.85,1.0213455979074342
603100,川仪股份,2026-07-24,29.57337753180508,29.758737732859128,29.017296928642928,29.050998783380027,3003340.0,52345813.0,0.005871182891986027,17.55,17.66,17.22,17.24,2026-07-23,17.56,1.6850927368549902
603101,汇嘉时代,2026-07-24,14.765626273298134,15.044222995435835,14.444168516985403,14.70133472203559,9142860.0,62550437.0,0.019436352040816327,6.89,7.02,6.74,6.86,2026-07-23,6.98,2.1430517087515435
603102,百合股份,2026-07-24,33.87216481246573,34.26199791133043,33.10332731192703,33.24410037540595,641900.0,19794287.0,0.0100296875,31.28,31.64,30.57,30.7,2026-07-23,31.5,1.0828697190685976
603103,横店影视,2026-07-24,20.052689995344874,20.097584077424003,19.454102234289802,19.49899631636893,5134929.0,67430845.0,0.008096702932828761,13.4,13.43,13.0,13.03,2026-07-23,13.48,1.496469402637677
603105,芯能科技,2026-07-24,7.812948487626346,7.86758449103632,7.496059667848494,7.506986868530489,13643353.0,95243074.0,0.027286085241560756,7.15,7.2,6.86,6.87,2026-07-23,7.25,1.0927200681994889
603106,恒银科技,2026-07-24,12.265664614270191,12.362549800796812,12.013763129300978,12.052517203911625,4441120.0,27836780.0,0.00853208330131407,6.33,6.38,6.2,6.22,2026-07-23,6.4,1.9377037305324156
603107,上海汽配,2026-07-24,11.895530493402257,11.980045807742592,11.726499864721584,11.726499864721584,1535900.0,17233862.0,0.00703979399048277,11.26,11.34,11.1,11.1,2026-07-23,11.32,1.0564414292541968
603108,润达医疗,2026-07-24,52.517692184254834,53.907355483507445,51.12802888500222,51.12802888500222,20894641.0,188364436.0,0.03455922733297168,9.07,9.31,8.83,8.83,2026-07-23,9.17,5.790263746885869
603109,神驰机电,2026-07-24,25.050918842098415,25.540564796767427,24.48229773345053,24.71922319538715,2046700.0,32322083.0,0.009799933310465067,15.86,16.17,15.5,15.65,2026-07-23,15.92,1.5795030795774536
603110,东方材料,2026-07-24,41.2034529534263,42.994907429662234,40.27535003200287,40.426436554095055,8268200.0,158178575.0,0.041088974202493134,19.09,19.92,18.66,18.73,2026-07-23,19.52,2.1583788870312364
603111,康尼机电,2026-07-24,16.18493403861763,16.24192324297896,15.899988016810982,15.928482618991646,3687100.0,20780399.0,0.004402007100336808,5.68,5.7,5.58,5.59,2026-07-23,5.7,2.849460218066484
603112,华翔股份,2026-07-24,15.910038644455408,16.025328779560155,15.483465144567834,15.621813306693534,2937400.0,40031142.0,0.005494508156420032,13.8,13.9,13.43,13.55,2026-07-23,13.88,1.1529013510474933
603113,金能科技,2026-07-24,5.126202813375317,5.149663695816393,4.9385157538467,4.9385157538467,8558100.0,36657162.0,0.01008626358220089,4.37,4.39,4.21,4.21,2026-07-23,4.37,1.1730441220538481
603115,海星股份,2026-07-24,95.21116191456333,96.91954600143298,90.97492495118745,93.29443830490474,9210007.0,623221100.0,0.03807512410579337,68.55,69.78,65.5,67.17,2026-07-23,68.16,1.3889301519265258
603116,红蜻蜓,2026-07-24,10.043182641208404,10.043182641208404,9.669024856535934,9.747794916466981,5080300.0,25314026.0,0.008816891611396583,5.1,5.1,4.91,4.95,2026-07-23,5.14,1.9692514982761578
603117,万林物流,2026-07-24,5.085462565796786,5.1305998075050425,4.904913598963764,4.95005084067202,7449538.0,24794359.0,0.012432520147914709,3.38,3.41,3.26,3.29,2026-07-23,3.4,1.5045747236085167
603118,共进股份,2026-07-24,36.662565838937155,41.62074140953627,36.662565838937155,36.70912147809771,170066899.0,2803980558.0,0.21601930110426806,15.75,17.88,15.75,15.77,2026-07-23,16.6,2.3277819580277557
603119,浙江荣泰,2026-07-24,82.66700555520708,84.31683539006684,81.12248400767879,82.28087516832501,9505898.0,448361360.0,0.035866102336580906,47.1,48.04,46.22,46.88,2026-07-23,48.41,1.7551381221912332
603120,肯特催化,2026-07-24,44.73636069378161,45.40193885500685,42.46388668616975,42.53044450229227,3626700.0,165400701.0,0.09569129287598944,47.05,47.75,44.66,44.73,2026-07-23,48.17,0.9508259446074732
603121,华培动力,2026-07-24,21.76751798087215,21.871469833693883,21.060645381684324,21.206177975634755,4126835.0,42439280.0,0.012190322018591266,10.47,10.52,10.13,10.2,2026-07-23,10.48,2.07903705643478
603122,合富中国,2026-07-24,10.675316458838397,11.268989264941643,10.491817591497393,10.491817591497393,15537100.0,155375926.0,0.0390327778588014,9.89,10.44,9.72,9.72,2026-07-23,9.99,1.0794051020059046
603123,翠微股份,2026-07-24,10.03638462285046,10.387148910684015,9.674305357990015,9.685620335016905,38997973.0,341197978.0,0.05978753786612482,8.87,9.18,8.55,8.56,2026-07-23,9.1,1.1314977026888906
603124,XD江南新,2026-07-24,116.31803986135583,120.10152906451918,113.60168863857186,117.38517784173524,4379919.0,530370644.0,0.05643584794045934,119.9,123.8,117.1,121.0,2026-07-23,121.5,0.9701254367085557
603125,常青科技,2026-07-24,45.435755224344646,46.30742438932008,44.19362666425465,45.02171237098131,3960213.0,82288226.0,0.009782255855838053,20.85,21.25,20.28,20.66,2026-07-23,21.04,2.179172912438592
603126,中材节能,2026-07-24,9.742142615909438,9.75917433376942,9.435571694429772,9.435571694429772,6655500.0,37294290.0,0.010901719901719903,5.72,5.73,5.54,5.54,2026-07-23,5.76,1.7031717859981537
603127,昭衍新药,2026-07-24,382.4944784604709,387.772470427519,361.6224193180534,361.9422976190866,56116896.0,2596700033.0,0.08939844160338863,47.83,48.49,45.22,45.26,2026-07-23,48.49,7.99695752583046
603128,华贸物流,2026-07-24,17.934581563116282,18.068671892560143,17.666400904228563,17.666400904228563,6633460.0,35373667.0,0.005067398316564301,5.35,5.39,5.27,5.27,2026-07-23,5.36,3.352258236096502
603129,春风动力,2026-07-24,305.16861879821255,323.78560939752253,301.30428619518125,321.59203236109585,2696155.0,752400002.0,0.017566500285116707,268.5,284.88,265.1,282.95,2026-07-23,268.8,1.1365684126562852
603130,云中马,2026-07-24,36.3104350160401,38.28672208826112,36.054439281296446,36.77122733857868,1546950.0,56107313.0,0.011249383700010617,35.46,37.39,35.21,35.91,2026-07-23,35.64,1.0239829389746222
603131,上海沪工,2026-07-24,41.0758001328754,41.28117913353978,39.81418627165137,39.81418627165137,4563800.0,62845914.0,0.013546162649764526,14.0,14.07,13.57,13.57,2026-07-23,14.1,2.9339857237768143
603132,金徽股份,2026-07-24,17.45602003590135,17.592840571780393,16.623695109303835,16.669301954596847,5410823.0,80381826.0,0.005532538854805726,15.31,15.43,14.58,14.62,2026-07-23,15.5,1.1401711323253658
603135,中重科技,2026-07-24,12.804704193240518,12.804704193240518,12.282367775101337,12.43160675171253,9479388.0,79375168.0,0.015057688011502021,8.58,8.58,8.23,8.33,2026-07-23,8.65,1.4923897661119485
603136,天目湖,2026-07-24,29.82652254390016,29.931177008966475,28.954402001680858,28.989286823369632,2842060.0,23901077.0,0.010521210582988999,8.55,8.58,8.3,8.31,2026-07-23,8.57,3.4884821688772116
603137,恒尚节能,2026-07-24,33.281592431060034,37.27267770226438,33.281592431060034,35.865651030382175,30054003.0,791927105.0,0.16428937440127778,24.6,27.55,24.6,26.51,2026-07-23,25.8,1.3529102614252044
603138,海量数据,2026-07-24,36.928511460731464,36.928511460731464,35.642131707214055,35.8617575187902,4696500.0,54236732.0,0.016287901711452182,11.77,11.77,11.36,11.43,2026-07-23,11.89,3.1375115939448994
603139,康惠股份,2026-07-24,33.9366795390451,34.744695718546176,31.3409275623979,33.633673471732195,3661227.0,119912047.0,0.03665625750901081,33.6,34.4,31.03,33.3,2026-07-23,32.8,1.0100202243763423
603150,万朗磁塑,2026-07-24,52.75667870954611,52.82078159983717,50.523761364407356,51.49598853382184,729993.0,35196261.0,0.008539627762245124,49.38,49.44,47.29,48.2,2026-07-23,49.57,1.0683815048510754
603151,邦基科技,2026-07-24,12.460349816138764,12.570423577765432,11.998040017306762,12.185165412072097,4388800.0,48868808.0,0.02562327112396063,11.32,11.42,10.9,11.07,2026-07-23,11.38,1.1007376162666753
603153,上海建科,2026-07-24,13.399926670116153,13.936344456753456,13.399926670116153,13.578732598995254,1614700.0,20962207.0,0.0039989581558672336,12.74,13.25,12.74,12.91,2026-07-23,13.04,1.0517995816417702
603155,新亚强,2026-07-24,31.05573828871247,32.27265593325449,30.763678054022385,31.27478346473003,9563653.0,123124258.0,0.020886315573104035,12.76,13.26,12.64,12.85,2026-07-23,12.9,2.4338352890840493
603156,XD养元饮,2026-07-24,140.16302680784645,154.09923633045517,137.35976627168952,147.17117814823877,14795133.0,540535764.0,0.011739582929305274,35.0,38.48,34.3,36.75,2026-07-23,35.31,4.004657908795613
603158,腾龙股份,2026-07-24,39.98318255801994,40.4359932325162,39.07756120902742,39.66621508587256,12767064.0,112237277.0,0.02601434511049356,8.83,8.93,8.63,8.76,2026-07-23,9.01,4.528106744962621
603159,上海亚虹,2026-07-24,27.726122628180956,28.463602969734154,27.71043155708408,27.71043155708408,2351940.0,41986336.0,0.016799571428571428,17.67,18.14,17.66,17.66,2026-07-23,17.88,1.56910710968766
603160,汇顶科技,2026-07-24,52.32485649028129,53.35604525085774,51.750792644187186,52.30359486635188,4375236.0,216928746.0,0.009389265918220513,49.22,50.19,48.68,49.2,2026-07-23,49.72,1.0630811964705666
603161,科华控股,2026-07-24,22.077879743465843,22.57964973763552,21.59131490063464,21.59131490063464,4242742.0,61727306.0,0.0222425677756735,14.52,14.85,14.2,14.2,2026-07-23,14.77,1.5205151338475098
603162,海通发展,2026-07-24,34.995179319641046,35.270010570842416,33.498875840878036,33.804243897768444,47090524.0,527021050.0,0.11163071111262048,11.46,11.55,10.97,11.07,2026-07-23,11.51,3.053680568904105
603163,圣晖集成,2026-07-24,103.76036985017248,109.71185444527477,102.56723212704934,103.94502211684632,2346233.0,174572259.0,0.02346233,73.05,77.24,72.21,73.18,2026-07-23,74.51,1.4204020513370634
603165,荣晟环保,2026-07-24,35.02894722795165,35.683960062295455,34.658722582452974,35.1428625034897,3952500.0,48792235.0,0.012638763470323758,12.3,12.53,12.17,12.34,2026-07-23,12.31,2.8478818884513535
603166,福达股份,2026-07-24,16.011305003987978,16.09333013208218,15.584774337898136,15.732419568467698,6575033.0,63362844.0,0.010262014030308119,9.76,9.81,9.5,9.59,2026-07-23,9.85,1.6405025618840143
603167,渤海轮渡,2026-07-24,13.93877699332123,14.019910736006455,13.873869999173055,13.922550244784187,3264978.0,28075565.0,0.006959429299760974,8.59,8.64,8.55,8.58,2026-07-23,8.6,1.6226748537044506
603168,莎普爱思,2026-07-24,23.491880773699,23.685628243997545,22.81376462765408,22.95907523037799,7052600.0,33704612.0,0.018932442553401447,4.85,4.89,4.71,4.74,2026-07-23,4.89,4.843686757463711
603169,兰石重装,2026-07-24,10.369500600353922,10.369500600353922,10.054267782103162,10.087450184024295,15969040.0,98120755.0,0.01222471122030271,6.25,6.25,6.06,6.08,2026-07-23,6.2,1.6591200960566275
603170,宝立食品,2026-07-24,13.219830177099722,13.378422827039222,12.936629016493471,12.936629016493471,1904944.0,21965731.0,0.004762240943976401,11.67,11.81,11.42,11.42,2026-07-23,11.73,1.1328046424249976
603171,税友股份,2026-07-24,37.80801126417595,37.80801126417595,36.50609696349342,36.64258797888755,3206800.0,113068349.0,0.00790066274113676,36.01,36.01,34.77,34.9,2026-07-23,36.24,1.0499308876472078
603172,万丰股份,2026-07-24,15.506079560010239,15.547019704063072,14.789627039085673,14.984092723336628,1374900.0,20303465.0,0.010308142150247413,15.15,15.19,14.45,14.64,2026-07-23,15.09,1.0235036013208079
603173,福斯达,2026-07-24,32.01694443026474,33.50389738305372,32.01694443026474,33.10315828939428,1251280.0,39081608.0,0.0078205,30.36,31.77,30.36,31.39,2026-07-23,30.67,1.0545765622616845
603175,超颖电子,2026-07-24,77.51311908785229,79.49044387935115,76.54929745581515,77.80127194691492,1598055.0,125483323.0,0.035141983681310565,78.01,80.0,77.04,78.3,2026-07-23,79.18,0.9936305484918893
603176,汇通集团,2026-07-24,4.185204789685955,4.185204789685955,4.020675854464885,4.072091146721469,4203900.0,16675344.0,0.009102965669518003,4.07,4.07,3.91,3.96,2026-07-23,4.06,1.0283058451316842
603177,德创环保,2026-07-24,8.177359447686452,8.422373962972937,8.116105818864831,8.259030952781947,4012500.0,32465547.0,0.019650622943112366,8.01,8.25,7.95,8.09,2026-07-23,8.16,1.0208938136936894
603178,圣龙股份,2026-07-24,16.996662837705898,17.157616084275084,15.966562059663119,15.977292276101064,13452994.0,206790947.0,0.056904898108737605,15.84,15.99,14.88,14.89,2026-07-23,16.15,1.0730216437945643
603179,新泉股份,2026-07-24,140.45626157708676,146.22044062362693,139.47124363875392,140.49274372295093,19731932.0,771845545.0,0.027628072385743097,38.5,40.08,38.23,38.51,2026-07-23,40.58,3.6482145864178377
603180,金牌家居,2026-07-24,32.33064579983069,32.872237098735354,31.85969684426141,31.930339187596804,598388.0,8180176.0,0.0038791591753872786,13.73,13.96,13.53,13.56,2026-07-23,13.91,2.354744777846372
603181,皇马科技,2026-07-24,39.052275424793066,39.56739200088266,38.504964062697866,38.76252235074266,5431900.0,65719091.0,0.009226940716833701,12.13,12.29,11.96,12.04,2026-07-23,12.22,3.2194786005600218
603182,嘉华股份,2026-07-24,12.407379404229319,12.451890182361081,12.040165484642262,12.073548568241085,1464500.0,16026282.0,0.008900030385900941,11.15,11.19,10.82,10.85,2026-07-23,11.16,1.1127694532941093
603183,建研院,2026-07-24,19.225689568264677,19.856835942980435,18.545993472416935,19.516987895056563,26959808.0,107364619.0,0.05422836508817278,3.96,4.09,3.82,4.02,2026-07-23,3.98,4.8549721131981505
603185,弘元绿能,2026-07-24,51.33862181822842,51.890650009822274,49.31451844905096,49.351320328490544,10822071.0,147905232.0,0.015937727762250695,13.95,14.1,13.4,13.41,2026-07-23,14.01,3.6801879439590266
603186,华正新材,2026-07-24,146.89454644304965,152.98402602282778,140.55605468714677,140.9182542160555,14018887.0,1807162111.0,0.08941157398306446,129.78,135.16,124.18,124.5,2026-07-23,133.55,1.131873527839803
603187,海容冷链,2026-07-24,53.13247112801935,53.53806251067599,52.05089410760166,52.68181403617864,6615887.0,77408502.0,0.017302684069004145,11.79,11.88,11.55,11.69,2026-07-23,11.9,4.5065709184070695
603188,亚邦股份,2026-07-24,8.189996646165099,8.255867932863477,7.970425690503836,7.992382786069963,8757328.0,32251984.0,0.015359152533454934,3.73,3.76,3.63,3.64,2026-07-23,3.76,2.195709556612627
603190,亚通精工,2026-07-24,15.611109924801006,15.664609273412388,15.268714093688166,15.450611878966862,1268536.0,18319549.0,0.022037804054649772,14.59,14.64,14.27,14.44,2026-07-23,14.7,1.069986972227622
603191,望变电气,2026-07-24,14.028018891285344,14.10168440684348,13.51236028237838,13.51236028237838,16221236.0,212542795.0,0.04916052838013348,13.33,13.4,12.84,12.84,2026-07-23,13.4,1.052364507973394
603192,汇得科技,2026-07-24,27.445828092630954,29.94339844906037,27.445828092630954,27.898684256159363,4309279.0,88647821.0,0.030911614738791136,20.0,21.82,20.0,20.33,2026-07-23,21.0,1.3722914046315478
603193,润本股份,2026-07-24,20.276294372213126,20.359393939312362,19.434911255333382,19.466073592995592,2337648.0,44523250.0,0.0226217474720455,19.52,19.6,18.71,18.74,2026-07-23,19.58,1.0387445887404265
603194,中力股份,2026-07-24,35.397079614672265,35.4075988062368,34.63969782202549,34.73437054610634,907522.0,30092384.0,0.005742831918763103,33.65,33.66,32.93,33.02,2026-07-23,33.64,1.0519191564538564
603195,公牛集团,2026-07-24,132.3222742806986,133.96688048615525,131.7398095829327,132.2537490221379,3021778.0,117090126.0,0.0016786132167433219,38.62,39.1,38.45,38.6,2026-07-23,38.8,3.4262629280346606
603196,璞源材料,2026-07-24,22.421121701492996,22.64404232542202,21.58810252786348,22.057409104556164,1209400.0,22622590.0,0.005103205904501219,19.11,19.3,18.4,18.8,2026-07-23,19.05,1.173266441731711
603197,保隆科技,2026-07-24,45.58777422089273,46.00943275157335,44.85798061009936,45.003939332258035,2363540.0,66043801.0,0.011193541043515038,28.11,28.37,27.66,27.75,2026-07-23,28.42,1.62176357954083
603198,迎驾贡酒,2026-07-24,44.95575795282554,45.22139411405496,43.89321330790789,44.222096174191925,5205442.0,182706084.0,0.0065068025,35.54,35.75,34.7,34.96,2026-07-23,35.75,1.2649341010924464
603199,九华旅游,2026-07-24,35.352757136248,35.45350913568633,34.44598914130307,34.457183807907334,1423200.0,44222102.0,0.012858691723888689,31.58,31.67,30.77,30.78,2026-07-23,31.63,1.1194666604258392
603200,上海洗霸,2026-07-24,84.58544155848146,84.58544155848146,81.05052758290314,81.3030214383016,2693174.0,88075631.0,0.01534746078875962,33.5,33.5,32.1,32.2,2026-07-23,33.31,2.5249385539845215
603201,常润股份,2026-07-24,38.23693351182908,39.14118531785206,37.461860535237946,37.84939702353351,3317464.0,49008467.0,0.01761285096820127,14.8,15.15,14.5,14.65,2026-07-23,14.89,2.5835765886371
603202,天有为,2026-07-24,53.174526835903805,53.652733724359635,52.49879971091187,52.49879971091187,880579.0,44869880.0,0.017536673152828083,51.15,51.61,50.5,50.5,2026-07-23,51.61,1.0395801922952845
603203,快克智能,2026-07-24,130.31493607194403,135.5327841795842,128.0505868931568,132.25111870308095,8471560.0,341777665.0,0.025967657448111896,39.71,41.3,39.02,40.3,2026-07-23,40.35,3.2816654765032496
603205,健尔康,2026-07-24,26.972074055088395,26.972074055088395,26.143176169492996,26.143176169492996,878830.0,17692999.0,0.021258587324625062,20.5,20.5,19.87,19.87,2026-07-23,20.57,1.315710929516507
603206,XD嘉环科,2026-07-24,13.523212538524943,13.608064068178434,13.300477273184532,13.342903038011277,2868100.0,36321782.0,0.009397444668313683,12.75,12.83,12.54,12.58,2026-07-23,12.9,1.060644120668623
603207,小方制药,2026-07-24,23.647486809709118,23.75448901246798,22.99477337288004,23.00547359315593,1423732.0,31033607.0,0.026074270791176725,22.1,22.2,21.49,21.5,2026-07-23,22.32,1.0700220275886478
603208,江山欧派,2026-07-24,26.53104259594275,26.80569107002083,25.7070971737085,25.98174564778659,1114400.0,10597125.0,0.006336161800737183,9.66,9.76,9.36,9.46,2026-07-23,9.67,2.746484740780823
603209,兴通股份,2026-07-24,18.81905770159053,19.109027774034143,18.64507565812436,18.65957416174654,2886700.0,37579269.0,0.008979083829677825,12.98,13.18,12.86,12.87,2026-07-23,13.07,1.4498503622180685
603210,泰鸿万立,2026-07-24,13.371097673242716,13.543170845419192,13.057317182803256,13.077561085412254,2538000.0,33163146.0,0.010907801570843765,13.21,13.38,12.9,12.92,2026-07-23,13.38,1.0121951304498649
603211,晋拓股份,2026-07-24,25.61804623530342,26.682829226976523,24.996044289672597,25.61804623530342,6350700.0,154980275.0,0.023364654461973156,24.3,25.31,23.71,24.3,2026-07-23,25.0,1.0542405858149555
603212,赛伍技术,2026-07-24,10.77797200834857,11.142444491722674,10.580115517374054,10.621769515473952,17051918.0,177974743.0,0.038976646805304424,10.35,10.7,10.16,10.2,2026-07-23,10.46,1.0413499524974463
603213,镇洋发展,2026-07-24,15.533721139547715,15.773227853153077,15.488100813146694,15.739012608352311,1839100.0,25291989.0,0.004133797059155499,13.62,13.83,13.58,13.8,2026-07-23,13.74,1.1405081600255298
603214,爱婴室,2026-07-24,19.48635799147245,19.632383988077986,18.886028894316347,18.999604669453987,2370250.0,28024406.0,0.01710877280268644,12.01,12.1,11.64,11.71,2026-07-23,12.13,1.622511073394875
603215,比依股份,2026-07-24,14.625055350401686,14.758821100557801,14.312935266704091,14.324082412550434,917200.0,11886729.0,0.00489882997438743,13.12,13.24,12.84,12.85,2026-07-23,13.22,1.114714584634275
603216,梦天家居,2026-07-24,20.151315283097166,20.73270870171673,20.1074365345221,20.40361808740377,2780700.0,51774810.0,0.012486865148861647,18.37,18.9,18.33,18.6,2026-07-23,18.81,1.0969687143765467
603217,元利科技,2026-07-24,45.20189544017183,47.10433211694674,44.79604228245985,44.87213974953085,2663200.0,48047289.0,0.012798456034862243,17.82,18.57,17.66,17.69,2026-07-23,17.89,2.5365822356998784
603218,日月股份,2026-07-24,19.992675986548953,20.264258836940943,19.533074239731736,19.574856216715116,8304689.0,78871030.0,0.0080711385007724,9.57,9.7,9.35,9.37,2026-07-23,9.58,2.0890988491691695
603219,富佳股份,2026-07-24,20.19239407340505,20.28602186663568,19.677441210636605,19.880301429302964,3670880.0,46904736.0,0.0065387958674741715,12.94,13.0,12.61,12.74,2026-07-23,12.95,1.5604632205104367
603220,中贝通信,2026-07-24,24.862912680155915,25.30617368417814,24.285330159763312,24.392787372859612,13914336.0,256460381.0,0.03204069003976798,18.51,18.84,18.08,18.16,2026-07-23,18.97,1.343215163703723
603221,爱丽家居,2026-07-24,13.392997701970584,13.392997701970584,13.392997701970584,13.392997701970584,986700.0,13813800.0,0.004072728773682256,14.0,14.0,14.0,14.0,2026-07-23,12.73,0.9566426929978988
603222,济民健康,2026-07-24,21.812770903737377,23.44521053266224,21.812770903737377,22.263099077233893,29572440.0,238758166.0,0.05631873652893224,7.75,8.33,7.75,7.91,2026-07-23,8.02,2.81455108435321
603223,恒通股份,2026-07-24,44.03984271283533,44.2487603727634,42.78633675326697,42.82812028525258,10453980.0,108720976.0,0.014811067296661215,10.54,10.59,10.24,10.25,2026-07-23,10.42,4.178353198561227
603225,新凤鸣,2026-07-24,39.07832004984441,39.43529556883816,37.167451095230845,37.167451095230845,11466869.0,206506622.0,0.006872373431214661,18.61,18.78,17.7,17.7,2026-07-23,18.78,2.099855994080839
603226,菲林格尔,2026-07-24,186.00998012029805,187.720704477618,179.292257643993,185.2589304024503,2475255.0,109455723.0,0.0069629038106845615,44.58,44.99,42.97,44.4,2026-07-23,44.93,4.172498432487619
603227,雪峰科技,2026-07-24,16.78219417220331,16.899716540356,16.335609173223112,16.35911364685365,7314000.0,51513933.0,0.006824717640674322,7.14,7.19,6.95,6.96,2026-07-23,7.15,2.3504473630536853
603228,景旺电子,2026-07-24,153.93663580086925,171.39066185501727,149.82465973798728,163.16670972925328,48157563.0,3624032446.0,0.04904590209520092,70.38,78.36,68.5,74.6,2026-07-23,73.79,2.18722131004361
603229,奥翔药业,2026-07-24,35.69827325316308,36.32455874883261,35.02381195013436,35.02381195013436,9485866.0,69997992.0,0.011424664118289844,7.41,7.54,7.27,7.27,2026-07-23,7.46,4.817580735919444
603230,内蒙新华,2026-07-24,9.795138394800873,9.896584016841388,9.637334093848962,9.637334093848962,1537200.0,13238139.0,0.004348231939647491,8.69,8.78,8.55,8.55,2026-07-23,8.78,1.1271735782279486
603231,索宝蛋白,2026-07-24,14.765706525358153,14.91421219443503,14.585378212907658,14.595985760698863,1206000.0,16685046.0,0.011348881149943169,13.92,14.06,13.75,13.76,2026-07-23,14.07,1.060754779120557
603232,格尔软件,2026-07-24,48.82724863603685,48.82724863603685,47.043106068426255,47.043106068426255,3449200.0,45074633.0,0.014912235514747848,13.41,13.41,12.92,12.92,2026-07-23,13.34,3.641107280837945
603233,大参林,2026-07-24,58.50079865260581,59.354594092400596,58.058089906045545,58.18457811934847,4839353.0,89737872.0,0.004249316233999757,18.5,18.77,18.36,18.4,2026-07-23,18.69,3.162205332573287
603235,天新药业,2026-07-24,26.817718312383604,26.92830684150684,26.20948140220583,26.242657960942804,306600.0,7337296.0,0.000700351774864087,24.25,24.35,23.7,23.73,2026-07-23,24.05,1.1058852912323136
603236,移远通信,2026-07-24,195.35054844567117,202.30438484095944,191.33098983567794,196.5162204425692,9424688.0,465529739.0,0.023389062699298316,48.6,50.33,47.6,48.89,2026-07-23,49.39,4.019558609993234
603237,五芳斋,2026-07-24,29.643947592213593,29.774441858943803,28.773985814012164,28.817483902922234,585384.0,7846452.0,0.0030841024210043846,13.63,13.69,13.23,13.25,2026-07-23,13.59,2.174904445503565
603238,诺邦股份,2026-07-24,18.37060280046081,18.47163269670532,17.865453319238235,18.10118974380877,2807655.0,30270729.0,0.015816972660541155,10.91,10.97,10.61,10.75,2026-07-23,10.98,1.6838316040752344
603239,浙江仙通,2026-07-24,50.82765043537258,50.86665860915261,49.50137252685173,49.89145426465198,2609500.0,33538432.0,0.009639110520094562,13.03,13.04,12.69,12.79,2026-07-23,13.12,3.900817378002501
603248,锡华科技,2026-07-24,17.66480225235927,18.068569160984623,17.42254210718406,17.503295488909128,2918435.0,51110850.0,0.04081444654091155,17.5,17.9,17.26,17.34,2026-07-23,17.7,1.009417271563387
603255,鼎际得,2026-07-24,26.07993933717969,26.174090742729078,24.981506272436864,25.504569636600117,1273200.0,31109407.0,0.02098384501040688,24.93,25.02,23.88,24.38,2026-07-23,25.24,1.0461267283265019
603256,宏和科技,2026-07-24,160.43769762599902,161.7036671252029,153.41635418503628,155.07594445290022,11774348.0,1740193657.0,0.01338408541281249,150.81,152.0,144.21,145.77,2026-07-23,153.83,1.0638399152973876
603257,中国瑞林,2026-07-24,66.43525689450783,67.21745356747184,63.82107327697027,64.22246367493864,1059991.0,67217607.0,0.04256991967871486,64.55,65.31,62.01,62.4,2026-07-23,65.99,1.0292061486368371
603258,电魂网络,2026-07-24,12.73859981160241,12.994535150283006,12.552465019834703,12.58736529329115,2552300.0,27860015.0,0.0105754774306185,10.95,11.17,10.79,10.82,2026-07-23,11.19,1.1633424485481654
603259,药明康德,2026-07-24,330.978757655553,333.57568788431365,321.1363920885499,324.6162785950892,44375591.0,5571207583.0,0.017941998716792404,127.45,128.45,123.66,125.0,2026-07-23,127.45,2.596930228760714
603260,合盛硅业,2026-07-24,51.67839232928728,51.99045991581679,50.08684763798677,50.1336577759662,9268095.0,302969021.0,0.0078396553755304,33.12,33.32,32.1,32.13,2026-07-23,33.73,1.5603379326475628
603262,技源集团,2026-07-24,21.052571944292218,22.11142911308798,20.398571928271302,20.678857649423126,4614517.0,93996006.0,0.044222477929116474,20.28,21.3,19.65,19.92,2026-07-23,20.41,1.0380952635252572
603266,天龙股份,2026-07-24,31.791175751138823,32.137437706222705,31.16357595754929,31.48819654044043,1524624.0,22253560.0,0.007665789701928358,14.69,14.85,14.4,14.55,2026-07-23,14.85,2.1641372192742563
603267,鸿远电子,2026-07-24,68.29686318698107,69.99451948705341,67.36540574800333,67.6057818612879,6565838.0,299256426.0,0.028413591202512755,45.46,46.59,44.84,45.0,2026-07-23,46.48,1.50235070802862
603268,松发股份,2026-07-24,211.98761867273018,221.98770372888777,208.51241180924282,215.67559330336988,6113751.0,934123741.0,0.02621117449913953,149.45,156.5,147.0,152.05,2026-07-23,151.85,1.4184517810152573
603269,海鸥股份,2026-07-24,39.56255511448329,40.08772177529501,38.057077353489674,38.687277346463745,13618484.0,151435390.0,0.031528246770211675,11.3,11.45,10.87,11.05,2026-07-23,11.45,3.501111072078167
603270,金帝股份,2026-07-24,25.003423309668676,25.305058748130854,24.130835076974506,24.173925853897675,2803300.0,63843194.0,0.03964129135215041,23.21,23.49,22.4,22.44,2026-07-23,23.53,1.077269423079219
603271,永杰新材,2026-07-24,44.95315195954906,45.605533303179705,43.943999568620406,44.03574069506847,1687600.0,73947006.0,0.01784385120300504,44.1,44.74,43.11,43.2,2026-07-23,44.5,1.019345849422881
603273,天元智能,2026-07-24,13.136350505885073,13.271776799760177,12.928002361461836,13.115515691442749,1496900.0,18856233.0,0.02670251023932185,12.61,12.74,12.41,12.59,2026-07-23,12.7,1.0417407221161834
603275,众辰科技,2026-07-24,35.019574846587375,35.25836827127505,34.39663547783694,34.40701780064945,467600.0,15629916.0,0.011257714188545478,33.73,33.96,33.13,33.14,2026-07-23,34.01,1.0382322812507376
603276,恒兴新材,2026-07-24,18.35560168418159,19.049006452008836,18.120105725296867,18.957424690220332,2824536.0,40266624.0,0.037340680471917784,14.03,14.56,13.85,14.49,2026-07-23,14.13,1.3083108826929146
603277,银都股份,2026-07-24,19.21567498841413,19.234550897047146,18.819280907120714,18.838156815753734,1312455.0,13201426.0,0.002152461756515756,10.18,10.19,9.97,9.98,2026-07-23,10.15,1.8875908633019773
603278,大业股份,2026-07-24,12.41673343495322,12.580111506465764,12.149387499750878,12.193945155617937,9457400.0,78488234.0,0.027672684998222376,8.36,8.47,8.18,8.21,2026-07-23,8.47,1.485255195568567
603279,景津装备,2026-07-24,24.191356480442362,24.304488311216062,23.531420800929126,23.75768446247652,5530727.0,69757886.0,0.009595742687461072,12.83,12.89,12.48,12.6,2026-07-23,12.86,1.885530512894962
603280,南方路机,2026-07-24,24.994605679036052,25.322924651938642,24.687468575352977,24.803968856060354,749050.0,17648658.0,0.006909630382788173,23.6,23.91,23.31,23.42,2026-07-23,23.83,1.0590934609761038
603281,江瀚新材,2026-07-24,31.101316555811493,31.24856108448183,30.103325861490344,30.26693089334627,2829040.0,52768481.0,0.005454761058206601,19.01,19.1,18.4,18.5,2026-07-23,19.14,1.6360503185592579
603282,亚光股份,2026-07-24,13.939696508291679,14.385936792855894,13.812199284130475,13.992820351692181,1886500.0,25039836.0,0.014097294873710956,13.12,13.54,13.0,13.17,2026-07-23,13.35,1.0624768680100365
603283,赛腾股份,2026-07-24,89.10226432694203,94.24438098319314,86.7289797163646,90.99672835819244,24431896.0,1071346985.0,0.06930518361437278,42.8,45.27,41.66,43.71,2026-07-23,43.24,2.0818286057696738
603284,林平发展,2026-07-24,41.21921643018808,41.51451220006839,39.2743373940799,39.32525045785236,1970800.0,77529446.0,0.10668310543541977,40.48,40.77,38.57,38.62,2026-07-23,41.15,1.0182612754493103
603285,键邦股份,2026-07-24,33.85168367677568,34.553435782698934,32.689079441589385,34.281114069952594,4239300.0,136896526.0,0.0680500661510916,32.32,32.99,31.21,32.73,2026-07-23,32.4,1.0473912028705346
603286,日盈电子,2026-07-24,38.96013893792998,40.51854449544718,38.96013893792998,39.623514276602855,3719250.0,140223853.0,0.031997621787568466,37.0,38.48,37.0,37.63,2026-07-23,38.57,1.0529767280521618
603288,海天味业,2026-07-24,322.0909103278191,322.97094013745794,315.3146807935999,315.4906867555277,15736426.0,569627488.0,0.002829986774896089,36.6,36.7,35.83,35.85,2026-07-23,36.65,8.800298096388499
603289,泰瑞机器,2026-07-24,11.730538319152028,11.761126424286715,11.27171674213174,11.317598899833769,2791010.0,20845153.0,0.00951271378333164,7.67,7.69,7.37,7.4,2026-07-23,7.67,1.529405256734293
603290,斯达半导,2026-07-24,122.69784885316554,126.76313902601139,122.69784885316554,123.85091297491817,4838555.0,408157952.0,0.020204973356004293,83.0,85.75,83.0,83.78,2026-07-23,84.84,1.4782873355803077
603291,联合水务,2026-07-24,8.276618854042045,8.276618854042045,8.006954580602077,8.006954580602077,3382137.0,26413143.0,0.00799142803548383,7.98,7.98,7.72,7.72,2026-07-23,7.99,1.037170282461409
603293,埃泰克,2026-07-24,35.395507120842495,35.58759927602559,34.677689067263564,34.91022167616942,1138600.0,39503699.0,0.03244197122614268,35.01,35.2,34.3,34.53,2026-07-23,35.4,1.0110113430689087
603296,华勤技术,2026-07-24,113.47207833162112,120.1130709344395,112.43932554496237,115.28920032333717,42438359.0,3776330655.0,0.05314120818260846,86.8,91.88,86.01,88.19,2026-07-23,88.88,1.3072820084288148
603297,永新光学,2026-07-24,132.71919407588916,134.32349202625704,130.1814864089436,131.65452361791773,740879.0,67152728.0,0.0066909150349817705,91.0,92.1,89.26,90.27,2026-07-23,91.45,1.4584526821526282
603298,杭叉集团,2026-07-24,63.928278340361054,63.928278340361054,62.073216692091655,62.715353416492604,7395382.0,195118519.0,0.005646139845519164,26.88,26.88,26.1,26.37,2026-07-23,26.97,2.378284164447956
603299,苏盐井神,2026-07-24,11.426615682386819,11.52386347542841,11.02546853609026,11.074092432611055,5701400.0,52561156.0,0.0073047467359976725,9.4,9.48,9.07,9.11,2026-07-23,9.4,1.2155974130198743
603300,海南华铁,2026-07-24,27.010467400509466,27.234156571528178,25.947943838170584,25.947943838170584,41360314.0,195533960.0,0.020688554308341045,4.83,4.87,4.64,4.64,2026-07-23,4.86,5.5922292754677985
603301,振德医疗,2026-07-24,216.491967277752,217.48164484245032,211.3209020022034,213.5229345836571,1224498.0,106249835.0,0.004640425638952505,87.5,87.9,85.41,86.3,2026-07-23,86.7,2.474193911745737
603303,得邦照明,2026-07-24,50.143874995770034,51.09408378020532,48.867880342385526,50.22532146300735,3714012.0,68495823.0,0.007787093500329678,18.47,18.82,18.0,18.5,2026-07-23,18.57,2.7148822412436404
603305,旭升集团,2026-07-24,23.2946296938797,23.55685817073388,22.726467994028976,22.8138774863137,17776860.0,187932162.0,0.015381784540496211,10.66,10.78,10.4,10.44,2026-07-23,10.87,2.1852373071181708
603306,华懋科技,2026-07-24,149.92267754700902,156.21488689254258,149.6500908605599,152.78483775472466,9922573.0,668330731.0,0.030114423618709654,66.0,68.77,65.88,67.26,2026-07-23,67.65,2.2715557204092276
603307,扬州金泉,2026-07-24,23.741455848400904,23.763237000555396,22.946443794761787,23.06624013161152,764096.0,16321389.0,0.0078651158003088,21.8,21.82,21.07,21.18,2026-07-23,21.95,1.089057607724812
603308,应流股份,2026-07-24,69.96163301908204,72.41307590530243,69.08611770257475,70.20040992358402,15307447.0,682670348.0,0.022542420391098644,43.95,45.49,43.4,44.1,2026-07-23,45.31,1.591846030013243
603309,维力医疗,2026-07-24,37.76191097454505,38.08438673009198,36.762236132349585,36.79448370790428,3042733.0,35173120.0,0.0104249090947302,11.71,11.81,11.4,11.41,2026-07-23,11.81,3.2247575554692616
603310,巍华新材,2026-07-24,15.187566396070139,15.357854456572676,15.113065369600276,15.113065369600276,1119300.0,16007831.0,0.0057692902427709915,14.27,14.43,14.2,14.2,2026-07-23,14.31,1.0643003781408646
603311,金海高科,2026-07-24,29.876157843891917,31.15918302737194,28.40984334848618,29.4523013100637,8284300.0,214183231.0,0.03512024243349505,26.08,27.2,24.8,25.71,2026-07-23,25.7,1.1455581995357331
603312,西典新能,2026-07-24,33.4135785662371,33.54376133987179,32.55654197314206,32.567390537611615,575127.0,17472629.0,0.01129482811103801,30.8,30.92,30.01,30.02,2026-07-23,30.93,1.08485644695575
603313,梦百合,2026-07-24,10.216880060632624,10.325377901984474,9.981801404370279,10.07221627216349,24042107.0,134870346.0,0.042135751157336886,5.65,5.71,5.52,5.57,2026-07-23,5.68,1.808297355864181
603315,福鞍股份,2026-07-24,23.74801892214596,23.74801892214596,22.919599657419933,23.23822245154533,5259400.0,57667335.0,0.01641683470142162,11.18,11.18,10.79,10.94,2026-07-23,11.29,2.1241519608359534
603316,诚邦股份,2026-07-24,18.075625434240322,18.186010933075377,17.330523317103697,17.41331244122999,10742900.0,137676331.0,0.04065215087942361,13.1,13.18,12.56,12.62,2026-07-23,13.14,1.3798187354381926
603317,天味食品,2026-07-24,39.81103602001559,40.32034564926952,38.02845231762683,38.45287700867177,12042879.0,164858573.0,0.011338987397989433,14.07,14.25,13.44,13.59,2026-07-23,14.09,2.8294979402996154
603318,水发燃气,2026-07-24,27.953714671158718,28.961055740389657,27.166729460822044,28.142591121639516,102475212.0,913562326.0,0.2232230503886149,8.88,9.2,8.63,8.94,2026-07-23,8.7,3.1479408413467023
603319,美湖股份,2026-07-24,89.91442141498615,91.60031681651714,87.36684614156154,87.85388259089271,10623748.0,252118827.0,0.031324658960755376,24.0,24.45,23.32,23.45,2026-07-23,24.45,3.746434225624423
603320,迪贝电气,2026-07-24,22.33066622413666,22.445182461183514,21.629254272224674,21.758085038902387,1491500.0,22924624.0,0.010000254582411328,15.6,15.68,15.11,15.2,2026-07-23,15.65,1.4314529630856834
603321,梅轮电梯,2026-07-24,6.481208555464441,6.504069961303822,6.309748011669085,6.435485743785679,3736978.0,20976293.0,0.010845511758207431,5.67,5.69,5.52,5.63,2026-07-23,5.7,1.1430702919690372
603322,超讯通信,2026-07-24,49.49164121506114,50.00883682261403,48.33789716744315,49.33250410504486,3846700.0,95259742.0,0.02441004003914135,24.88,25.14,24.3,24.8,2026-07-23,25.26,1.9892138752034219
603323,苏农银行,2026-07-24,8.674934523923426,8.715950762807225,8.572393926713929,8.592902046155828,31646098.0,133420567.0,0.014252459458484213,4.23,4.25,4.18,4.19,2026-07-23,4.21,2.050811944189935
603324,盛剑科技,2026-07-24,34.73687174967066,36.80685293400858,34.284063365596744,35.060306309723465,6721500.0,184648629.0,0.0455140785205375,26.85,28.45,26.5,27.1,2026-07-23,26.7,1.2937382402111979
603325,博隆技术,2026-07-24,64.93464905387329,65.66880298079818,63.66886642124418,63.66886642124418,360743.0,18416572.0,0.010553224976011608,51.3,51.88,50.3,50.3,2026-07-23,51.87,1.265782632629109
603326,我乐家居,2026-07-24,14.640926978228542,14.86929499002067,14.3618105193715,14.488681637033793,2604300.0,14991103.0,0.008159424304256577,5.77,5.86,5.66,5.71,2026-07-23,5.88,2.537422353245848
603327,福蓉科技,2026-07-24,21.690447447146482,23.006615374764593,21.637800730041757,22.26956133529845,37230453.0,316846893.0,0.035611573653135595,8.24,8.74,8.22,8.46,2026-07-23,8.41,2.6323358552362235
603328,依顿电子,2026-07-24,26.953046233046408,27.393352705931648,26.512739760161168,26.76434345895273,11365014.0,97517123.0,0.011382741356177957,8.57,8.71,8.43,8.51,2026-07-23,8.68,3.145046234894563
603329,上海雅仕,2026-07-24,13.136444244868546,13.280169017788332,12.73401488069314,12.820249744445013,3600150.0,32407645.0,0.01744401949514721,9.14,9.24,8.86,8.92,2026-07-23,9.19,1.4372477291978714
603330,天洋新材,2026-07-24,32.68090758795486,33.98164022827147,31.976344074450036,32.57251320126181,15206529.0,91948657.0,0.035145493688246314,6.03,6.27,5.9,6.01,2026-07-23,6.09,5.419719334652548
603331,百达精工,2026-07-24,16.93113008731052,18.180018301033705,16.88370395261217,17.199878183934498,14031400.0,156087163.0,0.06940203220134794,10.71,11.5,10.68,10.88,2026-07-23,10.91,1.5808711566116265
603332,苏州龙杰,2026-07-24,21.222254927747016,21.32618369820611,20.59868230499245,20.681825321359725,2356782.0,23610209.0,0.010893518262756773,10.21,10.26,9.91,9.95,2026-07-23,10.2,2.078575409181882
603333,尚纬股份,2026-07-24,12.52117485897477,12.747461151606842,12.370317330553386,12.475917600448353,16389100.0,136563311.0,0.02636906288500604,8.3,8.45,8.2,8.27,2026-07-23,8.4,1.5085752842138276
603334,丰倍生物,2026-07-24,31.648154385696067,32.063276960399136,30.75860601133234,30.78825762381113,1035669.0,32881782.0,0.03255111002544795,32.02,32.44,31.12,31.15,2026-07-23,32.1,0.9883870826263605
603335,迪生力,2026-07-24,9.803252741014512,10.05370080374116,9.552804678287863,9.892698477702602,15495800.0,84967625.0,0.036192912394550816,5.48,5.62,5.34,5.53,2026-07-23,5.53,1.7889147337617723
603336,宏辉果蔬,2026-07-24,33.694245382704736,35.84763700490767,33.5253519221398,35.045393067224225,20620863.0,169600430.0,0.03387583575208095,7.98,8.49,7.94,8.3,2026-07-23,8.13,4.2223365141234
603337,杰克科技,2026-07-24,98.16586109515794,98.68252352197456,96.43504196532226,97.59753242565965,1666600.0,62723319.0,0.0035685089733387054,38.0,38.2,37.33,37.78,2026-07-23,38.46,2.5833121340831036
603338,浙江鼎力,2026-07-24,413.88453605048943,426.9083714164732,405.1060392844672,410.14288169120124,8502705.0,491511421.0,0.01679222003811336,57.52,59.33,56.3,57.0,2026-07-23,58.1,7.195489152477215
603339,四方科技,2026-07-24,19.62303244667631,20.037968815592812,19.51929835444718,19.64032146204783,5642607.0,64664960.0,0.01823482928540457,11.35,11.59,11.29,11.36,2026-07-23,11.46,1.7289015371520977
603341,龙旗科技,2026-07-24,38.27438221111624,39.31303573109226,37.81737466232679,38.08742457752056,8389100.0,310632703.0,0.031512756047434844,36.85,37.85,36.41,36.67,2026-07-23,37.19,1.0386535199760174
603344,星德胜,2026-07-24,21.343947740518683,22.324559220288354,20.905802185727975,22.042894220780045,2853600.0,59094148.0,0.052814144773979665,20.46,21.4,20.04,21.13,2026-07-23,20.59,1.0432037018826334
603345,安井食品,2026-07-24,98.3678962603729,98.59455039922169,95.87470073303625,95.87470073303625,3092115.0,265179980.0,0.010542706479137305,86.8,87.0,84.6,84.6,2026-07-23,87.12,1.1332706942439275
603348,文灿股份,2026-07-24,13.950434564941187,14.035758323748166,13.63047046941501,13.63047046941501,1716400.0,22235147.0,0.005457947487651187,13.08,13.16,12.78,12.78,2026-07-23,13.2,1.0665469850872467
603350,安乃达,2026-07-24,29.260685987466655,29.260685987466655,28.457667161494825,28.534668966725,480855.0,12558513.0,0.010897687225917574,26.6,26.6,25.87,25.94,2026-07-23,26.56,1.1000257890025058
603351,威尔药业,2026-07-24,49.627805491621345,49.627805491621345,48.6141311666861,49.14208654425654,681100.0,15848323.0,0.005028827266849289,23.5,23.5,23.02,23.27,2026-07-23,23.5,2.1118215102817595
603352,至信股份,2026-07-24,24.259552735942417,24.518906506968115,23.750820338930467,23.750820338930467,858771.0,20696650.0,0.018943477662595912,24.32,24.58,23.81,23.81,2026-07-23,24.62,0.9975145039450007
603353,和顺石油,2026-07-24,42.43621043124208,43.02784327629109,38.72505894866198,38.72505894866198,8062100.0,242544451.0,0.0473077961248225,31.56,32.0,28.8,28.8,2026-07-23,30.86,1.3446201023840965
603355,莱克电气,2026-07-24,48.35124864669217,49.70184218430928,47.5987751043055,48.370542840086706,1819117.0,45830090.0,0.0031725268432833925,25.06,25.76,24.67,25.07,2026-07-23,25.03,1.9294193394529997
603356,华菱精工,2026-07-24,14.150723053490742,14.532601636643413,14.002214715598035,14.002214715598035,2583244.0,34651726.0,0.019373361331933403,13.34,13.7,13.2,13.2,2026-07-23,13.55,1.0607738420907602
603357,设计总院,2026-07-24,12.632969384882665,12.698312329976886,12.371597604505782,12.371597604505782,2328465.0,13336261.0,0.004153943495953559,5.8,5.83,5.68,5.68,2026-07-23,5.82,2.178098169807356
603358,华达科技,2026-07-24,108.81170531368011,108.81170531368011,103.62222398333536,103.62222398333536,5631444.0,177383428.0,0.01219532702082146,32.5,32.5,30.95,30.95,2026-07-23,32.8,3.348052471190157
603360,百傲化学,2026-07-24,84.82522582117713,84.89368847317161,82.0182570894029,82.15518239339188,7285100.0,88240396.0,0.010315570653485928,12.39,12.4,11.98,12.0,2026-07-23,12.36,6.8462651994493235
603363,傲农生物,2026-07-24,3.6412246513104267,3.6412246513104267,3.5097724978335156,3.5097724978335156,26472200.0,71536519.0,0.012332212529777255,2.77,2.77,2.67,2.67,2026-07-23,2.78,1.314521534769107
603365,水星家纺,2026-07-24,25.376969893749752,25.630739592687252,24.96811871212823,25.010413661951144,1273441.0,22758710.0,0.004876586208520769,18.0,18.18,17.71,17.74,2026-07-23,18.02,1.4098316607638752
603366,日出东方,2026-07-24,16.921087788482577,17.155740777845203,16.582144581625453,16.60821713599908,7602216.0,49099270.0,0.009350265981372731,6.49,6.58,6.36,6.37,2026-07-23,6.53,2.6072554373624928
603367,XD辰欣药,2026-07-24,17.289282804670034,17.407864991258993,16.316908874640582,16.411774623911747,18138729.0,258074417.0,0.04006308907676466,14.58,14.68,13.76,13.84,2026-07-23,14.79,1.1858218658895772
603368,柳药集团,2026-07-24,49.11078220245124,49.39929201956747,48.24525275110256,48.30936604379505,3137729.0,47661620.0,0.007899394014050782,15.32,15.41,15.05,15.07,2026-07-23,15.38,3.2056646346247546
603369,今世缘,2026-07-24,75.82675236707024,76.39946197709342,73.0204752779566,73.07774623895892,11113402.0,287835221.0,0.008913539998555518,26.48,26.68,25.5,25.52,2026-07-23,26.59,2.8635480501159454
603370,XD华新精,2026-07-24,33.44144831319299,33.66957602261632,32.30080976607633,32.34228753142603,849282.0,26947308.0,0.024272134895684482,32.25,32.47,31.15,31.19,2026-07-23,32.61,1.0369441337424183
603373,安邦护卫,2026-07-24,35.113971467899425,35.134362856672894,33.93127091903871,34.27792452818754,1733340.0,58323947.0,0.02725285187288713,34.44,34.46,33.28,33.62,2026-07-23,34.78,1.019569438673038
603375,盛景微,2026-07-24,33.31128014922237,34.59132026388235,32.87788074032174,33.996655958646606,1748400.0,58777811.0,0.027412582842749122,33.05,34.32,32.62,33.73,2026-07-23,33.45,1.007905602094474
603376,大明电子,2026-07-24,24.023513295243745,25.055451151568647,23.899680752484755,23.930638888174503,1082928.0,25562356.0,0.03384065398365041,23.28,24.28,23.16,23.19,2026-07-23,23.72,1.031937856324903
603379,三美股份,2026-07-24,93.64896030617444,94.4320553997332,91.94457686725244,92.28238259388561,9289824.0,562923455.0,0.015217269450646182,60.99,61.5,59.88,60.1,2026-07-23,62.11,1.535480575605418
603380,易德龙,2026-07-24,38.242321439554615,39.13540559293344,37.47518505139588,37.49808464507227,2205000.0,73345992.0,0.013743352704916193,33.4,34.18,32.73,32.75,2026-07-23,34.05,1.1449796838190005
603381,永臻股份,2026-07-24,14.279362824475681,14.330950117916707,13.794442266130048,13.835712100882867,3695500.0,50081560.0,0.025999438319264604,13.84,13.89,13.37,13.41,2026-07-23,13.95,1.0317458688204972
603382,海阳科技,2026-07-24,16.821335131495797,16.851882350257597,16.169661131244148,16.20020835000594,1449600.0,23366654.0,0.012552183216570726,16.52,16.55,15.88,15.91,2026-07-23,16.46,1.0182406253932081
603383,顶点软件,2026-07-24,73.90336541169535,77.89452215194275,73.71586140376426,76.58199409642515,9570642.0,272264599.0,0.04660050478351308,27.59,29.08,27.52,28.59,2026-07-23,27.85,2.678628684729806
603385,惠达卫浴,2026-07-24,7.115373014162413,7.176844919252369,6.88485337007508,6.977061227710013,4156550.0,18912444.0,0.010919181825000509,4.63,4.67,4.48,4.54,2026-07-23,4.64,1.5367976272489015
603386,骏亚科技,2026-07-24,17.823388475205665,18.304682066435085,17.435248482278713,17.869965274356897,9204600.0,106094060.0,0.02820705991029244,11.48,11.79,11.23,11.51,2026-07-23,11.51,1.5525599717078105
603387,基蛋生物,2026-07-24,38.118139189983935,38.24882995292102,36.28846850886471,36.3320320965104,12301664.0,105082698.0,0.024256292399920398,8.75,8.78,8.33,8.34,2026-07-23,8.78,4.356358764569593
603390,通达电气,2026-07-24,9.620348898167775,9.726416691973371,9.471853986839935,9.556708221884415,4744500.0,42902571.0,0.013514246091866315,9.07,9.17,8.93,9.01,2026-07-23,9.09,1.0606779380559839
603391,力聚热能,2026-07-24,56.66362067701773,56.66362067701773,53.82059841225035,54.89219911204729,954665.0,47663838.0,0.0419632967032967,51.82,51.82,49.22,50.2,2026-07-23,51.32,1.0934701018336113
603392,万泰生物,2026-07-24,83.23044897959181,83.68588235294116,80.98174669867946,81.20946338535413,3393900.0,97879701.0,0.0026842133150893825,29.24,29.4,28.45,28.53,2026-07-23,29.24,2.846458583433373
603393,新天然气,2026-07-24,71.60739367597093,71.77264150753085,69.15621750783193,69.34900664465184,8807993.0,224780398.0,0.02077742363738166,26.0,26.06,25.11,25.18,2026-07-23,25.72,2.7541305259988818
603395,红四方,2026-07-24,29.335085503569395,29.64995225316048,28.6922325564876,28.731590900186482,2429140.0,53899747.0,0.03737138461538462,22.36,22.6,21.87,21.9,2026-07-23,22.5,1.3119447899628531
603396,金辰股份,2026-07-24,33.771587117761236,34.295990644434546,33.09735401203841,33.12731992784831,2335125.0,52325909.0,0.01685676396996125,22.54,22.89,22.09,22.11,2026-07-23,22.77,1.4982957904951746
603399,永杉锂业,2026-07-24,19.818830534177902,20.707763374313824,19.39622311837558,19.74596718662578,91427751.0,1259196482.0,0.17846851426718116,13.6,14.21,13.31,13.55,2026-07-23,13.72,1.457266951042493
603400,华之杰,2026-07-24,37.941990815206196,41.602880199267986,36.98831374876993,40.915822527749384,6200603.0,243039215.0,0.17114518807924078,37.0,40.57,36.07,39.9,2026-07-23,37.24,1.025459211221789
603402,陕西旅游,2026-07-24,59.43524309757549,60.05485669843233,57.50967467645115,57.557337261132446,1205998.0,73876294.0,0.047984004032254536,62.35,63.0,60.33,60.38,2026-07-23,63.21,0.95325169362591
603406,天富龙,2026-07-24,27.437263909206905,27.560209079823217,26.617629438431493,26.648365731085573,852489.0,22485296.0,0.02325231503990326,26.78,26.9,25.98,26.01,2026-07-23,27.0,1.0245430884692646
603407,长裕集团,2026-07-24,54.19915773961732,57.435471083344886,52.371913407905964,53.799163955561106,8254909.0,495545415.0,0.2298649710102408,59.62,63.18,57.61,59.18,2026-07-23,64.01,0.9090767819459463
603408,XD建霖家,2026-07-24,12.891723186320814,12.970975582958033,12.733218393046378,12.746427125819249,1754600.0,17035545.0,0.003920254349569791,9.76,9.82,9.64,9.65,2026-07-23,9.82,1.3208732772869687
603409,汇通控股,2026-07-24,16.777015930092766,16.828732995228687,16.34259258295103,16.5598042565219,1978830.0,31713341.0,0.03672796984417317,16.22,16.27,15.8,16.01,2026-07-23,16.38,1.0343413027184196
603416,信捷电气,2026-07-24,74.4771947048998,75.1853024086227,73.61172973368292,73.95791572216967,1647400.0,77760937.0,0.011805416015866295,47.33,47.78,46.78,47.0,2026-07-23,48.24,1.5735726749397803
603418,友升股份,2026-07-24,44.02515117502445,44.188094135653735,43.44466687778262,43.44466687778262,537339.0,23055666.0,0.012990306786873766,43.23,43.39,42.66,42.66,2026-07-23,43.49,1.0183935039330199
603421,鼎信通讯,2026-07-24,8.068655711791228,8.129551226597199,7.9164169247763,7.962088560880779,7272100.0,38225122.0,0.01115026955674306,5.3,5.34,5.2,5.23,2026-07-23,5.34,1.5223878701492883
603435,嘉德利,2026-07-24,44.420944868723346,44.53707805792263,42.79508021993347,42.90153564336614,2509447.0,112654733.0,0.07031717118539574,45.9,46.02,44.22,44.33,2026-07-23,46.87,0.9677765766606393
603439,三力制药,2026-07-24,10.828771181252671,10.948486239537878,10.502275567747567,10.534925129098077,6858700.0,67263823.0,0.016983697334393266,9.95,10.06,9.65,9.68,2026-07-23,10.09,1.0883187116836857
603444,吉比特,2026-07-24,479.7534457686114,488.5613116691252,478.6524625310472,478.6524625310472,1194753.0,418768297.0,0.01658432455106426,348.6,355.0,347.8,347.8,2026-07-23,358.68,1.3762290469552823
603456,九洲药业,2026-07-24,59.453303918429704,60.02184644223982,56.77303202046771,56.77303202046771,24786540.0,354168200.0,0.02811189530896432,14.64,14.78,13.98,13.98,2026-07-23,14.78,4.061018027215144
603458,勘设股份,2026-07-24,21.563887358439572,22.16447308062423,21.335092797607324,22.021476480104074,15112091.0,115263424.0,0.04936583092460214,7.54,7.75,7.46,7.7,2026-07-23,7.55,2.8599320104031265
603459,红板科技,2026-07-24,79.04855741790854,84.52362310310012,76.24672011256722,77.24803246103346,19014757.0,1649938197.0,0.24053523194862794,86.05,92.01,83.0,84.09,2026-07-23,89.04,0.9186351820791231
603466,风语筑,2026-07-24,49.5626285173773,49.90443974853162,46.291006733471605,46.38866708522998,63832428.0,625712968.0,0.10731232423883286,10.15,10.22,9.48,9.5,2026-07-23,10.5,4.883017587918945
603477,巨星农牧,2026-07-24,15.2859434839241,15.511037698546811,14.835755054678678,14.856218165098925,9391197.0,137982564.0,0.018411555338297705,14.94,15.16,14.5,14.52,2026-07-23,15.03,1.0231555210123227
603486,科沃斯,2026-07-24,82.09375149978139,83.54282366486487,81.11753446225147,81.30057515678833,2938020.0,157775080.0,0.00512428097587796,53.82,54.77,53.18,53.3,2026-07-23,54.54,1.525339121140494
603488,展鹏科技,2026-07-24,13.234538776945865,13.506714381613133,12.69018756761133,12.792253419361554,15529800.0,119277236.0,0.05318598787001383,7.78,7.94,7.46,7.52,2026-07-23,7.71,1.7010975291704196
603489,八方股份,2026-07-24,53.72119838082723,54.2522151687761,52.570662006938015,53.19018159287835,2018152.0,48759950.0,0.008601864224565672,24.28,24.52,23.76,24.04,2026-07-23,24.42,2.2125699497869533
603496,恒为科技,2026-07-24,67.87190950754677,71.3449266937719,67.03730847829887,70.69878396145094,32746561.0,854543691.0,0.10226613289860592,25.21,26.5,24.9,26.26,2026-07-23,25.48,2.6922613846706374
603499,翔港科技,2026-07-24,31.222242355219976,31.222242355219976,29.20609755739411,29.31810560171777,4928540.0,52946928.0,0.011634008529654877,11.15,11.15,10.43,10.47,2026-07-23,11.16,2.8002011080914775
603500,祥和实业,2026-07-24,25.601525127916826,25.72748589115381,25.19215264739663,25.444074173870597,5941480.0,48033909.0,0.0178632531514046,8.13,8.17,8.0,8.08,2026-07-23,8.21,3.1490190809245786
603501,豪威集团,2026-07-24,131.71549810246015,137.72769554994917,131.41143294419635,133.9268810716515,20858961.0,2037453433.0,0.017285067255142422,95.3,99.65,95.08,96.9,2026-07-23,96.66,1.3821143557445976
603505,金石资源,2026-07-24,60.47143513745054,62.86557880189622,60.3169742558734,61.282354765730524,21532336.0,344398791.0,0.0255829082263976,15.66,16.28,15.62,15.87,2026-07-23,15.96,3.8615220394285146
603506,南都物业,2026-07-24,24.603715194395626,24.603715194395626,23.723045299294213,24.025775575735327,2614400.0,22967324.0,0.013922840146064354,8.94,8.94,8.62,8.73,2026-07-23,8.98,2.7520934221919044
603507,振江股份,2026-07-24,30.404538066478324,31.961946338457597,30.109893258266027,31.386687427185972,10682170.0,238539154.0,0.04520523352998158,21.67,22.78,21.46,22.37,2026-07-23,21.84,1.403070515296646
603508,思维列控,2026-07-24,59.71639195313996,59.71639195313996,57.304411630132535,57.35742218668214,6063902.0,133304345.0,0.01590429980559643,22.53,22.53,21.62,21.64,2026-07-23,22.55,2.6505278274806905
603511,爱慕股份,2026-07-24,13.421525379891264,13.552758072494644,13.003966812516868,13.087478525991749,2123400.0,23567016.0,0.005283570634347371,11.25,11.36,10.9,10.97,2026-07-23,11.37,1.1930244782125567
603515,欧普照明,2026-07-24,28.366649528174573,28.600119894661603,27.782973611956987,27.84967943095328,907664.0,15309623.0,0.0012303128763920446,17.01,17.15,16.66,16.7,2026-07-23,16.96,1.6676454749073821
603516,淳中科技,2026-07-24,191.83237489606,192.44364166586394,185.90941067830448,187.72213282324034,4736713.0,424993731.0,0.02330276530751756,91.01,91.3,88.2,89.06,2026-07-23,91.73,2.107816447599824
603518,锦泓集团,2026-07-24,11.99732232826871,12.125807707955659,11.772472913816554,11.836715603660027,3558950.0,26358464.0,0.010343560296613416,7.47,7.55,7.33,7.37,2026-07-23,7.55,1.6060672460868421
603519,立霸股份,2026-07-24,77.24494404522159,85.35509602647467,77.24494404522159,83.37009379330084,11759957.0,171044376.0,0.04415594345734169,13.62,15.05,13.62,14.7,2026-07-23,14.4,5.671434951925227
603520,司太立,2026-07-24,26.21827112465124,26.404878036570466,24.88092158923012,24.88092158923012,12235180.0,100414328.0,0.027908084489546438,8.43,8.49,8.0,8.0,2026-07-23,8.52,3.110115198653765
603527,众源新材,2026-07-24,20.46825099711134,20.46825099711134,19.71186546194373,19.91815242608035,6748786.0,58957340.0,0.021291480109233898,8.93,8.93,8.6,8.69,2026-07-23,9.02,2.2920773792957827
603528,多伦科技,2026-07-24,18.317717642679696,18.449027446569875,17.79247842711899,17.825305878091534,7184600.0,39498912.0,0.010177494463683687,5.58,5.62,5.42,5.43,2026-07-23,5.63,3.282745097254426
603529,爱玛科技,2026-07-24,50.039689133364014,50.587742871491336,49.682262782411414,49.70609120580825,3490942.0,73400098.0,0.004118811650356729,21.0,21.23,20.85,20.86,2026-07-23,21.23,2.3828423396840006
603530,神马电力,2026-07-24,48.62867740535681,48.62867740535681,46.08415358763466,46.11677568786186,2883800.0,124513790.0,0.006746286888191633,44.72,44.72,42.38,42.41,2026-07-23,44.76,1.0874033409069055
603533,掌阅科技,2026-07-24,19.816034779751007,19.989006168990514,19.329552747514896,19.372795594824776,17328583.0,314026515.0,0.03948213251526409,18.33,18.49,17.88,17.92,2026-07-23,18.87,1.0810711827469182
603535,嘉诚国际,2026-07-24,20.099371623496125,20.13292650099779,19.36116431845954,19.428274073462866,4511498.0,26358903.0,0.008830174464810893,5.99,6.0,5.77,5.79,2026-07-23,5.99,3.355487750166298
603536,惠发食品,2026-07-24,16.323813143533922,16.551394822341113,15.930717516503321,16.034163734142954,4204500.0,32778010.0,0.017479983766002946,7.89,8.0,7.7,7.75,2026-07-23,7.98,2.068924352792639
603538,美诺华,2026-07-24,46.902500786973974,47.836547744324804,43.633336436246054,43.650015846198755,73347528.0,1989744934.0,0.21770016225604877,28.12,28.68,26.16,26.17,2026-07-23,28.86,1.6679409952693447
603551,奥普科技,2026-07-24,12.996587936439813,13.01085422396609,12.711262185914242,12.72552847344052,1490400.0,13414819.0,0.003923306517666659,9.11,9.12,8.91,8.92,2026-07-23,9.1,1.426628752627861
603556,海兴电力,2026-07-24,37.99272114048291,38.12361768187993,36.618307455814275,36.618307455814275,6154600.0,140143283.0,0.012656906224449973,23.22,23.3,22.38,22.38,2026-07-23,23.41,1.6362067674626577
603558,健盛集团,2026-07-24,61.05446661019663,63.20110770932864,60.50532586390704,62.20266998880213,5424800.0,67300623.0,0.015832450645316392,12.23,12.66,12.12,12.46,2026-07-23,12.42,4.992188602632594
603565,中谷物流,2026-07-24,43.83993266898481,44.55311817651853,43.63017222559254,43.7560284916279,10831795.0,113754329.0,0.005157842630788795,10.45,10.62,10.4,10.43,2026-07-23,10.41,4.1952088678454365
603566,普莱柯,2026-07-24,24.7173422167535,24.959906909754025,24.135186953552243,24.135186953552243,2486800.0,25048721.0,0.0071859899041927635,10.19,10.29,9.95,9.95,2026-07-23,10.26,2.4256469300052506
603567,珍宝岛,2026-07-24,15.325451010315946,15.557654813502552,13.583922486416407,13.583922486416407,102146257.0,632623216.0,0.10873525552857016,6.6,6.7,5.85,5.85,2026-07-23,6.5,2.3220380318660525
603568,伟明环保,2026-07-24,72.62788097577788,74.26755425145946,71.51869023046387,72.04917276083144,9808856.0,148401601.0,0.004788410983703446,15.06,15.4,14.83,14.94,2026-07-23,15.02,4.822568457886978
603569,长久物流,2026-07-24,9.379946143973825,9.481350967151922,9.177136497617635,9.227838909206683,3066800.0,16874096.0,0.0050816290855136715,5.55,5.61,5.43,5.46,2026-07-23,5.58,1.6900803863015903
603577,汇金通,2026-07-24,20.81858032905146,20.91069794112691,20.05861002942901,20.21981585056104,4205900.0,37155163.0,0.012401695941281909,9.04,9.08,8.71,8.78,2026-07-23,9.14,2.3029403018862236
603578,三星新材,2026-07-24,21.17728635296185,21.99409608059255,20.619465075555514,21.91440732667736,2581464.0,27596104.0,0.01431307652035436,10.63,11.04,10.35,11.0,2026-07-23,10.79,1.99221884787976
603579,荣泰健康,2026-07-24,54.76997844845285,55.494100759670374,53.650880331116674,53.650880331116674,2095900.0,34676281.0,0.010424647381912901,16.64,16.86,16.3,16.3,2026-07-23,16.67,3.291465050988753
603583,捷昌驱动,2026-07-24,72.93896705344497,73.75252910552116,71.53087888639006,71.78120567164427,2882900.0,66580456.0,0.007541982904742825,23.31,23.57,22.86,22.94,2026-07-23,23.51,3.129084815677605
603585,苏利股份,2026-07-24,20.167810022643263,20.379656766578588,19.53226979083728,19.57463913962434,3034591.0,28544841.0,0.011206187967074597,9.52,9.62,9.22,9.24,2026-07-23,9.61,2.118467439353284
603586,金麒麟,2026-07-24,15.889233961233224,16.127374020602247,15.677553908460757,15.809853941443547,1142300.0,13695644.0,0.005826492233366954,12.01,12.19,11.85,11.95,2026-07-23,12.18,1.323000329827912
603587,地素时尚,2026-07-24,20.12340251774502,20.33522780740549,19.187840821744594,19.735056153367484,1605300.0,18090602.0,0.003396002824920937,11.4,11.52,10.87,11.18,2026-07-23,11.48,1.7652107471706158
603588,高能环境,2026-07-24,87.56290895968736,88.62213769710294,85.65629723233934,87.35106321220425,58793142.0,724469014.0,0.03859756567993656,12.4,12.55,12.13,12.37,2026-07-23,12.75,7.06152491610382
603589,口子窖,2026-07-24,24.339363297152126,24.514286852675806,23.4397564401732,23.527218217935033,5118234.0,97709914.0,0.008557210122060697,19.48,19.62,18.76,18.83,2026-07-23,19.56,1.2494539680262897
603590,康辰药业,2026-07-24,35.74387640607184,36.32821491610325,34.78467922922784,34.80672973904035,2527800.0,81138939.0,0.015976137346545606,32.42,32.95,31.55,31.57,2026-07-23,32.96,1.1025254906252882
603596,伯特利,2026-07-24,52.53744868217239,54.85527730050352,52.206330308125075,53.420431012965196,18270267.0,445573900.0,0.020353630233804383,23.8,24.85,23.65,24.2,2026-07-23,24.34,2.207455826982033
603598,引力传媒,2026-07-24,30.829886625715698,30.871048023079805,29.924335883705353,30.08898147316178,6326800.0,93261400.0,0.023484528191790068,14.98,15.0,14.54,14.62,2026-07-23,15.19,2.0580698682053202
603599,广信股份,2026-07-24,48.22404209107316,48.81827199361719,46.807032323468164,46.89845230847494,11599344.0,121116121.0,0.012742760221151905,10.55,10.68,10.24,10.26,2026-07-23,10.68,4.570999250338688
603600,XD永艺股,2026-07-24,33.0271997155481,33.31850908459373,32.29892629293403,32.444580977456845,3180250.0,28538772.0,0.00962448775950671,9.07,9.15,8.87,8.91,2026-07-23,9.1,3.641367113070353
603601,再升科技,2026-07-24,114.67655976265476,117.65701490500098,112.26381036170783,112.68958966775729,53524068.0,431163354.0,0.04685472145251455,8.08,8.29,7.91,7.94,2026-07-23,8.25,14.192643534982025
603602,纵横通信,2026-07-24,26.041128828047565,26.200890354600006,25.32220195856159,25.615098090574396,2489800.0,24100783.0,0.010775673001975863,9.78,9.84,9.51,9.62,2026-07-23,9.87,2.6626921092073177
603605,珀莱雅,2026-07-24,120.13785186729432,120.96839353246746,116.69110395682581,116.79492166497245,3237717.0,184814411.0,0.008176547566895896,57.86,58.26,56.2,56.25,2026-07-23,58.28,2.0763541629328435
603606,东方电缆,2026-07-24,209.06591418908675,216.3112924306975,205.81074425445004,206.07325795885623,23012914.0,925980698.0,0.02790091801286118,39.82,41.2,39.2,39.25,2026-07-23,40.06,5.250274088123725
603607,京华激光,2026-07-24,45.87340921298011,45.87340921298011,44.03560873982742,44.751634898198596,3207600.0,60135972.0,0.017968056787932566,19.22,19.22,18.45,18.75,2026-07-23,19.3,2.3867538612372585
603608,天创时尚,2026-07-24,30.70707858939376,31.84958580651488,27.965061268303078,29.318492894738863,21251879.0,359981511.0,0.05000092887629938,17.47,18.12,15.91,16.68,2026-07-23,17.55,1.7577034109555674
603609,禾丰股份,2026-07-24,10.37729992018877,10.476921999422583,10.21126312146575,10.227866801338052,2171400.0,13474110.0,0.0024019466905155175,6.25,6.31,6.15,6.16,2026-07-23,6.27,1.6603679872302033
603610,麒盛科技,2026-07-24,36.06668742431537,37.35980326337889,35.054683724178695,35.2233510075348,5327700.0,68004897.0,0.015092992816393225,12.83,13.29,12.47,12.53,2026-07-23,12.91,2.81112138926854
603611,诺力股份,2026-07-24,60.92419655287643,61.26266431150352,59.79597069078613,59.83357821952247,1583300.0,25375262.0,0.006146332058429122,16.2,16.29,15.9,15.91,2026-07-23,16.3,3.7607528736343476
603612,索通发展,2026-07-24,25.89381639445592,26.462375725576347,25.40647982492413,25.40647982492413,11752067.0,187102074.0,0.023593579193395657,15.94,16.29,15.64,15.64,2026-07-23,16.17,1.6244552317726426
603613,国联股份,2026-07-24,82.48359769910236,82.52921915800674,79.74631016484012,79.79193162374449,6735990.0,119314349.0,0.0093485586439306,18.08,18.09,17.48,17.49,2026-07-23,18.17,4.562145890437078
603615,茶花股份,2026-07-24,16.65034615395731,16.822472406410352,16.420844484019927,16.615920903466705,2962500.0,42843171.0,0.012250847737986932,14.51,14.66,14.31,14.48,2026-07-23,14.85,1.1475083496869272
603616,韩建河山,2026-07-24,9.63958903316804,9.762647616570183,9.455001158064821,9.557549977566609,10949500.0,51181287.0,0.028492582482636947,4.7,4.76,4.61,4.66,2026-07-23,4.8,2.050976390035753
603617,君禾股份,2026-07-24,18.274668564078627,18.735374494265482,18.121099920683008,18.336096021436873,6278095.0,37725604.0,0.016233947366248294,5.95,6.1,5.9,5.97,2026-07-23,5.99,3.071372867912374
603618,杭电股份,2026-07-24,92.43538326417172,94.18738067251462,86.19827249047098,86.3384322831384,83049278.0,2125831207.0,0.12012179208819537,26.38,26.88,24.6,24.64,2026-07-23,27.32,3.503994816685812
603619,XD中曼石,2026-07-24,25.921787709497202,25.95226003047232,23.037074657186388,23.057389537836464,96159378.0,2293647357.0,0.20798481223477533,25.52,25.55,22.68,22.7,2026-07-23,23.47,1.015744032503809
603626,科森科技,2026-07-24,28.02216581126432,28.663894799308544,27.508782620828942,27.594346485901507,14446500.0,188885744.0,0.026035373541965466,13.1,13.4,12.86,12.9,2026-07-23,13.33,2.1390966268140703
603628,清源股份,2026-07-24,9.568789333929171,9.610896217686836,9.30562131044377,9.347728194201435,2759100.0,24629113.0,0.010137277311167418,9.09,9.13,8.84,8.88,2026-07-23,9.09,1.052672093941603
603629,利通电子,2026-07-24,211.59647405903934,215.69847588071016,201.59204427677423,201.59204427677423,43539460.0,4847215432.0,0.12070040368880978,114.0,116.21,108.61,108.61,2026-07-23,120.68,1.8561094215705205
603630,拉芳家化,2026-07-24,19.565211792225753,20.165021204834133,18.73690355576656,18.73690355576656,9271076.0,126254410.0,0.04116735103699934,13.7,14.12,13.12,13.12,2026-07-23,13.87,1.4281176490675733
603633,徕木股份,2026-07-24,15.898370373889117,16.13174094818474,15.664999799593497,15.898370373889117,9121232.0,49781893.0,0.02137066731987098,5.45,5.53,5.37,5.45,2026-07-23,5.5,2.9171321786952507
603636,南威软件,2026-07-24,30.729217274034585,31.083007604492224,29.920553661559993,30.62813432247526,19029809.0,114572398.0,0.032789633763563204,6.08,6.15,5.92,6.06,2026-07-23,6.15,5.054147577966215
603637,镇海股份,2026-07-24,30.123079941154685,31.664260775353302,29.618693486326052,30.03901553201658,6869766.0,74955394.0,0.02878161911523571,10.75,11.3,10.57,10.72,2026-07-23,10.9,2.8021469712702034
603638,艾迪精密,2026-07-24,92.01831319338024,92.99723141884172,90.01153083118417,91.62674590319563,8571744.0,160101949.0,0.009732941887972267,18.8,19.0,18.39,18.72,2026-07-23,19.04,4.894591127307459
603639,海利尔,2026-07-24,34.54634826903804,34.817034641371336,33.9373039312881,34.17415450707974,1853608.0,18849876.0,0.005453739775870857,10.21,10.29,10.03,10.1,2026-07-23,10.28,3.383579654166311
603648,畅联股份,2026-07-24,10.869743981980005,10.882295649395685,10.568503964003654,10.656365635913422,1839300.0,15721326.0,0.005075151871015593,8.66,8.67,8.42,8.49,2026-07-23,8.68,1.2551667415681298
603650,彤程新材,2026-07-24,69.63309029792029,72.20225011807257,69.0461701665924,70.25323232347428,15176689.0,967670625.0,0.024694130799614456,62.88,65.2,62.35,63.44,2026-07-23,64.11,1.107396474203567
603655,朗博科技,2026-07-24,26.406381067476776,26.449058046979765,25.542172232541173,26.24634239434055,1240300.0,30082514.0,0.011700943396226415,24.75,24.79,23.94,24.6,2026-07-23,24.82,1.0669244875748192
603656,泰禾智能,2026-07-24,34.97929935805651,35.165139791481835,34.215288687307925,34.23593762435518,1068800.0,17911967.0,0.005842181576424584,16.94,17.03,16.57,16.58,2026-07-23,17.03,2.0648937047258857
603657,春光科技,2026-07-24,31.021992780093758,31.595000342989287,30.27389957298016,31.24482905455313,1750100.0,34060036.0,0.012945479345558345,19.49,19.85,19.02,19.63,2026-07-23,19.68,1.5916876747097877
603658,安图生物,2026-07-24,50.06650077502197,50.330991301179644,48.86851427419019,48.94630560541303,1896500.0,60315344.0,0.003318897090579035,32.18,32.35,31.41,31.46,2026-07-23,32.18,1.5558266244568668
603659,璞泰来,2026-07-24,104.03457562464237,105.38284980706875,102.64280872665384,103.64314118458309,29211607.0,697338144.0,0.013623646392222813,23.92,24.23,23.6,23.83,2026-07-23,24.12,4.349271556214146
603660,苏州科达,2026-07-24,15.937310748595165,16.3674952289557,15.752945971297791,15.793915921808317,17683835.0,138620275.0,0.030943238861621425,7.78,7.99,7.69,7.71,2026-07-23,7.85,2.0484975255263707
603661,恒林股份,2026-07-24,45.20431275763586,45.20431275763586,43.54074286138882,43.716697369645715,1569205.0,43343191.0,0.011283803132318256,28.26,28.26,27.22,27.33,2026-07-23,28.3,1.599586438699075
603662,柯力传感,2026-07-24,124.04312204149035,126.38847518933365,120.9159845110326,120.9159845110326,5380443.0,253921442.0,0.01915908389060668,47.6,48.5,46.4,46.4,2026-07-23,48.69,2.6059479420481164
603663,三祥新材,2026-07-24,116.99507100719588,118.38167925617005,111.39086266759193,111.79529007354273,16725320.0,660139668.0,0.028196649608551085,40.5,40.98,38.56,38.7,2026-07-23,41.04,2.888767185362861
603665,康隆达,2026-07-24,35.7087970121215,37.78892110991499,35.08475978278345,37.1128807781321,3342000.0,70794974.0,0.020865629299419264,20.6,21.8,20.24,21.41,2026-07-23,20.8,1.7334367481612378
603666,亿嘉和,2026-07-24,58.94528115858708,59.40759708924267,56.778175233639026,57.067122690298774,2784900.0,55780507.0,0.013549819048683888,20.4,20.56,19.65,19.75,2026-07-23,20.64,2.889474566597406
603667,五洲新春,2026-07-24,76.21339521197913,77.63864571299055,73.75296276812783,73.75296276812783,16148102.0,808395238.0,0.04409606732357595,50.8,51.75,49.16,49.16,2026-07-23,52.75,1.5002636852751798
603668,天马科技,2026-07-24,16.860559185295898,17.03324647676541,16.169810019417856,16.4209915342826,5517200.0,57884146.0,0.010907939199575532,10.74,10.85,10.3,10.46,2026-07-23,10.81,1.569884467904646
603669,灵康药业,2026-07-24,16.33602278740999,16.995746784593855,15.456390791164836,15.613467933351469,50635600.0,258133839.0,0.07108435301998896,5.2,5.41,4.92,4.97,2026-07-23,5.29,3.14154284373269
603676,卫信康,2026-07-24,9.986773660340209,10.067966942131592,9.650401492918762,9.719995734454235,2784900.0,23596086.0,0.006399692987546003,8.61,8.68,8.32,8.38,2026-07-23,8.65,1.1599040255911974
603677,奇精机械,2026-07-24,37.752728126167064,38.07972025954332,36.56366582298071,36.623118938140024,2107300.0,26274606.0,0.010941280040460877,12.7,12.81,12.3,12.32,2026-07-23,12.86,2.972655757965911
603678,火炬电子,2026-07-24,125.9949109964725,126.22259549793439,118.39594076018197,119.59128439285689,24667715.0,1056650211.0,0.05187015528850257,44.27,44.35,41.6,42.02,2026-07-23,44.83,2.846056268273605
603679,华体科技,2026-07-24,22.432921569174848,22.9738168861981,21.8920262521516,22.859944187877414,3921320.0,61860128.0,0.02206879107567471,15.76,16.14,15.38,16.06,2026-07-23,15.96,1.4234087290085564
603680,今创集团,2026-07-24,20.459821661359147,21.17697004948926,19.995784469039663,20.016877068690548,12324317.0,119650738.0,0.015725433049378543,9.7,10.04,9.48,9.49,2026-07-23,9.7,2.109259965088572
603681,永冠新材,2026-07-24,18.563993553064815,18.915501123300363,17.97082452829233,18.31134748695802,5182100.0,86951815.0,0.021797173850306443,16.9,17.22,16.36,16.67,2026-07-23,17.07,1.0984611569860838
603682,锦和商管,2026-07-24,10.720635010347452,10.89931226051991,10.528213356315575,10.596935375612675,8279800.0,64335786.0,0.017523386243386244,7.8,7.93,7.66,7.71,2026-07-23,7.92,1.3744403859419811
603683,晶华新材,2026-07-24,29.95287065534246,32.71835026071218,29.836019404411342,30.770829411860262,53916317.0,862485004.0,0.18704972928027488,15.38,16.8,15.32,15.8,2026-07-23,15.88,1.9475208488519153
603685,晨丰科技,2026-07-24,48.543903126289806,49.856929122257654,47.801757998134065,49.476341877049585,1266190.0,32810057.0,0.006284889708819832,25.51,26.2,25.12,26.0,2026-07-23,25.82,1.9029362260403686
603686,福龙马,2026-07-24,40.7015114777075,41.134506280661824,39.602370824054184,39.602370824054184,9567800.0,115253447.0,0.023031053836878052,12.22,12.35,11.89,11.89,2026-07-23,12.31,3.330729253494885
603687,大胜达,2026-07-24,12.718687531809328,13.13096265439634,12.553777482774523,12.718687531809328,14327200.0,177791726.0,0.02604794546957374,12.34,12.74,12.18,12.34,2026-07-23,12.57,1.0306878064675307
603688,石英股份,2026-07-24,128.98841056897308,132.5637822905011,126.29313034812887,127.72327903674007,12734014.0,597533808.0,0.02350844451142475,46.9,48.2,45.92,46.44,2026-07-23,47.3,2.7502859396369526
603689,皖天然气,2026-07-24,13.295240683545781,13.366148633858026,13.011608882296805,13.047062857452927,2672160.0,19820854.0,0.005104920027724246,7.5,7.54,7.34,7.36,2026-07-23,7.5,1.7726987578061042
603690,至纯科技,2026-07-24,26.184364095874372,29.176862849688586,25.96508616994833,29.176862849688586,19075110.0,423157225.0,0.04980911403610128,20.3,22.62,20.13,22.62,2026-07-23,20.56,1.2898701525061267
603693,江苏新能,2026-07-24,17.316934482328325,17.316934482328325,15.85794866373846,15.939760952631348,16515978.0,199492966.0,0.018526556209238102,12.7,12.7,11.63,11.69,2026-07-23,12.92,1.3635381482148288
603696,安记食品,2026-07-24,25.175252667885832,25.341504336447343,24.462745516907933,24.58149670873758,3722200.0,38778108.0,0.015825680272108844,10.6,10.67,10.3,10.35,2026-07-23,10.6,2.375023836593003
603697,有友食品,2026-07-24,16.910195113748987,16.96492066427892,16.381181458626312,16.381181458626312,4390781.0,39882185.0,0.010266219601747237,9.27,9.3,8.98,8.98,2026-07-23,9.28,1.8241850176643999
603698,航天工程,2026-07-24,33.46430670252019,33.84031014861593,31.960292918137263,31.975333055981093,23292125.0,507329669.0,0.04345626784081793,22.25,22.5,21.25,21.26,2026-07-23,22.45,1.50401378438293
603699,纽威股份,2026-07-24,61.15032597274516,61.57695615395035,59.401142229803845,59.45802625396453,5474587.0,230503545.0,0.0072210505987996484,43.0,43.3,41.77,41.81,2026-07-23,43.19,1.4221006040173292
603700,宁水集团,2026-07-24,17.305756152293203,17.337538991875007,16.813122138775213,17.099167695011463,4515000.0,48408446.0,0.022579297517696544,10.89,10.91,10.58,10.76,2026-07-23,10.89,1.5891419790902848
603701,德宏股份,2026-07-24,61.038810325187114,63.447291062400026,60.032281061874244,61.757759798982015,4622830.0,79654198.0,0.017687467003846134,16.98,17.65,16.7,17.18,2026-07-23,16.91,3.594747368974506
603703,盛洋科技,2026-07-24,28.375581926512492,28.614894063242108,27.589270620115155,27.931145101157473,5967650.0,48977806.0,0.014380499092346436,8.3,8.37,8.07,8.17,2026-07-23,8.38,3.4187448104231914
603706,东方环宇,2026-07-24,24.602514710544682,24.932484060203272,23.968973559200183,23.968973559200183,743700.0,13715800.0,0.003926968751752074,18.64,18.89,18.16,18.16,2026-07-23,18.75,1.3198773986343713
603707,健友股份,2026-07-24,30.79159582569541,30.870145815046676,29.613345985426452,29.652620980102085,10220590.0,78457697.0,0.006325988640789518,7.84,7.86,7.54,7.55,2026-07-23,7.87,3.92749946756319
603708,家家悦,2026-07-24,18.310711969123965,18.410226708086597,17.85294416989587,17.872847117688394,2695190.0,24397884.0,0.004222194433072694,9.2,9.25,8.97,8.98,2026-07-23,9.18,1.9902947792526051
603709,中源家居,2026-07-24,16.05216849248374,16.334660070508818,15.50380248808212,15.852762672701331,3341216.0,32049969.0,0.020543371037543053,9.66,9.83,9.33,9.54,2026-07-23,9.77,1.6617151648533892
603711,香飘飘,2026-07-24,11.367174291126545,11.400771850607708,11.087194628783527,11.120792188264689,3145700.0,31449263.0,0.007619029626707027,10.15,10.18,9.9,9.93,2026-07-23,10.16,1.1199186493720734
603712,七一二,2026-07-24,11.502838183903608,11.781632287104143,11.213718373177123,11.244695495754963,11109534.0,124028094.0,0.014390588082901555,11.14,11.41,10.86,10.89,2026-07-23,11.2,1.0325707525945786
603713,密尔克卫,2026-07-24,67.8068542523716,68.04240624882702,66.3828353647093,67.06807753621597,1912668.0,120062068.0,0.011983640675283404,63.33,63.55,62.0,62.64,2026-07-23,63.53,1.070690892979182
603716,塞力医疗,2026-07-24,51.472654771742015,55.34849858636297,49.1906158902362,49.1906158902362,22420715.0,322804550.0,0.0992986338635543,14.21,15.28,13.58,13.58,2026-07-23,14.4,3.6222839388981005
603717,天域生物,2026-07-24,7.479760008265077,7.552379037471534,7.160236279756665,7.349045755693453,10167800.0,51209045.0,0.03504370761447744,5.15,5.2,4.93,5.06,2026-07-23,5.17,1.452380584129141
603719,良品铺子,2026-07-24,9.244174210891675,9.321117396951417,8.991360885266813,9.002352768989633,5560600.0,46047888.0,0.01397193953315641,8.41,8.48,8.18,8.19,2026-07-23,8.47,1.0991883722820066
603721,中广天择,2026-07-24,20.291427250172525,20.318941049833775,19.782421956439382,19.809935756100632,1822900.0,26491037.0,0.014022307692307692,14.75,14.77,14.38,14.4,2026-07-23,14.89,1.375689983062544
603722,阿科力,2026-07-24,29.151438856048042,29.825780065839066,28.88612428170403,29.361479560737045,1562400.0,41382779.0,0.016325998166710782,26.37,26.98,26.13,26.56,2026-07-23,26.87,1.1054773931000395
603725,天安新材,2026-07-24,24.024587488562215,24.10091659893096,22.42167617081859,22.879650833031054,20197936.0,245608253.0,0.06625365646028665,12.59,12.63,11.75,11.99,2026-07-23,12.84,1.9082277592186032
603726,朗迪集团,2026-07-24,55.907088176568536,62.31284905992926,55.50828594258499,62.31284905992926,13930796.0,337360832.0,0.07545892165449805,22.43,25.0,22.27,25.0,2026-07-23,22.73,2.4925139623971706
603727,博迈科,2026-07-24,20.606429210834637,20.91518258968732,18.445155558865853,18.696732386079155,11697000.0,199123832.0,0.04152005544157349,18.02,18.29,16.13,16.35,2026-07-23,17.44,1.1435310327877157
603728,鸣志电器,2026-07-24,63.87254176228315,64.79079394829483,62.414141231558716,62.73823023838637,4766230.0,223605118.0,0.011378441448377529,47.3,47.98,46.22,46.46,2026-07-23,48.4,1.3503708617818848
603730,岱美股份,2026-07-24,69.07154104231104,69.48597028856491,66.23960785957628,66.3777509416609,18755882.0,183740459.0,0.008729375947559626,10.0,10.06,9.59,9.61,2026-07-23,10.11,6.907154104231104
603733,仙鹤股份,2026-07-24,22.908298401861902,23.061093150611818,22.177066389987324,22.384430691862207,9720388.0,200704124.0,0.012511780265496946,20.99,21.13,20.32,20.51,2026-07-23,21.01,1.0913910624993761
603737,三棵树,2026-07-24,202.70063778896187,204.02259847019423,190.80299165787062,191.24364521828142,8970896.0,198710915.0,0.010132243999173021,23.0,23.15,21.65,21.7,2026-07-23,23.15,8.813071208215733
603738,泰晶科技,2026-07-24,162.46838989103375,169.1050023976656,158.91857389911442,161.0278848508346,24241243.0,772259816.0,0.06281945775013614,31.58,32.87,30.89,31.3,2026-07-23,32.36,5.144660857854141
603739,蔚蓝生物,2026-07-24,16.910734155425974,17.062672467693954,16.333368568807657,16.424531556168443,2350867.0,25608571.0,0.00929090438242726,11.13,11.23,10.75,10.81,2026-07-23,11.18,1.519383122679782
603755,日辰股份,2026-07-24,22.39530971658078,22.70134615975514,21.80509657617309,21.96904467073078,869000.0,17591994.0,0.008812164713737844,20.49,20.77,19.95,20.1,2026-07-23,20.65,1.0929872970512826
603757,大元泵业,2026-07-24,156.38056694569104,163.1579372163559,149.65593885612086,155.22023896160835,14032599.0,828517652.0,0.07522275628826045,59.3,61.87,56.75,58.86,2026-07-23,61.5,2.6371090547334073
603758,秦安股份,2026-07-24,11.738201499786468,11.738201499786468,11.313289228300986,11.4460743131402,2245850.0,19422482.0,0.005185330825734421,8.84,8.84,8.52,8.62,2026-07-23,8.84,1.3278508483921345
603759,海天股份,2026-07-24,11.063399838092074,11.111641407153522,10.822191992784836,10.838272515805318,3081392.0,20946753.0,0.006673146223146223,6.88,6.91,6.73,6.74,2026-07-23,6.89,1.6080523020482667
603766,隆鑫通用,2026-07-24,48.70484726497309,49.58910375126527,47.36077740580898,48.88169856223153,17488921.0,240926647.0,0.008516466805874933,13.77,14.02,13.39,13.82,2026-07-23,13.77,3.5370259451687067
603767,中马传动,2026-07-24,22.941189652557092,22.992975633714106,22.38880585354895,22.526901803300984,2524000.0,33072569.0,0.008178037562594874,13.29,13.32,12.97,13.05,2026-07-23,13.37,1.7261993719004585
603768,常青股份,2026-07-24,10.033473207186265,10.301694768170453,9.844724701308504,10.003670811521356,3111800.0,31622162.0,0.013077215409747196,10.1,10.37,9.91,10.07,2026-07-23,10.09,0.9934131888303234
603773,沃格光电,2026-07-24,187.21823465267713,191.21921387517352,181.65365435472233,183.67713809943317,13316476.0,1082907634.0,0.05926899154669505,81.42,83.16,79.0,79.88,2026-07-23,82.6,2.299413346262308
603776,永安行,2026-07-24,49.48860787724761,49.833199147951525,48.401820023489094,48.6403832108995,1221561.0,22607804.0,0.0043508993848324256,18.67,18.8,18.26,18.35,2026-07-23,18.7,2.650702082337847
603777,来伊份,2026-07-24,18.05882856381243,18.19969306119006,17.467197674826373,17.988396315123612,7150147.0,90373364.0,0.021380473443417366,12.82,12.92,12.4,12.77,2026-07-23,12.92,1.4086449737763205
603778,国晟科技,2026-07-24,54.94385768565643,57.246510627080916,54.04838154176913,54.112344123475374,41404300.0,357682135.0,0.06440668897476448,8.59,8.95,8.45,8.46,2026-07-23,8.84,6.396258170623566
603779,威龙股份,2026-07-24,11.358814432221736,11.497336559443951,10.650812448641519,10.650812448641519,40353855.0,286677311.0,0.12151746669747264,7.38,7.47,6.92,6.92,2026-07-23,7.69,1.5391347469135144
603786,科博达,2026-07-24,43.96652653752906,43.96652653752906,43.10231962770048,43.1239248004462,1159200.0,46526164.0,0.0028703250435117207,40.7,40.7,39.9,39.92,2026-07-23,40.73,1.0802586372857264
603787,新日股份,2026-07-24,10.761710421334017,10.887913848449875,10.578141800074588,10.624033955389445,1879600.0,17511474.0,0.008167068075136853,9.38,9.49,9.22,9.26,2026-07-23,9.46,1.1473038828714304
603788,XD宁波高,2026-07-24,28.09730517432496,28.09730517432496,27.685066720029845,27.90203432755359,907500.0,11682954.0,0.004068319652810901,12.95,12.95,12.76,12.86,2026-07-23,13.02,2.1696760752374487
603790,雅运股份,2026-07-24,26.995944778308573,28.25089140043535,26.28091705174797,27.929858543612223,3847260.0,72251825.0,0.020104828595317727,18.5,19.36,18.01,19.14,2026-07-23,18.94,1.45924025828695
603797,联泰环保,2026-07-24,8.410027066429894,8.522160760648958,8.29789337221083,8.342746849898456,6362700.0,23887389.0,0.011034760197007592,3.75,3.8,3.7,3.72,2026-07-23,3.77,2.242673884381305
603798,康普顿,2026-07-24,33.28897473271725,33.56871401618547,31.722434745295264,32.72949616578082,5570080.0,64884940.0,0.021719975051632943,11.9,12.0,11.34,11.7,2026-07-23,11.93,2.797392834682122
603799,华友钴业,2026-07-24,103.90983613190166,104.80737913896397,100.47352861914872,100.8069017360576,64196307.0,2564629402.0,0.034009356979581386,40.52,40.87,39.18,39.31,2026-07-23,41.55,2.5644085916066546
603800,洪田股份,2026-07-24,68.83306820706756,72.82789229937131,67.48361020269687,68.43679879308569,4228800.0,274427348.0,0.020330769230769232,64.27,68.0,63.01,63.9,2026-07-23,65.29,1.0709984161672252
603801,志邦家居,2026-07-24,18.61367097736706,18.859976642474,18.156246170739895,18.226619217913303,4362500.0,22817774.0,0.010043709232598614,5.29,5.36,5.16,5.18,2026-07-23,5.34,3.518652358670522
603803,瑞斯康达,2026-07-24,9.505882371429488,9.98117649000096,9.292485012070866,9.321584651983406,30229763.0,298801905.0,0.07114834759303242,9.8,10.29,9.58,9.61,2026-07-23,10.01,0.9699879970846416
603806,福斯特,2026-07-24,99.97776558025414,100.96694488634853,97.01022766197099,97.15153899141303,23905326.0,333996778.0,0.009163532490603792,14.15,14.29,13.73,13.75,2026-07-23,14.38,7.065566472102766
603808,歌力思,2026-07-24,17.374931511324437,17.374931511324437,16.96639231949523,17.062519188160927,2534500.0,18079020.0,0.006968018784250051,7.23,7.23,7.06,7.1,2026-07-23,7.23,2.403171716642384
603809,XD豪能股,2026-07-24,71.8066163950843,71.97537460047816,70.2034134438427,70.5409298546304,8496203.0,71414156.0,0.009232105112411739,8.51,8.53,8.32,8.36,2026-07-23,8.58,8.437910269692633
603810,丰山集团,2026-07-24,22.59012423793438,22.61141558971377,21.781052870317502,21.930092332773246,2336544.0,24249814.0,0.014131566513345635,10.61,10.62,10.23,10.3,2026-07-23,10.65,2.12913517793915
603811,诚意药业,2026-07-24,31.96602088846186,32.237302536737346,31.287816767773133,31.33303037581905,3657480.0,25608156.0,0.00798182472594836,7.07,7.13,6.92,6.93,2026-07-23,7.12,4.5213608045914935
603815,交建股份,2026-07-24,5.546250095734229,5.624523786601446,5.4567944490288385,5.512704228219707,15830200.0,78225421.0,0.025576959351090847,4.96,5.03,4.88,4.93,2026-07-23,5.01,1.118195583817385
603816,顾家家居,2026-07-24,54.67798369543348,55.60472918179676,53.86425595130962,53.86425595130962,7642190.0,184084266.0,0.009366802420804975,24.19,24.6,23.83,23.83,2026-07-23,24.32,2.2603548447884863
603817,海峡环保,2026-07-24,5.964281426289487,6.018700052441764,5.822792998293568,5.866327899215389,7788500.0,42176809.0,0.013662020802515398,5.48,5.53,5.35,5.39,2026-07-23,5.52,1.0883725230455268
603818,曲美家居,2026-07-24,5.9089857000788575,6.078351532246723,5.739619867910991,5.814893571096709,21413200.0,67071537.0,0.031189850209933055,3.14,3.23,3.05,3.09,2026-07-23,3.17,1.881842579642948
603819,神力股份,2026-07-24,22.81573397841448,23.19268958327524,22.022143231339193,22.18086138075425,3976520.0,44954472.0,0.018263521722874376,11.5,11.69,11.1,11.18,2026-07-23,11.58,1.9839768676882157
603823,百合花,2026-07-24,144.35039551433832,162.87478041085149,144.35039551433832,156.06948473854752,19882852.0,1503932844.0,0.04775310815173119,70.21,79.22,70.21,75.91,2026-07-23,73.74,2.055980565650738
603826,坤彩科技,2026-07-24,28.592986239959497,28.79923073087068,27.599262783751072,27.6555112812723,5809820.0,86626239.0,0.00682095895557434,15.25,15.36,14.72,14.75,2026-07-23,15.3,1.8749499173743933
603829,洛凯股份,2026-07-24,15.111233872319037,15.12231248952748,14.590538863522118,14.67916780118968,3146700.0,42009666.0,0.016893567875633276,13.64,13.65,13.17,13.25,2026-07-23,13.64,1.107861720844504
603833,欧派家居,2026-07-24,54.0235132555043,55.35531920807362,52.86245165582848,52.91367496169652,3082026.0,97507942.0,0.005059528021559816,31.64,32.42,30.96,30.99,2026-07-23,31.7,1.7074435289350283
603836,海程邦达,2026-07-24,9.058535092188967,9.115507011007765,8.89901371949633,9.035746324661446,3226120.0,25513534.0,0.011566083698934897,7.95,8.0,7.81,7.93,2026-07-23,8.01,1.1394383763759706
603839,安正时尚,2026-07-24,11.844773170528097,12.002703479468472,11.44994739817716,11.548653841264894,4208733.0,24813497.0,0.01087482384458325,6.0,6.08,5.8,5.85,2026-07-23,6.05,1.9741288617546828
603848,好太太,2026-07-24,14.466763488126963,14.501623159182692,14.153026448625415,14.257605461792597,1961200.0,24131289.0,0.004873678597113951,12.45,12.48,12.18,12.27,2026-07-23,12.52,1.1619890351909208
603855,华荣股份,2026-07-24,22.222421787746402,22.441631867033664,21.715498479394604,21.784001629171875,1373900.0,22128835.0,0.004094685313643239,16.22,16.38,15.85,15.9,2026-07-23,16.27,1.370062995545401
603856,东宏股份,2026-07-24,16.93663870846661,16.96746061694426,16.720885349123087,16.76711821183956,1392000.0,15198138.0,0.004935189125168947,10.99,11.01,10.85,10.88,2026-07-23,11.01,1.5410954238823122
603858,步长制药,2026-07-24,35.69958870899701,35.812562090987505,34.818396329471135,34.886180358665435,5024075.0,78549387.0,0.004764105201623319,15.8,15.85,15.41,15.44,2026-07-23,15.8,2.2594676398099374
603859,能科科技,2026-07-24,54.66278448021012,55.589006273527865,54.20752292078276,54.552893758969034,4629100.0,161741570.0,0.0189176276731754,34.82,35.41,34.53,34.75,2026-07-23,35.72,1.5698674463012672
603860,中公高科,2026-07-24,24.645584389929635,24.73093706314151,23.877410331022734,24.197482855567273,1026750.0,23349247.0,0.015398170365926814,23.1,23.18,22.38,22.68,2026-07-23,23.15,1.066908415148469
603861,白云电器,2026-07-24,12.950540312885368,13.332079800217848,12.405483902410394,12.601704210181383,19308236.0,224756805.0,0.03652805511229896,11.88,12.23,11.38,11.56,2026-07-23,12.1,1.0901128209499467
603863,松炀资源,2026-07-24,11.914227245994814,12.105418392678851,11.753224175102991,11.803537634756687,3193607.0,37749400.0,0.015605213779623747,11.84,12.03,11.68,11.73,2026-07-23,11.86,1.0062691930738863
603866,XD桃李面,2026-07-24,17.31247806269439,17.441675660177186,16.924885270246012,17.054082867728802,8256300.0,32745654.0,0.005161093417050445,4.02,4.05,3.93,3.96,2026-07-23,4.03,4.306586582759799
603867,新化股份,2026-07-24,39.350614171539775,39.36510261563828,37.669954656113184,38.017677314477304,3808900.0,100510774.0,0.017659407096707838,27.16,27.17,26.0,26.24,2026-07-23,27.2,1.448844409850507
603868,飞科电器,2026-07-24,39.06031232164395,39.06031232164395,38.07725076992472,38.07725076992472,943500.0,27672435.0,0.002165977961432507,29.8,29.8,29.05,29.05,2026-07-23,29.9,1.3107487356256358
603871,嘉友国际,2026-07-24,201.59972374430035,203.18587420648996,197.31711749638836,197.31711749638836,10979862.0,138119202.0,0.008026164115110448,12.71,12.81,12.44,12.44,2026-07-23,12.76,15.86150462189617
603876,鼎胜新材,2026-07-24,41.40654262274514,42.66431127522005,40.58799476954719,40.727746842044404,30674142.0,636175307.0,0.03300895756450196,20.74,21.37,20.33,20.4,2026-07-23,21.1,1.9964581785315885
603877,太平鸟,2026-07-24,16.4013087447613,16.58738518108761,16.148776438318464,16.175358786365077,816400.0,10023578.0,0.001739524859992113,12.34,12.48,12.15,12.17,2026-07-23,12.38,1.3291174023307377
603878,武进不锈,2026-07-24,17.827688470588146,18.06123897456965,17.16596204264055,17.16596204264055,11806300.0,52782575.0,0.021039473036715002,4.58,4.64,4.41,4.41,2026-07-23,4.57,3.892508399691735
603879,永悦科技,2026-07-24,10.746479332477813,11.747376917365452,10.641121691963326,11.246928124921633,27720800.0,117698452.0,0.07714269907724186,4.08,4.46,4.04,4.27,2026-07-23,4.09,2.633941012862209
603880,南卫股份,2026-07-24,18.021218008216103,18.414298266784574,17.597900806680826,17.749085521514854,4495900.0,26671813.0,0.015554486891178445,5.96,6.09,5.82,5.87,2026-07-23,6.04,3.0236942966805542
603881,数据港,2026-07-24,77.65205653964597,77.65205653964597,73.62926554151674,73.81211967779534,39335716.0,974455542.0,0.04563030744491902,25.48,25.48,24.16,24.22,2026-07-23,26.08,3.047568937976686
603882,金域医学,2026-07-24,29.555643213477985,30.250279255644642,29.029064278287137,29.096287121077456,5417901.0,143151639.0,0.011774600890295623,26.38,27.0,25.91,25.97,2026-07-23,26.52,1.1203807131720238
603883,老百姓,2026-07-24,33.14504935009644,33.33367971225146,32.22884473391492,32.25579192850849,7685876.0,93137503.0,0.010127783486201027,12.3,12.37,11.96,11.97,2026-07-23,12.34,2.6947194593574344
603885,吉祥航空,2026-07-24,31.782191665762042,32.23193966103226,31.2125108717531,31.45237646923055,13655011.0,143411985.0,0.0062955176741414905,10.6,10.75,10.41,10.49,2026-07-23,10.67,2.998319968468117
603886,元祖股份,2026-07-24,16.413146505935778,16.630649976452766,15.978139564901804,16.212374071612405,3153800.0,30622949.0,0.013140833333333332,9.81,9.94,9.55,9.69,2026-07-23,9.84,1.6731036193614452
603887,城地香江,2026-07-24,20.218872429983954,20.408720997401645,19.53067137309483,19.53067137309483,15205700.0,127145672.0,0.025257403491581187,8.52,8.6,8.23,8.23,2026-07-23,8.64,2.3731070927211215
603888,新华网,2026-07-24,56.07957673010536,57.23511211668834,55.393477594321716,55.42958807515243,7815854.0,121670673.0,0.010530487459051203,15.53,15.85,15.34,15.35,2026-07-23,15.66,3.61104808307182
603889,新澳股份,2026-07-24,57.67169514076761,59.03732726614098,57.25150064065273,58.30198689093993,11915606.0,66088688.0,0.012647419109448835,5.49,5.62,5.45,5.55,2026-07-23,5.5,10.50486250287206
603890,春秋电子,2026-07-24,58.195346894441556,59.77806553383013,57.008307914900115,57.49529826548122,13042950.0,248976189.0,0.029189851749606206,19.12,19.64,18.73,18.89,2026-07-23,19.6,3.0436896911318803
603893,瑞芯微,2026-07-24,194.69065729935804,216.71907207089296,194.69065729935804,208.08783630010416,32904800.0,7339205143.0,0.07780872463264683,207.52,231.0,207.52,221.8,2026-07-23,214.0,0.9381778011726968
603895,天永智能,2026-07-24,32.6030494822274,32.6030494822274,30.98014213022319,31.298927502938305,1015020.0,22065144.0,0.009391376757957069,22.5,22.5,21.38,21.6,2026-07-23,22.32,1.449024421432329
603896,寿仙谷,2026-07-24,20.145205445649683,20.27217102618949,19.453948396044055,19.468055682770704,2289700.0,32059255.0,0.011549911806130483,14.28,14.37,13.79,13.8,2026-07-23,14.35,1.4107286726645436
603897,XD长城科,2026-07-24,34.5773200126121,34.85094311975063,33.38201907090164,33.61243852954462,5916100.0,139964896.0,0.028658320942104965,24.01,24.2,23.18,23.34,2026-07-23,24.41,1.4401216165186213
603898,好莱客,2026-07-24,37.70113138530976,38.8292540425922,37.51917611800614,38.246997187220614,2518900.0,26456773.0,0.008389915551331497,10.36,10.67,10.31,10.51,2026-07-23,10.58,3.6391053460723706
603899,晨光股份,2026-07-24,54.36092813981274,54.93923588598097,53.710331925373495,53.73442808146384,2138703.0,47998371.0,0.002335350290810651,22.56,22.8,22.29,22.3,2026-07-23,22.56,2.409615609034253
603900,莱绅通灵,2026-07-24,9.118160856788862,9.16938647957981,8.810807120043169,8.879107950431102,7009500.0,36760656.0,0.02045232686468499,5.34,5.37,5.16,5.2,2026-07-23,5.41,1.7075207596982886
603901,永创智能,2026-07-24,38.72126100121476,39.03138551724279,37.92379795999981,38.1453154714484,5775625.0,50082123.0,0.01064971027809497,8.74,8.81,8.56,8.61,2026-07-23,8.83,4.43035022897194
603903,中持股份,2026-07-24,27.54539151772764,29.39899376383451,27.13587474242496,27.69626611915494,21151896.0,275007652.0,0.08284481857788524,12.78,13.64,12.59,12.85,2026-07-23,13.03,2.1553514489614742
603906,龙蟠科技,2026-07-24,38.354235615125894,39.52436483728227,37.33578981065645,37.357458870326006,22016330.0,389137377.0,0.03910562478218448,17.7,18.24,17.23,17.24,2026-07-23,18.12,2.166905966956265
603908,牧高笛,2026-07-24,28.860454285118298,29.180139317199608,27.79483751151393,28.18556366183553,1280960.0,20524470.0,0.013754981531239902,16.25,16.43,15.65,15.87,2026-07-23,16.37,1.7760279560072798
603909,建发合诚,2026-07-24,22.328526723048338,22.90456979575597,21.834775517870366,22.054220497949462,2425444.0,19599982.0,0.009304541311774587,8.14,8.35,7.96,8.04,2026-07-23,8.32,2.7430622509887392
603912,佳力图,2026-07-24,20.946950240844487,21.036594821047817,20.379201232890075,20.379201232890075,10534378.0,73003169.0,0.01943952515863806,7.01,7.04,6.82,6.82,2026-07-23,7.06,2.9881526734442923
603915,国茂股份,2026-07-24,19.42003063112061,19.451480073438216,18.869665390562538,18.94828899635655,5878493.0,71446849.0,0.008952485871548722,12.35,12.37,12.0,12.05,2026-07-23,12.49,1.5724721158802115
603916,XD苏博特,2026-07-24,13.22152195806089,13.235468711181207,12.691545339488828,12.775225858210733,7712637.0,71324369.0,0.018349100785486724,9.48,9.49,9.1,9.16,2026-07-23,9.53,1.3946753120317394
603917,合力科技,2026-07-24,17.052769198088743,17.130635724107414,16.429836989939385,16.492130210754322,2070700.0,22196571.0,0.010158457613814757,10.95,11.0,10.55,10.59,2026-07-23,11.01,1.5573305203734014
603918,金桥信息,2026-07-24,34.31856752048107,34.42751535387942,33.120141353099186,33.19277324203143,7432400.0,68931061.0,0.02035674279691512,9.45,9.48,9.12,9.14,2026-07-23,9.53,3.631594446611753
603919,金徽酒,2026-07-24,27.78454711889112,27.915871784544215,26.884035125841304,26.921556458885046,4963013.0,72177340.0,0.009783962917146807,14.81,14.88,14.33,14.35,2026-07-23,14.83,1.8760666521871112
603920,世运电路,2026-07-24,58.119678096238054,59.7119980440802,57.11582421607671,57.54851985407729,14371841.0,483636290.0,0.019944482699778773,33.58,34.5,33.0,33.25,2026-07-23,34.4,1.7307825520023246
603926,铁流股份,2026-07-24,30.12022428440954,33.14288990164357,29.694496732686435,31.376120561992693,14353507.0,216220504.0,0.06217983611069294,14.15,15.57,13.95,14.74,2026-07-23,14.15,2.128637758615515
603927,中科软,2026-07-24,28.86344064207527,28.97343851037586,28.159454284951483,28.159454284951483,10425019.0,134839558.0,0.012544545388910281,13.12,13.17,12.8,12.8,2026-07-23,13.22,2.1999573660118346
603928,兴业股份,2026-07-24,16.80713409689548,18.17422155932239,16.42113293103377,17.37005246377715,41529735.0,450450964.0,0.12189388736263736,10.45,11.3,10.21,10.8,2026-07-23,10.55,1.6083381910904768
603929,亚翔集成,2026-07-24,195.0873994532407,210.88750379591033,193.4659381279513,201.76830777097447,6148346.0,1026923985.0,0.028816769778777652,160.02,172.98,158.69,165.5,2026-07-23,163.35,1.2191438536010542
603931,格林达,2026-07-24,72.35608294023142,74.13129869076029,70.40976205712144,70.43115019869407,7470488.0,251300430.0,0.03743510044529325,33.83,34.66,32.92,32.93,2026-07-23,34.3,2.138814157263713
603933,睿能科技,2026-07-24,36.119214611749086,36.52289995152746,35.418076916344546,35.8642554497838,3069600.0,51984176.0,0.014790075818652451,17.0,17.19,16.67,16.88,2026-07-23,17.26,2.124659683044064
603936,博敏电子,2026-07-24,28.428126805327135,29.498555910234455,27.85174190268473,28.28403057966653,36781666.0,512519894.0,0.05834673613592216,13.81,14.33,13.53,13.74,2026-07-23,13.81,2.0585175094371566
603937,丽岛新材,2026-07-24,10.879827929673331,11.060218859077242,10.541594937041,10.643064834830698,4690800.0,44548363.0,0.02245562396884809,9.65,9.81,9.35,9.44,2026-07-23,9.81,1.1274433087744384
603938,三孚股份,2026-07-24,110.58388389922635,114.12278765090092,108.3617815435237,109.7334496643278,13398444.0,544277032.0,0.03501721427940877,40.31,41.6,39.5,40.0,2026-07-23,41.28,2.743336241608195
603939,益丰药房,2026-07-24,148.31169550126015,148.8485704171018,145.15755537069035,146.1641958378935,6416750.0,140144776.0,0.0052926342534260805,22.1,22.18,21.63,21.78,2026-07-23,22.0,6.710936448020821
603948,建业股份,2026-07-24,23.346123541792743,23.677817100310016,23.193034207092463,23.39715332002617,1278000.0,23507516.0,0.007865139711129173,18.3,18.56,18.18,18.34,2026-07-23,18.37,1.275744455835669
603949,雪龙集团,2026-07-24,19.865422585162005,20.362860468958466,19.73705151837582,19.96170088525164,2807400.0,34968799.0,0.013355516474814994,12.38,12.69,12.3,12.44,2026-07-23,12.7,1.6046383348273023
603950,XD长源东,2026-07-24,97.54952438814689,98.53295048766967,93.74271368031677,94.85303347010054,5658237.0,341694687.0,0.017470769027458033,61.5,62.12,59.1,59.8,2026-07-23,62.45,1.586171128262551
603955,大千生态,2026-07-24,23.43111656477446,23.499991099062445,23.086743893334507,23.32091730991367,1112700.0,18810068.0,0.008198496905393458,17.01,17.06,16.76,16.93,2026-07-23,17.17,1.3774906857598153
603956,威派格,2026-07-24,6.265497223482315,6.758168800029643,6.1476844551775205,6.758168800029643,25584739.0,158361406.0,0.04489288788086819,5.85,6.31,5.74,6.31,2026-07-23,5.74,1.0710251664072334
603958,哈森股份,2026-07-24,14.16590517721791,14.16590517721791,13.42589520527369,13.626755054801409,5214500.0,67661865.0,0.023771425966447848,13.4,13.4,12.7,12.89,2026-07-23,13.41,1.057157102777456
603960,克来机电,2026-07-24,45.42931335519985,46.24638733640848,44.93906896647467,45.56004519219323,3491900.0,48653495.0,0.013317803079277142,13.9,14.15,13.75,13.94,2026-07-23,14.04,3.2682959248345216
603966,法兰泰克,2026-07-24,26.218698482912703,26.253703420807113,25.69362441449656,25.798639228179788,4951323.0,36726356.0,0.009527325473246475,7.49,7.5,7.34,7.37,2026-07-23,7.51,3.5004937894409482
603967,中创物流,2026-07-24,19.61201818652498,19.897024808672484,19.344824478261696,19.48732778933545,1843100.0,20250715.0,0.005316633950805371,11.01,11.17,10.86,10.94,2026-07-23,11.07,1.7812913884218875
603968,醋化股份,2026-07-24,23.45292400290583,23.47847185040355,22.68648857797427,22.94196705295146,2286600.0,20614393.0,0.011182511737089201,9.18,9.19,8.88,8.98,2026-07-23,9.18,2.554784749771877
603969,银龙股份,2026-07-24,35.556433070992156,35.89691875019455,33.95128629760948,34.09720873155336,16661782.0,118286267.0,0.019566329220772664,7.31,7.38,6.98,7.01,2026-07-23,7.39,4.864081131462676
603970,中农立华,2026-07-24,23.21750547499956,23.334411343453738,22.586213785347002,22.586213785347002,1911280.0,18632238.0,0.007110413122041077,9.93,9.98,9.66,9.66,2026-07-23,9.94,2.3381173690835406
603976,正川股份,2026-07-24,35.43086499289258,38.97240496817516,34.51841582895515,38.97240496817516,7770734.0,190234928.0,0.04663127884944077,22.91,25.2,22.32,25.2,2026-07-23,22.91,1.5465240066736177
603977,国泰集团,2026-07-24,24.840538448397915,24.930377647126296,24.12182485857085,24.144284658252946,7270300.0,79441419.0,0.011702850117812736,11.06,11.1,10.74,10.75,2026-07-23,11.19,2.2459799682095762
603978,深圳新星,2026-07-24,36.53862527963729,38.42713849633764,35.92280575245239,36.169133563326355,10628700.0,192393037.0,0.05035048341120761,17.8,18.72,17.5,17.62,2026-07-23,18.05,2.0527317572829937
603979,金诚信,2026-07-24,107.99901224330205,108.26968645945068,103.4276254816808,104.58550962853882,10993804.0,771000587.0,0.017624133970942712,71.82,72.0,68.78,69.55,2026-07-23,74.29,1.5037456452701483
603980,吉华集团,2026-07-24,10.782298232232526,10.90684623161475,10.319691377384265,10.355276520064901,27535179.0,163107788.0,0.04068236086944651,6.06,6.13,5.8,5.82,2026-07-23,6.15,1.77925713403177
603982,泉峰汽车,2026-07-24,5.473527666293456,5.483894195964465,5.32839625089931,5.380228899254362,4387821.0,22891796.0,0.012922324110128279,5.28,5.29,5.14,5.19,2026-07-23,5.32,1.0366529671010332
603983,丸美生物,2026-07-24,31.738271014770135,34.07643898183117,30.62685485105503,33.32151479515675,11812529.0,370211547.0,0.029457678304239402,30.27,32.5,29.21,31.78,2026-07-23,30.67,1.0485058148255744
603985,恒润股份,2026-07-24,74.0151395431111,75.19447573723333,72.2697219758102,72.45841576686975,9265604.0,144490308.0,0.021017207211728898,15.69,15.94,15.32,15.36,2026-07-23,15.99,4.7173447764889165
603986,兆易创新,2026-07-24,2541.338015696604,2647.2270996839625,2509.857477213876,2615.7465612012343,50554262.0,22860531230.0,0.07562434104103939,444.0,462.5,438.5,457.0,2026-07-23,451.96,5.723734269586946
603987,XD康德莱,2026-07-24,17.486823592456453,17.584243222497996,17.07279016477991,17.12149997980068,3630800.0,25785598.0,0.008312444618807058,7.18,7.22,7.01,7.03,2026-07-23,7.23,2.4354907510385035
603988,中电电机,2026-07-24,54.776420524234624,56.55853009608472,51.05587597949494,51.274731540950214,25890882.0,441923815.0,0.1100802806122449,17.52,18.09,16.33,16.4,2026-07-23,17.17,3.1265080207896476
603989,艾华集团,2026-07-24,68.29603985196728,69.69340128116355,64.70282474831976,65.47636411091054,20726948.0,555821813.0,0.05197591473150123,27.37,27.93,25.93,26.24,2026-07-23,28.11,2.4952882664218956
603990,麦迪科技,2026-07-24,53.052278527116094,56.110586348091026,52.49054851918193,54.48781076961453,16606224.0,291501745.0,0.05440285853123875,17.0,17.98,16.82,17.46,2026-07-23,17.15,3.120722266300947
603991,领先股份,2026-07-24,126.27472643510015,130.03108651653758,122.23427189372205,125.67497146411434,3121817.0,374165156.0,0.03486641838504786,120.01,123.58,116.17,119.44,2026-07-23,121.78,1.0522017034838775
603992,松霖科技,2026-07-24,25.165926542948327,25.477186284890433,24.727857276511298,24.92383563254892,1998001.0,43376730.0,0.004509734543795437,21.83,22.1,21.45,21.62,2026-07-23,22.0,1.1528138590448158
603993,洛阳钼业,2026-07-24,68.77554610354198,70.74056170650033,66.88198561341848,68.02526741877607,273361305.0,5246957513.0,0.015655676985371087,19.25,19.8,18.72,19.04,2026-07-23,20.03,3.5727556417424404
603995,甬金股份,2026-07-24,33.79233294072674,34.36303252467965,32.82387304068544,32.84116696747189,4209990.0,81464861.0,0.011578326479731584,19.54,19.87,18.98,18.99,2026-07-23,19.64,1.729392678645176
603997,继峰股份,2026-07-24,20.78589752125059,20.929869105813367,20.425968559843653,20.479957904054697,8165000.0,93688335.0,0.006417688824895506,11.55,11.63,11.35,11.38,2026-07-23,11.7,1.799644807034683
603998,方盛制药,2026-07-24,44.993139987872745,45.6733818451408,43.5354788651555,43.5354788651555,9870800.0,90316736.0,0.022480571709990148,9.26,9.4,8.96,8.96,2026-07-23,9.36,4.858870409057532
603999,读者传媒,2026-07-24,13.532070034392964,13.662186092415974,13.29786112995155,13.506046822788363,5443900.0,28188201.0,0.009451215277777777,5.2,5.25,5.11,5.19,2026-07-23,5.23,2.6023211604601855
605001,威奥股份,2026-07-24,7.354772810056849,7.354772810056849,7.074731360375325,7.148426478712568,5075342.0,24783913.0,0.012918103470217823,4.99,4.99,4.8,4.85,2026-07-23,5.0,1.4739023667448594
605003,众望布艺,2026-07-24,26.014747230998264,27.016415166185215,25.084627005467524,25.4852941795423,980315.0,17654133.0,0.008911954545454546,18.18,18.88,17.53,17.81,2026-07-23,18.44,1.430954193124217
605005,合兴股份,2026-07-24,15.811027200914609,15.811027200914609,15.331905164523256,15.406435259073023,795300.0,11560621.0,0.001983291770573566,14.85,14.85,14.4,14.47,2026-07-23,14.71,1.0647156364252262
605006,山东玻纤,2026-07-24,16.64973821989529,17.060209424083773,16.264921465968587,16.30340314136126,21794924.0,281430704.0,0.033345900423723755,12.98,13.3,12.68,12.71,2026-07-23,13.24,1.2827225130890054
605007,XD五洲特,2026-07-24,16.1376654904354,16.729975927411214,16.1376654904354,16.405881537367843,3353678.0,49428645.0,0.007066666256757862,14.44,14.97,14.44,14.68,2026-07-23,14.57,1.117566862218518
605008,长鸿高科,2026-07-24,17.111474006661318,17.401991392173397,16.937163575354074,17.184103353039337,1745300.0,20687038.0,0.002701859987785605,11.78,11.98,11.66,11.83,2026-07-23,11.82,1.4525869275603835
605009,豪悦护理,2026-07-24,56.36907424522432,56.36907424522432,54.33538523383041,54.359310986905626,1101400.0,25347971.0,0.005123804662869726,23.56,23.56,22.71,22.72,2026-07-23,23.56,2.3925753075222547
605011,杭州热电,2026-07-24,17.871834077681665,18.171864868017675,16.801724258816563,16.861730416883763,14321293.0,248418204.0,0.03579428392901775,17.87,18.17,16.8,16.86,2026-07-23,18.35,1.0001026344533668
605016,百龙创园,2026-07-24,76.17617214634225,77.89727861146521,74.00757800028732,74.17968864679962,4416858.0,96332801.0,0.010516020101505593,22.13,22.63,21.5,21.55,2026-07-23,22.82,3.442212930245922
605018,长华集团,2026-07-24,12.152150503332479,12.428084892599793,11.975552494201398,12.262524259039404,3784200.0,41998159.0,0.008050362430860823,11.01,11.26,10.85,11.11,2026-07-23,11.04,1.1037375570692534
605020,永和股份,2026-07-24,49.8354410563626,50.87677863067466,48.57095971612653,48.71972222674254,14429165.0,481476774.0,0.02869054841880111,33.5,34.2,32.65,32.75,2026-07-23,34.09,1.4876251061600776
605028,世茂能源,2026-07-24,26.83750472847786,30.381055373064243,26.83750472847786,29.565821329064306,9560250.0,256410687.0,0.0597515625,24.69,27.95,24.69,27.2,2026-07-23,26.1,1.0869787253332466
605033,美邦股份,2026-07-24,17.56131688130246,17.66622319481084,17.015804051058897,17.078747839163924,1242200.0,20445244.0,0.009187869822485208,16.74,16.84,16.22,16.28,2026-07-23,16.86,1.0490631350837791
605050,福然德,2026-07-24,11.756282108472268,12.141160391785348,11.68630423877898,11.919563804423271,3609300.0,36939726.0,0.0073236328917787846,10.08,10.41,10.02,10.22,2026-07-23,10.17,1.1662978282214551
605055,迎丰股份,2026-07-24,8.213978564519373,8.375234585417912,8.06280104492699,8.082958047539307,3393800.0,27517579.0,0.007713181818181818,8.15,8.31,8.0,8.02,2026-07-23,8.31,1.0078501306158738
605056,咸亨国际,2026-07-24,15.49260344349648,15.49260344349648,14.716208737899844,14.739735850190652,3976035.0,50672000.0,0.009856475022385108,13.17,13.17,12.51,12.53,2026-07-23,13.02,1.1763556145403553
605058,澳弘电子,2026-07-24,25.988289913629195,26.59912578766749,25.59957617560483,25.910547166024323,1595103.0,37474201.0,0.011160410430300846,23.4,23.95,23.05,23.33,2026-07-23,23.72,1.1106106800696238
605060,联德股份,2026-07-24,41.856526630402314,43.45203088963095,41.222851179928526,42.25257378694843,4308015.0,160616939.0,0.018029663464194417,36.99,38.4,36.43,37.34,2026-07-23,38.06,1.1315633044174727
605066,天正电气,2026-07-24,9.2194505704365,9.249047522508526,9.02707038196832,9.086264286112375,5912010.0,36486524.0,0.011766760004129902,6.23,6.25,6.1,6.14,2026-07-23,6.27,1.4798476036013641
605068,明新旭腾,2026-07-24,14.868841695544852,15.08064855730475,14.635854147608965,14.890022381720842,2392800.0,33551029.0,0.014752294711489155,14.04,14.24,13.82,14.06,2026-07-23,14.2,1.059034308799491
605069,正和生态,2026-07-24,13.001375693420075,13.123390689500138,12.594659039819863,12.811574588406643,4660420.0,44126541.0,0.022014496533827577,9.59,9.68,9.29,9.45,2026-07-23,9.7,1.3557221786673697
605077,华康股份,2026-07-24,29.854216753321847,30.321601751416907,29.299197068083963,29.328408630464903,3373116.0,34261146.0,0.011265138181922525,10.22,10.38,10.03,10.04,2026-07-23,10.35,2.921156238094114
605080,浙江自然,2026-07-24,28.823602536007897,28.896206068844187,28.09756720764498,28.126608620779496,1171300.0,22911544.0,0.008345493305365397,19.85,19.9,19.35,19.37,2026-07-23,20.0,1.4520706567258386
605086,龙高股份,2026-07-24,32.38806586513876,32.704561622778556,31.64957576397925,31.920857841956217,1165840.0,24852169.0,0.006505803571428571,21.49,21.7,21.0,21.18,2026-07-23,21.76,1.5071226554275834
605088,冠盛股份,2026-07-24,23.393361056373195,23.618297220376782,22.754068800784047,22.860617510048904,3571118.0,69844116.0,0.01774963417999969,19.76,19.95,19.22,19.31,2026-07-23,20.03,1.1838745473873074
605089,味知香,2026-07-24,26.2448500567777,26.670113830845857,25.849962266571552,26.168910097122673,1209152.0,20942609.0,0.008761971014492753,17.28,17.56,17.02,17.23,2026-07-23,17.45,1.5187991931005613
605090,九丰能源,2026-07-24,53.076564078630874,54.90400214715169,52.26796316335618,53.545552609490194,22594455.0,754701518.0,0.03207039052620055,32.82,33.95,32.32,33.11,2026-07-23,33.3,1.6172018305493867
605098,行动教育,2026-07-24,99.50920447771554,99.59830655908885,97.13908911318542,97.62024035260131,491400.0,27091583.0,0.004120716706177134,55.84,55.89,54.51,54.78,2026-07-23,55.49,1.7820416274662525
605099,共创草坪,2026-07-24,34.20773943450689,36.19017220803422,32.57007757811475,33.615164420680784,5312446.0,168699645.0,0.013232574805956673,31.75,33.59,30.23,31.2,2026-07-23,31.75,1.077409116047461
605100,华丰股份,2026-07-24,100.8646279859504,100.8646279859504,91.20904931688686,92.78161913269527,9749020.0,294020227.0,0.04097866037171171,32.07,32.07,29.0,29.5,2026-07-23,30.56,3.1451396316167886
605108,同庆楼,2026-07-24,15.782251964690948,15.97522273107145,15.25847417022959,15.299825048739697,2648645.0,29764132.0,0.010187096153846154,11.45,11.59,11.07,11.1,2026-07-23,11.54,1.3783626170035763
605111,新洁能,2026-07-24,207.24100414247042,214.8524010218848,203.51066606790593,207.84388706361213,20571930.0,1144882441.0,0.04953122301146204,55.0,57.02,54.01,55.16,2026-07-23,55.6,3.7680182571358256
605116,奥锐特,2026-07-24,20.006550409441157,20.100970416617333,19.61837926882798,19.660343716461835,2161704.0,40727345.0,0.005321992192321754,19.07,19.16,18.7,18.74,2026-07-23,19.1,1.0491111908464161
605117,德业股份,2026-07-24,699.3384828975453,720.1116862979637,689.4204496950899,690.7480604387257,26787164.0,2411017069.0,0.021038730004693352,89.55,92.21,88.28,88.45,2026-07-23,88.51,7.80947496256332
605118,力鼎光电,2026-07-24,30.88364166659927,31.559117515169568,30.48500018219713,30.62895405156457,1897765.0,52949804.0,0.004641504542414004,27.89,28.5,27.53,27.66,2026-07-23,28.41,1.1073374566726164
605122,四方新材,2026-07-24,14.383228556270245,14.383228556270245,13.54900130000657,13.793516185463163,2939000.0,28319773.0,0.017052113673021806,10.0,10.0,9.42,9.59,2026-07-23,9.88,1.4383228556270244
605123,派克新材,2026-07-24,79.97576927496705,80.49439085362125,77.95530604146005,78.1389845172334,1575582.0,114975223.0,0.013002974344696579,74.02,74.5,72.15,72.32,2026-07-23,74.46,1.0804616221962584
605128,上海沿浦,2026-07-24,69.71219839756832,72.77099893950243,69.5343611567582,70.708086946105,3439232.0,68926548.0,0.010953430603915657,19.6,20.46,19.55,19.88,2026-07-23,19.91,3.556744816202465
605133,嵘泰股份,2026-07-24,35.26364991508011,35.681630751687145,34.21869782356252,35.500505722490765,6342820.0,159655154.0,0.02248285285561531,25.31,25.61,24.56,25.48,2026-07-23,25.55,1.3932694553567804
605136,丽人丽妆,2026-07-24,7.60077385086629,7.673858214816926,7.360639512171337,7.371080135592857,5944900.0,42544640.0,0.014845233650927624,7.28,7.35,7.05,7.06,2026-07-23,7.36,1.0440623421519628
605138,盛泰集团,2026-07-24,5.667308199913644,5.667308199913644,5.462983995362678,5.592030861394868,4766800.0,24596674.0,0.00857999097434196,5.27,5.27,5.08,5.2,2026-07-23,5.28,1.0753905502682437
605151,西上海,2026-07-24,17.33650710740484,17.33650710740484,16.63088847122368,16.82629055508923,1550700.0,24211835.0,0.011524721981596386,15.97,15.97,15.32,15.5,2026-07-23,15.93,1.085567132586402
605155,西大门,2026-07-24,25.215222925531183,25.875714126970365,23.894240522652815,24.28276475879351,6782036.0,86349302.0,0.036300864161517114,12.98,13.32,12.3,12.5,2026-07-23,13.48,1.9426211807034808
605158,华达新材,2026-07-24,9.00646965757831,9.137208733252834,8.832150890012278,8.919310273795293,2679200.0,16509935.0,0.005238747018106449,6.2,6.29,6.08,6.14,2026-07-23,6.26,1.4526563963835983
605162,新中港,2026-07-24,8.69879649032289,9.05077091478682,8.095411762670436,8.688740078195348,64450936.0,551824928.0,0.1455379313298604,8.65,9.0,8.05,8.64,2026-07-23,8.45,1.0056412127540912
605166,聚合顺,2026-07-24,8.672123344708261,8.806228344884161,8.56036917789501,8.58272001125766,4254100.0,32973924.0,0.013516494323447304,7.76,7.88,7.66,7.68,2026-07-23,7.88,1.1175416681325079
605167,利柏特,2026-07-24,13.590914600588624,13.773559302730922,13.128930942228695,13.161162360253805,4447814.0,55346887.0,0.008722784387478645,12.65,12.82,12.22,12.25,2026-07-23,12.71,1.0743806008370453
605168,三人行,2026-07-24,126.76196460392859,126.76196460392859,120.16535041216298,121.4846732505161,3807600.0,131207938.0,0.018061163249910042,35.55,35.55,33.7,34.07,2026-07-23,35.63,3.565737400954391
605169,洪通燃气,2026-07-24,19.231389200161917,19.612805061125464,19.050718529179186,19.25146371916,2375600.0,22753355.0,0.008397907239819005,9.58,9.77,9.49,9.59,2026-07-23,9.72,2.0074518998081334
605177,东亚药业,2026-07-24,15.22585237265621,15.403626747886399,14.838931673625796,14.974876784095942,1763300.0,25439918.0,0.015514862284282218,14.56,14.73,14.19,14.32,2026-07-23,14.74,1.0457316190011132
605178,时空科技,2026-07-24,93.51015283200957,96.0118082122017,90.66344153730817,91.31042137701303,4042400.0,260845166.0,0.04079935405732741,65.04,66.78,63.06,63.51,2026-07-23,66.29,1.4377329771219183
605179,一鸣食品,2026-07-24,14.201033977586397,14.201033977586397,13.280217653391313,13.300680238373424,7249600.0,96165576.0,0.018078802992518704,13.88,13.88,12.98,13.0,2026-07-23,13.8,1.023129249105648
605180,华生科技,2026-07-24,19.296446550484713,19.69960117926977,18.856641500901016,19.369747392081997,2079300.0,21793056.0,0.012303550295857987,10.53,10.75,10.29,10.57,2026-07-23,10.53,1.8325210399320717
605183,确成股份,2026-07-24,15.69793025709855,15.83354952497845,15.313675664772163,15.33627887608548,1162600.0,15921382.0,0.002818906395007757,13.89,14.01,13.55,13.57,2026-07-23,13.92,1.1301605656658422
605186,健麾信息,2026-07-24,24.75211644053157,24.75211644053157,23.860825479766223,23.92525615162878,2875800.0,64772335.0,0.021145588235294117,23.05,23.05,22.22,22.28,2026-07-23,23.09,1.0738445310425844
605188,国光连锁,2026-07-24,11.351517243358682,11.558096265075855,11.21724087924252,11.320530390101107,3257800.0,35838702.0,0.0064161939077866615,10.99,11.19,10.86,10.96,2026-07-23,11.2,1.0328951085858673
605189,富春染织,2026-07-24,25.921341673986085,26.78653999421259,25.17727111859129,25.246486984209408,28063206.0,419670663.0,0.11779634892260703,14.98,15.48,14.55,14.59,2026-07-23,15.02,1.7303966404530096
605196,华通线缆,2026-07-24,26.886393540180663,28.047291361431984,25.892665005189528,27.508634772371373,28201702.0,830594736.0,0.05584907058724393,28.95,30.2,27.88,29.62,2026-07-23,30.13,0.9287182570010591
605198,安德利,2026-07-24,51.74273907311725,56.73837486078674,50.766460977398054,56.73837486078674,2978200.0,154591509.0,0.011008516426649318,49.82,54.63,48.88,54.63,2026-07-23,49.66,1.0385937188502057
605208,永茂泰,2026-07-24,24.649869884673084,26.20774166138442,22.618720606176023,22.63844050208376,25755739.0,314005779.0,0.07806188700975936,12.5,13.29,11.47,11.48,2026-07-23,12.74,1.9719895907738467
605218,伟时电子,2026-07-24,13.106912749087396,13.225283882289334,12.880931494792787,12.956258579557655,1930546.0,23368165.0,0.009070688415252,12.18,12.29,11.97,12.04,2026-07-23,12.24,1.0761012109267156
605222,起帆电缆,2026-07-24,19.209435903040315,19.366461264645547,18.46618252477554,18.528992669417633,8161800.0,147243536.0,0.01976664264766179,18.35,18.5,17.64,17.7,2026-07-23,18.34,1.0468357440348945
605228,神通科技,2026-07-24,11.17404021286223,11.649071874085358,10.947320556369375,11.368371346998964,7265865.0,75794086.0,0.015228101359648038,10.35,10.79,10.14,10.53,2026-07-23,10.44,1.079617411870747
605255,天普股份,2026-07-24,78.1958863988633,84.93629836083166,76.62035952550337,82.60262321758427,1224500.0,83337222.0,0.00913260739856802,66.01,71.7,64.68,69.73,2026-07-23,67.65,1.1846066716991863
605258,协和电子,2026-07-24,26.124053605388983,26.6973439383816,25.719378076217726,26.146535579231834,1331600.0,31043754.0,0.015131818181818182,23.24,23.75,22.88,23.26,2026-07-23,23.5,1.1240986921423832
605259,绿田机械,2026-07-24,38.615736481660505,38.75107200671305,37.78116741050312,38.32250951071331,638900.0,10797625.0,0.0037041975881261595,17.12,17.18,16.75,16.99,2026-07-23,17.14,2.2555920842091415
605266,健之佳,2026-07-24,48.609470323118494,49.04018714876637,48.24028447256316,48.24028447256316,1461938.0,23098324.0,0.009459753473805026,15.8,15.94,15.68,15.68,2026-07-23,15.9,3.0765487546277526
605268,王力安防,2026-07-24,9.724806565714132,9.81464311597477,9.567592602758014,9.567592602758014,1883300.0,16238368.0,0.004274883668142095,8.66,8.74,8.52,8.52,2026-07-23,8.71,1.1229568782579828
605277,新亚电子,2026-07-24,35.463042126734045,36.49131986873977,35.162082787610416,35.162082787610416,5868952.0,83748664.0,0.015373337307190605,14.14,14.55,14.02,14.02,2026-07-23,14.32,2.5079944926968913
605286,同力天启,2026-07-24,23.13952007047173,23.192350024970526,22.273108816691508,22.325938771190305,1653366.0,35464317.0,0.009841464285714285,21.9,21.95,21.08,21.13,2026-07-23,21.96,1.0565990899758781
605287,德才股份,2026-07-24,44.97168269491653,46.82433673284664,44.67286752750844,45.01650497002774,2042700.0,62168688.0,0.014590714285714285,30.1,31.34,29.9,30.13,2026-07-23,30.64,1.4940758370404161
605288,凯迪股份,2026-07-24,96.70276172992038,108.27851822224011,92.13952270964825,100.94526190531715,1865653.0,125432352.0,0.01898333243401808,66.33,74.27,63.2,69.24,2026-07-23,67.52,1.4579038403425355
605289,罗曼股份,2026-07-24,190.5828763677106,192.7129202800556,183.81905271622912,184.97749765101324,2999460.0,301105455.0,0.019681691846750917,102.0,103.14,98.38,99.0,2026-07-23,103.54,1.868459572232457
605296,神农集团,2026-07-24,39.592269804616045,40.31571659506584,39.342351822460664,39.592269804616045,2592181.0,78492790.0,0.005004360961298261,30.1,30.65,29.91,30.1,2026-07-23,30.53,1.3153578008178088
605298,必得科技,2026-07-24,80.17329736329489,82.22948541715667,77.93674193628733,80.6422525334739,1194185.0,53331819.0,0.006411697118404733,44.45,45.59,43.21,44.71,2026-07-23,44.45,1.8036737314577027
605299,舒华体育,2026-07-24,14.499851631043224,14.511005363067104,12.670639579127002,13.261787376392611,54918582.0,654681797.0,0.13471686018757603,13.0,13.01,11.36,11.89,2026-07-23,12.12,1.1153732023879404
605300,佳禾食品,2026-07-24,9.281322322943046,9.33375917222521,9.134499144952986,9.18693599423515,2538605.0,22349808.0,0.005586735999539189,8.85,8.9,8.71,8.76,2026-07-23,8.9,1.048736985643282
605303,园林股份,2026-07-24,19.296815599626473,20.24294179551333,19.099272767518233,19.650313299188596,3670700.0,69590054.0,0.0227658087879954,18.56,19.47,18.37,18.9,2026-07-23,18.77,1.039699116359185
605305,中际联合,2026-07-24,80.03572115839866,81.29740809250005,76.20996077757513,76.39310888091244,5401023.0,207496265.0,0.025414186900056465,39.33,39.95,37.45,37.54,2026-07-23,39.79,2.0349789259699635
605318,法狮龙,2026-07-24,88.34574478496889,88.35678800306701,85.05486579172879,86.38005196350332,1495925.0,117469638.0,0.011898008151307747,80.0,80.01,77.02,78.22,2026-07-23,79.22,1.104321809812111
605319,无锡振华,2026-07-24,31.153937239973295,32.45777016237494,31.061901974862597,32.2123427887464,2058180.0,42725929.0,0.005911733355704425,20.31,21.16,20.25,21.0,2026-07-23,20.51,1.5339210851783998
605333,沪光股份,2026-07-24,16.669199803080073,16.669199803080073,16.160295883858314,16.181067472397977,1919680.0,30176472.0,0.004136881131855574,16.05,16.05,15.56,15.58,2026-07-23,16.06,1.038579426983182
605337,李子园,2026-07-24,25.308615413882922,25.571942048247024,24.635669570508,24.635669570508,2297900.0,19554500.0,0.005890500826714449,8.65,8.74,8.42,8.42,2026-07-23,8.71,2.925851492934442
605338,巴比食品,2026-07-24,21.25684970186965,21.420814382765617,20.846937999629745,20.964055628841145,1551000.0,27867245.0,0.0064741896349501254,18.15,18.29,17.8,17.9,2026-07-23,18.27,1.1711762921140305
605339,南侨食品,2026-07-24,12.506437226971336,12.613512888161159,12.228040507877795,12.228040507877795,814600.0,9382212.0,0.0019199104794719287,11.68,11.78,11.42,11.42,2026-07-23,11.75,1.0707566118982308
605358,立昂微,2026-07-24,65.56263010059466,66.5592556750892,63.18606142295384,64.01402728484162,36091033.0,1525939903.0,0.046737972422570204,42.76,43.41,41.21,41.75,2026-07-23,42.89,1.5332701146069847
605365,立达信,2026-07-24,13.928596235303418,13.96134371861526,13.524710607790702,13.54654226333193,2995200.0,37592127.0,0.005966380830439097,12.76,12.79,12.39,12.41,2026-07-23,12.89,1.0915827770613964
605366,宏柏新材,2026-07-24,14.652264679932546,14.99488985126522,14.269330664913676,14.289485086756775,24743365.0,178870604.0,0.03201666425776405,7.27,7.44,7.08,7.09,2026-07-23,7.34,2.0154421843098413
605368,蓝天燃气,2026-07-24,13.062071217836792,13.216651942308234,12.83020013112963,12.83020013112963,4200000.0,28195200.0,0.005877118560435071,6.76,6.84,6.64,6.64,2026-07-23,6.8,1.9322590558930166
605369,拱东医疗,2026-07-24,47.05723192915986,47.238686550994665,45.787049576316214,45.90801932420608,1185308.0,18177097.0,0.0053757183863507585,15.56,15.62,15.14,15.18,2026-07-23,15.56,3.0242436972467774
605376,博迁新材,2026-07-24,152.2349263342379,156.48616762814615,146.63053304953684,146.89690155166141,13412376.0,1897188265.0,0.0512705504587156,142.88,146.87,137.62,137.87,2026-07-23,146.41,1.0654740084983056
605377,华旺科技,2026-07-24,28.225126082172306,28.225126082172306,27.289319762870335,27.289319762870335,6489180.0,59538010.0,0.01165713416546256,9.35,9.35,9.04,9.04,2026-07-23,9.43,3.0187300622644178
605378,野马电池,2026-07-24,28.149990847091665,28.598954018496638,27.790820309967692,28.015301895670177,1491028.0,18708351.0,0.005705179026762947,12.54,12.74,12.38,12.48,2026-07-23,12.54,2.2448158570248538
605388,均瑶健康,2026-07-24,7.1570162476781825,7.2464789507741605,6.948269940454236,6.963180390970232,7635820.0,36031090.0,0.012716109005402309,4.8,4.86,4.66,4.67,2026-07-23,4.84,1.4910450515996214
605389,长龄液压,2026-07-24,146.8329553156538,150.16254768267075,144.7648855224756,148.90102510883202,1010610.0,72117148.0,0.005704929857379067,71.0,72.61,70.0,72.0,2026-07-23,71.54,2.0680697931782226
605398,新炬网络,2026-07-24,52.98889884767659,53.30294943351951,51.504296078237374,51.7041464510465,1519700.0,27801293.0,0.009339563781713703,18.56,18.67,18.04,18.11,2026-07-23,18.68,2.855005325844644
605399,晨光新材,2026-07-24,17.60640837006936,17.60640837006936,17.035489270203094,17.238073466929833,3239937.0,30417978.0,0.010416319985078396,9.56,9.56,9.25,9.36,2026-07-23,9.57,1.8416745156976317
605488,福莱新材,2026-07-24,50.30365026752627,51.78509167860977,49.846146302338724,50.2818643644221,3766460.0,87609634.0,0.013647677363669026,23.09,23.77,22.88,23.08,2026-07-23,23.58,2.178590310416902
605499,东鹏饮料,2026-07-24,232.47624340094467,236.14392886913032,230.0555709919422,230.7340928035565,3839317.0,485224193.0,0.0056793210347256115,126.77,128.77,125.45,125.82,2026-07-23,128.17,1.8338427340928034
605500,森林包装,2026-07-24,14.354069696593056,14.515610673885904,13.938678612125734,14.146374154359394,5605218.0,34445572.0,0.013526105212355212,6.22,6.29,6.04,6.13,2026-07-23,6.27,2.3077282470406844
605507,国邦医药,2026-07-24,25.278607025778822,25.53155118613683,24.519774544704788,24.551392564749538,4846600.0,76521476.0,0.006194902581686603,15.99,16.15,15.51,15.53,2026-07-23,16.12,1.580901002237575
605555,德昌股份,2026-07-24,31.42902255706516,31.42902255706516,29.49622170462532,29.55224491773952,11153058.0,119874382.0,0.023040221700607006,11.22,11.22,10.53,10.55,2026-07-23,11.26,2.801160655709907
605566,福莱蒽特,2026-07-24,25.256907577471058,25.652749402803646,23.783496338733084,23.860465582547754,3566800.0,79178807.0,0.026749662516874155,22.97,23.33,21.63,21.7,2026-07-23,22.9,1.0995606259238597
605567,春雪食品,2026-07-24,8.225357307794269,8.267430746708818,8.004471753492888,8.06758191186471,3576600.0,27535224.0,0.017883,7.82,7.86,7.61,7.67,2026-07-23,7.9,1.0518359728637172
605577,龙版传媒,2026-07-24,9.61712903811574,9.732744797043907,9.406918567337252,9.417429090876178,2270027.0,20593049.0,0.005107560743615549,9.15,9.26,8.95,8.96,2026-07-23,9.21,1.0510523538924306
605580,恒盛能源,2026-07-24,27.226951000955317,27.392062893016906,26.26930202699813,26.302324405410445,6616000.0,106931907.0,0.02362857142857143,16.49,16.59,15.91,15.93,2026-07-23,16.88,1.6511189206158472
605588,冠石科技,2026-07-24,40.35850267430709,41.95625848050617,39.98434466905794,40.98547014256243,1821100.0,73793512.0,0.024912598312320917,39.91,41.49,39.54,40.53,2026-07-23,40.54,1.011237852024733
605589,圣泉集团,2026-07-24,42.36056854596056,43.564500494108906,41.47991462092612,41.959257896577775,22735930.0,865010612.0,0.026877195161421355,38.0,39.08,37.21,37.64,2026-07-23,38.72,1.1147518038410673
605598,上海港湾,2026-07-24,37.16618954194319,37.4832334232626,35.91242510218008,36.04212487181075,4436400.0,112308519.0,0.01825552733679422,25.79,26.01,24.92,25.01,2026-07-23,26.16,1.4411085514518491
605599,菜百股份,2026-07-24,16.929326547702935,16.996021202519884,16.240148447927762,16.351306205956018,8796780.0,130091471.0,0.011310145391138704,15.23,15.29,14.61,14.71,2026-07-23,15.37,1.11157758028253
